timestamp_ms,ax,ay,az,acs_adc,rpm
90238,-4.0558,-1.4449,12.2032,1401,2915.88
90243,-3.3543,1.8938,9.5253,1925,2914.18
90248,2.4277,3.2825,10.1646,1407,2914.18
90253,2.3236,2.0746,11.3952,1404,2914.18
90258,-3.8535,-1.2103,12.5229,1403,2914.18
90263,-4.1025,1.5287,9.7432,1421,2914.18
90268,2.1979,3.2166,9.93,1417,2917.01
90273,2.7545,2.6264,11.2408,1407,2917.01
90278,-3.5805,-0.929,12.5037,1405,2917.01
90283,-4.6639,1.2282,10.1478,1415,2917.01
90288,1.8902,3.1328,9.7492,1407,2915.45
90293,2.964,3.0646,11.0193,1415,2915.45
90298,-3.3686,-0.5387,12.6677,1403,2915.45
90303,-4.8949,0.6823,10.4375,1407,2915.45
90308,1.3803,3.0586,9.4751,1419,2915.45
90313,2.9401,3.4225,10.8828,1417,2915.45
90318,-3.073,-0.1425,12.6055,1401,2915.45
90323,-5.0458,0.1293,10.7967,1416,2915.45
90328,0.7314,2.9137,9.3158,1419,2915.45
90333,2.8479,3.5805,10.7224,1415,2915.45
90338,-2.5211,0.1257,12.3708,1403,2915.45
90343,-4.9488,-0.3783,11.1031,1415,2915.45
90348,-0.0204,2.7354,9.1279,1427,2915.74
90353,2.7569,3.6176,10.6494,1415,2915.74
90358,-1.7047,0.4274,12.1937,1414,2915.74
90363,-4.8351,-0.8966,11.406,1405,2915.74
90368,-0.984,2.5929,9.2189,1427,2915.74
90373,2.6228,3.6081,10.5656,1416,2915.74
90378,-0.5782,0.7865,11.9351,1405,2915.74
90383,-4.5777,-1.2151,11.8178,1403,2915.74
90388,-1.9094,2.3284,9.0585,1416,2915.59
90393,2.6097,3.5614,10.5237,1416,2915.59
90398,0.6776,1.2725,11.7627,1404,2915.59
90403,-4.3048,-1.3755,12.0811,1415,2915.59
90408,-2.7928,2.1548,9.3853,1426,2915.59
90413,2.5702,3.3878,10.2939,1404,2915.59
90418,1.7897,1.7538,11.5472,1421,2915.59
90423,-3.9911,-1.2941,12.3996,1401,2915.59
90428,-3.644,1.749,9.4391,1403,2915.59
90433,2.3858,3.2465,10.1299,1422,2915.17
90438,2.5079,2.2362,11.3198,1415,2915.17
90443,-3.723,-1.1552,12.4427,1405,2915.17
90448,-4.2952,1.4509,9.93,1419,2915.17
90453,2.0889,3.1484,9.8509,1406,2915.59
90458,2.8551,2.7581,11.163,1407,2915.59
90463,-3.4728,-0.8068,12.6067,1404,2915.59
90468,-4.7477,0.996,10.1837,1405,2915.59
90473,1.7358,3.0849,9.6893,1414,2915.45
90478,2.9521,3.1723,11.0109,1418,2915.45
90483,-3.3052,-0.4202,12.6593,1405,2915.45
90488,-5.047,0.5483,10.5022,1404,2915.45
90493,1.2091,3.0442,9.3829,1417,2915.03
90498,2.9437,3.4824,10.7464,1415,2915.03
90503,-2.9377,-0.0718,12.4977,1401,2915.03
90508,-5.029,-0.006,10.9343,1417,2915.03
90513,0.4752,2.897,9.2715,1423,2914.6
90518,2.8479,3.632,10.7021,1419,2914.6
90523,-2.3104,0.2454,12.3313,1415,2914.6
90528,-4.9033,-0.5758,11.1474,1405,2914.6
90533,-0.3747,2.6863,9.1626,1427,2914.46
90538,2.7521,3.6045,10.5967,1416,2914.46
90543,-1.3647,0.5387,12.0237,1415,2914.46
90548,-4.7082,-1.0127,11.6023,1406,2914.46
90553,-1.2641,2.4421,9.0297,1429,2913.89
90558,2.6061,3.5865,10.6123,1413,2913.89
90563,-0.103,0.9541,11.8238,1415,2913.89
90568,-4.4772,-1.3288,11.7771,1417,2913.89
90573,-2.247,2.2517,9.2668,1431,2913.75
90578,2.5295,3.3974,10.4172,1406,2913.75
90583,1.1277,1.4521,11.6562,1407,2913.75
90588,-4.2114,-1.3479,12.2583,1405,2913.75
90593,-3.1663,2.0016,9.4248,1415,2913.33
90598,2.4265,3.377,10.2687,1405,2913.33
90603,2.1021,1.9956,11.4766,1413,2913.33
90608,-3.869,-1.2366,12.293,1399,2913.33
90613,-3.9421,1.6783,9.7504,1420,2913.33
90618,2.2889,3.2286,10.0006,1415,2914.04
90623,2.7342,2.5043,11.3006,1405,2914.04
90628,-3.6272,-0.9673,12.5755,1400,2914.04
90633,-4.5023,1.2378,10.0173,1407,2914.04
90638,1.9201,3.1687,9.7384,1407,2914.32
90643,2.9521,2.9125,11.0397,1406,2914.32
90648,-3.3435,-0.6153,12.6222,1405,2914.32
90653,-4.9045,0.7661,10.3968,1405,2914.32
90658,1.4569,3.0251,9.5457,1419,2914.32
90663,2.9102,3.2537,10.8601,1417,2914.32
90668,-3.1747,-0.2358,12.5983,1405,2914.32
90673,-5.0566,0.1891,10.7248,1407,2914.32
90678,0.8452,2.9916,9.3254,1417,2914.32
90683,2.8742,3.5805,10.8062,1416,2914.32
90688,-2.7821,0.1341,12.451,1403,2914.32
90693,-5.0422,-0.2478,11.0516,1415,2914.32
90698,0.1089,2.8084,9.1997,1431,2914.32
90703,2.8407,3.6835,10.6566,1413,2914.32
90708,-1.9609,0.4046,12.1458,1415,2914.32
90713,-4.8518,-0.7159,11.4598,1407,2914.32
90718,-0.7661,2.563,9.0429,1419,2914.32
90723,2.7342,3.6607,10.6542,1415,2914.32
90728,-0.8368,0.7302,11.9794,1405,2914.32
90733,-4.6005,-1.1947,11.6227,1405,2914.32
90738,-1.7502,2.3439,9.1925,1419,2914.18
90743,2.575,3.4704,10.4591,1415,2914.18
90748,0.504,1.1289,11.7424,1407,2914.18
90753,-4.3682,-1.3755,12.0309,1417,2914.18
90758,-2.7031,2.0686,9.2572,1419,2914.32
90763,2.4612,3.3279,10.4124,1401,2914.32
90768,1.5874,1.6891,11.6238,1419,2914.32
90773,-4.063,-1.385,12.1602,1402,2914.32
90778,-3.5398,1.8842,9.6175,1405,2914.32
90783,2.3619,3.2346,10.1347,1419,2914.32
90788,2.3475,2.2601,11.3353,1414,2914.32
90793,-3.8451,-1.1193,12.5552,1401,2914.32
90798,-4.2509,1.5083,9.8126,1419,2914.32
90803,2.1081,3.2621,9.973,1408,2914.46
90808,2.8323,2.7545,11.1462,1413,2914.46
90813,-3.4788,-0.7614,12.5803,1413,2914.46
90818,-4.6771,1.0822,10.1526,1403,2914.46
90823,1.7681,3.0993,9.6738,1408,2914.18
90828,2.9497,3.146,10.8852,1417,2914.18
90833,-3.2741,-0.4345,12.6534,1417,2914.18
90838,-4.8961,0.4537,10.5213,1415,2914.18
90843,1.2127,2.982,9.5002,1423,2914.04
90848,2.9018,3.4069,10.8804,1417,2914.04
90853,-2.9676,-0.1018,12.4618,1399,2914.04
90858,-5.0925,-0.0694,10.8793,1418,2914.04
90863,0.5148,2.8898,9.2751,1423,2913.89
90868,2.8647,3.5745,10.6937,1407,2913.89
90873,-2.4325,0.164,12.2463,1416,2913.89
90878,-4.9333,-0.5243,11.3054,1405,2913.89
90883,-0.3148,2.7066,9.0872,1429,2914.04
90888,2.733,3.7218,10.6578,1419,2914.04
90893,-1.5239,0.6057,12.0764,1404,2914.04
90898,-4.8052,-0.9146,11.5317,1405,2914.04
90903,-1.2019,2.5235,9.1913,1429,2914.04
90908,2.6671,3.6595,10.4794,1413,2914.04
90913,-0.2598,0.9685,11.8764,1405,2914.04
90918,-4.4879,-1.2246,11.9219,1417,2914.04
90923,-2.1428,2.1691,9.1375,1429,2914.04
90928,2.5893,3.4752,10.4339,1415,2914.04
90933,1.0415,1.4341,11.6861,1407,2914.04
90938,-4.1899,-1.4617,12.0333,1405,2914.04
90943,-3.0885,1.9668,9.4379,1420,2914.18
90948,2.4397,3.237,10.2101,1407,2914.18
90953,1.9824,1.9142,11.4934,1407,2914.18
90958,-3.9373,-1.2869,12.4319,1403,2914.18
90963,-3.8834,1.6652,9.6666,1417,2914.18
90968,2.2877,3.2034,10.07,1413,2914.6
90973,2.5702,2.5019,11.2695,1407,2914.6
90978,-3.6679,-0.9828,12.5073,1401,2914.6
90983,-4.4712,1.3336,10.0233,1415,2914.6
90988,2.0279,3.1723,9.8366,1415,2914.89
90993,2.8946,2.9257,11.0744,1405,2914.89
90998,-3.4465,-0.5543,12.6474,1402,2914.89
91003,-4.8052,0.8811,10.313,1403,2914.89
91008,1.5682,3.1244,9.5385,1419,2914.74
91013,2.982,3.3004,10.9176,1417,2914.74
91018,-3.1256,-0.2251,12.5839,1407,2914.74
91023,-4.9799,0.2322,10.7212,1418,2914.74
91028,0.9589,2.909,9.3529,1418,2914.89
91033,2.9353,3.4931,10.7093,1413,2914.89
91038,-2.733,0.0024,12.3361,1402,2914.89
91043,-4.9775,-0.3196,11.0576,1415,2914.89
91048,0.2179,2.7473,9.1375,1432,2914.6
91053,2.7916,3.6033,10.6805,1415,2914.6
91058,-2.065,0.3328,12.2559,1417,2914.6
91063,-4.9644,-0.7733,11.3665,1383,2914.6
91068,-0.6704,2.6013,9.2081,1419,2914.18
91073,2.7114,3.6811,10.5596,1419,2914.18
91078,-1.0032,0.735,12.0081,1406,2914.18
91083,-4.7082,-1.081,11.7292,1407,2914.18
91088,-1.646,2.4134,9.1207,1419,2914.89
91093,2.6288,3.632,10.5034,1415,2914.89
91098,0.2394,1.1552,11.789,1407,2914.89
91103,-4.3515,-1.3336,11.9542,1415,2914.89
91108,-2.5594,2.2075,9.3721,1431,2914.18
91113,2.5438,3.4345,10.2424,1400,2914.18
91118,1.5766,1.6328,11.6083,1422,2914.18
91123,-4.0199,-1.3623,12.3816,1403,2914.18
91128,-3.4105,1.8088,9.4176,1403,2914.18
91133,2.4026,3.2848,10.2376,1417,2915.17
91138,2.2853,2.144,11.3054,1417,2915.17
91143,-3.7792,-1.2414,12.4307,1401,2915.17
91148,-4.1743,1.5024,9.827,1423,2915.17
91153,2.144,3.1663,9.9443,1407,2914.89
91158,2.7342,2.6085,11.2575,1407,2914.89
91163,-3.5913,-0.8679,12.6857,1403,2914.89
91168,-4.7106,1.1325,10.1885,1404,2914.89
91173,1.834,3.1987,9.736,1415,2914.74
91178,2.8683,3.1184,10.9942,1417,2914.74
91183,-3.395,-0.4274,12.6462,1403,2914.74
91188,-4.944,0.6608,10.5333,1405,2914.74
91193,1.3599,3.0646,9.5014,1417,2914.6
91198,2.964,3.4369,10.8122,1407,2914.6
91203,-3.0574,-0.1425,12.4558,1401,2914.6
91208,-4.9237,0.0551,10.8517,1423,2914.6
91213,0.7015,2.8934,9.1985,1419,2914.89
91218,2.8754,3.6069,10.6949,1415,2914.89
91223,-2.4481,0.1496,12.311,1415,2914.89
91228,-4.9608,-0.5471,11.0756,1407,2914.89
91233,-0.1472,2.6791,9.1925,1430,2914.89
91238,2.7473,3.6045,10.6075,1417,2914.89
91243,-1.6328,0.3962,12.1123,1404,2914.89
91248,-4.8375,-0.9038,11.4634,1404,2914.89
91253,-1.0558,2.4936,9.0441,1433,2914.74
91258,2.6013,3.614,10.6087,1415,2914.74
91263,-0.4525,0.9086,12.0165,1406,2914.74
91268,-4.6112,-1.2426,11.7507,1407,2914.74
91273,-2.0339,2.3547,9.3146,1428,2914.74
91278,2.5618,3.5303,10.3549,1405,2914.74
91283,0.7865,1.3384,11.7268,1413,2914.74
91288,-4.3108,-1.3228,12.1805,1415,2914.74
91293,-2.9568,2.0638,9.317,1427,2914.89
91298,2.5151,3.4249,10.2604,1405,2914.89
91303,1.8675,1.8352,11.4946,1407,2914.89
91308,-3.9265,-1.3132,12.3373,1405,2914.89
91313,-3.711,1.7585,9.6582,1415,2914.89
91318,2.3463,3.2382,10.0377,1407,2914.6
91323,2.5917,2.3032,11.2982,1413,2914.6
91328,-3.6524,-1.1025,12.6019,1404,2914.6
91333,-4.367,1.2953,9.9048,1414,2914.6
91338,2.0458,3.1448,9.8078,1416,2914.74
91343,2.8431,2.8096,11.157,1415,2914.74
91348,-3.4357,-0.7865,12.6522,1404,2914.74
91353,-4.8698,0.9038,10.331,1405,2914.74
91358,1.6245,3.0502,9.6247,1415,2914.89
91363,2.9377,3.2214,10.9619,1415,2914.89
91368,-3.3291,-0.3376,12.5935,1407,2914.89
91373,-5.0015,0.4693,10.7308,1403,2914.89
91378,1.0906,3.0347,9.3529,1419,2915.45
91383,2.9078,3.5949,10.8433,1415,2915.45
91388,-2.8982,0.0335,12.4714,1403,2915.45
91393,-5.0374,-0.0862,10.9104,1421,2915.45
91398,0.4298,2.8383,9.2249,1427,2915.59
91403,2.8874,3.6595,10.659,1407,2915.59
91408,-2.2146,0.2442,12.1937,1416,2915.59
91413,-4.8626,-0.6189,11.333,1407,2915.59
91418,-0.4489,2.636,9.0609,1427,2915.74
91423,2.7222,3.614,10.5884,1416,2915.74
91428,-1.2031,0.5794,12.062,1405,2915.74
91433,-4.7405,-1.1516,11.4419,1404,2915.74
91438,-1.4317,2.4481,9.1722,1421,2915.74
91443,2.5977,3.4943,10.5129,1419,2915.74
91448,0.0144,0.984,11.8585,1403,2915.74
91453,-4.4843,-1.3144,12.0213,1426,2915.74
91458,-2.375,2.2146,9.1734,1416,2915.59
91463,2.5067,3.4872,10.4447,1406,2915.59
91468,1.1779,1.5263,11.6011,1420,2915.59
91473,-4.1575,-1.33,12.1637,1401,2915.59
91478,-3.2525,2.0446,9.5014,1404,2915.59
91483,2.4385,3.3758,10.2113,1420,2915.31
91488,2.1272,2.059,11.4491,1415,2915.31
91493,-3.8559,-1.1648,12.5169,1403,2915.31
91498,-3.9636,1.6245,9.7061,1417,2915.31
91503,2.2805,3.2453,9.9934,1421,2915.31
91508,2.7689,2.5355,11.2276,1406,2915.31
91513,-3.5614,-0.9553,12.5145,1407,2915.31
91518,-4.4724,1.1803,10.1095,1402,2915.31
91523,1.9417,3.0921,9.7276,1414,2915.31
91528,2.9628,2.9221,11.0744,1413,2915.31
91533,-3.3794,-0.6345,12.6079,1403,2915.31
91538,-4.883,0.6812,10.337,1407,2915.31
91543,1.4317,3.0251,9.4774,1421,2915.31
91548,2.9185,3.3339,10.8733,1407,2915.31
91553,-3.1627,-0.2203,12.5229,1400,2915.31
91558,-5.0913,0.2909,10.7847,1407,2915.31
91563,0.8715,2.9712,9.4511,1417,2915.31
91568,2.8587,3.5877,10.7033,1419,2915.31
91573,-2.7605,0.0814,12.4127,1403,2915.31
91578,-5.0206,-0.1987,11.054,1401,2915.31
91583,0.1401,2.8563,9.1506,1428,2915.59
91588,2.8503,3.7469,10.635,1415,2915.59
91593,-1.9597,0.4597,12.3158,1414,2915.59
91598,-4.8411,-0.7697,11.3581,1407,2915.59
91603,-0.7159,2.5702,9.1195,1430,2915.88
91608,2.7198,3.5949,10.5201,1423,2915.88
91613,-0.8092,0.668,11.9351,1404,2915.88
91618,-4.6136,-1.1839,11.7448,1403,2915.88
91623,-1.6664,2.296,9.0058,1419,2915.88
91628,2.5798,3.5398,10.568,1415,2915.88
91633,0.3531,1.1803,11.8561,1413,2915.88
91638,-4.3551,-1.4006,11.9207,1418,2915.88
91643,-2.654,2.1057,9.2847,1432,2915.88
91648,2.4936,3.3627,10.3525,1404,2915.88
91653,1.4533,1.6903,11.5496,1417,2915.88
91658,-4.1037,-1.2905,12.3529,1413,2915.88
91663,-3.5195,1.8783,9.5265,1405,2915.88
91668,2.3463,3.3806,10.2125,1421,2915.59
91673,2.3032,2.2553,11.4132,1407,2915.59
91678,-3.784,-1.1301,12.4187,1401,2915.59
91683,-4.142,1.5706,9.8761,1421,2915.59
91688,2.2015,3.1879,9.9599,1419,2915.74
91693,2.8551,2.7078,11.2444,1403,2915.74
91698,-3.4943,-0.7841,12.621,1405,2915.74
91703,-4.6148,1.0798,10.1718,1402,2915.74
91708,1.8399,3.1149,9.7145,1408,2915.59
91713,3.0083,3.0801,10.9738,1415,2915.59
91718,-3.2657,-0.5004,12.5265,1403,2915.59
91723,-4.9309,0.5183,10.4567,1408,2915.59
91728,1.2605,2.9796,9.4667,1427,2915.59
91733,2.8958,3.3555,10.7488,1415,2915.59
91738,-3.0418,-0.158,12.5001,1401,2915.59
91743,-5.053,0.0239,10.884,1420,2915.59
91748,0.6273,2.873,9.2536,1420,2915.59
91753,2.8299,3.6356,10.6805,1416,2915.59
91758,-2.5953,0.2358,12.3493,1415,2915.59
91763,-5.0506,-0.4202,11.1654,1403,2915.59
91768,-0.1377,2.7749,9.2548,1431,2915.74
91773,2.7797,3.729,10.6614,1421,2915.74
91778,-1.6939,0.5088,12.1362,1414,2915.74
91783,-4.7764,-0.8464,11.5688,1407,2915.74
91788,-1.0032,2.5067,8.9651,1433,2915.88
91793,2.7426,3.6835,10.5788,1407,2915.88
91798,-0.5267,0.8607,11.9195,1402,2915.88
91803,-4.5011,-1.2677,11.746,1421,2915.88
91808,-1.9848,2.3248,9.2069,1423,2916.16
91813,2.6061,3.4931,10.4064,1407,2916.16
91818,0.7805,1.2234,11.6897,1413,2916.16
91823,-4.2497,-1.4054,12.1853,1404,2916.16
91828,-2.9161,1.9429,9.2356,1417,2916.16
91833,2.4708,3.3196,10.3106,1407,2916.16
91838,1.7609,1.8316,11.5724,1407,2916.16
91843,-4.0199,-1.3599,12.2823,1403,2916.16
91848,-3.7302,1.7681,9.7013,1421,2916.16
91853,2.296,3.2549,10.0999,1415,2916.87
91858,2.4912,2.3822,11.3365,1407,2916.87
91863,-3.7864,-1.0487,12.5456,1403,2916.87
91868,-4.3455,1.4234,9.9012,1417,2916.87
91873,2.0877,3.2537,9.8641,1407,2916.87
91878,2.8934,2.8407,11.1223,1407,2916.87
91883,-3.4524,-0.7123,12.6007,1405,2916.87
91888,-4.7597,1.0139,10.3011,1403,2916.87
91893,1.7286,3.1232,9.6343,1417,2916.87
91898,3.0203,3.1232,10.8948,1415,2916.87
91903,-3.2429,-0.3879,12.6162,1403,2916.87
91908,-4.9344,0.3723,10.5536,1413,2916.87
91913,1.1564,2.9916,9.4104,1420,2916.87
91918,2.9556,3.4536,10.8062,1416,2916.87
91923,-2.9317,-0.0862,12.5504,1401,2916.87
91928,-5.0673,-0.146,10.9008,1420,2916.87
91933,0.4465,2.7605,9.2213,1431,2917.01
91938,2.8515,3.5602,10.6027,1407,2917.01
91943,-2.4253,0.2095,12.208,1407,2917.01
91948,-4.9763,-0.5638,11.3605,1407,2917.01
91953,-0.3304,2.6516,9.0848,1428,2917.15
91958,2.733,3.7098,10.6949,1419,2917.15
91963,-1.5383,0.577,12.1111,1405,2917.15
91968,-4.8243,-0.9625,11.5424,1407,2917.15
91973,-1.2306,2.5019,9.1111,1429,2917.44
91978,2.6731,3.6595,10.4675,1419,2917.44
91983,-0.2538,0.9194,11.8333,1401,2917.44
91988,-4.5298,-1.2115,11.9686,1420,2917.44
91993,-2.1213,2.2398,9.1147,1416,2917.58
91998,2.6181,3.5171,10.3609,1405,2917.58
92003,1.0259,1.3946,11.6885,1417,2917.58
92008,-4.2018,-1.4042,12.0835,1400,2917.58
92013,-3.0167,1.9716,9.4104,1403,2917.58
92018,2.4457,3.2609,10.2053,1419,2917.72
92023,1.9501,1.8483,11.5317,1407,2917.72
92028,-4.0067,-1.3228,12.4379,1405,2917.72
92033,-3.8463,1.6664,9.6283,1421,2917.72
92038,2.3092,3.2178,10.1179,1415,2917.86
92043,2.569,2.3894,11.3138,1403,2917.86
92048,-3.7206,-1.0822,12.5336,1403,2917.86
92053,-4.4017,1.3683,9.9407,1407,2917.86
92058,2.0614,3.1759,9.8605,1415,2917.72
92063,2.885,2.8455,11.1306,1405,2917.72
92068,-3.4931,-0.6452,12.7264,1404,2917.72
92073,-4.78,0.9541,10.2556,1404,2917.72
92078,1.6891,3.1448,9.5612,1419,2917.72
92083,3.0011,3.2226,10.9571,1415,2917.72
92088,-3.2238,-0.3364,12.6186,1403,2917.72
92093,-4.9728,0.4537,10.635,1407,2917.72
92098,1.1145,3.0023,9.3972,1416,2917.58
92103,2.9437,3.4213,10.7811,1413,2917.58
92108,-2.873,-0.073,12.3804,1401,2917.58
92113,-4.9644,-0.1544,10.9834,1419,2917.58
92118,0.3819,2.7869,9.1111,1435,2917.44
92123,2.8467,3.6164,10.7284,1413,2917.44
92128,-2.314,0.2334,12.2906,1417,2917.44
92133,-4.944,-0.6488,11.2264,1405,2917.44
92138,-0.4537,2.6181,9.1303,1428,2917.44
92143,2.6875,3.6332,10.6063,1419,2917.44
92148,-1.4138,0.5854,12.0141,1404,2917.44
92153,-4.7884,-1.002,11.6454,1405,2917.44
92158,-1.3408,2.4792,9.007,1416,2917.58
92163,2.6468,3.6571,10.568,1417,2917.58
92168,-0.1496,0.9948,11.9423,1405,2917.58
92173,-4.4831,-1.2941,11.8393,1419,2917.58
92178,-2.1979,2.2972,9.2919,1428,2917.58
92183,2.6288,3.5015,10.3956,1416,2917.58
92188,1.0918,1.409,11.6693,1419,2917.58
92193,-4.142,-1.3575,12.232,1401,2917.58
92198,-3.1113,1.9285,9.2476,1413,2917.58
92203,2.4744,3.3411,10.2639,1420,2917.86
92208,2.0518,1.9369,11.5089,1415,2917.86
92213,-3.8942,-1.3539,12.402,1403,2917.86
92218,-3.8678,1.6759,9.6618,1423,2917.86
92223,2.3379,3.2226,10.0389,1407,2918.0
92228,2.6564,2.4062,11.2635,1407,2918.0
92233,-3.6691,-1.0379,12.6426,1406,2918.0
92238,-4.5071,1.2989,9.8749,1401,2918.0
92243,2.0231,3.158,9.8485,1417,2918.43
92248,2.9161,2.8754,11.1318,1415,2918.43
92253,-3.4656,-0.6656,12.615,1401,2918.43
92258,-4.8279,0.917,10.3262,1407,2918.43
92263,1.6233,3.0646,9.5792,1427,2918.43
92268,2.9808,3.2489,10.9906,1403,2918.43
92273,-3.2729,-0.3136,12.5947,1401,2918.43
92278,-5.0147,0.4393,10.6446,1415,2918.43
92283,1.1001,3.0179,9.2739,1416,2918.43
92288,2.9892,3.5279,10.7811,1420,2918.43
92293,-2.8527,-0.0371,12.475,1401,2918.43
92298,-5.0099,-0.1041,10.8828,1416,2918.43
92303,0.3567,2.8204,9.1818,1435,2918.71
92308,2.8671,3.626,10.6458,1407,2918.71
92313,-2.247,0.2454,12.287,1414,2918.71
92318,-4.8746,-0.6345,11.2923,1415,2918.71
92323,-0.4393,2.63,9.0429,1428,2918.71
92328,2.6995,3.6152,10.6063,1414,2918.71
92333,-1.3156,0.5614,12.153,1405,2918.71
92338,-4.7848,-1.0822,11.5233,1415,2918.71
92343,-1.3324,2.4696,9.2165,1418,2917.86
92348,2.6085,3.5757,10.4806,1417,2917.86
92353,-0.1293,0.9649,11.9387,1405,2917.86
92358,-4.5657,-1.3084,11.9531,1419,2917.86
92363,-2.2446,2.2266,9.1183,1433,2918.71
92368,2.6097,3.5051,10.4471,1407,2918.71
92373,1.057,1.476,11.637,1417,2918.71
92378,-4.1659,-1.3922,12.0776,1403,2918.71
92383,-3.067,2.0291,9.4224,1407,2918.71
92388,2.5283,3.371,10.2424,1419,2918.86
92393,2.0638,1.913,11.4718,1417,2918.86
92398,-3.9205,-1.2378,12.4977,1405,2918.86
92403,-3.8295,1.6664,9.5397,1419,2918.86
92408,2.3451,3.2717,10.0568,1407,2919.28
92413,2.6791,2.3942,11.3425,1413,2919.28
92418,-3.6464,-1.0942,12.4582,1405,2919.28
92423,-4.4484,1.3036,10.009,1405,2919.28
92428,2.053,3.1077,9.809,1415,2919.14
92433,2.9281,2.8539,11.1043,1405,2919.14
92438,-3.456,-0.7458,12.6426,1399,2919.14
92443,-4.774,0.8835,10.2831,1399,2919.14
92448,1.6448,3.0598,9.5493,1423,2919.42
92453,2.976,3.2609,11.0026,1407,2919.42
92458,-3.3052,-0.3388,12.6091,1403,2919.42
92463,-5.0781,0.4549,10.6279,1406,2919.42
92468,1.1169,2.9892,9.3601,1417,2919.28
92473,2.9772,3.5159,10.7919,1413,2919.28
92478,-2.9497,-0.0204,12.487,1403,2919.28
92483,-5.0111,-0.0383,10.9499,1414,2919.28
92488,0.4549,2.8503,9.1518,1431,2919.14
92493,2.8874,3.6356,10.6805,1415,2919.14
92498,-2.3044,0.261,12.378,1408,2919.14
92503,-4.9763,-0.6069,11.1905,1408,2919.14
92508,-0.3807,2.6336,9.1327,1429,2919.14
92513,2.7545,3.5985,10.6063,1417,2919.14
92518,-1.3611,0.5112,12.068,1404,2919.14
92523,-4.7824,-1.0367,11.5748,1406,2919.14
92528,-1.2737,2.3906,9.068,1417,2918.71
92533,2.63,3.5769,10.6051,1415,2918.71
92538,-0.1796,0.9409,11.892,1407,2918.71
92543,-4.5669,-1.312,11.825,1417,2918.71
92548,-2.1847,2.2517,9.3003,1433,2918.86
92553,2.5977,3.4752,10.4387,1405,2918.86
92558,1.0092,1.385,11.6693,1421,2918.86
92563,-4.2868,-1.3312,12.2595,1405,2918.86
92568,-3.0562,2.0004,9.3099,1405,2918.86
92573,2.4768,3.3902,10.2975,1420,2918.43
92578,1.9309,1.9273,11.5125,1416,2918.43
92583,-3.966,-1.2737,12.3158,1400,2918.43
92588,-3.802,1.7633,9.7073,1419,2918.43
92593,2.3391,3.2382,10.0628,1417,2918.57
92598,2.6624,2.4349,11.2516,1403,2918.57
92603,-3.7038,-0.9816,12.6234,1405,2918.57
92608,-4.391,1.3084,9.9395,1404,2918.57
92613,2.0662,3.1723,9.8114,1405,2918.57
92618,2.9437,2.8335,11.1247,1413,2918.57
92623,-3.45,-0.7434,12.5887,1399,2918.57
92628,-4.8195,0.9194,10.2484,1405,2918.57
92633,1.6783,3.0562,9.6235,1420,2918.71
92638,2.9652,3.2034,10.9499,1415,2918.71
92643,-3.2896,-0.3831,12.6282,1401,2918.71
92648,-5.023,0.3986,10.635,1408,2918.71
92653,1.1145,3.0358,9.3577,1415,2919.28
92658,2.9413,3.5027,10.7787,1419,2919.28
92663,-2.9485,0.0108,12.5528,1401,2919.28
92668,-5.1068,-0.0156,10.9247,1413,2919.28
92673,0.4645,2.8778,9.262,1422,2919.42
92678,2.8599,3.5997,10.6865,1413,2919.42
92683,-2.3942,0.2394,12.3218,1417,2919.42
92688,-4.9763,-0.4932,11.3042,1407,2919.42
92693,-0.328,2.6791,9.0273,1421,2919.57
92698,2.7749,3.6823,10.6374,1417,2919.57
92703,-1.4545,0.571,12.0931,1407,2919.57
92708,-4.7872,-1.0211,11.5101,1403,2919.57
92713,-1.2019,2.4804,9.104,1415,2919.28
92718,2.6767,3.5985,10.5644,1417,2919.28
92723,-0.2562,0.8823,11.8669,1417,2919.28
92728,-4.5753,-1.2617,11.8836,1419,2919.28
92733,-2.0961,2.1967,9.0357,1427,2919.42
92738,2.5929,3.5243,10.4531,1403,2919.42
92743,0.9146,1.3276,11.7088,1419,2919.42
92748,-4.3155,-1.3994,12.0644,1401,2919.42
92753,-3.0335,2.0327,9.5265,1403,2919.42
92758,2.4804,3.3315,10.2927,1419,2918.86
92763,1.8603,1.8735,11.5353,1407,2918.86
92768,-4.0713,-1.2414,12.4307,1401,2918.86
92773,-3.7757,1.7202,9.6319,1419,2918.86
92778,2.3427,3.3016,10.0987,1415,2919.28
92783,2.5127,2.3858,11.376,1406,2919.28
92788,-3.7314,-1.0606,12.5277,1405,2919.28
92793,-4.3467,1.4784,9.9587,1397,2919.28
92798,2.1261,3.1855,9.8474,1415,2919.0
92803,2.9125,2.8216,11.1354,1413,2919.0
92808,-3.4943,-0.6752,12.6881,1399,2919.0
92813,-4.7417,0.9565,10.2328,1408,2919.0
92818,1.6927,3.1089,9.645,1421,2919.14
92823,3.0035,3.1412,11.0181,1407,2919.14
92828,-3.2525,-0.3627,12.6294,1401,2919.14
92833,-5.0123,0.4334,10.5417,1415,2919.14
92838,1.1636,2.9473,9.426,1419,2919.28
92843,2.9137,3.45,10.7978,1413,2919.28
92848,-2.9987,-0.1018,12.5025,1405,2919.28
92853,-5.0721,-0.067,10.9247,1414,2919.28
92858,0.5064,2.8515,9.2285,1429,2919.42
92863,2.8287,3.6751,10.7943,1403,2919.42
92868,-2.5067,0.2622,12.3158,1415,2919.42
92873,-5.0123,-0.4968,11.2049,1405,2919.42
92878,-0.2921,2.7007,9.1279,1426,2919.28
92883,2.7665,3.7122,10.6255,1417,2919.28
92888,-1.5658,0.5507,12.0309,1405,2919.28
92893,-4.8219,-0.8727,11.6286,1405,2919.28
92898,-1.1492,2.4768,9.0405,1416,2919.0
92903,2.7078,3.6404,10.5297,1415,2919.0
92908,-0.3986,0.8966,11.9171,1403,2919.0
92913,-4.5825,-1.2725,11.7519,1417,2919.0
92918,-2.0638,2.2984,9.2201,1430,2919.0
92923,2.6169,3.474,10.4124,1403,2919.0
92928,0.9014,1.3228,11.7268,1419,2919.0
92933,-4.3335,-1.3827,12.1697,1401,2919.0
92938,-2.9521,2.0039,9.2799,1406,2919.0
92943,2.4768,3.3639,10.3298,1420,2918.71
92948,1.8328,1.8375,11.5508,1416,2918.71
92953,-4.0247,-1.3635,12.2559,1402,2918.71
92958,-3.699,1.816,9.5972,1419,2918.71
92963,2.3248,3.2729,10.1131,1405,2919.28
92968,2.4948,2.3152,11.3461,1416,2919.28
92973,-3.8152,-1.0379,12.5839,1414,2919.28
92978,-4.3443,1.4664,9.8294,1403,2919.28
92983,2.1296,3.231,9.9216,1415,2919.0
92988,2.8587,2.8072,11.1091,1407,2919.0
92993,-3.5326,-0.6991,12.6438,1402,2919.0
92998,-4.7393,1.0439,10.2352,1407,2919.0
93003,1.7897,3.1304,9.6355,1423,2919.0
93008,2.9963,3.1184,10.9547,1415,2919.0
93013,-3.2848,-0.3759,12.6055,1399,2919.0
93018,-4.8937,0.4274,10.5536,1416,2919.0
93023,1.2318,3.0227,9.3637,1415,2919.0
93028,2.9748,3.4393,10.8362,1415,2919.0
93033,-2.9784,-0.1101,12.4977,1405,2919.0
93038,-5.1152,-0.0539,10.908,1413,2919.0
93043,0.5734,2.824,9.3099,1423,2919.28
93048,2.8347,3.5745,10.6949,1407,2919.28
93053,-2.4852,0.1448,12.2439,1415,2919.28
93058,-5.0542,-0.5171,11.224,1407,2919.28
93063,-0.2274,2.7066,9.1004,1419,2919.42
93068,2.7689,3.7002,10.6027,1421,2919.42
93073,-1.6712,0.5219,12.1661,1404,2919.42
93078,-4.9021,-0.8906,11.473,1405,2919.42
93083,-1.0798,2.5558,9.1602,1416,2919.57
93088,2.7306,3.6571,10.5082,1417,2919.57
93093,-0.4633,0.8631,11.9351,1413,2919.57
93098,-4.6388,-1.154,11.8537,1417,2919.57
93103,-1.9728,2.3152,9.0932,1430,2920.42
93108,2.6348,3.5386,10.4447,1407,2920.42
93113,0.7446,1.3132,11.7448,1421,2920.42
93118,-4.3359,-1.4317,12.0357,1401,2920.42
93123,-2.8252,2.0566,9.3087,1405,2920.42
93128,2.551,3.3315,10.2113,1423,2920.13
93133,1.8064,1.7346,11.5831,1407,2920.13
93138,-4.1061,-1.3623,12.4151,1399,2920.13
93143,-3.6583,1.7621,9.4643,1420,2920.13
93148,2.3762,3.2848,10.1622,1405,2920.13
93153,2.4672,2.296,11.3844,1407,2920.13
93158,-3.8403,-1.1708,12.5348,1406,2920.13
93163,-4.3323,1.5251,9.8462,1399,2920.13
93168,2.1811,3.2322,9.8785,1416,2919.85
93173,2.8479,2.7557,11.1977,1415,2919.85
93178,-3.6296,-0.7865,12.6988,1403,2919.85
93183,-4.6711,1.0678,10.1981,1414,2919.85
93188,1.8232,3.1364,9.6414,1421,2919.57
93193,3.0203,3.1556,11.0325,1413,2919.57
93198,-3.3734,-0.425,12.6342,1403,2919.57
93203,-4.9273,0.6129,10.4938,1414,2919.57
93208,1.3144,3.0418,9.414,1421,2919.28
93213,3.0406,3.3758,10.8254,1415,2919.28
93218,-3.0394,-0.1903,12.5025,1403,2919.28
93223,-4.9991,0.0503,10.7643,1417,2919.28
93228,0.6704,2.8862,9.2045,1427,2919.57
93233,2.9102,3.5506,10.6889,1407,2919.57
93238,-2.5295,0.1233,12.3469,1418,2919.57
93243,-5.0757,-0.4609,11.0756,1407,2919.57
93248,-0.1149,2.7138,9.2009,1429,2919.85
93253,2.7773,3.6512,10.6051,1419,2919.85
93258,-1.749,0.431,12.1625,1406,2919.85
93263,-4.9177,-0.8487,11.5209,1403,2919.85
93268,-0.9708,2.5426,9.0836,1423,2919.99
93273,2.6815,3.6799,10.6267,1416,2919.99
93278,-0.6752,0.8332,11.9447,1403,2919.99
93283,-4.7118,-1.1947,11.7112,1417,2919.99
93288,-1.7897,2.4026,9.1925,1418,2920.13
93293,2.6468,3.5554,10.4734,1405,2920.13
93298,0.5495,1.227,11.7579,1416,2920.13
93303,-4.3754,-1.3168,12.1602,1402,2920.13
93308,-2.7246,2.0973,9.1219,1405,2920.28
93313,2.5905,3.4812,10.3011,1419,2920.28
93318,1.6556,1.6735,11.5508,1406,2920.28
93323,-4.13,-1.3946,12.226,1407,2920.28
93328,-3.5255,1.8663,9.5696,1419,2920.28
93333,2.4421,3.2765,10.094,1415,2920.56
93338,2.4253,2.1093,11.4503,1415,2920.56
93343,-3.881,-1.1887,12.5947,1401,2920.56
93348,-4.2066,1.47,9.742,1415,2920.56
93353,2.2122,3.213,9.9096,1408,2920.7
93358,2.7988,2.6528,11.2671,1413,2920.7
93363,-3.7038,-0.9421,12.6366,1404,2920.7
93368,-4.6843,1.1911,10.1778,1405,2920.7
93373,1.8938,3.1328,9.6642,1416,2920.42
93378,2.9904,3.0694,11.054,1415,2920.42
93383,-3.4548,-0.492,12.7192,1404,2920.42
93388,-4.9404,0.7494,10.398,1407,2920.42
93393,1.4521,3.0957,9.4691,1419,2920.13
93398,3.0167,3.3782,10.8828,1404,2920.13
93403,-3.1651,-0.158,12.6318,1403,2920.13
93408,-5.0446,0.1999,10.7093,1417,2920.13
93413,0.8272,2.9556,9.2979,1429,2919.71
93418,2.9652,3.5075,10.6793,1406,2919.71
93423,-2.6528,0.0634,12.3912,1413,2919.71
93428,-4.9763,-0.3663,11.0792,1407,2919.71
93433,0.0958,2.7677,9.1387,1427,2919.71
93438,2.7904,3.5961,10.665,1419,2919.71
93443,-1.9453,0.3687,12.2487,1399,2919.71
93448,-4.9368,-0.8499,11.2659,1405,2919.71
93453,-0.7829,2.6121,9.1147,1434,2919.42
93458,2.7102,3.6296,10.5692,1407,2919.42
93463,-0.8966,0.723,12.0261,1415,2919.42
93468,-4.7848,-1.0894,11.8166,1419,2919.42
93473,-1.6843,2.3906,9.0704,1425,2919.42
93478,2.5989,3.6272,10.5417,1407,2919.42
93483,0.2777,1.1552,11.8513,1418,2919.42
93488,-4.4353,-1.2809,11.965,1401,2919.42
93493,-2.5271,2.2601,9.3111,1415,2919.57
93498,2.5845,3.456,10.3298,1404,2919.57
93503,1.5311,1.6137,11.6286,1407,2919.57
93508,-4.1539,-1.336,12.3218,1403,2919.57
93513,-3.3674,1.889,9.396,1417,2919.57
93518,2.4505,3.3184,10.1502,1415,2919.85
93523,2.3906,2.0542,11.4431,1405,2919.85
93528,-3.8164,-1.2713,12.3756,1405,2919.85
93533,-4.0953,1.5921,9.7588,1415,2919.85
93538,2.2422,3.2154,9.9311,1405,2920.13
93543,2.8132,2.5091,11.2348,1407,2920.13
93548,-3.6272,-0.9457,12.5935,1404,2920.13
93553,-4.5837,1.1732,10.0317,1403,2920.13
93558,1.9345,3.1412,9.7707,1415,2920.13
93563,2.9676,2.9748,11.0552,1416,2920.13
93568,-3.4524,-0.5902,12.6677,1402,2920.13
93573,-4.9356,0.7985,10.4064,1419,2920.13
93578,1.5239,3.1161,9.5457,1421,2920.13
93583,2.9772,3.3303,10.8864,1415,2920.13
93588,-3.237,-0.2035,12.6498,1403,2920.13
93593,-5.0254,0.3208,10.7093,1419,2920.13
93598,0.9613,2.9916,9.2296,1427,2920.13
93603,2.9676,3.5111,10.7643,1407,2920.13
93608,-2.7773,0.1006,12.4223,1413,2920.13
93613,-5.0206,-0.267,11.0409,1417,2920.13
93618,0.2705,2.8168,9.1423,1427,2920.13
93623,2.8551,3.632,10.6757,1419,2920.13
93628,-2.0746,0.2705,12.1374,1405,2920.13
93633,-4.883,-0.7542,11.3856,1406,2920.13
93638,-0.5698,2.5738,9.0249,1429,2920.13
93643,2.727,3.6152,10.6075,1405,2920.13
93648,-1.0977,0.6021,12.1111,1402,2920.13
93653,-4.7537,-1.1504,11.631,1419,2920.13
93658,-1.5095,2.3966,9.1734,1423,2919.99
93663,2.6157,3.5374,10.495,1407,2919.99
93668,0.0479,1.0523,11.8537,1420,2919.99
93673,-4.537,-1.2498,12.0081,1405,2919.99
93678,-2.4002,2.2063,9.1638,1431,2919.99
93683,2.5654,3.4764,10.4447,1403,2919.99
93688,1.2139,1.5311,11.7436,1414,2919.99
93693,-4.2318,-1.3671,12.1793,1404,2919.99
93698,-3.207,2.0099,9.4846,1407,2919.99
93703,2.478,3.3758,10.1993,1415,2919.85
93708,2.2098,1.9908,11.4072,1407,2919.85
93713,-3.9097,-1.1935,12.4953,1401,2919.85
93718,-3.9672,1.6376,9.6019,1419,2919.85
93723,2.3056,3.2693,10.0293,1415,2919.85
93728,2.7497,2.399,11.236,1407,2919.85
93733,-3.6356,-1.0343,12.5851,1405,2919.85
93738,-4.5107,1.2605,9.9719,1403,2919.85
93743,2.0303,3.134,9.8162,1407,2919.71
93748,2.9544,2.8599,11.0385,1416,2919.71
93753,-3.4919,-0.6812,12.7,1405,2919.71
93758,-4.8997,0.808,10.2963,1398,2919.71
93763,1.573,3.1077,9.5936,1419,2919.71
93768,2.9963,3.2549,10.9331,1413,2919.71
93773,-3.3064,-0.3208,12.6043,1401,2919.71
93778,-5.0422,0.4094,10.7009,1421,2919.71
93783,1.0906,3.0059,9.3805,1426,2919.57
93788,2.976,3.547,10.8194,1414,2919.57
93793,-2.8946,-0.0108,12.4463,1414,2919.57
93798,-5.023,-0.0898,11.0385,1403,2919.57
93803,0.3663,2.8216,9.1925,1423,2919.42
93808,2.8778,3.6488,10.7236,1420,2919.42
93813,-2.2458,0.3292,12.3158,1403,2919.42
93818,-4.962,-0.6584,11.2192,1404,2919.42
93823,-0.4477,2.6647,9.1686,1447,2919.14
93828,2.7916,3.6416,10.5429,1407,2919.14
93833,-1.2175,0.5914,12.1111,1406,2919.14
93838,-4.7357,-1.0618,11.6155,1418,2919.14
93843,-1.3228,2.4062,9.0525,1427,2919.14
93848,2.6408,3.553,10.5764,1401,2919.14
93853,-0.1101,1.008,11.8812,1415,2919.14
93858,-4.5669,-1.3838,11.8286,1413,2919.14
93863,-2.2733,2.241,9.2991,1431,2919.0
93868,2.545,3.4632,10.3944,1404,2919.0
93873,1.0666,1.4449,11.6765,1415,2919.0
93878,-4.2904,-1.342,12.2487,1404,2919.0
93883,-3.1819,2.0446,9.2895,1407,2919.0
93888,2.4397,3.389,10.2639,1417,2918.71
93893,2.0674,1.9776,11.4551,1417,2918.71
93898,-3.887,-1.2677,12.3948,1402,2918.71
93903,-3.8774,1.7358,9.7324,1417,2918.71
93908,2.3715,3.3028,10.064,1415,2918.86
93913,2.6803,2.4481,11.2492,1405,2918.86
93918,-3.6883,-0.9936,12.5564,1407,2918.86
93923,-4.4185,1.2905,9.9252,1407,2918.86
93928,2.0626,3.1843,9.8318,1416,2918.86
93933,2.9365,2.873,11.0744,1417,2918.86
93938,-3.4572,-0.6788,12.5959,1407,2918.86
93943,-4.8746,0.8619,10.3358,1407,2918.86
93948,1.5969,3.0801,9.5493,1419,2918.71
93953,3.0143,3.219,10.9654,1414,2918.71
93958,-3.2693,-0.3316,12.5672,1399,2918.71
93963,-5.047,0.3962,10.6973,1418,2918.71
93968,1.0965,2.9832,9.3362,1431,2918.86
93973,2.9317,3.5506,10.7751,1405,2918.86
93978,-2.982,-0.0323,12.4822,1407,2918.86
93983,-5.108,-0.1006,10.9858,1404,2918.86
93988,0.3663,2.8683,9.1901,1423,2918.71
93993,2.9233,3.6691,10.6793,1417,2918.71
93998,-2.2769,0.2705,12.2463,1404,2918.71
94003,-4.9524,-0.5531,11.3138,1413,2918.71
94008,-0.4238,2.6516,9.0908,1431,2918.43
94013,2.7761,3.6895,10.6123,1401,2918.43
94018,-1.3276,0.6009,12.1147,1387,2918.43
94023,-4.7597,-1.0463,11.5436,1381,2918.43
94028,-1.2845,2.4433,9.1111,1427,2918.29
94033,2.6827,3.5925,10.4651,1407,2918.29
94038,-0.1413,0.9433,11.8142,1413,2918.29
94043,-4.5095,-1.2917,11.965,1405,2918.29
94048,-2.2338,2.1644,9.1279,1430,2918.15
94053,2.551,3.4465,10.4962,1405,2918.15
94058,1.0355,1.391,11.6418,1417,2918.15
94063,-4.2677,-1.4186,12.1302,1405,2918.15
94068,-3.1149,2.0243,9.4583,1417,2918.15
94073,2.4768,3.3291,10.2639,1414,2917.72
94078,1.9752,1.9692,11.4634,1414,2917.72
94083,-4.0282,-1.2378,12.463,1404,2917.72
94088,-3.8642,1.6759,9.6271,1419,2917.72
94093,2.2625,3.2872,10.0975,1415,2918.43
94098,2.6324,2.4816,11.303,1415,2918.43
94103,-3.6871,-0.9708,12.457,1406,2918.43
94108,-4.4412,1.3671,10.0401,1407,2918.43
94113,2.0339,3.1807,9.7743,1417,2918.0
94118,2.9616,2.8742,11.0397,1416,2918.0
94123,-3.4632,-0.6416,12.6988,1404,2918.0
94128,-4.8135,0.8164,10.3549,1402,2918.0
94133,1.6269,3.0993,9.5553,1421,2918.0
94138,2.9844,3.2573,10.92,1415,2918.0
94143,-3.219,-0.31,12.6378,1403,2918.0
94148,-5.0302,0.322,10.6303,1423,2918.0
94153,1.0391,2.9772,9.3565,1430,2918.29
94158,2.8838,3.468,10.7464,1407,2918.29
94163,-2.9365,-0.0144,12.5025,1419,2918.29
94168,-5.0877,-0.1772,10.9726,1421,2918.29
94173,0.3172,2.8311,9.1877,1430,2918.29
94178,2.8192,3.6775,10.6518,1420,2918.29
94183,-2.2913,0.3531,12.3134,1401,2918.29
94188,-5.0254,-0.6668,11.2839,1407,2918.29
94193,-0.4764,2.6659,9.1674,1429,2918.29
94198,2.7461,3.7146,10.5728,1407,2918.29
94203,-1.3072,0.6153,12.0177,1423,2918.29
94208,-4.7645,-1.0032,11.6837,1421,2918.29
94213,-1.3671,2.3954,8.9759,1413,2918.57
94218,2.7186,3.5973,10.5357,1415,2918.57
94223,-0.1161,1.008,11.8238,1413,2918.57
94228,-4.4879,-1.3324,11.8573,1415,2918.57
94233,-2.2446,2.2374,9.2703,1418,2918.57
94238,2.5821,3.4189,10.3789,1405,2918.57
94243,2.5714,2.3415,11.3425,1415,2918.57
94248,-4.2557,-1.3958,12.2918,1404,2918.57
94253,-4.3718,1.4018,9.8761,1415,2918.57
94258,2.4038,3.3339,10.2256,1417,2918.57
94263,2.9042,2.8048,11.2025,1405,2918.57
94268,-3.9887,-1.3228,12.3589,1400,2918.57
94273,-4.7393,1.0355,10.2723,1415,2918.57
94278,1.7406,3.1053,9.59,1417,2918.86
94283,3.0706,3.1831,10.9487,1405,2918.86
94288,-3.3184,-0.3879,12.6246,1413,2918.86
94293,-4.938,0.5339,10.5764,1401,2918.86
94298,1.2163,3.0718,9.335,1415,2919.0
94303,2.9676,3.5051,10.8493,1415,2919.0
94308,-2.9724,-0.0622,12.5133,1403,2919.0
94313,-5.0518,-0.0407,10.8374,1403,2919.0
94318,0.5543,2.8814,9.2057,1419,2919.0
94323,2.8718,3.5494,10.6231,1407,2919.0
94328,-2.4014,0.1963,12.2942,1399,2919.0
94333,-5.0075,-0.5794,11.2156,1427,2919.0
94338,-0.2586,2.6911,9.0812,1429,2919.28
94343,2.7174,3.6679,10.6757,1405,2919.28
94348,-1.5538,0.5279,12.1183,1415,2919.28
94353,-4.8363,-1.0032,11.4694,1391,2919.28
94358,-1.1432,2.5534,9.1219,1419,2919.42
94363,2.6851,3.6356,10.5536,1417,2919.42
94368,-0.3519,0.8966,11.9112,1402,2919.42
94373,-4.6519,-1.2234,11.9961,1405,2919.42
94378,-2.0506,2.2996,9.1351,1435,2919.14
94383,2.6264,3.5805,10.483,1405,2919.14
94388,0.8523,1.3096,11.6921,1401,2919.14
94393,-4.3167,-1.3815,12.0165,1419,2919.14
94398,-2.9042,2.0542,9.4068,1417,2918.0
94403,2.5522,3.3938,10.2735,1405,2918.0
94408,1.8878,1.816,11.5544,1407,2918.0
94413,-4.0235,-1.3001,12.4115,1404,2918.0
94418,-3.7146,1.7813,9.5553,1418,2918.57
94423,2.3774,3.2884,10.1203,1405,2918.57
94428,2.5402,2.3008,11.3401,1407,2918.57
94433,-3.723,-1.1911,12.4798,1403,2918.57
94438,-4.3443,1.4114,9.9204,1419,2918.57
94443,2.1129,3.1556,9.8067,1415,2917.58
94448,2.8766,2.7186,11.1366,1405,2917.58
94453,-3.5494,-0.7602,12.6354,1404,2917.58
94458,-4.7202,0.996,10.2005,1413,2917.58
94463,1.7178,3.1532,9.6462,1415,2917.29
94468,2.9592,3.1855,10.9367,1407,2917.29
94473,-3.3124,-0.4142,12.6498,1405,2917.29
94478,-4.9847,0.5507,10.568,1403,2917.29
94483,1.2127,3.0203,9.4308,1414,2917.15
94488,2.9521,3.4345,10.7799,1417,2917.15
94493,-3.0119,-0.0922,12.5181,1405,2917.15
94498,-4.9452,-0.0323,10.8757,1407,2917.15
94503,0.504,2.891,9.177,1419,2917.15
94508,2.8264,3.6607,10.7404,1406,2917.15
94513,-2.4169,0.2047,12.3744,1405,2917.15
94518,-4.9069,-0.5722,11.1725,1421,2917.15
94523,-0.2358,2.6755,9.1327,1422,2917.01
94528,2.7366,3.6536,10.5919,1407,2917.01
94533,-1.47,0.486,12.044,1413,2917.01
94538,-4.7812,-0.9649,11.576,1416,2917.01
94543,-1.1887,2.4852,9.0393,1429,2917.01
94548,2.624,3.5961,10.6135,1421,2917.01
94553,-0.3065,0.9206,11.8932,1406,2917.01
94558,-4.5322,-1.2701,11.722,1415,2917.01
94563,-2.1213,2.3008,9.3266,1417,2916.73
94568,2.6109,3.4477,10.4112,1407,2916.73
94573,0.9864,1.3982,11.7017,1415,2916.73
94578,-4.2629,-1.3048,12.1613,1414,2916.73
94583,-3.0107,1.9944,9.3111,1417,2916.44
94588,2.5319,3.4213,10.2939,1403,2916.44
94593,1.9884,1.9094,11.4898,1397,2916.44
94598,-3.9456,-1.3036,12.202,1403,2916.44
94603,-3.7697,1.7633,9.6582,1403,2916.44
94608,2.3427,3.2573,10.0293,1419,2916.87
94613,2.6959,2.3667,11.3114,1405,2916.87
94618,-3.6823,-1.0319,12.5911,1403,2916.87
94623,-4.3993,1.3144,9.8845,1423,2916.87
94628,2.0626,3.201,9.8617,1414,2916.73
94633,2.9485,2.8024,11.0959,1407,2916.73
94638,-3.4824,-0.7602,12.5959,1401,2916.73
94643,-4.8566,0.905,10.246,1405,2916.73
94648,1.652,3.0885,9.6319,1419,2916.87
94653,2.9676,3.1879,10.9032,1414,2916.87
94658,-3.3064,-0.3519,12.5815,1401,2916.87
94663,-5.0123,0.4405,10.6518,1407,2916.87
94668,1.0666,2.9808,9.347,1419,2916.87
94673,2.9078,3.5219,10.7907,1415,2916.87
94678,-2.9808,-0.0096,12.4738,1400,2916.87
94683,-5.0434,-0.0311,10.9619,1407,2916.87
94688,0.3831,2.8766,9.2237,1414,2917.01
94693,2.8683,3.6631,10.7105,1417,2917.01
94698,-2.2613,0.261,12.2092,1403,2917.01
94703,-4.9093,-0.5519,11.3234,1407,2917.01
94708,-0.401,2.6671,8.9962,1433,2916.87
94713,2.7533,3.6643,10.6123,1407,2916.87
94718,-1.2617,0.5842,12.0847,1404,2916.87
94723,-4.7453,-1.0391,11.5185,1407,2916.87
94728,-1.3659,2.4205,9.1351,1429,2916.73
94733,2.6157,3.5231,10.4555,1417,2916.73
94738,-0.012,0.9637,11.8309,1405,2916.73
94743,-4.4796,-1.3671,11.9471,1405,2916.73
94748,-2.2565,2.1608,9.1518,1415,2915.88
94753,2.5295,3.4165,10.4351,1415,2915.88
94758,1.1803,1.4521,11.625,1399,2915.88
94763,-4.2294,-1.3886,12.0799,1419,2915.88
94768,-3.1639,2.0243,9.5529,1419,2914.18
94773,2.4157,3.304,10.2424,1403,2914.18
94778,2.0554,2.0219,11.485,1425,2914.18
94783,-3.9444,-1.1672,12.457,1407,2914.18
94788,-3.9121,1.6508,9.6019,1407,2914.18
94793,2.2494,3.3291,10.0904,1421,2914.32
94798,2.6863,2.4876,11.2372,1427,2914.32
94803,-3.5865,-0.9361,12.5229,1403,2914.32
94808,-4.464,1.2605,10.076,1420,2914.32
94813,1.9609,3.1556,9.73,1415,2913.33
94818,2.9305,2.9066,10.9894,1401,2913.33
94823,-3.3902,-0.5758,12.5588,1415,2913.33
94828,-4.8147,0.6752,10.3765,1404,2913.33
94833,1.476,3.0478,9.5972,1415,2913.19
94838,2.9054,3.3148,10.9247,1419,2913.19
94843,-3.1759,-0.2526,12.5863,1403,2913.19
94848,-5.029,0.2179,10.8146,1405,2913.19
94853,0.8092,2.9137,9.3506,1423,2913.05
94858,2.8108,3.5506,10.7248,1414,2913.05
94863,-2.794,0.0958,12.2858,1399,2913.05
94868,-5.0003,-0.2921,11.0744,1419,2913.05
94873,0.0395,2.7569,9.2237,1413,2912.62
94878,2.7282,3.7194,10.6841,1418,2912.62
94883,-1.9309,0.4238,12.2056,1417,2912.62
94888,-4.865,-0.747,11.3581,1389,2912.62
94893,-0.8392,2.6001,9.2093,1425,2913.61
94898,2.7438,3.6512,10.4722,1419,2913.61
94903,-0.6967,0.7793,11.9183,1405,2913.61
94908,-4.5957,-1.1756,11.734,1407,2913.61
94913,-1.7945,2.3032,9.1135,1433,2913.05
94918,2.5833,3.5422,10.4639,1405,2913.05
94923,0.6416,1.2498,11.7076,1403,2913.05
94928,-4.3132,-1.4473,11.9387,1425,2913.05
94933,-2.7821,2.0423,9.42,1429,2913.33
94938,2.4864,3.2669,10.2951,1405,2913.33
94943,1.7059,1.7059,11.5017,1414,2913.33
94948,-4.033,-1.324,12.4235,1403,2913.33
94953,-3.6021,1.7154,9.6067,1415,2913.47
94958,2.2948,3.2777,10.1742,1404,2913.47
94963,2.4157,2.3116,11.303,1406,2913.47
94968,-3.7649,-1.0439,12.4678,1398,2913.47
94973,-4.2665,1.4509,9.9419,1420,2913.47
94978,2.1009,3.1855,9.9168,1414,2913.75
94983,2.7928,2.7605,11.1773,1405,2913.75
94988,-3.5267,-0.6776,12.6498,1403,2913.75
94993,-4.6819,0.9828,10.258,1406,2913.75
94998,1.7514,3.1376,9.6247,1407,2913.61
95003,2.9568,3.1879,10.8948,1405,2913.61
95008,-3.2286,-0.3663,12.5528,1400,2913.61
95013,-4.9285,0.4501,10.6362,1405,2913.61
95018,1.1265,2.9401,9.4367,1421,2913.61
95023,2.8575,3.4524,10.8182,1407,2913.61
95028,-2.9473,-0.067,12.4558,1399,2913.61
95033,-4.9883,-0.1006,10.9954,1407,2913.61
95038,0.3938,2.8252,9.2799,1414,2913.61
95043,2.7581,3.6356,10.7045,1417,2913.61
95048,-2.3559,0.2957,12.2691,1404,2913.61
95053,-4.9943,-0.6189,11.2695,1413,2913.61
95058,-0.4633,2.6887,9.2524,1419,2913.61
95063,2.6863,3.6643,10.6063,1413,2913.61
95068,-1.3515,0.644,12.0835,1413,2913.61
95073,-4.7465,-0.9397,11.6238,1414,2913.61
95078,-1.3443,2.4648,9.0788,1429,2913.89
95083,2.6959,3.6356,10.5584,1407,2913.89
95088,-0.018,1.057,11.8298,1401,2913.89
95093,-4.4424,-1.3431,11.8214,1413,2913.89
95098,-2.2924,2.2446,9.2979,1429,2914.18
95103,2.5319,3.4584,10.3729,1407,2914.18
95108,1.2773,1.4509,11.5628,1407,2914.18
95113,-4.13,-1.403,12.2667,1417,2914.18
95118,-3.2022,1.8483,9.3721,1419,2914.18
95123,2.4541,3.3052,10.1921,1404,2914.18
95128,2.1201,1.9896,11.4,1420,2914.18
95133,-3.8894,-1.3001,12.3984,1415,2914.18
95138,-3.9373,1.5706,9.7755,1405,2914.18
95143,2.2122,3.1807,10.0293,1418,2914.32
95148,2.6492,2.4804,11.2264,1415,2914.32
95153,-3.6978,-0.8894,12.645,1403,2914.32
95158,-4.5107,1.2198,10.0664,1421,2914.32
95163,1.9297,3.1544,9.7875,1413,2914.74
95168,2.8683,3.0478,11.0385,1405,2914.74
95173,-3.4417,-0.559,12.5851,1407,2914.74
95178,-4.8399,0.8308,10.4411,1403,2914.74
95183,1.494,3.0514,9.493,1407,2914.46
95188,3.0023,3.3639,10.8445,1421,2914.46
95193,-3.1711,-0.1856,12.5672,1405,2914.46
95198,-4.9488,0.2143,10.7356,1404,2914.46
95203,0.8464,2.9185,9.3254,1421,2914.74
95208,2.8934,3.547,10.7607,1415,2914.74
95213,-2.6899,0.0814,12.4319,1401,2914.74
95218,-4.9979,-0.3711,11.0157,1418,2914.74
95223,0.0371,2.7533,9.183,1419,2915.03
95228,2.7402,3.5985,10.6291,1415,2915.03
95233,-1.8794,0.3735,12.1889,1416,2915.03
95238,-4.8662,-0.8152,11.4431,1407,2915.03
95243,-0.8571,2.5343,9.1482,1424,2915.03
95248,2.6121,3.6619,10.5884,1423,2915.03
95253,-0.7805,0.7745,11.9794,1399,2915.03
95258,-4.6795,-1.1696,11.6669,1405,2915.03
95263,-1.7801,2.4026,9.2715,1429,2915.17
95268,2.5953,3.5829,10.4339,1405,2915.17
95273,0.4944,1.227,11.74,1405,2915.17
95278,-4.3072,-1.3012,12.1302,1422,2915.17
95283,-2.6659,2.0973,9.2344,1417,2914.89
95288,2.5582,3.4548,10.3609,1405,2914.89
95293,1.6735,1.6831,11.4622,1415,2914.89
95298,-4.0235,-1.3827,12.159,1403,2914.89
95303,-3.5207,1.8196,9.572,1416,2914.46
95308,2.4062,3.2537,10.1047,1417,2914.46
95313,2.4313,2.162,11.3377,1405,2914.46
95318,-3.7661,-1.1624,12.5097,1407,2914.46
95323,-4.2054,1.3695,9.8126,1419,2914.46
95328,2.1261,3.1436,9.8809,1408,2915.17
95333,2.7617,2.6815,11.1749,1404,2915.17
95338,-3.5757,-0.8763,12.5779,1404,2915.17
95343,-4.7034,1.0786,10.2723,1403,2915.17
95348,1.7478,3.0885,9.6558,1407,2914.74
95353,2.897,3.1651,11.0026,1407,2914.74
95358,-3.3914,-0.4226,12.6091,1405,2914.74
95363,-4.9273,0.6261,10.5321,1405,2914.74
95368,1.2701,3.0562,9.4451,1421,2914.89
95373,2.9485,3.5147,10.8074,1417,2914.89
95378,-3.0323,-0.067,12.5672,1405,2914.89
95383,-4.9787,0.0515,10.8457,1405,2914.89
95388,0.6081,2.8862,9.2943,1419,2914.89
95393,2.8647,3.5877,10.6937,1416,2914.89
95398,-2.393,0.2023,12.3445,1406,2914.89
95403,-4.8734,-0.5243,11.1905,1403,2914.89
95408,-0.2526,2.6815,9.0417,1429,2915.03
95413,2.7485,3.6547,10.6734,1415,2915.03
95418,-1.5443,0.4932,12.1338,1407,2915.03
95423,-4.7621,-1.0367,11.4898,1407,2915.03
95428,-1.1827,2.466,9.1375,1429,2915.31
95433,2.5845,3.5985,10.5381,1417,2915.31
95438,-0.31,0.8775,11.8321,1405,2915.31
95443,-4.5574,-1.2474,11.9327,1407,2915.31
95448,-2.144,2.2661,9.1746,1416,2914.74
95453,2.5498,3.6045,10.5249,1407,2914.74
95458,0.9134,1.4174,11.6586,1403,2914.74
95463,-4.2748,-1.33,12.0919,1417,2914.74
95468,-3.0358,2.0614,9.4631,1428,2915.17
95473,2.4888,3.383,10.2173,1403,2915.17
95478,2.0375,1.9178,11.4706,1417,2915.17
95483,-3.9361,-1.2354,12.4223,1407,2915.17
95488,-3.8343,1.6831,9.6295,1403,2915.17
95493,2.3331,3.3088,10.0952,1420,2914.74
95498,2.6719,2.3798,11.2803,1416,2914.74
95503,-3.6392,-1.0642,12.4834,1403,2914.74
95508,-4.4053,1.2773,10.0293,1421,2914.74
95513,2.065,3.1113,9.8102,1407,2915.45
95518,2.8994,2.8431,11.0875,1414,2915.45
95523,-3.4872,-0.723,12.6402,1407,2915.45
95528,-4.8483,0.808,10.2723,1407,2915.45
95533,1.5838,3.0777,9.5924,1416,2915.31
95538,2.8754,3.2789,10.9427,1419,2915.31
95543,-3.3267,-0.3029,12.639,1413,2915.31
95548,-5.0781,0.4381,10.6374,1405,2915.31
95553,1.0139,3.0059,9.4643,1419,2915.45
95558,2.8826,3.5781,10.7524,1416,2915.45
95563,-2.9006,0.0587,12.4786,1401,2915.45
95568,-5.0194,-0.0886,11.0624,1416,2915.45
95573,0.3124,2.8228,9.2177,1417,2915.74
95578,2.8683,3.6919,10.6602,1415,2915.74
95583,-2.1488,0.3591,12.2727,1413,2915.74
95588,-4.865,-0.6632,11.2863,1405,2915.74
95593,-0.5507,2.6252,9.1147,1423,2915.74
95598,2.7473,3.6488,10.5979,1405,2915.74
95603,-1.1133,0.5878,11.9926,1405,2915.74
95608,-4.6723,-1.0798,11.6669,1407,2915.74
95613,-1.47,2.3403,9.0453,1431,2915.88
95618,2.6228,3.565,10.5297,1407,2915.88
95623,0.097,1.0295,11.7879,1406,2915.88
95628,-4.464,-1.385,11.8453,1407,2915.88
95633,-2.4217,2.1512,9.3697,1425,2916.16
95638,2.5235,3.4417,10.3789,1407,2916.16
95643,1.2941,1.5431,11.6729,1407,2916.16
95648,-4.2042,-1.3012,12.2751,1415,2916.16
95653,-3.3495,1.919,9.4116,1432,2915.88
95658,2.4205,3.3567,10.2244,1401,2915.88
95663,2.2015,2.1117,11.4682,1413,2915.88
95668,-3.8918,-1.1696,12.3649,1406,2915.88
95673,-4.0223,1.64,9.8593,1414,2915.88
95678,2.2326,3.1963,9.9311,1403,2916.16
95683,2.8156,2.5331,11.1941,1406,2916.16
95688,-3.5949,-0.8847,12.6174,1403,2916.16
95693,-4.5226,1.1588,10.0317,1413,2916.16
95698,1.8926,3.0945,9.8078,1415,2916.16
95703,2.9808,2.9485,10.9702,1413,2916.16
95708,-3.3794,-0.5974,12.6426,1406,2916.16
95713,-4.9201,0.6596,10.4172,1401,2916.16
95718,1.4174,2.9987,9.5768,1407,2915.88
95723,2.8958,3.3232,10.8254,1415,2915.88
95728,-3.2334,-0.2227,12.5061,1401,2915.88
95733,-5.0386,0.2095,10.7536,1413,2915.88
95738,0.8045,2.9556,9.3194,1419,2915.45
95743,2.8383,3.5925,10.7919,1419,2915.45
95748,-2.7737,0.152,12.4163,1401,2915.45
95753,-5.0398,-0.2765,11.139,1417,2915.45
95758,0.0347,2.7845,9.183,1422,2915.17
95763,2.8455,3.7326,10.6638,1405,2915.17
95768,-1.8806,0.4142,12.0955,1414,2915.17
95773,-4.7836,-0.7171,11.4443,1405,2915.17
95778,-0.8212,2.5379,9.1183,1427,2915.17
95783,2.7701,3.6775,10.6542,1417,2915.17
95788,-0.7362,0.7745,11.9566,1405,2915.17
95793,-4.5298,-1.1744,11.6143,1403,2915.17
95798,-1.743,2.3667,9.2201,1416,2915.17
95803,2.6181,3.4812,10.3765,1418,2915.17
95808,0.5638,1.1456,11.7232,1405,2915.17
95813,-4.3539,-1.3707,12.0823,1419,2915.17
95818,-2.715,2.0291,9.2739,1413,2915.03
95823,2.4529,3.3339,10.3441,1403,2915.03
95828,1.6221,1.7071,11.6274,1415,2915.03
95833,-4.0917,-1.3767,12.2487,1402,2915.03
95838,-3.5578,1.8675,9.6391,1413,2915.03
95843,2.3391,3.2465,10.1574,1421,2915.31
95848,2.3834,2.2494,11.4084,1405,2915.31
95853,-3.8235,-1.0582,12.5636,1399,2915.31
95858,-4.1958,1.4928,9.7863,1419,2915.31
95863,2.1272,3.2884,9.9395,1414,2915.31
95868,2.8467,2.739,11.1498,1402,2915.31
95873,-3.5111,-0.7697,12.5887,1414,2915.31
95878,-4.6328,1.0654,10.1909,1407,2915.31
95883,1.816,3.0957,9.6845,1373,2915.45
95888,2.9892,3.0646,10.9247,1397,2915.45
95893,-3.3136,-0.3687,12.5384,1400,2915.45
95898,-4.8782,0.4908,10.483,1405,2915.45
95903,1.2378,3.0107,9.5026,1422,2915.59
95908,2.8934,3.4225,10.8098,1415,2915.59
95913,-3.0311,-0.1484,12.5444,1399,2915.59
95918,-5.0518,-0.0239,10.8637,1413,2915.59
95923,0.5411,2.8527,9.238,1407,2915.45
95928,2.8036,3.6619,10.6686,1419,2915.45
95933,-2.4983,0.2274,12.3373,1405,2915.45
95938,-5.0206,-0.3424,11.163,1415,2915.45
95943,-0.1448,2.636,9.1913,1431,2902.48
95948,2.7509,3.7493,10.7093,1431,2902.48
95953,-2.1141,0.6955,11.8752,1417,2902.48
95958,-4.1264,-0.9421,11.5041,1430,2902.48
95963,-1.3001,2.2494,9.3984,1435,2856.46
95968,2.3894,3.5638,10.5034,1420,2856.46
95973,-0.1305,1.47,11.576,1428,2856.46
95978,-3.3794,-1.2582,11.8022,1423,2856.46
95983,-2.6264,1.561,9.7276,1427,2856.46
95988,1.9118,3.1184,10.4076,1431,2826.46
95993,1.5634,2.5163,11.2372,1427,2826.46
95998,-3.1328,-1.0139,11.8465,1431,2826.46
96003,-3.6296,0.8823,10.6386,1423,2826.46
96008,1.3695,2.9233,10.1323,1439,2809.12
96013,2.1608,3.4393,10.7967,1432,2809.12
96018,-3.3758,-0.0275,11.8046,1421,2809.12
96023,-3.8678,-0.0024,10.9942,1433,2809.12
96028,0.2167,2.7102,9.9335,1445,2799.55
96033,2.1907,3.7421,10.5908,1437,2799.55
96038,-2.2553,0.7602,11.4215,1431,2799.55
96043,-3.5171,-0.8811,11.4251,1439,2799.55
96048,-1.5431,2.1296,9.9419,1453,2794.47
96053,1.8783,3.3375,10.5788,1430,2794.47
96058,0.5986,1.9561,11.1366,1429,2794.47
96063,-3.0861,-1.1708,11.8298,1423,2794.47
96068,-3.0921,1.318,10.4447,1439,2794.47
96073,1.5299,3.0011,10.4196,1436,2791.35
96078,2.0195,3.0143,10.7296,1437,2791.35
96083,-3.1735,-0.4106,11.8477,1429,2791.35
96088,-3.7086,0.2957,11.0672,1435,2791.35
96093,0.7841,2.7485,10.0185,1447,2789.53
96098,2.15,3.6308,10.4507,1430,2789.53
96103,-3.0861,0.4226,11.6753,1429,2789.53
96108,-3.638,-0.6776,11.3737,1430,2789.53
96113,-0.844,2.381,9.894,1447,2788.49
96118,1.9094,3.5793,10.477,1427,2788.49
96123,-0.4034,1.5838,11.248,1443,2788.49
96128,-3.1532,-1.0918,11.7531,1435,2788.49
96133,-2.5295,1.5586,10.1945,1445,2788.49
96138,1.6412,3.0502,10.477,1431,2788.1
96143,1.8112,2.6468,10.8338,1432,2788.1
96148,-3.0143,-0.7278,11.9195,1425,2788.1
96153,-3.5793,0.5387,10.7847,1425,2788.1
96158,1.0259,2.8192,10.1813,1440,2787.97
96163,2.0411,3.5386,10.5477,1431,2787.97
96168,-3.3794,0.2346,11.6993,1435,2787.97
96173,-3.7457,-0.3328,11.394,1431,2787.97
96178,-0.3184,2.5067,9.8797,1453,2787.97
96183,2.0387,3.7254,10.4842,1437,2787.97
96188,-1.385,1.1899,11.3198,1432,2787.97
96193,-3.1568,-1.0846,11.6286,1429,2787.97
96198,-2.0901,1.7442,10.0018,1431,2787.97
96203,1.7059,3.1939,10.4639,1437,2787.46
96208,1.3455,2.3643,10.9846,1430,2787.46
96213,-2.9521,-0.978,11.8573,1431,2787.46
96218,-3.3914,0.8224,10.6087,1426,2787.46
96223,1.2151,2.8491,10.2807,1448,2787.97
96228,2.0973,3.3698,10.5644,1433,2787.97
96233,-3.389,-0.0431,11.8309,1423,2787.97
96238,-3.6859,-0.0323,11.1737,1431,2787.97
96243,0.2071,2.7066,9.9323,1447,2787.97
96248,2.1356,3.7781,10.4471,1433,2787.97
96253,-2.2015,0.8691,11.4335,1427,2787.97
96258,-3.3435,-0.905,11.5748,1443,2787.97
96263,-1.5874,1.992,9.9551,1449,2788.36
96268,1.7765,3.298,10.4675,1433,2788.36
96273,0.7422,1.998,11.1055,1437,2788.36
96278,-3.0071,-1.1157,11.8645,1431,2788.36
96283,-3.1173,1.1684,10.4196,1433,2788.36
96288,1.4389,2.9892,10.3394,1435,2788.62
96293,2.0207,3.1077,10.6734,1439,2788.62
96298,-3.2621,-0.3472,11.8094,1423,2788.62
96303,-3.6607,0.1987,11.1007,1437,2788.62
96308,0.6189,2.7186,9.9395,1451,2789.27
96313,2.1656,3.6703,10.4459,1437,2789.27
96318,-2.9054,0.5375,11.6071,1427,2789.27
96323,-3.5303,-0.7266,11.4479,1432,2789.27
96328,-1.0127,2.2529,9.8869,1437,2789.79
96333,1.8806,3.5434,10.489,1427,2789.79
96338,-0.1089,1.6604,11.2743,1435,2789.79
96343,-3.0873,-1.1217,11.7519,1428,2789.79
96348,-2.6803,1.4736,10.2568,1444,2789.79
96353,1.5862,3.0335,10.3681,1433,2790.05
96358,1.8735,2.7892,10.9128,1431,2790.05
96363,-3.0873,-0.6309,11.9459,1429,2790.05
96368,-3.6081,0.4477,10.8074,1435,2790.05
96373,0.9505,2.7797,10.1107,1436,2790.05
96378,2.1081,3.5793,10.5117,1437,2790.05
96383,-3.3375,0.249,11.6825,1437,2790.05
96388,-3.7134,-0.3974,11.4168,1435,2790.05
96393,-0.4429,2.4876,9.8198,1453,2790.18
96398,2.0363,3.7338,10.4591,1437,2790.18
96403,-1.1588,1.2809,11.3425,1434,2790.18
96408,-3.1867,-1.0942,11.6861,1429,2790.18
96413,-2.223,1.7466,10.0688,1427,2790.18
96418,1.7011,3.1292,10.4411,1435,2790.57
96423,1.4892,2.3834,10.9858,1431,2790.57
96428,-2.9892,-1.0151,11.8417,1434,2790.57
96433,-3.4548,0.8236,10.7141,1429,2790.57
96438,1.2522,2.8287,10.1526,1447,2791.09
96443,2.1488,3.4237,10.5441,1435,2791.09
96448,-3.4213,-0.0287,11.8477,1427,2791.09
96453,-3.7469,-0.0575,11.1438,1422,2791.09
96458,0.1137,2.6755,9.924,1447,2791.22
96463,2.1308,3.7972,10.4722,1435,2791.22
96468,-2.1632,0.9086,11.4754,1427,2791.22
96473,-3.4201,-0.9146,11.5245,1435,2791.22
96478,-1.6077,1.9632,9.93,1449,2791.74
96483,1.7813,3.2705,10.489,1431,2791.74
96488,0.7566,1.998,11.1486,1438,2791.74
96493,-3.0801,-1.1265,11.8764,1427,2791.74
96498,-3.1544,1.1325,10.4184,1433,2791.74
96503,1.4138,2.9341,10.3382,1430,2792.13
96508,2.0686,3.0754,10.6925,1443,2792.13
96513,-3.2406,-0.3819,11.8345,1421,2792.13
96518,-3.7002,0.2274,11.0588,1438,2792.13
96523,0.7266,2.7509,9.9383,1459,2792.65
96528,2.1847,3.6428,10.3896,1433,2792.65
96533,-2.8958,0.5243,11.6681,1429,2792.65
96538,-3.6093,-0.7171,11.3725,1432,2792.65
96543,-0.9086,2.3176,9.8749,1449,2793.3
96548,1.8866,3.5123,10.4962,1433,2793.3
96553,-0.243,1.5742,11.2934,1443,2793.3
96558,-3.1603,-1.1013,11.6945,1431,2793.3
96563,-2.6743,1.5826,10.1909,1445,2793.3
96568,1.6149,3.0598,10.4303,1433,2793.56
96573,1.9034,2.745,10.8386,1436,2793.56
96578,-3.0933,-0.6907,11.971,1421,2793.56
96583,-3.6248,0.6201,10.7679,1431,2793.56
96588,1.0451,2.8012,10.1011,1443,2793.95
96593,2.1811,3.4776,10.5177,1419,2793.95
96598,-3.3243,0.182,11.7543,1435,2793.95
96603,-3.8176,-0.3364,11.3222,1433,2793.95
96608,-0.2514,2.5307,9.809,1451,2794.08
96613,2.0327,3.7098,10.4423,1438,2794.08
96618,-1.506,1.16,11.4395,1432,2794.08
96623,-3.2836,-1.0379,11.6406,1433,2794.08
96628,-2.0171,1.8914,9.9587,1420,2794.08
96633,1.7753,3.2417,10.5117,1435,2794.08
96638,1.2773,2.2529,11.0277,1432,2794.08
96643,-2.9963,-1.087,11.8848,1429,2794.08
96648,-3.3519,0.9589,10.5596,1422,2794.08
96653,1.3264,2.8395,10.2472,1446,2794.21
96658,2.0997,3.201,10.6386,1431,2794.21
96663,-3.3279,-0.1736,11.9327,1421,2794.21
96668,-3.8104,0.0551,11.1091,1437,2794.21
96673,0.322,2.7102,9.9695,1449,2794.08
96678,2.0806,3.7445,10.5285,1439,2794.08
96683,-2.5355,0.7626,11.5436,1427,2794.08
96688,-3.5434,-0.7985,11.5209,1445,2794.08
96693,-1.33,2.2146,9.8533,1455,2793.82
96698,1.9273,3.4046,10.5093,1429,2793.82
96703,0.3819,1.7717,11.1282,1435,2793.82
96708,-3.0885,-1.2474,11.8525,1427,2793.82
96713,-3.0119,1.3276,10.2963,1443,2793.82
96718,1.5024,3.0119,10.4603,1433,2793.69
96723,1.9776,2.9401,10.7488,1443,2793.69
96728,-3.1999,-0.5854,11.9339,1431,2793.69
96733,-3.7433,0.4585,10.9439,1431,2793.69
96738,0.9062,2.8395,10.0149,1437,2793.43
96743,2.2194,3.6164,10.4387,1429,2793.43
96748,-3.219,0.3795,11.7448,1401,2793.43
96753,-3.6524,-0.5543,11.321,1431,2793.43
96758,-0.6009,2.3882,9.821,1447,2793.04
96763,1.8902,3.5793,10.495,1434,2793.04
96768,-0.7805,1.3455,11.321,1437,2793.04
96773,-3.2453,-1.1492,11.7196,1426,2793.04
96778,-2.3607,1.7119,10.1047,1429,2793.04
96783,1.6759,3.1328,10.4914,1429,2794.08
96788,1.6089,2.5402,10.908,1433,2794.08
96793,-3.0706,-0.8775,12.0285,1430,2794.08
96798,-3.4919,0.7254,10.6542,1437,2794.08
96803,1.1863,2.8659,10.1766,1446,2793.95
96808,2.1177,3.371,10.5824,1429,2793.95
96813,-3.3519,0.0024,11.8106,1429,2793.95
96818,-3.7792,-0.2071,11.2875,1431,2793.95
96823,0.0611,2.5869,9.8833,1449,2794.34
96828,2.0399,3.7014,10.4734,1435,2794.34
96833,-2.0674,0.9697,11.497,1429,2794.34
96838,-3.4129,-0.9481,11.5891,1437,2794.34
96843,-1.6807,2.0482,9.9587,1449,2794.34
96848,1.8411,3.3854,10.5321,1438,2794.34
96853,0.9433,2.0662,11.0828,1435,2794.34
96858,-2.9784,-1.1001,11.8633,1407,2794.34
96863,-3.1795,1.1588,10.4052,1427,2794.34
96868,1.4796,2.9269,10.3094,1437,2794.47
96873,2.1153,3.0035,10.6638,1435,2794.47
96878,-3.2765,-0.3843,11.9411,1427,2794.47
96883,-3.7864,0.2023,10.9978,1440,2794.47
96888,0.5638,2.7737,10.0197,1449,2794.73
96893,2.1153,3.7314,10.556,1437,2794.73
96898,-2.9556,0.5962,11.5915,1435,2794.73
96903,-3.6272,-0.5686,11.5293,1431,2794.73
96908,-0.9433,2.3176,9.7935,1445,2795.12
96913,1.9656,3.5434,10.4495,1428,2795.12
96918,-0.1568,1.5646,11.1953,1439,2795.12
96923,-3.0921,-1.2175,11.8118,1420,2795.12
96928,-2.7306,1.4461,10.1658,1439,2795.12
96933,1.6328,3.0179,10.4291,1435,2795.12
96938,1.7957,2.6863,10.9295,1427,2795.12
96943,-3.1615,-0.7949,11.9375,1429,2795.12
96948,-3.6033,0.6045,10.8517,1433,2795.12
96953,1.0499,2.8563,10.0293,1444,2794.34
96958,2.1775,3.5506,10.4866,1432,2794.34
96963,-3.3579,0.1987,11.8202,1435,2794.34
96968,-3.7038,-0.3184,11.2683,1431,2794.34
96973,-0.1963,2.5223,9.7959,1449,2793.82
96978,2.0051,3.6607,10.4411,1433,2793.82
96983,-1.4102,1.1253,11.3641,1433,2793.82
96988,-3.3399,-1.0846,11.6167,1429,2793.82
96993,-2.0207,1.8531,9.9479,1433,2793.82
96998,1.6987,3.2106,10.5297,1435,2793.04
97003,1.2558,2.3044,11.0026,1432,2793.04
97008,-3.0502,-0.9505,11.9327,1437,2793.04
97013,-3.3579,1.0044,10.5788,1429,2793.04
97018,1.3671,2.903,10.2376,1440,2793.3
97023,2.1991,3.2477,10.5896,1435,2793.3
97028,-3.3399,-0.2023,11.807,1427,2793.3
97033,-3.7864,0.0299,11.2025,1432,2793.3
97038,0.3531,2.6348,9.9156,1444,2792.91
97043,2.0159,3.6811,10.5058,1436,2792.91
97048,-2.5402,0.6907,11.5975,1430,2792.91
97053,-3.5039,-0.8009,11.5185,1439,2792.91
97058,-1.3934,2.2338,9.9132,1445,2792.52
97063,1.8986,3.5362,10.4866,1431,2792.52
97068,0.4154,1.895,11.2013,1421,2792.52
97073,-3.0514,-1.087,11.7938,1427,2792.52
97078,-2.9149,1.3228,10.3346,1437,2792.52
97083,1.5119,2.9437,10.2783,1432,2793.69
97088,2.0099,2.8898,10.7284,1439,2793.69
97093,-3.1783,-0.577,11.9375,1425,2793.69
97098,-3.6452,0.3208,10.9283,1429,2793.69
97103,0.8272,2.7641,10.0592,1450,2793.56
97108,2.1177,3.6392,10.5441,1433,2793.56
97113,-3.2034,0.3891,11.7244,1429,2793.56
97118,-3.7098,-0.4537,11.4215,1433,2793.56
97123,-0.6464,2.4648,9.8007,1433,2793.82
97128,2.0171,3.6512,10.4686,1430,2793.82
97133,-0.7242,1.3946,11.3425,1437,2793.82
97138,-3.2178,-1.1504,11.716,1433,2793.82
97143,-2.3942,1.664,10.07,1439,2793.82
97148,1.6484,3.0706,10.4363,1433,2793.95
97153,1.6388,2.4648,10.9654,1429,2793.95
97158,-3.0143,-0.9218,11.9064,1429,2793.95
97163,-3.6356,0.7733,10.6949,1430,2793.95
97168,1.2462,2.8826,10.1239,1439,2794.47
97173,2.247,3.4955,10.574,1436,2794.47
97178,-3.4824,0.0455,11.8465,1437,2794.47
97183,-3.723,-0.1018,11.1797,1431,2794.47
97188,0.0419,2.642,9.8354,1449,2794.73
97193,2.0818,3.6859,10.4351,1431,2794.73
97198,-1.8651,0.9194,11.4982,1431,2794.73
97203,-3.4548,-1.0139,11.5891,1435,2794.73
97208,-1.6723,2.0051,9.9036,1437,2794.86
97213,1.7657,3.2777,10.5225,1435,2794.86
97218,0.8499,2.0746,11.1642,1435,2794.86
97223,-3.0981,-1.0451,11.9028,1430,2794.86
97228,-3.1675,1.221,10.4411,1422,2794.86
97233,1.4425,2.9592,10.3094,1433,2794.73
97238,2.0961,3.1232,10.7212,1438,2794.73
97243,-3.2657,-0.3519,11.8585,1427,2794.73
97248,-3.7685,0.2239,11.0421,1439,2794.73
97253,0.6416,2.709,9.918,1448,2794.99
97258,2.0865,3.6536,10.5201,1443,2794.99
97263,-2.9556,0.5028,11.7005,1432,2794.99
97268,-3.6284,-0.747,11.3892,1447,2794.99
97273,-0.9936,2.3092,9.8904,1447,2795.25
97278,1.9285,3.5458,10.5034,1431,2795.25
97283,-0.1927,1.634,11.2539,1435,2795.25
97288,-3.1663,-1.1145,11.7424,1433,2795.25
97293,-2.6815,1.6005,10.1825,1439,2795.25
97298,1.6723,3.0789,10.3872,1432,2795.12
97303,1.907,2.6863,10.896,1434,2795.12
97308,-3.067,-0.747,11.9698,1436,2795.12
97313,-3.6152,0.5423,10.7775,1428,2795.12
97318,0.9972,2.7677,10.1622,1433,2794.6
97323,2.0566,3.4776,10.5536,1433,2794.6
97328,-3.4081,0.1808,11.7831,1429,2794.6
97333,-3.8199,-0.2298,11.3521,1433,2794.6
97338,-0.2466,2.5642,9.8857,1451,2794.34
97343,2.0734,3.7469,10.4603,1438,2794.34
97348,-1.4461,1.1636,11.4407,1437,2794.34
97353,-3.316,-1.0774,11.6083,1424,2794.34
97358,-2.0147,1.8483,9.9551,1429,2794.34
97363,1.7466,3.1556,10.5261,1435,2794.21
97368,1.2989,2.2673,11.0445,1429,2794.21
97373,-3.0011,-1.1061,11.8549,1431,2794.21
97378,-3.3758,1.0068,10.5943,1429,2794.21
97383,1.3192,2.8503,10.1969,1439,2794.08
97388,2.077,3.2729,10.5991,1435,2794.08
97393,-3.4213,-0.1844,11.9207,1430,2794.08
97398,-3.7804,0.1281,11.0504,1435,2794.08
97403,0.4142,2.7461,9.93,1447,2793.82
97408,2.1703,3.7385,10.4866,1439,2793.82
97413,-2.4828,0.7434,11.5353,1429,2793.82
97418,-3.4979,-0.8188,11.4646,1443,2793.82
97423,-1.3108,2.1464,9.8294,1454,2793.95
97428,1.8495,3.3291,10.495,1429,2793.95
97433,0.3915,1.7633,11.2192,1431,2793.95
97438,-3.1268,-1.1612,11.8417,1427,2793.95
97443,-2.9532,1.4257,10.3406,1438,2793.95
97448,1.5802,3.0191,10.4279,1435,2794.21
97453,2.0219,2.9066,10.756,1442,2794.21
97458,-3.1651,-0.5435,11.8573,1421,2794.21
97463,-3.699,0.4633,10.9415,1433,2794.21
97468,0.9134,2.806,10.0305,1450,2794.21
97473,2.1584,3.5674,10.4603,1433,2794.21
97478,-3.1831,0.3388,11.7831,1429,2794.21
97483,-3.6799,-0.5602,11.297,1431,2794.21
97488,-0.5567,2.4433,9.8318,1439,2794.08
97493,1.9237,3.5781,10.4555,1429,2794.08
97498,-0.8416,1.3719,11.3617,1439,2794.08
97503,-3.2669,-1.1121,11.6981,1432,2794.08
97508,-2.3595,1.7717,10.0952,1433,2794.08
97513,1.7166,3.1591,10.4244,1433,2794.47
97518,1.6556,2.5283,10.9008,1429,2794.47
97523,-3.0311,-0.8894,11.9207,1427,2794.47
97528,-3.48,0.8033,10.5692,1421,2794.47
97533,1.1923,2.7928,10.1933,1437,2794.21
97538,2.0865,3.3088,10.6255,1436,2794.21
97543,-3.3651,-0.0515,11.8908,1433,2794.21
97548,-3.8738,-0.1018,11.2168,1433,2794.21
97553,0.073,2.6875,9.8629,1447,2794.34
97558,2.0686,3.7421,10.5058,1415,2794.34
97563,-2.1392,0.9553,11.5077,1429,2794.34
97568,-3.4046,-0.9074,11.5365,1437,2794.34
97573,-1.6652,2.059,9.9288,1437,2794.21
97578,1.7789,3.3076,10.5141,1437,2794.21
97583,0.8882,1.986,11.1091,1435,2794.21
97588,-2.9856,-1.1887,11.8178,1428,2794.21
97593,-3.1915,1.1504,10.3262,1427,2794.21
97598,1.4916,2.9078,10.3298,1433,2794.34
97603,2.0542,3.0742,10.7356,1433,2794.34
97608,-3.31,-0.3639,12.0524,1417,2794.34
97613,-3.8319,0.3148,10.9798,1437,2794.34
97618,0.6021,2.7976,10.058,1444,2794.21
97623,2.1261,3.7254,10.4471,1439,2794.21
97628,-2.9281,0.5435,11.6131,1431,2794.21
97633,-3.6344,-0.6273,11.4323,1429,2794.21
97638,-0.8571,2.2697,9.7588,1432,2793.82
97643,1.8974,3.4872,10.5249,1426,2793.82
97648,-0.1844,1.5419,11.2527,1436,2793.82
97653,-3.1627,-1.257,11.8022,1429,2793.82
97658,-2.7234,1.5251,10.167,1443,2793.82
97663,1.6245,3.0682,10.4914,1433,2794.73
97668,1.8471,2.7533,10.8433,1431,2794.73
97673,-3.0873,-0.723,11.9207,1427,2794.73
97678,-3.6512,0.656,10.8014,1423,2794.73
97683,1.1301,2.8323,10.0975,1433,2794.73
97688,2.1931,3.4644,10.495,1433,2794.73
97693,-3.3387,0.1712,11.8716,1432,2794.73
97698,-3.7553,-0.3867,11.2085,1429,2794.73
97703,-0.2203,2.5271,9.7659,1449,2794.99
97708,1.9836,3.638,10.5058,1439,2794.99
97713,-1.5323,1.1061,11.4658,1435,2794.99
97718,-3.3854,-1.0175,11.6681,1429,2794.99
97723,-1.9896,1.9345,9.9479,1428,2794.99
97728,1.7765,3.2669,10.5225,1436,2795.12
97733,1.3168,2.2446,11.0061,1431,2795.12
97738,-3.0119,-0.9708,11.8764,1432,2795.12
97743,-3.3339,1.008,10.4591,1426,2795.12
97748,1.3791,2.9221,10.2867,1444,2795.51
97753,2.1668,3.1711,10.6578,1433,2795.51
97758,-3.304,-0.2622,11.8956,1420,2795.51
97763,-3.8415,0.0479,11.1618,1431,2795.51
97768,0.3867,2.7019,9.8426,1446,2795.64
97773,2.0758,3.7086,10.5285,1433,2795.64
97778,-2.7114,0.7398,11.6119,1437,2795.64
97783,-3.6057,-0.7302,11.5197,1439,2795.64
97788,-1.2258,2.2661,9.8557,1443,2795.77
97793,1.9513,3.5291,10.5237,1433,2795.77
97798,0.3065,1.7274,11.1917,1431,2795.77
97803,-3.0837,-1.1923,11.8369,1423,2795.77
97808,-2.8479,1.3551,10.222,1443,2795.77
97813,1.5838,2.9784,10.386,1433,2795.9
97818,1.9357,2.8156,10.8194,1439,2795.9
97823,-3.207,-0.6165,12.0093,1429,2795.9
97828,-3.7062,0.5351,10.8278,1432,2795.9
97833,0.9601,2.8383,10.0784,1449,2796.03
97838,2.2027,3.6272,10.5261,1437,2796.03
97843,-3.2813,0.316,11.6789,1432,2796.03
97848,-3.7577,-0.3627,11.3844,1431,2796.03
97853,-0.4453,2.5007,9.7767,1439,2795.9
97858,2.0614,3.6284,10.5225,1431,2795.9
97863,-1.0894,1.227,11.3485,1439,2795.9
97868,-3.2729,-1.1684,11.6897,1431,2795.9
97873,-2.2422,1.7274,10.0353,1431,2795.9
97878,1.6376,3.1723,10.4962,1431,2795.64
97883,1.4305,2.3846,11.0337,1431,2795.64
97888,-3.0311,-0.9397,11.9315,1431,2795.64
97893,-3.5267,0.9744,10.5836,1429,2795.64
97898,1.3036,2.8994,10.1526,1445,2795.77
97903,2.2122,3.2908,10.5979,1435,2795.77
97908,-3.395,-0.0982,11.9171,1429,2795.77
97913,-3.7828,-0.0658,11.0959,1429,2795.77
97918,0.2191,2.6564,9.8462,1437,2795.64
97923,2.0937,3.6536,10.5548,1432,2795.64
97928,-2.3128,0.7853,11.4323,1429,2795.64
97933,-3.5638,-0.8847,11.5748,1436,2795.64
97938,-1.4832,2.1261,9.8833,1451,2795.51
97943,1.9225,3.4285,10.5524,1437,2795.51
97948,0.6081,1.9345,11.169,1434,2795.51
97953,-3.0825,-1.0642,11.8369,1430,2795.51
97958,-2.9975,1.3144,10.2951,1427,2795.51
97963,1.5048,2.9868,10.2615,1432,2795.77
97968,2.0506,2.9257,10.7931,1434,2795.77
97973,-3.1687,-0.4944,11.9255,1421,2795.77
97978,-3.7733,0.3268,10.9451,1443,2795.77
97983,0.8056,2.7102,9.9383,1451,2795.64
97988,2.1045,3.6344,10.5489,1433,2795.64
97993,-3.1987,0.4405,11.7675,1431,2795.64
97998,-3.6966,-0.4992,11.3916,1432,2795.64
98003,-0.7314,2.4565,9.8055,1434,2795.25
98008,1.9956,3.65,10.5393,1427,2795.25
98013,-0.559,1.4257,11.297,1439,2795.25
98018,-3.2046,-1.1504,11.734,1432,2795.25
98023,-2.4636,1.67,10.0628,1439,2795.25
98028,1.7142,3.0885,10.4327,1437,2795.9
98033,1.6735,2.4912,10.9235,1435,2795.9
98038,-3.0107,-0.8595,11.9303,1423,2795.9
98043,-3.5279,0.7733,10.6638,1429,2795.9
98048,1.1708,2.8838,10.1634,1439,2795.9
98053,2.1284,3.462,10.6159,1404,2795.9
98058,-3.4333,0.0204,11.746,1436,2795.9
98063,-3.8176,-0.0838,11.2994,1432,2795.9
98068,0.0455,2.5929,9.8246,1453,2796.03
98073,2.1488,3.7649,10.4363,1437,2796.03
98078,-1.9429,0.978,11.4491,1427,2796.03
98083,-3.4249,-0.9876,11.5532,1431,2796.03
98088,-1.7693,1.9848,9.8785,1431,2796.03
98093,1.8316,3.316,10.4914,1438,2795.64
98098,0.8906,2.071,11.1905,1431,2795.64
98103,-3.1017,-1.1313,11.8872,1434,2795.64
98108,-3.2094,1.2067,10.4459,1429,2795.64
98113,1.4784,2.909,10.234,1439,2795.77
98118,2.0877,3.0885,10.7176,1433,2795.77
98123,-3.3172,-0.346,12.0213,1423,2795.77
98128,-3.717,0.2083,11.0038,1435,2795.77
98133,0.6189,2.7126,9.9455,1448,2795.64
98138,2.162,3.6368,10.5165,1437,2795.64
98143,-2.8718,0.4956,11.6262,1428,2795.64
98148,-3.6739,-0.6812,11.4551,1435,2795.64
98153,-0.9996,2.32,9.8007,1435,2795.12
98158,1.9632,3.5195,10.5309,1427,2795.12
98163,-0.2466,1.5646,11.2635,1433,2795.12
98168,-3.1711,-1.1325,11.7472,1422,2795.12
98173,-2.6995,1.6041,10.167,1439,2795.12
98178,1.652,3.0586,10.4459,1430,2794.99
98183,1.9058,2.6839,10.8781,1437,2794.99
98188,-3.1089,-0.7278,11.8429,1427,2794.99
98193,-3.5757,0.6081,10.8146,1434,2794.99
98198,1.0235,2.8156,10.1311,1427,2794.47
98203,2.1069,3.4716,10.5764,1433,2794.47
98208,-3.3674,0.1544,11.8561,1435,2794.47
98213,-3.8199,-0.346,11.2527,1431,2794.47
98218,-0.2478,2.5402,9.8641,1445,2795.25
98223,2.071,3.6978,10.4842,1436,2795.25
98228,-1.4796,1.154,11.4108,1431,2795.25
98233,-3.3686,-1.008,11.6442,1427,2795.25
98238,-2.0027,1.9441,9.9898,1429,2795.25
98243,1.7526,3.1867,10.4651,1435,2794.08
98248,1.324,2.2027,11.0528,1431,2794.08
98253,-2.982,-1.0403,11.8872,1432,2794.08
98258,-3.3662,0.9996,10.4962,1431,2794.08
98263,1.3072,2.8922,10.2556,1444,2794.21
98268,2.0997,3.2178,10.6913,1435,2794.21
98273,-3.3674,-0.1903,11.8812,1427,2794.21
98278,-3.8032,0.1233,11.1881,1428,2794.21
98283,0.401,2.733,9.9276,1451,2794.08
98288,2.1452,3.7373,10.4974,1436,2794.08
98293,-2.5654,0.7506,11.6059,1431,2794.08
98298,-3.4895,-0.7961,11.412,1443,2794.08
98303,-1.3168,2.2039,9.8869,1451,2793.82
98308,1.8687,3.4321,10.5225,1431,2793.82
98313,0.3388,1.7729,11.2683,1440,2793.82
98318,-3.0765,-1.2222,11.7651,1429,2793.82
98323,-2.9736,1.3838,10.2747,1435,2793.82
98328,1.6125,2.976,10.3741,1423,2793.95
98333,1.9728,2.9113,10.8589,1438,2793.95
98338,-3.2394,-0.5722,12.0416,1421,2793.95
98343,-3.6619,0.4741,10.8816,1443,2793.95
98348,0.8847,2.7964,10.0461,1440,2794.21
98353,2.2206,3.5793,10.4842,1437,2794.21
98358,-3.1292,0.3005,11.6717,1430,2794.21
98363,-3.7194,-0.4537,11.3246,1431,2794.21
98368,-0.5662,2.4241,9.8593,1453,2794.6
98373,1.974,3.5865,10.489,1431,2794.6
98378,-0.8775,1.3336,11.333,1439,2794.6
98383,-3.2848,-1.1013,11.6885,1433,2794.6
98388,-2.3595,1.7777,10.0844,1447,2794.6
98393,1.6604,3.1077,10.4639,1437,2794.99
98398,1.5862,2.484,10.9858,1429,2794.99
98403,-3.067,-0.8799,11.9375,1422,2794.99
98408,-3.4656,0.8523,10.6757,1433,2794.99
98413,1.2115,2.8479,10.1502,1444,2795.12
98418,2.1261,3.3531,10.5345,1435,2795.12
98423,-3.3974,-0.0204,11.91,1437,2795.12
98428,-3.8439,-0.1808,11.1127,1432,2795.12
98433,0.1101,2.6612,9.8797,1447,2795.12
98438,2.1129,3.6679,10.4902,1440,2795.12
98443,-2.1751,0.8954,11.5424,1431,2795.12
98448,-3.4668,-0.9301,11.6083,1433,2795.12
98453,-1.6472,2.077,9.9048,1432,2795.12
98458,1.8471,3.3459,10.4411,1439,2795.38
98463,0.8056,2.0027,11.1282,1432,2795.38
98468,-2.9185,-1.1253,11.8369,1433,2795.38
98473,-3.1436,1.2342,10.2879,1427,2795.38
98478,1.4676,2.9185,10.3358,1434,2795.64
98483,2.0686,2.9975,10.7284,1431,2795.64
98488,-3.2645,-0.4453,11.8824,1428,2795.64
98493,-3.7781,0.3543,11.0433,1438,2795.64
98498,0.6835,2.794,9.9587,1451,2795.9
98503,2.1548,3.6476,10.4639,1445,2795.9
98508,-3.0323,0.5207,11.6933,1427,2795.9
98513,-3.6571,-0.5902,11.4012,1430,2795.9
98518,-0.8823,2.4014,9.821,1448,2796.03
98523,1.962,3.5422,10.495,1429,2796.03
98528,-0.3615,1.5095,11.2863,1437,2796.03
98533,-3.1867,-1.1839,11.7843,1429,2796.03
98538,-2.6707,1.5981,10.1251,1437,2796.03
98543,1.6879,3.0251,10.4076,1435,2796.29
98548,1.7526,2.5546,10.8481,1437,2796.29
98553,-3.1041,-0.8068,12.0428,1431,2796.29
98558,-3.6236,0.7242,10.7715,1429,2796.29
98563,1.1313,2.8479,10.1634,1431,2796.29
98568,2.1428,3.4381,10.5668,1435,2796.29
98573,-3.3088,0.1389,11.8118,1433,2796.29
98578,-3.8379,-0.2083,11.23,1429,2796.29
98583,-0.0539,2.5774,9.736,1451,2796.55
98588,2.1308,3.6871,10.5285,1439,2796.55
98593,-1.7693,1.063,11.4982,1434,2796.55
98598,-3.3639,-0.9816,11.5556,1426,2796.55
98603,-1.8232,1.9381,10.0006,1429,2796.55
98608,1.719,3.2789,10.5477,1437,2796.55
98613,1.0415,2.1608,11.0744,1429,2796.55
98618,-3.0945,-1.0511,11.8645,1431,2796.55
98623,-3.2848,1.1672,10.471,1430,2796.55
98628,1.3898,2.9461,10.313,1447,2797.07
98633,2.0662,3.0909,10.6482,1433,2797.07
98638,-3.2693,-0.2789,12.0177,1427,2797.07
98643,-3.7769,0.1568,11.0301,1432,2797.07
98648,0.5507,2.739,9.9323,1446,2797.2
98653,2.1404,3.6428,10.4998,1443,2797.2
98658,-2.8347,0.565,11.6155,1427,2797.2
98663,-3.5913,-0.6895,11.5029,1443,2797.2
98668,-1.0678,2.3403,9.8521,1449,2797.59
98673,1.9094,3.5099,10.5644,1431,2797.59
98678,-0.0838,1.6221,11.2539,1429,2797.59
98683,-3.1113,-1.1432,11.8022,1427,2797.59
98688,-2.7342,1.5754,10.1598,1436,2797.59
98693,1.64,3.0478,10.4016,1437,2797.72
98698,1.9058,2.636,10.8505,1436,2797.72
98703,-3.067,-0.7302,11.9088,1428,2797.72
98708,-3.6356,0.6033,10.8242,1429,2797.72
98713,1.0295,2.806,10.0916,1443,2797.33
98718,2.1883,3.4788,10.5357,1434,2797.33
98723,-3.3459,0.2155,11.7879,1432,2797.33
98728,-3.7876,-0.2646,11.2276,1431,2797.33
98733,-0.2418,2.5809,9.8641,1439,2797.99
98738,2.1189,3.6835,10.5369,1435,2797.99
98743,-1.5838,1.1157,11.388,1435,2797.99
98748,-3.3914,-1.0403,11.6861,1429,2797.99
98753,-2.0351,1.883,9.9359,1437,2797.99
98758,1.8004,3.2382,10.507,1433,2797.59
98763,1.2079,2.132,11.0157,1431,2797.59
98768,-3.0514,-1.0391,11.9638,1431,2797.59
98773,-3.3734,1.057,10.483,1433,2797.59
98778,1.3551,2.8898,10.2173,1445,2797.99
98783,2.0949,3.128,10.6674,1434,2797.99
98788,-3.2956,-0.261,11.8477,1426,2797.99
98793,-3.7972,0.1987,11.1031,1430,2797.99
98798,0.5148,2.7521,9.8761,1439,2797.99
98803,2.1727,3.705,10.4902,1439,2797.99
98808,-2.6779,0.6069,11.6083,1431,2797.99
98813,-3.553,-0.7614,11.4072,1442,2797.99
98818,-1.1157,2.2374,9.8366,1443,2798.12
98823,1.9118,3.4512,10.5489,1436,2798.12
98828,0.0646,1.7023,11.2073,1437,2798.12
98833,-3.1316,-1.1744,11.7579,1426,2798.12
98838,-2.8,1.4964,10.2723,1433,2798.12
98843,1.6161,2.9892,10.4387,1433,2797.85
98848,1.883,2.7497,10.8314,1435,2797.85
98853,-3.1352,-0.6033,12.0141,1430,2797.85
98858,-3.6583,0.5614,10.7883,1435,2797.85
98863,1.0104,2.8084,10.0161,1438,2797.2
98868,2.1356,3.5123,10.4746,1432,2797.2
98873,-3.286,0.2011,11.6957,1431,2797.2
98878,-3.7816,-0.3711,11.3976,1429,2797.2
98883,-0.3077,2.5235,9.7671,1445,2797.07
98888,2.0207,3.6607,10.5333,1434,2797.07
98893,-1.3982,1.1911,11.3593,1444,2797.07
98898,-3.2573,-1.0475,11.6957,1433,2797.07
98903,-2.0877,1.9261,9.9874,1435,2797.07
98908,1.798,3.2657,10.4962,1432,2796.94
98913,1.3611,2.2936,11.078,1433,2796.94
98918,-2.9688,-0.9888,11.9124,1431,2796.94
98923,-3.3806,0.984,10.5668,1432,2796.94
98928,1.3575,2.8575,10.2256,1440,2797.07
98933,2.1476,3.1819,10.5848,1439,2797.07
98938,-3.3603,-0.1999,11.9375,1433,2797.07
98943,-3.7924,0.0551,11.0792,1432,2797.07
98948,0.3077,2.7078,9.9132,1453,2797.07
98953,2.1237,3.7362,10.568,1439,2797.07
98958,-2.5821,0.7446,11.5365,1431,2797.07
98963,-3.5626,-0.759,11.6155,1438,2797.07
98968,-1.342,2.2027,9.8126,1451,2797.07
98973,1.9501,3.4836,10.471,1437,2797.07
98978,0.3172,1.7633,11.1127,1432,2797.07
98983,-3.0765,-1.1636,11.8441,1427,2797.07
98988,-2.9185,1.3587,10.2735,1427,2797.07
98993,1.4796,3.0023,10.3645,1435,2796.81
98998,1.9285,2.8647,10.8793,1435,2796.81
99003,-3.1675,-0.6416,11.8429,1422,2796.81
99008,-3.729,0.5303,10.9738,1439,2796.81
99013,0.9493,2.8455,9.9742,1451,2796.68
99018,2.2302,3.5889,10.5752,1433,2796.68
99023,-3.2741,0.3232,11.7579,1427,2796.68
99028,-3.6978,-0.4334,11.3054,1431,2796.68
99033,-0.4848,2.4612,9.7695,1439,2795.77
99038,2.0842,3.6057,10.5082,1429,2795.77
99043,-0.9984,1.2546,11.321,1439,2795.77
99048,-3.3232,-1.1301,11.6717,1433,2795.77
99053,-2.2853,1.7358,10.0473,1447,2795.77
99058,1.6771,3.1364,10.471,1435,2796.81
99063,1.4042,2.4002,11.0313,1432,2796.81
99068,-3.0849,-0.9206,11.9255,1421,2796.81
99073,-3.462,0.8882,10.5812,1420,2796.81
99078,1.2438,2.8958,10.1658,1443,2796.81
99083,2.1536,3.3698,10.6602,1433,2796.81
99088,-3.377,-0.0994,11.8034,1437,2796.81
99093,-3.7876,-0.0479,11.1929,1432,2796.81
99098,0.2167,2.6456,9.8007,1447,2797.07
99103,2.1021,3.7026,10.4603,1439,2797.07
99108,-2.3739,0.7925,11.5544,1432,2797.07
99113,-3.474,-0.9038,11.5197,1431,2797.07
99118,-1.5227,2.1524,9.8605,1431,2797.07
99123,1.8747,3.401,10.4698,1438,2797.07
99128,0.5962,1.913,11.1642,1433,2797.07
99133,-3.0694,-1.1205,11.8034,1433,2797.07
99138,-3.0562,1.3431,10.3011,1425,2797.07
99143,1.5586,2.9473,10.2975,1437,2797.46
99148,2.1045,2.8862,10.744,1430,2797.46
99153,-3.1879,-0.5124,11.9698,1423,2797.46
99158,-3.7206,0.3436,10.8924,1437,2797.46
99163,0.7458,2.7737,9.9874,1439,2797.46
99168,2.1428,3.6105,10.574,1443,2797.46
99173,-3.1472,0.4106,11.6813,1431,2797.46
99178,-3.7385,-0.4669,11.4347,1435,2797.46
99183,-0.6895,2.4134,9.8174,1453,2797.33
99188,2.0698,3.6009,10.5105,1431,2797.33
99193,-0.7386,1.4042,11.315,1439,2797.33
99198,-3.1951,-1.136,11.7412,1432,2797.33
99203,-2.4612,1.7226,10.0497,1447,2797.33
99208,1.7693,3.0586,10.4555,1435,2797.46
99213,1.6328,2.4852,11.0433,1435,2797.46
99218,-3.0418,-0.9936,11.9195,1439,2797.46
99223,-3.5075,0.826,10.7428,1432,2797.46
99228,1.2234,2.7964,10.1574,1435,2797.72
99233,2.1596,3.4297,10.6303,1435,2797.72
99238,-3.4309,0.0,11.91,1437,2797.72
99243,-3.7733,-0.0311,11.1151,1429,2797.72
99248,0.1006,2.6935,9.8497,1451,2797.72
99253,2.1524,3.723,10.4615,1443,2797.72
99258,-2.0937,0.8966,11.4156,1432,2797.72
99263,-3.4381,-0.9601,11.5389,1429,2797.72
99268,-1.6484,2.0243,9.906,1429,2797.72
99273,1.8088,3.2944,10.55,1439,2797.59
99278,0.7434,1.9836,11.1797,1429,2797.59
99283,-3.1149,-1.1289,11.8645,1435,2797.59
99288,-3.1196,1.2426,10.4279,1432,2797.59
99293,1.4473,2.9604,10.3382,1443,2796.68
99298,2.0339,3.0478,10.7583,1433,2796.68
99303,-3.3375,-0.4202,11.9243,1426,2796.68
99308,-3.7242,0.3603,11.0576,1435,2796.68
99313,0.7434,2.7545,9.9276,1449,2796.29
99318,2.1093,3.6129,10.477,1439,2796.29
99323,-3.0347,0.4752,11.6634,1432,2796.29
99328,-3.6129,-0.6273,11.3102,1445,2796.29
99333,-0.8188,2.3583,9.8617,1451,2796.29
99338,1.9489,3.5877,10.5129,1429,2796.29
99343,-0.5207,1.5227,11.3246,1433,2796.29
99348,-3.2154,-1.1516,11.801,1427,2796.29
99353,-2.5941,1.6484,10.1526,1439,2796.29
99358,1.7825,3.0777,10.4627,1435,2796.29
99363,1.8028,2.5726,10.8709,1439,2796.29
99368,-3.0574,-0.8021,11.971,1429,2796.29
99373,-3.5566,0.7027,10.7009,1433,2796.29
99378,1.0774,2.7904,10.1179,1444,2796.68
99383,2.1548,3.371,10.6111,1432,2796.68
99388,-3.3818,0.0335,11.813,1433,2796.68
99393,-3.8583,-0.1879,11.2911,1427,2796.68
99398,-0.1018,2.6396,9.8318,1443,2796.94
99403,2.0842,3.711,10.5117,1436,2796.94
99408,-1.8663,1.0546,11.4179,1435,2796.94
99413,-3.395,-0.972,11.6011,1429,2796.94
99418,-1.804,2.0423,9.9288,1430,2796.94
99423,1.8124,3.2705,10.5022,1426,2796.55
99428,1.0594,2.0889,11.0744,1431,2796.55
99433,-2.9868,-1.1851,11.8405,1433,2796.55
99438,-3.2896,1.1325,10.4256,1431,2796.55
99443,1.476,2.8276,10.2951,1466,2796.68
99448,2.1021,3.0837,10.6817,1434,2796.68
99453,-3.3531,-0.2921,12.0285,1428,2796.68
99458,-3.8211,0.2538,11.0181,1430,2796.68
99463,0.6428,2.8024,9.9479,1451,2796.68
99468,2.2146,3.7206,10.4531,1439,2796.68
99473,-2.8431,0.571,11.5939,1431,2796.68
99478,-3.5925,-0.6488,11.4407,1439,2796.68
99483,-0.923,2.2948,9.833,1453,2796.29
99488,1.9537,3.4836,10.5441,1419,2796.29
99493,-0.1293,1.6029,11.2659,1435,2796.29
99498,-3.1352,-1.1923,11.7843,1429,2796.29
99503,-2.6851,1.5335,10.1969,1432,2796.29
99508,1.5455,3.0011,10.4555,1433,2796.03
99513,1.8184,2.7043,10.8529,1443,2796.03
99518,-3.1663,-0.7087,11.9279,1427,2796.03
99523,-3.6416,0.6404,10.8433,1443,2796.03
99528,1.1061,2.8419,10.1011,1451,2795.77
99533,2.1524,3.48,10.5381,1439,2795.77
99538,-3.3435,0.2095,11.825,1429,2795.77
99543,-3.7134,-0.3328,11.1893,1431,2795.77
99548,-0.2717,2.5546,9.7959,1449,2795.77
99553,1.9956,3.6081,10.4962,1431,2795.77
99558,-1.4653,1.1025,11.3832,1443,2795.77
99563,-3.3842,-1.0439,11.6598,1433,2795.77
99568,-2.0351,1.9393,10.003,1439,2795.77
99573,1.798,3.2585,10.5465,1433,2796.16
99578,1.3515,2.3164,11.0097,1433,2796.16
99583,-2.9904,-0.9553,11.9483,1427,2796.16
99588,-3.3555,1.0199,10.4651,1430,2796.16
99593,1.3695,2.8527,10.2747,1444,2796.68
99598,2.1727,3.1508,10.6123,1439,2796.68
99603,-3.3639,-0.2586,11.8657,1435,2796.68
99608,-3.8295,0.0682,11.1666,1433,2796.68
99613,0.3555,2.7318,9.894,1446,2796.42
99618,2.0925,3.7194,10.5034,1432,2796.42
99623,-2.6647,0.7254,11.6669,1430,2796.42
99628,-3.5769,-0.7566,11.4982,1438,2796.42
99633,-1.2127,2.2434,9.8306,1437,2796.16
99638,1.9716,3.4572,10.5153,1437,2796.16
99643,0.2346,1.7274,11.2312,1437,2796.16
99648,-3.0765,-1.1875,11.7986,1430,2796.16
99653,-2.8766,1.4162,10.2268,1432,2796.16
99658,1.5921,2.9521,10.4124,1433,2796.68
99663,1.9752,2.7833,10.8577,1447,2796.68
99668,-3.1891,-0.6081,12.0799,1421,2796.68
99673,-3.7421,0.5255,10.8278,1435,2796.68
99678,0.9325,2.8323,10.0832,1451,2797.07
99683,2.1931,3.6284,10.4902,1439,2797.07
99688,-3.3208,0.3148,11.6909,1431,2797.07
99693,-3.6655,-0.3496,11.376,1431,2797.07
99698,-0.3867,2.5259,9.8031,1448,2797.07
99703,2.0315,3.6188,10.5177,1432,2797.07
99708,-1.075,1.1995,11.3437,1439,2797.07
99713,-3.2645,-1.1648,11.6909,1431,2797.07
99718,-2.2841,1.7753,9.9754,1445,2797.07
99723,1.7681,3.1699,10.5512,1438,2797.33
99728,1.3611,2.3595,11.0385,1433,2797.33
99733,-3.1041,-0.9433,11.9375,1427,2797.33
99738,-3.5303,0.9996,10.5991,1431,2797.33
99743,1.3156,2.8802,10.2113,1445,2797.46
99748,2.1775,3.2813,10.6195,1437,2797.46
99753,-3.456,-0.103,11.9135,1436,2797.46
99758,-3.7194,-0.0371,11.072,1431,2797.46
99763,0.3436,2.6624,9.8055,1451,2797.46
99768,2.1213,3.6691,10.5058,1437,2797.46
99773,-2.4002,0.735,11.4778,1431,2797.46
99778,-3.5482,-0.8691,11.5652,1433,2797.46
99783,-1.4102,2.1751,9.8713,1434,2797.46
99788,1.8591,3.4273,10.5453,1443,2797.33
99793,0.4669,1.8555,11.1821,1433,2797.33
99798,-3.0598,-1.0726,11.8681,1433,2797.33
99803,-2.9748,1.3731,10.2663,1432,2797.33
99808,1.5945,2.988,10.337,1437,2797.72
99813,2.0746,2.8587,10.8062,1433,2797.72
99818,-3.2382,-0.559,11.9171,1423,2797.72
99823,-3.6093,0.4106,10.9319,1439,2797.72
99828,0.8212,2.733,9.9742,1448,2797.33
99833,2.0842,3.6069,10.5297,1443,2797.33
99838,-3.1771,0.3723,11.7807,1431,2797.33
99843,-3.7685,-0.559,11.3126,1435,2797.33
99848,-0.595,2.4912,9.8162,1450,2797.33
99853,2.0674,3.6536,10.5632,1431,2797.33
99858,-0.9002,1.3455,11.3162,1437,2797.33
99863,-3.2753,-1.1049,11.7807,1425,2797.33
99868,-2.3308,1.731,9.9647,1439,2797.33
99873,1.7801,3.1137,10.5201,1432,2797.33
99878,1.5634,2.3894,11.0181,1435,2797.33
99883,-3.0945,-0.9565,11.9662,1433,2797.33
99888,-3.5243,0.8296,10.6051,1430,2797.33
99893,1.2127,2.8252,10.1969,1432,2797.46
99898,2.1428,3.389,10.6602,1437,2797.46
99903,-3.4321,-0.0611,11.813,1433,2797.46
99908,-3.7996,0.018,11.1989,1432,2797.46
99913,0.2274,2.6719,9.809,1451,2797.33
99918,2.2434,3.7493,10.4794,1439,2797.33
99923,-2.2505,0.8583,11.4706,1433,2797.33
99928,-3.4285,-0.9278,11.5257,1419,2797.33
99933,-1.5239,2.0566,9.8713,1423,2797.33
99938,1.8555,3.3531,10.5022,1438,2797.2
99943,0.6225,1.8938,11.1869,1431,2797.2
99948,-3.1029,-1.1803,11.8836,1433,2797.2
99953,-3.1903,1.2677,10.398,1429,2797.2
99958,1.5383,2.9628,10.3681,1439,2797.2
99963,2.0686,3.0035,10.8086,1431,2797.2
99968,-3.292,-0.3926,12.0093,1423,2797.2
99973,-3.796,0.3771,10.9702,1433,2797.2
99978,0.8128,2.8036,9.9742,1448,2797.33
99983,2.2757,3.638,10.5189,1443,2797.33
99988,-3.0837,0.3938,11.6227,1433,2797.33
99993,-3.6859,-0.5686,11.4311,1443,2797.33
99998,-0.7542,2.375,9.7887,1449,2797.46
100003,1.968,3.5985,10.5465,1431,2797.46
100008,-0.6812,1.3982,11.3174,1429,2797.46
100013,-3.2585,-1.1337,11.7483,1423,2797.46
100018,-2.4493,1.725,10.0916,1439,2797.46
100023,1.67,3.128,10.4483,1432,2797.07
100028,1.6987,2.5391,10.9403,1440,2797.07
100033,-3.1005,-0.7997,11.8621,1429,2797.07
100038,-3.5291,0.8068,10.6937,1435,2797.07
100043,1.2007,2.7845,10.1059,1439,2796.68
100048,2.1668,3.3567,10.5931,1433,2796.68
100053,-3.462,-0.0239,11.8705,1433,2796.68
100058,-3.7661,-0.1915,11.2013,1432,2796.68
100063,-0.0144,2.6157,9.8617,1445,2795.9
100068,2.0626,3.7362,10.4866,1435,2795.9
100073,-1.9848,0.9792,11.4598,1439,2795.9
100078,-3.4728,-0.905,11.6681,1432,2795.9
100083,-1.6783,2.0494,9.9347,1433,2795.9
100088,1.8615,3.3148,10.4842,1427,2795.64
100093,0.9361,1.9884,11.1259,1433,2795.64
100098,-2.9808,-1.1444,11.8357,1431,2795.64
100103,-3.2298,1.1384,10.4196,1433,2795.64
100108,1.4317,2.8946,10.3549,1445,2795.38
100113,2.0782,3.0239,10.7548,1436,2795.38
100118,-3.3184,-0.4082,11.8513,1431,2795.38
100123,-3.8092,0.3172,11.0576,1428,2795.38
100128,0.6931,2.7593,9.9084,1449,2796.03
100133,2.2553,3.7433,10.4854,1439,2796.03
100138,-2.9497,0.5854,11.6765,1431,2796.03
100143,-3.6524,-0.6452,11.3832,1435,2796.03
100148,-0.9002,2.3379,9.8055,1454,2796.55
100153,2.065,3.571,10.4914,1433,2796.55
100158,-0.2909,1.5371,11.2946,1437,2796.55
100163,-3.1915,-1.2175,11.7256,1429,2796.55
100168,-2.7342,1.5467,10.161,1435,2796.55
100173,1.3312,2.9018,10.167,1435,2796.94
100178,1.7992,2.7138,10.9654,1437,2796.94
100183,-3.4069,-0.1305,11.9423,1427,2796.94
100188,-3.6811,0.7183,10.7428,1443,2796.94
100193,0.3448,2.7019,9.8485,1451,2796.94
100198,2.2601,3.4991,10.5225,1435,2796.94
100203,-2.4229,0.7111,11.5161,1425,2796.94
100208,-3.5865,-0.8775,11.5401,1429,2796.94
100213,-1.4078,2.1296,9.8593,1453,2796.42
100218,1.8818,3.401,10.5548,1431,2796.42
100223,0.3986,1.8591,11.1941,1447,2796.42
100228,-3.0993,-1.1193,11.8286,1435,2796.42
100233,-3.0047,1.397,10.2915,1439,2796.42
100238,1.5706,3.0011,10.3418,1432,2797.99
100243,2.0638,2.9066,10.7883,1433,2797.99
100248,-3.2094,-0.5698,11.8968,1427,2797.99
100253,-3.735,0.3974,10.9259,1431,2797.99
100258,0.9146,2.7641,9.9886,1440,2798.12
100263,2.1847,3.5662,10.5177,1437,2798.12
100268,-3.2298,0.3496,11.7376,1437,2798.12
100273,-3.7182,-0.4872,11.2468,1435,2798.12
100278,-0.565,2.4876,9.8138,1448,2798.12
100283,2.0087,3.6344,10.5465,1433,2798.12
100288,-0.9433,1.3575,11.4527,1431,2798.12
100293,-3.3004,-1.1037,11.6634,1439,2798.12
100298,-2.2673,1.7669,10.0509,1445,2797.2
100303,1.7789,3.1663,10.4112,1433,2797.2
100308,1.5993,2.4086,11.0097,1437,2797.2
100313,-2.9712,-0.9325,11.892,1430,2797.2
100318,-3.5123,0.8679,10.574,1430,2797.2
100323,1.2222,2.8587,10.1945,1433,2797.99
100328,2.1404,3.3172,10.6805,1439,2797.99
100333,-3.4141,-0.0982,11.7867,1422,2797.99
100338,-3.8726,0.0036,11.1941,1439,2797.99
100343,0.2215,2.648,9.8402,1453,2798.38
100348,2.2134,3.7385,10.4746,1437,2798.38
100353,-2.2853,0.9002,11.5257,1429,2798.38
100358,-3.4812,-0.8404,11.5365,1433,2798.38
100363,-1.4449,2.1488,9.8593,1435,2798.9
100368,1.8962,3.3639,10.5022,1429,2798.9
100373,0.589,1.8603,11.1941,1437,2798.9
100378,-3.1184,-1.2234,11.8238,1435,2798.9
100383,-3.0646,1.3324,10.3322,1445,2798.9
100388,1.5419,2.9389,10.3286,1436,2799.16
100393,2.0267,2.9353,10.7739,1430,2799.16
100398,-3.2142,-0.5315,12.0728,1430,2799.16
100403,-3.8044,0.4262,10.8218,1431,2799.16
100408,0.899,2.7976,9.9814,1437,2799.68
100413,2.2793,3.6164,10.4675,1439,2799.68
100418,-3.1747,0.3831,11.6981,1433,2799.68
100423,-3.6033,-0.5375,11.4144,1431,2799.68
100428,-0.5555,2.5139,9.663,1434,2809.38
100433,1.968,3.6966,10.3525,1431,2809.38
100438,-0.7925,1.2127,11.5496,1427,2809.38
100443,-3.8331,-1.2773,11.7567,1434,2809.38
100448,-2.4397,2.0303,9.8186,1425,2854.7
100453,2.1368,3.2717,10.4806,1419,2854.7
100458,1.5838,1.962,11.1833,1429,2854.7
100463,-3.6751,-1.2462,12.1781,1417,2854.7
100468,-3.5757,1.6664,10.1107,1416,2854.7
100473,2.1404,3.0945,10.155,1421,2883.92
100478,2.6276,2.5702,10.8421,1423,2883.92
100483,-3.535,-0.7769,12.5708,1407,2883.92
100488,-4.4221,1.1145,10.3286,1422,2883.92
100493,1.8495,3.0598,9.8665,1417,2901.07
100498,2.9245,3.0454,10.8397,1406,2901.07
100503,-3.4967,-0.4393,12.5336,1413,2901.07
100508,-4.7884,0.5674,10.7117,1407,2901.07
100513,1.3683,2.9257,9.4774,1416,2910.64
100518,2.8922,3.3651,10.7057,1419,2910.64
100523,-3.304,-0.0886,12.4032,1404,2910.64
100528,-4.9943,0.0,11.0433,1414,2910.64
100533,0.7015,2.8108,9.2081,1427,2915.88
100538,2.8599,3.5913,10.665,1417,2915.88
100543,-2.7785,0.2035,12.2451,1403,2915.88
100548,-4.9955,-0.4525,11.2934,1420,2915.88
100553,-0.1041,2.6887,9.2129,1417,2918.57
100558,2.7665,3.6464,10.5273,1413,2918.57
100563,-1.8639,0.5351,12.0009,1408,2918.57
100568,-4.7848,-0.8188,11.71,1415,2918.57
100573,-0.9481,2.478,9.0633,1405,2920.42
100578,2.7342,3.6404,10.4902,1423,2920.42
100583,-0.6776,0.8356,11.8884,1405,2920.42
100588,-4.5107,-1.1648,11.7495,1407,2920.42
100593,-1.8328,2.3116,9.232,1431,2921.56
100598,2.624,3.474,10.3573,1413,2921.56
100603,0.5997,1.2522,11.7005,1403,2921.56
100608,-4.2701,-1.3396,12.2188,1417,2921.56
100613,-2.7282,2.0016,9.1782,1429,2922.41
100618,2.5462,3.3184,10.2735,1408,2922.41
100623,1.6364,1.7921,11.558,1408,2922.41
100628,-4.0582,-1.318,12.2894,1415,2922.41
100633,-3.5362,1.8735,9.6845,1429,2922.69
100638,2.399,3.2178,10.1035,1401,2922.69
100643,2.32,2.2577,11.394,1419,2922.69
100648,-3.8762,-1.0235,12.6749,1407,2922.69
100653,-4.2318,1.5323,9.6869,1407,2922.69
100658,2.2505,3.2417,9.9371,1417,2922.98
100663,2.7629,2.739,11.163,1415,2922.98
100668,-3.6296,-0.723,12.7108,1405,2922.98
100673,-4.6567,1.166,10.2185,1417,2922.98
100678,1.9573,3.1161,9.73,1417,2923.26
100683,2.9341,3.0586,10.9607,1405,2923.26
100688,-3.4512,-0.4357,12.6857,1405,2923.26
100693,-4.9177,0.6452,10.3777,1407,2923.26
100698,1.4629,2.9916,9.4308,1415,2923.12
100703,2.9951,3.3148,10.8984,1419,2923.12
100708,-3.1999,-0.1293,12.6067,1407,2923.12
100713,-5.0159,0.0826,10.7763,1405,2923.12
100718,0.8428,2.885,9.2512,1420,2923.41
100723,2.8886,3.5195,10.6722,1407,2923.41
100728,-2.7988,0.0634,12.3984,1399,2923.41
100733,-5.0613,-0.316,11.1678,1419,2923.41
100738,0.1496,2.7354,9.0597,1427,2923.69
100743,2.8383,3.6416,10.6506,1423,2923.69
100748,-2.1548,0.3974,12.2451,1404,2923.69
100753,-4.9536,-0.7386,11.3677,1407,2923.69
100758,-0.6333,2.5941,9.1028,1422,2923.55
100763,2.7701,3.6368,10.5225,1407,2923.55
100768,-1.1133,0.6512,12.0416,1405,2923.55
100773,-4.7297,-1.0546,11.7088,1405,2923.55
100778,-1.4784,2.3882,9.0405,1427,2922.69
100783,2.721,3.614,10.4423,1417,2922.69
100788,0.0898,1.0882,11.8525,1407,2922.69
100793,-4.4197,-1.3264,11.8669,1406,2922.69
100798,-2.2853,2.223,9.2668,1419,2922.13
100803,2.6252,3.4225,10.3046,1407,2922.13
100808,1.2091,1.5024,11.6837,1407,2922.13
100813,-4.1456,-1.3443,12.3541,1420,2922.13
100818,-3.1591,1.9345,9.3422,1423,2921.13
100823,2.4493,3.2789,10.2017,1402,2921.13
100828,2.0147,1.9489,11.4503,1422,2921.13
100833,-3.9229,-1.2737,12.4403,1414,2921.13
100838,-3.9193,1.7011,9.7252,1413,2921.13
100843,2.3236,3.201,9.9826,1423,2921.7
100848,2.5881,2.4576,11.2779,1415,2921.7
100853,-3.7864,-0.9397,12.6821,1402,2921.7
100858,-4.4592,1.2845,9.9096,1423,2921.7
100863,2.0734,3.1759,9.7827,1407,2921.13
100868,2.8347,2.9054,11.1342,1404,2921.13
100873,-3.5111,-0.5531,12.6833,1408,2921.13
100878,-4.8016,0.9852,10.3286,1405,2921.13
100883,1.6747,3.0801,9.5253,1416,2921.27
100888,2.988,3.2178,10.9032,1407,2921.27
100893,-3.3124,-0.2693,12.6174,1401,2921.27
100898,-4.9321,0.4214,10.6075,1414,2921.27
100903,1.1863,2.9461,9.2991,1419,2921.56
100908,2.9616,3.4884,10.8086,1415,2921.56
100913,-2.9473,-0.0395,12.4989,1404,2921.56
100918,-5.0338,-0.1544,10.9032,1415,2921.56
100923,0.5112,2.7557,9.1423,1419,2921.7
100928,2.8443,3.5578,10.6386,1415,2921.7
100933,-2.381,0.1844,12.2846,1401,2921.7
100938,-4.9464,-0.6009,11.2755,1418,2921.7
100943,-0.3029,2.642,9.0273,1427,2921.56
100948,2.7007,3.6595,10.659,1405,2921.56
100953,-1.5419,0.5279,12.1398,1407,2921.56
100958,-4.8052,-0.978,11.4778,1413,2921.56
100963,-1.172,2.5019,9.153,1427,2921.7
100968,2.6899,3.6069,10.477,1415,2921.7
100973,-0.4226,0.9098,11.9064,1407,2921.7
100978,-4.5502,-1.1803,11.9554,1407,2921.7
100983,-2.0387,2.302,9.1195,1423,2922.13
100988,2.6097,3.5925,10.3801,1407,2922.13
100993,0.8631,1.3491,11.7184,1405,2922.13
100998,-4.2078,-1.3647,12.1087,1444,2922.13
101003,-2.8683,2.0686,9.3386,1422,2921.84
101008,2.5139,3.3172,10.2747,1403,2921.84
101013,1.8184,1.7717,11.4622,1421,2921.84
101018,-4.0223,-1.2905,12.4678,1404,2921.84
101023,-3.6643,1.7131,9.4379,1421,2921.84
101028,2.3834,3.2896,10.1107,1405,2921.84
101033,2.466,2.2087,11.3617,1414,2921.84
101038,-3.7637,-1.1612,12.5995,1415,2921.84
101043,-4.3108,1.4736,9.9443,1417,2921.84
101048,2.1153,3.1735,9.8366,1415,2922.13
101053,2.788,2.7222,11.2097,1413,2922.13
101058,-3.6356,-0.8056,12.7611,1407,2922.13
101063,-4.7333,1.0654,10.1011,1415,2922.13
101068,1.8028,3.1412,9.5924,1415,2922.55
101073,2.9269,3.1184,11.0109,1414,2922.55
101078,-3.4034,-0.3998,12.73,1405,2922.55
101083,-4.9309,0.7266,10.5417,1404,2922.55
101088,1.3396,3.0131,9.4248,1415,2922.69
101093,3.0107,3.4225,10.8074,1418,2922.69
101098,-3.0382,-0.0994,12.548,1404,2922.69
101103,-4.9943,0.1568,10.7619,1407,2922.69
101108,0.7685,2.9161,9.1255,1427,2922.84
101113,2.9257,3.5937,10.7727,1417,2922.84
101118,-2.5881,0.1437,12.4834,1401,2922.84
101123,-4.9967,-0.3795,11.0445,1419,2922.84
101128,0.0239,2.6767,9.0848,1407,2922.98
101133,2.7282,3.5614,10.568,1419,2922.98
101138,-1.8256,0.3867,12.2344,1416,2922.98
101143,-4.8973,-0.911,11.4419,1403,2922.98
101148,-0.8332,2.5211,8.989,1428,2922.98
101153,2.6372,3.6081,10.5441,1417,2922.98
101158,-0.8763,0.7302,12.1111,1401,2922.98
101163,-4.7214,-1.1408,11.6406,1405,2922.98
101168,-1.646,2.3942,9.1459,1433,2922.41
101173,2.5762,3.5578,10.5022,1417,2922.41
101178,0.2622,1.1301,11.8226,1404,2922.41
101183,-4.464,-1.2474,12.1278,1408,2922.41
101188,-2.545,2.1751,9.1171,1431,2922.27
101193,2.5582,3.48,10.3549,1417,2922.27
101198,1.3551,1.5538,11.7005,1415,2922.27
101203,-4.112,-1.3527,12.1973,1419,2922.27
101208,-3.3651,1.9333,9.4894,1427,2922.13
101213,2.5343,3.3136,10.1107,1406,2922.13
101218,2.2565,1.9956,11.4347,1421,2922.13
101223,-3.9229,-1.1851,12.6067,1417,2922.13
101228,-4.0462,1.561,9.6546,1406,2922.13
101233,2.2817,3.1915,9.9563,1419,2922.41
101238,2.7126,2.4995,11.3006,1417,2922.41
101243,-3.6583,-1.0463,12.5971,1404,2922.41
101248,-4.5586,1.251,10.0545,1423,2922.41
101253,1.9549,3.0969,9.6642,1407,2922.84
101258,2.9676,2.9281,11.1247,1414,2922.84
101263,-3.4752,-0.5997,12.7348,1407,2922.84
101268,-4.889,0.8763,10.3322,1407,2922.84
101273,1.5993,3.0706,9.499,1407,2923.26
101278,3.0011,3.2633,10.9176,1417,2923.26
101283,-3.2705,-0.237,12.6988,1399,2923.26
101288,-5.0434,0.4322,10.6099,1407,2923.26
101293,1.0989,2.9928,9.3601,1423,2923.69
101298,2.9916,3.4979,10.7296,1417,2923.69
101303,-2.8395,0.0527,12.4941,1400,2923.69
101308,-5.023,-0.0575,10.9044,1415,2923.69
101313,0.5016,2.8252,9.0561,1401,2923.83
101318,2.9066,3.6452,10.6542,1416,2923.83
101323,-2.2122,0.2646,12.3517,1404,2923.83
101328,-4.956,-0.6835,11.1977,1421,2923.83
101333,-0.316,2.6408,9.0692,1433,2923.83
101338,2.6839,3.6129,10.5716,1417,2923.83
101343,-1.4509,0.51,12.1278,1407,2923.83
101348,-4.8459,-0.9972,11.6394,1415,2923.83
101353,-1.1923,2.4337,8.9124,1429,2923.83
101358,2.6013,3.626,10.5848,1419,2923.83
101363,-0.3926,0.8871,11.9614,1401,2923.83
101368,-4.6531,-1.2821,11.88,1404,2923.83
101373,-2.0806,2.3008,9.1638,1421,2923.12
101378,2.5618,3.5554,10.4567,1417,2923.12
101383,0.7099,1.318,11.7268,1407,2923.12
101388,-4.3299,-1.3024,12.2308,1418,2923.12
101393,-2.8826,2.0865,9.1746,1419,2922.41
101398,2.5498,3.486,10.3166,1415,2922.41
101403,1.7561,1.8423,11.5496,1419,2922.41
101408,-4.0007,-1.3048,12.3313,1403,2922.41
101413,-3.6308,1.8304,9.6127,1931,2920.85
101418,2.3906,3.2513,10.0592,1407,2920.85
101423,2.5355,2.2326,11.3581,1406,2920.85
101428,-3.7673,-1.1432,12.6103,1405,2920.85
101433,-4.2629,1.4377,9.7037,1419,2920.85
101438,2.1703,3.1568,9.8904,1417,2922.98
101443,2.8323,2.624,11.169,1406,2922.98
101448,-3.5207,-0.8487,12.6366,1405,2922.98
101453,-4.7489,1.0942,10.1239,1416,2922.98
101458,1.7945,3.0706,9.6163,1414,2921.84
101463,2.9257,3.0837,10.9798,1407,2921.84
101468,-3.3662,-0.4609,12.8018,1397,2921.84
101473,-4.9668,0.6416,10.4471,1403,2921.84
101478,1.3659,3.0215,9.4679,1407,2921.98
101483,2.9401,3.3842,10.8374,1417,2921.98
101488,-3.0885,-0.079,12.6486,1405,2921.98
101493,-5.0494,0.1856,10.7871,1413,2921.98
101498,0.8296,2.9281,9.2081,1391,2922.55
101503,2.9149,3.5494,10.6267,1415,2922.55
101508,-2.6049,0.1664,12.4068,1403,2922.55
101513,-4.9644,-0.2993,11.1438,1421,2922.55
101518,0.0886,2.7473,9.0285,1429,2922.98
101523,2.8551,3.6416,10.6614,1415,2922.98
101528,-1.8507,0.3831,12.293,1418,2922.98
101533,-4.865,-0.8775,11.3485,1413,2922.98
101538,-0.7051,2.4792,9.0525,1429,2923.55
101543,2.6851,3.5769,10.5345,1425,2923.55
101548,-0.8631,0.6548,12.0392,1404,2923.55
101553,-4.7094,-1.1325,11.7615,1427,2923.55
101558,-1.6065,2.3415,9.0261,1431,2923.55
101563,2.5402,3.5566,10.4914,1414,2923.55
101568,0.1676,1.0666,11.9267,1406,2923.55
101573,-4.5107,-1.3024,11.91,1415,2923.55
101578,-2.5127,2.2278,9.2775,1431,2922.84
101583,2.5031,3.4512,10.3094,1413,2922.84
101588,1.312,1.579,11.7663,1415,2922.84
101593,-4.2437,-1.306,12.3134,1415,2922.84
101598,-3.2777,1.9704,9.3829,1431,2924.26
101603,2.4493,3.371,10.1957,1407,2924.26
101608,2.2242,2.0387,11.4958,1417,2924.26
101613,-3.9181,-1.2115,12.4199,1413,2924.26
101618,-3.9373,1.6628,9.6606,1405,2924.26
101623,2.3212,3.2142,9.9742,1417,2923.26
101628,2.7198,2.3882,11.2982,1417,2923.26
101633,-3.6583,-0.9541,12.7048,1403,2923.26
101638,-4.4676,1.2617,9.8282,1423,2923.26
101643,2.0363,3.122,9.7779,1417,2923.83
101648,2.9293,2.824,11.1546,1407,2923.83
101653,-3.4728,-0.6979,12.6976,1416,2923.83
101658,-4.9045,0.8703,10.2867,1407,2923.83
101663,1.6556,3.0478,9.6295,1407,2923.41
101668,2.9185,3.1915,10.9535,1419,2923.41
101673,-3.3279,-0.3089,12.6402,1401,2923.41
101678,-5.0709,0.4741,10.5728,1405,2923.41
101683,1.1576,2.9928,9.3182,1421,2923.12
101688,2.9532,3.547,10.8625,1415,2923.12
101693,-3.0011,-0.0096,12.5384,1401,2923.12
101698,-5.0889,0.0395,10.9654,1418,2923.12
101703,0.498,2.8742,9.1411,1416,2922.84
101708,2.891,3.6416,10.6674,1415,2922.84
101713,-2.3308,0.2406,12.299,1403,2922.84
101718,-4.974,-0.4525,11.2432,1417,2922.84
101723,-0.1939,2.6552,9.0345,1427,2922.69
101728,2.8287,3.6428,10.6518,1415,2922.69
101733,-1.4617,0.5255,12.1841,1415,2922.69
101738,-4.8291,-0.9661,11.4539,1408,2922.69
101743,-1.057,2.4505,9.0429,1419,2921.98
101748,2.6432,3.5003,10.4459,1420,2921.98
101753,-0.4357,0.8056,11.9806,1405,2921.98
101758,-4.6304,-1.2594,11.9076,1405,2921.98
101763,-1.9728,2.2901,9.0357,1417,2921.56
101768,2.5007,3.5183,10.477,1417,2921.56
101773,0.674,1.2881,11.8321,1405,2921.56
101778,-4.3598,-1.3874,12.0273,1423,2921.56
101783,-2.7976,2.1608,9.3302,1420,2921.13
101788,2.4756,3.4225,10.2975,1404,2921.13
101793,1.749,1.8268,11.5796,1423,2921.13
101798,-4.118,-1.2438,12.4822,1407,2921.13
101803,-3.614,1.8471,9.4691,1407,2921.13
101808,2.3643,3.3519,10.1981,1419,2920.28
101813,2.4433,2.2601,11.382,1405,2920.28
101818,-3.735,-1.1025,12.5157,1404,2920.28
101823,-4.2018,1.4808,9.8617,1430,2920.28
101828,2.1572,3.1807,9.8019,1415,2919.85
101833,2.9245,2.6576,11.1546,1407,2919.85
101838,-3.4895,-0.7997,12.7395,1405,2919.85
101843,-4.6663,1.0127,10.1191,1408,2919.85
101848,1.8543,3.061,9.6558,1415,2919.57
101853,2.9353,3.0682,10.9798,1415,2919.57
101858,-3.3531,-0.4872,12.5851,1405,2919.57
101863,-4.968,0.5842,10.5465,1402,2919.57
101868,1.2474,2.9856,9.4559,1420,2919.28
101873,2.8359,3.4022,10.8601,1417,2919.28
101878,-3.1149,-0.0646,12.5779,1405,2919.28
101883,-5.035,0.1844,10.8182,1414,2919.28
101888,0.7147,2.9113,9.2859,1426,2919.14
101893,2.8132,3.626,10.7069,1415,2919.14
101898,-2.5343,0.1856,12.4666,1413,2919.14
101903,-5.0159,-0.34,11.1091,1415,2919.14
101908,-0.0132,2.7426,9.1686,1431,2919.0
101913,2.7689,3.6607,10.5824,1417,2919.0
101918,-1.7274,0.4465,12.2128,1407,2919.0
101923,-4.7657,-0.8056,11.4586,1413,2919.0
101928,-0.9361,2.5139,9.0405,1431,2919.0
101933,2.636,3.5901,10.574,1419,2919.0
101938,-0.5782,0.8248,12.0225,1403,2919.0
101943,-4.6292,-1.2833,11.7053,1405,2919.0
101948,-1.8292,2.3212,9.1734,1423,2919.28
101953,2.557,3.4488,10.3872,1408,2919.28
101958,0.583,1.1935,11.7364,1406,2919.28
101963,-4.4125,-1.3539,12.1278,1419,2919.28
101968,-2.6947,2.059,9.2045,1423,2919.99
101973,2.4684,3.4225,10.3621,1403,2919.99
101978,1.5514,1.7514,11.6095,1421,2919.99
101983,-4.1456,-1.3096,12.2966,1407,2919.99
101988,-3.4895,1.8711,9.6307,1415,2919.99
101993,2.4038,3.2908,10.0556,1421,2919.99
101998,2.3631,2.2003,11.4191,1413,2919.99
102003,-3.9049,-1.0977,12.5708,1403,2919.99
102008,-4.136,1.5323,9.7743,1423,2919.99
102013,2.2039,3.2022,9.9132,1405,2919.71
102018,2.8168,2.6755,11.2659,1416,2919.71
102023,-3.5901,-0.82,12.5815,1404,2919.71
102028,-4.5586,1.142,10.1598,1417,2919.71
102033,1.8651,3.067,9.6343,1416,2919.71
102038,3.0023,3.0358,11.0325,1407,2919.71
102043,-3.3459,-0.5112,12.6641,1404,2919.71
102048,-4.9009,0.6129,10.4256,1405,2919.71
102053,1.409,2.9939,9.4248,1419,2919.71
102058,2.8886,3.31,10.8397,1417,2919.71
102063,-3.1388,-0.176,12.621,1405,2919.71
102068,-5.1188,0.1425,10.7356,1415,2919.71
102073,0.7793,2.9125,9.2751,1421,2919.71
102078,2.7605,3.5602,10.72,1415,2919.71
102083,-2.6767,0.1496,12.4343,1405,2919.71
102088,-5.0482,-0.3029,11.1187,1433,2919.71
102093,0.0323,2.7797,9.1578,1421,2919.99
102098,2.7354,3.7158,10.6781,1416,2919.99
102103,-1.889,0.4441,12.2212,1416,2919.99
102108,-4.9201,-0.7566,11.3653,1407,2919.99
102113,-0.7865,2.5702,9.0656,1427,2919.99
102118,2.7354,3.7026,10.556,1419,2919.99
102123,-0.8631,0.7422,11.9854,1406,2919.99
102128,-4.64,-1.1025,11.8609,1406,2919.99
102133,-1.67,2.2829,9.0357,1428,2919.71
102138,2.5953,3.5554,10.4746,1415,2919.71
102143,0.3759,1.1061,11.7747,1403,2919.71
102148,-4.3934,-1.3838,11.9566,1419,2919.71
102153,-2.6169,2.1404,9.3039,1431,2920.42
102158,2.4768,3.3866,10.3334,1405,2920.42
102163,1.4509,1.579,11.6993,1417,2920.42
102168,-4.2234,-1.4054,12.3744,1406,2920.42
102173,-3.4596,1.8292,9.3709,1415,2919.71
102178,2.387,3.3088,10.1825,1413,2919.71
102183,2.2063,2.0842,11.4718,1403,2919.71
102188,-3.9265,-1.172,12.5013,1403,2919.71
102193,-4.0881,1.6879,9.8833,1419,2919.71
102198,2.1823,3.2226,9.9455,1413,2920.42
102203,2.7665,2.6085,11.2671,1404,2920.42
102208,-3.6117,-0.8619,12.6761,1405,2920.42
102213,-4.5669,1.2282,9.9683,1417,2920.42
102218,1.9501,3.1627,9.7252,1415,2920.13
102223,2.9939,2.9832,11.0301,1407,2920.13
102228,-3.3531,-0.5351,12.7659,1407,2920.13
102233,-4.883,0.747,10.4064,1403,2920.13
102238,1.5119,3.0466,9.5062,1420,2920.42
102243,2.9796,3.2717,10.805,1417,2920.42
102248,-3.1448,-0.2322,12.6366,1401,2920.42
102253,-5.0194,0.1844,10.6865,1408,2920.42
102258,0.9421,2.9042,9.3039,1421,2920.7
102263,2.8264,3.4812,10.7476,1407,2920.7
102268,-2.7593,0.0874,12.4965,1403,2920.7
102273,-5.0685,-0.2885,10.9966,1419,2920.7
102278,0.1915,2.8323,9.1901,1430,2920.56
102283,2.7246,3.6392,10.6494,1415,2920.56
102288,-2.0901,0.3615,12.1937,1416,2920.56
102293,-4.9201,-0.6297,11.4048,1406,2920.56
102298,-0.6105,2.5953,9.0333,1427,2920.56
102303,2.709,3.6966,10.6494,1421,2920.56
102308,-1.0834,0.7219,12.1171,1407,2920.56
102313,-4.6974,-1.0906,11.6203,1405,2920.56
102318,-1.5143,2.4074,9.1435,1430,2920.85
102323,2.6755,3.5602,10.4399,1413,2920.85
102328,0.1832,1.0439,11.8669,1399,2920.85
102333,-4.4867,-1.3024,12.0261,1419,2920.85
102338,-2.4026,2.1428,9.1435,1429,2920.99
102343,2.6037,3.4369,10.3597,1405,2920.99
102348,1.239,1.4844,11.6969,1416,2920.99
102353,-4.1982,-1.4257,12.1661,1407,2920.99
102358,-3.2453,1.9321,9.4858,1431,2920.99
102363,2.4241,3.2477,10.1957,1395,2920.99
102368,2.1021,1.968,11.558,1416,2920.99
102373,-3.9923,-1.2438,12.4941,1415,2920.99
102378,-3.972,1.6747,9.6007,1407,2920.99
102383,2.296,3.2896,10.0616,1415,2920.85
102388,2.6372,2.4983,11.3545,1416,2920.85
102393,-3.7062,-0.9649,12.6115,1405,2920.85
102398,-4.4496,1.3838,10.0221,1416,2920.85
102403,2.0339,3.1795,9.7408,1405,2921.13
102408,2.9497,2.9006,11.0576,1407,2921.13
102413,-3.4417,-0.5962,12.712,1413,2921.13
102418,-4.8495,0.8799,10.3058,1407,2921.13
102423,1.664,3.1256,9.5517,1415,2920.85
102428,2.9963,3.2334,10.9403,1418,2920.85
102433,-3.1915,-0.2957,12.7012,1408,2920.85
102438,-4.9895,0.3567,10.6027,1407,2920.85
102443,1.1181,2.9161,9.2811,1422,2920.85
102448,2.9808,3.4536,10.7955,1416,2920.85
102453,-2.885,-0.0323,12.4642,1399,2920.85
102458,-5.0039,-0.1329,10.9523,1425,2920.85
102463,0.4226,2.7916,9.098,1427,2920.85
102468,2.7641,3.6224,10.7787,1417,2920.85
102473,-2.2793,0.2873,12.3433,1415,2920.85
102478,-5.0709,-0.6369,11.1486,1401,2920.85
102483,-0.3974,2.6695,9.159,1427,2920.56
102488,2.6959,3.6583,10.6027,1415,2920.56
102493,-1.4054,0.6009,12.1302,1407,2920.56
102498,-4.8088,-0.9325,11.5736,1407,2920.56
102503,-1.2019,2.4816,9.013,1433,2920.13
102508,2.6181,3.6188,10.5201,1416,2920.13
102513,-0.231,0.9529,11.9483,1407,2920.13
102518,-4.5382,-1.3168,11.8094,1421,2920.13
102523,-2.1416,2.3152,9.2069,1430,2919.71
102528,2.6252,3.4393,10.4351,1407,2919.71
102533,1.0319,1.3731,11.7029,1407,2919.71
102538,-4.2665,-1.3384,12.2595,1418,2919.71
102543,-2.9904,1.9668,9.2213,1428,2920.13
102548,2.5187,3.4022,10.2963,1401,2920.13
102553,1.907,1.8411,11.5365,1416,2920.13
102558,-3.9612,-1.3348,12.3888,1407,2920.13
102563,-3.7517,1.7538,9.6187,1403,2920.13
102568,2.3703,3.2142,9.973,1417,2920.28
102573,2.5845,2.326,11.3437,1415,2920.28
102578,-3.8235,-1.0163,12.6929,1405,2920.28
102583,-4.3323,1.3707,9.8904,1419,2920.28
102588,2.0949,3.1987,9.8426,1415,2920.56
102593,2.8647,2.8084,11.1606,1415,2920.56
102598,-3.5566,-0.7015,12.7024,1413,2920.56
102603,-4.7728,1.0822,10.2639,1401,2920.56
102608,1.7502,3.0945,9.59,1415,2920.42
102613,3.0059,3.1496,10.9331,1419,2920.42
102618,-3.3196,-0.3926,12.6869,1413,2920.42
102623,-4.9428,0.5267,10.6015,1405,2920.42
102628,1.2701,3.0311,9.3386,1419,2920.42
102633,2.9724,3.474,10.8038,1418,2920.42
102638,-2.9904,-0.0874,12.5648,1403,2920.42
102643,-5.0374,0.0347,10.8469,1417,2920.42
102648,0.6488,2.8527,9.1854,1423,2919.99
102653,2.8395,3.553,10.6303,1417,2919.99
102658,-2.4385,0.1688,12.3277,1405,2919.99
102663,-4.9476,-0.5136,11.1522,1407,2919.99
102668,-0.1987,2.6588,9.0513,1430,2919.99
102673,2.6743,3.6691,10.6326,1415,2919.99
102678,-1.585,0.4812,12.208,1415,2919.99
102683,-4.8495,-0.9553,11.4132,1405,2919.99
102688,-1.0511,2.5762,9.0956,1431,2919.71
102693,2.6324,3.6093,10.4926,1418,2919.71
102698,-0.4573,0.8511,11.9938,1407,2919.71
102703,-4.6232,-1.1863,11.9195,1405,2919.71
102708,-1.9393,2.3248,9.007,1432,2919.42
102713,2.5989,3.5865,10.4926,1415,2919.42
102718,0.7171,1.2881,11.819,1405,2919.42
102723,-4.2832,-1.3491,12.056,1421,2919.42
102728,-2.7988,2.1033,9.3721,1433,2919.42
102733,2.4888,3.3962,10.2663,1407,2919.42
102738,1.7597,1.725,11.5568,1419,2919.42
102743,-4.045,-1.2773,12.3912,1405,2919.42
102748,-3.62,1.7885,9.5038,1406,2919.42
102753,2.3978,3.2932,10.1718,1419,2919.28
102758,2.4936,2.2446,11.4036,1417,2919.28
102763,-3.7625,-1.148,12.4331,1403,2919.28
102768,-4.2569,1.4796,9.8282,1421,2919.28
102773,2.1476,3.1244,9.8198,1415,2919.99
102778,2.8383,2.6863,11.224,1407,2919.99
102783,-3.5638,-0.8356,12.6522,1415,2919.99
102788,-4.6878,1.0906,10.1239,1404,2919.99
102793,1.8064,3.1591,9.6235,1415,2920.28
102798,2.964,3.1017,11.0468,1421,2920.28
102803,-3.3196,-0.4477,12.6581,1403,2920.28
102808,-5.0362,0.6967,10.4591,1405,2920.28
102813,1.3671,3.0143,9.4068,1423,2920.56
102818,3.0071,3.3974,10.7571,1415,2920.56
102823,-3.0969,-0.1281,12.572,1399,2920.56
102828,-4.9584,0.1413,10.823,1415,2920.56
102833,0.7374,2.9556,9.183,1416,2920.85
102838,2.891,3.559,10.7248,1417,2920.85
102843,-2.557,0.2011,12.4439,1405,2920.85
102848,-4.9979,-0.3759,11.1103,1413,2920.85
102853,0.0072,2.7222,9.1195,1431,2921.13
102858,2.7557,3.6093,10.6195,1413,2921.13
102863,-1.7585,0.3998,12.1398,1415,2921.13
102868,-4.8447,-0.8272,11.5377,1406,2921.13
102873,-0.844,2.5115,8.9399,1423,2920.99
102878,2.6456,3.6081,10.6147,1419,2920.99
102883,-0.7685,0.7769,12.0117,1405,2920.99
102888,-4.6699,-1.233,11.655,1407,2920.99
102893,-1.7322,2.3092,9.183,1413,2920.85
102898,2.5833,3.5243,10.4734,1419,2920.85
102903,0.4441,1.1468,11.7867,1415,2920.85
102908,-4.4436,-1.2905,12.0787,1419,2920.85
102913,-2.6133,2.1177,9.1423,1432,2920.13
102918,2.5343,3.45,10.3573,1405,2920.13
102923,1.5431,1.6508,11.6957,1421,2920.13
102928,-4.1276,-1.3084,12.2116,1413,2920.13
102933,-3.4022,1.9561,9.5565,1403,2920.13
102938,2.4361,3.2968,10.1179,1427,2920.85
102943,2.3272,2.1261,11.4132,1419,2920.85
102948,-3.8559,-1.1456,12.5432,1407,2920.85
102953,-4.1096,1.5359,9.6163,1419,2920.85
102958,2.2134,3.2094,9.973,1416,2920.56
102963,2.8515,2.5833,11.1917,1408,2920.56
102968,-3.5949,-0.8739,12.5552,1407,2920.56
102973,-4.634,1.2043,10.0401,1403,2920.56
102978,1.9309,3.1268,9.7683,1417,2920.56
102983,2.9473,2.9389,10.9547,1415,2920.56
102988,-3.4069,-0.5315,12.6857,1400,2920.56
102993,-4.8818,0.7458,10.3669,1404,2920.56
102998,1.4401,3.0646,9.517,1423,2920.85
103003,2.9616,3.3363,10.8769,1415,2920.85
103008,-3.1663,-0.2167,12.6773,1405,2920.85
103013,-5.0589,0.243,10.7212,1413,2920.85
103018,0.9026,2.9341,9.3122,1421,2920.85
103023,2.8874,3.4788,10.7488,1416,2920.85
103028,-2.7557,0.1006,12.469,1405,2920.85
103033,-5.0159,-0.2107,11.1007,1415,2920.85
103038,0.2095,2.7234,9.0752,1431,2920.85
103043,2.8024,3.6392,10.6638,1415,2920.85
103048,-2.0051,0.3891,12.3014,1419,2920.85
103053,-4.9129,-0.6895,11.2875,1407,2920.85
103058,-0.589,2.575,9.1327,1427,2920.7
103063,2.7342,3.5721,10.5477,1417,2920.7
103068,-0.996,0.6452,12.0871,1405,2920.7
103073,-4.7046,-1.1049,11.7424,1406,2920.7
103078,-1.4712,2.3535,9.0441,1418,2920.56
103083,2.5833,3.5614,10.5153,1418,2920.56
103088,0.152,1.0678,11.8908,1407,2920.56
103093,-4.4831,-1.3479,11.807,1423,2920.56
103098,-2.3559,2.2158,9.2847,1418,2920.56
103103,2.4565,3.3842,10.3645,1405,2920.56
103108,1.2797,1.5107,11.7268,1421,2920.56
103113,-4.282,-1.3001,12.3206,1403,2920.56
103118,-3.2034,1.9597,9.3182,1414,2920.56
103123,2.4217,3.3208,10.2304,1425,2919.85
103128,2.15,2.0004,11.4802,1407,2919.85
103133,-3.9337,-1.221,12.3888,1403,2919.85
103138,-3.8942,1.6807,9.7444,1421,2919.85
103143,2.2661,3.2358,9.9683,1417,2919.57
103148,2.6971,2.4648,11.2934,1417,2919.57
103153,-3.6284,-0.8847,12.6426,1403,2919.57
103158,-4.4843,1.2127,9.9359,1419,2919.57
103163,1.974,3.1699,9.7528,1415,2919.57
103168,2.9269,2.8958,11.1103,1407,2919.57
103173,-3.3686,-0.6309,12.6354,1407,2919.57
103178,-4.8902,0.8344,10.3741,1403,2919.57
103183,1.5622,3.0502,9.5409,1415,2919.85
103188,2.9748,3.2322,10.9188,1417,2919.85
103193,-3.2477,-0.3412,12.5779,1403,2919.85
103198,-4.9967,0.3316,10.6602,1407,2919.85
103203,0.9948,2.9604,9.3242,1419,2919.99
103208,2.8515,3.5626,10.8386,1417,2919.99
103213,-2.8718,0.0479,12.4953,1403,2919.99
103218,-5.047,-0.1317,11.0289,1419,2919.99
103223,0.3244,2.7964,9.1782,1431,2920.28
103228,2.818,3.6536,10.6183,1405,2920.28
103233,-2.1787,0.3675,12.3242,1417,2920.28
103238,-4.9321,-0.5626,11.3677,1407,2920.28
103243,-0.4549,2.6324,9.0285,1427,2920.56
103248,2.7306,3.6452,10.568,1419,2920.56
103253,-1.2151,0.6369,12.1434,1405,2920.56
103258,-4.7501,-1.0092,11.5065,1405,2920.56
103263,-1.3024,2.4493,9.1291,1434,2920.56
103268,2.6264,3.5183,10.4698,1416,2920.56
103273,-0.0204,0.9864,11.8525,1406,2920.56
103278,-4.5179,-1.3012,11.9483,1420,2920.56
103283,-2.1787,2.1955,9.0764,1427,2920.85
103288,2.5091,3.4309,10.4256,1405,2920.85
103293,1.0977,1.4365,11.6634,1417,2920.85
103298,-4.2832,-1.3922,12.1398,1404,2920.85
103303,-3.0514,2.0231,9.3889,1415,2920.7
103308,2.4421,3.3279,10.2568,1413,2920.7
103313,1.9848,1.9237,11.4982,1414,2920.7
103318,-4.0414,-1.1875,12.5588,1405,2920.7
103323,-3.802,1.7166,9.5636,1416,2920.7
103328,2.296,3.3004,10.0916,1417,2920.56
103333,2.569,2.466,11.3078,1408,2920.56
103338,-3.7601,-0.984,12.4726,1405,2920.56
103343,-4.3311,1.4078,9.9563,1418,2920.56
103348,2.1033,3.1424,9.7719,1415,2920.56
103353,2.9544,2.8024,11.1318,1405,2920.56
103358,-3.5123,-0.6548,12.7096,1405,2920.56
103363,-4.725,0.9361,10.1945,1405,2920.56
103368,1.6903,3.055,9.56,1408,2919.99
103373,2.97,3.1532,10.9678,1421,2919.99
103378,-3.231,-0.3831,12.6246,1405,2919.99
103383,-4.974,0.4597,10.5393,1407,2919.99
103388,1.1456,2.9054,9.4475,1425,2919.71
103393,2.9113,3.3962,10.7907,1417,2919.71
103398,-2.9676,-0.0587,12.4786,1401,2919.71
103403,-5.0218,-0.0599,10.8242,1423,2919.71
103408,0.4944,2.8659,9.171,1429,2919.99
103413,2.7988,3.6248,10.6901,1407,2919.99
103418,-2.3942,0.2945,12.4223,1417,2919.99
103423,-5.0123,-0.504,11.1893,1407,2919.99
103428,-0.3364,2.7306,9.1626,1427,2920.13
103433,2.6899,3.6464,10.5872,1414,2920.13
103438,-1.4317,0.5459,12.1386,1405,2920.13
103443,-4.8387,-0.893,11.5604,1405,2920.13
103448,-1.1301,2.49,8.9986,1431,2919.99
103453,2.6492,3.6057,10.5644,1407,2919.99
103458,-0.3256,0.9421,11.9159,1407,2919.99
103463,-4.5669,-1.2605,11.789,1421,2919.99
103468,-1.9764,2.2793,9.2069,1429,2919.85
103473,2.5953,3.4333,10.416,1407,2919.85
103478,0.8739,1.3012,11.7136,1403,2919.85
103483,-4.3263,-1.3384,12.2044,1415,2919.85
103488,-2.9137,1.9896,9.2608,1433,2919.57
103493,2.4457,3.3567,10.2843,1407,2919.57
103498,1.7753,1.828,11.5484,1417,2919.57
103503,-4.1096,-1.324,12.299,1407,2919.57
103508,-3.7206,1.7717,9.6522,1413,2919.57
103513,2.3008,3.1675,9.9922,1416,2919.57
103518,2.4612,2.3092,11.4168,1417,2919.57
103523,-3.8307,-1.0008,12.6366,1405,2919.57
103528,-4.2976,1.4246,9.9168,1417,2919.57
103533,2.0865,3.219,9.8737,1415,2919.57
103538,2.8635,2.806,11.2085,1416,2919.57
103543,-3.5374,-0.7123,12.6366,1413,2919.57
103548,-4.7178,1.0451,10.1825,1407,2919.57
103553,1.7933,3.0658,9.6223,1416,2919.42
103558,3.0478,3.1388,10.9331,1419,2919.42
103563,-3.3028,-0.3519,12.6857,1407,2919.42
103568,-4.8937,0.5195,10.5117,1413,2919.42
103573,1.2462,3.0095,9.408,1421,2919.42
103578,2.9102,3.3519,10.8158,1417,2919.42
103583,-3.0011,-0.1197,12.572,1403,2919.42
103588,-5.0494,-0.073,10.8266,1421,2919.42
103593,0.5746,2.8395,9.232,1429,2919.28
103598,2.7713,3.5303,10.6889,1415,2919.28
103603,-2.5151,0.2131,12.3265,1419,2919.28
103608,-5.0254,-0.4932,11.2671,1406,2919.28
103613,-0.1748,2.6983,9.0585,1422,2919.42
103618,2.7402,3.6955,10.6482,1421,2919.42
103623,-1.6735,0.571,12.1063,1404,2919.42
103628,-4.8578,-0.8715,11.5281,1407,2919.42
103633,-1.0391,2.5654,9.0968,1430,2919.57
103638,2.6516,3.6488,10.5309,1413,2919.57
103643,-0.4669,0.82,11.9435,1407,2919.57
103648,-4.6316,-1.1001,11.8896,1415,2919.57
103653,-1.8998,2.2793,9.0417,1427,2919.85
103658,2.6252,3.541,10.4698,1407,2919.85
103663,0.7542,1.257,11.746,1414,2919.85
103668,-4.3036,-1.415,12.0129,1417,2919.85
103673,-2.7797,2.0818,9.3709,1431,2919.99
103678,2.5079,3.286,10.258,1407,2919.99
103683,1.7406,1.7262,11.6059,1417,2919.99
103688,-4.1252,-1.3491,12.4008,1406,2919.99
103693,-3.5733,1.7561,9.4822,1407,2919.99
103698,2.314,3.2477,10.1526,1417,2919.85
103703,2.3894,2.2446,11.3557,1407,2919.85
103708,-3.8427,-1.1444,12.5241,1405,2919.85
103713,-4.2772,1.5311,9.8521,1419,2919.85
103718,2.1308,3.1771,9.8629,1407,2919.71
103723,2.8084,2.7126,11.1737,1405,2919.71
103728,-3.5757,-0.7578,12.7276,1407,2919.71
103733,-4.6424,1.1025,10.0987,1404,2919.71
103738,1.8459,3.1795,9.6666,1407,2919.71
103743,2.9604,3.1244,10.9678,1421,2919.71
103748,-3.3196,-0.4082,12.7527,1407,2919.71
103753,-4.9285,0.6141,10.4471,1405,2919.71
103758,1.3803,3.0203,9.408,1427,2919.42
103763,2.9939,3.3495,10.8182,1407,2919.42
103768,-3.0478,-0.164,12.5576,1401,2919.42
103773,-4.9799,0.0431,10.8852,1421,2919.42
103778,0.7075,2.8204,9.1913,1419,2918.57
103783,2.7976,3.5686,10.7619,1417,2918.57
103788,-2.569,0.1604,12.4091,1416,2918.57
103793,-4.9931,-0.4681,11.0947,1405,2918.57
103798,-0.0622,2.6971,9.1243,1427,2918.0
103803,2.7162,3.6093,10.5943,1420,2918.0
103808,-1.743,0.4561,12.2224,1407,2918.0
103813,-4.8447,-0.8284,11.5029,1405,2918.0
103818,-0.9146,2.575,8.9938,1431,2917.72
103823,2.6133,3.6595,10.5716,1407,2917.72
103828,-0.6261,0.826,12.044,1413,2917.72
103833,-4.6436,-1.1791,11.6765,1417,2917.72
103838,-1.8447,2.3894,9.2392,1429,2917.29
103843,2.5809,3.5087,10.3789,1406,2917.29
103848,0.6764,1.2151,11.7771,1407,2917.29
103853,-4.3335,-1.2977,12.1206,1416,2917.29
103858,-2.7653,2.071,9.262,1433,2917.58
103863,2.5498,3.3662,10.3286,1403,2917.58
103868,1.7454,1.7382,11.5424,1422,2917.58
103873,-4.033,-1.3707,12.2751,1405,2917.58
103878,-3.5674,1.8004,9.5409,1405,2917.58
103883,2.3607,3.1963,10.167,1407,2918.0
103888,2.4624,2.1775,11.388,1414,2918.0
103893,-3.814,-1.1588,12.6186,1403,2918.0
103898,-4.2234,1.4664,9.7791,1418,2918.0
103903,2.1428,3.1687,9.9527,1407,2918.43
103908,2.8108,2.7246,11.2085,1415,2918.43
103913,-3.6069,-0.8236,12.6366,1413,2918.43
103918,-4.6926,1.1588,10.1909,1404,2918.43
103923,1.7945,3.0754,9.6977,1415,2918.0
103928,2.9772,3.0897,10.9463,1419,2918.0
103933,-3.3806,-0.4274,12.6318,1403,2918.0
103938,-4.877,0.6416,10.5548,1408,2918.0
103943,1.3001,3.0107,9.414,1417,2918.15
103948,2.9736,3.4225,10.8697,1417,2918.15
103953,-3.0514,-0.0946,12.5468,1404,2918.15
103958,-4.9608,0.097,10.8278,1423,2918.15
103963,0.7015,2.8874,9.2009,1428,2918.0
103968,2.8599,3.5638,10.6997,1415,2918.0
103973,-2.5091,0.1592,12.3708,1416,2918.0
103978,-4.9752,-0.3962,11.1115,1405,2918.0
103983,-0.0599,2.7246,9.0585,1430,2918.57
103988,2.7114,3.6583,10.6326,1421,2918.57
103993,-1.7346,0.4681,12.1853,1407,2918.57
103998,-4.8447,-0.8918,11.4263,1400,2918.57
104003,-0.9804,2.5714,9.1925,1433,2918.86
104008,2.545,3.5973,10.5393,1415,2918.86
104013,-0.5686,0.8631,11.9698,1405,2918.86
104018,-4.6543,-1.1588,11.795,1419,2918.86
104023,-1.8627,2.3403,9.0896,1427,2918.86
104028,2.557,3.5147,10.4507,1413,2918.86
104033,0.6668,1.3084,11.825,1415,2918.86
104038,-4.3562,-1.3348,12.038,1413,2918.86
104043,-2.739,2.1404,9.341,1429,2918.71
104048,2.5163,3.3962,10.3238,1413,2918.71
104053,1.7561,1.7286,11.5436,1417,2918.71
104058,-4.0175,-1.2845,12.4534,1407,2918.71
104063,-3.5626,1.7621,9.4894,1405,2918.71
104068,2.3978,3.3232,10.1335,1417,2918.86
104073,2.4864,2.2326,11.3904,1415,2918.86
104078,-3.8044,-1.1349,12.5061,1403,2918.86
104083,-4.2557,1.5119,9.8557,1416,2918.86
104088,2.1548,3.1591,9.8821,1415,2918.43
104093,2.8563,2.66,11.1809,1415,2918.43
104098,-3.5829,-0.7961,12.6234,1407,2918.43
104103,-4.6878,1.0475,10.1574,1405,2918.43
104108,1.7957,3.0993,9.7193,1417,2918.71
104113,2.9568,3.0993,11.0217,1421,2918.71
104118,-3.3878,-0.4262,12.6378,1403,2918.71
104123,-4.9871,0.656,10.4782,1403,2918.71
104128,1.3132,2.9939,9.4188,1421,2918.71
104133,2.9772,3.4117,10.8026,1417,2918.71
104138,-3.0538,-0.1173,12.5348,1401,2918.71
104143,-5.0051,0.1676,10.8122,1421,2918.71
104148,0.7195,2.9269,9.2883,1431,2918.86
104153,2.8503,3.5662,10.6841,1415,2918.86
104158,-2.5079,0.1987,12.457,1419,2918.86
104163,-4.9356,-0.3938,11.0576,1403,2918.86
104168,-0.0467,2.7378,9.1734,1427,2918.71
104173,2.745,3.5554,10.5369,1421,2918.71
104178,-1.6843,0.4465,12.2212,1406,2918.71
104183,-4.8399,-0.8679,11.4766,1406,2918.71
104188,-0.8942,2.5115,9.0118,1433,2918.71
104193,2.6073,3.5853,10.5309,1407,2918.71
104198,-0.6261,0.8045,11.9411,1407,2918.71
104203,-4.5729,-1.2198,11.6981,1407,2918.71
104208,-1.8531,2.332,9.1794,1429,2918.71
104213,2.5175,3.4931,10.4363,1413,2918.71
104218,0.6021,1.2546,11.795,1414,2918.71
104223,-4.4173,-1.2821,12.1973,1407,2918.71
104228,-2.7342,2.0818,9.2404,1432,2919.14
104233,2.4397,3.4261,10.3394,1413,2919.14
104238,1.6903,1.743,11.6203,1407,2919.14
104243,-4.039,-1.2965,12.2164,1405,2919.14
104248,-3.5231,1.8699,9.578,1416,2919.14
104253,2.4002,3.2525,10.0808,1423,2918.86
104258,2.4493,2.2134,11.4299,1417,2918.86
104263,-3.8092,-1.057,12.5001,1404,2918.86
104268,-4.1635,1.4581,9.7552,1423,2918.86
104273,2.1871,3.2106,9.9024,1417,2919.42
104278,2.8886,2.6552,11.1833,1413,2919.42
104283,-3.5602,-0.8787,12.5612,1404,2919.42
104288,-4.6843,1.1049,10.1478,1405,2919.42
104293,1.8016,3.0646,9.7169,1415,2919.71
104298,2.9652,3.0358,11.0181,1417,2919.71
104303,-3.3974,-0.492,12.6498,1413,2919.71
104308,-4.9297,0.6237,10.4196,1407,2919.71
104313,1.3659,3.0275,9.4415,1427,2920.42
104318,2.9437,3.3758,10.8134,1417,2920.42
104323,-3.1065,-0.1101,12.6162,1405,2920.42
104328,-5.114,0.1963,10.7775,1421,2920.42
104333,0.7015,2.9042,9.2344,1429,2920.7
104338,2.9102,3.5207,10.7164,1415,2920.7
104343,-2.6013,0.1413,12.3828,1415,2920.7
104348,-5.0027,-0.3256,11.1019,1404,2920.7
104353,0.0072,2.7593,9.0872,1427,2920.56
104358,2.7821,3.6691,10.6937,1419,2920.56
104363,-1.8292,0.425,12.2128,1405,2920.56
104368,-4.8806,-0.7997,11.3749,1403,2920.56
104373,-0.7805,2.5367,9.104,1429,2920.7
104378,2.6971,3.5973,10.5692,1415,2920.7
104383,-0.7841,0.729,11.9674,1407,2920.7
104388,-4.6543,-1.0834,11.8094,1405,2920.7
104393,-1.6676,2.3631,9.0501,1431,2920.56
104398,2.557,3.5135,10.5058,1423,2920.56
104403,0.3496,1.1636,11.8693,1417,2920.56
104408,-4.4472,-1.3611,11.9578,1415,2920.56
104413,-2.5367,2.1811,9.3051,1420,2919.85
104418,2.4612,3.3627,10.2675,1407,2919.85
104423,1.488,1.6783,11.6406,1417,2919.85
104428,-4.1743,-1.3324,12.4163,1405,2919.85
104433,-3.4237,1.883,9.4224,1413,2919.85
104438,2.3631,3.3279,10.1778,1415,2920.56
104443,2.2673,2.1189,11.4203,1416,2920.56
104448,-3.8678,-1.1696,12.4068,1405,2920.56
104453,-4.0318,1.579,9.7791,1417,2920.56
104458,2.2482,3.2334,9.9395,1421,2919.99
104463,2.7964,2.5654,11.218,1407,2919.99
104468,-3.6356,-0.8523,12.7132,1407,2919.99
104473,-4.5203,1.1983,10.0066,1403,2919.99
104478,1.907,3.1711,9.6474,1419,2919.85
104483,2.9724,2.9461,11.0301,1415,2919.85
104488,-3.3172,-0.565,12.6605,1407,2919.85
104493,-4.8961,0.7039,10.3597,1407,2919.85
104498,1.4688,3.0502,9.5289,1427,2919.85
104503,2.9688,3.2801,10.8505,1417,2919.85
104508,-3.1891,-0.2035,12.6067,1403,2919.85
104513,-5.0242,0.1975,10.7488,1423,2919.85
104518,0.8392,2.9497,9.2668,1428,2919.99
104523,2.8276,3.4991,10.8182,1419,2919.99
104528,-2.7665,0.1377,12.4654,1417,2919.99
104533,-5.0542,-0.2107,11.0205,1406,2919.99
104538,0.1724,2.7785,9.1949,1427,2920.13
104543,2.7593,3.6559,10.6386,1416,2920.13
104548,-2.0614,0.3867,12.2787,1404,2920.13
104553,-4.8985,-0.6273,11.4239,1405,2920.13
104558,-0.6033,2.6312,9.0417,1432,2920.28
104563,2.7641,3.6284,10.5884,1421,2920.28
104568,-1.0475,0.7135,12.0919,1405,2920.28
104573,-4.7106,-1.1229,11.6382,1415,2920.28
104578,-1.5107,2.4313,9.2404,1427,2919.85
104583,2.5929,3.5195,10.3848,1419,2919.85
104588,0.1628,1.0546,11.9243,1407,2919.85
104593,-4.4831,-1.3324,12.0584,1415,2919.85
104598,-2.4337,2.1452,9.1686,1431,2919.71
104603,2.484,3.3962,10.3585,1415,2919.71
104608,1.2809,1.5095,11.71,1420,2919.71
104613,-4.2437,-1.3838,12.208,1403,2919.71
104618,-3.2705,1.9812,9.4667,1413,2919.71
104623,2.3679,3.2669,10.173,1415,2919.42
104628,2.1691,2.0219,11.479,1419,2919.42
104633,-3.9516,-1.1636,12.5612,1405,2919.42
104638,-3.9504,1.6628,9.6678,1419,2919.42
104643,2.2446,3.2561,10.0652,1414,2919.42
104648,2.7342,2.4995,11.2516,1413,2919.42
104653,-3.6512,-0.8787,12.6067,1407,2919.42
104658,-4.4951,1.2797,10.0389,1402,2919.42
104663,2.0207,3.1256,9.7145,1415,2919.42
104668,2.9724,2.8886,11.0828,1421,2919.42
104673,-3.456,-0.6045,12.6857,1405,2919.42
104678,-4.7824,0.7817,10.3477,1408,2919.42
104683,1.5742,3.0849,9.481,1426,2919.14
104688,2.9544,3.2501,10.9223,1407,2919.14
104693,-3.1903,-0.2574,12.5875,1401,2919.14
104698,-4.968,0.3005,10.7021,1419,2919.14
104703,0.9708,2.9161,9.2548,1415,2919.57
104708,2.8802,3.48,10.7296,1417,2919.57
104713,-2.8084,0.0503,12.4451,1415,2919.57
104718,-5.0362,-0.1784,11.0648,1401,2919.57
104723,0.2993,2.788,9.1075,1427,2919.57
104728,2.7737,3.626,10.6805,1415,2919.57
104733,-2.1895,0.3364,12.3565,1415,2919.57
104738,-5.0027,-0.644,11.3186,1417,2919.57
104743,-0.559,2.6564,9.1243,1429,2919.71
104748,2.6492,3.6559,10.574,1416,2919.71
104753,-1.1564,0.68,12.0584,1403,2919.71
104758,-4.7321,-0.9577,11.6789,1414,2919.71
104763,-1.3838,2.4241,9.0573,1419,2919.71
104768,2.5881,3.5997,10.5046,1415,2919.71
104773,0.012,1.0139,11.8824,1407,2919.71
104778,-4.5131,-1.2917,11.8669,1418,2919.71
104783,-2.3056,2.2685,9.2692,1423,2919.85
104788,2.5474,3.4261,10.3561,1407,2919.85
104793,1.1768,1.47,11.6514,1421,2919.85
104798,-4.1922,-1.3551,12.3349,1415,2919.85
104803,-3.1484,1.9357,9.3314,1407,2919.85
104808,2.3942,3.3375,10.2699,1419,2919.71
104813,2.0626,1.9297,11.4491,1419,2919.71
104818,-4.0091,-1.2582,12.3625,1407,2919.71
104823,-3.8918,1.6987,9.742,1422,2919.71
104828,2.2517,3.2106,9.9826,1414,2919.85
104833,2.6288,2.4253,11.3102,1407,2919.85
104838,-3.7433,-0.9194,12.6965,1413,2919.85
104843,-4.4377,1.3001,9.9276,1405,2919.85
104848,2.0195,3.1963,9.7731,1413,2919.85
104853,2.9389,2.8994,11.0899,1420,2919.85
104858,-3.4943,-0.589,12.645,1403,2919.85
104863,-4.8255,0.9122,10.3633,1407,2919.85
104868,1.6867,3.0646,9.5409,1426,2919.85
104873,3.0287,3.2334,10.9259,1414,2919.85
104878,-3.2417,-0.3017,12.6797,1404,2919.85
104883,-4.9524,0.3484,10.6279,1417,2919.85
104888,1.1013,2.9868,9.3182,1419,2919.85
104893,2.9365,3.4321,10.7655,1417,2919.85
104898,-2.8958,-0.0108,12.5743,1415,2919.85
104903,-5.0542,-0.1616,10.9188,1407,2919.85
104908,0.4034,2.8299,9.2081,1429,2919.71
104913,2.7629,3.5602,10.647,1415,2919.71
104918,-2.2529,0.3017,12.3888,1414,2919.71
104923,-4.9787,-0.6321,11.2899,1415,2919.71
104928,-0.3831,2.6564,9.0549,1429,2919.85
104933,2.6923,3.6883,10.6231,1417,2919.85
104938,-1.4078,0.5866,12.159,1407,2919.85
104943,-4.853,-1.0163,11.5269,1407,2919.85
104948,-1.2977,2.4565,9.1327,1429,2919.85
104953,2.6013,3.6248,10.501,1417,2919.85
104958,-0.1879,0.9541,11.8812,1413,2919.85
104963,-4.5167,-1.1779,11.9806,1419,2919.85
104968,-2.1596,2.2218,9.1243,1443,2919.99
104973,2.5833,3.5123,10.4686,1403,2919.99
104978,1.0223,1.3743,11.7843,1420,2919.99
104983,-4.2258,-1.4126,12.1254,1405,2919.99
104988,-2.9784,1.986,9.4284,1406,2919.99
104993,2.4732,3.3124,10.161,1419,2919.99
104998,1.992,1.8364,11.5341,1420,2919.99
105003,-4.0055,-1.2773,12.4606,1404,2919.99
105008,-3.7517,1.6723,9.6115,1418,2919.99
105013,2.2865,3.2214,10.0796,1415,2919.71
105018,2.6097,2.3272,11.3725,1414,2919.71
105023,-3.7481,-1.0738,12.4894,1416,2919.71
105028,-4.4089,1.4377,9.9359,1405,2919.71
105033,2.0423,3.122,9.8031,1416,2919.71
105038,2.8994,2.7988,11.1534,1417,2919.71
105043,-3.5733,-0.6716,12.7108,1407,2919.71
105048,-4.7274,1.002,10.2795,1415,2919.71
105053,1.7107,3.1568,9.6091,1427,2920.13
105058,2.958,3.1999,10.9547,1413,2920.13
105063,-3.286,-0.2945,12.6558,1405,2920.13
105068,-4.9225,0.5267,10.5955,1415,2920.13
105073,1.2127,3.0418,9.3853,1414,2920.85
105078,2.9939,3.4058,10.7308,1422,2920.85
105083,-2.9341,-0.0587,12.5253,1406,2920.85
105088,-4.9955,-0.0311,10.8613,1415,2920.85
105093,0.565,2.8671,9.1159,1421,2921.13
105098,2.8264,3.5614,10.7164,1417,2921.13
105103,-2.411,0.2263,12.4223,1407,2921.13
105108,-5.0159,-0.5602,11.212,1417,2921.13
105113,-0.2143,2.6815,9.0896,1429,2921.13
105118,2.6827,3.5997,10.6231,1419,2921.13
105123,-1.5766,0.4729,12.1242,1417,2921.13
105128,-4.8914,-0.9002,11.6442,1407,2921.13
105133,-1.0834,2.4852,8.934,1418,2921.13
105138,2.624,3.6571,10.5979,1415,2921.13
105143,-0.5315,0.9194,11.9997,1407,2921.13
105148,-4.6579,-1.2342,11.8106,1421,2921.13
105153,-1.9549,2.3523,9.2332,1429,2921.13
105158,2.5522,3.5123,10.3729,1407,2921.13
105163,0.6835,1.2821,11.8238,1415,2921.13
105168,-4.3539,-1.2737,12.1542,1407,2921.13
105173,-2.7916,2.0435,9.2165,1407,2921.13
105178,2.5139,3.4321,10.2639,1422,2921.13
105183,1.7992,1.7526,11.6011,1407,2921.13
105188,-4.0223,-1.3982,12.2368,1405,2921.13
105193,-3.5805,1.8447,9.5648,1415,2921.13
105198,2.3451,3.2429,10.0736,1405,2921.27
105203,2.496,2.1715,11.3952,1415,2921.27
105208,-3.7864,-1.1456,12.6007,1405,2921.27
105213,-4.2509,1.4736,9.6965,1405,2921.27
105218,2.1153,3.2178,9.9,1415,2921.27
105223,2.8419,2.6205,11.1953,1407,2921.27
105228,-3.571,-0.844,12.7156,1404,2921.27
105233,-4.7274,1.1564,10.1347,1403,2921.27
105238,1.8256,3.1352,9.6714,1420,2921.56
105243,2.9724,3.0849,10.9547,1417,2921.56
105248,-3.4225,-0.4238,12.7168,1405,2921.56
105253,-4.9536,0.6812,10.507,1417,2921.56
105258,1.3994,3.0933,9.4355,1421,2921.7
105263,2.982,3.3519,10.8577,1428,2921.7
105268,-3.1173,-0.1185,12.6282,1403,2921.7
105273,-5.0458,0.1975,10.8158,1419,2921.7
105278,0.8428,2.9532,9.2476,1429,2921.84
105283,2.9892,3.5147,10.6949,1408,2921.84
105288,-2.5965,0.1018,12.3816,1415,2921.84
105293,-4.9835,-0.3304,11.1103,1407,2921.84
105298,0.103,2.727,9.0333,1430,2921.84
105303,2.7402,3.614,10.6386,1421,2921.84
105308,-1.8711,0.3771,12.2703,1407,2921.84
105313,-4.9153,-0.8332,11.3581,1414,2921.84
105318,-0.7757,2.5331,9.1315,1430,2921.84
105323,2.5869,3.5889,10.5213,1413,2921.84
105328,-0.8667,0.7111,12.1206,1407,2921.84
105333,-4.7262,-1.1169,11.7723,1418,2921.84
105338,-1.6831,2.3619,9.0489,1420,2921.98
105343,2.5391,3.5733,10.5213,1413,2921.98
105348,0.2634,1.1983,11.9315,1416,2921.98
105353,-4.4927,-1.3204,11.9602,1404,2921.98
105358,-2.5139,2.2745,9.2859,1421,2921.7
105363,2.545,3.45,10.2891,1415,2921.7
105368,1.4102,1.5921,11.7232,1416,2921.7
105373,-4.1515,-1.2821,12.39,1389,2921.7
105378,-3.3399,1.8986,9.2955,1402,2921.7
105383,2.4313,3.4189,10.1897,1407,2921.98
105388,2.296,2.0494,11.4455,1416,2921.98
105393,-3.814,-1.2354,12.4211,1405,2921.98
105398,-3.9636,1.652,9.6702,1417,2921.98
105403,2.2769,3.2082,9.9635,1407,2921.56
105408,2.7318,2.4301,11.2635,1402,2921.56
105413,-3.6679,-0.9649,12.6905,1405,2921.56
105418,-4.543,1.239,9.9527,1405,2921.56
105423,1.9525,3.1663,9.7396,1421,2921.41
105428,2.9018,2.8683,11.1067,1417,2921.41
105433,-3.4536,-0.644,12.6713,1407,2921.41
105438,-4.9093,0.8847,10.3501,1407,2921.41
105443,1.5718,3.0873,9.5337,1419,2921.84
105448,2.9556,3.2884,10.9164,1407,2921.84
105453,-3.2046,-0.2765,12.6294,1399,2921.84
105458,-5.0015,0.4465,10.635,1421,2921.84
105463,1.0846,2.9975,9.3003,1419,2921.7
105468,2.9293,3.5195,10.7679,1407,2921.7
105473,-2.8335,0.0622,12.5169,1418,2921.7
105478,-5.0075,-0.1329,10.9547,1403,2921.7
105483,0.3711,2.8419,9.1854,1429,2921.41
105488,2.8766,3.6045,10.5884,1407,2921.41
105493,-2.1392,0.3148,12.2942,1404,2921.41
105498,-4.9584,-0.6369,11.2815,1413,2921.41
105503,-0.4214,2.6073,8.9663,1432,2921.41
105508,2.7246,3.5626,10.6386,1415,2921.41
105513,-1.2737,0.5842,12.1805,1407,2921.41
105518,-4.804,-1.0906,11.5017,1417,2921.41
105523,-1.2941,2.4481,9.1183,1429,2921.56
105528,2.5534,3.5326,10.4746,1414,2921.56
105533,-0.158,0.984,11.8597,1420,2921.56
105538,-4.5825,-1.2234,11.9758,1417,2921.56
105543,-2.2362,2.2577,9.1016,1431,2921.7
105548,2.4936,3.5003,10.4746,1407,2921.7
105553,0.5148,1.3515,11.7567,1423,2921.7
105558,-4.0151,-1.3443,12.1685,1417,2921.7
105563,-2.909,1.974,9.4128,1419,2921.7
105568,2.4074,3.3399,10.2244,1420,2896.03
105573,1.6759,2.1476,11.4862,1421,2896.03
105578,-3.4764,-1.0187,12.3421,1425,2896.03
105583,-3.4177,1.2881,9.8737,1421,2896.03
105588,1.798,3.0311,10.0904,1427,2853.2
105593,2.2314,2.9149,11.1546,1431,2853.2
105598,-3.1927,-0.5483,12.0716,1419,2853.2
105603,-3.9133,0.5136,10.6734,1436,2853.2
105608,0.9577,2.8479,9.8509,1435,2826.59
105613,2.2302,3.5817,10.8086,1432,2826.59
105618,-3.2884,0.2514,11.8657,1432,2826.59
105623,-3.9002,-0.3124,11.133,1431,2826.59
105628,-0.2753,2.5857,9.8126,1433,2812.28
105633,2.15,3.7541,10.6686,1433,2812.28
105638,-1.5574,1.0487,11.461,1459,2812.28
105643,-3.4237,-1.0511,11.491,1434,2812.28
105648,-1.9154,1.919,9.9551,1431,2812.28
105653,1.8375,3.2046,10.4591,1429,2802.95
105658,1.1672,2.0782,11.1582,1432,2802.95
105663,-3.0454,-1.1468,11.874,1432,2802.95
105668,-3.3327,1.1037,10.4435,1431,2802.95
105673,1.3671,2.9209,10.2604,1444,2798.12
105678,2.071,3.1436,10.7332,1436,2798.12
105683,-3.2741,-0.3053,11.8286,1431,2798.12
105688,-3.802,0.3077,11.1271,1431,2798.12
105693,0.6021,2.7904,9.8677,1450,2795.64
105698,2.138,3.7206,10.4962,1437,2795.64
105703,-2.7366,0.6153,11.6191,1434,2795.64
105708,-3.5518,-0.7362,11.3928,1443,2795.64
105713,-1.0702,2.2338,9.8916,1449,2794.73
105718,1.8447,3.4848,10.5357,1439,2794.73
105723,-0.0575,1.6616,11.3006,1437,2794.73
105728,-3.1927,-1.1839,11.7483,1423,2794.73
105733,-2.7557,1.5131,10.2759,1433,2794.73
105738,1.5874,3.0418,10.3956,1429,2793.95
105743,1.8531,2.7857,10.8409,1437,2793.95
105748,-3.0861,-0.6393,11.9985,1430,2793.95
105753,-3.5207,0.5662,10.7955,1431,2793.95
105758,0.9218,2.7964,10.0269,1449,2793.82
105763,2.1332,3.4488,10.4399,1437,2793.82
105768,-3.1903,0.2502,11.7579,1431,2793.82
105773,-3.7685,-0.4525,11.2994,1431,2793.82
105778,-0.4357,2.5079,9.8294,1435,2794.08
105783,1.9692,3.6308,10.5225,1427,2794.08
105788,-1.3491,1.2534,11.4,1445,2794.08
105793,-3.3351,-1.0726,11.6634,1429,2794.08
105798,-2.1105,1.8483,10.0006,1439,2794.08
105803,1.6963,3.2549,10.4208,1437,2794.73
105808,1.4461,2.3224,11.0014,1431,2794.73
105813,-2.9521,-0.9972,11.9674,1425,2794.73
105818,-3.3974,0.9158,10.574,1431,2794.73
105823,1.2821,2.8599,10.2137,1435,2794.6
105828,2.1033,3.2058,10.5943,1436,2794.6
105833,-3.3351,-0.1197,11.904,1437,2794.6
105838,-3.7936,-0.0072,11.1031,1425,2794.6
105843,0.2274,2.7282,10.0066,1449,2795.12
105848,2.0303,3.717,10.5345,1435,2795.12
105853,-2.3786,0.8224,11.5688,1435,2795.12
105858,-3.4429,-0.7841,11.5628,1437,2795.12
105863,-1.3623,2.1189,9.7767,1428,2795.12
105868,1.8818,3.4237,10.4327,1439,2795.12
105873,0.5315,1.8052,11.1797,1434,2795.12
105878,-3.0502,-1.1947,11.9004,1421,2795.12
105883,-2.9257,1.2761,10.2963,1430,2795.12
105888,1.4473,2.9844,10.3908,1439,2795.51
105893,1.9812,2.891,10.7967,1436,2795.51
105898,-3.1376,-0.5183,11.9387,1420,2795.51
105903,-3.6847,0.4609,10.9247,1435,2795.51
105908,0.8535,2.7689,10.0137,1451,2796.16
105913,2.1524,3.6452,10.501,1446,2796.16
105918,-3.1161,0.431,11.7124,1435,2796.16
105923,-3.6057,-0.4549,11.3605,1445,2796.16
105928,-0.6333,2.3894,9.7959,1439,2795.77
105933,1.9333,3.6129,10.5093,1433,2795.77
105938,-0.7219,1.3192,11.2839,1432,2795.77
105943,-3.2801,-1.16,11.7136,1429,2795.77
105948,-2.3667,1.6532,10.0904,1445,2795.77
105953,1.6185,3.1591,10.483,1435,2796.55
105958,1.6173,2.4421,10.9666,1431,2796.55
105963,-3.0179,-0.8176,11.9961,1427,2796.55
105968,-3.5195,0.8571,10.6757,1433,2796.55
105973,1.2151,2.8862,10.1251,1439,2796.55
105978,2.2027,3.3519,10.5225,1431,2796.55
105983,-3.3399,-0.0024,11.8309,1436,2796.55
105988,-3.7373,-0.1496,11.3449,1434,2796.55
105993,0.097,2.6049,9.7935,1447,2796.16
105998,1.9692,3.6907,10.483,1449,2796.16
106003,-2.1129,0.9158,11.4982,1437,2796.16
106008,-3.4644,-0.9361,11.558,1430,2796.16
106013,-1.567,2.0626,9.8797,1423,2796.16
106018,1.7873,3.3435,10.5309,1436,2796.16
106023,0.8248,2.0267,11.1235,1435,2796.16
106028,-3.0502,-1.0666,11.8525,1433,2796.16
106033,-3.0742,1.2139,10.3609,1433,2796.16
106038,1.4605,2.9652,10.2532,1447,2795.51
106043,2.0506,2.964,10.7392,1435,2795.51
106048,-3.2274,-0.4034,11.9279,1427,2795.51
106053,-3.7326,0.2622,11.0468,1430,2795.51
106058,0.6261,2.7797,9.9946,1449,2795.38
106063,2.0016,3.7038,10.5237,1437,2795.38
106068,-3.0095,0.4788,11.6346,1429,2795.38
106073,-3.292,-1.0367,11.6478,1437,2795.38
106078,-0.8847,2.3343,9.8102,1447,2794.99
106083,1.7047,3.2022,10.4363,1430,2794.99
106088,-0.3376,1.476,11.2851,1436,2794.99
106093,-2.9951,-1.0511,11.9471,1433,2794.99
106098,-3.4285,0.9541,10.5129,1435,2794.99
106103,1.2977,2.8695,10.2639,1435,2795.38
106108,2.1404,3.2358,10.6003,1444,2795.38
106113,-3.3974,-0.1772,11.8154,1420,2795.38
106118,-3.8164,0.1568,11.169,1444,2795.38
106123,0.3783,2.7043,9.8964,1447,2796.16
106128,2.1895,3.7697,10.489,1437,2796.16
106133,-2.4648,0.7841,11.6191,1429,2796.16
106138,-3.456,-0.82,11.4407,1432,2796.16
106143,-1.3276,2.1404,9.9,1451,2796.29
106148,1.8663,3.4213,10.4758,1436,2796.29
106153,0.3579,1.7681,11.2288,1445,2796.29
106158,-3.1352,-1.2019,11.7902,1435,2796.29
106163,-2.9401,1.3587,10.3549,1445,2796.29
106168,1.5251,3.0083,10.3382,1431,2796.16
106173,2.0303,2.9066,10.8302,1433,2796.16
106178,-3.1759,-0.5183,11.9985,1429,2796.16
106183,-3.6512,0.5148,10.8781,1433,2796.16
106188,0.8859,2.8132,9.9994,1445,2795.9
106193,2.1691,3.5733,10.4794,1437,2795.9
106198,-3.1232,0.3077,11.7041,1443,2795.9
106203,-3.6978,-0.4693,11.3641,1437,2795.9
106208,-0.5423,2.3822,9.8138,1448,2795.64
106213,1.9369,3.6117,10.4854,1433,2795.64
106218,-0.9649,1.3108,11.3473,1435,2795.64
106223,-3.292,-1.0738,11.6502,1439,2795.64
106228,-2.2338,1.7334,10.076,1437,2795.25
106233,1.6747,3.2058,10.4746,1439,2795.25
106238,1.6113,2.4517,10.9894,1437,2795.25
106243,-3.0119,-0.9014,11.9195,1430,2795.25
106248,-3.4177,0.8679,10.6554,1428,2795.25
106253,1.2641,2.8563,10.155,1433,2795.51
106258,2.1129,3.2896,10.5596,1431,2795.51
106263,-3.3519,-0.0383,11.8764,1428,2795.51
106268,-3.8044,-0.1341,11.1654,1440,2795.51
106273,0.1077,2.6576,9.9036,1449,2795.38
106278,2.0566,3.7278,10.4974,1444,2795.38
106283,-2.2063,0.8392,11.5772,1436,2795.38
106288,-3.4656,-0.8835,11.5963,1435,2795.38
106293,-1.5706,2.0758,9.8521,1435,2794.73
106298,1.8878,3.3818,10.4531,1430,2794.73
106303,0.7769,1.9178,11.1354,1438,2794.73
106308,-3.0167,-1.1744,11.8597,1429,2794.73
106313,-3.0981,1.2067,10.3178,1447,2794.73
106318,1.3922,2.9556,10.3202,1437,2795.77
106323,2.0518,2.9772,10.7392,1432,2795.77
106328,-3.2453,-0.4776,11.9112,1433,2795.77
106333,-3.8164,0.3591,10.9678,1433,2795.77
106338,0.7254,2.7857,10.0126,1437,2795.38
106343,2.1859,3.7158,10.5046,1435,2795.38
106348,-3.0837,0.504,11.6873,1434,2795.38
106353,-3.5889,-0.571,11.3425,1433,2795.38
106358,-0.8344,2.3822,9.833,1452,2795.9
106363,1.962,3.547,10.5357,1439,2795.9
106368,-0.4489,1.409,11.303,1433,2795.9
106373,-3.207,-1.2031,11.7352,1429,2795.9
106378,-2.6396,1.6005,10.1023,1433,2795.9
106383,1.7083,3.0861,10.4543,1438,2796.94
106388,1.7945,2.5762,10.884,1432,2796.94
106393,-3.0981,-0.8236,12.0764,1433,2796.94
106398,-3.5698,0.7877,10.6506,1433,2796.94
106403,1.1552,2.9018,10.1538,1439,2798.12
106408,2.2218,3.4213,10.5309,1433,2798.12
106413,-3.3136,0.0515,11.8441,1429,2798.12
106418,-3.7613,-0.182,11.2982,1432,2798.12
106423,-0.0515,2.5845,9.7588,1439,2798.38
106428,2.0303,3.6679,10.4519,1439,2798.38
106433,-1.8136,0.9577,11.5209,1430,2798.38
106438,-3.4441,-1.0032,11.5161,1443,2798.38
106443,-1.7753,2.0303,9.9012,1439,2797.99
106448,1.7645,3.3208,10.4698,1427,2797.99
106453,0.972,2.0746,11.1618,1433,2797.99
106458,-3.0131,-1.0582,11.886,1428,2797.99
106463,-3.2992,1.2019,10.3944,1437,2797.99
106468,1.5371,2.9628,10.2831,1433,2797.85
106473,2.1799,3.0538,10.647,1439,2797.85
106478,-3.2956,-0.3268,11.9973,1431,2797.85
106483,-3.8559,0.1616,10.993,1434,2797.85
106488,0.5878,2.7366,9.9635,1432,2797.46
106493,2.0877,3.6691,10.5249,1433,2797.46
106498,-2.9928,0.5411,11.6203,1435,2797.46
106503,-3.6883,-0.6369,11.4718,1434,2797.46
106508,-0.923,2.2972,9.7671,1453,2797.46
106513,1.9549,3.5674,10.5273,1435,2797.46
106518,-0.2322,1.5119,11.2599,1433,2797.46
106523,-3.1316,-1.1624,11.7831,1429,2797.46
106528,-2.66,1.5239,10.1119,1431,2797.46
106533,1.6664,3.1053,10.4698,1436,2797.07
106538,1.8268,2.6001,10.8924,1433,2797.07
106543,-3.067,-0.7697,11.8848,1435,2797.07
106548,-3.6799,0.6812,10.6949,1432,2797.07
106553,1.069,2.8623,10.1347,1443,2797.33
106558,2.138,3.4824,10.5189,1435,2797.33
106563,-3.4046,0.1784,11.8537,1431,2797.33
106568,-3.8152,-0.255,11.224,1431,2797.33
106573,-0.1724,2.5786,9.8653,1450,2796.94
106578,2.1105,3.7469,10.4567,1443,2796.94
106583,-1.5838,1.0666,11.3342,1433,2796.94
106588,-3.3351,-1.002,11.661,1444,2796.94
106593,-1.9609,1.9154,9.9288,1453,2797.07
106598,1.81,3.2657,10.5273,1432,2797.07
106603,1.1744,2.1296,11.0947,1435,2797.07
106608,-3.0526,-1.1109,11.9602,1429,2797.07
106613,-3.3591,1.0822,10.4686,1437,2797.07
106618,1.409,2.9389,10.2472,1437,2797.07
106623,2.1596,3.1735,10.6686,1445,2797.07
106628,-3.3172,-0.2586,11.9375,1439,2797.07
106633,-3.7481,0.2251,11.0672,1433,2797.07
106638,0.5351,2.6983,9.833,1449,2797.07
106643,2.1751,3.6703,10.5153,1440,2797.07
106648,-2.7761,0.5854,11.649,1433,2797.07
106653,-3.5338,-0.7626,11.3964,1429,2797.07
106658,-1.1217,2.2338,9.809,1436,2796.68
106663,1.8256,3.5027,10.5333,1437,2796.68
106668,0.0036,1.6484,11.2887,1439,2796.68
106673,-3.1627,-1.1061,11.8381,1435,2796.68
106678,-2.8012,1.5107,10.2089,1437,2796.68
106683,1.6616,3.0658,10.4088,1431,2795.77
106688,1.9549,2.7306,10.7955,1430,2795.77
106693,-3.1113,-0.6009,11.9914,1431,2795.77
106698,-3.7086,0.565,10.7488,1432,2795.77
106703,1.0044,2.8156,10.0832,1439,2796.16
106708,2.1261,3.4836,10.574,1439,2796.16
106713,-3.3172,0.152,11.6921,1431,2796.16
106718,-3.7673,-0.3771,11.3437,1430,2796.16
106723,-0.3555,2.4792,9.7636,1448,2795.9
106728,2.0279,3.6751,10.5058,1436,2795.9
106733,-1.3384,1.2019,11.4323,1431,2795.9
106738,-3.3303,-1.0331,11.6526,1436,2795.9
106743,-2.0949,1.8292,9.9826,1449,2796.03
106748,1.7621,3.2441,10.4399,1437,2796.03
106753,1.4269,2.2697,11.0552,1439,2796.03
106758,-3.0023,-1.0499,11.8657,1429,2796.03
106763,-3.383,0.9553,10.5692,1423,2796.03
106768,1.312,2.8563,10.1359,1433,2796.29
106773,2.1739,3.2226,10.6518,1435,2796.29
106778,-3.3615,-0.2023,11.9387,1422,2796.29
106783,-3.8654,0.0694,11.0935,1445,2796.29
106788,0.3232,2.709,9.8833,1451,2796.68
106793,2.1715,3.7601,10.4878,1427,2796.68
106798,-2.5139,0.7314,11.491,1429,2796.68
106803,-3.565,-0.7709,11.5269,1431,2796.68
106808,-1.336,2.1751,9.8521,1448,2796.81
106813,1.8962,3.4297,10.5369,1431,2796.81
106818,0.395,1.7454,11.2061,1443,2796.81
106823,-3.0813,-1.2007,11.813,1433,2796.81
106828,-2.9197,1.3575,10.2316,1443,2796.81
106833,1.47,2.9808,10.3561,1437,2796.81
106838,2.0135,2.8264,10.8206,1432,2796.81
106843,-3.2358,-0.5782,11.9183,1423,2796.81
106848,-3.735,0.5363,10.9499,1431,2796.81
106853,0.8918,2.8407,9.9862,1447,2796.94
106858,2.1859,3.6033,10.4806,1439,2796.94
106863,-3.2501,0.3232,11.8357,1438,2796.94
106868,-3.7194,-0.4465,11.248,1435,2796.94
106873,-0.5327,2.4469,9.7791,1449,2797.46
106878,1.9932,3.6057,10.4998,1438,2797.46
106883,-1.0008,1.2582,11.3796,1431,2797.46
106888,-3.3447,-1.1265,11.6322,1435,2797.46
106893,-2.2529,1.7406,10.07,1430,2798.12
106898,1.6723,3.158,10.4459,1443,2798.12
106903,1.567,2.4026,11.0026,1435,2798.12
106908,-3.0035,-0.8751,11.9375,1439,2798.12
106913,-3.5171,0.9098,10.6003,1429,2798.12
106918,1.3024,2.8419,10.1885,1433,2798.25
106923,2.235,3.2956,10.6159,1432,2798.25
106928,-3.3902,-0.1472,11.8166,1425,2798.25
106933,-3.8307,-0.0287,11.2587,1443,2798.25
106938,0.1927,2.624,9.7947,1449,2797.99
106943,2.0901,3.7254,10.5022,1445,2797.99
106948,-2.3954,0.8116,11.6298,1431,2797.99
106953,-3.5638,-0.8942,11.5257,1433,2797.99
106958,-1.5071,2.1596,9.8809,1449,2797.46
106963,1.968,3.468,10.5297,1431,2797.46
106968,0.5938,1.8759,11.2108,1443,2797.46
106973,-2.9712,-1.1133,11.8058,1433,2797.46
106978,-3.0813,1.3467,10.2819,1443,2797.46
106983,1.6005,2.9425,10.3441,1431,2797.33
106988,2.0662,2.8563,10.8014,1433,2797.33
106993,-3.2058,-0.5758,11.9782,1431,2797.33
106998,-3.7816,0.3974,10.8134,1432,2797.33
107003,0.7518,2.7964,9.9623,1435,2797.2
107008,2.1512,3.638,10.5357,1437,2797.2
107013,-3.2106,0.407,11.6885,1435,2797.2
107018,-3.7026,-0.4357,11.4191,1436,2797.2
107023,-0.6668,2.4804,9.8426,1455,2797.2
107028,2.0267,3.6033,10.489,1437,2797.2
107033,-0.7195,1.3635,11.3713,1432,2797.2
107038,-3.2346,-1.1396,11.6705,1431,2797.2
107043,-2.3056,1.6987,10.082,1430,2797.2
107048,1.6544,3.0969,10.4363,1445,2797.07
107053,1.6364,2.4553,10.9918,1436,2797.07
107058,-3.0909,-0.9565,11.8908,1435,2797.07
107063,-3.5446,0.8583,10.6829,1429,2797.07
107068,1.2653,2.8766,10.1394,1443,2797.46
107073,2.1536,3.4034,10.6039,1435,2797.46
107078,-3.4285,0.0467,11.9183,1427,2797.46
107083,-3.784,-0.0611,11.1498,1434,2797.46
107088,0.1425,2.6432,9.8126,1449,2797.72
107093,2.1009,3.6775,10.489,1437,2797.72
107098,-2.0961,0.8344,11.4922,1429,2797.72
107103,-3.5243,-0.9493,11.5077,1445,2797.72
107108,-1.6245,2.0494,9.8617,1439,2797.46
107113,1.8172,3.3327,10.5321,1432,2797.46
107118,0.7542,1.9788,11.1103,1435,2797.46
107123,-3.0299,-1.0882,11.886,1431,2797.46
107128,-3.1364,1.2953,10.307,1444,2797.46
107133,1.5287,2.9736,10.3932,1431,2797.59
107138,2.1105,2.9904,10.732,1439,2797.59
107143,-3.2334,-0.419,11.9147,1433,2797.59
107148,-3.7852,0.3328,10.9858,1432,2797.59
107153,0.7638,2.7857,9.9359,1431,2797.33
107158,2.1261,3.6117,10.4818,1433,2797.33
107163,-3.0945,0.4944,11.7136,1433,2797.33
107168,-3.7517,-0.656,11.3461,1435,2797.33
107173,-0.8152,2.3691,9.809,1448,2797.46
107178,1.9405,3.5853,10.5321,1439,2797.46
107183,-0.5746,1.4281,11.3473,1435,2797.46
107188,-3.2178,-1.1025,11.7831,1431,2797.46
107193,-2.4624,1.7202,10.0772,1431,2797.46
107198,1.7262,3.1041,10.3813,1435,2797.07
107203,1.7777,2.5079,10.884,1433,2797.07
107208,-3.0191,-0.8284,12.0201,1433,2797.07
107213,-3.5769,0.753,10.7164,1429,2797.07
107218,1.1301,2.8395,10.1634,1447,2797.59
107223,2.1261,3.3698,10.58,1437,2797.59
107228,-3.4129,0.0455,11.8166,1427,2797.59
107233,-3.8283,-0.1221,11.2348,1432,2797.59
107238,-0.0239,2.63,9.8067,1447,2797.85
107243,2.1189,3.7338,10.4974,1437,2797.85
107248,-1.962,0.9948,11.5041,1431,2797.85
107253,-3.4285,-0.9158,11.6023,1445,2797.85
107258,-1.7166,2.0243,9.8988,1443,2797.59
107263,1.8411,3.3279,10.5082,1427,2797.59
107268,1.0068,2.0099,11.1007,1421,2797.59
107273,-3.0335,-1.1756,11.8286,1431,2797.59
107278,-3.2477,1.1612,10.4076,1437,2797.59
107283,1.4964,2.9401,10.3489,1435,2798.12
107288,2.1033,3.0598,10.6913,1439,2798.12
107293,-3.3172,-0.3316,12.0919,1429,2798.12
107298,-3.8343,0.2993,10.9403,1431,2798.12
107303,0.6704,2.8335,9.9922,1433,2798.12
107308,2.1883,3.6751,10.4447,1433,2798.12
107313,-2.9054,0.5339,11.5796,1434,2798.12
107318,-3.6871,-0.6548,11.4838,1432,2798.12
107323,-0.8763,2.296,9.827,1460,2798.12
107328,1.9704,3.4728,10.5369,1439,2798.12
107333,-0.3328,1.4593,11.2599,1439,2798.12
107338,-3.2394,-1.1875,11.7567,1431,2798.12
107343,-2.6408,1.6149,10.1239,1431,2798.12
107348,1.6436,3.0718,10.4291,1433,2798.12
107353,1.804,2.6671,10.9607,1429,2798.12
107358,-3.0969,-0.7482,11.977,1435,2798.12
107363,-3.62,0.7566,10.8014,1432,2798.12
107368,1.1923,2.7904,10.0628,1439,2798.38
107373,2.223,3.4441,10.5309,1436,2798.38
107378,-3.3471,0.1041,11.8657,1430,2798.38
107383,-3.8176,-0.2909,11.1917,1429,2798.38
107388,-0.1161,2.5821,9.8629,1445,2798.51
107393,2.0734,3.7517,10.5668,1439,2798.51
107398,-1.8615,1.0104,11.4718,1432,2798.51
107403,-3.4764,-0.9984,11.6705,1444,2798.51
107408,-1.883,1.9764,9.8593,1439,2798.38
107413,1.9285,3.3435,10.4818,1431,2798.38
107418,1.1253,2.1093,10.9666,1438,2798.38
107423,-3.0227,-1.0307,11.9231,1429,2798.38
107428,-3.304,1.1349,10.4088,1437,2798.38
107433,1.4497,2.9461,10.3657,1435,2798.51
107438,2.156,3.0574,10.7176,1439,2798.51
107443,-3.2609,-0.3029,11.9088,1446,2798.51
107448,-3.9073,0.1963,11.0229,1435,2798.51
107453,0.5782,2.7258,9.8833,1439,2798.12
107458,2.2242,3.6823,10.5309,1436,2798.12
107463,-2.9904,0.6009,11.6777,1433,2798.12
107468,-3.6943,-0.6249,11.4586,1430,2798.12
107473,-0.9553,2.3391,9.8533,1429,2799.55
107478,2.0279,3.5853,10.5752,1435,2799.55
107483,-0.1425,1.5251,11.2216,1437,2799.55
107488,-3.1879,-1.227,11.7292,1435,2799.55
107493,-2.7102,1.5107,10.1754,1447,2799.55
107498,1.6352,3.0454,10.41,1432,2798.77
107503,1.8375,2.6025,10.9678,1423,2798.77
107508,-3.1125,-0.7961,12.0931,1431,2798.77
107513,-3.7733,0.6955,10.7248,1433,2798.77
107518,1.1073,2.8766,10.0497,1446,2799.16
107523,2.2565,3.535,10.5919,1439,2799.16
107528,-3.3782,0.1832,11.74,1427,2799.16
107533,-3.8188,-0.1628,11.3497,1431,2799.16
107538,-0.1065,2.5845,9.7468,1449,2799.42
107543,2.1536,3.6907,10.471,1436,2799.42
107548,-1.6915,0.978,11.4156,1429,2799.42
107553,-3.4345,-1.0139,11.5616,1437,2799.42
107558,-1.8962,1.9333,9.8988,1453,2799.55
107563,1.7957,3.2477,10.5225,1433,2799.55
107568,1.0594,2.1811,11.151,1437,2799.55
107573,-3.067,-1.0798,11.9243,1430,2799.55
107578,-3.3208,1.1756,10.5153,1435,2799.55
107583,1.5251,2.9521,10.258,1435,2799.68
107588,2.1955,3.1077,10.7176,1437,2799.68
107593,-3.3639,-0.2897,11.995,1429,2799.68
107598,-3.7757,0.2119,11.0049,1436,2799.68
107603,0.5578,2.7102,9.9096,1446,2799.55
107608,2.0985,3.6524,10.4758,1433,2799.55
107613,-2.8431,0.5219,11.6262,1429,2799.55
107618,-3.7062,-0.6428,11.4311,1429,2799.55
107623,-1.002,2.2829,9.7743,1440,2799.29
107628,1.998,3.5602,10.4818,1431,2799.29
107633,-0.1748,1.5335,11.2946,1439,2799.29
107638,-3.1711,-1.1181,11.7292,1433,2799.29
107643,-2.6324,1.5754,10.1682,1429,2799.29
107648,1.6795,3.0646,10.3465,1431,2798.9
107653,1.9297,2.6013,10.8876,1431,2798.9
107658,-3.0742,-0.7685,11.9243,1427,2798.9
107663,-3.6739,0.6297,10.8002,1435,2798.9
107668,1.1013,2.8036,10.0209,1437,2799.29
107673,2.2158,3.4548,10.6051,1437,2799.29
107678,-3.4632,0.1221,11.904,1429,2799.29
107683,-3.8259,-0.2059,11.2492,1425,2799.29
107688,-0.152,2.5929,9.7935,1449,2799.55
107693,2.1835,3.7757,10.5692,1439,2799.55
107698,-1.6448,1.0738,11.4299,1432,2799.55
107703,-3.4536,-0.9744,11.649,1436,2799.55
107708,-1.9166,1.9345,9.8904,1452,2799.68
107713,1.8423,3.2621,10.4615,1435,2799.68
107718,1.1337,2.1033,11.0504,1436,2799.68
107723,-3.043,-1.1133,11.8884,1431,2799.68
107728,-3.3387,1.1408,10.3765,1431,2799.68
107733,1.4557,2.8838,10.2675,1434,2799.42
107738,2.1284,3.1544,10.7296,1429,2799.42
107743,-3.4237,-0.2825,11.8968,1429,2799.42
107748,-3.7505,0.328,11.1115,1439,2799.42
107753,0.6009,2.7473,9.9826,1451,2799.42
107758,2.1596,3.705,10.4914,1435,2799.42
107763,-2.8204,0.577,11.6346,1431,2799.42
107768,-3.6152,-0.6536,11.3808,1434,2799.42
107773,-1.008,2.2984,9.8593,1444,2799.42
107778,1.8495,3.5015,10.4782,1435,2799.42
107783,-0.1832,1.5479,11.3198,1443,2799.42
107788,-3.2453,-1.1408,11.7663,1431,2799.42
107793,-2.709,1.5694,10.2484,1432,2799.42
107798,1.634,3.0514,10.4315,1431,2799.42
107803,1.8711,2.6719,10.8757,1429,2799.42
107808,-3.2178,-0.7638,11.9938,1421,2799.42
107813,-3.6033,0.662,10.7811,1443,2799.42
107818,1.057,2.8264,10.0592,1439,2799.55
107823,2.2422,3.4967,10.5692,1437,2799.55
107828,-3.316,0.1065,11.7711,1430,2799.55
107833,-3.8571,-0.2682,11.3258,1419,2799.55
107838,-0.146,2.5402,9.7863,1454,2799.42
107843,2.132,3.6859,10.4818,1437,2799.42
107848,-1.7538,1.0283,11.4395,1429,2799.42
107853,-3.462,-1.0032,11.6035,1437,2799.42
107858,-1.895,2.0016,9.9311,1445,2799.29
107863,1.7753,3.2645,10.5117,1435,2799.29
107868,1.1791,2.1572,11.1115,1433,2799.29
107873,-3.0682,-1.0642,11.8298,1434,2799.29
107878,-3.158,1.1265,10.4471,1433,2799.29
107883,1.3755,2.873,10.2735,1431,2799.03
107888,2.0937,3.1017,10.671,1435,2799.03
107893,-3.3603,-0.3184,12.0129,1429,2799.03
107898,-3.7529,0.2023,11.0049,1445,2799.03
107903,0.5195,2.7438,9.9886,1445,2799.03
107908,2.083,3.7661,10.5465,1437,2799.03
107913,-2.8395,0.5878,11.625,1431,2799.03
107918,-3.6272,-0.6165,11.4754,1419,2799.03
107923,-0.9948,2.3248,9.8593,1434,2799.03
107928,1.9609,3.5518,10.4734,1431,2799.03
107933,-0.0263,1.5443,11.2599,1443,2799.03
107938,-3.1448,-1.2234,11.7759,1429,2799.03
107943,-2.6588,1.4976,10.2029,1439,2799.03
107948,1.5945,3.0143,10.3837,1433,2799.03
107953,1.8854,2.654,10.8876,1433,2799.03
107958,-3.1388,-0.7901,11.8956,1430,2799.03
107963,-3.5865,0.723,10.7967,1433,2799.03
107968,1.0798,2.818,10.0293,1444,2798.77
107973,2.2122,3.5326,10.556,1435,2798.77
107978,-3.3986,0.1891,11.8836,1437,2798.77
107983,-3.7577,-0.2454,11.2252,1430,2798.77
107988,-0.1484,2.5582,9.8162,1448,2798.77
107993,2.0542,3.6883,10.422,1433,2798.77
107998,-1.5814,1.0558,11.4096,1431,2798.77
108010,0.0,-28.7723,0.1556,1432,2798.9
108014,1.7466,3.2382,10.4495,1433,2798.9
108018,1.1624,2.1584,11.1426,1443,2798.9
108023,-3.1268,-1.0487,11.9578,1432,2798.9
108028,-3.1807,1.1732,10.4567,1439,2798.9
108033,1.3527,2.9185,10.3034,1433,2799.16
108038,2.1656,3.1184,10.7021,1432,2799.16
108043,-3.2896,-0.3089,11.9267,1431,2799.16
108048,-3.7601,0.2215,11.0983,1439,2799.16
108053,0.5231,2.739,9.9192,1438,2799.55
108058,2.1512,3.6452,10.5189,1437,2799.55
108063,-2.8371,0.5507,11.655,1429,2799.55
108068,-3.5889,-0.7326,11.3964,1433,2799.55
108073,-1.057,2.3655,9.815,1435,2799.81
108078,1.8771,3.5291,10.507,1437,2799.81
108083,-0.0299,1.6221,11.315,1445,2799.81
108088,-3.1556,-1.1444,11.7926,1433,2799.81
108093,-2.7318,1.5598,10.1107,1435,2799.81
108098,1.646,3.0382,10.386,1433,2799.81
108103,1.9728,2.6396,10.8565,1433,2799.81
108108,-3.1603,-0.7015,12.0165,1431,2799.81
108113,-3.6081,0.6524,10.7236,1431,2799.81
108118,1.0367,2.8754,10.0928,1447,2799.81
108123,2.0997,3.4884,10.5369,1437,2799.81
108128,-3.4453,0.1592,11.7807,1428,2799.81
108133,-3.735,-0.2334,11.3713,1429,2799.81
108138,-0.1963,2.5642,9.7851,1454,2800.07
108143,2.0411,3.7302,10.4411,1445,2800.07
108148,-1.5479,1.0965,11.485,1433,2800.07
108153,-3.3339,-1.0283,11.6298,1447,2800.07
108158,-1.8519,1.9357,9.9635,1450,2800.21
108163,1.8136,3.2765,10.5082,1433,2800.21
108168,1.2067,2.1332,11.1127,1439,2800.21
108173,-3.0418,-1.1181,11.8968,1431,2800.21
108178,-3.3243,1.1432,10.4315,1447,2800.21
108183,1.4042,2.9185,10.246,1437,2800.6
108188,2.1584,3.128,10.7105,1443,2800.6
108193,-3.3303,-0.2861,12.0297,1427,2800.6
108198,-3.8954,0.249,10.9834,1439,2800.6
108203,0.5962,2.7821,9.9228,1447,2800.86
108208,2.2625,3.6811,10.4686,1436,2800.86
108213,-2.8718,0.6069,11.5472,1431,2800.86
108218,-3.6512,-0.6476,11.5017,1435,2800.86
108223,-0.9409,2.2565,9.7971,1437,2801.12
108228,1.8902,3.5051,10.5644,1437,2801.12
108233,-0.1556,1.5622,11.2444,1447,2801.12
108238,-3.2346,-1.221,11.7771,1433,2801.12
108243,-2.6276,1.5814,10.1239,1433,2801.12
108248,1.6029,3.1005,10.4375,1431,2800.99
108253,1.8723,2.6456,10.9259,1435,2800.99
108258,-3.0813,-0.7542,11.9578,1435,2800.99
108263,-3.7397,0.7446,10.8218,1432,2800.99
108268,1.2139,2.8323,10.0724,1447,2800.86
108273,2.2817,3.4692,10.5632,1435,2800.86
108278,-3.3818,0.1161,11.8752,1433,2800.86
108283,-3.8726,-0.2885,11.157,1431,2800.86
108288,-0.0874,2.5402,9.7731,1440,2800.47
108293,2.1033,3.6847,10.5584,1440,2800.47
108298,-1.7573,0.996,11.4084,1433,2800.47
108303,-3.4668,-0.9649,11.6993,1447,2800.47
108308,-1.8375,1.9501,9.9156,1439,2799.94
108313,1.8375,3.3267,10.5189,1433,2799.94
108318,1.1289,2.1141,11.0864,1439,2799.94
108323,-3.0861,-1.0726,11.9064,1433,2799.94
108328,-3.231,1.1564,10.3968,1439,2799.94
108333,1.4305,2.9437,10.2987,1433,2801.12
108338,2.0985,3.0382,10.7368,1443,2801.12
108343,-3.45,-0.3867,11.8752,1427,2801.12
108348,-3.7158,0.2634,11.0935,1437,2801.12
108353,0.5471,2.7545,9.8497,1451,2800.47
108358,2.0674,3.705,10.5273,1435,2800.47
108363,-2.8814,0.5531,11.7316,1435,2800.47
108368,-3.6643,-0.6859,11.4586,1435,2800.47
108373,-0.9002,2.3032,9.8366,1439,2799.94
108378,2.0339,3.5841,10.5548,1436,2799.94
108383,-0.2729,1.4796,11.2144,1443,2799.94
108388,-3.1711,-1.1815,11.7244,1435,2799.94
108393,-2.5845,1.5359,10.082,1433,2799.94
108398,1.64,3.0538,10.4208,1435,2800.99
108403,1.7825,2.5642,10.9319,1433,2800.99
108408,-3.2106,-0.814,11.9495,1433,2800.99
108413,-3.5494,0.7434,10.7284,1433,2800.99
108418,1.1253,2.8443,10.0688,1445,2800.47
108423,2.2063,3.4728,10.58,1436,2800.47
108428,-3.3651,0.0898,11.7472,1431,2800.47
108433,-3.8164,-0.1185,11.3533,1429,2800.47
108438,0.0144,2.5929,9.8007,1447,2800.6
108443,2.0734,3.729,10.5141,1439,2800.6
108448,-1.8759,0.996,11.4622,1433,2800.6
108453,-3.3782,-0.9397,11.5712,1445,2800.6
108458,-1.7549,1.9357,9.8881,1459,2800.6
108463,1.7262,3.3136,10.5058,1435,2800.6
108468,0.9313,2.0267,11.1498,1434,2800.6
108473,-3.1173,-1.1217,11.9195,1430,2800.6
108478,-3.1591,1.221,10.4339,1439,2800.6
108483,1.4832,2.9257,10.2903,1436,2800.73
108488,2.1596,3.0861,10.6925,1443,2800.73
108493,-3.3674,-0.3304,11.995,1433,2800.73
108498,-3.7218,0.2957,10.9846,1433,2800.73
108503,0.6835,2.7402,9.9311,1437,2800.86
108508,2.1703,3.7014,10.5273,1434,2800.86
108513,-2.9353,0.4621,11.6334,1433,2800.86
108518,-3.7062,-0.5806,11.4179,1436,2800.86
108523,-0.8643,2.3379,9.7444,1447,2800.99
108528,1.9812,3.5566,10.5189,1437,2800.99
108533,-0.4082,1.4557,11.2946,1435,2800.99
108538,-3.2513,-1.1576,11.728,1430,2800.99
108543,-2.5259,1.6807,10.137,1433,2800.99
108548,1.7119,3.0933,10.5153,1434,2800.99
108553,1.8112,2.5654,11.0073,1436,2800.99
108558,-3.0945,-0.8392,11.8441,1433,2800.99
108563,-3.5326,0.8068,10.7368,1435,2800.99
108568,1.2163,2.8012,10.0868,1443,2801.51
108573,2.2075,3.4321,10.5608,1444,2801.51
108578,-3.4548,0.0251,11.8369,1429,2801.51
108583,-3.7936,-0.1544,11.2216,1427,2801.51
108588,0.0383,2.5977,9.8378,1449,2801.77
108593,2.0961,3.729,10.4878,1439,2801.77
108598,-1.9704,0.8882,11.5149,1433,2801.77
108603,-3.4728,-0.9098,11.5987,1444,2801.77
108608,-1.6412,2.0351,9.8857,1445,2801.91
108613,1.8735,3.3291,10.4411,1431,2801.91
108618,0.8392,1.9405,11.1929,1431,2801.91
108623,-3.055,-1.1277,11.904,1430,2801.91
108628,-3.1316,1.2486,10.2711,1439,2801.91
108633,1.4748,2.9293,10.2879,1435,2801.64
108638,2.1272,3.0083,10.7883,1445,2801.64
108643,-3.3267,-0.4896,11.8836,1431,2801.64
108648,-3.7409,0.4357,11.0205,1435,2801.64
108653,0.7925,2.7605,9.9491,1447,2801.91
108658,2.217,3.6787,10.5237,1435,2801.91
108663,-3.122,0.4836,11.7304,1438,2801.91
108668,-3.7086,-0.5028,11.3569,1435,2801.91
108673,-0.6883,2.4002,9.8138,1459,2802.04
108678,2.0243,3.5901,10.4734,1443,2802.04
108683,-0.7099,1.3623,11.3557,1437,2802.04
108688,-3.3483,-1.1636,11.7088,1433,2802.04
108693,-2.3691,1.6963,10.1071,1429,2802.04
108698,1.6161,3.061,10.4184,1439,2801.91
108703,1.6424,2.4828,10.9978,1433,2801.91
108708,-3.1376,-0.893,11.977,1425,2801.91
108713,-3.5135,0.8535,10.6374,1431,2801.91
108718,1.2797,2.8934,10.1646,1445,2802.04
108723,2.2194,3.3782,10.5979,1433,2802.04
108728,-3.4069,-0.0934,11.8381,1431,2802.04
108733,-3.8319,-0.0084,11.2276,1437,2802.04
108738,0.1975,2.6001,9.7731,1451,2802.17
108743,2.1368,3.6978,10.4698,1440,2802.17
108748,-2.2326,0.7877,11.5305,1431,2802.17
108753,-3.4979,-0.9218,11.4802,1437,2802.17
108758,-1.4629,2.1069,9.8557,1439,2802.3
108763,1.7957,3.3734,10.4998,1431,2802.3
108768,0.6452,1.901,11.2551,1439,2802.3
108773,-3.1591,-1.1492,11.7974,1432,2802.3
108778,-2.9425,1.3898,10.3142,1443,2802.3
108783,1.5311,2.9868,10.3011,1437,2802.43
108788,2.0794,2.9173,10.7583,1437,2802.43
108793,-3.207,-0.4764,12.0524,1433,2802.43
108798,-3.7326,0.4274,10.9128,1435,2802.43
108803,0.8296,2.7952,10.0844,1437,2802.43
108808,2.1979,3.5877,10.4543,1435,2802.43
108813,-3.2609,0.3184,11.7519,1437,2802.43
108818,-3.7757,-0.4633,11.4096,1433,2802.43
108823,-0.5531,2.4553,9.7875,1453,2802.43
108828,2.0566,3.6631,10.5082,1439,2802.43
108833,-0.9852,1.2965,11.4802,1433,2802.43
108838,-3.2525,-1.16,11.6921,1429,2802.43
108843,-2.2841,1.7813,9.9683,1431,2802.43
108848,1.7861,3.1807,10.4974,1438,2801.91
108853,1.5694,2.3367,10.9882,1433,2801.91
108858,-3.0801,-1.0439,11.8693,1435,2801.91
108863,-3.4153,0.9601,10.5548,1432,2801.91
108868,1.312,2.8204,10.1646,1438,2801.64
108873,2.1751,3.2549,10.6231,1435,2801.64
108878,-3.4297,-0.1137,11.9447,1427,2801.64
108883,-3.7541,0.0982,11.0612,1437,2801.64
108888,0.3268,2.6947,9.9455,1451,2801.38
108893,2.138,3.7469,10.4722,1445,2801.38
108898,-2.4122,0.7649,11.5365,1432,2801.38
108903,-3.5362,-0.8045,11.5796,1431,2801.38
108908,-1.2773,2.1632,9.8114,1445,2801.38
108913,1.8304,3.3746,10.4663,1433,2801.38
108918,0.3879,1.7549,11.1306,1437,2801.38
108923,-3.1484,-1.2282,11.8573,1435,2801.38
108928,-2.891,1.409,10.2101,1439,2801.38
108933,1.5191,3.0179,10.3669,1438,2801.51
108938,1.9728,2.8455,10.8326,1439,2801.51
108943,-3.2429,-0.5578,11.9734,1429,2801.51
108948,-3.5985,0.5674,10.9331,1434,2801.51
108953,0.9924,2.8108,10.0281,1439,2801.77
108958,2.1608,3.5817,10.4914,1438,2801.77
108963,-3.316,0.2921,11.8357,1437,2801.77
108968,-3.7242,-0.4106,11.2527,1436,2801.77
108973,-0.3783,2.5151,9.8138,1453,2802.04
108978,1.968,3.6476,10.5189,1439,2802.04
108983,-1.1612,1.2091,11.4168,1433,2802.04
108988,-3.377,-1.1013,11.6801,1436,2802.04
108993,-2.1117,1.8364,9.9898,1433,2802.04
108998,1.7071,3.1879,10.483,1446,2802.43
109003,1.3755,2.2601,11.0241,1432,2802.43
109008,-3.1101,-0.9661,11.9602,1439,2802.43
109013,-3.3076,1.0163,10.5333,1427,2802.43
109018,1.3803,2.9257,10.2412,1436,2803.08
109023,2.1871,3.1735,10.6315,1437,2803.08
109028,-3.3651,-0.2143,11.8525,1426,2803.08
109033,-3.863,0.0742,11.1127,1444,2803.08
109038,0.3962,2.6875,9.8737,1451,2803.21
109043,2.1356,3.6811,10.4782,1447,2803.21
109048,-2.7318,0.6345,11.6669,1431,2803.21
109053,-3.5757,-0.7757,11.5053,1433,2803.21
109058,-1.1097,2.2434,9.7995,1447,2803.48
109063,1.913,3.5291,10.4878,1432,2803.48
109068,0.0802,1.6819,11.2827,1445,2803.48
109073,-3.1915,-1.1815,11.795,1435,2803.48
109078,-2.7976,1.4952,10.1466,1447,2803.48
109083,1.6915,3.0263,10.3621,1437,2803.48
109088,1.9668,2.6827,10.8769,1434,2803.48
109093,-3.1927,-0.7494,11.9961,1431,2803.48
109098,-3.6212,0.6237,10.7153,1432,2803.48
109103,1.0642,2.7701,10.1095,1445,2803.74
109108,2.2482,3.5051,10.6027,1437,2803.74
109113,-3.3507,0.1832,11.7879,1437,2803.74
109118,-3.7625,-0.176,11.3449,1437,2803.74
109123,-0.1053,2.5534,9.7959,1449,2803.61
109128,2.0806,3.7385,10.5417,1436,2803.61
109133,-1.6508,1.0798,11.3904,1431,2803.61
109138,-3.3794,-1.0594,11.6047,1439,2803.61
109143,-1.8651,1.9058,9.821,1451,2803.74
109148,1.8148,3.2549,10.477,1438,2803.74
109153,1.1325,2.0925,11.066,1439,2803.74
109158,-3.1496,-1.1205,11.8992,1431,2803.74
109163,-3.2585,1.1193,10.4938,1432,2803.74
109168,1.4353,2.8922,10.2484,1436,2803.74
109173,2.1907,3.0993,10.726,1439,2803.74
109178,-3.3567,-0.3196,12.0177,1431,2803.74
109183,-3.8044,0.2873,10.9858,1447,2803.74
109188,0.6895,2.7605,9.8533,1453,2803.48
109193,2.2134,3.6643,10.5213,1437,2803.48
109198,-2.9712,0.4812,11.6155,1432,2803.48
109203,-3.6368,-0.6177,11.4886,1432,2803.48
109208,-0.8428,2.3164,9.76,1447,2802.69
109213,1.8818,3.5542,10.4962,1439,2802.69
109218,-0.3424,1.476,11.2276,1447,2802.69
109223,-3.2561,-1.1492,11.7663,1436,2802.69
109228,-2.4936,1.6783,10.082,1433,2802.69
109233,1.6628,3.1436,10.4495,1432,2802.04
109238,1.8244,2.5845,10.9415,1433,2802.04
109243,-3.0993,-0.7769,11.8968,1432,2802.04
109248,-3.559,0.7913,10.6925,1433,2802.04
109253,1.2139,2.8252,10.0676,1447,2801.91
109258,2.2218,3.3926,10.6003,1435,2801.91
109263,-3.5291,0.0227,11.886,1433,2801.91
109268,-3.7445,-0.1341,11.1941,1431,2801.91
109273,-0.0299,2.5941,9.8067,1443,2801.64
109278,2.0195,3.7493,10.4962,1439,2801.64
109283,-2.0315,0.9421,11.5053,1433,2801.64
109288,-3.5183,-0.9014,11.6286,1445,2801.64
109293,-1.6508,2.047,9.8497,1451,2801.38
109298,1.8591,3.3878,10.495,1433,2801.38
109303,0.8739,1.9561,11.1749,1448,2801.38
109308,-3.061,-1.1289,11.8728,1432,2801.38
109313,-3.1843,1.2198,10.3346,1437,2801.38
109318,1.5407,2.9317,10.2747,1435,2801.25
109323,2.1668,2.982,10.7943,1445,2801.25
109328,-3.3088,-0.5183,11.9028,1429,2801.25
109333,-3.863,0.3986,11.0421,1439,2801.25
109338,0.7733,2.794,9.9288,1455,2801.38
109343,2.2625,3.7026,10.5225,1435,2801.38
109348,-3.1819,0.4741,11.7172,1435,2801.38
109353,-3.6284,-0.4657,11.4024,1435,2801.38
109358,-0.7051,2.3762,9.7719,1438,2801.12
109363,1.9357,3.5614,10.4567,1439,2801.12
109368,-0.5722,1.3563,11.3593,1438,2801.12
109373,-3.3591,-1.1935,11.7603,1432,2801.12
109378,-2.3547,1.6376,10.0604,1433,2801.12
109383,1.6209,3.0646,10.4124,1437,2802.04
109388,1.5945,2.4912,10.9714,1436,2802.04
109393,-3.1987,-0.8763,12.0357,1435,2802.04
109398,-3.4512,0.8655,10.6303,1435,2802.04
109403,1.2522,2.8539,10.1131,1447,2801.77
109408,2.1883,3.3902,10.6111,1439,2801.77
109413,-3.4046,-0.0132,11.8178,1429,2801.77
109418,-3.7254,-0.0239,11.2324,1431,2801.77
109423,0.1628,2.6193,9.7947,1451,2801.77
109428,2.0446,3.6547,10.4375,1444,2801.77
109433,-2.1536,0.8392,11.5568,1429,2801.77
109438,-3.5075,-0.929,11.5293,1446,2801.77
109443,-1.5299,2.0961,9.9443,1452,2801.64
109448,1.7837,3.3818,10.5512,1433,2801.64
109453,0.6285,1.9537,11.2779,1432,2801.64
109458,-3.14,-1.1372,11.8381,1427,2801.64
109463,-2.9856,1.3862,10.3789,1437,2801.64
109468,1.5467,2.964,10.2532,1437,2801.51
109473,2.1823,2.9473,10.75,1444,2801.51
109478,-3.2705,-0.4992,11.9183,1433,2801.51
109483,-3.6703,0.425,10.9619,1429,2801.51
109488,0.8009,2.7521,9.9802,1447,2800.99
109493,2.1213,3.5949,10.489,1433,2800.99
109498,-3.1556,0.316,11.6418,1437,2800.99
109503,-3.7409,-0.4633,11.4742,1435,2800.99
109508,-0.5698,2.4565,9.8043,1448,2801.77
109513,1.9896,3.62,10.4507,1437,2801.77
109518,-0.8894,1.3599,11.3725,1435,2801.77
109523,-3.2968,-1.093,11.7268,1432,2801.77
109528,-2.3104,1.7957,10.058,1427,2801.77
109533,1.7538,3.1711,10.4531,1435,2801.25
109538,1.6316,2.3942,11.0157,1435,2801.25
109543,-3.1292,-0.9912,11.8776,1435,2801.25
109548,-3.4225,0.9014,10.5931,1432,2801.25
109553,1.2605,2.8383,10.094,1445,2801.25
109558,2.1715,3.3208,10.6578,1435,2801.25
109563,-3.4548,-0.067,11.9734,1431,2801.25
109568,-3.7565,0.0215,11.1031,1431,2801.25
109573,0.2693,2.7258,9.9024,1446,2801.38
109578,2.1105,3.7505,10.4806,1445,2801.38
109583,-2.3272,0.8116,11.5161,1433,2801.38
109588,-3.5039,-0.832,11.5041,1439,2801.38
109593,-1.3599,2.1021,9.845,1455,2801.51
109598,1.8196,3.3722,10.4639,1433,2801.51
109603,0.492,1.7873,11.2168,1434,2801.51
109608,-3.134,-1.1875,11.7711,1428,2801.51
109613,-2.9341,1.3707,10.3046,1440,2801.51
109618,1.4712,2.958,10.3717,1439,2801.91
109623,2.0243,2.879,10.8206,1447,2801.91
109628,-3.2453,-0.5926,11.965,1431,2801.91
109633,-3.6823,0.5471,10.9571,1434,2801.91
109638,0.9421,2.8048,10.0102,1432,2802.3
109643,2.2386,3.5721,10.477,1434,2802.3
109648,-3.2346,0.2921,11.813,1433,2802.3
109653,-3.7457,-0.4489,11.2875,1429,2802.3
109658,-0.4453,2.466,9.7959,1452,2802.95
109663,2.0051,3.5662,10.568,1445,2802.95
109668,-1.136,1.1995,11.4694,1432,2802.95
109673,-3.389,-1.0953,11.7136,1431,2802.95
109678,-2.2051,1.8471,9.9898,1431,2802.95
109683,1.743,3.2106,10.404,1451,2802.56
109688,1.5024,2.3439,11.0169,1439,2802.56
109693,-3.037,-0.917,12.0225,1436,2802.56
109698,-3.45,0.9984,10.495,1434,2802.56
109703,1.391,2.9078,10.155,1443,2802.69
109708,2.2422,3.1915,10.6171,1435,2802.69
109713,-3.3543,-0.2322,11.8393,1429,2802.69
109718,-3.8211,0.0754,11.1414,1433,2802.69
109723,0.3472,2.7066,9.839,1449,2802.69
109728,2.1117,3.6883,10.5225,1446,2802.69
109733,-2.6384,0.7242,11.6969,1434,2802.69
109738,-3.62,-0.7793,11.4802,1435,2802.69
109743,-1.2198,2.2446,9.8414,1448,2802.56
109748,1.9848,3.4884,10.4998,1431,2802.56
109753,0.2634,1.6484,11.2492,1455,2802.56
109758,-3.0957,-1.2294,11.7436,1432,2802.56
109763,-2.8431,1.4497,10.1466,1444,2802.56
109768,1.6269,2.9987,10.4208,1439,2803.08
109773,2.0171,2.7378,10.8194,1433,2803.08
109778,-3.2238,-0.674,12.0548,1432,2803.08
109783,-3.6583,0.6033,10.7931,1431,2803.08
109788,1.0127,2.8395,10.0832,1440,2802.69
109793,2.1679,3.5745,10.6195,1440,2802.69
109798,-3.3603,0.243,11.7555,1439,2802.69
109803,-3.7637,-0.2131,11.3174,1435,2802.69
109808,-0.1628,2.5833,9.7444,1451,2802.69
109813,2.0734,3.6775,10.4734,1439,2802.69
109818,-1.4593,1.1073,11.4168,1435,2802.69
109823,-3.377,-1.087,11.6813,1434,2802.69
109828,-1.9094,1.8459,9.9503,1429,2802.69
109833,1.7071,3.1735,10.4794,1445,2802.82
109838,1.1971,2.1572,11.1043,1439,2802.82
109843,-3.1783,-1.1169,11.9064,1436,2802.82
109848,-3.316,1.1612,10.4986,1435,2802.82
109853,1.4006,2.8886,10.2364,1434,2803.21
109858,2.1811,3.1843,10.6015,1435,2803.21
109863,-3.3866,-0.255,12.0069,1428,2803.21
109868,-3.7254,0.2346,10.9283,1440,2803.21
109873,0.6201,2.7521,9.8737,1451,2803.21
109878,2.1668,3.6919,10.5189,1443,2803.21
109883,-2.8204,0.5962,11.6107,1432,2803.21
109888,-3.6799,-0.6716,11.4718,1435,2803.21
109893,-1.0451,2.2625,9.7444,1447,2803.35
109898,1.9525,3.5458,10.5512,1439,2803.35
109903,-0.1772,1.5945,11.2887,1443,2803.35
109908,-3.201,-1.1396,11.8106,1433,2803.35
109913,-2.6791,1.585,10.1011,1444,2803.35
109918,1.7238,3.0921,10.483,1439,2803.08
109923,1.9178,2.6157,10.9499,1433,2803.08
109928,-3.1137,-0.7638,11.8896,1429,2803.08
109933,-3.6428,0.6835,10.732,1433,2803.08
109938,1.1756,2.8443,10.0592,1447,2803.21
109943,2.2266,3.3794,10.5273,1439,2803.21
109948,-3.389,0.0742,11.8848,1444,2803.21
109953,-3.9492,-0.2789,11.2563,1435,2803.21
109958,-0.0754,2.5821,9.9,1451,2803.61
109963,2.1512,3.7122,10.5728,1437,2803.61
109968,-1.9046,0.9649,11.4946,1427,2803.61
109973,-3.5039,-0.9445,11.6801,1444,2803.61
109978,-1.7933,2.0446,9.8653,1451,2803.35
109983,1.9776,3.3447,10.5058,1437,2803.35
109988,1.0283,2.0051,11.1438,1438,2803.35
109993,-3.0406,-1.1337,11.9399,1435,2803.35
109998,-3.1687,1.1779,10.3022,1431,2803.35
110003,1.4377,2.9006,10.3274,1436,2804.13
110008,2.1165,2.9748,10.8026,1437,2804.13
110013,-3.3471,-0.4669,11.8645,1429,2804.13
110018,-3.7314,0.4345,11.0026,1443,2804.13
110023,0.7578,2.8,9.9383,1465,2804.66
110028,2.1955,3.6859,10.5093,1435,2804.66
110033,-3.0777,0.4824,11.734,1433,2804.66
110038,-3.6176,-0.5052,11.3653,1431,2804.66
110043,-0.6273,2.3715,9.7504,1451,2804.66
110048,1.9585,3.6021,10.5165,1437,2804.66
110053,-0.6129,1.3599,11.3114,1443,2804.66
110058,-3.2872,-1.2007,11.7448,1435,2804.66
110063,-2.4002,1.6592,10.0281,1435,2804.66
110068,1.6592,3.0861,10.4603,1434,2804.66
110073,1.6556,2.4624,10.999,1433,2804.66
110078,-3.2346,-0.9026,11.9674,1432,2804.66
110083,-3.4285,0.9122,10.6159,1435,2804.66
110088,1.2318,2.8934,10.2017,1447,2804.66
110093,2.1751,3.3722,10.6075,1437,2804.66
110098,-3.3591,-0.0455,11.8262,1431,2804.66
110103,-3.7625,0.0096,11.2192,1431,2804.66
110108,0.2454,2.6635,9.7564,1452,2804.66
110113,2.0626,3.705,10.4926,1445,2804.66
110118,-2.332,0.7661,11.5544,1432,2804.66
110123,-3.5721,-0.8763,11.5065,1443,2804.66
110128,-1.3934,2.156,9.8485,1451,2804.39
110133,1.8435,3.3986,10.5189,1432,2804.39
110138,0.5327,1.8675,11.2779,1434,2804.39
110143,-3.2118,-1.1049,11.8944,1429,2804.39
110148,-2.8551,1.4078,10.3011,1437,2804.39
110153,1.5467,3.0035,10.2592,1437,2804.52
110158,2.0973,2.8419,10.817,1447,2804.52
110163,-3.2633,-0.5578,11.9961,1430,2804.52
110168,-3.6583,0.4633,10.8338,1434,2804.52
110173,0.9122,2.7749,10.0401,1439,2804.26
110178,2.1368,3.541,10.5955,1435,2804.26
110183,-3.3232,0.2705,11.7831,1437,2804.26
110188,-3.7122,-0.3579,11.406,1432,2804.26
110193,-0.3891,2.5055,9.7612,1451,2804.0
110198,1.9944,3.7074,10.4627,1437,2804.0
110203,-1.2031,1.1588,11.4658,1437,2804.0
110208,-3.3471,-1.0582,11.6155,1432,2804.0
110213,-2.0351,1.8411,9.9359,1430,2804.0
110218,1.725,3.2286,10.4675,1440,2803.87
110223,1.403,2.2063,11.0983,1435,2803.87
110228,-3.1268,-1.087,11.825,1435,2803.87
110233,-3.3243,1.0487,10.5093,1431,2803.87
110238,1.3527,2.8611,10.1993,1444,2804.26
110243,2.1332,3.2262,10.7524,1438,2804.26
110248,-3.4704,-0.2382,11.9519,1423,2804.26
110253,-3.8008,0.2047,11.0229,1439,2804.26
110258,0.492,2.7473,9.8952,1449,2804.39
110263,2.1691,3.7338,10.5393,1439,2804.39
110268,-2.6983,0.6488,11.6191,1432,2804.39
110273,-3.626,-0.6345,11.57,1440,2804.39
110278,-1.0738,2.2721,9.8138,1454,2803.74
110283,1.8507,3.4548,10.477,1429,2803.74
110288,0.0024,1.6376,11.248,1439,2803.74
110293,-3.2753,-1.2486,11.8022,1433,2803.74
110298,-2.6588,1.5083,10.1933,1443,2803.74
110303,1.5395,3.0143,10.4064,1436,2804.66
110308,1.9178,2.6947,10.9128,1433,2804.66
110313,-3.2058,-0.7494,11.9327,1431,2804.66
110318,-3.5698,0.7099,10.7847,1431,2804.66
110323,1.1193,2.8168,10.0054,1446,2804.13
110328,2.2386,3.4919,10.5512,1444,2804.13
110333,-3.3986,0.1245,11.88,1437,2804.13
110338,-3.7362,-0.243,11.1642,1445,2804.13
110343,-0.0599,2.5714,9.7887,1453,2804.13
110348,1.9704,3.6775,10.507,1439,2804.13
110353,-1.731,1.0211,11.5329,1433,2804.13
110358,-3.5374,-1.0307,11.6215,1443,2804.13
110363,-1.7873,2.0075,9.9072,1431,2804.0
110368,1.7957,3.2729,10.4722,1447,2804.0
110373,1.1181,2.1213,11.1845,1437,2804.0
110378,-3.1029,-1.0391,11.8561,1434,2804.0
110383,-3.1125,1.2354,10.3968,1433,2804.0
110388,1.4664,2.9125,10.3022,1436,2804.39
110393,2.1931,3.0586,10.7284,1444,2804.39
110398,-3.2753,-0.4238,11.8513,1427,2804.39
110403,-3.8164,0.3148,11.0145,1443,2804.39
110408,0.6835,2.7569,9.9395,1452,2804.52
110413,2.1524,3.6332,10.4746,1437,2804.52
110418,-3.0993,0.498,11.7531,1432,2804.52
110423,-3.6751,-0.5938,11.4227,1431,2804.52
110428,-0.7865,2.3858,9.8509,1453,2804.52
110433,1.9393,3.6069,10.4591,1433,2804.52
110438,-0.5088,1.415,11.3401,1443,2804.52
110443,-3.3064,-1.1408,11.716,1433,2804.52
110448,-2.4576,1.6807,10.0233,1443,2804.52
110453,1.7178,3.043,10.4627,1431,2804.66
110458,1.7442,2.4612,10.9714,1429,2804.66
110463,-3.0825,-0.9026,12.0345,1427,2804.66
110468,-3.5997,0.8523,10.5991,1434,2804.66
110473,1.2366,2.818,10.1311,1447,2804.92
110478,2.2338,3.3782,10.5884,1439,2804.92
110483,-3.5063,-0.0455,11.8884,1432,2804.92
110488,-3.8068,0.0467,11.2444,1432,2804.92
110493,0.2071,2.6671,9.8497,1451,2805.18
110498,2.1464,3.7218,10.4962,1439,2805.18
110503,-2.2649,0.8643,11.6071,1431,2805.18
110508,-3.4668,-0.8918,11.5053,1443,2805.18
110513,-1.4617,2.1045,9.8102,1450,2805.57
110518,1.804,3.3722,10.5393,1433,2805.57
110523,0.5411,1.8591,11.2216,1439,2805.57
110528,-3.2501,-1.2186,11.8716,1432,2805.57
110533,-2.9939,1.3647,10.3489,1439,2805.57
110538,1.555,2.976,10.3968,1439,2806.36
110543,2.0877,2.8503,10.8086,1444,2806.36
110548,-3.2441,-0.5614,12.0596,1431,2806.36
110553,-3.7242,0.5148,10.8074,1431,2806.36
110558,0.9481,2.8383,10.0173,1439,2806.36
110563,2.217,3.5626,10.4998,1421,2806.36
110568,-3.2693,0.2945,11.7483,1435,2806.36
110573,-3.7601,-0.3639,11.4108,1435,2806.36
110578,-0.4142,2.4756,9.748,1445,2806.36
110583,1.9393,3.5877,10.5405,1439,2806.36
110588,-1.1636,1.1672,11.4335,1439,2806.36
110593,-3.4297,-1.1301,11.6957,1429,2806.36
110598,-2.1727,1.9381,9.9539,1431,2806.36
110603,1.8591,3.2274,10.5357,1439,2806.1
110608,1.4425,2.247,11.0456,1436,2806.1
110613,-3.1639,-0.996,11.8537,1435,2806.1
110618,-3.2633,1.0953,10.5034,1433,2806.1
110623,1.4054,2.9018,10.1394,1439,2806.23
110628,2.1859,3.1735,10.6638,1435,2806.23
110633,-3.3818,-0.2322,12.038,1427,2806.23
110638,-3.7685,0.1425,11.0049,1437,2806.23
110643,0.5183,2.7318,9.8988,1448,2806.1
110648,2.1009,3.6931,10.4866,1440,2806.1
110653,-2.8108,0.6081,11.7017,1431,2806.1
110658,-3.6631,-0.6476,11.5796,1429,2806.1
110663,-0.9493,2.2877,9.7971,1459,2806.1
110668,1.8088,3.5279,10.4746,1432,2806.1
110673,-0.0838,1.5718,11.3054,1433,2806.1
110678,-3.2477,-1.2414,11.807,1432,2806.1
110683,-2.4588,1.5407,10.0808,1445,2806.1
110688,1.5682,3.0562,10.3753,1436,2806.36
110693,1.8435,2.5941,10.8888,1437,2806.36
110698,-3.1783,-0.844,11.9028,1429,2806.36
110703,-3.5087,0.7829,10.7488,1432,2806.36
110708,1.1492,2.8683,10.1311,1439,2806.23
110713,2.1775,3.4632,10.5848,1443,2806.23
110718,-3.3866,0.097,11.9076,1438,2806.23
110723,-3.7002,-0.0886,11.212,1429,2806.23
110728,0.0634,2.6276,9.8126,1447,2806.23
110733,2.0315,3.7397,10.4603,1435,2806.23
110738,-1.8687,0.9553,11.4443,1429,2806.23
110743,-3.547,-0.911,11.5891,1439,2806.23
110748,-1.585,2.0016,9.8282,1437,2806.23
110753,1.7346,3.2693,10.4902,1437,2806.23
110758,0.7997,1.9393,11.1259,1436,2806.23
110763,-3.158,-1.1744,11.9064,1431,2806.23
110768,-2.9963,1.2845,10.3394,1429,2806.23
110773,1.4581,2.9556,10.3106,1433,2806.49
110778,2.0889,2.97,10.7308,1439,2806.49
110783,-3.3351,-0.48,11.9961,1430,2806.49
110788,-3.6272,0.4824,11.0145,1445,2806.49
110793,0.8475,2.8,9.9144,1438,2806.36
110798,2.1033,3.6428,10.4962,1437,2806.36
110803,-3.1161,0.401,11.7579,1433,2806.36
110808,-3.6871,-0.4896,11.3222,1433,2806.36
110813,-0.5495,2.4157,9.7181,1448,2806.75
110818,1.9082,3.6176,10.5297,1437,2806.75
110823,-0.8547,1.3228,11.4371,1444,2806.75
110828,-3.3806,-1.1133,11.7711,1436,2806.75
110833,-2.1691,1.8028,10.0341,1436,2806.75
110838,1.6843,3.201,10.471,1433,2806.23
110843,1.5251,2.3439,11.066,1437,2806.23
110848,-3.1783,-0.9134,11.9602,1431,2806.23
110853,-3.3196,0.9996,10.4507,1433,2806.23
110858,1.306,2.8922,10.2029,1449,2806.49
110863,2.1775,3.2046,10.6638,1443,2806.49
110868,-3.3986,-0.2059,11.8381,1429,2806.49
110873,-3.7733,0.1341,11.2276,1429,2806.49
110878,0.3711,2.6528,9.8557,1445,2806.49
110883,2.083,3.7074,10.5177,1440,2806.49
110888,-2.5881,0.7183,11.6394,1431,2806.49
110893,-3.5937,-0.7434,11.5724,1443,2806.49
110898,-1.1827,2.2494,9.8665,1445,2805.84
110903,1.8411,3.5159,10.501,1429,2805.84
110908,0.2035,1.64,11.2755,1427,2805.84
110913,-3.2777,-1.1875,11.8405,1430,2805.84
110918,-2.7246,1.4832,10.1813,1439,2805.84
110923,1.5479,2.9724,10.3178,1437,2807.02
110928,1.98,2.6456,10.896,1448,2807.02
110933,-3.2154,-0.7829,12.0249,1433,2807.02
110938,-3.614,0.6452,10.7536,1432,2807.02
110943,1.0259,2.8287,10.0137,1433,2806.23
110948,2.1847,3.5063,10.6267,1435,2806.23
110953,-3.3734,0.1987,11.8082,1436,2806.23
110958,-3.7254,-0.1149,11.3246,1436,2806.23
110963,-0.1389,2.5774,9.7324,1449,2806.49
110968,2.0243,3.705,10.495,1439,2806.49
110973,-1.6029,1.0343,11.4766,1431,2806.49
110978,-3.3962,-1.0068,11.552,1433,2806.49
110983,-1.8016,1.9513,9.8761,1433,2806.49
110988,1.6975,3.2046,10.4387,1439,2806.36
110993,1.0642,2.0806,11.1713,1435,2806.36
110998,-3.1999,-1.1157,11.8621,1434,2806.36
111003,-3.1352,1.1779,10.4483,1433,2806.36
111008,1.4473,2.9532,10.2256,1435,2806.75
111013,2.1524,3.0765,10.7703,1434,2806.75
111018,-3.4046,-0.3519,11.9961,1427,2806.75
111023,-3.6691,0.3484,10.9379,1443,2806.75
111028,0.723,2.7916,9.8892,1455,2806.62
111033,2.1488,3.6583,10.5333,1439,2806.62
111038,-2.9664,0.425,11.6861,1431,2806.62
111043,-3.6751,-0.5231,11.4335,1433,2806.62
111048,-0.7554,2.3547,9.7767,1443,2806.23
111053,1.8783,3.5494,10.5093,1431,2806.23
111058,-0.571,1.3647,11.3713,1447,2806.23
111063,-3.3351,-1.1684,11.7591,1433,2806.23
111068,-2.3475,1.7538,10.0688,1447,2806.23
111073,1.6664,3.1663,10.4351,1436,2805.97
111078,1.7059,2.5103,11.0229,1433,2805.97
111083,-3.1747,-0.8763,11.8693,1429,2805.97
111088,-3.4105,0.9002,10.6434,1433,2805.97
111093,1.2486,2.8563,10.0353,1444,2806.1
111098,2.1452,3.292,10.58,1439,2806.1
111103,-3.4369,-0.0946,11.9267,1440,2806.1
111108,-3.7637,-0.0682,11.1737,1437,2806.1
111113,0.2274,2.6564,9.8485,1452,2806.1
111118,2.0554,3.7613,10.5225,1437,2806.1
111123,-2.3667,0.7949,11.6095,1431,2806.1
111128,-3.6081,-0.8188,11.5831,1445,2806.1
111133,-1.3563,2.1512,9.8282,1445,2806.36
111138,1.895,3.4381,10.4244,1432,2806.36
111143,0.4286,1.7885,11.2396,1439,2806.36
111148,-3.1975,-1.2043,11.8645,1427,2806.36
111153,-2.7964,1.4018,10.2604,1434,2806.36
111158,1.5107,2.9628,10.3837,1435,2806.1
111163,1.9944,2.7904,10.8804,1440,2806.1
111168,-3.1927,-0.6943,11.9734,1430,2806.1
111173,-3.717,0.5962,10.8122,1436,2806.1
111178,0.9852,2.8192,9.9503,1451,2805.31
111183,2.1548,3.5889,10.5309,1436,2805.31
111188,-3.3184,0.3136,11.8669,1435,2805.31
111193,-3.7876,-0.2658,11.23,1430,2805.31
111198,-0.3412,2.5666,9.8282,1451,2804.92
111203,2.0806,3.65,10.5572,1435,2804.92
111208,-1.3108,1.1528,11.3665,1443,2804.92
111213,-3.468,-1.1133,11.6574,1432,2804.92
111218,-2.0638,1.822,9.973,1433,2804.92
111223,1.7885,3.1591,10.5082,1443,2804.66
111228,1.2629,2.2242,11.084,1403,2804.66
111233,-3.1556,-1.0427,11.9973,1437,2804.66
111238,-3.3495,1.0989,10.4232,1432,2804.66
111243,1.4617,2.9365,10.2089,1415,2804.79
111248,2.2314,3.2046,10.6291,1436,2804.79
111253,-3.3232,-0.2167,11.9734,1425,2804.79
111258,-3.9229,0.2143,11.1091,1433,2804.79
111263,0.5997,2.7078,9.8234,1451,2804.92
111268,2.1811,3.6512,10.5297,1440,2804.92
111273,-2.8671,0.5926,11.6502,1433,2804.92
111278,-3.6595,-0.7602,11.388,1439,2804.92
111283,-1.0546,2.32,9.7671,1445,2804.66
111288,1.8687,3.5243,10.5082,1433,2804.66
111293,-0.1209,1.5694,11.3784,1437,2804.66
111298,-3.2489,-1.1456,11.7914,1433,2804.66
111303,-2.6731,1.6089,10.0616,1447,2804.66
111308,1.6963,3.0754,10.3992,1437,2804.66
111313,1.9465,2.6133,10.8996,1435,2804.66
111318,-3.0394,-0.753,12.038,1433,2804.66
111323,-3.6583,0.7039,10.6159,1435,2804.66
111328,1.142,2.8024,10.1095,1437,2804.92
111333,2.2398,3.3746,10.58,1436,2804.92
111338,-3.4429,0.0491,11.8321,1435,2804.92
111343,-3.7804,-0.1353,11.2551,1431,2804.92
111348,-0.0311,2.6181,9.8378,1452,2804.92
111353,1.9477,3.7182,10.5453,1437,2804.92
111358,-1.8495,0.9649,11.5412,1432,2804.92
111363,-3.4752,-0.9433,11.6047,1435,2804.92
111368,-1.6089,2.071,9.9072,1433,2804.92
111373,1.8232,3.3303,10.4543,1444,2804.92
111378,0.8871,1.9668,11.1414,1433,2804.92
111383,-3.2082,-1.2246,11.8645,1430,2804.92
111388,-2.9724,1.2127,10.337,1431,2804.92
111393,1.4066,2.8802,10.2304,1435,2805.18
111398,2.0482,2.9293,10.756,1435,2805.18
111403,-3.3375,-0.4573,12.0608,1430,2805.18
111408,-3.6308,0.4357,10.8769,1445,2805.18
111413,0.747,2.8096,9.9443,1451,2805.44
111418,2.1332,3.6308,10.4866,1443,2805.44
111423,-3.0538,0.4573,11.6705,1431,2805.44
111428,-3.6787,-0.4597,11.4539,1431,2805.44
111433,-0.5626,2.4157,9.8282,1435,2805.05
111438,1.901,3.553,10.4603,1432,2805.05
111443,-0.7781,1.3455,11.412,1439,2805.05
111448,-3.3363,-1.2198,11.6861,1433,2805.05
111453,-2.211,1.7154,9.9647,1445,2805.05
111458,1.6113,3.1508,10.4734,1439,2806.36
111463,1.5239,2.4301,11.0433,1431,2806.36
111468,-3.2166,-0.9649,11.9387,1427,2806.36
111473,-3.3866,0.9876,10.6518,1429,2806.36
111478,1.3336,2.9269,10.1837,1445,2805.84
111483,2.1823,3.298,10.5943,1437,2805.84
111488,-3.3854,-0.0622,12.0237,1435,2805.84
111493,-3.7314,0.0048,11.066,1431,2805.84
111498,0.3124,2.6635,9.8557,1451,2805.84
111503,2.0027,3.6583,10.5369,1437,2805.84
111508,-2.4624,0.6608,11.5616,1432,2805.84
111513,-3.6512,-0.8272,11.5867,1440,2805.84
111518,-1.2402,2.2194,9.8078,1445,2805.57
111523,1.8411,3.456,10.4962,1433,2805.57
111528,0.2777,1.7382,11.224,1445,2805.57
111533,-3.2322,-1.0822,11.9088,1427,2805.57
111538,-2.7234,1.4664,10.1849,1437,2805.57
111543,1.5658,3.0179,10.3621,1435,2805.7
111548,1.9932,2.6995,10.8804,1443,2805.7
111553,-3.1747,-0.68,11.91,1427,2805.7
111558,-3.6236,0.5938,10.8493,1437,2805.7
111563,0.9984,2.7857,9.9874,1449,2805.7
111568,2.1237,3.4991,10.574,1437,2805.7
111573,-3.3591,0.2263,11.8908,1433,2805.7
111578,-3.7421,-0.2693,11.2887,1433,2805.7
111583,-0.2693,2.5391,9.7767,1450,2806.1
111588,1.9788,3.723,10.5309,1437,2806.1
111593,-1.4521,1.1301,11.4563,1437,2806.1
111598,-3.4596,-1.008,11.728,1431,2806.1
111603,-1.8806,1.9417,9.9024,1431,2806.1
111608,1.8196,3.2501,10.4399,1433,2806.36
111613,1.2091,2.1093,11.0875,1435,2806.36
111618,-3.1376,-1.136,11.9327,1433,2806.36
111623,-3.1472,1.1001,10.3561,1421,2806.36
111628,1.3683,2.9197,10.2771,1447,2806.23
111633,2.0758,3.1101,10.7272,1437,2806.23
111638,-3.377,-0.3687,11.9243,1427,2806.23
111643,-3.7433,0.3484,11.1666,1433,2806.23
111648,0.6895,2.8048,9.8869,1447,2806.1
111653,2.1488,3.7445,10.5249,1437,2806.1
111658,-2.9305,0.5495,11.7005,1431,2806.1
111663,-3.5997,-0.5782,11.4144,1437,2806.1
111668,-0.7721,2.3212,9.7803,1439,2805.7
111673,1.8603,3.5111,10.5022,1428,2805.7
111678,-0.3591,1.4329,11.309,1433,2805.7
111683,-3.3686,-1.2234,11.7795,1445,2805.7
111688,-2.4565,1.6544,10.0628,1439,2805.7
111693,1.6544,3.0969,10.4088,1431,2806.75
111698,1.7071,2.5522,10.999,1433,2806.75
111703,-3.1975,-0.7901,12.0249,1431,2806.75
111708,-3.4668,0.8847,10.7476,1430,2806.75
111713,1.2031,2.8623,10.1394,1439,2806.49
111718,2.2003,3.3615,10.6075,1439,2806.49
111723,-3.3339,-0.0108,11.8405,1435,2806.49
111728,-3.796,-0.0599,11.2551,1403,2806.49
111733,0.1544,2.5738,9.7276,1451,2806.49
111738,2.0746,3.6488,10.4531,1437,2806.49
111743,-2.2386,0.8631,11.6083,1433,2806.49
111748,-3.5745,-0.8799,11.546,1437,2806.49
111753,-1.4497,2.1548,9.8246,1437,2806.1
111758,1.8088,3.4297,10.5441,1445,2806.1
111763,0.559,1.8806,11.2946,1443,2806.1
111768,-3.2118,-1.1133,11.8298,1431,2806.1
111773,-2.8311,1.3898,10.2663,1431,2806.1
111778,1.5455,2.9724,10.2436,1434,2806.89
111783,2.0901,2.8323,10.8481,1437,2806.89
111788,-3.2525,-0.5962,11.9698,1429,2806.89
111793,-3.6739,0.48,10.8409,1446,2806.89
111798,0.8356,2.7821,10.0149,1445,2806.49
111803,2.0973,3.5674,10.5764,1437,2806.49
111808,-3.3028,0.2586,11.734,1432,2806.49
111813,-3.7697,-0.3041,11.3964,1437,2806.49
111818,-0.4166,2.5223,9.8055,1453,2806.75
111823,1.9968,3.6835,10.4758,1437,2806.75
111828,-1.1372,1.2222,11.4467,1445,2806.75
111833,-3.4309,-1.0965,11.6765,1434,2806.75
111838,-2.0099,1.8364,10.0233,1437,2806.75
111843,1.6795,3.1412,10.4351,1431,2807.02
111848,1.3743,2.1823,11.0708,1435,2807.02
111853,-3.1603,-1.1396,11.8465,1429,2807.02
111858,-3.2525,1.1001,10.495,1433,2807.02
111863,1.3886,2.8611,10.167,1445,2806.75
111868,2.1117,3.2046,10.6853,1435,2806.75
111873,-3.4465,-0.2239,12.0189,1425,2806.75
111878,-3.7457,0.2945,11.0265,1433,2806.75
111883,0.5602,2.7521,9.8952,1451,2806.75
111888,2.1464,3.7529,10.5022,1439,2806.75
111893,-2.6911,0.656,11.6466,1431,2806.75
111898,-3.6859,-0.6967,11.4586,1443,2806.75
111903,-0.9924,2.296,9.76,1444,2806.36
111908,1.9836,3.5015,10.5417,1435,2806.36
111913,-0.1951,1.549,11.3042,1431,2806.36
111918,-3.322,-1.2342,11.7088,1429,2806.36
111923,-2.4744,1.5634,10.1574,1437,2806.36
111928,1.5215,3.055,10.3609,1434,2806.23
111933,1.8136,2.6252,10.9547,1443,2806.23
111938,-3.1484,-0.7721,11.9985,1429,2806.23
111943,-3.5267,0.8428,10.7571,1433,2806.23
111948,1.2103,2.8371,10.0389,1432,2806.1
111953,2.1979,3.401,10.5189,1439,2806.1
111958,-3.389,0.0814,11.8896,1435,2806.1
111963,-3.729,-0.1748,11.2144,1434,2806.1
111968,0.0395,2.63,9.8545,1449,2805.97
111973,1.9944,3.6512,10.5596,1438,2805.97
111978,-1.9716,0.9278,11.5676,1434,2805.97
111983,-3.5638,-0.9134,11.5855,1423,2805.97
111988,-1.5778,2.0722,9.8701,1433,2805.97
111993,1.8292,3.2992,10.3705,1439,2805.57
111998,0.8535,2.0219,11.1749,1433,2805.57
112003,-3.2394,-1.1349,11.8489,1435,2805.57
112008,-2.9149,1.3515,10.331,1430,2805.57
112013,1.4748,2.9604,10.2388,1435,2805.57
112018,2.0853,2.9233,10.7943,1435,2805.57
112023,-3.2705,-0.5842,11.9423,1427,2805.57
112028,-3.6715,0.419,10.9439,1430,2805.57
112033,0.7841,2.7426,9.9407,1451,2805.7
112038,2.077,3.6488,10.5261,1445,2805.7
112043,-3.1927,0.4513,11.8262,1433,2805.7
112048,-3.6667,-0.4513,11.3389,1434,2805.7
112053,-0.5602,2.478,9.7899,1447,2805.7
112058,1.998,3.6284,10.55,1428,2805.7
112063,-0.7985,1.2725,11.3868,1445,2805.7
112068,-3.3627,-1.1504,11.6849,1434,2805.7
112073,-2.1715,1.737,10.0054,1440,2805.7
112078,1.664,3.1149,10.477,1437,2805.97
112083,1.5071,2.3559,11.0983,1433,2805.97
112088,-3.201,-1.0092,12.0189,1427,2805.97
112093,-3.3579,0.9744,10.5022,1435,2805.97
112098,1.2917,2.8946,10.1861,1444,2805.84
112103,2.1464,3.2621,10.6446,1431,2805.84
112108,-3.4895,-0.152,11.9004,1439,2805.84
112113,-3.7134,0.1664,11.1701,1439,2805.84
112118,0.3663,2.7162,9.833,1452,2805.97
112123,2.0698,3.7014,10.507,1437,2805.97
112128,-2.4541,0.7602,11.6227,1401,2805.97
112133,-3.5817,-0.8033,11.4634,1439,2805.97
112138,-1.2019,2.2158,9.8186,1450,2806.23
112143,1.8184,3.3794,10.4806,1439,2806.23
112148,0.1975,1.7023,11.2324,1443,2806.23
112153,-3.4405,-1.239,11.7771,1427,2806.23
112158,-2.5127,1.494,10.2867,1431,2806.23
112163,1.4497,3.0131,10.3657,1437,2805.97
112168,1.8663,2.7066,10.835,1445,2805.97
112173,-3.2872,-0.6716,12.0416,1428,2805.97
112178,-3.3974,0.7099,10.7667,1438,2805.97
112183,1.0271,2.8383,10.0149,1445,2805.84
112188,2.0853,3.486,10.5584,1435,2805.84
112193,-3.2705,0.1748,11.8621,1435,2805.84
112198,-3.638,-0.2442,11.3605,1430,2805.84
112203,-0.0922,2.4924,9.748,1437,2805.31
112208,1.7909,3.626,10.489,1437,2805.31
112213,-1.567,1.0511,11.4718,1439,2805.31
112218,-3.4931,-0.9541,11.582,1420,2805.31
112223,-1.6017,1.962,9.9072,1431,2805.31
112228,1.6831,3.2561,10.4866,1433,2805.7
112233,1.1001,2.1009,11.0911,1431,2805.7
112238,-3.237,-1.1133,11.8573,1430,2805.7
112243,-2.9161,1.1648,10.4136,1431,2805.7
112248,1.403,2.9293,10.2089,1447,2805.7
112253,1.9992,3.0143,10.726,1435,2805.7
112258,-3.3124,-0.3543,12.0213,1431,2805.7
112263,-3.729,0.2562,10.9583,1433,2805.7
112268,0.5842,2.7761,9.9216,1445,2805.31
112273,2.0794,3.6787,10.5381,1449,2805.31
112278,-2.9413,0.4824,11.655,1431,2805.31
112283,-3.6787,-0.5303,11.485,1439,2805.31
112288,-0.7709,2.3631,9.815,1451,2805.05
112293,1.9836,3.5817,10.568,1421,2805.05
112298,-0.4046,1.4257,11.3497,1432,2805.05
112303,-3.2298,-1.1839,11.7424,1431,2805.05
112308,-2.3224,1.6568,10.0497,1437,2805.05
112313,1.5957,3.0933,10.422,1435,2804.92
112318,1.6735,2.5115,10.9607,1437,2804.92
112323,-3.1987,-0.9026,11.9327,1436,2804.92
112328,-3.4692,0.8487,10.6949,1437,2804.92
112333,1.227,2.8347,10.0772,1435,2805.18
112338,2.1775,3.3746,10.6159,1435,2805.18
112343,-3.5111,0.0658,11.9291,1435,2805.18
112348,-3.7086,-0.0251,11.1977,1433,2805.18
112353,0.1508,2.6552,9.7683,1453,2805.57
112358,2.0554,3.7589,10.4866,1439,2805.57
112363,-2.15,0.8715,11.5197,1428,2805.57
112368,-3.5674,-0.899,11.5975,1433,2805.57
112373,-1.4712,2.1189,9.8019,1431,2805.57
112378,1.8064,3.3734,10.5405,1439,2805.7
112383,0.5914,1.8495,11.1941,1448,2805.7
112388,-3.1987,-1.1349,11.8477,1447,2805.7
112393,-2.9113,1.3755,10.2903,1429,2805.7
112398,1.5287,2.9928,10.3657,1433,2805.44
112403,2.0494,2.8599,10.7775,1435,2805.44
112408,-3.2956,-0.5638,11.9303,1423,2805.44
112413,-3.5829,0.4812,10.9367,1437,2805.44
112418,0.9194,2.7797,9.9479,1449,2805.05
112423,2.0949,3.5314,10.5165,1451,2805.05
112428,-3.219,0.2945,11.7531,1427,2805.05
112433,-3.705,-0.4657,11.2982,1432,2805.05
112438,-0.4477,2.5019,9.7468,1448,2804.79
112443,1.9178,3.6236,10.5249,1427,2804.79
112448,-1.1061,1.2139,11.3796,1459,2804.79
112453,-3.4333,-1.0666,11.7256,1432,2804.79
112458,-2.0913,1.8483,9.9814,1439,2804.79
112463,1.7382,3.2034,10.3968,1435,2804.79
112468,1.4736,2.247,11.0624,1432,2804.79
112473,-3.1484,-1.0259,11.9159,1427,2804.79
112478,-3.2825,1.0295,10.5034,1439,2804.79
112483,1.3276,2.8563,10.155,1445,2804.66
112488,2.1261,3.1747,10.7212,1439,2804.66
112493,-3.3998,-0.2382,11.8633,1437,2804.66
112498,-3.8439,0.1856,11.1546,1429,2804.66
112503,0.4561,2.6887,9.8078,1451,2804.79
112508,2.0997,3.7362,10.55,1435,2804.79
112513,-2.7031,0.6812,11.649,1431,2804.79
112518,-3.6512,-0.7314,11.4778,1423,2804.79
112523,-1.1432,2.241,9.7648,1445,2805.05
112528,2.0099,3.5219,10.5381,1439,2805.05
112533,0.0587,1.5897,11.2599,1447,2805.05
112538,-3.2406,-1.2067,11.7292,1431,2805.05
112543,-2.7306,1.5,10.1454,1435,2805.05
112548,1.7059,3.0203,10.3801,1435,2805.05
112553,1.9369,2.6743,10.9319,1437,2805.05
112558,-3.1939,-0.7518,12.0596,1433,2805.05
112563,-3.6871,0.7147,10.7176,1440,2805.05
112568,1.1504,2.8659,10.064,1435,2805.05
112573,2.2781,3.4991,10.5776,1433,2805.05
112578,-3.3962,0.1173,11.7938,1433,2805.05
112583,-3.7745,-0.1712,11.2839,1431,2805.05
112588,-0.0778,2.5726,9.7983,1437,2804.92
112593,2.0159,3.6464,10.5141,1437,2804.92
112598,-1.6496,1.0068,11.479,1439,2804.92
112603,-3.4955,-1.0175,11.5843,1433,2804.92
