timestamp_ms,ax,ay,az,acs_adc,rpm
19668,-2.8527,0.0742,12.6558,1353,2933.7
19673,-5.2816,-0.0646,10.896,1368,2933.7
19678,0.4848,2.8563,9.1842,1353,2933.55
19683,2.9401,3.6452,10.7105,1361,2933.55
19688,-2.2853,0.3184,12.4331,1361,2933.55
19693,-5.126,-0.5447,11.1342,1356,2933.55
19698,-0.2071,2.6528,8.9974,1365,2933.41
19703,2.8706,3.6536,10.671,1359,2933.41
19708,-1.476,0.5303,12.1889,1363,2933.41
19713,-4.9608,-0.917,11.4539,1359,2933.41
19718,-0.9409,2.5007,8.9435,1367,2933.41
19723,2.7569,3.6212,10.6482,1368,2933.41
19728,-0.5183,0.7302,11.9818,1361,2933.41
19733,-4.8088,-1.1971,11.7316,1364,2933.41
19738,-1.6843,2.3164,8.9268,1369,2933.41
19743,2.6671,3.5686,10.5764,1366,2933.41
19748,0.4082,1.0415,11.8693,1364,2933.41
19753,-4.6005,-1.3779,12.044,1371,2933.41
19758,-2.5247,2.1572,9.0357,1368,2933.55
19763,2.5606,3.5135,10.562,1357,2933.55
19768,1.324,1.4832,11.746,1365,2933.55
19773,-4.4365,-1.3934,12.2475,1364,2933.55
19778,-3.2717,2.0159,9.3889,1372,2933.55
19783,2.5486,3.4117,10.2795,1363,2933.55
19788,2.1679,1.9201,11.5401,1369,2933.55
19793,-4.0857,-1.2234,12.4762,1367,2933.55
19798,-3.8966,1.8543,9.5469,1367,2933.55
19803,2.4505,3.3411,10.082,1363,2933.55
19808,2.7461,2.2936,11.3377,1368,2933.55
19813,-3.8882,-1.0965,12.5863,1359,2933.55
19818,-4.4209,1.4928,9.736,1375,2933.55
19823,2.2434,3.2226,9.8809,1363,2933.41
19828,3.0538,2.636,11.1558,1367,2933.41
19833,-3.6464,-0.7937,12.7024,1366,2933.41
19838,-4.7884,1.1552,9.9958,1363,2933.41
19843,1.9836,3.1137,9.572,1365,2933.12
19848,3.1328,2.9233,11.0624,1367,2933.12
19853,-3.4728,-0.5195,12.8425,1361,2933.12
19858,-5.0218,0.7733,10.2364,1369,2933.12
19863,1.573,3.0299,9.4032,1366,2932.84
19868,3.0227,3.2417,10.9966,1367,2932.84
19873,-3.2549,-0.1987,12.7156,1365,2932.84
19878,-5.2253,0.3891,10.5884,1369,2932.84
19883,1.0977,2.9221,9.2189,1367,2932.55
19888,3.0502,3.5386,10.8637,1371,2932.55
19893,-2.891,0.0431,12.4199,1355,2932.55
19898,-5.187,-0.0227,10.9978,1375,2932.55
19903,0.5447,2.7641,8.9854,1369,2932.55
19908,2.9724,3.632,10.8146,1369,2932.55
19913,-2.3296,0.2693,12.4798,1363,2932.55
19918,-5.2206,-0.4872,11.1247,1369,2932.55
19923,-0.1281,2.6528,9.0118,1373,2932.26
19928,2.8527,3.6176,10.6374,1369,2932.26
19933,-1.5191,0.4357,12.2116,1365,2932.26
19938,-4.9871,-0.9074,11.5628,1371,2932.26
19943,-0.8966,2.4588,8.8322,1369,2932.41
19948,2.7318,3.6524,10.6757,1369,2932.41
19953,-0.6273,0.7793,12.1003,1362,2932.41
19958,-4.7812,-1.2486,11.6035,1363,2932.41
19963,-1.6987,2.3487,9.0022,1367,2932.12
19968,2.6025,3.5482,10.5979,1373,2932.12
19973,0.3663,1.063,11.8776,1363,2932.12
19978,-4.6005,-1.3431,12.1242,1379,2932.12
19983,-2.5367,2.1787,8.9555,1366,2932.26
19988,2.624,3.5686,10.4615,1363,2932.26
19993,1.33,1.5155,11.6717,1368,2932.26
19998,-4.4257,-1.4018,12.2272,1367,2932.26
20003,-3.2465,2.0375,9.2404,1369,2932.41
20008,2.5151,3.474,10.3453,1366,2932.41
20013,2.0901,1.895,11.5185,1371,2932.41
20018,-4.0893,-1.2055,12.5827,1363,2932.41
20023,-3.8523,1.7549,9.3649,1365,2932.41
20028,2.4457,3.3878,10.1191,1369,2932.84
20033,2.7114,2.2793,11.3318,1370,2932.84
20038,-3.8487,-1.0582,12.6091,1364,2932.84
20043,-4.4556,1.5443,9.736,1373,2932.84
20048,2.2757,3.2489,9.8869,1365,2933.12
20053,3.0227,2.6133,11.1666,1363,2933.12
20058,-3.5925,-0.8021,12.7419,1371,2933.12
20063,-4.7836,1.1349,9.918,1363,2933.12
20068,1.9273,3.1125,9.6857,1365,2932.84
20073,3.0466,2.9449,11.0133,1367,2932.84
20078,-3.3926,-0.5327,12.7838,1359,2932.84
20083,-5.1463,0.759,10.2867,1365,2932.84
20088,1.5778,3.043,9.5337,1373,2932.41
20093,3.037,3.2561,10.8781,1366,2932.41
20098,-3.1987,-0.2286,12.7467,1365,2932.41
20103,-5.223,0.3519,10.5788,1370,2932.41
20108,1.0331,2.9844,9.2775,1369,2932.26
20113,2.9784,3.48,10.8086,1369,2932.26
20118,-2.8563,0.0754,12.6414,1359,2932.26
20123,-5.2026,-0.0587,10.8888,1379,2932.26
20128,0.4405,2.8383,9.1243,1374,2931.69
20133,2.873,3.6248,10.6614,1367,2931.69
20138,-2.223,0.2813,12.4223,1373,2931.69
20143,-5.0996,-0.51,11.2013,1365,2931.69
20148,-0.231,2.6887,8.9579,1371,2931.55
20153,2.8108,3.6476,10.6518,1367,2931.55
20158,-1.4641,0.5255,12.2763,1365,2931.55
20163,-4.9704,-0.929,11.4575,1367,2931.55
20168,-1.0008,2.4576,8.922,1373,2931.69
20173,2.709,3.6117,10.5908,1367,2931.69
20178,-0.5004,0.7458,11.9985,1365,2931.69
20183,-4.7908,-1.1899,11.7591,1365,2931.69
20188,-1.7729,2.2697,9.0393,1369,2931.55
20193,2.5331,3.5494,10.568,1369,2931.55
20198,0.5028,1.0906,11.8693,1363,2931.55
20203,-4.5837,-1.3874,12.0033,1371,2931.55
20208,-2.5295,2.162,9.1327,1374,2931.41
20213,2.5606,3.4979,10.4279,1363,2931.41
20218,1.4473,1.5383,11.6933,1379,2931.41
20223,-4.288,-1.3611,12.3002,1358,2931.41
20228,-3.2657,1.9908,9.2715,1370,2931.26
20233,2.4948,3.3962,10.2951,1367,2931.26
20238,2.2087,1.9369,11.5197,1367,2931.26
20243,-4.0689,-1.2689,12.4822,1368,2931.26
20248,-3.8954,1.7633,9.5217,1379,2931.26
20253,2.4181,3.3507,10.1167,1367,2931.12
20258,2.6971,2.3284,11.309,1371,2931.12
20263,-3.7505,-1.0104,12.7144,1363,2931.12
20268,-4.4664,1.4509,9.6989,1375,2931.12
20273,2.1476,3.2465,9.8689,1359,2931.41
20278,2.9963,2.6552,11.1294,1371,2931.41
20283,-3.5063,-0.7614,12.7431,1368,2931.41
20288,-4.8315,1.0953,10.0269,1365,2931.41
20293,1.8794,3.1184,9.7013,1367,2931.41
20298,3.0921,3.0239,11.0684,1375,2931.41
20303,-3.3591,-0.5076,12.7372,1363,2931.41
20308,-5.1128,0.6823,10.337,1371,2931.41
20313,1.4365,3.0215,9.4834,1371,2931.55
20318,3.0682,3.3172,10.8816,1369,2931.55
20323,-3.1448,-0.1532,12.6905,1358,2931.55
20328,-5.1978,0.3196,10.6398,1372,2931.55
20333,0.911,2.9688,9.2931,1367,2931.55
20338,2.9449,3.4931,10.805,1371,2931.55
20343,-2.7198,0.1329,12.5313,1368,2931.55
20348,-5.2062,-0.1161,10.9056,1378,2931.55
20353,0.3304,2.8264,9.1051,1372,2931.55
20358,2.9066,3.6428,10.6494,1368,2931.55
20363,-2.083,0.3496,12.4307,1369,2931.55
20368,-5.0973,-0.6117,11.2192,1371,2931.55
20373,-0.3531,2.6193,8.9699,1368,2931.83
20378,2.7342,3.6176,10.6267,1371,2931.83
20383,-1.2677,0.5662,12.1637,1358,2931.83
20388,-4.8902,-1.0331,11.4934,1367,2931.83
20393,-1.1313,2.4409,8.9088,1373,2931.83
20398,2.6911,3.5841,10.6171,1366,2931.83
20403,-0.2825,0.8164,11.9483,1367,2931.83
20408,-4.7944,-1.2785,11.7926,1373,2931.83
20413,-1.9094,2.2781,8.9771,1369,2931.69
20418,2.5738,3.5638,10.586,1370,2931.69
20423,0.6488,1.1744,11.7843,1368,2931.69
20428,-4.5011,-1.3815,12.1123,1373,2931.69
20433,-2.6983,2.1524,9.0992,1371,2931.55
20438,2.5115,3.4979,10.4136,1368,2931.55
20443,1.5945,1.5658,11.6849,1372,2931.55
20448,-4.2725,-1.3587,12.378,1365,2931.55
20453,-3.395,1.9549,9.2895,1369,2931.55
20458,2.5115,3.3746,10.2017,1371,2930.69
20463,2.3547,2.0039,11.4084,1371,2930.69
20468,-4.0163,-1.1732,12.4726,1366,2930.69
20473,-4.0031,1.7166,9.5277,1379,2930.69
20478,2.3439,3.3112,10.0245,1367,2930.98
20483,2.7725,2.381,11.224,1361,2930.98
20488,-3.6835,-0.9828,12.6306,1367,2930.98
20493,-4.4951,1.3491,9.7671,1369,2930.98
20498,2.1105,3.1723,9.8593,1365,2930.55
20503,3.061,2.709,11.0492,1365,2930.55
20508,-3.4477,-0.6919,12.7635,1369,2930.55
20513,-4.9404,0.9589,10.0413,1365,2930.55
20518,1.7597,3.1017,9.6618,1363,2930.55
20523,3.0718,3.0754,10.8948,1375,2930.55
20528,-3.2394,-0.3795,12.7779,1365,2930.55
20533,-5.1404,0.5734,10.3729,1369,2930.55
20538,1.324,3.0514,9.3972,1378,2930.4
20543,2.9844,3.3435,10.817,1369,2930.4
20548,-3.0335,-0.0838,12.7084,1357,2930.4
20553,-5.2349,0.158,10.7416,1373,2930.4
20558,0.753,2.9269,9.1997,1371,2930.4
20563,2.8994,3.5769,10.7392,1371,2930.4
20568,-2.5821,0.1867,12.5456,1365,2930.4
20573,-5.187,-0.2897,11.0145,1367,2930.4
20578,0.164,2.7581,9.0561,1374,2930.55
20583,2.8515,3.632,10.6494,1369,2930.55
20588,-1.9166,0.4274,12.3349,1369,2930.55
20593,-5.0111,-0.6991,11.3054,1369,2930.55
20598,-0.5997,2.63,8.989,1373,2930.55
20603,2.7605,3.626,10.5943,1372,2930.55
20608,-0.9613,0.65,12.0931,1373,2930.55
20613,-4.8375,-1.1349,11.5401,1366,2930.55
20618,-1.4114,2.3679,8.983,1375,2930.69
20623,2.6121,3.553,10.5477,1373,2930.69
20628,0.0275,0.9433,11.971,1367,2930.69
20633,-4.6855,-1.3527,11.9064,1375,2930.69
20638,-2.1883,2.2577,9.0836,1375,2931.12
20643,2.5426,3.5195,10.4519,1365,2931.12
20648,0.99,1.3001,11.74,1371,2931.12
20653,-4.4257,-1.3898,12.135,1365,2931.12
20658,-2.9556,2.0686,9.2201,1381,2930.4
20663,2.5103,3.4285,10.3693,1365,2930.4
20668,1.9225,1.7262,11.5401,1373,2930.4
20673,-4.1503,-1.306,12.3996,1366,2930.4
20678,-3.6069,1.8735,9.3458,1371,2930.4
20683,2.4708,3.389,10.1742,1367,2931.26
20688,2.4972,2.1153,11.3246,1378,2931.26
20693,-3.8355,-1.1253,12.5899,1363,2931.26
20698,-4.2126,1.5981,9.5756,1379,2931.26
20703,2.3068,3.2741,9.9407,1365,2930.69
20708,2.9485,2.4576,11.1773,1369,2930.69
20713,-3.5769,-0.9134,12.6809,1369,2930.69
20718,-4.6507,1.1899,9.8426,1369,2930.69
20723,2.0111,3.1436,9.7384,1364,2930.69
20728,3.049,2.8299,11.1235,1369,2930.69
20733,-3.4249,-0.589,12.7336,1363,2930.69
20738,-5.0374,0.8272,10.1706,1379,2930.69
20743,1.5802,3.0287,9.5385,1375,2930.98
20748,3.0251,3.1256,10.8757,1375,2930.98
20753,-3.2394,-0.3017,12.7455,1365,2930.98
20758,-5.1906,0.4633,10.5321,1379,2930.98
20763,1.1301,3.0095,9.3111,1371,2931.12
20768,2.9461,3.4297,10.7883,1379,2931.12
20773,-2.8946,0.0467,12.6474,1357,2931.12
20778,-5.2493,0.0443,10.8146,1379,2931.12
20783,0.571,2.9042,9.1255,1373,2931.41
20788,2.9437,3.5997,10.6877,1372,2931.41
20793,-2.3918,0.2562,12.5181,1369,2931.41
20798,-5.138,-0.401,11.0792,1359,2931.41
20803,-0.1077,2.7414,8.9914,1373,2931.98
20808,2.812,3.6356,10.6231,1372,2931.98
20813,-1.6065,0.486,12.2499,1363,2931.98
20818,-4.9967,-0.9074,11.3916,1367,2931.98
20823,-0.8296,2.5187,8.8945,1375,2932.26
20828,2.7426,3.6188,10.5788,1373,2932.26
20833,-0.6273,0.6991,12.0488,1363,2932.26
20838,-4.8375,-1.1995,11.7412,1369,2932.26
20843,-1.5682,2.3104,8.9663,1373,2932.55
20848,2.6157,3.5482,10.5572,1373,2932.55
20853,0.2298,1.0439,11.8633,1367,2932.55
20858,-4.6292,-1.3683,12.0333,1379,2932.55
20863,-2.3954,2.2194,9.0585,1379,2932.84
20868,2.5965,3.5267,10.4698,1368,2932.84
20873,1.1887,1.385,11.7579,1373,2932.84
20878,-4.4508,-1.391,12.2499,1367,2932.84
20883,-3.1328,2.077,9.1913,1367,2932.84
20888,2.5546,3.4608,10.2592,1369,2932.84
20893,2.0147,1.8531,11.6083,1367,2932.84
20898,-4.1276,-1.2474,12.5157,1372,2932.84
20903,-3.7362,1.8627,9.4188,1379,2932.84
20908,2.4565,3.3758,10.0652,1369,2933.12
20913,2.6384,2.2003,11.3461,1369,2933.12
20918,-3.79,-1.0953,12.6761,1367,2933.12
20923,-4.2916,1.5167,9.5493,1373,2933.12
20928,2.2769,3.2777,9.9443,1371,2932.84
20933,2.9951,2.5295,11.1582,1365,2932.84
20938,-3.6105,-0.8775,12.7802,1372,2932.84
20943,-4.7669,1.148,9.9132,1368,2932.84
20948,2.0016,3.1568,9.7241,1369,2932.84
20953,3.0897,2.8659,11.0157,1371,2932.84
20958,-3.4249,-0.5686,12.8018,1364,2932.84
20963,-5.0422,0.7781,10.2101,1371,2932.84
20968,1.585,3.0765,9.4834,1379,2933.27
20973,3.037,3.152,10.9343,1366,2933.27
20978,-3.2429,-0.2658,12.7958,1368,2933.27
20983,-5.1894,0.4405,10.5524,1372,2933.27
20988,1.1432,3.0358,9.335,1365,2933.55
20993,2.976,3.474,10.8374,1373,2933.55
20998,-2.9245,0.0192,12.6055,1365,2933.55
21003,-5.2565,-0.0251,10.8062,1381,2933.55
21008,0.6093,2.8886,9.1506,1375,2934.27
21013,2.976,3.5745,10.7308,1367,2934.27
21018,-2.375,0.249,12.4439,1370,2934.27
21023,-5.1451,-0.4286,11.0433,1367,2934.27
21028,-0.0359,2.739,8.9471,1371,2934.56
21033,2.8766,3.6488,10.6338,1371,2934.56
21038,-1.6352,0.4489,12.3541,1367,2934.56
21043,-5.0362,-0.8739,11.4479,1369,2934.56
21048,-0.7757,2.4912,9.0022,1379,2934.99
21053,2.7138,3.6164,10.5728,1368,2934.99
21058,-0.7769,0.6488,12.1087,1367,2934.99
21063,-4.8351,-1.2031,11.6203,1365,2934.99
21068,-1.5095,2.3355,8.9244,1375,2935.71
21073,2.6432,3.5566,10.5824,1371,2935.71
21078,0.1401,0.9397,11.965,1369,2935.71
21083,-4.7118,-1.3779,11.9554,1369,2935.71
21088,-2.3068,2.2685,8.9914,1371,2935.56
21093,2.5977,3.5566,10.477,1365,2935.56
21098,1.0618,1.342,11.7448,1373,2935.56
21103,-4.4628,-1.3527,12.2451,1365,2935.56
21108,-2.9808,2.0985,9.1303,1373,2934.85
21113,2.5809,3.5434,10.3657,1365,2934.85
21118,1.8387,1.7274,11.6071,1370,2934.85
21123,-4.1958,-1.2821,12.4534,1367,2934.85
21128,-3.6488,1.9118,9.3122,1375,2934.85
21133,2.5402,3.4117,10.1454,1367,2934.56
21138,2.5438,2.132,11.4096,1371,2934.56
21143,-3.899,-1.1576,12.6115,1367,2934.56
21148,-4.2018,1.6161,9.5541,1381,2934.56
21153,2.3391,3.2896,9.9419,1363,2934.85
21158,2.9233,2.4481,11.23,1367,2934.85
21163,-3.6775,-0.9469,12.6761,1369,2934.85
21168,-4.6555,1.2941,9.7995,1369,2934.85
21173,2.0351,3.1532,9.7767,1363,2934.42
21178,3.043,2.7689,11.0828,1363,2934.42
21183,-3.4453,-0.6524,12.809,1370,2934.42
21188,-5.0278,0.9373,10.1047,1369,2934.42
21193,1.6735,3.0789,9.5948,1373,2934.27
21198,3.0107,3.1029,10.9834,1371,2934.27
21203,-3.3052,-0.3795,12.8042,1364,2934.27
21208,-5.2409,0.5495,10.3956,1369,2934.27
21213,1.3072,3.0861,9.4523,1371,2934.99
21218,3.0167,3.3914,10.8457,1369,2934.99
21223,-3.0155,-0.0467,12.7551,1357,2934.99
21228,-5.2481,0.158,10.6973,1381,2934.99
21233,0.8033,2.9401,9.2201,1373,2934.7
21238,2.9904,3.5255,10.6997,1369,2934.7
21243,-2.5642,0.17,12.5911,1371,2934.7
21248,-5.1739,-0.2969,11.0217,1368,2934.7
21253,0.2095,2.7485,8.9783,1372,2934.27
21258,2.9102,3.614,10.6482,1371,2934.27
21263,-1.8854,0.3567,12.293,1373,2934.27
21268,-5.0578,-0.7422,11.2982,1371,2934.27
21273,-0.4884,2.5678,8.849,1371,2933.84
21278,2.7689,3.5961,10.6386,1373,2933.84
21283,-1.1037,0.595,12.147,1367,2933.84
21288,-4.9069,-1.0906,11.6442,1368,2933.84
21293,-1.2833,2.3619,8.8957,1368,2933.41
21298,2.654,3.5925,10.5931,1373,2933.41
21303,-0.1724,0.8643,12.068,1365,2933.41
21308,-4.78,-1.3503,11.8728,1379,2933.41
21313,-2.0494,2.2517,8.9651,1369,2933.27
21318,2.6073,3.5901,10.4591,1367,2933.27
21323,0.759,1.2725,11.8633,1369,2933.27
21328,-4.5478,-1.3252,12.1482,1369,2933.27
21333,-2.7533,2.1452,9.1339,1371,2932.98
21338,2.5331,3.4943,10.3753,1365,2932.98
21343,1.6484,1.6053,11.6119,1371,2932.98
21348,-4.1875,-1.3599,12.4211,1366,2932.98
21353,-3.4884,1.9333,9.1949,1369,2932.98
21358,2.5355,3.4572,10.2017,1373,2933.55
21363,2.4505,2.0207,11.4251,1372,2933.55
21368,-3.9648,-1.1971,12.6162,1365,2933.55
21373,-4.0929,1.6544,9.4858,1379,2933.55
21378,2.4313,3.2992,10.0054,1368,2933.99
21383,2.8575,2.3415,11.242,1367,2933.99
21388,-3.7158,-1.0056,12.7252,1379,2933.99
21393,-4.5885,1.2809,9.7492,1363,2933.99
21398,2.1237,3.1735,9.809,1370,2933.41
21403,3.0179,2.7031,11.1438,1368,2933.41
21408,-3.5602,-0.7171,12.7779,1367,2933.41
21413,-4.9644,0.978,10.0784,1369,2933.41
21418,1.828,3.1316,9.5972,1381,2932.69
21423,3.0119,3.1424,10.9918,1367,2932.69
21428,-3.371,-0.3687,12.7982,1369,2932.69
21433,-5.1499,0.6584,10.4136,1371,2932.69
21438,1.3719,3.049,9.432,1371,2932.55
21443,2.9999,3.3627,10.8816,1369,2932.55
21448,-3.0287,-0.0934,12.712,1365,2932.55
21453,-5.2433,0.2418,10.671,1379,2932.55
21458,0.8787,2.9736,9.2572,1374,2932.26
21463,3.055,3.5458,10.7643,1370,2932.26
21468,-2.5786,0.1353,12.566,1371,2932.26
21473,-5.1655,-0.3184,10.9595,1367,2932.26
21478,0.2083,2.7581,9.0357,1381,2932.26
21483,2.8515,3.5638,10.6554,1369,2932.26
21488,-1.9106,0.3603,12.4247,1371,2932.26
21493,-5.053,-0.7219,11.2779,1369,2932.26
21498,-0.5124,2.5977,8.9687,1373,2932.55
21503,2.7641,3.5829,10.6051,1367,2932.55
21508,-1.1001,0.5698,12.1506,1387,2932.55
21513,-4.9584,-1.0642,11.546,1369,2932.55
21518,-1.2617,2.4337,8.922,1367,2932.41
21523,2.6372,3.6057,10.6386,1373,2932.41
21528,-0.2095,0.8727,11.9985,1371,2932.41
21533,-4.725,-1.2917,11.8705,1373,2932.41
21538,-2.0063,2.3008,9.0273,1371,2931.83
21543,2.6228,3.6045,10.4818,1366,2931.83
21548,0.8045,1.2163,11.734,1375,2931.83
21553,-4.4807,-1.3072,12.1697,1365,2931.83
21558,-2.7988,2.1488,9.1363,1371,2931.12
21563,2.6037,3.5267,10.4088,1367,2931.12
21568,1.7478,1.6281,11.6011,1372,2931.12
21573,-4.1803,-1.3348,12.3768,1368,2931.12
21578,-3.4453,1.9285,9.341,1374,2931.12
21583,2.5319,3.3842,10.1789,1368,2930.69
21588,2.4409,2.053,11.4539,1366,2930.69
21593,-3.8882,-1.2151,12.5696,1365,2930.69
21598,-4.1001,1.6053,9.5325,1379,2930.69
21603,2.3068,3.2621,10.0281,1357,2930.98
21608,2.8192,2.4253,11.2408,1368,2930.98
21613,-3.6883,-0.9816,12.7132,1374,2930.98
21618,-4.5741,1.2845,9.8354,1368,2930.98
21623,2.0758,3.1723,9.8426,1364,2930.26
21628,2.9688,2.812,11.0361,1372,2930.26
21633,-3.4321,-0.6584,12.797,1363,2930.26
21638,-4.9931,0.9529,10.1047,1372,2930.26
21643,1.7466,3.1639,9.59,1374,2929.97
21648,2.9975,3.1388,10.9152,1368,2929.97
21653,-3.3303,-0.3124,12.7647,1363,2929.97
21658,-5.138,0.5614,10.4842,1373,2929.97
21663,1.2414,3.0406,9.4224,1369,2929.4
21668,2.958,3.4345,10.8326,1373,2929.4
21673,-2.9736,-0.0096,12.6342,1364,2929.4
21678,-5.187,0.0934,10.7571,1373,2929.4
21683,0.6919,2.9209,9.1494,1375,2928.97
21688,2.9616,3.5578,10.7404,1369,2928.97
21693,-2.4062,0.1939,12.4451,1371,2928.97
21698,-5.1356,-0.4214,11.0325,1367,2928.97
21703,0.0048,2.6899,9.0417,1371,2928.97
21708,2.812,3.6356,10.6853,1379,2928.97
21713,-1.737,0.4082,12.2811,1368,2928.97
21718,-5.0159,-0.8535,11.3174,1391,2928.97
21723,-0.7913,2.5283,9.0118,1374,2928.83
21728,2.6947,3.6164,10.6075,1369,2928.83
21733,-0.7925,0.6955,12.0955,1363,2928.83
21738,-4.8674,-1.1684,11.6586,1377,2928.83
21743,-1.579,2.375,9.0549,1372,2928.97
21748,2.5917,3.5925,10.5453,1372,2928.97
21753,0.182,1.0403,11.9112,1369,2928.97
21758,-4.6148,-1.3503,11.9722,1373,2928.97
21763,-2.3703,2.2446,9.0884,1380,2928.69
21768,2.5798,3.5111,10.4399,1365,2928.69
21773,1.2594,1.4281,11.6454,1379,2928.69
21778,-4.3323,-1.3659,12.2823,1369,2928.69
21783,-3.1448,2.0099,9.2488,1366,2928.69
21788,2.5953,3.4812,10.331,1372,2928.4
21793,2.1237,1.8052,11.4371,1373,2928.4
21798,-4.0534,-1.2773,12.4774,1369,2928.4
21803,-3.8367,1.7274,9.4212,1374,2928.4
21808,2.4636,3.3064,10.1011,1369,2928.97
21813,2.6911,2.2434,11.2516,1367,2928.97
21818,-3.7828,-1.0762,12.6222,1368,2928.97
21823,-4.4149,1.4341,9.6989,1369,2928.97
21828,2.2458,3.2406,9.9012,1371,2928.97
21833,3.0023,2.6109,11.1977,1368,2928.97
21838,-3.614,-0.7925,12.7515,1369,2928.97
21843,-4.8495,1.136,10.0413,1367,2928.97
21848,1.8651,3.1448,9.6438,1372,2928.69
21853,2.9628,3.0107,11.0121,1367,2928.69
21858,-3.3651,-0.4501,12.7467,1367,2928.69
21863,-5.0901,0.7542,10.3118,1368,2928.69
21868,1.4449,3.0765,9.4284,1379,2928.4
21873,3.0311,3.3567,10.9331,1369,2928.4
21878,-3.1101,-0.17,12.7431,1363,2928.4
21883,-5.2325,0.237,10.6805,1375,2928.4
21888,0.8978,2.9425,9.262,1382,2928.4
21893,2.9568,3.486,10.7356,1369,2928.4
21898,-2.6288,0.1652,12.5624,1375,2928.4
21903,-4.889,-1.0953,11.5532,1367,2928.4
21908,0.2861,2.7809,9.1375,1373,2928.69
21913,2.6947,3.5793,10.5656,1369,2928.69
21918,-2.0219,0.3496,12.3661,1372,2928.69
21923,-4.6232,-1.3815,11.898,1368,2928.69
21928,-0.5064,2.5965,8.9842,1377,2928.83
21933,2.5594,3.5099,10.5584,1369,2928.83
21938,0.9972,1.306,11.734,1368,2928.83
21943,-4.4424,-1.3922,12.1625,1365,2928.83
21948,-2.9796,2.0638,9.1818,1368,2928.83
21953,2.5331,3.4584,10.4244,1369,2928.83
21958,1.8232,1.7478,11.5041,1368,2928.83
21963,-4.1527,-1.2953,12.4534,1375,2928.83
21968,-3.6476,1.8375,9.3877,1379,2928.83
21973,2.4541,3.3399,10.1837,1362,2928.83
21978,2.5474,2.1751,11.3533,1378,2928.83
21983,-3.8834,-1.0726,12.5612,1367,2928.83
21988,-4.2617,1.567,9.6822,1373,2928.83
21993,2.3068,3.2453,10.0054,1373,2928.69
21998,2.9389,2.5462,11.1534,1371,2928.69
22003,-3.6583,-0.8763,12.736,1367,2928.69
22008,-4.6998,1.2067,9.9671,1353,2928.69
22013,1.9692,3.1388,9.6762,1365,2929.26
22018,3.0227,2.909,11.0038,1371,2929.26
22023,-3.4105,-0.5124,12.803,1365,2929.26
22028,-5.0326,0.8152,10.2747,1373,2929.26
22033,1.5694,3.0837,9.5624,1368,2929.4
22038,2.982,3.1687,10.8517,1370,2929.4
22043,-3.2202,-0.2789,12.7743,1368,2929.4
22048,-5.1834,0.3496,10.5153,1369,2929.4
22053,1.0798,2.9688,9.3039,1366,2929.69
22058,2.9377,3.4548,10.7775,1373,2929.69
22063,-2.8635,0.0994,12.6665,1363,2929.69
22068,-5.2086,-0.0838,10.8673,1372,2929.69
22073,0.4693,2.8383,9.1494,1384,2929.97
22078,2.8479,3.6033,10.6434,1371,2929.97
22083,-2.2529,0.2933,12.4068,1357,2929.97
22088,-5.1691,-0.5303,11.157,1375,2929.97
22093,-0.2502,2.6827,8.9735,1368,2929.69
22098,2.8132,3.6547,10.665,1375,2929.69
22103,-1.4581,0.5363,12.2176,1365,2929.69
22108,-4.9728,-0.9218,11.4694,1374,2929.69
22113,-1.0092,2.472,8.9711,1372,2929.83
22118,2.7234,3.6536,10.6159,1379,2929.83
22123,-0.4681,0.8033,12.0141,1369,2929.83
22128,-4.7597,-1.2378,11.7256,1369,2929.83
22133,-1.8316,2.3248,9.0106,1371,2929.97
22138,2.5953,3.535,10.5082,1375,2929.97
22143,0.5483,1.1265,11.8621,1366,2929.97
22148,-4.5238,-1.3803,11.9842,1371,2929.97
22153,-2.6037,2.1548,9.0776,1373,2929.83
22158,2.5343,3.4512,10.4088,1379,2929.83
22163,1.4796,1.5586,11.6789,1367,2929.83
22168,-4.3203,-1.3623,12.3038,1380,2929.83
22173,-3.3746,1.9728,9.3374,1371,2929.97
22178,2.4828,3.3926,10.2879,1365,2929.97
22183,2.2398,1.9501,11.473,1370,2929.97
22188,-4.0474,-1.2677,12.5492,1367,2929.97
22193,-4.027,1.7466,9.5002,1369,2930.69
22198,2.3954,3.3423,10.1251,1364,2930.69
22203,2.7857,2.375,11.2695,1373,2930.69
22208,-3.7589,-0.9852,12.7036,1369,2930.69
22213,-4.4963,1.4042,9.742,1370,2930.69
22218,2.1464,3.2142,9.8725,1371,2929.97
22223,3.0119,2.6827,11.072,1372,2929.97
22228,-3.5314,-0.6764,12.7755,1366,2929.97
22233,-4.8878,1.0104,10.0808,1375,2929.97
22238,1.8304,3.1125,9.6414,1368,2929.97
22243,3.0706,3.0562,11.0121,1369,2929.97
22248,-3.2825,-0.3926,12.73,1373,2929.97
22253,-5.1248,0.5902,10.3286,1366,2929.97
22258,1.3695,3.0251,9.3865,1367,2929.97
22263,2.9832,3.3423,10.8421,1367,2929.97
22268,-3.0658,-0.1233,12.6976,1363,2929.97
22273,-5.2206,0.1879,10.6865,1372,2929.97
22278,0.826,2.9018,9.2201,1381,2930.4
22283,2.897,3.5446,10.7727,1372,2930.4
22288,-2.6767,0.1125,12.5265,1366,2930.4
22293,-5.1799,-0.2406,11.0349,1371,2930.4
22298,0.1568,2.7857,9.0309,1371,2930.4
22303,2.8168,3.6416,10.6434,1371,2930.4
22308,-1.9549,0.3926,12.4091,1357,2930.4
22313,-5.0697,-0.7015,11.2671,1375,2930.4
22318,-0.5339,2.6719,8.9435,1383,2930.69
22323,2.7246,3.6464,10.6111,1368,2930.69
22328,-1.0858,0.6452,12.129,1373,2930.69
22333,-4.8626,-1.0355,11.5736,1369,2930.69
22338,-1.3228,2.4397,8.9352,1373,2930.69
22343,2.6456,3.6033,10.5704,1378,2930.69
22348,-0.0299,0.9062,11.9566,1363,2930.69
22353,-4.6855,-1.3743,11.8681,1369,2930.69
22358,-2.1177,2.2338,8.989,1375,2930.83
22363,2.5881,3.5374,10.4722,1371,2930.83
22368,0.9505,1.257,11.6969,1367,2930.83
22373,-4.44,-1.4042,12.1697,1369,2930.83
22378,-2.873,2.0614,9.1231,1374,2930.83
22383,2.5199,3.456,10.404,1369,2930.83
22388,1.7933,1.6915,11.5784,1370,2930.83
22393,-4.1887,-1.3312,12.402,1372,2930.83
22398,-3.6009,1.8962,9.4224,1381,2931.12
22403,2.472,3.3962,10.1993,1367,2931.12
22408,2.4636,2.1261,11.3617,1381,2931.12
22413,-3.978,-1.1492,12.572,1366,2931.12
22418,-4.1659,1.6101,9.6247,1373,2931.12
22423,2.2865,3.2609,10.0329,1369,2931.26
22428,2.8287,2.5199,11.1917,1372,2931.26
22433,-3.6428,-0.8667,12.6869,1367,2931.26
22438,-4.6364,1.3431,9.8928,1399,2931.26
22443,2.0506,3.1963,9.7612,1365,2931.41
22448,3.061,2.8371,11.0193,1371,2931.41
22453,-3.3986,-0.583,12.8018,1367,2931.41
22458,-4.9799,0.8799,10.1299,1378,2931.41
22463,1.6747,3.0969,9.5696,1365,2931.12
22468,3.0466,3.1292,10.8553,1369,2931.12
22473,-3.2226,-0.2921,12.791,1367,2931.12
22478,-5.1751,0.4513,10.4495,1369,2931.12
22483,1.1863,3.037,9.3948,1365,2931.12
22488,2.9892,3.3674,10.8074,1379,2931.12
22493,-2.9616,-0.0419,12.7144,1365,2931.12
22498,-5.2385,-0.0012,10.8266,1368,2931.12
22503,0.5962,2.8383,9.2404,1373,2931.12
22508,2.8503,3.5494,10.7272,1371,2931.12
22513,-2.4576,0.2717,12.4834,1357,2931.12
22518,-5.2098,-0.4094,11.0804,1373,2931.12
22523,-0.0156,2.7378,9.0118,1369,2931.41
22528,2.8359,3.7098,10.6638,1374,2931.41
22533,-1.7358,0.4489,12.317,1363,2931.41
22538,-5.0075,-0.8009,11.394,1375,2931.41
22543,-0.729,2.5618,8.9711,1375,2931.55
22548,2.7354,3.7014,10.635,1373,2931.55
22553,-0.7973,0.68,12.056,1369,2931.55
22558,-4.8135,-1.1636,11.637,1373,2931.55
22563,-1.5179,2.3559,8.9196,1373,2931.55
22568,2.6205,3.5422,10.5273,1379,2931.55
22573,0.2358,0.9517,11.8956,1365,2931.55
22578,-4.6112,-1.3874,11.9351,1374,2931.55
22583,-2.2793,2.2158,9.0369,1373,2931.83
22588,2.5738,3.4596,10.4303,1370,2931.83
22593,1.1648,1.3898,11.7316,1366,2931.83
22598,-4.3898,-1.4234,12.141,1381,2931.83
22603,-3.1328,2.0662,9.2416,1371,2932.12
22608,2.4816,3.3998,10.3441,1371,2932.12
22613,1.9848,1.7621,11.5592,1363,2932.12
22618,-4.1599,-1.2977,12.4151,1375,2932.12
22623,-3.7445,1.8483,9.3769,1383,2932.84
22628,2.411,3.3543,10.137,1371,2932.84
22633,2.5618,2.2122,11.2779,1375,2932.84
22638,-3.8367,-1.0977,12.6198,1371,2932.84
22643,-4.312,1.561,9.669,1369,2932.84
22648,2.2877,3.3196,9.9659,1374,2932.12
22653,2.8982,2.5534,11.1821,1372,2932.12
22658,-3.6583,-0.8236,12.7216,1369,2932.12
22663,-4.707,1.2019,9.9515,1379,2932.12
22668,1.9932,3.1783,9.7205,1367,2932.69
22673,3.0777,2.9125,11.0756,1365,2932.69
22678,-3.3794,-0.5243,12.7276,1368,2932.69
22683,-5.0422,0.8272,10.2819,1369,2932.69
22688,1.6328,3.0777,9.5074,1370,2932.55
22693,3.0574,3.14,10.9415,1369,2932.55
22698,-3.1963,-0.2981,12.6845,1366,2932.55
22703,-5.1954,0.3591,10.5345,1370,2932.55
22708,1.0798,2.988,9.3577,1369,2931.98
22713,2.9568,3.4213,10.8338,1371,2931.98
22718,-2.9102,0.0096,12.6546,1368,2931.98
22723,-5.272,-0.0515,10.8685,1369,2931.98
22728,0.5088,2.8467,9.1459,1375,2931.55
22733,2.8718,3.5506,10.7188,1371,2931.55
22738,-2.3762,0.2849,12.4858,1364,2931.55
22743,-5.2098,-0.407,11.1043,1380,2931.55
22748,-0.1341,2.7509,9.0178,1373,2931.26
22753,2.7378,3.6691,10.6338,1372,2931.26
22758,-1.652,0.5375,12.3146,1355,2931.26
22763,-4.95,-0.8416,11.4227,1369,2931.26
22768,-0.8236,2.5534,8.9124,1379,2931.26
22773,2.7126,3.6488,10.5524,1373,2931.26
22778,-0.6393,0.7626,12.0321,1371,2931.26
22783,-4.8135,-1.1887,11.7136,1371,2931.26
22788,-1.6101,2.3679,9.0022,1375,2931.55
22793,2.6767,3.5686,10.5824,1371,2931.55
22798,0.3807,1.0511,11.7902,1368,2931.55
22803,-4.5562,-1.3671,12.0189,1367,2931.55
22808,-2.4157,2.1464,9.0417,1371,2931.41
22813,2.5271,3.4848,10.4507,1371,2931.41
22818,1.2953,1.3946,11.6586,1371,2931.41
22823,-4.3167,-1.409,12.299,1380,2931.41
22828,-3.2537,1.9992,9.2009,1379,2932.55
22833,2.466,3.4105,10.2867,1369,2932.55
22838,2.1081,1.8148,11.5041,1373,2932.55
22843,-4.1156,-1.2857,12.4941,1369,2932.55
22848,-3.8439,1.8471,9.4176,1384,2932.84
22853,2.4181,3.3291,10.137,1367,2932.84
22858,2.6372,2.2529,11.3389,1373,2932.84
22863,-3.8295,-1.0343,12.6354,1367,2932.84
22868,-4.3395,1.5383,9.6881,1373,2932.84
22873,2.247,3.2537,9.8869,1369,2932.69
22878,2.976,2.6133,11.1079,1379,2932.69
22883,-3.559,-0.7817,12.8054,1371,2932.69
22888,-4.804,1.1552,9.9359,1371,2932.69
22893,1.9573,3.1627,9.7276,1368,2932.69
22898,3.1005,2.9149,10.9188,1368,2932.69
22903,-3.3028,-0.4956,12.8269,1368,2932.69
22908,-5.1415,0.7207,10.2364,1368,2932.69
22913,1.6017,3.0885,9.517,1367,2932.98
22918,3.0873,3.1532,10.805,1373,2932.98
22923,-3.1412,-0.2502,12.7791,1363,2932.98
22928,-5.2493,0.2969,10.5261,1375,2932.98
22933,1.1061,2.891,9.3242,1379,2932.98
22938,2.982,3.4596,10.7607,1378,2932.98
22943,-2.8539,0.0551,12.6677,1367,2932.98
22948,-5.2421,-0.0551,10.9008,1370,2932.98
22953,0.5279,2.8335,9.1123,1371,2932.84
22958,2.879,3.614,10.7021,1374,2932.84
22963,-2.3727,0.2933,12.463,1363,2932.84
22968,-5.1104,-0.4238,11.1881,1381,2932.84
22973,-0.1508,2.7102,9.019,1375,2933.27
22978,2.7976,3.6524,10.653,1371,2933.27
22983,-1.5179,0.5171,12.3122,1369,2933.27
22988,-4.9991,-0.8559,11.4024,1371,2933.27
22993,-0.8763,2.5714,8.9735,1373,2933.55
22998,2.745,3.6559,10.5417,1373,2933.55
23003,-0.6225,0.7422,12.0787,1367,2933.55
23008,-4.804,-1.2019,11.6717,1369,2933.55
23013,-1.6376,2.3487,9.0166,1373,2933.84
23018,2.5965,3.5207,10.4902,1372,2933.84
23023,0.3675,1.002,11.8896,1365,2933.84
23028,-4.6268,-1.4018,11.995,1371,2933.84
23033,-2.4588,2.1823,9.0549,1371,2933.7
23038,2.5726,3.4572,10.416,1372,2933.7
23043,1.2558,1.3767,11.6981,1367,2933.7
23048,-4.3934,-1.4581,12.2583,1380,2933.7
23053,-3.1927,2.0435,9.1782,1371,2934.27
23058,2.5295,3.4477,10.2987,1367,2934.27
23063,2.0267,1.7945,11.4539,1370,2934.27
23068,-4.148,-1.2821,12.5013,1372,2934.27
23073,-3.8008,1.8735,9.3913,1373,2933.99
23078,2.4361,3.3734,10.1251,1366,2933.99
23083,2.6181,2.2015,11.3844,1371,2933.99
23088,-3.8798,-1.081,12.5983,1373,2933.99
23093,-4.4017,1.573,9.6391,1370,2933.99
23098,2.3487,3.3076,9.8881,1371,2934.56
23103,3.0119,2.5522,11.2061,1373,2934.56
23108,-3.632,-0.8224,12.7443,1367,2934.56
23113,-4.7178,1.2127,9.9635,1379,2934.56
23118,2.0435,3.1508,9.7013,1371,2934.42
23123,3.1137,2.8467,11.0385,1371,2934.42
23128,-3.4117,-0.5938,12.7671,1372,2934.42
23133,-4.9979,0.8404,10.2017,1363,2934.42
23138,1.6173,3.0682,9.487,1371,2934.27
23143,3.0765,3.1412,10.8816,1368,2934.27
23148,-3.1927,-0.3041,12.7467,1365,2934.27
23153,-5.2517,0.4202,10.5489,1364,2934.27
23158,1.1863,2.9772,9.3865,1371,2934.13
23163,2.9688,3.3998,10.7787,1369,2934.13
23168,-2.9592,0.0144,12.6701,1371,2934.13
23173,-5.2325,0.0251,10.7907,1371,2934.13
23178,0.6381,2.8659,9.1949,1383,2933.99
23183,2.8611,3.5853,10.72,1369,2933.99
23188,-2.4385,0.2358,12.4917,1363,2933.99
23193,-5.1787,-0.346,11.1067,1379,2933.99
23198,0.0024,2.7737,9.0058,1369,2933.99
23203,2.8599,3.6919,10.6781,1369,2933.99
23208,-1.6771,0.4214,12.2823,1368,2933.99
23213,-5.0254,-0.8284,11.3725,1368,2933.99
23218,-0.6704,2.5618,8.8957,1375,2933.55
23223,2.7928,3.6344,10.6027,1371,2933.55
23228,-0.8308,0.6452,12.0333,1371,2933.55
23233,-4.7944,-1.1624,11.661,1370,2933.55
23238,-1.4964,2.3894,8.9172,1373,2933.7
23243,2.6647,3.5913,10.5393,1373,2933.7
23248,0.1844,0.9409,11.8992,1368,2933.7
23253,-4.6292,-1.3384,11.9124,1367,2933.7
23258,-2.2398,2.2266,9.0501,1373,2933.84
23263,2.5379,3.4632,10.4998,1373,2933.84
23268,1.0546,1.3132,11.7519,1368,2933.84
23273,-4.446,-1.4126,12.2356,1375,2933.84
23278,-3.0179,2.0901,9.153,1375,2933.99
23283,2.5163,3.4895,10.3334,1369,2933.99
23288,1.883,1.7561,11.5915,1373,2933.99
23293,-4.1635,-1.3156,12.4498,1371,2933.99
23298,-3.6919,1.9154,9.3649,1375,2934.13
23303,2.5091,3.4141,10.2005,1367,2934.13
23308,2.557,2.1572,11.3725,1375,2934.13
23313,-3.9121,-1.1133,12.6234,1367,2934.13
23318,-4.2533,1.6065,9.5014,1369,2934.13
23323,2.3415,3.3387,10.0161,1371,2933.99
23328,2.9628,2.4876,11.151,1378,2933.99
23333,-3.6895,-0.9242,12.7719,1367,2933.99
23338,-4.6783,1.2342,9.8222,1383,2933.99
23343,2.1033,3.1843,9.7624,1363,2934.27
23348,3.1065,2.794,10.9894,1369,2934.27
23353,-3.4369,-0.6153,12.7743,1366,2934.27
23358,-5.041,0.899,10.1694,1366,2934.27
23363,1.6688,3.1256,9.5301,1365,2933.84
23368,3.0514,3.1113,10.9487,1369,2933.84
23373,-3.2777,-0.3496,12.7719,1364,2933.84
23378,-5.1787,0.5088,10.4866,1373,2933.84
23383,1.2354,3.0394,9.3661,1369,2933.7
23388,2.9832,3.3878,10.8194,1373,2933.7
23393,-3.0311,-0.0108,12.7348,1365,2933.7
23398,-5.2433,0.1041,10.75,1375,2933.7
23403,0.6991,2.909,9.1889,1369,2933.7
23408,2.9233,3.5925,10.7284,1373,2933.7
23413,-2.5295,0.1951,12.566,1363,2933.7
23418,-5.1846,-0.31,10.9918,1381,2933.7
23423,0.1041,2.7952,9.0992,1370,2933.41
23428,2.8874,3.6727,10.5991,1373,2933.41
23433,-1.8878,0.4262,12.3792,1364,2933.41
23438,-5.0182,-0.7733,11.3066,1374,2933.41
23443,-0.5818,2.6025,8.9112,1340,2933.55
23448,2.7354,3.626,10.5632,1371,2933.55
23453,-0.9744,0.6381,12.1254,1361,2933.55
23458,-4.8518,-1.1085,11.5855,1371,2933.55
23463,-1.3467,2.4098,8.9639,1374,2933.41
23468,2.6779,3.5949,10.5441,1373,2933.41
23473,-0.0275,0.8835,11.9064,1364,2933.41
23478,-4.7262,-1.3408,11.9183,1369,2933.41
23483,-2.1308,2.2721,8.9615,1373,2933.7
23488,2.6049,3.5518,10.5034,1374,2933.7
23493,0.911,1.2869,11.7855,1368,2933.7
23498,-4.4831,-1.3946,12.1949,1383,2933.7
23503,-2.8766,2.1584,9.2009,1366,2933.99
23508,2.5127,3.5207,10.3968,1371,2933.99
23513,1.7897,1.7011,11.6382,1367,2933.99
23518,-4.2725,-1.2833,12.3864,1378,2933.99
23523,-3.5781,1.9417,9.3386,1375,2933.55
23528,2.4995,3.4141,10.1754,1369,2933.55
23533,2.4972,2.0698,11.4527,1373,2933.55
23538,-3.9552,-1.2019,12.5839,1373,2933.55
23543,-4.1527,1.6424,9.5636,1368,2933.55
23548,2.375,3.2896,9.9647,1374,2935.42
23553,2.9006,2.4229,11.2216,1371,2935.42
23558,-3.6751,-0.9948,12.7072,1368,2935.42
23563,-4.5633,1.3455,9.7564,1381,2935.42
23568,2.1464,3.1879,9.8258,1367,2934.85
23573,3.1161,2.6875,11.1127,1368,2934.85
23578,-3.5171,-0.6752,12.8449,1368,2934.85
23583,-5.0302,1.0056,10.0975,1371,2934.85
23588,1.7933,3.1041,9.6462,1371,2934.85
23593,3.0299,3.0335,10.9511,1367,2934.85
23598,-3.3866,-0.3879,12.785,1369,2934.85
23603,-5.1739,0.5902,10.3573,1369,2934.85
23608,1.3623,3.0394,9.3948,1369,2935.28
23613,3.0119,3.3327,10.8852,1374,2935.28
23618,-3.1053,-0.0826,12.7144,1364,2935.28
23623,-5.2732,0.2107,10.7536,1370,2935.28
23628,0.8787,2.9257,9.1806,1378,2935.28
23633,3.0059,3.5374,10.7775,1370,2935.28
23638,-2.7222,0.1401,12.542,1365,2935.28
23643,-5.2469,-0.1999,11.0445,1375,2935.28
23648,0.3053,2.788,9.0932,1379,2935.71
23653,2.9197,3.5901,10.7284,1373,2935.71
23658,-2.0842,0.3579,12.3756,1367,2935.71
23663,-5.0901,-0.6656,11.23,1369,2935.71
23668,-0.3579,2.6396,8.9579,1380,2935.85
23673,2.8264,3.6164,10.6135,1363,2935.85
23678,-1.2881,0.5578,12.2056,1371,2935.85
23683,-5.0099,-1.0199,11.5544,1373,2935.85
23688,-1.0882,2.4696,8.9232,1375,2936.14
23693,2.6983,3.6212,10.5489,1371,2936.14
23698,-0.395,0.8248,12.038,1367,2936.14
23703,-4.7932,-1.2414,11.819,1369,2936.14
23708,-1.8256,2.3607,8.9639,1379,2936.71
23713,2.6133,3.5853,10.4782,1369,2936.71
23718,0.5495,1.1073,11.8764,1367,2936.71
23723,-4.6148,-1.421,12.05,1369,2936.71
23728,-2.6073,2.1823,9.0393,1382,2936.71
23733,2.5809,3.5817,10.4387,1367,2936.71
23738,1.4712,1.5012,11.6526,1372,2936.71
23743,-4.397,-1.3216,12.3661,1375,2936.71
23748,-3.292,2.0375,9.2153,1379,2937.43
23753,2.5786,3.4955,10.313,1367,2937.43
23758,2.1679,1.8136,11.5053,1382,2937.43
23763,-4.1061,-1.2857,12.5396,1367,2937.43
23768,-3.9085,1.8052,9.3649,1367,2937.43
23773,2.4265,3.3651,10.0904,1369,2937.86
23778,2.7342,2.1787,11.2683,1369,2937.86
23783,-3.8487,-1.1253,12.6438,1369,2937.86
23788,-4.4293,1.5227,9.6594,1381,2937.86
23793,2.2553,3.2406,9.8916,1370,2937.86
23798,3.0047,2.4912,11.2097,1371,2937.86
23803,-3.6619,-0.8966,12.7791,1365,2937.86
23808,-4.8255,1.245,9.8641,1378,2937.86
23813,2.0039,3.1795,9.7671,1367,2938.58
23818,3.1376,2.8539,11.0181,1369,2938.58
23823,-3.4931,-0.583,12.7982,1367,2938.58
23828,-5.1344,0.9014,10.1562,1371,2938.58
23833,1.6592,3.0754,9.5349,1371,2938.73
23838,3.1005,3.1256,10.9379,1375,2938.73
23843,-3.3064,-0.2909,12.8233,1363,2938.73
23848,-5.3067,0.5351,10.3908,1373,2938.73
23853,1.2605,3.0586,9.3434,1369,2939.16
23858,3.1017,3.3507,10.7524,1371,2939.16
23863,-3.0323,-0.0658,12.7994,1367,2939.16
23868,-5.3175,0.1401,10.7536,1375,2939.16
23873,0.7614,2.9377,9.1925,1373,2939.45
23878,3.0287,3.5099,10.6889,1373,2939.45
23883,-2.5235,0.1832,12.5121,1361,2939.45
23888,-5.2421,-0.3053,10.9726,1382,2939.45
23893,0.2191,2.7701,9.0237,1368,2939.59
23898,2.9688,3.5482,10.7045,1374,2939.59
23903,-1.9752,0.3424,12.396,1363,2939.59
23908,-5.12,-0.7338,11.2647,1372,2939.59
23913,-0.3962,2.6205,8.8573,1373,2939.74
23918,2.8311,3.5877,10.6386,1370,2939.74
23923,-1.2582,0.5291,12.238,1367,2939.74
23928,-5.0578,-1.0391,11.5257,1372,2939.74
23933,-1.0798,2.496,8.8753,1375,2940.17
23938,2.6935,3.6045,10.5393,1373,2940.17
23943,-0.4238,0.7638,12.0704,1363,2940.17
23948,-4.8818,-1.2725,11.7603,1369,2940.17
23953,-1.7873,2.4002,8.9304,1373,2940.31
23958,2.6863,3.5506,10.5153,1369,2940.31
23963,0.4932,1.069,11.9387,1367,2940.31
23968,-4.6507,-1.3443,12.0189,1372,2940.31
23973,-2.5175,2.2206,9.0321,1373,2940.02
23978,2.6252,3.5877,10.3884,1373,2940.02
23983,1.3599,1.4138,11.7651,1367,2940.02
23988,-4.3922,-1.4198,12.311,1381,2940.02
23993,-3.1831,2.077,9.1051,1381,2939.74
23998,2.6073,3.4991,10.2783,1369,2939.74
24003,2.0997,1.7621,11.5257,1375,2939.74
24008,-4.1432,-1.312,12.5133,1367,2939.74
24013,-3.7769,1.8938,9.3338,1371,2939.45
24018,2.5367,3.4081,10.1562,1368,2939.45
24023,2.5941,2.077,11.3976,1373,2939.45
24028,-3.9289,-1.2139,12.6174,1369,2939.45
24033,-4.2473,1.5933,9.5158,1369,2939.45
24038,2.326,3.2657,9.9204,1373,2939.45
24043,2.9233,2.4169,11.2647,1371,2939.45
24048,-3.729,-0.9864,12.7862,1363,2939.45
24053,-4.713,1.3144,9.8138,1381,2939.45
24058,2.1189,3.1939,9.76,1368,2939.16
24063,3.1101,2.7845,11.0864,1366,2939.16
24068,-3.5686,-0.6967,12.7575,1373,2939.16
24073,-5.0254,1.0319,10.1215,1367,2939.16
24078,1.8124,3.122,9.5373,1365,2939.3
24083,3.1603,3.0825,11.0133,1369,2939.3
24088,-3.3495,-0.3711,12.8425,1367,2939.3
24093,-5.2373,0.674,10.3825,1369,2939.3
24098,1.4078,3.0586,9.3757,1369,2939.45
24103,3.1544,3.304,10.8362,1372,2939.45
24108,-3.0562,-0.1281,12.7383,1369,2939.45
24113,-5.3199,0.2658,10.6279,1372,2939.45
24118,0.9816,2.9449,9.232,1377,2939.45
24123,3.0323,3.4752,10.7153,1369,2939.45
24128,-2.7186,0.1197,12.6749,1364,2939.45
24133,-5.2182,-0.2298,10.9475,1375,2939.45
24138,0.407,2.7928,8.9878,1371,2939.45
24143,2.9078,3.5686,10.6578,1370,2939.45
24148,-2.1117,0.2861,12.4654,1367,2939.45
24153,-5.1739,-0.6057,11.1821,1371,2939.45
24158,-0.2071,2.6384,8.91,1381,2939.3
24163,2.8216,3.6272,10.6542,1369,2939.3
24168,-1.5143,0.4705,12.2547,1370,2939.3
24173,-5.0901,-0.9553,11.4586,1371,2939.3
24178,-0.8859,2.5175,8.837,1375,2939.59
24183,2.7019,3.6464,10.5644,1379,2939.59
24188,-0.7171,0.723,12.1099,1364,2939.59
24193,-4.9081,-1.2043,11.7902,1380,2939.59
24198,-1.6137,2.3918,8.928,1379,2939.45
24203,2.6923,3.6428,10.5034,1371,2939.45
24208,0.2418,1.0247,11.9686,1368,2939.45
24213,-4.7178,-1.324,11.9638,1366,2939.45
24218,-2.3439,2.2673,8.9483,1375,2939.02
24223,2.6731,3.6045,10.4004,1371,2939.02
24228,1.1049,1.342,11.7603,1369,2939.02
24233,-4.4065,-1.3934,12.2691,1373,2939.02
24238,-3.0311,2.1177,9.1016,1375,2938.73
24243,2.6504,3.5147,10.3465,1367,2938.73
24248,1.9297,1.6197,11.5903,1379,2938.73
24253,-4.2437,-1.3635,12.4307,1364,2938.73
24258,-3.614,1.8747,9.232,1371,2938.3
24263,2.5151,3.3998,10.1969,1369,2938.3
24268,2.4876,2.0147,11.412,1369,2938.3
24273,-3.9863,-1.2641,12.7072,1369,2938.3
24278,-4.2234,1.6041,9.4822,1368,2938.3
24283,2.375,3.3387,10.0137,1369,2938.58
24288,2.8264,2.3619,11.1989,1369,2938.58
24293,-3.7721,-1.0116,12.7731,1363,2938.58
24298,-4.6663,1.3539,9.7911,1380,2938.58
24303,2.132,3.2118,9.8438,1367,2938.15
24308,3.0215,2.7234,11.0768,1367,2938.15
24313,-3.6248,-0.7254,12.8365,1371,2938.15
24318,-5.023,1.0822,10.0197,1369,2938.15
24323,1.8962,3.1388,9.6091,1368,2938.01
24328,3.152,3.0861,10.9834,1369,2938.01
24333,-3.3686,-0.3711,12.8712,1367,2938.01
24338,-5.193,0.7326,10.3609,1372,2938.01
24343,1.4748,3.0969,9.3685,1367,2938.15
24348,3.1304,3.3052,10.817,1373,2938.15
24353,-3.1077,-0.1257,12.7455,1369,2938.15
24358,-5.2445,0.2705,10.5884,1373,2938.15
24363,0.9768,2.9916,9.2129,1374,2938.3
24368,3.0562,3.4069,10.7153,1371,2938.3
24373,-2.6851,0.0563,12.6581,1359,2938.3
24378,-5.3379,-0.1927,10.89,1375,2938.3
24383,0.5136,2.7952,9.0776,1367,2938.15
24388,2.9233,3.5207,10.6805,1379,2938.15
24393,-2.2877,0.2801,12.4977,1363,2938.15
24398,-5.1619,-0.6105,11.1821,1375,2938.15
24403,-0.1844,2.6492,8.9423,1379,2938.01
24408,2.8156,3.5949,10.6219,1370,2938.01
24413,-1.5574,0.4717,12.3421,1365,2938.01
24418,-5.114,-0.9301,11.4622,1372,2938.01
24423,-0.8667,2.5546,8.8861,1379,2937.86
24428,2.7773,3.6847,10.6039,1375,2937.86
24433,-0.7853,0.7374,12.0835,1367,2937.86
24438,-4.956,-1.1528,11.7663,1371,2937.86
24443,-1.6065,2.3858,8.8777,1375,2938.01
24448,2.7186,3.6883,10.5477,1372,2938.01
24453,0.158,1.0343,11.9578,1365,2938.01
24458,-4.7142,-1.3156,12.0057,1371,2938.01
24463,-2.3032,2.2757,8.9878,1373,2938.01
24468,2.7078,3.5602,10.3525,1373,2938.01
24473,1.0942,1.3575,11.7795,1367,2938.01
24478,-4.4772,-1.3815,12.2236,1375,2938.01
24483,-2.988,2.0626,9.0704,1381,2938.01
24488,2.6408,3.4812,10.337,1367,2938.01
24493,1.8735,1.6604,11.6047,1379,2938.01
24498,-4.1767,-1.3898,12.4355,1357,2938.01
24503,-3.6595,1.8854,9.3051,1367,2937.58
24508,2.5283,3.3399,10.1574,1370,2937.58
24513,2.4972,2.0518,11.3952,1369,2937.58
24518,-3.9971,-1.257,12.6103,1369,2937.58
24523,-4.2449,1.634,9.5253,1373,2937.58
24528,2.3858,3.2585,10.0317,1369,2938.01
24533,2.8527,2.399,11.2504,1373,2938.01
24538,-3.8247,-0.9888,12.7407,1365,2938.01
24543,-4.6771,1.3515,9.7827,1379,2938.01
24548,2.144,3.2513,9.8713,1370,2937.86
24553,3.0083,2.8012,11.0373,1371,2937.86
24558,-3.5841,-0.644,12.8353,1384,2937.86
24563,-5.0446,1.0582,10.058,1367,2937.86
24568,1.8519,3.1412,9.6582,1373,2937.72
24573,3.1699,3.0562,10.9607,1368,2937.72
24578,-3.3818,-0.346,12.8018,1363,2937.72
24583,-5.1236,0.68,10.3789,1369,2937.72
24588,1.4629,3.0442,9.3087,1371,2937.58
24593,3.1304,3.2693,10.8421,1379,2937.58
24598,-3.1089,-0.1065,12.7108,1364,2937.58
24603,-5.2218,0.2346,10.6674,1367,2937.58
24608,0.9936,2.9209,9.1686,1373,2937.43
24613,3.0694,3.4034,10.7332,1375,2937.43
24618,-2.6935,0.0479,12.5947,1365,2937.43
24623,-5.284,-0.2119,10.8948,1381,2937.43
24628,0.4034,2.7785,9.0429,1373,2937.43
24633,2.8922,3.5542,10.6853,1361,2937.43
24638,-2.1931,0.2897,12.4798,1367,2937.43
24643,-5.1942,-0.6357,11.2025,1373,2937.43
24648,-0.249,2.6181,8.9531,1375,2937.43
24653,2.7234,3.6571,10.6315,1369,2937.43
24658,-1.5706,0.492,12.2978,1365,2937.43
24663,-5.0482,-0.9433,11.546,1370,2937.43
24668,-0.9481,2.5319,8.9663,1379,2937.72
24673,2.7354,3.723,10.5608,1375,2937.72
24678,-0.6728,0.7781,12.056,1367,2937.72
24683,-4.8854,-1.1791,11.7867,1371,2937.72
24688,-1.6245,2.4445,8.9136,1383,2937.86
24693,2.7509,3.6955,10.5141,1365,2937.86
24698,0.2921,1.0726,11.8944,1367,2937.86
24703,-4.6076,-1.2965,12.1099,1375,2937.86
24708,-2.2877,2.2003,8.9878,1374,2937.86
24713,2.6348,3.5326,10.3968,1369,2937.86
24718,1.2258,1.3012,11.6322,1363,2937.86
24723,-4.3706,-1.4246,12.2667,1372,2937.86
24728,-3.0694,2.0375,9.1482,1383,2937.72
24733,2.557,3.4081,10.3011,1363,2937.72
24738,2.0159,1.7142,11.5125,1379,2937.72
24743,-4.2042,-1.4066,12.4427,1365,2937.72
24748,-3.7326,1.8208,9.3482,1371,2937.72
24753,2.49,3.316,10.1478,1374,2937.58
24758,2.4912,2.0518,11.3988,1368,2937.58
24763,-4.0031,-1.1935,12.6761,1387,2937.58
24768,-4.215,1.6041,9.6343,1383,2937.58
24773,2.2589,3.2801,10.0197,1365,2937.86
24778,2.8276,2.4864,11.2204,1371,2937.86
24783,-3.8044,-0.893,12.7755,1363,2937.86
24788,-4.707,1.3791,9.7887,1381,2937.86
24793,2.0973,3.2621,9.7935,1365,2937.58
24798,3.0909,2.7916,11.0121,1367,2937.58
24803,-3.5805,-0.5842,12.9071,1368,2937.58
24808,-4.938,1.0307,10.1071,1367,2937.58
24813,1.8028,3.1735,9.5996,1363,2937.58
24818,3.1184,3.0502,10.8709,1371,2937.58
24823,-3.2585,-0.3352,12.8018,1355,2937.58
24828,-5.1763,0.5974,10.4016,1382,2937.58
24833,1.3886,3.0131,9.3709,1374,2937.58
24838,3.1256,3.2417,10.8649,1373,2937.58
24843,-3.0323,-0.1305,12.7228,1363,2937.58
24848,-5.2684,0.1448,10.6362,1373,2937.58
24853,0.8811,2.8599,9.1171,1373,2937.58
24858,2.9724,3.4177,10.7332,1378,2937.58
24863,-2.6995,0.085,12.5995,1358,2937.58
24868,-5.2541,-0.3017,10.9834,1384,2937.58
24873,0.3029,2.7629,9.0585,1374,2938.01
24878,2.8706,3.5925,10.6973,1371,2938.01
24883,-2.1656,0.3005,12.4941,1367,2938.01
24888,-5.2529,-0.6009,11.2252,1369,2938.01
24893,-0.3639,2.6612,8.9783,1379,2938.3
24898,2.7952,3.6835,10.5931,1374,2938.3
24903,-1.4317,0.5567,12.3529,1369,2938.3
24908,-5.053,-0.9206,11.5101,1368,2938.3
24913,-0.9792,2.545,8.9004,1372,2938.87
24918,2.7701,3.6955,10.4746,1378,2938.87
24923,-0.5698,0.7865,12.123,1365,2938.87
24928,-4.8076,-1.1756,11.7292,1371,2938.87
24933,-1.7202,2.411,8.8358,1372,2939.59
24938,2.7318,3.6224,10.4615,1371,2939.59
24943,0.4513,1.057,11.9016,1365,2939.59
24948,-4.622,-1.3479,12.0632,1381,2939.59
24953,-2.3703,2.1991,8.983,1378,2939.88
24958,2.6492,3.474,10.3334,1368,2939.88
24963,1.2773,1.3001,11.6562,1368,2939.88
24968,-4.3754,-1.4569,12.2428,1379,2939.88
24973,-3.0514,2.0291,9.1123,1369,2940.17
24978,2.5845,3.4237,10.3418,1367,2940.17
24983,1.9537,1.7346,11.5927,1374,2940.17
24988,-4.2832,-1.3623,12.4582,1367,2940.17
24993,-3.6943,1.8854,9.323,1369,2940.17
24998,2.4696,3.3531,10.0999,1374,2940.02
25003,2.4924,2.1165,11.467,1359,2940.02
25008,-4.0426,-1.1732,12.6438,1369,2940.02
25013,-4.288,1.7382,9.5792,1380,2940.02
25018,2.3607,3.3076,9.9695,1365,2939.45
25023,2.8491,2.4804,11.2779,1369,2939.45
25028,-3.7816,-0.8882,12.7515,1365,2939.45
25033,-4.6364,1.4461,9.8007,1368,2939.45
25038,2.1488,3.2693,9.7683,1369,2938.87
25043,3.1615,2.7833,11.0768,1367,2938.87
25048,-3.5087,-0.6524,12.809,1371,2938.87
25053,-4.9608,1.0594,10.0126,1369,2938.87
25058,1.8483,3.1316,9.5541,1368,2938.58
25063,3.1639,2.9808,10.9068,1369,2938.58
25068,-3.31,-0.3771,12.8078,1363,2938.58
25073,-5.1368,0.5818,10.3082,1371,2938.58
25078,1.4521,2.9784,9.3745,1379,2938.44
25083,3.1089,3.1999,10.8481,1369,2938.44
25088,-3.0574,-0.1329,12.7443,1365,2938.44
25093,-5.2637,0.1832,10.6087,1371,2938.44
25098,0.8871,2.8982,9.2021,1377,2938.3
25103,2.9497,3.4034,10.8002,1371,2938.3
25108,-2.7545,0.0551,12.6366,1363,2938.3
25113,-5.3044,-0.1915,10.9223,1383,2938.3
25118,0.4226,2.8072,9.0656,1373,2938.15
25123,2.8718,3.6045,10.7404,1371,2938.15
25128,-2.3535,0.2957,12.5061,1371,2938.15
25133,-5.1763,-0.5195,11.2097,1365,2938.15
25138,-0.2215,2.6911,8.9699,1379,2938.44
25143,2.8671,3.6907,10.6386,1371,2938.44
25148,-1.5251,0.5567,12.2511,1370,2938.44
25153,-5.0685,-0.8116,11.4898,1371,2938.44
25158,-0.838,2.5678,8.9172,1375,2938.58
25163,2.8515,3.6978,10.6171,1373,2938.58
25168,-0.6692,0.7626,12.1039,1369,2938.58
25173,-4.8255,-1.1456,11.7088,1367,2938.58
25178,-1.5431,2.3284,8.8657,1379,2938.73
25183,2.6947,3.5805,10.4818,1369,2938.73
25188,0.2789,0.9804,11.9052,1365,2938.73
25193,-4.5933,-1.3958,11.9435,1373,2938.73
25198,-2.308,2.2446,8.9471,1375,2938.87
25203,2.6528,3.5051,10.4734,1368,2938.87
25208,1.1815,1.3168,11.7495,1369,2938.87
25213,-4.4628,-1.4138,12.2188,1371,2938.87
25218,-2.9796,2.0219,9.0848,1373,2938.73
25223,2.5654,3.4369,10.3597,1365,2938.73
25228,1.8771,1.6759,11.5748,1380,2938.73
25233,-4.2772,-1.3168,12.4487,1367,2938.73
25238,-3.6607,1.9381,9.2871,1369,2938.73
25243,2.4612,3.4441,10.1933,1369,2939.02
25248,2.4277,2.053,11.4479,1369,2939.02
25253,-4.0366,-1.1229,12.6665,1364,2939.02
25258,-4.1875,1.7202,9.4954,1383,2939.02
25263,2.3846,3.3651,10.0257,1363,2939.45
25268,2.8886,2.4421,11.2994,1373,2939.45
25273,-3.7984,-0.9278,12.7683,1365,2939.45
25278,-4.5957,1.3994,9.7444,1381,2939.45
25283,2.1751,3.2501,9.7791,1367,2939.74
25288,3.122,2.6971,11.066,1368,2939.74
25293,-3.5219,-0.7171,12.8162,1367,2939.74
25298,-4.9799,1.0714,10.0209,1375,2939.74
25303,1.7466,3.0119,9.651,1371,2934.27
25308,3.1041,2.9329,11.1007,1382,2934.27
25313,-3.4333,-0.3771,12.6402,1370,2934.27
25318,-4.4999,0.5674,10.3286,1383,2934.27
25323,1.1073,2.8276,9.481,1381,2891.29
25328,2.4756,3.4572,10.8781,1388,2891.29
25333,-3.3136,0.1951,12.3804,1377,2891.29
25338,-4.2856,-0.0922,10.9978,1387,2891.29
25343,0.1329,2.6504,9.5241,1387,2857.96
25348,2.2613,3.7601,10.7703,1391,2857.96
25353,-2.4026,0.7626,11.9064,1382,2857.96
25358,-3.8547,-0.8356,11.3581,1385,2857.96
25363,-1.0977,2.211,9.5469,1391,2838.76
25368,2.1464,3.5051,10.6338,1387,2838.76
25373,-0.0383,1.4856,11.4563,1396,2838.76
25378,-3.4321,-1.3384,11.7364,1391,2838.76
25383,-2.4983,1.6604,9.9084,1399,2838.76
25388,1.7897,3.1101,10.5117,1383,2828.19
25393,1.6616,2.4289,11.06,1387,2828.19
25398,-3.2298,-0.9577,11.8848,1387,2828.19
25403,-3.6559,1.0044,10.4387,1390,2828.19
25408,1.3874,2.9532,10.1766,1401,2822.33
25413,2.2098,3.2932,10.7248,1390,2822.33
25418,-3.3411,-0.0443,11.9878,1381,2822.33
25423,-4.0067,0.1472,11.0421,1389,2822.33
25428,0.4681,2.7294,9.8031,1399,2819.02
25433,2.2098,3.6188,10.6087,1395,2819.02
25438,-2.5115,0.595,11.6562,1387,2819.02
25443,-3.8499,-0.82,11.4383,1387,2819.02
25448,-1.0211,2.2075,9.7456,1397,2817.56
25453,1.9058,3.4812,10.6374,1388,2817.56
25458,-0.1556,1.5143,11.3641,1395,2817.56
25463,-3.4524,-1.2318,11.7519,1387,2817.56
25468,-2.6264,1.6987,9.9766,1399,2817.56
25473,1.7765,3.1328,10.4423,1387,2816.11
25478,1.8495,2.5067,10.9642,1387,2816.11
25483,-3.1161,-0.7961,11.8429,1381,2816.11
25488,-3.571,0.8906,10.5381,1391,2816.11
25493,1.2665,2.8563,10.1682,1395,2814.79
25498,2.2505,3.2645,10.6793,1395,2814.79
25503,-3.2801,-0.0275,11.9411,1386,2814.79
25508,-3.9456,-0.0479,11.1354,1383,2814.79
25513,0.1867,2.6252,9.8043,1392,2813.6
25518,2.0195,3.6619,10.5524,1399,2813.6
25523,-2.2769,0.8068,11.6681,1384,2813.6
25528,-3.7649,-0.8284,11.5029,1401,2813.6
25533,-1.2354,2.2218,9.8402,1391,2812.94
25538,1.8459,3.4596,10.5082,1391,2812.94
25543,0.4214,1.6987,11.2767,1385,2812.94
25548,-3.298,-1.2378,11.7388,1386,2812.94
25553,-2.6635,1.5179,10.0999,1395,2812.94
25558,1.5993,2.9868,10.3262,1389,2812.54
25563,1.9609,2.6803,10.9379,1387,2812.54
25568,-3.1783,-0.7207,11.9315,1385,2812.54
25573,-3.6296,0.7386,10.6853,1389,2812.54
25578,1.0187,2.8515,10.0856,1395,2813.6
25583,2.0686,3.4692,10.5668,1390,2813.6
25588,-3.2753,0.2274,11.9195,1392,2813.6
25593,-3.9002,-0.1317,11.2037,1389,2813.6
25598,-0.0299,2.6288,9.8354,1400,2814.79
25603,2.0602,3.7026,10.495,1382,2814.79
25608,-1.6676,0.9637,11.5508,1387,2814.79
25613,-3.5889,-1.0403,11.4814,1397,2814.79
25618,-1.6388,2.0171,9.8438,1401,2815.45
25623,1.8687,3.3028,10.4926,1391,2815.45
25628,0.9038,1.8962,11.1809,1395,2815.45
25633,-3.3064,-1.2378,11.825,1383,2815.45
25638,-3.0478,1.3803,10.2639,1397,2815.45
25643,1.5574,2.9963,10.3537,1387,2815.58
25648,2.1272,2.8982,10.7212,1397,2815.58
25653,-3.2429,-0.4657,12.0249,1381,2815.58
25658,-3.7397,0.6345,10.7739,1395,2815.58
25663,0.9697,2.8455,10.0317,1385,2815.32
25668,2.1715,3.4644,10.4914,1391,2815.32
25673,-3.0765,0.3508,11.8932,1388,2815.32
25678,-3.8211,-0.3603,11.242,1392,2815.32
25683,-0.3292,2.4624,9.73,1391,2815.71
25688,1.968,3.5638,10.5273,1399,2815.71
25693,-1.2653,1.1253,11.5173,1388,2815.71
25698,-3.6009,-1.1109,11.6179,1387,2815.71
25703,-1.9022,1.9453,9.833,1389,2815.71
25708,1.8184,3.2801,10.5465,1398,2815.45
25713,1.233,2.1213,11.0816,1389,2815.45
25718,-3.2202,-1.0391,11.9183,1388,2815.45
25723,-3.1639,1.2761,10.24,1387,2815.45
25728,1.4892,2.9772,10.258,1389,2815.71
25733,2.1835,2.9712,10.7404,1391,2815.71
25738,-3.2406,-0.3496,11.9842,1383,2815.71
25743,-3.8211,0.3196,10.8745,1397,2815.71
25748,0.6835,2.7342,9.9144,1401,2815.58
25753,2.0446,3.571,10.5991,1389,2815.58
25758,-3.0215,0.4501,11.8369,1387,2815.58
25763,-3.9121,-0.5279,11.3557,1389,2815.58
25768,-0.5555,2.4134,9.7444,1391,2815.84
25773,1.9896,3.6619,10.5692,1389,2815.84
25778,-0.7925,1.2941,11.3353,1400,2815.84
25783,-3.4955,-1.1492,11.6861,1383,2815.84
25788,-2.1033,1.8232,9.8354,1390,2815.84
25793,1.8064,3.1915,10.4818,1383,2817.17
25798,1.5347,2.1847,11.0349,1391,2817.17
25803,-3.1783,-1.0343,11.9602,1387,2817.17
25808,-3.4034,1.1253,10.4232,1382,2817.17
25813,1.409,2.8862,10.2053,1400,2817.17
25818,2.1464,3.0837,10.7081,1391,2817.17
25823,-3.3531,-0.2167,11.9614,1378,2817.17
25828,-3.9061,0.3484,10.9678,1399,2817.17
25833,0.565,2.7833,9.8701,1395,2816.77
25838,2.1823,3.6679,10.5321,1391,2816.77
25843,-2.7928,0.5303,11.7555,1384,2816.77
25848,-3.7804,-0.6201,11.3964,1389,2816.77
25853,-0.8739,2.3451,9.681,1390,2816.37
25858,2.0159,3.541,10.5512,1390,2816.37
25863,-0.3292,1.3791,11.376,1399,2816.37
25868,-3.4297,-1.2246,11.7268,1389,2816.37
25873,-2.4205,1.7178,9.9575,1401,2816.37
25878,1.7202,3.1196,10.4507,1387,2815.84
25883,1.6759,2.4361,11.0672,1384,2815.84
25888,-3.3591,-0.9469,11.898,1387,2815.84
25893,-3.2932,1.1133,10.5393,1391,2815.84
25898,1.2582,2.8898,10.0987,1399,2815.32
25903,2.1524,3.2346,10.6422,1391,2815.32
25908,-3.231,-0.1125,11.9279,1385,2815.32
25913,-3.7792,0.1748,11.0744,1384,2815.32
25918,0.3998,2.6827,9.8402,1395,2815.05
25923,1.9776,3.5757,10.5177,1398,2815.05
25928,-2.4217,0.6237,11.7076,1379,2815.05
25933,-3.7266,-0.7566,11.4503,1397,2815.05
25938,-1.0104,2.2649,9.8019,1395,2814.92
25943,1.7633,3.4812,10.4447,1385,2814.92
25948,0.0622,1.5981,11.3377,1397,2814.92
25953,-3.4465,-1.1576,11.7064,1387,2814.92
25958,-2.4265,1.6137,10.1095,1403,2814.92
25963,1.5909,3.0969,10.3525,1387,2814.92
25968,1.9118,2.5343,10.8876,1389,2814.92
25973,-3.2573,-0.7865,11.9363,1379,2814.92
25978,-3.4201,0.8918,10.5728,1384,2814.92
25983,1.1301,2.8407,10.1418,1389,2814.66
25988,2.1105,3.3052,10.5836,1400,2814.66
25993,-3.292,0.0694,11.9818,1391,2814.66
25998,-3.8092,-0.0132,11.1678,1395,2814.66
26003,0.1532,2.6695,9.8689,1399,2814.79
26008,1.9848,3.7014,10.471,1391,2814.79
26013,-2.0937,0.8655,11.6657,1384,2814.79
26018,-3.6524,-0.8487,11.5185,1402,2814.79
26023,-1.2809,2.1751,9.7803,1399,2814.79
26028,1.7609,3.3998,10.4639,1396,2814.79
26033,0.5734,1.6735,11.2887,1397,2814.79
26038,-3.3531,-1.2833,11.8118,1389,2814.79
26043,-2.66,1.4509,10.137,1397,2814.79
26048,1.5131,2.9796,10.3669,1388,2814.92
26053,1.9405,2.709,10.8266,1397,2814.92
26058,-3.2489,-0.6776,11.9842,1388,2814.92
26063,-3.5422,0.7566,10.7368,1391,2814.92
26068,1.0127,2.8706,10.064,1387,2815.58
26073,2.1153,3.4333,10.5668,1394,2815.58
26078,-3.1723,0.2358,11.9112,1389,2815.58
26083,-3.8092,-0.1604,11.1797,1391,2815.58
26088,-0.0227,2.5582,9.7695,1397,2815.05
26093,1.9405,3.644,10.4974,1395,2815.05
26098,-1.6508,0.9493,11.5688,1391,2815.05
26103,-3.6009,-1.0367,11.5843,1403,2815.05
26108,-1.5778,2.0075,9.845,1389,2815.05
26113,1.6424,3.2813,10.4734,1389,2814.79
26118,0.9002,1.9333,11.1737,1398,2814.79
26123,-3.3734,-1.1337,11.8836,1375,2814.79
26128,-2.9604,1.3803,10.2735,1389,2814.79
26133,1.4832,3.0131,10.3178,1385,2813.99
26138,2.0734,2.8802,10.7129,1395,2813.99
26143,-3.3423,-0.4298,12.0584,1380,2813.99
26148,-3.5793,0.5483,10.8278,1404,2813.99
26153,0.899,2.8443,9.9742,1399,2813.34
26158,2.0207,3.5027,10.4914,1397,2813.34
26163,-3.0754,0.3424,11.8417,1387,2813.34
26168,-3.7948,-0.4226,11.2994,1390,2813.34
26173,-0.3675,2.4385,9.76,1387,2812.81
26178,1.8387,3.5913,10.5572,1391,2812.81
26183,-1.0678,1.1636,11.4742,1391,2812.81
26188,-3.5877,-1.0858,11.6203,1385,2812.81
26193,-1.883,1.901,9.9096,1388,2812.81
26198,1.6963,3.2561,10.4615,1389,2812.54
26203,1.3791,2.138,11.0768,1385,2812.54
26208,-3.2477,-1.0343,11.9064,1388,2812.54
26213,-3.0825,1.1408,10.3825,1387,2812.54
26218,1.4174,2.9556,10.2101,1395,2812.68
26223,2.0877,3.0251,10.7081,1389,2812.68
26228,-3.3387,-0.2801,11.9231,1382,2812.68
26233,-3.7385,0.3316,10.975,1391,2812.68
26238,0.6081,2.7737,9.8773,1399,2813.2
26243,2.0279,3.5913,10.5381,1398,2813.2
26248,-2.7904,0.6021,11.7136,1389,2813.2
26253,-3.7924,-0.559,11.4275,1389,2813.2
26258,-0.6907,2.3607,9.7576,1400,2813.34
26263,1.9237,3.535,10.5333,1387,2813.34
26268,-0.4465,1.3635,11.3581,1402,2813.34
26273,-3.4836,-1.2198,11.7256,1389,2813.34
26278,-2.2338,1.6771,9.985,1401,2813.34
26283,1.6113,3.1173,10.3992,1387,2813.6
26288,1.6508,2.3296,10.9882,1391,2813.6
26293,-3.2382,-0.9912,11.9147,1381,2813.6
26298,-3.3579,1.0331,10.489,1395,2813.6
26303,1.2881,2.8958,10.1538,1395,2813.86
26308,2.1548,3.2346,10.6518,1396,2813.86
26313,-3.3279,-0.0587,11.9351,1385,2813.86
26318,-3.7673,0.1856,11.0911,1387,2813.86
26323,0.4429,2.7294,9.8605,1387,2814.13
26328,2.0494,3.6787,10.5333,1401,2814.13
26333,-2.4062,0.729,11.6286,1385,2814.13
26338,-3.6631,-0.7865,11.4335,1399,2814.13
26343,-1.0463,2.1931,9.7528,1395,2813.73
26348,1.743,3.4058,10.5285,1396,2813.73
26353,0.146,1.5323,11.3557,1385,2813.73
26358,-3.4644,-1.2474,11.7292,1390,2813.73
26363,-2.472,1.6089,10.0784,1400,2813.73
26368,1.5993,3.055,10.3537,1391,2813.34
26373,1.8364,2.6252,10.9319,1388,2813.34
26378,-3.2573,-0.7314,11.9231,1389,2813.34
26383,-3.4213,0.8511,10.6494,1386,2813.34
26388,1.1325,2.873,10.0784,1389,2812.81
26393,2.1081,3.3639,10.6087,1391,2812.81
26398,-3.2932,0.0718,11.892,1389,2812.81
26403,-3.7996,-0.0922,11.1965,1389,2812.81
26408,0.1221,2.6145,9.7875,1401,2812.28
26413,1.9549,3.6524,10.477,1395,2812.28
26418,-1.9561,0.8571,11.6119,1390,2812.28
26423,-3.7098,-0.9158,11.5281,1395,2812.28
26428,-1.385,2.1225,9.821,1391,2812.15
26433,1.7573,3.3674,10.4531,1391,2812.15
26438,0.662,1.8399,11.2527,1397,2812.15
26443,-3.2968,-1.1851,11.7807,1383,2812.15
26448,-2.7366,1.4724,10.1718,1388,2812.15
26453,1.5275,2.9808,10.2627,1383,2811.75
26458,1.9968,2.8287,10.7883,1397,2811.75
26463,-3.2681,-0.5926,11.9554,1381,2811.75
26468,-3.5997,0.6452,10.829,1397,2811.75
26473,0.9433,2.8072,10.0066,1400,2811.75
26478,2.0794,3.4369,10.5465,1395,2811.75
26483,-3.1843,0.3148,11.8417,1383,2811.75
26488,-3.7816,-0.2418,11.2587,1391,2811.75
26493,-0.2538,2.5809,9.7923,1387,2811.49
26498,1.8962,3.6416,10.4615,1395,2811.49
26503,-1.3024,1.1468,11.5664,1395,2811.49
26508,-3.5303,-1.087,11.6011,1385,2811.49
26513,-1.7968,1.9213,9.9156,1387,2811.49
26518,1.6975,3.237,10.4591,1389,2812.02
26523,1.2438,2.0578,11.1678,1389,2812.02
26528,-3.2741,-1.16,11.8657,1395,2812.02
26533,-3.0598,1.2103,10.3226,1386,2812.02
26538,1.3719,2.9413,10.2424,1396,2811.89
26543,2.0674,3.0119,10.6865,1389,2811.89
26548,-3.3483,-0.3496,11.9842,1384,2811.89
26553,-3.6667,0.5028,10.8589,1395,2811.89
26558,0.7386,2.8371,9.9288,1395,2811.62
26563,2.0865,3.5614,10.5105,1397,2811.62
26568,-2.8276,0.492,11.7555,1387,2811.62
26573,-3.7505,-0.5303,11.2982,1387,2811.62
26578,-0.5914,2.3691,9.8031,1395,2811.62
26583,1.8112,3.456,10.4974,1388,2811.62
26588,-0.5267,1.3048,11.3784,1397,2811.62
26593,-3.5135,-1.221,11.625,1387,2811.62
26598,-2.144,1.7478,9.9946,1403,2811.62
26603,1.6053,3.1388,10.4794,1385,2811.49
26608,1.5886,2.4134,10.9678,1388,2811.49
26613,-3.3088,-0.8918,11.9614,1381,2811.49
26618,-3.2537,1.0989,10.5333,1391,2811.49
26623,1.3036,2.9149,10.1622,1395,2811.75
26628,2.1428,3.1663,10.5991,1397,2811.75
26633,-3.3495,-0.0814,11.965,1389,2811.75
26638,-3.7852,0.1664,11.0409,1389,2811.75
26643,0.3974,2.7043,9.8438,1391,2811.75
26648,1.9692,3.638,10.5105,1403,2811.75
26653,-2.4708,0.6967,11.7017,1385,2811.75
26658,-3.7314,-0.7494,11.4934,1406,2811.75
26663,-1.081,2.2661,9.7875,1399,2811.49
26668,1.8136,3.5015,10.495,1391,2811.49
26673,0.097,1.6281,11.3306,1387,2811.49
26678,-3.3746,-1.1959,11.7938,1389,2811.49
26683,-2.5163,1.6017,10.0604,1397,2811.49
26688,1.5802,3.0801,10.3837,1387,2812.68
26693,1.9094,2.5486,10.9415,1395,2812.68
26698,-3.2082,-0.7985,11.9674,1386,2812.68
26703,-3.4848,0.7985,10.5512,1389,2812.68
26708,1.1193,2.8671,10.1143,1386,2812.15
26713,2.0746,3.3172,10.6183,1387,2812.15
26718,-3.3028,0.1053,11.9495,1391,2812.15
26723,-3.7924,-0.0575,11.1558,1389,2812.15
26728,0.0922,2.648,9.827,1399,2812.81
26733,1.998,3.699,10.4818,1390,2812.81
26738,-1.8711,0.905,11.5424,1390,2812.81
26743,-3.6212,-0.9218,11.5341,1395,2812.81
26748,-1.3922,2.0818,9.8043,1391,2812.28
26753,1.7861,3.3267,10.501,1395,2812.28
26758,0.6716,1.7789,11.2013,1395,2812.28
26763,-3.3591,-1.3036,11.7962,1387,2812.28
26768,-2.7964,1.4054,10.2197,1385,2812.28
26773,1.4688,2.982,10.3453,1385,2812.94
26778,1.9956,2.8311,10.829,1395,2812.94
26783,-3.3519,-0.5818,12.0345,1381,2812.94
26788,-3.6236,0.6728,10.8888,1405,2812.94
26793,0.9661,2.8455,9.9168,1401,2812.54
26798,2.077,3.4764,10.5285,1396,2812.54
26803,-3.146,0.3136,11.8621,1385,2812.54
26808,-3.7158,-0.2741,11.2958,1391,2812.54
26813,-0.1951,2.49,9.7576,1387,2812.54
26818,1.8447,3.5901,10.5153,1399,2812.54
26823,-1.3216,1.0714,11.5029,1396,2812.54
26828,-3.5542,-1.1145,11.5724,1388,2812.54
26833,-1.7681,1.907,9.8509,1389,2812.54
26838,1.658,3.2549,10.4387,1389,2812.68
26843,1.1432,2.0949,11.1546,1389,2812.68
26848,-3.298,-1.0774,11.8752,1391,2812.68
26853,-2.9928,1.2893,10.3932,1387,2812.68
26858,1.4353,2.958,10.2532,1399,2812.81
26863,2.1081,2.9832,10.7069,1389,2812.81
26868,-3.2968,-0.3699,11.9794,1379,2812.81
26873,-3.6464,0.3986,10.9176,1395,2812.81
26878,0.6991,2.7581,9.9515,1403,2813.07
26883,1.9956,3.5398,10.5129,1399,2813.07
26888,-2.9113,0.4417,11.7914,1387,2813.07
26893,-3.814,-0.5195,11.3689,1386,2813.07
26898,-0.5997,2.4421,9.76,1395,2813.34
26903,1.8483,3.6069,10.4902,1386,2813.34
26908,-0.68,1.3084,11.4622,1401,2813.34
26913,-3.535,-1.166,11.6849,1388,2813.34
26918,-2.0806,1.8076,10.058,1403,2813.34
26923,1.6735,3.1544,10.3848,1384,2813.2
26928,1.5826,2.2182,11.0732,1387,2813.2
26933,-3.2489,-1.0056,11.8537,1385,2813.2
26938,-3.1867,1.0678,10.4675,1395,2813.2
26943,1.2486,2.909,10.1478,1391,2813.86
26948,2.1009,3.1556,10.6865,1391,2813.86
26953,-3.3483,-0.2239,11.9782,1387,2813.86
26958,-3.7421,0.2909,11.0157,1388,2813.86
26963,0.4752,2.7785,9.9012,1391,2814.13
26968,2.0291,3.6739,10.4519,1391,2814.13
26973,-2.5678,0.6476,11.716,1385,2814.13
26978,-3.6823,-0.6141,11.4407,1399,2814.13
26983,-0.8452,2.2577,9.7695,1397,2814.13
26988,1.8364,3.4884,10.4806,1387,2814.13
26993,-0.0802,1.4916,11.3653,1385,2814.13
26998,-3.4572,-1.2965,11.7244,1390,2814.13
27003,-2.3655,1.5945,10.1035,1395,2814.13
27008,1.555,3.0514,10.3896,1390,2814.13
27013,1.7657,2.5127,10.9583,1391,2814.13
27018,-3.3686,-0.9038,11.9363,1389,2814.13
27023,-3.3878,0.9697,10.5824,1391,2814.13
27028,1.2163,2.9078,10.1418,1391,2813.73
27033,2.0973,3.3243,10.6159,1389,2813.73
27038,-3.3279,0.0,11.9447,1395,2813.73
27043,-3.735,0.0802,11.0911,1389,2813.73
27048,0.237,2.6635,9.8533,1401,2813.73
27053,1.9788,3.6284,10.4698,1387,2813.73
27058,-2.0985,0.7566,11.6574,1391,2813.73
27063,-3.6943,-0.9002,11.3964,1397,2813.73
27068,-1.2366,2.1464,9.8318,1397,2813.34
27073,1.7107,3.3627,10.5117,1395,2813.34
27078,0.4094,1.7466,11.3222,1397,2813.34
27083,-3.4225,-1.2115,11.7711,1387,2813.34
27088,-2.5809,1.5646,10.1574,1391,2813.34
27093,1.5419,3.0442,10.3825,1387,2814.26
27098,1.9716,2.6719,10.8386,1400,2814.26
27103,-3.2705,-0.6859,11.9746,1383,2814.26
27108,-3.4632,0.7901,10.7021,1398,2814.26
27113,1.002,2.8323,10.0401,1399,2814.39
27118,2.0662,3.3555,10.5082,1391,2814.39
27123,-3.2226,0.1556,11.9399,1391,2814.39
27128,-3.8367,-0.1832,11.2492,1389,2814.39
27133,-0.0263,2.5953,9.8007,1389,2814.26
27138,1.9333,3.6488,10.4818,1391,2814.26
27143,-1.7023,0.9948,11.6119,1396,2814.26
27148,-3.6679,-0.99,11.5748,1387,2814.26
27153,-1.4952,2.0794,9.845,1383,2814.26
27158,1.7585,3.3064,10.4782,1391,2815.05
27163,0.9218,1.8902,11.1366,1391,2815.05
27168,-3.3004,-1.2127,11.7938,1391,2815.05
27173,-3.4728,0.7805,10.6291,1387,2815.05
27178,1.4162,2.9604,10.3394,1394,2814.92
27183,2.0267,3.3662,10.5704,1384,2814.92
27188,-3.3208,-0.5507,12.0009,1383,2814.92
27193,-3.802,-0.0766,11.151,1401,2814.92
27198,0.9062,2.8635,10.0233,1397,2814.52
27203,1.9609,3.6811,10.4399,1391,2814.52
27208,-1.7861,0.9421,11.5652,1385,2814.52
27213,-3.6416,-0.9673,11.5197,1387,2814.52
27218,-1.4377,2.0291,9.8342,1395,2814.39
27223,1.7071,3.3064,10.5117,1387,2814.39
27228,0.7673,1.8878,11.2097,1398,2814.39
27233,-3.4237,-1.245,11.8513,1391,2814.39
27238,-2.8299,1.4281,10.1933,1397,2814.39
27243,1.4856,3.0047,10.343,1383,2813.86
27248,1.9501,2.8683,10.7775,1392,2813.86
27253,-3.4046,-0.5507,11.9878,1389,2813.86
27258,-3.5949,0.6943,10.8074,1396,2813.86
27263,0.978,2.8587,10.0137,1391,2813.99
27268,2.0698,3.5123,10.5046,1392,2813.99
27273,-3.1364,0.2933,11.7902,1381,2813.99
27278,-3.7373,-0.34,11.3138,1391,2813.99
27283,-0.2478,2.4732,9.7396,1391,2814.13
27288,1.8735,3.5566,10.5477,1397,2814.13
27293,-1.3108,1.057,11.5448,1384,2814.13
27298,-3.6332,-1.1061,11.6598,1399,2814.13
27303,-1.7406,1.9573,9.8773,1389,2813.6
27308,1.6544,3.2525,10.501,1397,2813.6
27313,1.1504,2.0949,11.1007,1389,2813.6
27318,-3.3148,-1.0367,11.9339,1389,2813.6
27323,-2.9999,1.2833,10.319,1397,2813.6
27328,1.3886,2.9748,10.2496,1391,2814.66
27333,2.0949,2.9748,10.7117,1383,2814.66
27338,-3.286,-0.3615,11.977,1373,2814.66
27343,-3.6643,0.3567,10.9164,1389,2814.66
27348,0.7482,2.745,9.9742,1399,2814.13
27353,2.0016,3.5721,10.5345,1385,2814.13
27358,-2.958,0.4549,11.7974,1391,2814.13
27363,-3.8032,-0.5267,11.4048,1387,2814.13
27368,-0.5758,2.4325,9.7157,1400,2814.13
27373,1.8962,3.5973,10.5309,1391,2814.13
27378,-0.6931,1.2653,11.4239,1384,2814.13
27383,-3.5003,-1.1181,11.7017,1401,2814.13
27388,-2.0542,1.7849,9.9084,1399,2814.13
27393,1.658,3.1723,10.4076,1381,2814.13
27398,1.5766,2.2757,11.0564,1391,2814.13
27403,-3.2896,-1.1037,11.8716,1383,2814.13
27408,-3.2034,1.0786,10.4567,1400,2814.13
27413,1.3036,2.885,10.2029,1388,2814.26
27418,2.0494,3.1747,10.6853,1397,2814.26
27423,-3.3854,-0.2203,11.9519,1388,2814.26
27428,-3.723,0.3388,11.0289,1395,2814.26
27433,0.5507,2.7461,9.9084,1390,2814.13
27438,2.0554,3.6727,10.5129,1392,2814.13
27443,-2.6624,0.571,11.6945,1391,2814.13
27448,-3.6931,-0.6369,11.4299,1395,2814.13
27453,-0.8092,2.235,9.6953,1395,2814.52
27458,1.81,3.4716,10.495,1398,2814.52
27463,-0.176,1.3862,11.3342,1388,2814.52
27468,-3.4393,-1.2725,11.7615,1397,2814.52
27473,-2.3116,1.585,10.0317,1391,2814.66
27478,1.5347,3.0574,10.3992,1395,2814.66
27483,1.6723,2.4708,10.9942,1394,2814.66
27488,-3.3279,-0.8835,11.9507,1386,2814.66
27493,-3.3686,1.0439,10.5955,1389,2814.66
27498,1.239,2.9473,10.1119,1388,2815.71
27503,2.1727,3.3651,10.6446,1389,2815.71
27508,-3.304,-0.0407,11.9842,1387,2815.71
27513,-3.7936,0.0754,11.0947,1401,2815.71
27518,0.3196,2.6372,9.8414,1395,2816.37
27523,2.0051,3.5949,10.4639,1395,2816.37
27528,-2.2482,0.7087,11.7053,1391,2816.37
27533,-3.7338,-0.8272,11.4179,1387,2816.37
27538,-1.1265,2.1703,9.7791,1395,2816.37
27543,1.7777,3.4381,10.4603,1392,2816.37
27548,0.2933,1.7154,11.3246,1391,2816.37
27553,-3.4536,-1.1648,11.728,1389,2816.37
27558,-2.5223,1.6269,10.082,1387,2816.37
27563,1.6005,3.0514,10.3226,1381,2816.24
27568,2.0051,2.6169,10.9032,1391,2816.24
27573,-3.3243,-0.7518,11.9507,1388,2816.24
27578,-3.4943,0.8428,10.6578,1392,2816.24
27583,1.1253,2.8443,10.0425,1389,2815.71
27588,2.0842,3.3459,10.5872,1391,2815.71
27593,-3.3303,0.0802,11.9902,1377,2815.71
27598,-3.8199,-0.0551,11.1678,1401,2815.71
27603,0.0599,2.5857,9.833,1401,2815.32
27608,1.9417,3.7086,10.4543,1389,2815.32
27613,-1.9178,0.8906,11.6382,1384,2815.32
27618,-3.6727,-0.8787,11.5616,1387,2815.32
27623,-1.342,2.1344,9.8605,1387,2814.92
27628,1.7861,3.3519,10.4327,1383,2814.92
27633,0.7314,1.8244,11.1893,1398,2814.92
27638,-3.3818,-1.2845,11.8154,1393,2814.92
27643,-2.7306,1.4377,10.1059,1399,2814.92
27648,1.506,2.9485,10.343,1386,2814.13
27653,1.9549,2.7713,10.8721,1386,2814.13
27658,-3.3435,-0.668,12.038,1390,2814.13
27663,-3.5901,0.7027,10.7356,1395,2814.13
27668,0.9517,2.8467,10.0904,1399,2813.99
27673,2.1057,3.4979,10.5285,1389,2813.99
27678,-3.1735,0.2981,11.8621,1384,2813.99
27683,-3.8092,-0.2322,11.2252,1391,2813.99
27688,-0.1413,2.5486,9.8102,1396,2813.47
27693,1.8998,3.626,10.5022,1397,2813.47
27698,-1.4162,1.002,11.5185,1388,2813.47
27703,-3.5686,-1.1193,11.5077,1395,2813.47
27708,-1.6747,1.9357,9.8569,1391,2813.86
27713,1.6759,3.1999,10.4603,1385,2813.86
27718,1.0546,2.0267,11.1199,1397,2813.86
27723,-3.3567,-1.1803,11.898,1388,2813.86
27728,-2.9916,1.3072,10.3106,1403,2813.86
27733,1.4222,3.0059,10.3034,1387,2814.66
27738,2.1356,2.9664,10.7009,1391,2814.66
27743,-3.3579,-0.4046,12.0129,1380,2814.66
27748,-3.6212,0.5088,10.9235,1391,2814.66
27753,0.8021,2.7916,9.9024,1395,2814.52
27758,2.0147,3.5219,10.4974,1395,2814.52
27763,-2.9688,0.3879,11.819,1389,2814.52
27768,-3.7589,-0.5112,11.2839,1391,2814.52
27773,-0.4884,2.3978,9.7935,1395,2813.99
27778,1.8088,3.5614,10.4938,1398,2813.99
27783,-0.8452,1.2474,11.412,1387,2813.99
27788,-3.5506,-1.142,11.6897,1401,2813.99
27793,-1.9489,1.889,9.9216,1399,2813.86
27798,1.6975,3.2214,10.4543,1388,2813.86
27803,1.4796,2.2338,10.9846,1384,2813.86
27808,-3.292,-1.057,11.9076,1387,2813.86
27813,-3.1663,1.0953,10.343,1391,2813.86
27818,1.3408,2.9209,10.1718,1400,2813.99
27823,2.1296,3.0969,10.6494,1395,2813.99
27828,-3.3662,-0.176,11.9626,1386,2813.99
27833,-3.7302,0.3029,11.0241,1389,2813.99
27838,0.5602,2.7988,9.9503,1389,2814.39
27843,2.0291,3.6284,10.5728,1387,2814.39
27848,-2.7294,0.6273,11.7352,1389,2814.39
27853,-3.8008,-0.5986,11.3796,1395,2814.39
27858,-0.7566,2.3164,9.7695,1399,2813.86
27863,1.8938,3.5494,10.5213,1391,2813.86
27868,-0.322,1.3982,11.3365,1389,2813.86
27873,-3.4189,-1.2426,11.7567,1395,2813.86
27878,-2.2146,1.6843,9.9742,1390,2812.94
27883,1.6149,3.1268,10.4232,1393,2812.94
27888,1.6747,2.4337,10.9942,1401,2812.94
27893,-3.3279,-0.9756,11.9531,1387,2812.94
27898,-3.3459,1.0534,10.6015,1389,2812.94
27903,1.2761,2.8922,10.2149,1384,2813.73
27908,2.0913,3.2968,10.6961,1397,2813.73
27913,-3.3411,-0.0239,11.9135,1381,2813.73
27918,-3.7373,0.1365,11.0983,1401,2813.73
27923,0.3723,2.6731,9.8007,1397,2813.07
27928,1.9848,3.6488,10.5213,1389,2813.07
27933,-2.3152,0.759,11.5975,1387,2813.07
27938,-3.6715,-0.8368,11.5185,1387,2813.07
27943,-1.0953,2.1536,9.7743,1385,2812.94
27948,1.7597,3.4225,10.5453,1392,2812.94
27953,0.2658,1.6017,11.2875,1391,2812.94
27958,-3.4788,-1.2067,11.7316,1388,2812.94
27963,-2.5857,1.5263,10.167,1388,2812.94
27968,1.5526,3.0083,10.3585,1391,2812.68
27973,1.9417,2.6372,10.9212,1385,2812.68
27978,-3.3064,-0.7254,11.9842,1399,2812.68
27983,-3.4548,0.7841,10.6769,1387,2812.68
27988,1.1025,2.8862,10.0652,1389,2813.2
27993,2.1045,3.4069,10.5465,1388,2813.2
27998,-3.2585,0.1448,11.8956,1383,2813.2
28003,-3.7637,-0.1437,11.1965,1396,2813.2
28008,0.0239,2.5762,9.7755,1417,2812.81
28013,1.8591,3.6224,10.5524,1395,2812.81
28018,-1.7693,0.9026,11.5748,1390,2812.81
28023,-3.6488,-0.978,11.5341,1387,2812.81
28028,-1.4545,2.1129,9.8222,1397,2812.94
28033,1.7202,3.377,10.4399,1389,2812.94
28038,0.8188,1.8806,11.218,1401,2812.94
28043,-3.3184,-1.1708,11.7771,1385,2812.94
28048,-2.7761,1.4293,10.2771,1401,2812.94
28053,1.5048,2.9544,10.2687,1385,2813.07
28058,2.0423,2.7964,10.8409,1384,2813.07
28063,-3.3136,-0.571,11.898,1387,2813.07
28068,-3.6117,0.6033,10.8553,1405,2813.07
28073,0.8799,2.8168,10.0377,1393,2813.2
28078,2.0399,3.5374,10.5261,1404,2813.2
28083,-3.1196,0.322,11.8058,1383,2813.2
28088,-3.7649,-0.2897,11.3222,1391,2813.2
28093,-0.3041,2.4612,9.815,1395,2813.47
28098,1.9201,3.6176,10.4758,1399,2813.47
28103,-1.1971,1.1325,11.5377,1389,2813.47
28108,-3.5446,-1.1193,11.5927,1401,2813.47
28113,-1.749,1.9034,9.8521,1399,2813.73
28118,1.6819,3.201,10.422,1384,2813.73
28123,1.2091,2.0913,11.1175,1389,2813.73
28128,-3.3351,-1.1959,11.8321,1390,2813.73
28133,-2.9939,1.2558,10.3537,1395,2813.73
28138,1.3803,2.9329,10.1993,1385,2813.99
28143,2.0626,3.0155,10.7057,1388,2813.99
28148,-3.3938,-0.3639,12.0309,1389,2813.99
28153,-3.6512,0.4956,10.9774,1389,2813.99
28158,0.7314,2.8216,9.9539,1384,2814.13
28163,2.0351,3.5985,10.4447,1389,2814.13
28168,-2.812,0.4513,11.7855,1397,2814.13
28173,-3.7373,-0.5291,11.2827,1389,2814.13
28178,-0.5183,2.3786,9.7648,1391,2814.66
28183,1.8148,3.5458,10.5129,1389,2814.66
28188,-0.6165,1.3156,11.4814,1390,2814.66
28193,-3.5243,-1.1899,11.649,1395,2814.66
28198,-2.0842,1.7597,9.9982,1398,2814.66
28203,1.6149,3.1137,10.4363,1391,2814.66
28208,1.5395,2.3475,11.0145,1391,2814.66
28213,-3.3279,-0.9792,11.9231,1383,2814.66
28218,-3.2262,1.0738,10.5141,1391,2814.66
28223,1.3312,2.9137,10.1957,1383,2814.13
28228,2.1428,3.2178,10.5848,1400,2814.13
28233,-3.4046,-0.1808,11.9542,1384,2814.13
28238,-3.7649,0.2454,11.0265,1386,2814.13
28243,0.5231,2.7174,9.8725,1391,2813.86
28248,1.9752,3.5841,10.4878,1389,2813.86
28253,-2.6121,0.6165,11.7088,1389,2813.86
28258,-3.7972,-0.7254,11.4371,1391,2813.86
28263,-0.8811,2.2889,9.7767,1389,2813.6
28268,1.8136,3.5075,10.4758,1395,2813.6
28273,-0.0491,1.5251,11.3497,1385,2813.6
28278,-3.4309,-1.2378,11.7795,1385,2813.6
28283,-2.3535,1.7011,10.009,1387,2813.6
28288,1.6328,3.128,10.3944,1391,2814.13
28293,1.8172,2.5151,10.8505,1393,2814.13
28298,-3.3088,-0.8499,11.9339,1389,2814.13
28303,-3.3495,0.9349,10.5872,1387,2814.13
28308,1.2079,2.8862,10.1047,1389,2814.52
28313,2.1153,3.2825,10.5596,1388,2814.52
28318,-3.31,-0.0335,11.8956,1383,2814.52
28323,-3.7876,0.012,11.1079,1397,2814.52
28328,0.2286,2.7007,9.839,1401,2814.79
28333,1.9764,3.6703,10.5034,1386,2814.79
28338,-2.1799,0.8116,11.6646,1385,2814.79
28343,-3.7038,-0.832,11.4946,1389,2814.79
28348,-1.1839,2.1811,9.8282,1386,2814.66
28353,1.7849,3.4058,10.4866,1391,2814.66
28358,0.4238,1.7131,11.2228,1402,2814.66
28363,-3.3926,-1.2785,11.8453,1391,2814.66
28368,-2.5953,1.5155,10.1442,1397,2814.66
28373,1.5095,3.037,10.3298,1385,2814.92
28378,1.9381,2.6791,10.8733,1391,2814.92
28383,-3.304,-0.7386,12.0728,1388,2814.92
28388,-3.5195,0.7949,10.7188,1389,2814.92
28393,1.1013,2.8718,10.0533,1396,2815.45
28398,2.1165,3.4129,10.574,1391,2815.45
28403,-3.2836,0.1532,11.9076,1379,2815.45
28408,-3.7852,-0.0766,11.2527,1395,2815.45
28413,0.0431,2.5929,9.7875,1391,2815.98
28418,1.9309,3.6416,10.4746,1401,2815.98
28423,-1.7178,0.9062,11.5329,1387,2815.98
28428,-3.6536,-1.0283,11.5508,1382,2815.98
28433,-1.4988,2.0494,9.7492,1391,2815.98
28438,1.7131,3.3243,10.4734,1389,2815.98
28443,0.8224,1.8507,11.1785,1392,2815.98
28448,-3.4309,-1.1684,11.8393,1391,2815.98
28453,-2.8216,1.4186,10.246,1399,2815.98
28458,1.5251,2.982,10.2867,1387,2815.71
28463,2.0399,2.8204,10.8098,1383,2815.71
28468,-3.3435,-0.504,11.9542,1383,2815.71
28473,-3.5925,0.6153,10.799,1395,2815.71
28478,0.9649,2.8012,9.9647,1401,2815.58
28483,2.0794,3.5135,10.5512,1390,2815.58
28488,-3.1651,0.2753,11.8657,1388,2815.58
28493,-3.8271,-0.3472,11.2539,1389,2815.58
28498,-0.2574,2.5223,9.7444,1397,2815.58
28503,1.9213,3.6464,10.5357,1397,2815.58
28508,-1.3108,1.0726,11.5005,1385,2815.58
28513,-3.6021,-1.0654,11.6358,1397,2815.58
28518,-1.6807,2.0016,9.9228,1399,2814.79
28523,1.7418,3.292,10.4267,1382,2814.79
28528,1.2139,2.0411,11.1378,1390,2814.79
28533,-3.2717,-1.1576,11.8321,1384,2814.79
28538,-2.9509,1.2833,10.2771,1399,2814.79
28543,1.409,2.9461,10.2089,1395,2814.39
28548,2.083,2.9628,10.7117,1389,2814.39
28553,-3.3662,-0.4537,11.9866,1385,2814.39
28558,-3.7026,0.4908,10.9583,1391,2814.39
28563,0.747,2.7845,9.9695,1385,2813.99
28568,2.0686,3.6224,10.5153,1391,2813.99
28573,-2.9868,0.431,11.7675,1388,2813.99
28578,-3.7601,-0.4106,11.3641,1395,2813.99
28583,-0.5183,2.4253,9.7408,1397,2814.26
28588,1.9309,3.6009,10.4686,1390,2814.26
28593,-0.8236,1.2402,11.4096,1384,2814.26
28598,-3.5314,-1.1983,11.7088,1399,2814.26
28603,-1.9848,1.7897,9.9659,1390,2814.39
28608,1.6053,3.1424,10.4136,1397,2814.39
28613,1.4497,2.2374,11.0337,1395,2814.39
28618,-3.3591,-1.0762,11.9267,1385,2814.39
28623,-3.2046,1.1636,10.4531,1387,2814.39
28628,1.3168,2.9664,10.2077,1387,2814.66
28633,2.0889,3.1867,10.7141,1399,2814.66
28638,-3.4285,-0.1832,12.0033,1388,2814.66
28643,-3.6524,0.3077,10.975,1390,2814.66
28648,0.583,2.7904,9.8701,1401,2814.26
28653,2.0411,3.6272,10.483,1385,2814.26
28658,-2.6372,0.5483,11.7495,1391,2814.26
28663,-3.7338,-0.7027,11.3425,1391,2814.26
28668,-0.8116,2.2877,9.827,1395,2814.26
28673,1.7813,3.5027,10.483,1395,2814.26
28678,-0.2478,1.4246,11.3916,1391,2814.26
28683,-3.5267,-1.2127,11.6789,1388,2814.26
28688,-2.3032,1.7609,10.0233,1389,2814.26
28693,1.5897,3.146,10.4076,1391,2814.79
28698,1.7478,2.4636,11.0157,1389,2814.79
28703,-3.2956,-0.8823,11.9578,1387,2814.79
28708,-3.292,1.0343,10.5381,1387,2814.79
28713,1.2402,2.8826,10.1119,1387,2814.79
28718,2.1392,3.2417,10.6075,1390,2814.79
28723,-3.3471,-0.097,11.9291,1384,2814.79
28728,-3.8032,0.0994,11.0887,1400,2814.79
28733,0.322,2.6767,9.8629,1399,2814.39
28738,1.9489,3.6392,10.4962,1395,2814.39
28743,-2.3559,0.7554,11.6933,1383,2814.39
28748,-3.7122,-0.7937,11.4694,1385,2814.39
28753,-1.1349,2.235,9.7803,1391,2813.86
28758,1.8004,3.4955,10.5333,1391,2813.86
28763,0.2717,1.6771,11.3449,1399,2813.86
28768,-3.3615,-1.2522,11.8369,1391,2813.86
28773,-2.4936,1.561,10.0616,1391,2813.86
28778,1.5036,3.0143,10.3597,1382,2813.47
28783,1.907,2.6097,10.8589,1389,2813.47
28788,-3.2956,-0.7937,11.9794,1389,2813.47
28793,-3.468,0.82,10.6135,1390,2813.47
28798,1.0989,2.8683,10.082,1399,2813.99
28803,2.1069,3.4177,10.5872,1395,2813.99
28808,-3.3184,0.1281,11.9746,1381,2813.99
28813,-3.7625,-0.0323,11.1713,1389,2813.99
28818,0.1077,2.6659,9.8665,1397,2813.86
28823,2.0111,3.6799,10.4339,1399,2813.86
28828,-1.8028,0.8906,11.5544,1388,2813.86
28833,-3.6152,-0.9529,11.5029,1391,2813.86
28838,-1.3994,2.0602,9.8007,1397,2813.73
28843,1.7154,3.298,10.5261,1385,2813.73
28848,0.753,1.8375,11.2108,1400,2813.73
28853,-3.4022,-1.2725,11.8106,1386,2813.73
28858,-2.8156,1.421,10.2208,1401,2813.73
28863,1.482,3.0107,10.3477,1387,2813.73
28868,2.0063,2.8455,10.7907,1389,2813.73
28873,-3.3507,-0.5411,12.0357,1383,2813.73
28878,-3.5482,0.6943,10.805,1391,2813.73
28883,0.9768,2.8371,10.0173,1391,2813.47
28888,2.1117,3.5063,10.5201,1397,2813.47
28893,-3.1352,0.2873,11.88,1389,2813.47
28898,-3.7685,-0.3591,11.2623,1391,2813.47
28903,-0.2394,2.49,9.7683,1391,2813.2
28908,1.8747,3.5889,10.5285,1395,2813.2
28913,-1.3132,1.0594,11.4862,1385,2813.2
28918,-3.5793,-1.1037,11.6394,1400,2813.2
28923,-1.804,1.9393,9.8976,1398,2812.94
28928,1.6915,3.2717,10.501,1389,2812.94
28933,1.1947,2.0913,11.1426,1395,2812.94
28938,-3.3291,-1.093,11.8956,1386,2812.94
28943,-3.0011,1.2965,10.3094,1399,2812.94
28948,1.4329,2.97,10.2436,1387,2813.07
28953,2.15,2.9712,10.7452,1395,2813.07
28958,-3.3279,-0.3986,11.9854,1388,2813.07
28963,-3.6643,0.3795,10.9176,1388,2813.07
28968,0.662,2.7797,9.9024,1384,2813.2
28973,2.0039,3.5422,10.4962,1388,2813.2
28978,-2.964,0.4741,11.8094,1389,2813.2
28983,-3.79,-0.5004,11.4251,1391,2813.2
28988,-0.6201,2.4588,9.7528,1399,2813.99
28993,1.8423,3.6129,10.5249,1395,2813.99
28998,-0.6812,1.3228,11.376,1389,2813.99
29003,-3.5386,-1.1313,11.6466,1391,2813.99
29008,-2.071,1.7849,9.9419,1395,2813.99
29013,1.7059,3.1196,10.4471,1392,2813.86
29018,1.5419,2.2529,11.0097,1392,2813.86
29023,-3.2681,-1.0965,11.9159,1384,2813.86
29028,-3.2693,1.0391,10.4315,1385,2813.86
29033,1.2881,2.8946,10.1574,1383,2814.13
29038,2.0818,3.1687,10.6949,1396,2814.13
29043,-3.4081,-0.1448,11.9997,1383,2814.13
29048,-3.7816,0.3124,11.048,1397,2814.13
29053,0.5387,2.7653,9.8402,1397,2813.86
29058,2.1033,3.711,10.495,1397,2813.86
29063,-2.6025,0.6416,11.6705,1381,2813.86
29068,-3.7074,-0.6464,11.4419,1401,2813.86
29073,-0.8212,2.2541,9.7851,1389,2814.66
29078,1.8172,3.4405,10.5022,1395,2814.66
29083,-0.1101,1.4928,11.321,1390,2814.66
29088,-3.4776,-1.2534,11.7148,1387,2814.66
29093,-2.3607,1.6089,10.0413,1387,2814.66
29098,1.5718,3.1196,10.4184,1388,2814.52
29103,1.7382,2.4828,10.9834,1391,2814.52
29108,-3.3375,-0.8452,11.9447,1389,2814.52
29113,-3.3591,1.0056,10.6123,1386,2814.52
29118,1.2534,2.9293,10.1359,1399,2814.66
29123,2.1476,3.3579,10.574,1389,2814.66
29128,-3.2621,-0.0227,11.9159,1385,2814.66
29133,-3.7445,0.0299,11.1031,1395,2814.66
29138,0.3136,2.6516,9.7755,1395,2815.18
29143,1.9573,3.6069,10.5524,1397,2815.18
29148,-2.2218,0.7398,11.6358,1389,2815.18
29153,-3.7206,-0.8619,11.4215,1383,2815.18
29158,-1.2378,2.1656,9.7983,1396,2815.58
29163,1.7633,3.4536,10.5417,1386,2815.58
29168,0.3639,1.7322,11.315,1400,2815.58
29173,-3.4261,-1.1732,11.7555,1387,2815.58
29178,-2.5666,1.6041,10.1107,1395,2815.58
29183,1.6041,3.0406,10.3322,1385,2815.71
29188,1.9525,2.6659,10.92,1388,2815.71
29193,-3.2657,-0.7602,11.898,1387,2815.71
29198,-3.4572,0.8092,10.6817,1399,2815.71
29203,1.0858,2.8467,10.0521,1395,2816.11
29208,2.1117,3.3926,10.5955,1397,2816.11
29213,-3.3339,0.1006,11.8896,1383,2816.11
29218,-3.8235,-0.0778,11.2264,1387,2816.11
29223,0.0479,2.6492,9.8126,1387,2815.58
29228,1.9956,3.7062,10.4998,1403,2815.58
29233,-1.8938,0.9673,11.5999,1387,2815.58
29238,-3.6296,-0.929,11.5915,1397,2815.58
29243,-1.397,2.0961,9.8055,1389,2815.32
29248,1.7693,3.3315,10.4124,1385,2815.32
29253,0.7649,1.8651,11.1953,1389,2815.32
29258,-3.3686,-1.2845,11.8226,1388,2815.32
29263,-2.806,1.3767,10.2125,1401,2815.32
29268,1.4712,2.9185,10.2879,1388,2815.45
29273,1.9884,2.7713,10.8266,1388,2815.45
29278,-3.389,-0.6153,12.0057,1381,2815.45
29283,-3.6176,0.7087,10.823,1390,2815.45
29288,0.978,2.8814,9.985,1399,2815.98
29293,2.1153,3.5243,10.4854,1395,2815.98
29298,-3.201,0.2897,11.8321,1392,2815.98
29303,-3.7062,-0.2011,11.1713,1390,2815.98
29308,-0.146,2.5127,9.7923,1391,2816.64
29313,1.9381,3.6045,10.4758,1389,2816.64
29318,-1.3934,0.996,11.5831,1388,2816.64
29323,-3.614,-1.1396,11.5101,1397,2816.64
29328,-1.7083,1.9357,9.8366,1403,2816.11
29333,1.6532,3.2142,10.471,1387,2816.11
29338,1.0403,2.0339,11.157,1389,2816.11
29343,-3.3974,-1.1456,11.8968,1385,2816.11
29348,-2.964,1.3862,10.3058,1401,2816.11
29353,1.4832,3.0406,10.2999,1384,2815.45
29358,2.1428,2.9521,10.6925,1399,2815.45
29363,-3.3196,-0.4094,11.9734,1385,2815.45
29368,-3.6524,0.5171,10.8948,1388,2815.45
29373,0.8679,2.7797,9.9288,1386,2814.52
29378,2.0949,3.4919,10.4866,1395,2814.52
29383,-3.0227,0.3424,11.8716,1389,2814.52
29388,-3.8068,-0.4669,11.3078,1389,2814.52
29393,-0.4573,2.4193,9.7671,1395,2814.13
29398,1.8459,3.5949,10.5046,1405,2814.13
29403,-0.972,1.245,11.4946,1385,2814.13
29408,-3.5374,-1.1133,11.6825,1399,2814.13
29413,-1.9154,1.9106,9.9551,1387,2812.94
29418,1.7107,3.2453,10.5082,1396,2812.94
29423,1.4892,2.2254,11.0325,1389,2812.94
29428,-3.2429,-1.0403,11.9291,1387,2812.94
29433,-3.1125,1.1193,10.3513,1387,2812.94
29438,1.3168,2.9233,10.1897,1387,2812.94
29443,2.0542,3.0406,10.647,1397,2812.94
29448,-3.3914,-0.3053,11.9794,1388,2812.94
29453,-3.7433,0.3112,10.993,1400,2812.94
29458,0.5974,2.7869,9.9264,1401,2812.68
29463,1.9944,3.6727,10.5237,1390,2812.68
29468,-2.7438,0.6093,11.7088,1388,2812.68
29473,-3.7158,-0.5674,11.4144,1391,2812.68
29478,-0.7326,2.3511,9.8055,1387,2812.15
29483,1.8794,3.5338,10.4663,1388,2812.15
29488,-0.2418,1.403,11.2719,1391,2812.15
29493,-3.4225,-1.3084,11.7196,1385,2812.15
29498,-2.2482,1.6424,10.0078,1391,2812.15
29503,1.5826,3.0706,10.4675,1385,2811.89
29508,1.6831,2.4289,10.8936,1395,2811.89
29513,-3.3172,-0.9325,11.9746,1388,2811.89
29518,-3.3794,1.0068,10.5441,1390,2811.89
29523,1.2582,2.9281,10.1299,1398,2812.02
29528,2.1464,3.3208,10.5584,1395,2812.02
29533,-3.3495,-0.0048,11.9495,1385,2812.02
29538,-3.6966,0.1413,11.1067,1365,2812.02
29543,0.3675,2.6719,9.815,1397,2812.28
29548,2.0183,3.6679,10.4938,1397,2812.28
29553,-2.2386,0.753,11.5784,1383,2812.28
29558,-3.7278,-0.8906,11.5089,1389,2812.28
29563,-1.172,2.1416,9.7803,1383,2812.68
29568,1.7154,3.4357,10.5441,1387,2812.68
29573,0.2825,1.6855,11.2934,1397,2812.68
29578,-3.4153,-1.2043,11.7998,1389,2812.68
29583,-2.6193,1.5335,10.143,1397,2812.68
29588,1.5909,3.073,10.3406,1389,2812.81
29593,1.9321,2.7043,10.8577,1387,2812.81
29598,-3.3363,-0.6919,12.0033,1383,2812.81
29603,-3.474,0.7805,10.7416,1380,2812.81
29608,1.0834,2.8754,10.0173,1400,2812.81
29613,2.0818,3.4081,10.5273,1391,2812.81
29618,-3.2801,0.1329,11.8716,1387,2812.81
29623,-3.8044,-0.2334,11.1869,1390,2812.81
29628,-0.0275,2.5774,9.7456,1397,2812.68
29633,1.907,3.6931,10.5309,1391,2812.68
29638,-1.7346,0.9313,11.5245,1387,2812.68
29643,-3.6272,-0.9517,11.5879,1404,2812.68
29648,-1.5335,2.1237,9.8174,1402,2813.07
29653,1.7849,3.3902,10.4914,1387,2813.07
29658,0.923,1.8926,11.1486,1387,2813.07
29663,-3.3088,-1.2127,11.8393,1373,2813.07
29668,-2.8671,1.3288,10.2627,1398,2813.07
29673,1.4856,2.9568,10.2819,1389,2813.34
29678,2.0063,2.8204,10.7811,1395,2813.34
29683,-3.2872,-0.5519,11.9471,1383,2813.34
29688,-3.6428,0.5818,10.8565,1389,2813.34
29693,0.8631,2.8036,9.9719,1383,2813.6
29698,2.0578,3.5805,10.4998,1397,2813.6
29703,-3.1436,0.3328,11.8034,1386,2813.6
29708,-3.7948,-0.2765,11.3617,1391,2813.6
29713,-0.2897,2.5283,9.7707,1395,2814.26
29718,1.9992,3.6392,10.4603,1397,2814.26
29723,-1.1241,1.1157,11.4874,1383,2814.26
29728,-3.535,-1.1325,11.5903,1400,2814.26
29733,-1.822,1.8591,9.9371,1391,2815.05
29738,1.6688,3.1735,10.4603,1391,2815.05
29743,1.2558,2.071,11.1474,1391,2815.05
29748,-3.3447,-1.1696,11.9112,1386,2815.05
29753,-3.1041,1.2594,10.4028,1389,2815.05
29758,1.3982,2.9928,10.2424,1387,2815.45
29763,2.0806,3.0718,10.7344,1389,2815.45
29768,-3.3926,-0.3555,11.989,1385,2815.45
29773,-3.6787,0.4621,10.9427,1391,2815.45
29778,0.741,2.7892,9.8892,1397,2815.18
29783,2.1284,3.5733,10.4938,1387,2815.18
29788,-2.8264,0.4585,11.7627,1388,2815.18
29793,-3.7182,-0.5399,11.3318,1387,2815.18
29798,-0.5507,2.3367,9.7612,1394,2815.71
29803,1.8447,3.5243,10.5082,1390,2815.71
29808,-0.6668,1.3192,11.4443,1389,2815.71
29813,-3.5602,-1.1815,11.6418,1387,2815.71
29818,-2.0853,1.81,10.0221,1387,2815.71
29823,1.6616,3.1903,10.4543,1390,2814.52
29828,1.579,2.3439,11.0504,1395,2814.52
29833,-3.3255,-0.9708,11.8944,1393,2814.52
29838,-3.2154,1.1241,10.4603,1390,2814.52
29843,1.3192,2.9353,10.1849,1387,2814.13
29848,2.1093,3.1232,10.6386,1391,2814.13
29853,-3.3411,-0.2071,11.983,1383,2814.13
29858,-3.729,0.231,11.0373,1399,2814.13
29863,0.4812,2.7007,9.8916,1397,2813.6
29868,1.9597,3.6392,10.4543,1396,2813.6
29873,-2.6121,0.5626,11.722,1387,2813.6
29878,-3.7469,-0.6656,11.4,1388,2813.6
29883,-0.8859,2.32,9.8055,1397,2813.07
29888,1.8268,3.5075,10.4627,1387,2813.07
29893,-0.0754,1.5407,11.3006,1397,2813.07
29898,-3.4285,-1.2641,11.734,1391,2813.07
29903,-2.3379,1.6352,10.0018,1398,2813.07
29908,1.6053,3.0933,10.3226,1383,2813.07
29913,1.7945,2.4816,10.8984,1387,2813.07
29918,-3.3004,-0.9158,11.959,1391,2813.07
29923,-3.3734,0.9397,10.6111,1380,2813.07
29928,1.1456,2.8443,10.1394,1397,2813.07
29933,2.0602,3.3686,10.5824,1390,2813.07
29938,-3.3674,0.0275,11.9997,1385,2813.07
29943,-3.7685,0.0898,11.1223,1387,2813.07
29948,0.2442,2.7078,9.8438,1364,2813.2
29953,2.0027,3.6488,10.501,1395,2813.2
29958,-2.1344,0.8236,11.6514,1387,2813.2
29963,-3.6619,-0.9134,11.5041,1390,2813.2
29968,-1.2342,2.0949,9.8521,1395,2813.34
29973,1.6951,3.3279,10.4878,1387,2813.34
29978,0.4597,1.7394,11.2707,1398,2813.34
29983,-3.4237,-1.324,11.8118,1387,2813.34
29988,-2.7054,1.506,10.1921,1399,2813.34
29993,1.5443,3.055,10.4004,1381,2813.86
29998,1.9142,2.7234,10.8122,1389,2813.86
30003,-3.3411,-0.6512,11.9973,1385,2813.86
30008,-3.5243,0.7566,10.7356,1389,2813.86
30013,1.0738,2.8814,10.0078,1397,2814.52
30018,2.1296,3.4393,10.4698,1399,2814.52
30023,-3.1999,0.1891,11.8824,1387,2814.52
30028,-3.7625,-0.2346,11.224,1397,2814.52
30033,-0.0383,2.5678,9.7612,1391,2814.52
30038,1.883,3.6117,10.4938,1395,2814.52
30043,-1.658,0.9337,11.5664,1387,2814.52
30048,-3.6715,-1.0379,11.546,1395,2814.52
30053,-1.549,2.047,9.8258,1391,2814.66
30058,1.7406,3.3243,10.5093,1397,2814.66
30063,0.9337,1.9429,11.1438,1392,2814.66
30068,-3.3519,-1.1277,11.8621,1385,2814.66
30073,-2.8467,1.3862,10.2568,1399,2814.66
30078,1.5179,3.0179,10.2891,1390,2814.39
30083,2.0877,2.8575,10.7428,1396,2814.39
30088,-3.3172,-0.4669,12.0177,1397,2814.39
30093,-3.6296,0.5303,10.7631,1391,2814.39
30098,0.8547,2.8311,9.9455,1388,2814.79
30103,2.0446,3.4907,10.5249,1391,2814.79
30108,-3.122,0.328,11.8429,1391,2814.79
30113,-3.8152,-0.3484,11.3294,1383,2814.79
30118,-0.3268,2.5007,9.7588,1399,2814.79
30123,1.9297,3.6679,10.5117,1391,2814.79
30128,-1.1253,1.1337,11.485,1395,2814.79
30133,-3.5267,-1.1384,11.6634,1391,2814.79
30138,-1.8603,1.9142,9.8653,1391,2814.79
30143,1.7214,3.2561,10.4794,1391,2815.32
30148,1.2689,2.0865,11.1091,1395,2815.32
30153,-3.3483,-1.1492,11.91,1385,2815.32
30158,-3.0873,1.1791,10.3621,1394,2815.32
30163,1.3982,2.9413,10.2388,1383,2816.11
30168,2.0423,3.0119,10.7081,1389,2816.11
30173,-3.3938,-0.3747,11.995,1387,2816.11
30178,-3.699,0.4968,11.0121,1399,2816.11
30183,0.753,2.8252,9.9264,1397,2815.98
30188,2.0554,3.6021,10.556,1390,2815.98
30193,-2.8958,0.4561,11.789,1385,2815.98
30198,-3.7397,-0.4705,11.3461,1392,2815.98
30203,-0.5483,2.4062,9.7097,1389,2815.32
30208,1.9142,3.5662,10.5429,1393,2815.32
30213,-0.6788,1.2965,11.4144,1389,2815.32
30218,-3.5458,-1.2342,11.7232,1388,2815.32
30223,-2.0746,1.725,9.9742,1387,2815.32
30228,1.5215,3.0777,10.4447,1389,2815.18
30233,1.5862,2.2805,11.0804,1385,2815.18
30238,-3.0406,-1.1013,11.9854,1385,2815.18
30243,-3.7912,1.3036,10.3011,1381,2815.18
30248,1.7609,3.1208,10.1359,1379,2849.68
30253,2.6181,3.0909,10.7428,1383,2849.68
30258,-3.4249,-0.4166,12.2739,1371,2849.68
30263,-4.695,0.5842,10.7224,1377,2849.68
30268,1.2605,2.9389,9.7109,1383,2888.23
30273,2.8347,3.3686,10.5297,1379,2888.23
30278,-3.1975,-0.0168,12.3457,1371,2888.23
30283,-4.974,-0.0575,11.0397,1390,2888.23
30288,0.48,2.7653,9.3242,1365,2910.5
30293,2.7342,3.5159,10.5824,1372,2910.5
30298,-2.4576,0.261,12.1889,1374,2910.5
30303,-5.0769,-0.6117,11.3006,1372,2910.5
30308,-0.322,2.6169,9.1243,1378,2923.12
30313,2.7545,3.5961,10.6063,1379,2923.12
30318,-1.4664,0.5327,12.0644,1367,2923.12
30323,-4.9285,-0.9996,11.6131,1357,2923.12
30328,-1.148,2.4804,9.0285,1384,2930.26
30333,2.7701,3.5817,10.5357,1368,2930.26
30338,-0.3508,0.8212,11.8812,1359,2930.26
30343,-4.7262,-1.2151,11.9016,1371,2930.26
30348,-1.9728,2.3595,9.0429,1373,2933.84
30353,2.7342,3.4884,10.4794,1373,2933.84
30358,0.7602,1.1432,11.728,1370,2933.84
30363,-4.4472,-1.3348,12.2056,1371,2933.84
30368,-2.6959,2.162,9.1315,1375,2935.13
30373,2.636,3.4297,10.3705,1367,2935.13
30378,1.7023,1.5431,11.5688,1379,2935.13
30383,-4.2126,-1.3443,12.408,1365,2935.13
30388,-3.462,1.9477,9.2296,1368,2935.13
30393,2.5786,3.3866,10.2316,1368,2937.86
30398,2.3236,1.9501,11.4156,1369,2937.86
30403,-4.0522,-1.2115,12.5648,1369,2937.86
30408,-4.1156,1.7406,9.4643,1381,2937.86
30413,2.4229,3.2908,10.0796,1369,2938.15
30418,2.7402,2.3116,11.3509,1375,2938.15
30423,-3.9157,-0.9361,12.736,1365,2938.15
30428,-4.5322,1.5227,9.7181,1381,2938.15
30433,2.217,3.2406,9.8258,1367,2939.16
30438,2.9904,2.6971,11.2073,1372,2939.16
30443,-3.6931,-0.7458,12.8281,1367,2939.16
30448,-4.9763,1.2007,10.003,1369,2939.16
30453,1.9393,3.1208,9.657,1367,2939.02
30458,3.14,2.9676,11.0157,1373,2939.02
30463,-3.5374,-0.4956,12.8533,1361,2939.02
30468,-5.1511,0.7877,10.2592,1372,2939.02
30473,1.6041,3.0885,9.4763,1369,2938.73
30478,3.158,3.2298,10.9403,1371,2938.73
30483,-3.2573,-0.1963,12.8281,1365,2938.73
30488,-5.1571,0.4034,10.5141,1374,2938.73
30493,1.0582,2.909,9.2165,1373,2938.01
30498,3.0179,3.3399,10.8146,1379,2938.01
30503,-2.8299,-0.0419,12.7132,1357,2938.01
30508,-5.2936,-0.0982,10.799,1381,2938.01
30513,0.5219,2.7952,9.0812,1371,2937.58
30518,2.8922,3.4955,10.7536,1379,2937.58
30523,-2.3164,0.164,12.5145,1365,2937.58
30528,-5.2613,-0.5267,11.0169,1375,2937.58
30533,-0.1401,2.7354,8.9543,1369,2937.29
30538,2.8359,3.5913,10.7416,1373,2937.29
30543,-1.6568,0.4357,12.3804,1369,2937.29
30548,-5.0996,-0.8092,11.3569,1379,2937.29
30553,-0.8643,2.551,8.9136,1379,2936.86
30558,2.7665,3.6476,10.6698,1374,2936.86
30563,-0.7817,0.6225,12.1063,1362,2936.86
30568,-4.9356,-1.0858,11.7029,1370,2936.86
30573,-1.5933,2.4086,8.8753,1375,2937.0
30578,2.7509,3.6296,10.5943,1371,2937.0
30583,0.1987,0.9469,11.9159,1365,2937.0
30588,-4.7333,-1.2438,11.9315,1375,2937.0
30593,-2.2913,2.2769,8.9148,1369,2936.86
30598,2.7485,3.5231,10.4651,1371,2936.86
30603,1.1396,1.227,11.7711,1367,2936.86
30608,-4.4388,-1.3791,12.2116,1374,2936.86
30613,-2.9951,2.0961,9.1267,1371,2936.86
30618,2.6288,3.4381,10.3358,1375,2936.86
30623,1.8866,1.6113,11.6262,1371,2936.86
30628,-4.2413,-1.3587,12.4295,1369,2936.86
30633,-3.6703,1.9285,9.262,1368,2936.86
30638,2.5163,3.3052,10.1359,1375,2936.86
30643,2.5043,2.0183,11.479,1365,2936.86
30648,-4.0869,-1.1947,12.6258,1371,2936.86
30653,-4.2808,1.7274,9.5313,1379,2936.86
30658,2.3188,3.2753,10.0233,1368,2937.43
30663,2.8575,2.3978,11.2934,1369,2937.43
30668,-3.8571,-0.9972,12.7647,1368,2937.43
30673,-4.695,1.4605,9.7887,1373,2937.43
30678,2.1213,3.2453,9.8198,1369,2937.58
30683,3.0849,2.7138,11.1259,1368,2937.58
30688,-3.6105,-0.65,12.9012,1372,2937.58
30693,-5.0218,1.0989,10.0473,1367,2937.58
30698,1.8256,3.1723,9.5565,1369,2937.43
30703,3.158,3.0191,11.048,1369,2937.43
30708,-3.3232,-0.3915,12.8868,1367,2937.43
30713,-5.205,0.7374,10.3274,1371,2937.43
30718,1.4808,3.0203,9.3374,1377,2937.15
30723,3.128,3.2154,10.9259,1369,2937.15
30728,-3.1029,-0.2023,12.7934,1369,2937.15
30733,-5.2864,0.2406,10.6099,1371,2937.15
30738,0.9266,2.9066,9.1614,1373,2936.71
30743,3.0634,3.4081,10.92,1369,2936.71
30748,-2.7222,0.0156,12.6546,1364,2936.71
30753,-5.2277,-0.1508,10.8505,1383,2936.71
30758,0.3256,2.7809,9.0597,1374,2936.0
30763,2.8455,3.5219,10.7404,1367,2936.0
30768,-2.1895,0.2251,12.463,1375,2936.0
30773,-5.1978,-0.5183,11.133,1368,2936.0
30778,-0.3077,2.7138,8.9388,1379,2935.85
30783,2.8168,3.6583,10.6985,1367,2935.85
30788,-1.4234,0.5423,12.3325,1370,2935.85
30793,-5.0745,-0.8404,11.4503,1367,2935.85
30798,-0.9912,2.5726,8.9519,1380,2935.56
30803,2.7497,3.6452,10.6195,1371,2935.56
30808,-0.498,0.7254,12.074,1365,2935.56
30813,-4.8399,-1.1253,11.6813,1367,2935.56
30818,-1.7142,2.4074,8.9172,1372,2935.71
30823,2.7007,3.5769,10.5536,1371,2935.71
30828,0.4896,1.0331,11.8848,1367,2935.71
30833,-4.5693,-1.318,11.9674,1377,2935.71
30838,-2.4852,2.2122,8.9627,1368,2936.0
30843,2.6731,3.5063,10.4435,1368,2936.0
30848,1.4222,1.33,11.7029,1375,2936.0
30853,-4.3934,-1.3958,12.226,1369,2936.0
30858,-3.1831,2.0327,9.1291,1381,2937.0
30863,2.5414,3.395,10.3549,1365,2937.0
30868,2.1009,1.7083,11.5628,1373,2937.0
30873,-4.227,-1.3288,12.5169,1371,2937.0
30878,-3.8798,1.8639,9.2811,1371,2937.0
30883,2.4696,3.3555,10.1502,1371,2937.43
30888,2.6157,2.1129,11.4012,1371,2937.43
30893,-4.0498,-1.1109,12.6701,1365,2937.43
30898,-4.3323,1.664,9.6486,1379,2937.43
30903,2.2637,3.2681,9.9443,1369,2937.86
30908,2.9197,2.4708,11.2707,1369,2937.86
30913,-3.7649,-0.8487,12.7635,1367,2937.86
30918,-4.8207,1.3707,9.8545,1379,2937.86
30923,2.1069,3.2262,9.663,1365,2937.72
30928,3.1603,2.818,11.1438,1369,2937.72
30933,-3.5195,-0.5459,12.8257,1369,2937.72
30938,-4.9979,0.9828,10.0808,1370,2937.72
30943,1.7621,3.1125,9.5277,1365,2937.29
30948,3.158,3.0622,10.9559,1373,2937.29
30953,-3.2729,-0.3496,12.7946,1367,2937.29
30958,-5.2206,0.5519,10.3609,1372,2937.29
30963,1.2797,2.9963,9.3242,1371,2937.0
30968,3.0933,3.2429,10.8697,1372,2937.0
30973,-2.9497,-0.1269,12.7407,1362,2937.0
30978,-5.3331,0.085,10.6063,1375,2937.0
30983,0.7614,2.9185,9.2009,1369,2936.28
30988,2.9975,3.4105,10.7464,1375,2936.28
30993,-2.6217,0.0634,12.5803,1369,2936.28
30998,-5.3056,-0.2957,10.9607,1373,2936.28
31003,0.1293,2.7569,9.0429,1375,2936.57
31008,2.8383,3.6248,10.7727,1364,2936.57
31013,-2.0135,0.3639,12.3912,1368,2936.57
31018,-5.2553,-0.5962,11.2156,1370,2936.57
31023,-0.492,2.6719,8.9376,1369,2936.43
31028,2.8299,3.7242,10.7284,1375,2936.43
31033,-1.2175,0.6069,12.2056,1367,2936.43
31038,-4.9847,-0.923,11.497,1371,2936.43
31043,-1.148,2.5031,8.9112,1378,2936.28
31048,2.7904,3.6619,10.6255,1372,2936.28
31053,-0.2107,0.7925,12.0213,1365,2936.28
31058,-4.7704,-1.1779,11.7675,1368,2936.28
31063,-1.9201,2.3248,8.916,1373,2936.14
31068,2.7186,3.5255,10.477,1371,2936.14
31073,0.7638,1.0774,11.8369,1370,2936.14
31078,-4.5885,-1.3611,12.05,1373,2936.14
31083,-2.6671,2.1464,9.0321,1372,2936.14
31088,2.66,3.4429,10.3789,1365,2936.14
31093,1.5993,1.4317,11.6466,1374,2936.14
31098,-4.3898,-1.3671,12.2607,1363,2936.14
31103,-3.3734,1.9836,9.1806,1369,2936.14
31108,2.49,3.3399,10.2364,1373,2936.28
31113,2.2194,1.7897,11.497,1369,2936.28
31118,-4.2042,-1.2689,12.5612,1367,2936.28
31123,-3.9828,1.8687,9.4128,1381,2936.28
31128,2.4241,3.3291,10.1442,1369,2935.85
31133,2.7138,2.2757,11.3246,1370,2935.85
31138,-3.9241,-1.0044,12.7372,1365,2935.85
31143,-4.464,1.5766,9.6151,1379,2935.85
31148,2.2039,3.316,9.8857,1371,2936.14
31153,3.0335,2.6109,11.1725,1367,2936.14
31158,-3.626,-0.7374,12.8257,1364,2936.14
31163,-4.8339,1.1971,9.9455,1367,2936.14
31168,1.9764,3.1663,9.6869,1367,2936.0
31173,3.1591,2.8144,11.0756,1374,2936.0
31178,-3.4692,-0.5052,12.7946,1365,2936.0
31183,-5.108,0.7685,10.2185,1373,2936.0
31188,1.6101,3.0299,9.4367,1369,2936.0
31193,3.1017,3.1855,10.9918,1369,2936.0
31198,-3.2513,-0.2622,12.7635,1367,2936.0
31203,-5.1356,0.3783,10.4902,1372,2936.0
31208,1.0642,2.9137,9.256,1375,2935.71
31213,2.9604,3.3567,10.8613,1369,2935.71
31218,-2.8371,-0.0072,12.712,1362,2935.71
31223,-5.2816,-0.0156,10.8038,1379,2935.71
31228,0.5267,2.879,9.1183,1373,2935.85
31233,2.8886,3.5757,10.7524,1369,2935.85
31238,-2.4038,0.2143,12.5109,1371,2935.85
31243,-5.2565,-0.3974,11.0038,1367,2935.85
31248,-0.0503,2.7485,8.9998,1377,2935.71
31253,2.8383,3.6583,10.6566,1369,2935.71
31258,-1.7238,0.4214,12.372,1367,2935.71
31263,-5.0494,-0.741,11.3677,1368,2935.71
31268,-0.8045,2.6432,8.9256,1373,2935.42
31273,2.8,3.6488,10.6398,1372,2935.42
31278,-0.7338,0.656,12.1937,1367,2935.42
31283,-4.865,-1.093,11.625,1365,2935.42
31288,-1.4844,2.3858,8.9052,1367,2935.42
31293,2.7438,3.5853,10.6063,1371,2935.42
31298,0.2478,0.917,11.9207,1369,2935.42
31303,-4.6699,-1.3276,11.9351,1379,2935.42
31308,-2.229,2.2338,8.9878,1375,2935.85
31313,2.5702,3.4943,10.4507,1367,2935.85
31318,1.1049,1.2486,11.7448,1373,2935.85
31323,-4.5286,-1.4222,12.1673,1369,2935.85
31328,-2.982,2.0925,9.0716,1389,2935.56
31333,2.5714,3.4153,10.3872,1367,2935.56
31338,1.8639,1.6568,11.6131,1379,2935.56
31343,-4.2844,-1.3168,12.4295,1367,2935.56
31348,-3.7134,1.968,9.3122,1370,2935.56
31353,2.4876,3.3603,10.173,1367,2935.28
31358,2.4876,2.1045,11.4287,1379,2935.28
31363,-4.0498,-1.1157,12.5887,1363,2935.28
31368,-4.1695,1.725,9.5636,1381,2935.28
31373,2.308,3.2765,9.9671,1366,2935.42
31378,2.9365,2.3906,11.2839,1371,2935.42
31383,-3.7828,-0.9098,12.7348,1367,2935.42
31388,-4.6208,1.3934,9.7887,1372,2935.42
31393,2.0842,3.2394,9.7947,1368,2935.28
31398,3.1005,2.7114,11.0923,1373,2935.28
31403,-3.4512,-0.6823,12.8461,1365,2935.28
31408,-4.9859,0.9744,10.0736,1371,2935.28
31413,1.743,3.0993,9.5349,1368,2935.28
31418,3.1388,2.9951,10.9415,1371,2935.28
31423,-3.3004,-0.3591,12.8245,1363,2935.28
31428,-5.2421,0.5686,10.307,1371,2935.28
31433,1.3408,3.0694,9.3661,1375,2935.56
31438,3.0071,3.3387,10.9559,1371,2935.56
31443,-3.0873,-0.1053,12.7395,1363,2935.56
31448,-5.3139,0.2107,10.6135,1375,2935.56
31453,0.8368,2.9102,9.1662,1367,2935.71
31458,2.976,3.4872,10.8469,1375,2935.71
31463,-2.6552,0.1018,12.5636,1364,2935.71
31468,-5.2768,-0.1652,10.9379,1373,2935.71
31473,0.2454,2.8311,9.0405,1376,2936.28
31478,2.9461,3.6045,10.7895,1375,2936.28
31483,-2.0219,0.2957,12.4103,1367,2936.28
31488,-5.1607,-0.5842,11.1941,1373,2936.28
31493,-0.3831,2.6647,8.9603,1372,2936.71
31498,2.8659,3.65,10.6159,1379,2936.71
31503,-1.2282,0.5291,12.2523,1364,2936.71
31508,-5.0123,-0.9661,11.4467,1364,2936.71
31513,-1.1073,2.484,8.9232,1369,2937.15
31518,2.794,3.6284,10.5931,1373,2937.15
31523,-0.2418,0.7649,12.1123,1367,2937.15
31528,-4.8554,-1.2725,11.7076,1371,2937.15
31533,-1.8663,2.3475,8.9172,1379,2937.29
31538,2.6947,3.5219,10.5812,1374,2937.29
31543,0.6309,1.0187,11.886,1367,2937.29
31548,-4.6543,-1.4425,11.9985,1375,2937.29
31553,-2.6001,2.1835,9.0297,1381,2937.58
31558,2.6288,3.4919,10.4722,1365,2937.58
31563,1.4305,1.4126,11.6502,1375,2937.58
31568,-4.4185,-1.3671,12.2775,1367,2937.58
31573,-3.3208,2.0746,9.1602,1369,2937.58
31578,2.5738,3.4441,10.3118,1371,2937.15
31583,2.15,1.8783,11.5317,1365,2937.15
31588,-4.1958,-1.257,12.5229,1351,2937.15
31593,-3.8666,1.8747,9.3649,1375,2937.15
31598,2.4253,3.3926,10.1131,1368,2936.57
31603,2.7078,2.2098,11.3497,1371,2936.57
31608,-3.9325,-1.0235,12.6689,1368,2936.57
31613,-4.3562,1.5694,9.6223,1369,2936.57
31618,2.2829,3.2777,9.9347,1364,2936.28
31623,2.9939,2.5474,11.2049,1369,2936.28
31628,-3.6212,-0.838,12.8006,1373,2936.28
31633,-4.798,1.2498,9.8988,1368,2936.28
31638,2.0399,3.1436,9.6618,1369,2935.85
31643,3.1448,2.8563,11.0456,1371,2935.85
31648,-3.5314,-0.6369,12.797,1363,2935.85
31653,-5.102,0.8906,10.1837,1371,2935.85
31658,1.6843,3.073,9.5445,1379,2935.71
31663,3.0646,3.0885,10.9068,1369,2935.71
31668,-3.3411,-0.322,12.7707,1367,2935.71
31673,-5.211,0.4932,10.4399,1369,2935.71
31678,1.154,3.0095,9.3302,1372,2935.56
31683,2.9293,3.389,10.805,1368,2935.56
31688,-2.9281,-0.0467,12.7647,1363,2935.56
31693,-5.3091,0.0934,10.738,1377,2935.56
31698,0.662,2.903,9.1494,1382,2935.56
31703,2.9856,3.571,10.7739,1371,2935.56
31708,-2.4373,0.2203,12.5743,1372,2935.56
31713,-5.2194,-0.3591,10.999,1367,2935.56
31718,0.1006,2.7713,8.9783,1375,2935.42
31723,2.9317,3.6536,10.7595,1368,2935.42
31728,-1.7921,0.3376,12.3397,1367,2935.42
31733,-5.0506,-0.7374,11.3066,1368,2935.42
31738,-0.6141,2.5606,8.843,1375,2935.56
31743,2.8323,3.6272,10.653,1374,2935.56
31748,-0.8655,0.6009,12.1769,1368,2935.56
31753,-4.944,-1.1217,11.5269,1369,2935.56
31758,-1.3408,2.3786,8.8502,1372,2935.42
31763,2.7294,3.5853,10.6147,1369,2935.42
31768,-0.0251,0.8703,11.9435,1367,2935.42
31773,-4.7669,-1.2809,11.8166,1377,2935.42
31778,-2.0411,2.2865,9.0034,1374,2935.28
31783,2.5917,3.5518,10.4651,1365,2935.28
31788,0.9074,1.2498,11.807,1371,2935.28
31793,-4.5095,-1.3527,12.1159,1368,2935.28
31798,-2.9054,2.1991,9.1028,1382,2935.56
31803,2.6109,3.4608,10.4076,1369,2935.56
31808,1.8088,1.6113,11.6466,1373,2935.56
31813,-4.2976,-1.3084,12.3469,1369,2935.56
31818,-3.5003,1.9632,9.2787,1369,2935.56
31823,2.5067,3.3962,10.2149,1369,2936.43
31828,2.4241,1.9477,11.4479,1378,2936.43
31833,-4.0235,-1.2079,12.6067,1363,2936.43
31838,-4.1635,1.7154,9.4882,1381,2936.43
31843,2.4157,3.3208,10.0269,1368,2938.3
31848,2.891,2.3092,11.3006,1370,2938.3
31853,-3.7828,-0.9852,12.7946,1367,2938.3
31858,-4.6663,1.4533,9.7013,1373,2938.3
31863,2.2254,3.2525,9.821,1367,2939.3
31868,3.0969,2.642,11.1821,1369,2939.3
31873,-3.6536,-0.7254,12.8245,1364,2939.3
31878,-4.9931,1.1301,9.9347,1371,2939.3
31883,1.9489,3.1256,9.5756,1364,2940.17
31888,3.128,2.9305,11.0289,1375,2940.17
31893,-3.4429,-0.5076,12.8892,1365,2940.17
31898,-5.199,0.7649,10.2795,1372,2940.17
31903,1.482,3.0694,9.3637,1373,2941.03
31908,3.1316,3.14,10.9487,1369,2941.03
31913,-3.3004,-0.1939,12.8138,1358,2941.03
31918,-5.3247,0.4154,10.5453,1375,2941.03
31923,1.0606,2.9772,9.2308,1373,2942.04
31928,3.1041,3.3782,10.8122,1371,2942.04
31933,-2.8264,-0.0048,12.7419,1363,2942.04
31938,-5.3522,0.0239,10.7105,1383,2942.04
31943,0.6249,2.8718,9.086,1375,2942.91
31948,3.0969,3.5446,10.7464,1359,2942.91
31953,-2.4505,0.2263,12.6198,1369,2942.91
31958,-5.302,-0.3807,10.9798,1367,2942.91
31963,0.0814,2.7102,8.9759,1375,2943.2
31968,2.9916,3.553,10.653,1371,2943.2
31973,-1.834,0.346,12.3816,1367,2943.2
31978,-5.0865,-0.747,11.2623,1365,2943.2
31983,-0.486,2.6085,8.855,1373,2944.5
31988,2.8108,3.5961,10.6877,1371,2944.5
31993,-1.063,0.5136,12.2044,1367,2944.5
31998,-5.0554,-1.0295,11.4982,1369,2944.5
32003,-1.1444,2.496,8.7736,1367,2944.35
32008,2.788,3.6368,10.5896,1365,2944.35
32013,-0.2861,0.7853,12.0572,1369,2944.35
32018,-4.9321,-1.2091,11.7783,1374,2944.35
32023,-1.7921,2.3822,8.8717,1369,2943.63
32028,2.721,3.5817,10.5584,1368,2943.63
32033,0.5399,1.0427,11.9231,1365,2943.63
32038,-4.7226,-1.3168,12.0225,1371,2943.63
32043,-2.5175,2.2996,8.9842,1373,2942.19
32048,2.6875,3.5398,10.4028,1366,2942.19
32053,1.3958,1.3527,11.7867,1373,2942.19
32058,-4.464,-1.3671,12.2547,1367,2942.19
32063,-3.1675,2.0818,9.1339,1369,2942.19
32068,2.6456,3.4477,10.2604,1363,2941.03
32073,2.083,1.6676,11.6095,1368,2941.03
32078,-4.2485,-1.2773,12.4439,1370,2941.03
32083,-3.7828,1.9213,9.244,1373,2941.03
32088,2.5642,3.3902,10.167,1370,2940.02
32093,2.5881,2.0387,11.4,1371,2940.02
32098,-4.0199,-1.1432,12.6797,1368,2940.02
32103,-4.1719,1.6281,9.4918,1373,2940.02
32108,2.3116,3.2908,9.9371,1369,2940.02
32113,2.9018,2.3774,11.2396,1366,2940.02
32118,-3.7158,-0.9708,12.8305,1375,2940.02
32123,-4.7657,1.3791,9.7935,1363,2940.02
32128,2.1153,3.2789,9.8438,1368,2941.18
32133,3.067,2.7031,11.1893,1371,2941.18
32138,-3.6607,-0.7159,12.8509,1365,2941.18
32143,-4.9991,1.0774,10.0209,1367,2941.18
32148,1.8435,3.1328,9.5074,1377,2941.32
32153,3.1053,3.0155,11.0516,1371,2941.32
32158,-3.4321,-0.4561,12.8233,1358,2941.32
32163,-5.2421,0.7446,10.3154,1379,2941.32
32168,1.4377,3.0526,9.3314,1399,2941.18
32173,3.1556,3.2046,10.9451,1368,2941.18
32178,-3.1232,-0.1987,12.7898,1364,2941.18
32183,-5.3522,0.3615,10.5632,1371,2941.18
32188,1.0666,3.0023,9.1949,1369,2941.18
32193,3.0969,3.4417,10.8637,1373,2941.18
32198,-2.8072,0.018,12.7024,1365,2941.18
32203,-5.2182,-0.0706,10.805,1373,2941.18
32208,0.5495,2.8455,9.0824,1381,2940.89
32213,2.9413,3.5171,10.7308,1367,2940.89
32218,-2.223,0.2119,12.5648,1373,2940.89
32223,-5.2613,-0.486,11.0456,1367,2940.89
32228,-0.0359,2.7282,8.8562,1369,2940.74
32233,2.8886,3.5745,10.7476,1373,2940.74
32238,-1.664,0.3891,12.3708,1367,2940.74
32243,-5.1583,-0.8847,11.3306,1365,2940.74
32248,-0.6644,2.5893,8.8609,1379,2941.32
32253,2.8299,3.6583,10.6781,1371,2941.32
32258,-0.9002,0.644,12.1578,1370,2941.32
32263,-5.0075,-1.1145,11.6406,1367,2941.32
32268,-1.3922,2.4337,8.8741,1373,2942.19
32273,2.7509,3.6595,10.6434,1373,2942.19
32278,0.0215,0.8452,11.9447,1369,2942.19
32283,-4.8147,-1.2605,11.8812,1373,2942.19
32288,-2.0291,2.3415,8.8705,1371,2942.91
32293,2.7485,3.6524,10.4986,1366,2942.91
32298,0.8392,1.1744,11.8262,1373,2942.91
32303,-4.6076,-1.3731,12.1637,1367,2942.91
32308,-2.721,2.1979,9.007,1375,2943.05
32313,2.7138,3.5398,10.3537,1367,2943.05
32318,1.6305,1.4976,11.6717,1379,2943.05
32323,-4.4101,-1.3647,12.3804,1371,2943.05
32328,-3.2956,2.0171,9.1447,1368,2943.05
32333,2.5845,3.4189,10.2436,1375,2943.63
32338,2.2075,1.8196,11.5784,1374,2943.63
32343,-4.2377,-1.3084,12.6043,1367,2943.63
32348,-3.8642,1.8519,9.329,1383,2943.63
32353,2.5307,3.4081,10.0952,1368,2945.07
32358,2.6588,2.144,11.4179,1370,2945.07
32363,-4.0462,-1.1576,12.7024,1364,2945.07
32368,-4.4388,1.6257,9.4774,1379,2945.07
32373,2.3379,3.3327,9.9671,1359,2946.09
32378,2.964,2.4672,11.2707,1367,2946.09
32383,-3.8487,-0.905,12.8772,1368,2946.09
32388,-4.8375,1.3815,9.7336,1369,2946.09
32393,2.1392,3.2274,9.7336,1366,2945.8
32398,3.1304,2.7545,11.1151,1371,2945.8
32403,-3.6859,-0.668,12.9107,1363,2945.8
32408,-5.0661,1.0882,10.0209,1372,2945.8
32413,1.8651,3.1759,9.5361,1369,2945.65
32418,3.1627,3.0107,11.0516,1373,2945.65
32423,-2.545,0.1269,12.5791,1365,2945.65
32428,-5.2852,0.7434,10.2843,1372,2945.65
32433,0.3112,2.7797,8.9016,1373,2945.65
32438,3.2034,3.2046,10.9451,1368,2945.65
32443,-2.0351,0.2298,12.4834,1357,2945.65
32448,-5.2744,0.3567,10.4878,1371,2945.65
32453,-0.2634,2.6612,8.8837,1369,2945.36
32458,2.8671,3.6057,10.6614,1373,2945.36
32463,-1.3719,0.4681,12.3565,1363,2945.36
32468,-5.12,-0.9242,11.3904,1382,2945.36
32473,-0.9529,2.5893,8.8322,1364,2943.77
32478,2.7892,3.6392,10.5919,1369,2943.77
32483,-0.5842,0.7099,12.1985,1365,2943.77
32488,-4.968,-1.1696,11.6921,1369,2943.77
32493,-1.5838,2.4708,8.8562,1373,2942.04
32498,2.7701,3.644,10.5477,1373,2942.04
32503,0.2753,0.9529,11.9435,1365,2942.04
32508,-4.7692,-1.318,11.9076,1374,2942.04
32513,-2.2877,2.2829,8.8705,1371,2941.03
32518,2.7066,3.5865,10.4663,1371,2941.03
32523,1.0822,1.2821,11.8262,1367,2941.03
32528,-4.5322,-1.3539,12.2164,1369,2941.03
32533,-2.9568,2.1739,9.0381,1365,2939.45
32538,2.6887,3.547,10.3166,1371,2939.45
32543,1.9046,1.6496,11.5867,1365,2939.45
32548,-4.3072,-1.318,12.4032,1379,2939.45
32553,-3.5099,1.8938,9.2344,1367,2940.17
32558,2.5546,3.3986,10.1873,1369,2940.17
32563,2.4289,1.9345,11.5101,1369,2940.17
32568,-4.027,-1.2438,12.5612,1369,2940.17
32573,-4.142,1.6903,9.4679,1378,2938.87
32578,2.4241,3.2729,9.9695,1365,2938.87
32583,2.8551,2.326,11.3138,1373,2938.87
32588,-3.9025,-1.0798,12.7252,1371,2938.87
32593,-4.5645,1.4593,9.7025,1368,2938.87
32598,2.1847,3.2262,9.8174,1379,2938.3
32603,3.0275,2.6372,11.1773,1372,2938.3
32608,-3.6751,-0.7566,12.8186,1366,2938.3
32613,-4.9249,1.1516,9.9575,1381,2938.3
32618,1.883,3.1807,9.6474,1368,2938.15
32623,3.0706,2.9916,11.0038,1367,2938.15
32628,-3.4943,-0.4764,12.876,1358,2938.15
32633,-5.0865,0.7997,10.2759,1372,2938.15
32638,1.5143,3.055,9.4475,1373,2937.86
32643,3.049,3.1975,10.8996,1365,2937.86
32648,-3.1352,-0.2143,12.8293,1369,2937.86
32653,-5.3199,0.3663,10.5381,1368,2937.86
32658,1.1325,2.9784,9.2141,1368,2937.86
32663,3.0742,3.4704,10.811,1371,2937.86
32668,-2.8599,0.0419,12.6294,1367,2937.86
32673,-5.266,-0.1018,10.829,1368,2937.86
32678,0.583,2.7904,9.019,1375,2937.58
32683,2.9329,3.5219,10.7739,1371,2937.58
32688,-2.296,0.2083,12.5001,1357,2937.58
32693,-5.2182,-0.5243,11.0804,1375,2937.58
32698,-0.0658,2.6863,8.9507,1371,2936.71
32703,2.8754,3.6212,10.7571,1371,2936.71
32708,-1.6328,0.3962,12.299,1365,2936.71
32713,-5.0829,-0.8392,11.3449,1375,2936.71
32718,-0.7626,2.5438,8.8801,1379,2937.58
32723,2.7306,3.6045,10.6638,1365,2937.58
32728,-0.7458,0.6369,12.1877,1373,2937.58
32733,-4.9225,-1.1313,11.6861,1372,2937.58
32738,-1.5299,2.4529,8.9435,1381,2937.15
32743,2.6671,3.6284,10.5668,1375,2937.15
32748,0.2059,0.9768,11.9471,1367,2937.15
32753,-4.7238,-1.3288,11.9076,1371,2937.15
32758,-2.2637,2.302,8.9196,1381,2937.0
32763,2.7521,3.6021,10.5453,1371,2937.0
32768,1.1193,1.3001,11.7627,1368,2937.0
32773,-4.4688,-1.3755,12.1554,1369,2937.0
32778,-2.9221,2.1296,9.0465,1379,2936.86
32783,2.6803,3.4967,10.3896,1371,2936.86
32788,1.8866,1.658,11.5436,1369,2936.86
32793,-4.221,-1.3491,12.4774,1373,2936.86
32798,-3.6069,1.8687,9.2177,1381,2936.86
32803,2.5786,3.3639,10.2208,1367,2936.86
32808,2.5187,1.986,11.4371,1382,2936.86
32813,-4.1108,-1.2186,12.6641,1356,2936.86
32818,-4.221,1.6496,9.5325,1373,2936.86
32823,2.3691,3.2944,10.0126,1365,2936.86
32828,2.8491,2.3774,11.2348,1373,2936.86
32833,-3.8547,-0.972,12.7419,1371,2936.86
32838,-4.7274,1.4341,9.8474,1373,2936.86
32843,2.138,3.2118,9.8067,1370,2937.0
32848,3.0239,2.7461,11.2085,1373,2937.0
32853,-3.7134,-0.6608,12.8724,1364,2937.0
32858,-4.9752,1.1277,10.0497,1381,2937.0
32863,1.8435,3.1711,9.5708,1366,2937.0
32868,3.1101,3.0406,10.9882,1371,2937.0
32873,-3.4608,-0.3986,12.8581,1365,2937.0
32878,-5.0446,0.7566,10.319,1371,2937.0
32883,1.4461,3.043,9.4415,1367,2936.86
32888,3.0837,3.2657,10.8505,1368,2936.86
32893,-3.1268,-0.1221,12.7982,1359,2936.86
32898,-5.1811,0.2717,10.6231,1373,2936.86
32903,0.9158,2.9568,9.2105,1371,2936.71
32908,2.958,3.4213,10.7488,1371,2936.71
32913,-2.6588,0.0443,12.6665,1363,2936.71
32918,-5.223,-0.2346,10.902,1377,2936.71
32923,0.3448,2.7677,8.9938,1373,2936.43
32928,2.8754,3.5291,10.7847,1371,2936.43
32933,-2.1883,0.2442,12.4642,1363,2936.43
32938,-5.1739,-0.6213,11.1594,1383,2936.43
32943,-0.2801,2.6121,8.9268,1371,2936.14
32948,2.7557,3.6272,10.6949,1371,2936.14
32953,-1.4353,0.4752,12.3122,1366,2936.14
32958,-5.0817,-0.9194,11.4539,1373,2936.14
32963,-0.9792,2.5498,8.9232,1375,2935.85
32968,2.7138,3.6619,10.6518,1371,2935.85
32973,-0.5315,0.7326,12.0967,1368,2935.85
32978,-4.8842,-1.1516,11.7567,1373,2935.85
32983,-1.7202,2.411,8.9519,1372,2935.71
32988,2.7461,3.6464,10.4567,1367,2935.71
32993,0.4561,1.1157,11.9088,1368,2935.71
32998,-4.6507,-1.3204,11.9495,1371,2935.71
33003,-2.4744,2.223,9.0417,1368,2935.71
33008,2.6468,3.4812,10.4411,1371,2935.71
33013,1.3683,1.3982,11.74,1365,2935.71
33018,-4.3658,-1.3695,12.1602,1373,2935.71
33023,-3.1364,2.0171,9.1638,1373,2936.43
33028,2.5953,3.4237,10.307,1371,2936.43
33033,2.1296,1.7825,11.5197,1369,2936.43
33038,-4.1647,-1.3431,12.4953,1372,2936.43
33043,-3.7601,1.8316,9.3853,1379,2936.71
33048,2.4445,3.3447,10.137,1371,2936.71
33053,2.5654,2.1213,11.2982,1374,2936.71
33058,-4.0007,-1.0977,12.6713,1370,2936.71
33063,-4.379,1.6101,9.645,1369,2936.71
33068,2.2494,3.2968,10.0078,1377,2937.15
33073,2.8994,2.5103,11.2372,1365,2937.15
33078,-3.8068,-0.8511,12.7707,1367,2937.15
33083,-4.7345,1.3683,9.8737,1380,2937.15
33088,2.0578,3.2238,9.7252,1371,2937.43
33093,3.0981,2.8587,11.1235,1368,2937.43
33098,-3.5614,-0.5315,12.8509,1367,2937.43
33103,-5.0853,0.9912,10.1873,1372,2937.43
33108,1.7418,3.1436,9.4786,1368,2937.29
33113,3.1891,3.1268,10.9439,1369,2937.29
33118,-3.3208,-0.2777,12.7707,1368,2937.29
33123,-5.2086,0.5471,10.4028,1367,2937.29
33128,1.3491,2.9688,9.3242,1367,2936.86
33133,3.1149,3.2992,10.8804,1373,2936.86
33138,-2.9676,-0.1353,12.7982,1365,2936.86
33143,-5.2996,0.1041,10.6674,1363,2936.86
33148,0.7793,2.8515,9.1004,1379,2936.57
33153,2.9389,3.4776,10.7715,1368,2936.57
33158,-2.5618,0.1365,12.6222,1365,2936.57
33163,-5.3127,-0.3938,10.9475,1369,2936.57
33168,0.1065,2.7665,9.0285,1373,2936.0
33173,2.824,3.5829,10.6997,1370,2936.0
33178,-1.9549,0.3256,12.4068,1364,2936.0
33183,-5.1918,-0.7039,11.2851,1371,2936.0
33188,-0.5267,2.6432,8.9064,1378,2936.0
33193,2.7354,3.6607,10.7332,1367,2936.0
33198,-1.1636,0.5471,12.1613,1374,2936.0
33203,-4.956,-1.0127,11.5317,1370,2936.0
33208,-1.2103,2.5247,8.9076,1371,2935.85
33213,2.7629,3.717,10.659,1368,2935.85
33218,-0.1832,0.8619,12.0081,1369,2935.85
33223,-4.7405,-1.2462,11.8202,1369,2935.85
33228,-1.9716,2.2984,8.9004,1379,2936.14
33233,2.733,3.6164,10.5153,1375,2936.14
33238,0.8128,1.1193,11.7531,1368,2936.14
33243,-4.5454,-1.3767,12.0668,1368,2936.14
33248,-2.6588,2.1488,9.0273,1371,2936.43
33253,2.6193,3.4596,10.392,1371,2936.43
33258,1.6185,1.4676,11.631,1367,2936.43
33263,-4.3407,-1.385,12.3493,1375,2936.43
33268,-3.4297,1.9812,9.2225,1371,2936.43
33273,2.5115,3.3674,10.2472,1358,2936.43
33278,2.2889,1.8615,11.4862,1373,2936.43
33283,-4.1551,-1.3264,12.5444,1359,2936.43
33288,-4.0079,1.7597,9.4391,1375,2936.71
33293,2.4146,3.3088,10.0688,1367,2936.71
33298,2.6803,2.2541,11.3222,1375,2936.71
33303,-3.8918,-1.002,12.7659,1367,2936.71
33308,-4.5406,1.5694,9.6259,1373,2936.71
33313,2.2505,3.2693,9.9264,1369,2937.58
33318,3.0155,2.6288,11.1797,1378,2937.58
33323,-3.6955,-0.7506,12.8652,1363,2937.58
33328,-4.9297,1.1696,9.9288,1385,2937.58
33333,1.9848,3.2298,9.7049,1367,2937.72
33338,3.1316,2.9125,11.0109,1369,2937.72
33343,-3.4776,-0.4729,12.8617,1371,2937.72
33348,-5.1128,0.7817,10.2077,1372,2937.72
33353,1.6412,3.0993,9.432,1363,2937.72
33358,3.1292,3.1304,10.9571,1371,2937.72
33363,-3.1843,-0.3053,12.8102,1367,2937.72
33368,-5.205,0.3603,10.4758,1370,2937.72
33373,1.1396,2.9473,9.2093,1363,2937.72
33378,3.0598,3.3591,10.8266,1373,2937.72
33383,-2.9173,-0.1018,12.7072,1365,2937.72
33388,-5.2924,-0.0335,10.7859,1373,2937.72
33393,0.5938,2.8216,9.1063,1371,2937.58
33398,2.8874,3.5195,10.7344,1370,2937.58
33403,-2.3978,0.1508,12.5684,1361,2937.58
33408,-5.2828,-0.419,11.0361,1372,2937.58
33413,-0.0108,2.7426,8.9687,1367,2937.43
33418,2.8192,3.6547,10.671,1375,2937.43
33423,-1.7597,0.3915,12.4331,1363,2937.43
33428,-5.1296,-0.7661,11.3018,1373,2937.43
33433,-0.668,2.6097,8.9184,1373,2937.43
33438,2.8287,3.6775,10.6075,1373,2937.43
33443,-0.911,0.6249,12.1745,1367,2937.43
33448,-4.9344,-1.0678,11.5808,1371,2937.43
33453,-1.3348,2.4361,8.8346,1379,2937.15
33458,2.8012,3.6368,10.5608,1379,2937.15
33463,0.0383,0.9038,11.9614,1366,2937.15
33468,-4.6962,-1.2977,11.8681,1370,2937.15
33473,-2.0578,2.2565,8.9124,1379,2937.15
33478,2.733,3.5542,10.4962,1365,2937.15
33483,0.9553,1.136,11.7256,1367,2937.15
33488,-4.5238,-1.4042,12.129,1373,2937.15
33493,-2.8048,2.0949,9.1135,1377,2936.86
33498,2.5833,3.4177,10.3825,1373,2936.86
33503,1.7047,1.5407,11.643,1368,2936.86
33508,-4.3024,-1.397,12.3708,1379,2936.86
33513,-3.5518,1.9525,9.2955,1375,2936.71
33518,2.4576,3.3603,10.2244,1368,2936.71
33523,2.3224,1.9525,11.4778,1375,2936.71
33528,-4.063,-1.2175,12.5372,1369,2936.71
33533,-4.1192,1.7561,9.5002,1369,2936.71
33538,2.3703,3.3339,10.0257,1372,2936.43
33543,2.8012,2.3643,11.3126,1367,2936.43
33548,-3.8678,-0.9589,12.7527,1373,2936.43
33553,-4.5993,1.5036,9.7695,1383,2936.43
33558,2.2158,3.2429,9.8617,1373,2936.28
33563,3.0933,2.6863,11.1606,1371,2936.28
33568,-3.62,-0.68,12.8808,1371,2936.28
33573,-4.9392,1.0942,9.979,1379,2936.28
33578,1.8938,3.1615,9.6486,1369,2936.0
33583,3.1268,2.9521,10.9666,1367,2936.0
33588,-3.3591,-0.4405,12.7982,1371,2936.0
33593,-5.1727,0.7207,10.2568,1369,2936.0
33598,1.5179,3.0323,9.4008,1368,2935.85
33603,3.1352,3.1903,10.8769,1371,2935.85
33608,-3.1544,-0.1891,12.7419,1365,2935.85
33613,-5.2493,0.2693,10.5824,1374,2935.85
33618,1.002,2.9389,9.2596,1379,2935.71
33623,3.0155,3.4345,10.8242,1369,2935.71
33628,-2.7641,0.0347,12.6198,1366,2935.71
33633,-5.2948,-0.1269,10.9056,1371,2935.71
33638,0.4298,2.8,9.0513,1379,2935.71
33643,2.9018,3.6117,10.7631,1373,2935.71
33648,-2.2649,0.2286,12.4199,1367,2935.71
33653,-5.2265,-0.5267,11.1402,1383,2935.71
33658,-0.1939,2.7186,8.9866,1381,2935.85
33663,2.9113,3.6919,10.6303,1378,2935.85
33668,-1.4856,0.5231,12.2846,1373,2935.85
33673,-5.0542,-0.8571,11.4299,1367,2935.85
33678,-0.8918,2.5211,8.9507,1379,2935.85
33683,2.8204,3.6847,10.6015,1371,2935.85
33688,-0.5794,0.7099,12.0787,1372,2935.85
33693,-4.8399,-1.1779,11.6598,1369,2935.85
33698,-1.6053,2.3846,8.9423,1381,2936.14
33703,2.7043,3.5805,10.5034,1372,2936.14
33708,0.4369,0.9888,11.8812,1371,2936.14
33713,-4.6687,-1.3467,11.9973,1371,2936.14
33718,-2.3619,2.2386,9.0022,1373,2935.85
33723,2.6264,3.5123,10.4339,1373,2935.85
33728,1.2151,1.3539,11.7029,1366,2935.85
33733,-4.4807,-1.3719,12.2643,1381,2935.85
33738,-3.1125,2.0662,9.1303,1380,2937.43
33743,2.5726,3.4261,10.3681,1369,2937.43
33748,1.992,1.7633,11.5317,1371,2937.43
33753,-4.2545,-1.2989,12.4451,1368,2937.43
33758,-3.8128,1.9106,9.3565,1373,2936.71
33763,2.4828,3.3495,10.1825,1365,2936.71
33768,2.5534,2.1632,11.394,1381,2936.71
33773,-3.9863,-1.075,12.6713,1369,2936.71
33778,-4.2952,1.6532,9.6462,1368,2936.71
33783,2.3822,3.2813,9.9635,1374,2936.28
33788,2.9461,2.478,11.242,1375,2936.28
33793,-3.7493,-0.8416,12.7802,1363,2936.28
33798,-4.6902,1.3132,9.8593,1383,2936.28
33803,2.0949,3.1963,9.7372,1367,2936.71
33808,3.1256,2.7809,11.0804,1373,2936.71
33813,-3.5614,-0.6404,12.8593,1365,2936.71
33818,-4.9835,0.9325,10.1155,1373,2936.71
33823,1.7609,3.1101,9.5852,1365,2936.0
33828,3.0885,3.0706,10.9642,1371,2936.0
33833,-3.3327,-0.3711,12.8305,1367,2936.0
33838,-5.1727,0.5219,10.4291,1371,2936.0
33843,1.2917,3.0011,9.3661,1368,2935.85
33848,2.9856,3.2896,10.8386,1372,2935.85
33853,-3.0143,-0.0874,12.7922,1365,2935.85
33858,-5.2601,0.1233,10.72,1371,2935.85
33863,0.7673,2.8994,9.1866,1373,2935.71
33868,2.9592,3.4979,10.7524,1370,2935.71
33873,-2.6264,0.1053,12.5684,1363,2935.71
33878,-5.2852,-0.2933,11.0145,1374,2935.71
33883,0.2107,2.7821,9.0333,1368,2935.71
33888,2.9473,3.6129,10.72,1372,2935.71
33893,-1.9752,0.3448,12.4151,1366,2935.71
33898,-5.1451,-0.6452,11.3078,1375,2935.71
33903,-0.4537,2.5845,8.9807,1381,2935.85
33908,2.873,3.6703,10.6303,1369,2935.85
33913,-1.1241,0.5698,12.1458,1369,2935.85
33918,-4.9404,-1.0044,11.5508,1372,2935.85
33923,-1.1516,2.4181,8.9352,1368,2936.28
33928,2.7725,3.6392,10.6315,1379,2936.28
33933,-0.2215,0.7889,12.0452,1367,2936.28
33938,-4.7812,-1.2294,11.7699,1371,2936.28
33943,-1.9417,2.3008,8.9543,1373,2936.43
33948,2.6504,3.559,10.4639,1371,2936.43
33953,0.7219,1.1325,11.8393,1367,2936.43
33958,-4.6052,-1.4078,12.0153,1375,2936.43
33963,-2.7234,2.156,9.0812,1378,2936.57
33968,2.551,3.4848,10.3741,1371,2936.57
33973,1.5574,1.5036,11.6646,1369,2936.57
33978,-4.3263,-1.4042,12.3206,1375,2936.57
33983,-3.3698,1.98,9.2536,1372,2936.28
33988,2.5474,3.383,10.2903,1368,2936.28
33993,2.2901,1.895,11.4934,1379,2936.28
33998,-4.1228,-1.2198,12.5971,1365,2936.28
34003,-3.9887,1.7873,9.5301,1368,2936.28
34008,2.4241,3.3842,10.076,1371,2936.0
34013,2.7593,2.235,11.3294,1366,2936.0
34018,-3.8966,-1.0439,12.6773,1367,2936.0
34023,-4.5011,1.5311,9.7001,1375,2936.0
34028,2.2781,3.2717,9.9,1369,2935.42
34033,3.0335,2.6264,11.151,1370,2935.42
34038,-3.7002,-0.7542,12.7635,1371,2935.42
34043,-4.8231,1.1564,9.9862,1379,2935.42
34048,1.9728,3.1412,9.6271,1369,2935.85
34053,3.0921,2.9149,11.0253,1365,2935.85
34058,-3.4309,-0.4992,12.8066,1371,2935.85
34063,-5.1404,0.7877,10.2771,1372,2935.85
34068,1.5897,3.0287,9.4427,1368,2936.14
34073,3.1149,3.1771,10.9355,1370,2936.14
34078,-3.207,-0.2789,12.7455,1363,2936.14
34083,-5.2349,0.3986,10.5082,1369,2936.14
34088,1.1217,2.9245,9.2931,1379,2936.71
34093,3.0598,3.3962,10.8338,1372,2936.71
34098,-2.8587,0.0024,12.6103,1367,2936.71
34103,-5.2864,0.0168,10.7919,1373,2936.71
34108,0.5207,2.8383,9.1722,1375,2936.71
34113,2.9568,3.5554,10.7033,1369,2936.71
34118,-2.3643,0.2322,12.5277,1365,2936.71
34123,-5.205,-0.401,11.0816,1379,2936.71
34128,-0.0263,2.7677,8.9962,1375,2936.71
34133,2.8886,3.6703,10.6506,1368,2936.71
34138,-1.6855,0.395,12.2966,1374,2936.71
34143,-5.0506,-0.8116,11.3377,1365,2936.71
34148,-0.7159,2.6109,8.9172,1379,2936.43
34153,2.8216,3.6643,10.6626,1369,2936.43
34158,-0.8092,0.6189,12.0943,1374,2936.43
34163,-4.9057,-1.1109,11.6203,1369,2936.43
34168,-1.4473,2.3954,8.8813,1379,2936.43
34173,2.7174,3.5877,10.5931,1373,2936.43
34178,0.1341,0.8871,11.9195,1369,2936.43
34183,-4.7357,-1.3396,11.8728,1367,2936.43
34188,-2.247,2.3116,8.9938,1381,2936.43
34193,2.6264,3.5123,10.483,1377,2936.43
34198,1.0511,1.245,11.7615,1368,2936.43
34203,-4.5071,-1.3695,12.1578,1379,2936.43
34208,-2.9497,2.1129,9.1159,1375,2936.71
34213,2.5319,3.4536,10.3382,1370,2936.71
34218,1.8806,1.6616,11.6298,1373,2936.71
34223,-4.2713,-1.3144,12.3864,1369,2936.71
34228,-3.6164,1.9644,9.3278,1375,2936.71
34233,2.545,3.3758,10.2376,1375,2936.71
34238,2.5031,1.9944,11.394,1375,2936.71
34243,-4.0306,-1.1744,12.6031,1369,2936.71
34248,-4.2054,1.7107,9.487,1368,2936.71
34253,2.3727,3.3088,10.0317,1374,2936.14
34258,2.8623,2.3487,11.2504,1373,2936.14
34263,-3.784,-0.9242,12.8233,1367,2936.14
34268,-4.6136,1.3671,9.7444,1381,2936.14
34273,2.1045,3.2549,9.7911,1368,2936.71
34278,3.0586,2.7031,11.0744,1369,2936.71
34283,-3.5733,-0.6919,12.8233,1366,2936.71
34288,-5.017,1.0642,10.0185,1372,2936.71
34293,1.8495,3.1196,9.6127,1371,2936.43
34298,3.0885,2.982,11.0073,1389,2936.43
34303,-3.4141,-0.4298,12.8425,1369,2936.43
34308,-5.1739,0.6345,10.3573,1371,2936.43
34313,1.4473,2.982,9.3338,1370,2936.57
34318,3.0682,3.2717,10.8721,1375,2936.57
34323,-3.122,-0.1437,12.7635,1368,2936.57
34328,-5.278,0.2741,10.6793,1371,2936.57
34333,0.9182,2.9628,9.1722,1371,2936.43
34338,3.0227,3.4704,10.7919,1371,2936.43
34343,-2.7162,0.091,12.6258,1365,2936.43
34348,-5.2613,-0.1137,10.9188,1375,2936.43
34353,0.4106,2.8204,9.0597,1371,2936.86
34358,2.9449,3.6093,10.6698,1379,2936.86
34363,-2.1967,0.267,12.5408,1367,2936.86
34368,-5.1703,-0.5315,11.1773,1374,2936.86
34373,-0.2119,2.7054,9.007,1382,2937.0
34378,2.818,3.5889,10.6542,1373,2937.0
34383,-1.3396,0.5471,12.3206,1371,2937.0
34388,-5.017,-0.9385,11.3916,1369,2937.0
34393,-0.9541,2.5331,8.8933,1373,2936.86
34398,2.721,3.62,10.6338,1368,2936.86
34403,-0.4465,0.6967,12.1194,1367,2936.86
34408,-4.8483,-1.2354,11.6813,1371,2936.86
34413,-1.6939,2.3834,8.8813,1383,2936.86
34418,2.7078,3.5494,10.5656,1375,2936.86
34423,0.4286,1.0271,11.8956,1367,2936.86
34428,-4.634,-1.3396,12.0057,1373,2936.86
34433,-2.4325,2.241,9.0453,1373,2936.28
34438,2.6145,3.5626,10.5022,1378,2936.28
34443,1.3587,1.3503,11.7172,1370,2936.28
34448,-4.4365,-1.3719,12.2499,1380,2936.28
34453,-3.1627,2.1057,9.1195,1385,2937.43
34458,2.6288,3.4836,10.3286,1368,2937.43
34463,2.0087,1.749,11.5508,1379,2937.43
34468,-4.2006,-1.2749,12.4846,1369,2937.43
34473,-3.7888,1.8914,9.3996,1371,2936.43
34478,2.5091,3.3902,10.1825,1371,2936.43
34483,2.6468,2.1261,11.412,1375,2936.43
34488,-3.9253,-1.1157,12.6162,1365,2936.43
34493,-4.3311,1.6472,9.5756,1375,2936.43
34498,2.326,3.2705,9.9719,1371,2936.14
34503,2.97,2.4852,11.2348,1373,2936.14
34508,-3.6751,-0.9146,12.7419,1372,2936.14
34513,-4.78,1.2522,9.8222,1380,2936.14
34518,2.1081,3.1723,9.7229,1364,2935.85
34523,3.1029,2.7533,11.0433,1370,2935.85
34528,-3.4776,-0.6345,12.8509,1377,2935.85
34533,-5.0685,0.929,10.1227,1371,2935.85
34538,1.7035,3.0837,9.5517,1369,2935.71
34543,3.061,3.0849,10.9846,1373,2935.71
34548,-3.2621,-0.3651,12.8317,1365,2935.71
34553,-5.2804,0.5495,10.4663,1374,2935.71
34558,1.3324,2.9892,9.323,1381,2935.42
34563,3.067,3.3447,10.8529,1373,2935.42
34568,-3.0382,-0.067,12.7324,1369,2935.42
34573,-5.302,0.1101,10.6973,1372,2935.42
34578,0.832,2.9006,9.1866,1379,2935.42
34583,3.0275,3.5901,10.7811,1373,2935.42
34588,-2.5462,0.1903,12.5755,1365,2935.42
34593,-5.2158,-0.2502,11.0277,1381,2935.42
34598,0.1724,2.7306,8.9866,1373,2935.42
34603,2.9772,3.6452,10.7129,1373,2935.42
34608,-1.8783,0.3364,12.3768,1369,2935.42
34613,-5.0985,-0.7087,11.224,1371,2935.42
34618,-0.5124,2.5762,8.9663,1381,2935.71
34623,2.7785,3.6224,10.6279,1370,2935.71
34628,-1.002,0.5327,12.1937,1371,2935.71
34633,-4.9464,-1.0822,11.5293,1371,2935.71
34638,-1.2438,2.4708,8.9112,1381,2935.71
34643,2.6624,3.5985,10.5536,1378,2935.71
34648,-0.0862,0.8188,12.0117,1369,2935.71
34653,-4.7321,-1.3204,11.8369,1369,2935.71
34658,-2.0267,2.2972,8.9148,1381,2935.85
34663,2.5869,3.5805,10.501,1374,2935.85
34668,0.8212,1.1504,11.746,1369,2935.85
34673,-4.5717,-1.3467,12.1075,1381,2935.85
34678,-2.7222,2.2027,9.0824,1379,2935.85
34683,2.6097,3.5554,10.4591,1369,2935.85
34688,1.6652,1.5562,11.631,1370,2935.85
34693,-4.2641,-1.3575,12.3984,1375,2935.85
34698,-3.4536,1.998,9.2117,1381,2936.0
34703,2.5582,3.4632,10.2687,1369,2936.0
34708,2.3858,1.901,11.461,1376,2936.0
34713,-4.0127,-1.1756,12.5791,1371,2936.0
34718,-4.0378,1.7274,9.4631,1371,2936.0
34723,2.4565,3.3243,10.0461,1370,2935.85
34728,2.788,2.2757,11.315,1375,2935.85
34733,-3.8032,-1.0283,12.7048,1367,2935.85
34738,-4.5502,1.3898,9.7336,1379,2935.85
34743,2.2134,3.2142,9.8234,1369,2936.14
34748,3.0622,2.624,11.1857,1371,2936.14
34753,-3.6272,-0.8248,12.8341,1369,2936.14
34758,-4.8937,1.0798,10.0389,1375,2936.14
34763,1.9022,3.1161,9.6211,1369,2936.43
34768,3.055,2.97,11.0421,1368,2936.43
34773,-3.4632,-0.4896,12.8736,1369,2936.43
34778,-5.1487,0.814,10.2304,1372,2936.43
34783,1.5143,3.0658,9.4595,1369,2936.86
34788,3.0502,3.2465,10.8996,1379,2936.86
34793,-3.237,-0.1879,12.8425,1367,2936.86
34798,-5.302,0.3508,10.5489,1379,2936.86
34803,1.0546,2.9916,9.2715,1375,2937.15
34808,3.0526,3.4884,10.7847,1371,2937.15
34813,-2.7737,0.0395,12.7144,1367,2937.15
34818,-5.2852,-0.067,10.8074,1373,2937.15
34823,0.589,2.8575,9.0202,1368,2937.43
34828,3.0155,3.5793,10.7141,1375,2937.43
34833,-2.3116,0.2418,12.5217,1363,2937.43
34838,-5.1942,-0.5064,11.0995,1381,2937.43
34843,-0.0407,2.6935,8.9292,1380,2937.29
34848,2.8838,3.6799,10.7021,1372,2937.29
34853,-1.5766,0.3974,12.287,1371,2937.29
34858,-4.9955,-0.911,11.3832,1371,2937.29
34863,-0.7985,2.5043,8.8933,1369,2937.29
34868,2.7354,3.614,10.6506,1379,2937.29
34873,-0.7626,0.6704,12.1434,1365,2937.29
34878,-4.8973,-1.1504,11.6274,1373,2937.29
34883,-1.5227,2.4026,8.9543,1381,2937.15
34888,2.6504,3.6236,10.5141,1372,2937.15
34893,0.1628,0.9493,11.9818,1363,2937.15
34898,-4.7058,-1.3372,11.8992,1373,2937.15
34903,-2.2278,2.2996,8.9938,1379,2937.15
34908,2.6564,3.5817,10.4387,1372,2937.15
34913,1.069,1.2749,11.807,1369,2937.15
34918,-4.4676,-1.3779,12.1673,1382,2937.15
34923,-2.9173,2.1021,9.1291,1380,2936.86
34928,2.6624,3.5386,10.3046,1369,2936.86
34933,1.8699,1.6747,11.5879,1379,2936.86
34938,-4.2138,-1.2893,12.4451,1369,2936.86
34943,-3.6152,1.8854,9.2859,1373,2936.57
34948,2.5367,3.4297,10.1718,1372,2936.57
34953,2.4912,2.0231,11.3749,1376,2936.57
34958,-3.9911,-1.1468,12.5851,1372,2936.57
34963,-4.1815,1.6508,9.4763,1374,2936.57
34968,2.3523,3.2777,9.9862,1373,2937.0
34973,2.8766,2.3619,11.2396,1373,2937.0
34978,-3.8355,-1.0104,12.7252,1366,2937.0
34983,-4.6124,1.3288,9.7779,1382,2937.0
34988,2.0973,3.152,9.7755,1371,2936.86
34993,2.9975,2.7186,11.0971,1369,2936.86
34998,-3.6607,-0.7242,12.8126,1375,2936.86
35003,-5.0051,1.0774,10.0796,1369,2936.86
35008,1.7621,3.1627,9.6175,1369,2937.15
35013,3.0658,3.0933,11.0421,1371,2937.15
35018,-3.3878,-0.4226,12.8377,1363,2937.15
35023,-5.2445,0.7195,10.343,1373,2937.15
35028,1.4485,3.0275,9.3948,1373,2937.86
35033,3.1196,3.3627,10.8721,1373,2937.86
35038,-3.1723,-0.1401,12.7814,1369,2937.86
35043,-5.2684,0.346,10.6219,1371,2937.86
35048,1.002,2.9796,9.1901,1373,2938.3
35053,3.0418,3.4884,10.7548,1371,2938.3
35058,-2.7581,0.0443,12.6761,1367,2938.3
35063,-5.1918,-0.1844,10.8757,1383,2938.3
35068,0.4094,2.8216,9.0345,1368,2938.73
35073,2.9329,3.5698,10.6781,1373,2938.73
35078,-2.1284,0.2286,12.4834,1369,2938.73
35083,-5.1499,-0.6309,11.1678,1375,2938.73
35088,-0.1951,2.6528,8.9471,1379,2938.58
35093,2.7845,3.6093,10.6698,1371,2938.58
35098,-1.4904,0.4681,12.2404,1371,2938.58
35103,-5.0278,-0.9122,11.4634,1379,2938.58
35108,-0.8978,2.484,8.8597,1373,2938.58
35113,2.7222,3.6404,10.6231,1371,2938.58
35118,-0.6788,0.7051,12.056,1367,2938.58
35123,-4.9596,-1.148,11.6981,1373,2938.58
35128,-1.6161,2.4373,8.8969,1381,2938.44
35133,2.6683,3.6643,10.5129,1369,2938.44
35138,0.2765,1.0163,11.9626,1371,2938.44
35143,-4.6974,-1.2713,11.9961,1372,2938.44
35148,-2.3032,2.3008,9.0225,1375,2938.3
35153,2.6228,3.5913,10.4603,1371,2938.3
35158,1.1444,1.2965,11.7795,1375,2938.3
35163,-4.4305,-1.3838,12.2344,1373,2938.3
35168,-2.9904,2.1081,9.1231,1379,2938.15
35173,2.5977,3.4872,10.325,1369,2938.15
35178,2.0111,1.6544,11.5424,1381,2938.15
35183,-4.2581,-1.3659,12.4163,1369,2938.15
35188,-3.6045,1.8878,9.3422,1373,2938.15
35193,2.4756,3.3459,10.1634,1371,2938.44
35198,2.5091,1.9812,11.3916,1373,2938.44
35203,-4.0127,-1.2318,12.6653,1370,2938.44
35208,-4.1911,1.6173,9.4942,1379,2938.44
35213,2.3331,3.2513,9.9982,1371,2938.44
35218,2.8371,2.4098,11.1917,1374,2938.44
35223,-3.8259,-0.9589,12.809,1367,2938.44
35228,-4.6735,1.3671,9.7983,1385,2938.44
35233,2.1368,3.2094,9.8354,1371,2939.16
35238,2.9664,2.7162,11.1534,1375,2939.16
35243,-3.7026,-0.6895,12.9083,1372,2939.16
35248,-4.974,1.0977,10.0748,1373,2939.16
35253,1.8447,3.1448,9.5972,1367,2939.45
35258,3.1196,3.0454,11.0325,1371,2939.45
35263,-3.4824,-0.4082,12.8305,1362,2939.45
35268,-5.1595,0.759,10.3298,1379,2939.45
35273,1.5048,3.0263,9.3649,1371,2939.45
35278,3.1807,3.2884,10.8912,1375,2939.45
35283,-3.1161,-0.1353,12.8018,1369,2939.45
35288,-5.2421,0.2885,10.55,1378,2939.45
35293,1.0439,2.9317,9.177,1375,2939.45
35298,3.0502,3.4093,10.8086,1375,2939.45
35303,-2.7402,0.0335,12.6988,1365,2939.45
35308,-5.2409,-0.1772,10.8062,1382,2939.45
35313,0.4992,2.7761,9.0597,1369,2939.16
35318,2.9497,3.5183,10.7476,1375,2939.16
35323,-2.2685,0.1927,12.5995,1369,2939.16
35328,-5.1643,-0.5674,11.1007,1380,2939.16
35333,-0.1975,2.6372,8.9591,1383,2938.87
35338,2.7857,3.6164,10.5967,1373,2938.87
35343,-1.5706,0.4178,12.3996,1374,2938.87
35348,-4.8435,-0.8224,11.3114,1379,2938.87
35353,-0.6452,2.4229,8.9112,1383,2921.27
35358,2.7629,3.6739,10.6781,1385,2921.27
35363,-1.1983,0.9481,11.9231,1379,2921.27
35368,-4.1731,-1.0104,11.661,1389,2921.27
35373,-1.5239,2.1225,9.2021,1385,2876.04
35378,2.3487,3.6164,10.586,1385,2876.04
35383,0.3053,1.5897,11.5412,1396,2876.04
35388,-3.4261,-1.2438,11.8968,1389,2876.04
35393,-2.7665,1.634,9.5864,1387,2876.04
35398,1.9393,3.146,10.4172,1387,2848.33
35403,1.7873,2.4588,11.1917,1385,2848.33
35408,-3.2573,-0.978,11.9698,1389,2848.33
35413,-3.6703,0.9768,10.3406,1389,2848.33
35418,1.3791,2.9233,10.1813,1389,2833.26
35423,2.1404,3.2453,10.823,1389,2833.26
35428,-3.3459,-0.1867,11.892,1382,2833.26
35433,-3.9672,0.2885,10.9223,1401,2833.26
35438,0.5746,2.7677,9.8845,1401,2824.33
35443,2.1919,3.6859,10.6087,1392,2824.33
35448,-2.6013,0.5962,11.6981,1387,2824.33
35453,-3.8439,-0.6596,11.3749,1389,2824.33
35458,-0.8547,2.308,9.7061,1399,2819.28
35463,2.0207,3.5338,10.4974,1391,2819.28
35468,-0.2789,1.397,11.4239,1401,2819.28
35473,-3.4919,-1.2594,11.6753,1389,2819.28
35478,-2.3715,1.7334,10.0078,1395,2819.28
35483,1.646,3.1053,10.4806,1388,2816.24
35488,1.664,2.4265,10.9966,1383,2816.24
35493,-3.1939,-0.9122,11.8597,1388,2816.24
35498,-3.4884,1.0738,10.4818,1398,2816.24
35503,1.3862,2.9221,10.1574,1395,2815.05
35508,2.2458,3.2705,10.6817,1395,2815.05
35513,-3.3411,-0.0814,11.9806,1381,2815.05
35518,-3.7469,0.0766,11.0636,1399,2815.05
35523,0.3843,2.6552,9.833,1397,2814.26
35528,1.9944,3.6344,10.4722,1403,2814.26
35533,-2.3679,0.6883,11.7029,1387,2814.26
35538,-3.6919,-0.7973,11.4084,1395,2814.26
35543,-0.9972,2.2434,9.8055,1399,2813.73
35548,1.7885,3.4955,10.5345,1391,2813.73
35553,0.0934,1.5981,11.3521,1396,2813.73
35558,-3.4165,-1.1624,11.7328,1395,2813.73
35563,-2.4313,1.658,10.1083,1397,2813.73
35568,1.5921,3.1053,10.3944,1397,2813.34
35573,1.7921,2.5726,10.8565,1389,2813.34
35578,-3.2322,-0.7805,11.9782,1386,2813.34
35583,-3.4249,0.82,10.6446,1389,2813.34
35588,1.1444,2.8228,10.1778,1400,2813.34
35593,2.0315,3.3076,10.574,1395,2813.34
35598,-3.3028,0.079,11.9495,1389,2813.34
35603,-3.7673,-0.0718,11.145,1391,2813.34
35608,0.1413,2.6372,9.8545,1399,2813.86
35613,1.9872,3.7014,10.4914,1397,2813.86
35618,-1.9537,0.8918,11.582,1387,2813.86
35623,-3.6332,-0.9086,11.5221,1401,2813.86
35628,-1.2977,2.0937,9.7899,1405,2814.13
35633,1.7346,3.4333,10.4447,1388,2814.13
35638,0.6404,1.7502,11.2049,1391,2814.13
35643,-3.3291,-1.2414,11.8214,1387,2814.13
35648,-2.6743,1.4126,10.1682,1401,2814.13
35653,1.4497,2.9951,10.343,1389,2814.26
35658,1.8627,2.7569,10.823,1397,2814.26
35663,-3.304,-0.6033,12.0189,1389,2814.26
35668,-3.5829,0.7111,10.7176,1397,2814.26
35673,1.0283,2.8551,10.0233,1389,2814.66
35678,2.0901,3.5231,10.5788,1397,2814.66
35683,-3.2106,0.3041,11.8716,1395,2814.66
35688,-3.7469,-0.2119,11.2923,1396,2814.66
35693,-0.1018,2.5091,9.8078,1401,2814.92
35698,1.9393,3.6224,10.5093,1401,2814.92
35703,-1.5311,0.9816,11.4778,1389,2814.92
35708,-3.5781,-1.0666,11.5401,1401,2814.92
35713,-1.6197,1.9309,9.8198,1397,2815.18
35718,1.6604,3.286,10.5321,1400,2815.18
35723,1.0379,1.9956,11.1139,1397,2815.18
35728,-3.377,-1.0894,11.8345,1389,2815.18
35733,-2.9521,1.3623,10.2891,1391,2815.18
35738,1.488,2.9987,10.2795,1389,2815.05
35743,2.0949,2.9485,10.738,1388,2815.05
35748,-3.3255,-0.4238,11.9722,1387,2815.05
35753,-3.6356,0.5004,10.9379,1399,2815.05
35758,0.8607,2.794,9.8976,1399,2815.05
35763,2.0746,3.5183,10.4878,1391,2815.05
35768,-2.9975,0.3555,11.8489,1397,2815.05
35773,-3.7912,-0.4369,11.333,1385,2815.05
35778,-0.3615,2.4397,9.742,1398,2814.52
35783,1.8663,3.6069,10.5034,1397,2814.52
35788,-0.996,1.2258,11.461,1395,2814.52
35793,-3.5793,-1.081,11.5939,1387,2814.52
35798,-1.8699,1.9058,9.9204,1396,2814.52
35803,1.6891,3.2489,10.4351,1396,2815.18
35808,1.3862,2.1823,11.1079,1395,2815.18
35813,-3.2765,-1.0714,11.8968,1391,2815.18
35818,-3.134,1.1744,10.4375,1391,2815.18
35823,1.3252,2.909,10.1239,1387,2814.92
35828,2.0758,3.0837,10.7464,1395,2814.92
35833,-3.3327,-0.316,11.9483,1387,2814.92
35838,-3.7146,0.328,10.9786,1403,2814.92
35843,0.6644,2.7617,9.9335,1401,2815.18
35848,2.0159,3.65,10.5177,1396,2815.18
35853,-2.8156,0.4896,11.8082,1385,2815.18
35858,-3.7278,-0.5459,11.3952,1390,2815.18
35863,-0.65,2.3667,9.7755,1395,2815.18
35868,1.9034,3.5733,10.4579,1391,2815.18
35873,-0.4357,1.3324,11.4036,1400,2815.18
35878,-3.4285,-1.2474,11.6741,1397,2815.18
35883,-2.1548,1.7358,9.9802,1394,2815.18
35888,1.5969,3.1125,10.4339,1390,2815.32
35893,1.5969,2.3224,10.9654,1391,2815.32
35898,-3.3315,-0.9936,11.9507,1390,2815.32
35903,-3.3052,1.069,10.4734,1395,2815.32
35908,1.3276,2.9221,10.2005,1401,2815.84
35913,2.1608,3.2406,10.6207,1395,2815.84
35918,-3.3866,-0.0982,12.0177,1384,2815.84
35923,-3.7529,0.2514,11.0576,1395,2815.84
35928,0.5291,2.727,9.8797,1401,2816.11
35933,2.0423,3.6416,10.4435,1398,2816.11
35938,-2.4876,0.6201,11.7364,1387,2816.11
35943,-3.735,-0.7314,11.394,1391,2816.11
35948,-0.8918,2.2517,9.7863,1389,2815.98
35953,1.7645,3.4656,10.556,1386,2815.98
35958,-0.0778,1.5323,11.3605,1395,2815.98
35963,-3.5087,-1.2354,11.6598,1391,2815.98
35968,-2.375,1.6879,10.0353,1407,2815.98
35973,1.5933,3.1149,10.3896,1388,2815.71
35978,1.7849,2.551,10.8912,1391,2815.71
35983,-3.322,-0.8045,11.9626,1385,2815.71
35988,-3.4249,0.9493,10.5979,1397,2815.71
35993,1.1971,2.9042,10.1167,1395,2815.32
35998,2.0985,3.2765,10.5656,1397,2815.32
36003,-3.3339,0.0275,11.9782,1388,2815.32
36008,-3.784,-0.0335,11.0732,1395,2815.32
36013,0.261,2.6336,9.8067,1397,2815.05
36018,1.9213,3.6416,10.5141,1398,2815.05
36023,-2.1871,0.814,11.661,1389,2815.05
36028,-3.6739,-0.8631,11.4994,1403,2815.05
36033,-1.1396,2.1632,9.7648,1400,2814.52
36038,1.7992,3.4429,10.5381,1391,2814.52
36043,0.4477,1.7083,11.242,1387,2814.52
36048,-3.3543,-1.1923,11.7735,1391,2814.52
36053,-2.5642,1.5203,10.0784,1401,2814.52
36058,1.5407,3.0131,10.4327,1396,2814.39
36063,1.9525,2.6121,10.8685,1389,2814.39
36068,-3.3136,-0.6859,11.959,1391,2814.39
36073,-3.4943,0.7805,10.7021,1392,2814.39
36078,1.0738,2.8515,10.0413,1399,2814.39
36083,2.1033,3.4081,10.4974,1397,2814.39
36088,-3.2777,0.1377,11.898,1399,2814.39
36093,-3.7553,-0.103,11.2791,1395,2814.39
36098,-0.018,2.5558,9.7887,1400,2814.26
36103,2.0027,3.7038,10.5117,1397,2814.26
36108,-1.6999,0.9661,11.5628,1389,2814.26
36113,-3.6045,-0.9673,11.5736,1401,2814.26
36118,-1.4832,1.992,9.7983,1407,2814.13
36123,1.7166,3.3315,10.5345,1399,2814.13
36128,0.7901,1.8747,11.2049,1401,2814.13
36133,-3.3327,-1.2186,11.8609,1385,2814.13
36138,-2.8706,1.3623,10.2604,1400,2814.13
36143,1.4724,2.9868,10.2807,1386,2814.13
36148,2.0279,2.8826,10.8218,1399,2814.13
36153,-3.3363,-0.5495,11.965,1385,2814.13
36158,-3.6021,0.6237,10.8242,1399,2814.13
36163,0.9481,2.8,10.0078,1401,2814.26
36168,2.1261,3.5422,10.5632,1395,2814.26
36173,-3.1077,0.2909,11.7998,1391,2814.26
36178,-3.7182,-0.3376,11.2982,1397,2814.26
36183,-0.231,2.4948,9.7348,1401,2814.66
36188,1.8806,3.6081,10.5453,1398,2814.66
36193,-1.1995,1.0846,11.4539,1391,2814.66
36198,-3.6069,-1.1253,11.5796,1391,2814.66
36203,-1.7909,1.9213,9.9168,1391,2814.66
36208,1.6759,3.2549,10.4471,1395,2814.52
36213,1.2546,2.1272,11.1187,1391,2814.52
36218,-3.3854,-1.0499,11.8585,1394,2814.52
36223,-3.0107,1.2462,10.416,1389,2814.52
36228,1.4102,2.9293,10.2352,1389,2814.13
36233,2.0746,3.0119,10.7153,1389,2814.13
36238,-3.3591,-0.3256,11.9435,1383,2814.13
36243,-3.6943,0.4046,10.9798,1401,2814.13
36248,0.6979,2.7342,9.9359,1397,2813.73
36253,1.9968,3.6152,10.5034,1388,2813.73
36258,-2.9054,0.4705,11.8202,1389,2813.73
36263,-3.7433,-0.5507,11.3521,1391,2813.73
36268,-0.5842,2.3978,9.7743,1395,2813.47
36273,1.8651,3.5877,10.4818,1390,2813.47
36278,-0.6369,1.3001,11.4527,1401,2813.47
36283,-3.5326,-1.1504,11.7148,1395,2813.47
36288,-2.0686,1.8124,9.9826,1401,2813.47
36293,1.6723,3.1436,10.4315,1385,2813.73
36298,1.5658,2.2793,11.0313,1395,2813.73
36303,-3.2908,-1.0307,11.9339,1389,2813.73
36308,-3.2465,1.0415,10.5405,1398,2813.73
36313,1.2665,2.8635,10.1646,1399,2814.66
36318,2.1009,3.1436,10.6434,1396,2814.66
36323,-3.4093,-0.2059,11.9495,1385,2814.66
36328,-3.7553,0.2598,11.0445,1398,2814.66
36333,0.5052,2.7342,9.9276,1397,2814.39
36338,2.0542,3.6835,10.5201,1401,2814.39
36343,-2.5474,0.6464,11.6981,1385,2814.39
36348,-3.7086,-0.6955,11.4419,1399,2814.39
36353,-0.9098,2.3152,9.8138,1401,2814.13
36358,1.8411,3.4716,10.4399,1390,2814.13
36363,-0.1018,1.4988,11.3988,1397,2814.13
36368,-3.4776,-1.2653,11.6981,1394,2814.13
36373,-2.4086,1.634,10.0832,1405,2814.13
36378,1.6005,3.0813,10.4459,1390,2814.66
36383,1.7897,2.4768,10.9307,1389,2814.66
36388,-3.3495,-0.8894,11.9985,1385,2814.66
36393,-3.4237,0.9685,10.5836,1395,2814.66
36398,1.2282,2.8778,10.1251,1401,2814.66
36403,2.1105,3.3028,10.5345,1397,2814.66
36408,-3.3615,-0.012,11.9255,1395,2814.66
36413,-3.7625,0.0539,11.1606,1391,2814.66
36418,0.3112,2.6971,9.8294,1400,2814.52
36423,1.9728,3.6547,10.489,1401,2814.52
36428,-2.1296,0.7829,11.6574,1391,2814.52
36433,-3.6559,-0.838,11.4179,1401,2814.52
36438,-1.1552,2.1727,9.7779,1414,2814.79
36443,1.7849,3.3662,10.5141,1389,2814.79
36448,0.395,1.7035,11.2827,1394,2814.79
36453,-3.4189,-1.1815,11.7424,1385,2814.79
36458,-2.5702,1.5227,10.1466,1403,2814.79
36463,1.5407,3.061,10.3932,1391,2815.18
36468,1.9656,2.6564,10.8876,1395,2815.18
36473,-3.3627,-0.68,11.9746,1390,2815.18
36478,-3.456,0.7506,10.7081,1398,2815.18
36483,1.0822,2.8539,10.0365,1389,2814.92
36488,2.0782,3.3998,10.5465,1395,2814.92
36493,-3.2836,0.1269,11.9542,1397,2814.92
36498,-3.8188,-0.1856,11.1713,1399,2814.92
36503,0.0215,2.5857,9.7947,1399,2815.18
36508,1.974,3.6715,10.489,1401,2815.18
36513,-1.7346,0.9325,11.582,1387,2815.18
36518,-3.6356,-0.978,11.5496,1402,2815.18
36523,-1.5024,2.0937,9.7983,1399,2815.18
36528,1.7777,3.4081,10.5369,1398,2815.18
36533,0.8272,1.8447,11.1785,1395,2815.18
36538,-3.389,-1.1995,11.8645,1391,2815.18
36543,-2.8515,1.3922,10.1766,1395,2815.18
36548,1.5323,2.9844,10.3034,1389,2815.45
36553,2.0399,2.7869,10.7524,1400,2815.45
36558,-3.3387,-0.559,12.0189,1387,2815.45
36563,-3.5997,0.6249,10.8194,1397,2815.45
36568,0.9445,2.8036,10.0126,1404,2815.71
36573,2.0494,3.5183,10.5141,1389,2815.71
36578,-3.1603,0.2418,11.8597,1397,2815.71
36583,-3.7924,-0.2514,11.3018,1389,2815.71
36588,-0.2155,2.4983,9.7288,1397,2816.11
36593,1.9489,3.6775,10.4698,1397,2816.11
36598,-1.3048,1.087,11.546,1395,2816.11
36603,-3.6164,-1.0977,11.5568,1389,2816.11
36608,-1.7274,1.9178,9.8354,1395,2816.11
36613,1.7322,3.2394,10.4974,1389,2816.64
36618,1.1624,2.0267,11.1282,1419,2816.64
36623,-3.395,-1.1468,11.9028,1395,2816.64
36628,-3.0418,1.2653,10.3166,1399,2816.64
36633,1.476,2.9473,10.2963,1389,2816.9
36638,2.077,3.0011,10.7835,1395,2816.9
36643,-3.4309,-0.4441,11.9926,1385,2816.9
36648,-3.6224,0.5088,10.9307,1407,2816.9
36653,0.8487,2.806,9.8773,1401,2817.03
36658,2.1021,3.5721,10.5105,1397,2817.03
36663,-2.9616,0.3735,11.7627,1389,2817.03
36668,-3.7577,-0.4764,11.3102,1395,2817.03
36673,-0.395,2.4026,9.7408,1395,2817.43
36678,1.9106,3.5805,10.5321,1399,2817.43
36683,-0.9301,1.1516,11.5041,1399,2817.43
36688,-3.5231,-1.1337,11.5987,1390,2817.43
36693,-1.9046,1.8747,9.8785,1391,2817.43
36698,1.6939,3.2322,10.489,1396,2817.56
36703,1.415,2.2218,11.1043,1391,2817.56
36708,-3.3267,-1.0259,11.8345,1403,2817.56
36713,-3.1196,1.2522,10.4244,1389,2817.56
36718,1.391,2.9365,10.2651,1400,2817.56
36723,2.1392,3.0239,10.6638,1398,2817.56
36728,-3.3806,-0.3208,11.9854,1389,2817.56
36733,-3.7709,0.3579,10.9822,1399,2817.56
36738,0.668,2.7485,9.839,1401,2817.7
36743,2.0626,3.6188,10.5153,1403,2817.7
36748,-2.8778,0.4334,11.8262,1385,2817.7
36753,-3.796,-0.5231,11.3497,1389,2817.7
36758,-0.6393,2.3966,9.7312,1396,2818.22
36763,1.8974,3.6152,10.4567,1389,2818.22
36768,-0.5555,1.3228,11.4563,1403,2818.22
36773,-3.5015,-1.1696,11.6442,1391,2818.22
36778,-2.0686,1.8028,9.9683,1407,2818.22
36783,1.6712,3.1053,10.4148,1387,2818.09
36788,1.5981,2.2805,11.0421,1396,2818.09
36793,-3.322,-1.0678,11.8645,1387,2818.09
36798,-3.2441,1.1169,10.4507,1402,2818.09
36803,1.3348,2.8515,10.2029,1398,2818.62
36808,2.2015,3.1711,10.6949,1399,2818.62
36813,-3.3902,-0.2215,12.0093,1385,2818.62
36818,-3.7697,0.3436,11.054,1395,2818.62
36823,0.5974,2.7845,9.9132,1397,2818.89
36828,2.0842,3.6799,10.4926,1401,2818.89
36833,-2.6516,0.5602,11.7495,1391,2818.89
36838,-3.7338,-0.6141,11.3174,1400,2818.89
36843,-0.741,2.3116,9.6822,1397,2819.42
36848,1.8651,3.5063,10.5034,1391,2819.42
36853,-0.3065,1.3503,11.3976,1397,2819.42
36858,-3.553,-1.2594,11.6957,1394,2819.42
36863,-2.2685,1.7214,10.0102,1403,2819.42
36868,1.6005,3.1149,10.4423,1391,2819.81
36873,1.664,2.4193,10.9439,1387,2819.81
36878,-3.3854,-0.9457,11.9578,1395,2819.81
36883,-3.3232,1.0906,10.5369,1389,2819.81
36888,1.324,2.8874,10.1957,1399,2820.21
36893,2.1392,3.2118,10.586,1397,2820.21
36898,-3.4249,-0.1724,12.0249,1388,2820.21
36903,-3.7613,0.1879,11.0169,1395,2820.21
36908,0.5255,2.6923,9.7959,1399,2819.55
36913,1.9968,3.6476,10.3956,1399,2819.55
36918,-2.5426,0.6201,11.728,1391,2819.55
36923,-3.7577,-0.7302,11.4335,1399,2819.55
36928,-0.9062,2.2529,9.7995,1387,2818.09
36933,1.81,3.5111,10.5285,1387,2818.09
36938,-0.1221,1.4533,11.3665,1399,2818.09
36943,-3.4668,-1.1923,11.7675,1383,2818.09
36948,-2.332,1.725,9.9611,1402,2818.09
36953,1.67,3.1759,10.3968,1389,2817.7
36958,1.8316,2.4684,11.0061,1395,2817.7
36963,-3.3064,-0.9074,11.965,1384,2817.7
36968,-3.3627,0.9433,10.4794,1399,2817.7
36973,1.2055,2.8994,10.0928,1395,2817.03
36978,2.1069,3.2753,10.6039,1395,2817.03
36983,-3.3794,-0.0335,11.9566,1389,2817.03
36988,-3.8678,0.0383,11.1031,1397,2817.03
36993,0.3268,2.6923,9.8282,1403,2817.7
36998,2.0351,3.6715,10.5441,1401,2817.7
37003,-2.314,0.723,11.655,1387,2817.7
37008,-3.7158,-0.7793,11.5664,1407,2817.7
37013,-1.0822,2.247,9.7564,1399,2817.7
37018,1.8316,3.4872,10.5201,1391,2817.7
37023,0.2502,1.5862,11.2587,1391,2817.7
37028,-3.4225,-1.2594,11.7711,1391,2817.7
37033,-2.5019,1.5694,10.0102,1401,2817.7
37038,1.5634,3.0323,10.3968,1390,2818.09
37043,1.8711,2.5809,10.8757,1391,2818.09
37048,-3.3962,-0.8176,12.0105,1395,2818.09
37053,-3.4632,0.905,10.647,1395,2818.09
37058,1.2246,2.8922,10.1011,1396,2818.22
37063,2.1679,3.4069,10.5788,1397,2818.22
37068,-3.371,0.0958,11.995,1399,2818.22
37073,-3.7972,0.0431,11.2144,1403,2818.22
37078,0.2658,2.6612,9.7528,1400,2818.49
37083,2.0399,3.6775,10.4555,1395,2818.49
37088,-2.0458,0.7829,11.6107,1390,2818.49
37093,-3.6524,-0.9002,11.4814,1397,2818.49
37098,-1.2175,2.1644,9.7636,1403,2818.36
37103,1.7789,3.4058,10.501,1395,2818.36
37108,0.4537,1.6987,11.3234,1401,2818.36
37113,-3.4405,-1.1684,11.8154,1385,2818.36
37118,-2.6528,1.5119,10.1778,1403,2818.36
37123,1.5323,3.0801,10.3573,1389,2817.96
37128,1.9752,2.7198,10.9188,1400,2817.96
37133,-3.3495,-0.7015,11.9973,1389,2817.96
37138,-3.5255,0.7626,10.7452,1395,2817.96
37143,1.0834,2.7988,10.0221,1390,2817.7
37148,2.15,3.4249,10.5584,1391,2817.7
37153,-3.2836,0.0946,11.8645,1401,2817.7
37158,-3.8152,-0.1784,11.1666,1399,2817.7
37163,0.0443,2.5426,9.7408,1400,2817.43
37168,1.9764,3.6775,10.5441,1400,2817.43
37173,-1.7885,0.8464,11.5939,1391,2817.43
37178,-3.6978,-0.9685,11.6454,1397,2817.43
37183,-1.4198,2.0794,9.8593,1389,2817.43
37188,1.7765,3.389,10.489,1401,2817.17
37193,0.8224,1.8651,11.2025,1395,2817.17
37198,-3.3279,-1.1791,11.8046,1388,2817.17
37203,-2.7952,1.4509,10.1993,1389,2817.17
37208,1.555,2.988,10.2723,1389,2817.3
37213,2.0614,2.7845,10.7919,1401,2817.3
37218,-3.3974,-0.6404,11.9926,1389,2817.3
37223,-3.6069,0.6488,10.7871,1402,2817.3
37228,1.0032,2.8024,10.0066,1401,2817.17
37233,2.1356,3.4991,10.5704,1390,2817.17
37238,-3.1999,0.2143,11.8788,1396,2817.17
37243,-3.8259,-0.2143,11.2791,1391,2817.17
37248,-0.1508,2.5498,9.7707,1401,2817.43
37253,2.0207,3.6751,10.4854,1396,2817.43
37258,-1.4006,1.0127,11.5855,1396,2817.43
37263,-3.5961,-1.0487,11.5724,1385,2817.43
37268,-1.6029,1.9668,9.8019,1390,2817.43
37273,1.7526,3.2489,10.4279,1395,2817.17
37278,1.0223,1.9417,11.1977,1399,2817.17
37283,-3.3519,-1.2426,11.8824,1391,2817.17
37288,-2.9772,1.3312,10.2771,1397,2817.17
37293,1.4449,2.9521,10.2855,1388,2817.43
37298,2.1225,2.9365,10.8433,1397,2817.43
37303,-3.3902,-0.4609,11.9961,1385,2817.43
37308,-3.6919,0.565,10.8721,1407,2817.43
37313,0.8906,2.8,9.9707,1401,2817.43
37318,2.0877,3.5662,10.507,1397,2817.43
37323,-3.0921,0.334,11.8669,1387,2817.43
37328,-3.8271,-0.3891,11.2767,1395,2817.43
37333,-0.3639,2.4541,9.7372,1399,2817.43
37338,1.8938,3.5614,10.4387,1397,2817.43
37343,-1.1073,1.093,11.4742,1403,2817.43
37348,-3.5686,-1.1396,11.5927,1391,2817.43
37353,-1.8447,1.9058,9.8653,1395,2817.43
37358,1.6963,3.2322,10.4998,1395,2817.03
37363,1.2833,2.1105,11.1306,1391,2817.03
37368,-3.3567,-1.0726,11.8561,1398,2817.03
37373,-3.0442,1.3156,10.3166,1395,2817.03
37378,1.4581,2.958,10.2316,1400,2817.56
37383,2.1883,3.0275,10.7105,1397,2817.56
37388,-3.3842,-0.3723,12.0045,1385,2817.56
37393,-3.7529,0.4034,10.8649,1399,2817.56
37398,0.6991,2.7186,9.8988,1399,2817.03
37403,2.0458,3.5614,10.4651,1399,2817.03
37408,-2.9509,0.3879,11.8046,1391,2817.03
37413,-3.8188,-0.5303,11.333,1389,2817.03
37418,-0.5291,2.4576,9.7588,1399,2817.3
37423,1.895,3.5949,10.4782,1386,2817.3
37428,-0.7159,1.2845,11.4838,1405,2817.3
37433,-3.5554,-1.1612,11.6801,1389,2817.3
37438,-1.9908,1.8304,9.9072,1405,2817.3
37443,1.7262,3.2142,10.4327,1388,2817.17
37448,1.5455,2.2218,11.0744,1391,2817.17
37453,-3.3076,-1.1061,11.9052,1385,2817.17
37458,-3.1783,1.1085,10.3573,1397,2817.17
37463,1.3587,2.9161,10.2364,1397,2817.03
37468,2.0925,3.1089,10.6757,1398,2817.03
37473,-3.4309,-0.2346,11.9722,1385,2817.03
37478,-3.7529,0.3484,11.0026,1397,2817.03
37483,0.6321,2.7713,9.8474,1395,2817.3
37488,2.0518,3.6739,10.4866,1401,2817.3
37493,-2.733,0.5531,11.7687,1387,2817.3
37498,-3.7769,-0.5602,11.376,1404,2817.3
37503,-0.7039,2.3379,9.7659,1397,2817.56
37508,1.8639,3.5518,10.5369,1385,2817.56
37513,-0.3591,1.3886,11.3545,1397,2817.56
37518,-3.5279,-1.2629,11.6885,1397,2817.56
37523,-2.1883,1.7226,9.9323,1401,2817.56
37528,1.6221,3.128,10.4555,1391,2817.96
37533,1.6161,2.3367,11.0061,1390,2817.96
37538,-3.4117,-0.9373,11.9159,1385,2817.96
37543,-3.2956,1.093,10.5309,1391,2817.96
37548,1.3216,2.9377,10.1658,1400,2818.09
37553,2.1356,3.2298,10.6326,1396,2818.09
37558,-3.3794,-0.1149,12.0201,1391,2818.09
37563,-3.7278,0.2095,11.0385,1391,2818.09
37568,0.4764,2.6923,9.839,1398,2818.36
37573,1.9896,3.6428,10.4998,1400,2818.36
37578,-2.6001,0.5926,11.7328,1388,2818.36
37583,-3.7481,-0.7422,11.4622,1401,2818.36
37588,-0.9062,2.2721,9.7288,1405,2818.22
37593,1.81,3.5279,10.495,1391,2818.22
37598,-0.0982,1.4964,11.3497,1392,2818.22
37603,-3.5147,-1.172,11.7591,1389,2818.22
37608,-2.3272,1.7178,10.0688,1404,2818.22
37613,1.664,3.1484,10.4375,1391,2818.09
37618,1.8028,2.4636,10.9834,1391,2818.09
37623,-3.3375,-0.8679,11.9746,1391,2818.09
37628,-3.3375,0.911,10.574,1397,2818.09
37633,0.5794,2.6899,9.8366,1395,2817.7
37638,2.1117,3.2729,10.6255,1397,2817.7
37643,-2.7378,0.5028,11.7675,1395,2817.7
37648,-3.7757,0.0563,11.1282,1397,2817.7
37653,-0.7518,2.3463,9.7288,1399,2817.56
37658,1.9441,3.6703,10.5333,1397,2817.56
37663,-0.31,1.3336,11.3533,1389,2817.56
37668,-3.4656,-1.1983,11.6885,1401,2817.56
37673,-2.1883,1.7262,9.9766,1395,2817.43
37678,1.6735,3.1412,10.4363,1389,2817.43
37683,1.67,2.3535,11.0014,1398,2817.43
37688,-3.3339,-1.008,11.965,1391,2817.43
37693,-3.2884,1.0259,10.5345,1400,2817.43
37698,1.2582,2.8096,10.1227,1391,2817.56
37703,2.1069,3.2525,10.6841,1400,2817.56
37708,-3.5063,-0.1592,11.9638,1395,2817.56
37713,-3.7589,0.261,11.0492,1395,2817.56
37718,0.5028,2.7246,9.8497,1383,2817.83
37723,2.0674,3.7062,10.5105,1395,2817.83
37728,-2.4888,0.6213,11.6945,1399,2817.83
37733,-3.7481,-0.644,11.3928,1388,2817.83
37738,-0.9194,2.2374,9.7671,1402,2817.96
37743,1.8064,3.4824,10.4172,1401,2817.96
37748,-0.0299,1.4988,11.3701,1395,2817.96
37753,-3.48,-1.2881,11.7651,1397,2817.96
37758,-2.3212,1.6544,10.0329,1397,2818.89
37763,1.5706,3.0969,10.3358,1399,2818.89
37768,1.7897,2.5091,11.0804,1400,2818.89
37773,-3.3603,-0.8595,11.9028,1385,2818.89
37778,-3.3483,1.0187,10.5524,1397,2818.89
37783,1.2965,2.8718,10.1275,1387,2819.55
37788,2.1656,3.2956,10.5908,1401,2819.55
37793,-3.371,-0.0527,11.9064,1383,2819.55
37798,-3.7709,0.0898,11.1474,1400,2819.55
37803,0.3256,2.66,9.7564,1399,2819.55
37808,2.0051,3.7146,10.4351,1395,2819.55
37813,-2.296,0.6428,11.722,1391,2819.55
37818,-3.7601,-0.8368,11.4407,1397,2819.55
37823,-1.0534,2.2087,9.7971,1400,2819.28
37828,1.7657,3.456,10.5129,1401,2819.28
37833,0.2107,1.5718,11.3904,1387,2819.28
37838,-3.486,-1.1983,11.7472,1391,2819.28
37843,-2.4529,1.6484,10.0724,1389,2819.28
37848,1.6209,3.0993,10.3513,1403,2819.02
37853,1.8842,2.5786,10.9283,1387,2819.02
37858,-3.3543,-0.7841,12.0093,1387,2819.02
37863,-3.4345,0.8799,10.6326,1389,2819.02
37868,1.1827,2.8419,10.0856,1392,2818.49
37873,2.0949,3.3471,10.5764,1396,2818.49
37878,-3.4093,0.018,11.965,1390,2818.49
37883,-3.8319,-0.0204,11.139,1405,2818.49
37888,0.1844,2.6384,9.8462,1403,2818.36
37893,1.9644,3.6571,10.5153,1391,2818.36
37898,-2.1141,0.7949,11.6825,1391,2818.36
37903,-3.705,-0.9206,11.5185,1389,2818.36
37908,-1.2151,2.1392,9.8258,1391,2817.3
37913,1.8423,3.4105,10.4411,1391,2817.3
37918,0.5076,1.6867,11.2839,1395,2817.3
37923,-3.395,-1.2486,11.7639,1387,2817.3
37928,-2.5786,1.5407,10.1227,1392,2817.3
37933,1.5682,3.0275,10.3262,1391,2817.96
37938,1.9273,2.6851,10.9068,1397,2817.96
37943,-3.3507,-0.7614,12.0045,1395,2817.96
37948,-3.5063,0.8595,10.6291,1395,2817.96
37953,1.1217,2.8862,10.0856,1391,2817.96
37958,2.0985,3.486,10.5524,1399,2817.96
37963,-3.304,0.1377,11.9004,1391,2817.96
37968,-3.8032,-0.091,11.1881,1405,2817.96
37973,0.1197,2.5917,9.7803,1399,2818.09
37978,1.9525,3.6607,10.5249,1391,2818.09
37983,-1.8172,0.8679,11.5436,1385,2818.09
37988,-3.6943,-0.9816,11.5257,1395,2818.09
37993,-1.3671,2.065,9.8198,1391,2818.22
37998,1.7597,3.2968,10.4962,1397,2818.22
38003,0.6883,1.8028,11.1522,1402,2818.22
38008,-3.4273,-1.2007,11.8405,1397,2818.22
38013,-2.7725,1.4605,10.2089,1397,2818.22
38018,1.5323,3.0131,10.3717,1390,2817.56
38023,2.0195,2.8,10.7883,1388,2817.56
38028,-3.3734,-0.5758,12.0213,1391,2817.56
38033,-3.5757,0.6931,10.7715,1396,2817.56
38038,1.0223,2.8467,10.0449,1403,2817.43
38043,2.065,3.4524,10.5417,1389,2817.43
38048,-3.2214,0.231,11.8896,1383,2817.43
38053,-3.8008,-0.2789,11.2611,1399,2817.43
38058,-0.1137,2.5402,9.7588,1399,2816.77
38063,1.8938,3.6536,10.5393,1401,2816.77
38068,-1.4916,0.9996,11.5233,1395,2816.77
38073,-3.6476,-1.0439,11.5496,1391,2816.77
38078,-1.6125,2.0494,9.8689,1392,2815.84
38083,1.7609,3.2956,10.5225,1392,2815.84
38088,1.0403,1.98,11.1582,1395,2815.84
38093,-3.3567,-1.1636,11.7855,1389,2815.84
38098,-2.8491,1.342,10.2268,1399,2815.84
38103,1.5071,2.9951,10.2867,1391,2816.11
38108,2.0806,2.9137,10.8062,1414,2816.11
38113,-3.3734,-0.4477,11.9674,1387,2816.11
38118,-3.6164,0.5171,10.8661,1397,2816.11
38123,0.8356,2.7749,9.9491,1399,2815.45
38128,2.0195,3.5614,10.5512,1399,2815.45
38133,-3.1364,0.3232,11.795,1385,2815.45
38138,-3.7613,-0.3555,11.309,1395,2815.45
38143,-0.3136,2.4828,9.7815,1399,2815.45
38148,1.9201,3.638,10.5608,1405,2815.45
38153,-1.1384,1.1217,11.4359,1389,2815.45
38158,-3.6176,-1.1432,11.6837,1404,2815.45
38163,-1.8148,1.8447,9.8785,1407,2815.32
38168,1.6855,3.2394,10.4543,1389,2815.32
38173,1.2713,2.077,11.1079,1387,2815.32
38178,-3.3291,-1.1468,11.9279,1391,2815.32
38183,-3.073,1.1995,10.3777,1403,2815.32
38188,1.3731,2.9161,10.2185,1395,2815.58
38193,2.0818,3.0562,10.6997,1395,2815.58
38198,-3.45,-0.334,12.0273,1395,2815.58
38203,-3.6907,0.4693,10.9834,1396,2815.58
38208,0.7542,2.7725,9.9347,1396,2815.32
38213,2.0626,3.6787,10.4914,1395,2815.32
38218,-2.8635,0.5028,11.7376,1396,2815.32
38223,-3.7302,-0.5183,11.3389,1392,2815.32
38228,-0.5794,2.3762,9.7588,1401,2815.18
38233,1.8423,3.5482,10.4818,1390,2815.18
38238,-0.6093,1.3228,11.4539,1390,2815.18
38243,-3.5111,-1.1959,11.6598,1397,2815.18
38248,-2.0566,1.7885,9.9419,1399,2814.92
38253,1.6293,3.1388,10.4423,1394,2814.92
38258,1.5766,2.3104,11.0361,1404,2814.92
38263,-3.3722,-0.9768,11.9542,1387,2814.92
38268,-3.1951,1.1109,10.55,1399,2814.92
38273,1.3252,2.8958,10.1646,1397,2814.79
38278,2.0602,3.2166,10.6602,1405,2814.79
38283,-3.3651,-0.1748,11.9339,1387,2814.79
38288,-3.7206,0.2047,11.0361,1401,2814.79
38293,0.5435,2.7007,9.8653,1391,2814.92
38298,2.0111,3.6751,10.5369,1397,2814.92
38303,-2.5666,0.5674,11.6945,1393,2814.92
38308,-3.7673,-0.753,11.4754,1399,2814.92
38313,-0.9086,2.2733,9.7755,1399,2814.79
38318,1.81,3.4872,10.501,1403,2814.79
38323,-0.0587,1.4856,11.3904,1391,2814.79
38328,-3.4572,-1.1923,11.7555,1399,2814.79
38333,-2.3703,1.67,10.1263,1391,2814.79
38338,1.6807,3.1173,10.3777,1397,2814.52
38343,1.8136,2.5163,10.9391,1391,2814.52
38348,-3.3243,-0.8811,11.8764,1395,2814.52
38353,-3.3375,0.9625,10.5465,1388,2814.52
38358,1.2103,2.8706,10.1035,1390,2813.99
38363,2.1093,3.3267,10.5943,1391,2813.99
38368,-3.3579,-0.0383,11.9483,1391,2813.99
38373,-3.7924,0.0611,11.1654,1402,2813.99
38378,0.2801,2.6121,9.8485,1405,2813.2
38383,1.962,3.6547,10.5333,1391,2813.2
38388,-2.2039,0.7757,11.6526,1391,2813.2
38393,-3.6631,-0.8428,11.479,1391,2813.2
38398,-1.1768,2.1931,9.8114,1397,2813.2
38403,1.7765,3.4213,10.4794,1405,2813.2
38408,0.4956,1.7454,11.303,1405,2813.2
38413,-3.3866,-1.3012,11.7256,1391,2813.2
38418,-2.6157,1.5155,10.1466,1391,2813.2
38423,1.4904,2.9844,10.4291,1391,2813.07
38428,1.9501,2.7078,10.89,1397,2813.07
38433,-3.371,-0.735,11.9698,1391,2813.07
38438,-3.4967,0.826,10.7703,1399,2813.07
38443,1.087,2.8754,10.1179,1396,2813.34
38448,2.0782,3.5003,10.4866,1397,2813.34
38453,-3.2609,0.1808,11.9135,1387,2813.34
38458,-3.7373,-0.1329,11.2168,1400,2813.34
38463,0.0347,2.5989,9.7217,1397,2813.07
38468,1.8878,3.6524,10.4794,1399,2813.07
38473,-1.6197,0.9254,11.5831,1385,2813.07
38478,-3.6021,-1.0511,11.5401,1389,2813.07
38483,-1.5502,2.0315,9.8569,1401,2812.81
38488,1.6448,3.2645,10.5141,1391,2812.81
38493,0.9505,1.9776,11.1498,1399,2812.81
38498,-3.3854,-1.1947,11.8453,1395,2812.81
38503,-2.8539,1.3886,10.3034,1402,2812.81
38508,1.4808,2.9904,10.3346,1395,2812.54
38513,2.077,2.9544,10.7212,1390,2812.54
38518,-3.395,-0.4405,12.0404,1383,2812.54
38523,-3.5757,0.5016,10.829,1391,2812.54
38528,0.8392,2.7964,9.9659,1403,2812.41
38533,2.0099,3.5458,10.4232,1401,2812.41
38538,-3.0873,0.3316,11.8214,1390,2812.41
38543,-3.7314,-0.4633,11.2887,1391,2812.41
38548,-0.3831,2.4517,9.7851,1401,2812.54
38553,1.8471,3.5889,10.5105,1389,2812.54
38558,-1.0092,1.154,11.5293,1390,2812.54
38563,-3.5051,-1.1133,11.6705,1401,2812.54
38568,-1.9501,1.9285,9.8749,1402,2812.68
38573,1.7071,3.2118,10.4746,1385,2812.68
38578,1.4114,2.1835,11.0732,1399,2812.68
38583,-3.3052,-1.0942,11.874,1386,2812.68
38588,-3.0933,1.1851,10.3418,1405,2812.68
38593,1.3671,2.9245,10.258,1385,2812.94
38598,2.053,3.0287,10.6614,1401,2812.94
38603,-3.3543,-0.2945,12.0321,1387,2812.94
38608,-3.6691,0.3807,11.0397,1395,2812.94
38613,0.5878,2.7665,9.9647,1387,2812.41
38618,1.9932,3.6631,10.5357,1395,2812.41
38623,-2.7857,0.5483,11.7017,1395,2812.41
38628,-3.7278,-0.5782,11.4036,1397,2812.41
38633,-0.6835,2.3343,9.7336,1399,2813.34
38638,1.8519,3.565,10.5369,1401,2813.34
38643,-0.3316,1.4162,11.3294,1391,2813.34
38648,-3.4752,-1.2677,11.7017,1397,2813.34
38653,-2.2051,1.7011,10.0545,1391,2813.34
38658,1.6173,3.0777,10.4543,1399,2812.54
38663,1.6472,2.4301,10.9511,1397,2812.54
38668,-3.3579,-0.9625,11.977,1383,2812.54
38673,-3.316,1.008,10.5417,1391,2812.54
38678,1.2653,2.9078,10.1251,1389,2812.68
38683,2.0818,3.3339,10.6207,1391,2812.68
38688,-3.4129,-0.0802,11.9878,1389,2812.68
38693,-3.6871,0.1437,11.1414,1404,2812.68
38698,0.407,2.7066,9.8067,1403,2812.28
38703,1.9956,3.6583,10.4686,1389,2812.28
38708,-2.2721,0.7135,11.5927,1383,2812.28
38713,-3.6763,-0.832,11.3832,1391,2812.28
38718,-1.0546,2.1632,9.7181,1396,2812.28
38723,1.7561,3.4261,10.507,1395,2812.28
38728,0.2909,1.6376,11.3066,1396,2812.28
38733,-3.4477,-1.2282,11.8166,1391,2812.28
38738,-2.5211,1.5838,10.149,1401,2812.28
38743,1.561,3.055,10.3633,1391,2812.68
38748,1.9237,2.6755,10.9128,1397,2812.68
38753,-3.3375,-0.6776,11.9147,1397,2812.68
38758,-3.4369,0.8009,10.7416,1389,2812.68
38763,1.1061,2.8718,10.0257,1400,2812.81
38768,2.0686,3.4357,10.5896,1395,2812.81
38773,-3.292,0.0718,11.819,1385,2812.81
38778,-3.7505,-0.1927,11.2252,1399,2812.81
38783,-0.0048,2.5714,9.8174,1398,2813.47
38788,1.9393,3.6955,10.5141,1402,2813.47
38793,-1.8304,0.8882,11.5077,1385,2813.47
38798,-3.6488,-0.9565,11.5808,1395,2813.47
38803,-1.4234,2.0901,9.8306,1397,2813.73
38808,1.7729,3.377,10.4579,1395,2813.73
38813,0.8236,1.8735,11.1845,1399,2813.73
38818,-3.3758,-1.2342,11.7902,1391,2813.73
38823,-2.7629,1.3958,10.2556,1401,2813.73
38828,1.5155,2.958,10.2352,1397,2813.73
38833,2.0243,2.8264,10.8314,1391,2813.73
38838,-3.4081,-0.5842,11.9806,1391,2813.73
38843,-3.6009,0.6081,10.8122,1395,2813.73
38848,0.9158,2.8048,9.9994,1401,2813.99
38853,2.1093,3.565,10.507,1397,2813.99
38858,-3.2034,0.31,11.8705,1387,2813.99
38863,-3.7673,-0.1951,11.3198,1395,2813.99
38868,-0.2035,2.5223,9.7959,1399,2814.26
38873,1.962,3.7086,10.5093,1399,2814.26
38878,-1.2689,1.1001,11.5125,1390,2814.26
38883,-3.5662,-1.1325,11.5293,1403,2814.26
38888,-1.7705,1.9441,9.8773,1405,2813.99
38893,1.7214,3.1735,10.4543,1389,2813.99
38898,1.221,2.1009,11.1678,1397,2813.99
38903,-3.3639,-1.1875,11.8621,1389,2813.99
38908,-3.0179,1.2198,10.4244,1404,2813.99
38913,1.4377,2.9245,10.2819,1389,2814.13
38918,2.059,3.1077,10.7691,1398,2814.13
38923,-3.456,-0.3256,11.9866,1387,2814.13
38928,-3.65,0.516,10.9319,1396,2814.13
38933,0.759,2.7964,9.8916,1387,2814.13
38938,2.0518,3.6152,10.5082,1395,2814.13
38943,-2.9317,0.401,11.7914,1395,2814.13
38948,-3.7122,-0.5578,11.3126,1397,2814.13
38953,-0.5459,2.3774,9.8162,1398,2813.99
38958,1.8016,3.5458,10.5046,1399,2813.99
38963,-0.6572,1.2594,11.4239,1388,2813.99
38968,-3.535,-1.2091,11.6598,1399,2813.99
38973,-2.0806,1.8292,9.9838,1397,2813.73
38978,1.6556,3.2046,10.4651,1399,2813.73
38983,1.5179,2.3367,11.0385,1396,2813.73
38988,-3.3579,-0.9577,11.9088,1389,2813.73
38993,-3.1735,1.1372,10.4782,1389,2813.73
38998,1.3324,2.9305,10.173,1391,2813.73
39003,2.1177,3.1304,10.5908,1397,2813.73
39008,-3.4249,-0.2322,11.9375,1389,2813.73
39013,-3.7086,0.1856,11.0361,1399,2813.73
39018,0.486,2.6743,9.9108,1395,2813.47
39023,1.9393,3.6332,10.5093,1389,2813.47
39028,-2.642,0.6069,11.7867,1395,2813.47
39033,-3.7565,-0.6967,11.412,1391,2813.47
39038,-0.8667,2.3415,9.8019,1399,2813.2
39043,1.8663,3.553,10.4878,1398,2813.2
39048,-0.1233,1.5119,11.3473,1392,2813.2
39053,-3.4177,-1.221,11.7017,1386,2813.2
39058,-2.2948,1.6556,10.0473,1391,2813.2
39063,1.6281,3.049,10.4279,1393,2813.07
39068,1.8639,2.4517,10.9439,1397,2813.07
39073,-3.2956,-0.9589,11.8932,1395,2813.07
39078,-3.395,0.9026,10.5237,1397,2813.07
39083,1.1648,2.8683,10.1359,1396,2813.47
39088,2.0399,3.3423,10.5943,1401,2813.47
39093,-3.4333,0.0168,11.9842,1383,2813.47
39098,-3.7505,0.1006,11.1486,1405,2813.47
39103,0.2789,2.7114,9.8258,1403,2813.34
39108,2.0063,3.7338,10.495,1400,2813.34
39113,-2.1428,0.8033,11.5999,1389,2813.34
39118,-3.6392,-0.8452,11.4814,1391,2813.34
39123,-1.1947,2.1284,9.8114,1397,2813.07
39128,1.7538,3.3471,10.5034,1391,2813.07
39133,0.4764,1.7083,11.2348,1400,2813.07
39138,-3.4417,-1.2857,11.7687,1397,2813.07
39143,-2.6324,1.4868,10.1538,1403,2813.07
39148,1.4988,2.9928,10.3813,1389,2814.13
39153,1.9309,2.7665,10.8589,1390,2814.13
39158,-3.3842,-0.6369,12.0512,1395,2814.13
39163,-3.4812,0.8116,10.7524,1399,2814.13
39168,1.087,2.9137,10.0485,1401,2813.73
39173,2.1129,3.462,10.4686,1397,2813.73
39178,-3.2358,0.1844,11.9147,1391,2813.73
39183,-3.7326,-0.2298,11.1893,1392,2813.73
39188,-0.0323,2.5343,9.7719,1397,2813.86
39193,1.9022,3.65,10.4746,1400,2813.86
39198,-1.634,0.9421,11.5532,1389,2813.86
39203,-3.6512,-1.0307,11.564,1401,2813.86
39208,-1.5299,2.0327,9.845,1400,2813.6
39213,1.7418,3.304,10.5237,1389,2813.6
39218,0.9433,1.9848,11.1749,1401,2813.6
39223,-3.3519,-1.1049,11.8621,1389,2813.6
39228,-2.8467,1.4078,10.2496,1403,2813.6
39233,1.4988,2.982,10.2927,1391,2813.47
39238,2.0925,2.9006,10.7727,1397,2813.47
39243,-3.3243,-0.5064,11.9638,1387,2813.47
39248,-3.5805,0.5315,10.811,1397,2813.47
39253,0.82,2.7521,9.9551,1395,2813.6
39258,2.0063,3.5326,10.5117,1401,2813.6
39263,-3.1196,0.3292,11.7998,1395,2813.6
39268,-3.7876,-0.3807,11.3784,1399,2813.6
39273,-0.3496,2.5127,9.7755,1389,2813.34
39278,1.9273,3.6595,10.562,1400,2813.34
39283,-1.0786,1.1935,11.3952,1388,2813.34
39288,-3.5147,-1.0882,11.6274,1403,2813.34
39293,-1.7945,1.883,9.8928,1403,2813.2
39298,1.7142,3.1771,10.4303,1391,2813.2
39303,1.3491,2.1165,11.0732,1389,2813.2
39308,-3.3411,-1.1636,11.8932,1383,2813.2
39313,-3.0813,1.148,10.4435,1399,2813.2
39318,1.3551,2.8802,10.2592,1391,2813.07
39323,2.077,3.0813,10.6757,1401,2813.07
39328,-3.4477,-0.2885,11.9602,1395,2813.07
39333,-3.6272,0.4082,10.9738,1395,2813.07
39338,0.7051,2.806,9.9072,1397,2812.81
39343,2.053,3.7194,10.5333,1389,2812.81
39348,-2.7952,0.5411,11.7424,1385,2812.81
39353,-3.7002,-0.559,11.3425,1391,2812.81
39358,-0.65,2.3284,9.7288,1404,2813.34
39363,1.8064,3.5219,10.4734,1399,2813.34
39368,-0.4369,1.3587,11.4048,1391,2813.34
39373,-3.4836,-1.2917,11.6741,1389,2813.34
39378,-2.1835,1.7298,10.0102,1391,2813.34
39383,1.6041,3.1041,10.416,1395,2813.34
39388,1.5862,2.4086,11.0564,1398,2813.34
39393,-3.3734,-0.9206,11.8705,1395,2813.34
39398,-3.2382,1.1085,10.5979,1398,2813.34
39403,1.3264,2.9102,10.1921,1388,2813.6
39408,2.1512,3.2729,10.6195,1397,2813.6
39413,-3.383,-0.1257,11.9243,1385,2813.6
39418,-3.723,0.1161,11.1606,1407,2813.6
39423,0.4381,2.6264,9.7935,1401,2814.26
39428,1.9549,3.6284,10.4926,1397,2814.26
39433,-2.4098,0.6021,11.6538,1387,2814.26
39438,-3.7637,-0.7937,11.4072,1391,2814.26
39443,-1.0259,2.2709,9.7755,1399,2814.79
39448,1.8172,3.5326,10.5381,1395,2814.79
39453,0.1389,1.6173,11.3353,1403,2814.79
39458,-3.4357,-1.1684,11.7639,1391,2814.79
39463,-2.4373,1.6448,10.0209,1397,2814.79
39468,1.6245,3.073,10.3394,1391,2814.92
39473,1.9178,2.6037,10.8852,1391,2814.92
39478,-3.3507,-0.7697,11.9662,1391,2814.92
39483,-3.401,0.8715,10.671,1390,2814.92
39488,1.1349,2.8144,10.0963,1401,2815.18
39493,2.0327,3.3734,10.5477,1397,2815.18
39498,-3.3974,0.0227,11.959,1388,2815.18
39503,-3.7984,0.0144,11.2085,1396,2815.18
39508,0.1365,2.636,9.8031,1399,2815.18
39513,2.0111,3.7433,10.4686,1401,2815.18
39518,-2.0051,0.8368,11.6238,1387,2815.18
39523,-3.6763,-0.8655,11.4634,1389,2815.18
39528,-1.251,2.132,9.8294,1397,2815.05
39533,1.7849,3.3519,10.4459,1389,2815.05
39538,0.5866,1.7418,11.236,1403,2815.05
39543,-3.3926,-1.2977,11.6777,1391,2815.05
39548,-2.7186,1.4772,10.137,1406,2815.05
39553,1.4796,2.9317,10.3394,1391,2814.92
39558,1.9154,2.7402,10.8697,1391,2814.92
39563,-3.4034,-0.6812,11.9626,1385,2814.92
39568,-3.5434,0.8056,10.7679,1395,2814.92
39573,1.0786,2.8491,10.0365,1395,2815.05
39578,2.0997,3.5039,10.5321,1397,2815.05
39583,-3.2537,0.2215,11.8872,1381,2815.05
39588,-3.7481,-0.1437,11.1414,1397,2815.05
39593,-0.0455,2.5642,9.8078,1397,2814.92
39598,1.8854,3.6452,10.507,1402,2814.92
39603,-1.5862,0.9589,11.5089,1387,2814.92
39608,-3.6105,-1.0786,11.5005,1401,2814.92
39613,-1.6257,2.0123,9.894,1401,2814.79
39618,1.6987,3.2417,10.5345,1391,2814.79
39623,0.9493,1.9776,11.2264,1391,2814.79
39628,-3.4524,-1.1444,11.8058,1389,2814.79
39633,-2.8623,1.4521,10.3118,1401,2814.79
39638,1.4868,2.9892,10.3106,1391,2814.39
39643,2.1021,2.9113,10.7416,1388,2814.39
39648,-3.3291,-0.4405,11.9997,1390,2814.39
39653,-3.5626,0.5519,10.8362,1396,2814.39
39658,0.8882,2.7689,9.9778,1397,2814.26
39663,2.0327,3.4991,10.477,1391,2814.26
39668,-3.1029,0.31,11.8908,1395,2814.26
39673,-3.7924,-0.4501,11.2527,1397,2814.26
39678,-0.3424,2.4708,9.7348,1397,2814.39
39683,1.8878,3.6033,10.4818,1395,2814.39
39688,-1.0187,1.1648,11.5197,1391,2814.39
39693,-3.5745,-1.1001,11.5903,1401,2814.39
39698,-1.7992,1.9656,9.8761,1403,2814.13
39703,1.7777,3.2465,10.4962,1399,2814.13
39708,1.4138,2.1632,11.0959,1403,2814.13
39713,-3.2872,-1.1109,11.8705,1387,2814.13
39718,-3.0754,1.2007,10.2759,1399,2814.13
39723,1.4246,2.8922,10.2807,1391,2814.79
39728,2.0734,3.0095,10.6889,1401,2814.79
39733,-3.4417,-0.3603,11.9902,1387,2814.79
39738,-3.7074,0.3831,11.0038,1395,2814.79
39743,0.6812,2.812,9.9575,1401,2814.66
39748,2.0231,3.6368,10.5261,1390,2814.66
39753,-2.8623,0.5399,11.7759,1391,2814.66
39758,-3.7709,-0.504,11.3473,1399,2814.66
39763,-0.6153,2.4086,9.7648,1399,2815.32
39768,1.8603,3.5841,10.4782,1400,2815.32
39773,-0.4549,1.3204,11.3749,1389,2815.32
39778,-3.4979,-1.2486,11.6753,1389,2815.32
39783,-2.1213,1.7131,9.9072,1395,2815.32
39788,1.6281,3.1113,10.4279,1399,2815.98
39793,1.6185,2.3308,11.0085,1395,2815.98
39798,-3.4309,-1.0427,11.9519,1391,2815.98
39803,-3.2394,1.075,10.4651,1391,2815.98
39808,1.3575,2.8982,10.2197,1389,2816.11
39813,2.1213,3.2465,10.6602,1395,2816.11
39818,-3.4297,-0.0814,12.0368,1384,2816.11
39823,-3.705,0.2837,11.0145,1406,2816.11
39828,0.5171,2.7641,9.815,1400,2816.37
39833,2.0016,3.6524,10.4986,1395,2816.37
39838,-2.5798,0.6273,11.6837,1385,2816.37
39843,-3.7242,-0.7314,11.4323,1391,2816.37
39848,-0.8703,2.2601,9.7276,1391,2816.11
39853,1.7741,3.4453,10.5321,1395,2816.11
39858,-0.1317,1.4593,11.3653,1399,2816.11
39863,-3.5015,-1.1815,11.7053,1386,2816.11
39868,-2.3272,1.7178,10.0149,1395,2816.11
39873,1.64,3.1065,10.4579,1389,2816.11
39878,1.7741,2.4864,10.9702,1395,2816.11
39883,-3.3627,-0.8356,11.9531,1392,2816.11
39888,-3.3124,0.9708,10.5991,1400,2816.11
39893,1.251,2.8647,10.1191,1401,2816.37
39898,2.1177,3.2813,10.6686,1395,2816.37
39903,-3.4058,-0.0227,11.8776,1385,2816.37
39908,-3.8152,-0.0024,11.169,1401,2816.37
39913,0.2765,2.66,9.7791,1392,2816.9
39918,1.9513,3.6536,10.4986,1403,2816.9
39923,-2.2865,0.7195,11.6622,1385,2816.9
39928,-3.7529,-0.814,11.5233,1395,2816.9
39933,-1.0834,2.2709,9.748,1388,2817.7
39938,1.8735,3.456,10.5022,1391,2817.7
39943,0.3567,1.6508,11.2743,1399,2817.7
39948,-3.4201,-1.2007,11.7292,1395,2817.7
39953,-2.5007,1.5766,10.0916,1401,2817.7
39958,1.6029,3.0299,10.3693,1390,2818.22
39963,1.9333,2.5702,10.9008,1389,2818.22
39968,-3.3267,-0.8356,11.91,1388,2818.22
39973,-3.4596,0.8835,10.665,1398,2818.22
39978,1.1564,2.8539,10.0233,1397,2818.49
39983,2.083,3.3842,10.5967,1395,2818.49
39988,-3.3926,0.1077,11.9124,1387,2818.49
39993,-3.808,0.0323,11.1917,1395,2818.49
39998,0.17,2.6408,9.8031,1391,2818.36
40003,2.0135,3.6931,10.4866,1399,2818.36
40008,-2.0375,0.8332,11.6095,1389,2818.36
40013,-3.6476,-0.8906,11.4778,1401,2818.36
40018,-1.2641,2.0889,9.7947,1401,2817.83
40023,1.7693,3.3315,10.5093,1389,2817.83
40028,0.5447,1.7466,11.242,1399,2817.83
40033,-3.4117,-1.3036,11.734,1389,2817.83
40038,-2.6959,1.5107,10.1514,1405,2817.83
40043,1.5754,3.0083,10.2615,1389,2818.75
40048,1.9872,2.7677,10.8996,1395,2818.75
40053,-3.4046,-0.6967,11.9483,1383,2818.75
40058,-3.4895,0.844,10.7631,1395,2818.75
40063,1.0882,2.8706,9.9563,1399,2818.22
40068,2.1344,3.4644,10.5824,1397,2818.22
40073,-3.2932,0.1269,11.9112,1386,2818.22
40078,-3.7972,-0.1389,11.1881,1396,2818.22
40083,0.0383,2.5534,9.7671,1401,2817.56
40088,1.9453,3.6607,10.5034,1400,2817.56
40093,-1.7669,0.8583,11.631,1381,2817.56
40098,-3.6895,-0.99,11.5245,1401,2817.56
40103,-1.4772,2.0853,9.8294,1397,2817.43
40108,1.7645,3.3519,10.5105,1408,2817.43
40113,0.8547,1.9441,11.1905,1397,2817.43
40118,-3.383,-1.1624,11.7795,1395,2817.43
40123,-2.7569,1.5131,10.2125,1403,2817.43
40128,1.5862,3.0215,10.3022,1391,2819.02
40133,2.0937,2.8347,10.7667,1389,2819.02
40138,-3.4034,-0.6093,12.0069,1387,2819.02
40143,-3.5793,0.656,10.7739,1391,2819.02
40148,0.9601,2.7761,10.0245,1400,2818.75
40153,2.0411,3.4812,10.5213,1397,2818.75
40158,-3.2633,0.2442,11.9124,1398,2818.75
40163,-3.8642,-0.2598,11.1761,1395,2818.75
40168,-0.1832,2.5654,9.7468,1403,2818.62
40173,1.9489,3.6799,10.5058,1391,2818.62
40178,-1.4676,1.0391,11.5975,1388,2818.62
40183,-3.6105,-1.0702,11.5855,1399,2818.62
40188,-1.6017,1.998,9.8438,1406,2818.75
40193,1.7921,3.2956,10.5177,1387,2818.75
40198,1.069,1.9752,11.1618,1398,2818.75
40203,-3.3519,-1.2689,11.8178,1387,2818.75
40208,-2.9437,1.3479,10.2077,1403,2818.75
40213,1.5083,2.9521,10.2999,1389,2819.28
40218,2.0806,2.8766,10.835,1400,2819.28
40223,-3.4177,-0.5315,11.9985,1389,2819.28
40228,-3.6883,0.595,10.7679,1397,2819.28
40233,0.9134,2.8479,10.0257,1389,2820.08
40238,2.0913,3.541,10.5441,1397,2820.08
40243,-3.146,0.3268,11.8585,1389,2820.08
40248,-3.8295,-0.3232,11.236,1395,2820.08
40253,-0.2418,2.5426,9.7384,1398,2819.81
40258,1.9094,3.6224,10.5093,1396,2819.81
40263,-1.2761,1.0798,11.5137,1385,2819.81
40268,-3.6069,-1.1277,11.5592,1401,2819.81
40273,-1.7358,1.9321,9.8462,1403,2818.75
40278,1.7107,3.2465,10.5249,1397,2818.75
40283,1.1995,2.0746,11.0672,1399,2818.75
40288,-3.4022,-1.1744,11.8513,1389,2818.75
40293,-3.0215,1.318,10.2963,1399,2818.75
40298,1.5012,3.0059,10.2735,1390,2817.7
40303,2.0901,2.9975,10.6614,1397,2817.7
40308,-3.4345,-0.3783,12.0716,1389,2817.7
40313,-3.6152,0.51,10.9164,1395,2817.7
40318,0.8212,2.7749,9.979,1402,2816.9
40323,2.0159,3.5674,10.5105,1389,2816.9
40328,-3.0394,0.3759,11.8166,1391,2816.9
40333,-3.7529,-0.5219,11.2815,1391,2816.9
40338,-0.4238,2.4134,9.6917,1403,2816.24
40343,1.8411,3.5805,10.5489,1395,2816.24
40348,-0.9098,1.2031,11.4299,1395,2816.24
40353,-3.5279,-1.1396,11.6334,1391,2816.24
40358,-1.8962,1.8783,9.8833,1397,2816.24
40363,1.7334,3.2394,10.4818,1397,2815.45
40368,1.4724,2.2039,11.0708,1400,2815.45
40373,-3.3267,-1.0331,11.9171,1389,2815.45
40378,-3.055,1.1791,10.4148,1397,2815.45
40383,1.3838,2.9568,10.2137,1390,2815.18
40388,2.0566,3.1161,10.7009,1389,2815.18
40393,-3.4069,-0.2957,11.9375,1385,2815.18
40398,-3.7218,0.3077,10.9642,1408,2815.18
40403,0.6141,2.7378,9.8869,1394,2814.79
40408,2.0387,3.6117,10.5189,1397,2814.79
40413,-2.8072,0.5411,11.7076,1389,2814.79
40418,-3.7577,-0.6009,11.473,1391,2814.79
40423,-0.6979,2.3607,9.7624,1391,2815.45
40428,1.8842,3.6308,10.5034,1399,2815.45
40433,-0.4489,1.4006,11.3593,1391,2815.45
40438,-3.4477,-1.1911,11.7256,1394,2815.45
40443,-2.2218,1.7178,9.9683,1397,2815.45
40448,1.6915,3.134,10.4136,1395,2814.92
40453,1.6771,2.3475,10.9762,1399,2814.92
40458,-3.3579,-1.0271,11.904,1397,2814.92
40463,-3.316,1.0223,10.5249,1395,2814.92
40468,1.2977,2.8958,10.1047,1400,2814.79
40473,2.1272,3.2669,10.6434,1387,2814.79
40478,-3.4357,-0.1209,11.9626,1385,2814.79
40483,-3.7517,0.1999,11.06,1403,2814.79
40488,0.4453,2.6719,9.8366,1399,2814.39
40493,2.0339,3.6751,10.5608,1387,2814.39
40498,-2.4301,0.6297,11.6777,1391,2814.39
40503,-3.6476,-0.7745,11.4431,1391,2814.39
40508,-0.9505,2.2302,9.7612,1398,2814.26
40513,1.7573,3.4656,10.4998,1391,2814.26
40518,0.1197,1.5921,11.2911,1401,2814.26
40523,-3.4931,-1.2594,11.7483,1391,2814.26
40528,-2.4086,1.6101,10.1323,1402,2814.26
40533,1.6101,3.0801,10.3944,1399,2814.39
40538,1.834,2.6217,10.9595,1395,2814.39
40543,-3.3806,-0.7638,11.9076,1388,2814.39
40548,-3.377,0.8835,10.6793,1399,2814.39
40553,1.1684,2.9066,10.0604,1399,2814.52
40558,2.0758,3.3567,10.6015,1397,2814.52
40563,-3.3962,0.0407,11.9219,1385,2814.52
40568,-3.7769,-0.0299,11.1725,1396,2814.52
40573,0.1544,2.6001,9.7683,1389,2815.18
40578,1.9225,3.7002,10.5273,1401,2815.18
40583,-2.0339,0.8176,11.649,1388,2815.18
40588,-3.6955,-0.9553,11.4814,1401,2815.18
40593,-1.2653,2.15,9.76,1397,2815.45
40598,1.8052,3.4453,10.4495,1391,2815.45
40603,0.5806,1.7645,11.3353,1395,2815.45
40608,-3.3806,-1.1851,11.7759,1391,2815.45
40613,-2.6181,1.5227,10.1897,1405,2815.45
40618,1.5586,3.0071,10.3034,1395,2815.71
40623,1.9884,2.7198,10.8505,1389,2815.71
40628,-3.3255,-0.7171,11.9435,1391,2815.71
40633,-3.5614,0.7626,10.7428,1403,2815.71
40638,0.99,2.8012,10.0329,1400,2815.84
40643,2.0458,3.474,10.5357,1403,2815.84
40648,-3.3519,0.1676,11.9207,1401,2815.84
40653,-3.7553,-0.1281,11.248,1392,2815.84
40658,-0.091,2.5893,9.8282,1395,2816.37
40663,1.9453,3.7589,10.4591,1397,2816.37
40668,-1.6616,0.9864,11.6394,1389,2816.37
40673,-3.614,-1.0163,11.5053,1401,2816.37
40678,-1.4617,1.9992,9.8521,1407,2816.9
40683,1.7609,3.3124,10.4818,1389,2816.9
40688,0.9278,1.9285,11.1701,1397,2816.9
40693,-3.3698,-1.2546,11.7855,1387,2816.9
40698,-2.8347,1.3683,10.2101,1401,2816.9
40703,1.47,2.9676,10.3274,1388,2817.3
40708,2.0255,2.8623,10.7919,1403,2817.3
40713,-3.3806,-0.5519,12.0153,1391,2817.3
40718,-3.5829,0.6835,10.8757,1398,2817.3
40723,0.9625,2.8599,9.9934,1391,2817.56
40728,2.1129,3.5279,10.4938,1396,2817.56
40733,-3.1723,0.3112,11.898,1397,2817.56
40738,-3.7924,-0.3112,11.2156,1399,2817.56
40743,-0.1784,2.4792,9.7959,1401,2818.22
40748,1.8998,3.5865,10.4663,1399,2818.22
40753,-1.2175,1.0523,11.5221,1389,2818.22
40758,-3.6105,-1.1492,11.57,1401,2818.22
40763,-1.6759,1.9632,9.821,1396,2818.22
40768,1.719,3.2441,10.4339,1399,2818.22
40773,1.1732,2.0566,11.1235,1397,2818.22
40778,-3.4333,-1.1121,11.8537,1388,2818.22
40783,-2.9269,1.3695,10.2831,1391,2818.22
40788,1.4521,2.9664,10.3166,1396,2818.22
40793,2.0889,2.9688,10.7236,1395,2818.22
40798,-3.3878,-0.401,12.0428,1391,2818.22
40803,-3.6224,0.4956,10.8541,1398,2818.22
40808,0.8296,2.7665,9.9108,1395,2817.83
40813,2.053,3.4991,10.471,1391,2817.83
40818,-3.1029,0.3579,11.8669,1397,2817.83
40823,-3.8355,-0.4573,11.3102,1396,2817.83
40828,-0.407,2.4744,9.7839,1400,2817.96
40833,1.8663,3.6284,10.4926,1395,2817.96
40838,-1.0092,1.1899,11.4874,1399,2817.96
40843,-3.5506,-1.1564,11.6897,1383,2817.96
40848,-1.8352,1.9393,9.8749,1399,2817.96
40853,1.7394,3.2753,10.4675,1399,2817.96
40858,1.3431,2.15,11.1115,1400,2817.96
40863,-3.3232,-1.1229,11.8705,1383,2817.96
40868,-3.0598,1.2019,10.313,1391,2817.96
40873,1.3934,2.9425,10.234,1387,2818.36
40878,2.0877,3.0191,10.7344,1399,2818.36
40883,-3.4141,-0.3926,12.0057,1388,2818.36
40888,-3.7577,0.3579,10.9487,1407,2818.36
40893,0.6572,2.7797,9.9323,1400,2818.36
40898,2.0291,3.5757,10.5225,1399,2818.36
40903,-2.9413,0.4968,11.8561,1390,2818.36
40908,-3.8116,-0.4621,11.3737,1396,2818.36
40913,-0.5303,2.4026,9.7157,1389,2818.62
40918,1.9441,3.5889,10.5022,1399,2818.62
40923,-0.674,1.2917,11.3557,1395,2818.62
40928,-3.5243,-1.1971,11.7064,1389,2818.62
40933,-1.9944,1.7526,9.8964,1395,2818.62
40938,1.6939,3.1556,10.4004,1391,2819.28
40943,1.5012,2.2398,11.0097,1389,2819.28
40948,-3.4105,-1.0894,11.9363,1390,2819.28
40953,-3.1975,1.142,10.4196,1389,2819.28
40958,1.3623,2.9317,10.2149,1395,2819.02
40963,2.0746,3.1879,10.7033,1391,2819.02
40968,-3.4884,-0.2334,12.0057,1387,2819.02
40973,-3.7254,0.3807,11.0253,1402,2819.02
40978,0.644,2.7569,9.8485,1397,2818.89
40983,2.0626,3.626,10.5441,1399,2818.89
40988,-2.7845,0.5279,11.7376,1388,2818.89
40993,-3.7709,-0.6608,11.3641,1391,2818.89
40998,-0.6596,2.302,9.7049,1399,2818.75
41003,1.8603,3.5279,10.5752,1385,2818.75
41008,-0.4621,1.3168,11.3713,1407,2818.75
41013,-3.5279,-1.1971,11.6634,1390,2818.75
41018,-2.1284,1.7705,9.9695,1399,2818.75
41023,1.6867,3.2166,10.4244,1401,2818.36
41028,1.6065,2.3475,11.0085,1391,2818.36
41033,-3.3615,-0.9481,11.9339,1389,2818.36
41038,-3.2801,1.1025,10.507,1401,2818.36
41043,1.3623,2.9149,10.1658,1399,2817.96
41048,2.1153,3.1783,10.647,1398,2817.96
41053,-3.4093,-0.1688,11.874,1383,2817.96
41058,-3.7385,0.1867,11.066,1413,2817.96
41063,0.4465,2.6971,9.8378,1397,2817.43
41068,2.0063,3.6452,10.5141,1405,2817.43
41073,-2.6121,0.577,11.6957,1387,2817.43
41078,-3.7924,-0.6668,11.4563,1388,2817.43
41083,-0.8775,2.3391,9.7791,1401,2817.17
41088,1.8651,3.5626,10.4914,1395,2817.17
41093,-0.1209,1.4916,11.3449,1401,2817.17
41098,-3.4572,-1.221,11.7124,1389,2817.17
41103,-2.2924,1.6843,10.0473,1401,2817.17
41108,1.6795,3.1184,10.3573,1391,2816.77
41113,1.8328,2.4648,10.9918,1388,2816.77
41118,-3.3363,-0.9433,11.9531,1395,2816.77
41123,-3.3196,0.9685,10.5692,1395,2816.77
41128,1.2294,2.8706,10.0712,1401,2816.37
41133,2.0925,3.3267,10.6374,1397,2816.37
41138,-3.4069,-0.0611,11.9315,1389,2816.37
41143,-3.7924,0.1688,11.1378,1391,2816.37
41148,0.2957,2.6863,9.8031,1401,2815.71
41153,2.0171,3.7326,10.5285,1400,2815.71
41158,-2.3116,0.7518,11.6789,1414,2815.71
41163,-3.6799,-0.8068,11.4299,1399,2815.71
41168,-1.0798,2.1907,9.7648,1398,2815.58
41173,1.798,3.3758,10.5058,1388,2815.58
41178,0.31,1.6017,11.3198,1397,2815.58
41183,-3.4225,-1.3252,11.6825,1389,2815.58
41188,-2.5379,1.549,10.1059,1406,2815.58
41193,1.5586,3.0227,10.3944,1388,2815.32
41198,1.907,2.6695,10.9104,1397,2815.32
41203,-3.3255,-0.7183,12.0009,1383,2815.32
41208,-3.4453,0.9206,10.72,1397,2815.32
41213,1.166,2.897,10.0724,1397,2815.18
41218,2.1296,3.4058,10.5764,1389,2815.18
41223,-3.3459,0.0898,11.9351,1395,2815.18
41228,-3.814,-0.0934,11.1737,1397,2815.18
41233,0.1197,2.5654,9.7851,1399,2814.92
41238,1.8938,3.5877,10.4806,1397,2814.92
41243,-1.8938,0.832,11.6227,1387,2814.92
41248,-3.6356,-0.9708,11.4503,1403,2814.92
41253,-1.3958,2.1069,9.8509,1403,2814.66
41258,1.7418,3.3447,10.4758,1391,2814.66
41263,0.7051,1.8591,11.2264,1399,2814.66
41268,-3.3615,-1.1768,11.7879,1389,2814.66
41273,-2.6755,1.5131,10.2113,1400,2814.66
41278,1.5526,3.0011,10.2891,1395,2814.79
41283,2.0602,2.7749,10.7895,1397,2814.79
41288,-3.3136,-0.571,11.9734,1391,2814.79
41293,-3.5267,0.6225,10.7404,1395,2814.79
41298,0.9732,2.7892,9.9958,1391,2815.05
41303,2.0219,3.468,10.5249,1391,2815.05
41308,-3.225,0.237,11.9315,1396,2815.05
41313,-3.8331,-0.2334,11.2492,1397,2815.05
41318,-0.2011,2.5474,9.7839,1397,2815.45
41323,1.9166,3.6727,10.5321,1398,2815.45
41328,-1.4246,1.1037,11.5436,1391,2815.45
41333,-3.6105,-1.0582,11.5652,1397,2815.45
41338,-1.6197,2.0004,9.8078,1396,2815.45
41343,1.822,3.2669,10.4818,1397,2815.45
41348,1.1181,1.9776,11.1366,1401,2815.45
41353,-3.3495,-1.2294,11.8633,1387,2815.45
41358,-2.9437,1.2917,10.2328,1391,2815.45
41363,1.4473,2.9305,10.2879,1386,2815.71
41368,2.0518,2.9724,10.7224,1402,2815.71
41373,-3.4285,-0.4693,12.0033,1384,2815.71
41378,-3.6919,0.5938,10.8338,1405,2815.71
41383,0.8523,2.8419,9.9994,1400,2815.71
41388,2.047,3.5937,10.507,1399,2815.71
41393,-3.0658,0.4202,11.8333,1389,2815.71
41398,-3.7685,-0.4034,11.3437,1396,2815.71
41403,-0.3496,2.4517,9.7468,1399,2815.84
41408,1.8806,3.5865,10.5429,1405,2815.84
41413,-0.929,1.1732,11.4742,1389,2815.84
41418,-3.5554,-1.2043,11.546,1391,2815.84
41423,-1.8675,1.8507,9.8749,1395,2815.84
41428,1.7154,3.1783,10.4974,1400,2815.84
41433,1.3168,2.2003,11.0684,1395,2815.84
41438,-3.3926,-1.0774,11.9938,1395,2815.84
41443,-3.0897,1.2617,10.3789,1391,2815.84
41448,1.4257,2.9521,10.2197,1397,2816.11
41453,2.1261,3.1137,10.6877,1391,2816.11
41458,-3.3746,-0.2717,12.0069,1389,2816.11
41463,-3.6931,0.3675,10.9547,1406,2816.11
41468,0.6644,2.7725,9.906,1402,2816.24
41473,2.0267,3.6045,10.5429,1396,2816.24
41478,-2.8695,0.4848,11.7244,1391,2816.24
41483,-3.7134,-0.5794,11.3509,1391,2816.24
41488,-0.6141,2.3703,9.7336,1401,2816.24
41493,1.8483,3.5781,10.5034,1390,2816.24
41498,-0.5243,1.3671,11.4347,1403,2816.24
41503,-3.541,-1.1779,11.7412,1400,2816.24
41508,-2.0973,1.8028,9.9216,1403,2816.24
41513,1.7011,3.1891,10.4459,1387,2816.24
41518,1.6209,2.3403,10.963,1392,2816.24
41523,-3.3124,-0.9732,11.8956,1391,2816.24
41528,-3.2202,1.0678,10.4052,1391,2816.24
41533,1.3012,2.8862,10.1742,1401,2816.24
41538,2.0877,3.1699,10.6781,1396,2816.24
41543,-3.4058,-0.1939,11.8968,1385,2816.24
41548,-3.7876,0.1939,11.0756,1400,2816.24
41553,0.4657,2.7593,9.7935,1395,2816.11
41558,1.998,3.6823,10.586,1402,2816.11
41563,-2.5821,0.6213,11.716,1389,2816.11
41568,-3.7469,-0.6309,11.4862,1396,2816.11
41573,-0.8799,2.2877,9.8043,1399,2816.11
41578,1.8747,3.4979,10.5536,1391,2816.11
41583,-0.0766,1.4473,11.3413,1399,2816.11
41588,-3.4848,-1.2809,11.7064,1397,2816.11
41593,-2.302,1.5993,10.0281,1403,2816.11
41598,1.6137,3.0335,10.3178,1392,2816.37
41603,1.7442,2.496,10.9595,1389,2816.37
41608,-3.3591,-0.9361,11.9638,1386,2816.37
41613,-3.3459,0.996,10.6147,1396,2816.37
41618,1.2689,2.9102,10.088,1401,2816.5
41623,2.1284,3.3208,10.6231,1397,2816.5
41628,-3.4093,-0.0036,11.9542,1389,2816.5
41633,-3.7469,0.1281,11.1163,1391,2816.5
41638,0.346,2.6588,9.7827,1406,2816.77
41643,1.9992,3.7134,10.4938,1403,2816.77
41648,-2.2853,0.7326,11.6825,1391,2816.77
41653,-3.6811,-0.8655,11.4694,1403,2816.77
41658,-1.063,2.1823,9.7324,1407,2816.5
41663,1.7693,3.3986,10.4938,1389,2816.5
41668,0.2298,1.6328,11.3461,1399,2816.5
41673,-3.4991,-1.2402,11.7017,1389,2816.5
41678,-2.5007,1.5969,10.0461,1405,2816.5
41683,1.6209,3.0658,10.3657,1391,2816.64
41688,1.895,2.654,10.9068,1395,2816.64
41693,-3.2896,-0.6979,11.9662,1389,2816.64
41698,-3.4668,0.8188,10.647,1392,2816.64
41703,1.1851,2.8563,10.058,1395,2816.9
41708,2.1368,3.4081,10.5321,1398,2816.9
41713,-3.3279,0.0575,11.9183,1397,2816.9
41718,-3.7816,-0.103,11.1522,1397,2816.9
41723,0.1053,2.6228,9.7839,1400,2817.03
41728,1.9609,3.6129,10.5261,1387,2817.03
41733,-1.9644,0.8691,11.6023,1389,2817.03
41738,-3.7218,-0.8667,11.5053,1403,2817.03
41743,-1.2941,2.1644,9.8174,1399,2817.3
41748,1.8399,3.3926,10.4675,1396,2817.3
41753,0.6536,1.7992,11.2803,1400,2817.3
41758,-3.383,-1.2306,11.74,1385,2817.3
41763,-2.6791,1.5024,10.2364,1398,2817.3
41768,1.5347,2.9724,10.2508,1395,2817.7
41773,2.0399,2.7258,10.8242,1400,2817.7
41778,-3.3722,-0.6596,11.9578,1391,2817.7
41783,-3.5745,0.7111,10.7428,1392,2817.7
41788,1.0702,2.812,10.003,1389,2817.96
41793,2.0758,3.4884,10.562,1387,2817.96
41798,-3.3279,0.2035,11.9471,1398,2817.96
41803,-3.8355,-0.1496,11.212,1391,2817.96
41808,-0.0359,2.6288,9.8138,1401,2818.62
41813,2.0446,3.7062,10.4866,1397,2818.62
41818,-1.6987,0.9553,11.6047,1392,2818.62
41823,-3.5961,-1.0558,11.5377,1399,2818.62
41828,-1.5095,2.0195,9.7791,1397,2819.15
41833,1.7741,3.2836,10.5477,1399,2819.15
41838,0.8464,1.8567,11.23,1399,2819.15
41843,-3.4297,-1.2701,11.8537,1385,2819.15
41848,-2.8563,1.4365,10.1658,1398,2819.15
41853,1.5598,3.0239,10.3274,1390,2819.81
41858,2.0446,2.8192,10.7895,1400,2819.81
41863,-3.3794,-0.5842,12.0033,1389,2819.81
41868,-3.6332,0.6871,10.8014,1396,2819.81
41873,0.9948,2.8539,10.0305,1385,2820.08
41878,2.1548,3.4608,10.5201,1396,2820.08
41883,-3.213,0.2298,11.9183,1391,2820.08
41888,-3.814,-0.2526,11.2312,1399,2820.08
41893,-0.0874,2.5474,9.6869,1396,2820.61
41898,1.9034,3.5889,10.5261,1398,2820.61
41903,-1.4772,1.0008,11.5831,1389,2820.61
41908,-3.6296,-1.093,11.5664,1397,2820.61
41913,-1.6149,2.0291,9.8354,1395,2820.61
41918,1.7466,3.3004,10.489,1400,2821.14
41923,0.9924,1.9956,11.0983,1395,2821.14
41928,-3.4046,-1.1408,11.8286,1391,2821.14
41933,-2.885,1.4353,10.2496,1389,2821.14
41938,1.5455,3.0119,10.2879,1395,2821.41
41943,2.0865,2.8874,10.7811,1389,2821.41
41948,-3.3603,-0.5555,12.0799,1387,2821.41
41953,-3.6164,0.5758,10.7368,1391,2821.41
41958,0.9493,2.7928,9.9599,1402,2820.61
41963,2.0231,3.4441,10.5596,1402,2820.61
41968,-3.2166,0.2634,11.8992,1395,2820.61
41973,-3.8211,-0.3508,11.2946,1392,2820.61
41978,-0.2023,2.5187,9.7588,1400,2819.42
41983,1.9178,3.6583,10.6183,1399,2819.42
41988,-1.2929,1.0942,11.5257,1397,2819.42
41993,-3.6344,-1.0894,11.5879,1384,2819.42
41998,-1.6257,1.9884,9.821,1390,2819.42
42003,1.7933,3.3016,10.5105,1395,2819.42
42008,1.1217,1.9465,11.1582,1397,2819.42
42013,-3.3627,-1.1791,11.8597,1387,2819.42
42018,-2.9461,1.2845,10.2376,1391,2819.42
42023,1.488,3.0059,10.2759,1385,2818.09
42028,2.0411,2.9281,10.7093,1399,2818.09
42033,-3.4069,-0.4585,12.0201,1384,2818.09
42038,-3.6859,0.5674,10.8912,1405,2818.09
42043,0.8308,2.8228,9.9898,1396,2817.7
42048,2.0626,3.6069,10.5776,1397,2817.7
42053,-3.0598,0.3915,11.795,1385,2817.7
42058,-3.8211,-0.3412,11.3306,1395,2817.7
42063,-0.334,2.4624,9.7336,1389,2817.56
42068,1.9297,3.6069,10.495,1396,2817.56
42073,-1.0379,1.1504,11.4335,1395,2817.56
42078,-3.5542,-1.1732,11.6334,1389,2817.56
42083,-1.8423,1.8723,9.8773,1391,2817.56
42088,1.6963,3.2154,10.4842,1397,2817.3
42093,1.2821,2.1093,11.072,1388,2817.3
42098,-3.377,-1.087,11.9255,1396,2817.3
42103,-3.0694,1.2486,10.3693,1389,2817.3
42108,1.4317,2.9688,10.1849,1401,2817.56
42113,2.1488,3.0454,10.6913,1389,2817.56
42118,-3.4153,-0.3412,12.0704,1383,2817.56
42123,-3.7397,0.4345,10.9475,1404,2817.56
42128,0.7482,2.7473,9.9228,1401,2817.83
42133,2.0482,3.6069,10.5405,1395,2817.83
42138,-2.9281,0.4525,11.7747,1389,2817.83
42143,-3.7852,-0.5291,11.4012,1391,2817.83
42148,-0.5411,2.3882,9.6762,1403,2817.83
42153,1.8687,3.5841,10.5177,1389,2817.83
42158,-0.7111,1.2498,11.467,1401,2817.83
42163,-3.5698,-1.1875,11.6646,1391,2817.83
42168,-2.0183,1.8435,9.9168,1402,2817.83
42173,1.719,3.2334,10.4615,1389,2817.3
42178,1.5479,2.2721,11.0433,1395,2817.3
42183,-3.3243,-0.984,11.8908,1389,2817.3
42188,-3.1436,1.16,10.4387,1399,2817.3
42193,1.3791,2.9389,10.2029,1399,2817.3
42198,2.1009,3.1304,10.7153,1401,2817.3
42203,-3.3698,-0.2622,12.0093,1386,2817.3
42208,-3.7972,0.2705,11.0265,1401,2817.3
42213,0.5734,2.7007,9.8366,1397,2817.7
42218,2.0542,3.6763,10.4842,1407,2817.7
42223,-2.7845,0.5602,11.7759,1385,2817.7
42228,-3.7948,-0.583,11.4383,1395,2817.7
42233,-0.7398,2.3272,9.73,1400,2818.09
42238,1.8543,3.5769,10.4315,1391,2818.09
42243,-0.3795,1.3922,11.4012,1399,2818.09
42248,-3.5087,-1.1863,11.6358,1391,2818.09
42253,-2.1679,1.7657,9.9982,1403,2818.09
42258,1.6604,3.1388,10.3825,1391,2818.62
42263,1.6723,2.3822,11.0289,1396,2818.62
42268,-3.3686,-1.0594,11.8968,1387,2818.62
42273,-3.3232,1.075,10.4615,1389,2818.62
42278,1.3312,2.8742,10.1191,1401,2819.15
42283,2.1751,3.2106,10.6554,1391,2819.15
42288,-3.4046,-0.1532,11.9914,1387,2819.15
42293,-3.7745,0.255,11.1175,1389,2819.15
42298,0.5004,2.6803,9.8509,1392,2819.02
42303,2.0566,3.6344,10.4962,1395,2819.02
42308,-2.5666,0.6309,11.7232,1390,2819.02
42313,-3.7457,-0.6859,11.382,1400,2819.02
42318,-0.8487,2.2781,9.6989,1399,2819.42
42323,1.883,3.462,10.5213,1385,2819.42
42328,-0.1293,1.4772,11.3629,1401,2819.42
42333,-3.5075,-1.2438,11.7316,1388,2819.42
42338,-2.2889,1.7023,9.9826,1405,2819.42
42343,1.6688,3.0598,10.4591,1389,2819.42
42348,1.7609,2.5103,10.9642,1397,2819.42
42353,-3.4046,-0.8775,11.9926,1383,2819.42
42358,-3.3806,1.0319,10.5752,1396,2819.42
42363,1.3084,2.8946,10.1454,1397,2819.68
42368,2.0889,3.2848,10.6303,1397,2819.68
42373,-3.4596,-0.103,11.9938,1389,2819.68
42378,-3.8463,0.0946,11.0828,1397,2819.68
42383,0.419,2.6695,9.7923,1398,2819.81
42388,2.0303,3.6512,10.4531,1401,2819.81
42393,-2.4157,0.6656,11.6945,1387,2819.81
42398,-3.7828,-0.8236,11.4658,1398,2819.81
42403,-0.9876,2.247,9.754,1402,2820.21
42408,1.8483,3.4656,10.55,1392,2820.21
42413,0.1221,1.5921,11.3725,1387,2820.21
42418,-3.4872,-1.2175,11.7843,1395,2820.21
42423,-2.3463,1.6771,10.009,1403,2820.21
42428,1.7226,3.1053,10.3837,1390,2820.74
42433,1.8555,2.5654,10.9068,1391,2820.74
42438,-3.3734,-0.8272,11.9997,1391,2820.74
42443,-3.4405,0.9218,10.5153,1398,2820.74
42448,1.2127,2.8874,10.0916,1400,2821.27
42453,2.0985,3.2693,10.6207,1394,2821.27
42458,-3.3878,-0.0239,11.977,1401,2821.27
42463,-3.8618,0.0539,11.0923,1395,2821.27
42468,0.3184,2.63,9.7791,1401,2822.07
42473,2.0303,3.644,10.495,1395,2822.07
42478,-2.3296,0.7147,11.6789,1389,2822.07
42483,-3.7445,-0.8308,11.5329,1398,2822.07
42488,-1.0199,2.2577,9.7085,1403,2822.87
42493,1.8759,3.5171,10.556,1389,2822.87
42498,0.1915,1.6077,11.2911,1387,2822.87
42503,-3.4596,-1.2665,11.8118,1385,2822.87
42508,-2.4636,1.6221,9.9874,1404,2822.87
42513,1.6843,3.0478,10.4363,1389,2823.66
42518,1.8148,2.5355,10.8972,1395,2823.66
42523,-3.4046,-0.8799,12.0404,1390,2823.66
42528,-3.4728,0.9074,10.5704,1397,2823.66
42533,1.2222,2.8958,10.1394,1397,2823.26
42538,2.0782,3.3184,10.6183,1397,2823.26
42543,-3.4034,-0.0132,11.989,1397,2823.26
42548,-3.869,0.0563,11.139,1396,2823.26
42553,0.3531,2.6456,9.7995,1397,2822.87
42558,2.0363,3.6619,10.4818,1399,2822.87
42563,-2.3547,0.6979,11.6921,1388,2822.87
42568,-3.7601,-0.8272,11.5041,1405,2822.87
42573,-1.0104,2.211,9.6486,1396,2822.47
42578,1.8543,3.4716,10.5309,1389,2822.47
42583,0.2143,1.6065,11.2683,1391,2822.47
42588,-3.5111,-1.2797,11.7974,1389,2822.47
42593,-2.4565,1.6221,10.0425,1399,2822.47
42598,1.6592,3.0777,10.3992,1394,2822.47
42603,1.8663,2.5798,10.9858,1389,2822.47
42608,-3.4058,-0.7997,11.9985,1391,2822.47
42613,-3.4189,0.9613,10.6458,1389,2822.47
42618,1.2665,2.873,10.0688,1400,2821.54
42623,2.1069,3.3148,10.647,1391,2821.54
42628,-3.4225,-0.0239,11.9124,1390,2821.54
42633,-3.8176,-0.0036,11.1522,1395,2821.54
42638,0.3148,2.6049,9.7456,1397,2821.94
42643,2.0363,3.6559,10.5093,1387,2821.94
42648,-2.2482,0.7219,11.6562,1392,2821.94
42653,-3.784,-0.8643,11.4886,1399,2821.94
42658,-1.0463,2.1907,9.6929,1401,2822.07
42663,1.883,3.5135,10.5632,1389,2822.07
42668,0.1879,1.6137,11.3401,1395,2822.07
42673,-3.5027,-1.2234,11.7615,1380,2822.07
42678,-2.5091,1.6568,10.0078,1403,2822.07
42683,1.6843,3.0646,10.3657,1389,2821.94
42688,1.9465,2.5642,10.9511,1391,2821.94
42693,-3.3291,-0.814,11.9399,1388,2821.94
42698,-3.5087,0.9074,10.6147,1397,2821.94
42703,1.2055,2.8132,10.076,1387,2821.8
42708,2.15,3.322,10.5692,1398,2821.8
42713,-3.4069,-0.0539,11.8776,1396,2821.8
42718,-3.8618,0.0587,11.1067,1401,2821.8
42723,0.2885,2.6456,9.821,1398,2821.27
42728,2.0315,3.6859,10.501,1391,2821.27
42733,-2.2829,0.7697,11.6813,1389,2821.27
42738,-3.7373,-0.7841,11.4958,1403,2821.27
42743,-1.1372,2.2158,9.7504,1399,2821.27
42748,1.9261,3.4572,10.4351,1395,2821.27
42753,0.3711,1.6544,11.2899,1400,2821.27
42758,-3.5231,-1.2857,11.7304,1383,2821.27
42763,-2.5115,1.555,10.0377,1399,2821.27
42768,1.6065,3.0323,10.3609,1395,2822.73
42773,1.8986,2.6432,10.9307,1399,2822.73
42778,-3.45,-0.844,11.9854,1388,2822.73
42783,-3.4632,0.9182,10.6243,1395,2822.73
42788,1.2594,2.8611,10.0317,1390,2822.87
42793,2.1105,3.3974,10.6374,1394,2822.87
42798,-3.4512,0.0323,12.0249,1395,2822.87
42803,-3.8283,0.018,11.1654,1389,2822.87
42808,0.267,2.6731,9.7636,1403,2822.33
42813,2.0231,3.6583,10.489,1391,2822.33
42818,-2.1536,0.7278,11.631,1394,2822.33
42823,-3.5757,-1.2869,11.6957,1398,2822.33
42828,-1.069,2.1668,9.7157,1403,2821.54
42833,1.664,3.1125,10.4244,1391,2821.54
42838,0.316,1.64,11.2815,1400,2821.54
42843,-3.4453,-0.9062,11.959,1385,2821.54
