timestamp_ms,ax,ay,az,acs_adc,rpm
115328,3.207,3.7038,10.5656,1354,2983.15
115333,0.1041,0.3843,12.4929,1359,2983.15
115338,-5.8562,-0.9313,11.7735,1355,2983.15
115343,-1.4281,2.5774,8.248,1357,2983.44
115348,3.1591,3.7745,10.6015,1361,2983.44
115353,0.2646,0.4501,12.4666,1359,2983.44
115358,-5.7401,-1.0247,11.7819,1355,2983.44
115363,-1.6293,2.5582,8.3043,1363,2983.0
115368,3.1292,3.7469,10.5584,1357,2983.0
115373,0.5686,0.5746,12.451,1357,2983.0
115378,-5.7545,-1.0487,12.0428,1363,2983.0
115383,-1.8711,2.466,8.2851,1359,2982.7
115388,3.1424,3.7445,10.471,1363,2982.7
115393,0.7458,0.656,12.3708,1357,2982.7
115398,-5.6719,-1.1337,11.9363,1357,2982.7
115403,-2.1296,2.4888,8.4108,1365,2982.26
115408,3.1017,3.7373,10.4854,1365,2982.26
115413,0.9936,0.729,12.384,1354,2982.26
115418,-5.5809,-1.1205,12.1637,1355,2982.26
115423,-2.3786,2.381,8.3917,1357,2981.81
115428,3.0873,3.7565,10.4064,1359,2981.81
115433,1.342,0.8619,12.2715,1353,2981.81
115438,-5.4755,-1.239,12.1518,1356,2981.81
115443,-2.5666,2.4253,8.4288,1370,2982.26
115448,3.0323,3.7074,10.4028,1359,2982.26
115453,1.5155,0.905,12.1805,1354,2982.26
115458,-5.442,-1.2402,12.3313,1357,2982.26
115463,-2.8276,2.3391,8.4312,1362,2981.96
115468,2.9844,3.6643,10.3453,1365,2981.96
115473,1.81,1.0355,12.1721,1357,2981.96
115478,-5.3463,-1.3156,12.3493,1357,2981.96
115483,-3.055,2.3032,8.5377,1368,2981.66
115488,2.909,3.6296,10.2819,1355,2981.66
115493,2.047,1.1672,12.1194,1356,2981.66
115498,-5.3726,-1.3108,12.4786,1359,2981.66
115503,-3.2908,2.2302,8.5605,1355,2981.81
115508,2.8479,3.6009,10.1957,1355,2981.81
115513,2.2242,1.2534,12.0871,1353,2981.81
115518,-5.2253,-1.3551,12.4498,1359,2981.81
115523,-3.553,2.2541,8.6119,1363,2981.66
115528,2.7354,3.5686,10.1514,1362,2981.66
115533,2.4648,1.33,12.0117,1357,2981.66
115538,-5.2194,-1.3072,12.6821,1366,2981.66
115543,-3.7757,2.2218,8.673,1365,2981.81
115548,2.8084,3.565,10.0952,1361,2981.81
115553,2.6228,1.4808,11.9578,1357,2981.81
115558,-5.102,-1.2953,12.7108,1365,2981.81
115563,-3.9911,2.1871,8.7819,1356,2981.81
115568,2.7306,3.5506,10.0688,1356,2981.81
115573,2.8491,1.5646,11.9495,1364,2981.81
115578,-5.0206,-1.2785,12.8676,1367,2981.81
115583,-4.2114,2.0806,8.8071,1357,2981.81
115588,2.7569,3.5494,9.9347,1355,2981.81
115593,3.0347,1.6975,11.9614,1359,2981.81
115598,-4.9273,-1.2953,12.8233,1384,2981.81
115603,-4.397,2.071,8.9076,1367,2981.66
115608,2.7438,3.5434,9.8797,1353,2981.66
115613,3.1807,1.7561,11.8489,1365,2981.66
115618,-4.8016,-1.239,12.9742,1363,2981.66
115623,-4.5753,1.9525,8.989,1361,2981.81
115628,2.6624,3.5195,9.7528,1353,2981.81
115633,3.3112,1.8962,11.8202,1367,2981.81
115638,-4.6711,-1.3396,13.0628,1357,2981.81
115643,-4.7645,1.8543,8.9783,1361,2981.81
115648,2.6121,3.4572,9.8055,1352,2981.81
115653,3.4165,1.9728,11.6945,1367,2981.81
115658,-4.6124,-1.239,13.0652,1353,2981.81
115663,-4.938,1.7921,9.1327,1359,2981.81
115668,2.5438,3.4704,9.6223,1357,2981.81
115673,3.4919,2.1404,11.6777,1367,2981.81
115678,-4.4855,-1.2175,13.0855,1356,2981.81
115683,-5.1104,1.6867,9.2285,1357,2981.81
115688,2.4421,3.377,9.6714,1357,2982.11
115693,3.6464,2.2254,11.6071,1364,2982.11
115698,-4.4628,-1.2007,13.1621,1359,2982.11
115703,-5.2804,1.6412,9.3254,1357,2982.11
115708,2.405,3.3567,9.517,1358,2982.4
115713,3.6464,2.3463,11.576,1363,2982.4
115718,-4.3024,-1.0774,13.1968,1356,2982.4
115723,-5.4588,1.5778,9.4224,1357,2982.4
115728,2.3343,3.3686,9.5481,1357,2982.7
115733,3.7972,2.4612,11.4227,1355,2982.7
115738,-4.2138,-1.0104,13.2639,1356,2982.7
115743,-5.5964,1.5335,9.5134,1359,2982.7
115748,2.2685,3.3483,9.4415,1357,2982.55
115753,3.8475,2.5462,11.4682,1359,2982.55
115758,-4.0869,-0.911,13.3501,1354,2982.55
115763,-5.6383,1.3922,9.5804,1367,2982.55
115768,2.2218,3.4117,9.402,1355,2982.85
115773,3.8798,2.6181,11.3916,1357,2982.85
115778,-3.9313,-0.8966,13.2818,1355,2982.85
115783,-5.7413,1.33,9.6498,1371,2982.85
115788,2.1308,3.31,9.1925,1355,2982.4
115793,3.9456,2.6947,11.3581,1358,2982.4
115798,-3.7517,-0.826,13.2914,1355,2982.4
115803,-5.867,1.2306,9.7312,1363,2982.4
115808,2.0219,3.286,9.2488,1355,2982.4
115813,3.948,2.7617,11.3258,1355,2982.4
115818,-3.65,-0.7913,13.2447,1357,2982.4
115823,-5.8263,1.087,9.8701,1363,2982.4
115828,1.9465,3.2178,9.0872,1364,2982.11
115833,3.948,2.8371,11.2707,1357,2982.11
115838,-3.4931,-0.7266,13.2866,1358,2982.11
115843,-5.9831,1.0068,9.8354,1362,2982.11
115848,1.8028,3.2046,9.1459,1353,2981.96
115853,3.9157,2.9281,11.2396,1357,2981.96
115858,-3.3411,-0.753,13.2172,1359,2981.96
115863,-6.0214,0.8859,10.0209,1357,2981.96
115868,1.7454,3.1508,8.9352,1357,2982.26
115873,3.869,3.0382,11.1462,1355,2982.26
115878,-3.2932,-0.6273,13.2531,1362,2982.26
115883,-6.0669,0.814,10.0987,1355,2982.26
115888,1.5395,3.1711,8.9292,1343,2982.26
115893,3.8319,3.0897,11.1654,1356,2982.26
115898,-3.1627,-0.5758,13.1765,1356,2982.26
115903,-6.1339,0.7219,10.2328,1354,2982.26
115908,1.4796,3.1089,8.7891,1353,2982.26
115913,3.9049,3.2238,11.1342,1357,2982.26
115918,-2.9868,-0.4537,13.2854,1354,2982.26
115923,-6.1651,0.5758,10.3346,1355,2982.26
115928,1.3467,3.1196,8.8633,1353,2982.4
115933,3.8403,3.2848,10.9918,1362,2982.4
115938,-2.7629,-0.4022,13.2172,1352,2982.4
115943,-6.0897,0.4729,10.3813,1355,2982.4
115948,1.1851,3.0275,8.6886,1353,2982.7
115953,3.8618,3.3184,10.9774,1363,2982.7
115958,-2.569,-0.334,13.2675,1343,2982.7
115963,-6.1531,0.3208,10.4698,1361,2982.7
115968,1.0487,3.0718,8.7209,1358,2982.85
115973,3.8211,3.3686,10.9331,1361,2982.85
115978,-2.4289,-0.3352,13.034,1355,2982.85
115983,-6.128,0.2143,10.5979,1355,2982.85
115988,0.9002,2.9904,8.5485,1364,2982.85
115993,3.7984,3.4034,11.0193,1363,2982.85
115998,-2.2039,-0.2526,13.052,1355,2982.85
116003,-6.1507,0.0299,10.641,1356,2982.85
116008,0.7147,2.9221,8.5856,1363,2982.7
116013,3.717,3.4429,10.8529,1359,2982.7
116018,-2.0494,-0.2598,12.973,1355,2982.7
116023,-6.1627,-0.0658,10.726,1359,2982.7
116028,0.4884,2.9066,8.5461,1363,2982.55
116033,3.6667,3.5099,10.829,1357,2982.55
116038,-1.9106,-0.1257,12.9646,1353,2982.55
116043,-6.1399,-0.182,10.8062,1357,2982.55
116048,0.3136,2.8934,8.4922,1359,2982.55
116053,3.5602,3.5147,10.8038,1357,2982.55
116058,-1.7214,-0.097,12.8569,1351,2982.55
116063,-6.1627,-0.2155,10.9714,1357,2982.55
116068,0.1736,2.8359,8.4503,1363,2982.7
116073,3.5518,3.6248,10.8709,1363,2982.7
116078,-1.579,0.0227,12.894,1353,2982.7
116083,-6.0897,-0.3124,11.072,1365,2982.7
116088,-0.067,2.8635,8.412,1355,2982.85
116093,3.5279,3.7134,10.7571,1357,2982.85
116098,-1.3108,0.0168,12.7886,1353,2982.85
116103,-6.0681,-0.3663,11.248,1365,2982.85
116108,-0.2023,2.8,8.3234,1353,2982.7
116113,3.5757,3.7182,10.7368,1359,2982.7
116118,-1.0523,0.1077,12.7312,1353,2982.7
116123,-5.9963,-0.4597,11.212,1365,2982.7
116128,-0.3759,2.7809,8.3845,1359,2983.0
116133,3.4333,3.6739,10.6506,1363,2983.0
116138,-0.8475,0.1532,12.7695,1357,2983.0
116143,-5.9197,-0.6165,11.3725,1363,2983.0
116148,-0.5495,2.7126,8.2863,1364,2983.15
116153,3.4608,3.6643,10.6063,1357,2983.15
116158,-0.571,0.2155,12.6869,1356,2983.15
116163,-5.9316,-0.7578,11.3485,1365,2983.15
116168,-0.7973,2.6755,8.3067,1363,2983.59
116173,3.3555,3.6655,10.6326,1355,2983.59
116178,-0.3687,0.2514,12.5851,1363,2983.59
116183,-5.8538,-0.8332,11.5281,1359,2983.59
116188,-0.99,2.6145,8.248,1364,2983.89
116193,3.231,3.729,10.6195,1363,2983.89
116198,-0.1664,0.3244,12.5528,1362,2983.89
116203,-5.8981,-0.9313,11.5664,1356,2983.89
116208,-1.2881,2.6228,8.3629,1359,2983.74
116213,3.237,3.7649,10.5692,1359,2983.74
116218,0.0886,0.4142,12.5348,1355,2983.74
116223,-5.8383,-0.9361,11.6646,1359,2983.74
116228,-1.4425,2.569,8.3282,1357,2983.89
116233,3.1903,3.7409,10.5489,1358,2983.89
116238,0.2394,0.4717,12.5025,1359,2983.89
116243,-5.8119,-1.0499,11.8022,1353,2983.89
116248,-1.7226,2.5606,8.4013,1359,2983.89
116253,3.1388,3.7661,10.4914,1359,2983.89
116258,0.51,0.5902,12.4319,1355,2983.89
116263,-5.7557,-1.0008,11.898,1363,2983.89
116268,-1.8579,2.5462,8.3306,1363,2983.89
116273,3.1388,3.8044,10.5213,1365,2983.89
116278,0.759,0.6776,12.372,1353,2983.89
116283,-5.6886,-1.1073,11.9578,1359,2983.89
116288,-2.047,2.5019,8.3845,1364,2983.89
116293,3.128,3.8116,10.5165,1364,2983.89
116298,0.9756,0.7111,12.3553,1355,2983.89
116303,-5.551,-1.1372,12.0883,1357,2983.89
116308,-2.2781,2.4517,8.3641,1363,2984.18
116313,3.1424,3.7409,10.4327,1362,2984.18
116318,1.2857,0.8224,12.2607,1353,2984.18
116323,-5.5665,-1.2067,12.1027,1353,2984.18
116328,-2.4181,2.4624,8.418,1365,2984.33
116333,3.073,3.6679,10.3729,1363,2984.33
116338,1.5036,0.8811,12.2416,1343,2984.33
116343,-5.4767,-1.2474,12.2715,1357,2984.33
116348,-2.7054,2.3535,8.4372,1365,2984.78
116353,2.9808,3.6871,10.3406,1359,2984.78
116358,1.6915,0.9218,12.1889,1351,2984.78
116363,-5.4169,-1.318,12.299,1356,2984.78
116368,-2.9269,2.3391,8.4599,1367,2984.63
116373,2.9305,3.6404,10.337,1357,2984.63
116378,1.9285,1.0295,12.1518,1359,2984.63
116383,-5.4336,-1.3288,12.4163,1357,2984.63
116388,-3.1424,2.314,8.5281,1355,2984.48
116393,2.9185,3.6559,10.3094,1359,2984.48
116398,2.0183,1.1205,12.1171,1354,2984.48
116403,-5.3738,-1.306,12.5217,1362,2984.48
116408,-3.3279,2.3188,8.5988,1356,2984.18
116413,2.8575,3.7254,10.1921,1358,2984.18
116418,2.2122,1.2558,12.0883,1338,2984.18
116423,-5.3522,-1.312,12.6222,1363,2984.18
116428,-3.5003,2.2769,8.6371,1355,2984.93
116433,2.8778,3.6943,10.1801,1357,2984.93
116438,2.3619,1.3599,12.1434,1355,2984.93
116443,-5.2277,-1.3084,12.6282,1366,2984.93
116448,-3.7134,2.2721,8.7245,1359,2984.48
116453,2.8539,3.6799,10.064,1355,2984.48
116458,2.5917,1.4425,11.9914,1357,2984.48
116463,-5.1667,-1.3144,12.7,1365,2984.48
116468,-3.8882,2.1919,8.7209,1352,2983.74
116473,2.8599,3.6488,10.0712,1355,2983.74
116478,2.7976,1.4892,11.9387,1343,2983.74
116483,-5.0494,-1.306,12.8353,1363,2983.74
116488,-3.9983,2.1069,8.7736,1365,2984.33
116493,2.7952,3.5949,10.0437,1353,2984.33
116498,2.909,1.5921,11.9495,1364,2984.33
116503,-4.9548,-1.324,12.8269,1364,2984.33
116508,-4.2641,2.0327,8.8585,1365,2983.74
116513,2.7521,3.5326,9.9407,1351,2983.74
116518,3.055,1.7059,11.8645,1363,2983.74
116523,-4.8949,-1.3767,12.9036,1357,2983.74
116528,-4.4388,2.0004,8.8849,1367,2983.89
116533,2.7114,3.5147,9.8988,1355,2983.89
116538,3.2118,1.7693,11.8764,1363,2983.89
116543,-4.8375,-1.3192,12.9682,1353,2983.89
116548,-4.616,1.9321,8.9699,1366,2984.18
116553,2.6085,3.4812,9.8665,1356,2984.18
116558,3.2836,1.8998,11.7807,1351,2984.18
116563,-4.7453,-1.2797,12.9814,1355,2984.18
116568,-4.8064,1.9034,9.0776,1356,2983.15
116573,2.5857,3.4884,9.8306,1355,2983.15
116578,3.3579,1.9872,11.7053,1365,2983.15
116583,-4.6938,-1.2246,13.0699,1356,2983.15
116588,-4.9716,1.8507,9.1195,1353,2983.15
116593,2.5618,3.474,9.7875,1359,2985.37
116598,3.462,2.1368,11.6813,1363,2985.37
116603,-4.5693,-1.1696,13.1753,1357,2985.37
116608,-5.0566,1.8387,9.2021,1355,2985.37
116613,2.478,3.486,9.6391,1359,2983.89
116618,3.5961,2.2039,11.6622,1358,2983.89
116623,-4.4975,-1.1444,13.1633,1357,2983.89
116628,-5.2325,1.731,9.3003,1363,2983.89
116633,2.5019,3.4536,9.5828,1359,2983.44
116638,3.7158,2.3331,11.6083,1357,2983.44
116643,-4.3826,-1.0822,13.2363,1355,2983.44
116648,-5.3427,1.6316,9.3506,1365,2983.44
116653,2.4361,3.4309,9.5146,1357,2983.15
116658,3.7577,2.3439,11.5317,1359,2983.15
116663,-4.1647,-1.0403,13.1837,1355,2983.15
116668,-5.4348,1.5622,9.3889,1363,2983.15
116673,2.3176,3.4129,9.4858,1355,2983.15
116678,3.8571,2.4337,11.4754,1359,2983.15
116683,-4.0917,-1.0367,13.277,1352,2983.15
116688,-5.5929,1.4353,9.487,1366,2983.15
116693,2.2936,3.3196,9.3434,1355,2982.85
116698,3.8535,2.5091,11.4383,1362,2982.85
116703,-3.9959,-1.0044,13.2304,1353,2982.85
116708,-5.7233,1.3072,9.578,1367,2982.85
116713,2.1632,3.3315,9.3506,1353,2982.85
116718,3.8235,2.6025,11.4766,1359,2982.85
116723,-3.9061,-0.9517,13.2938,1352,2982.85
116728,-5.8287,1.2582,9.657,1365,2982.85
116733,2.0638,3.3243,9.2512,1355,2982.55
116738,3.8906,2.739,11.3282,1357,2982.55
116743,-3.8379,-0.8775,13.2974,1361,2982.55
116748,-5.9292,1.2306,9.8258,1361,2982.55
116753,1.9848,3.2717,9.2356,1354,2982.7
116758,3.8666,2.8371,11.2575,1355,2982.7
116763,-3.6404,-0.8033,13.283,1359,2982.7
116768,-5.9484,1.0702,9.8414,1358,2982.7
116773,1.8699,3.2801,9.1901,1352,2983.0
116778,3.9061,2.9149,11.2264,1355,2983.0
116783,-3.5231,-0.6847,13.3501,1357,2983.0
116788,-6.0501,0.9984,9.979,1353,2983.0
116793,1.8435,3.2477,9.0273,1351,2982.85
116798,3.9528,3.0107,11.151,1353,2982.85
116803,-3.3567,-0.6656,13.228,1357,2982.85
116808,-6.0226,0.9038,10.07,1353,2982.85
116813,1.7406,3.1759,8.9914,1352,2982.7
116818,3.9253,3.0682,11.2061,1355,2982.7
116823,-3.1268,-0.5806,13.283,1354,2982.7
116828,-6.0334,0.7721,10.1849,1353,2982.7
116833,1.6328,3.1508,8.8825,1357,2982.85
116838,3.972,3.1256,11.1079,1363,2982.85
116843,-3.0131,-0.5806,13.1873,1343,2982.85
116848,-6.1052,0.6464,10.2292,1353,2982.85
116853,1.4401,3.1101,8.8597,1357,2982.4
116858,3.863,3.1544,11.0588,1363,2982.4
116863,-2.8635,-0.4896,13.2124,1350,2982.4
116868,-6.0837,0.492,10.3034,1355,2982.4
116873,1.2929,3.0813,8.7352,1353,2982.4
116878,3.7637,3.2453,10.9942,1359,2982.4
116883,-2.7043,-0.4345,13.1382,1354,2982.4
116888,-6.1806,0.3711,10.3801,1355,2982.4
116893,1.1492,3.037,8.7508,1364,2982.4
116898,3.7529,3.286,11.0014,1366,2982.4
116903,-2.5714,-0.3639,13.1106,1355,2982.4
116908,-6.1878,0.2909,10.5129,1355,2982.4
116913,0.984,3.0514,8.6514,1363,2982.4
116918,3.735,3.3782,10.9343,1362,2982.4
116923,-2.3954,-0.3053,13.0376,1355,2982.4
116928,-6.1842,0.2191,10.6434,1359,2982.4
116933,0.7913,3.0239,8.6514,1363,2982.26
116938,3.6966,3.4512,10.9379,1359,2982.26
116943,-2.2757,-0.243,12.9526,1352,2982.26
116948,-6.1914,0.1365,10.7583,1357,2982.26
116953,0.6883,2.9544,8.6084,1357,2982.4
116958,3.711,3.4872,10.8469,1357,2982.4
116963,-2.0937,-0.1879,12.949,1351,2982.4
116968,-6.1256,0.0395,10.8397,1362,2982.4
116973,0.4884,2.9736,8.5461,1355,2982.7
116978,3.6643,3.5362,10.7883,1358,2982.7
116983,-1.822,-0.1269,12.9143,1351,2982.7
116988,-6.1615,-0.1317,10.9056,1365,2982.7
116993,0.3376,2.9341,8.4551,1355,2982.7
116998,3.6559,3.5626,10.7775,1357,2982.7
117003,-1.5826,-0.0754,12.8593,1355,2982.7
117008,-6.1028,-0.2693,10.9858,1365,2982.7
117013,0.1736,2.8443,8.442,1342,2982.85
117018,3.6093,3.6069,10.7883,1359,2982.85
117023,-1.4449,-0.0622,12.7862,1355,2982.85
117028,-6.0549,-0.3675,11.1067,1366,2982.85
117033,-0.0491,2.818,8.3761,1357,2983.0
117038,3.5338,3.6248,10.7416,1358,2983.0
117043,-1.221,0.0299,12.7395,1357,2983.0
117048,-6.0621,-0.48,11.2204,1363,2983.0
117053,-0.2107,2.7665,8.3438,1363,2982.85
117058,3.4668,3.6105,10.665,1356,2982.85
117063,-1.0199,0.0491,12.7192,1357,2982.85
117068,-6.025,-0.5974,11.2192,1357,2982.85
117073,-0.4824,2.745,8.424,1363,2982.55
117078,3.3375,3.6835,10.6889,1355,2982.55
117083,-0.7781,0.1544,12.6689,1363,2982.55
117088,-6.0011,-0.6907,11.3868,1358,2982.55
117093,-0.6835,2.7114,8.3151,1359,2982.11
117098,3.3375,3.723,10.7392,1353,2982.11
117103,-0.5746,0.2334,12.6019,1363,2982.11
117108,-5.9448,-0.7985,11.467,1351,2982.11
117113,-0.8763,2.7043,8.3043,1363,2982.4
117118,3.3064,3.7912,10.6303,1357,2982.4
117123,-0.3807,0.3196,12.5492,1357,2982.4
117128,-5.8694,-0.8224,11.6286,1357,2982.4
117133,-1.1145,2.654,8.2756,1359,2982.26
117138,3.2836,3.7792,10.6506,1359,2982.26
117143,-0.0204,0.3819,12.4558,1357,2982.26
117148,-5.8562,-0.8727,11.6394,1359,2982.26
117153,-1.3779,2.5989,8.3258,1355,2982.55
117158,3.2741,3.7757,10.5584,1363,2982.55
117163,0.1867,0.4956,12.4463,1359,2982.55
117168,-5.7616,-0.9744,11.7053,1357,2982.55
117173,-1.5778,2.5295,8.3534,1363,2982.55
117178,3.1771,3.7302,10.5776,1365,2982.55
117183,0.4657,0.5183,12.3732,1353,2982.55
117188,-5.6814,-1.063,11.8944,1358,2982.55
117193,-1.7681,2.5151,8.3414,1362,2983.0
117198,3.1651,3.7278,10.5273,1363,2983.0
117203,0.7314,0.589,12.3206,1355,2983.0
117208,-5.6491,-1.0882,11.898,1356,2983.0
117213,-1.9692,2.4517,8.3594,1365,2983.29
117218,3.0993,3.6907,10.4998,1361,2983.29
117223,0.893,0.656,12.2607,1353,2983.29
117228,-5.6479,-1.1995,12.0907,1361,2983.29
117233,-2.229,2.4888,8.3546,1365,2983.44
117238,3.0358,3.7302,10.416,1357,2983.44
117243,1.1756,0.7865,12.1937,1355,2983.44
117248,-5.6084,-1.1803,12.1901,1357,2983.44
117253,-2.4828,2.4217,8.3953,1357,2983.44
117258,2.9844,3.6895,10.4423,1355,2983.44
117263,1.4186,0.8344,12.2248,1355,2983.44
117268,-5.527,-1.2677,12.1961,1357,2983.44
117273,-2.6671,2.4217,8.4491,1379,2983.44
117278,2.982,3.7182,10.3142,1357,2983.44
117283,1.6233,0.9577,12.1446,1357,2983.44
117288,-5.4432,-1.3144,12.3289,1361,2983.44
117293,-2.8814,2.3739,8.4827,1363,2983.44
117298,2.9173,3.6823,10.3549,1359,2983.44
117303,1.8387,1.0439,12.1386,1359,2983.44
117308,-5.43,-1.2893,12.4259,1365,2983.44
117313,-3.1089,2.3547,8.5437,1361,2983.29
117318,2.9712,3.6966,10.3011,1356,2983.29
117323,2.0758,1.1576,12.1015,1355,2983.29
117328,-5.3223,-1.2869,12.5696,1362,2983.29
117333,-3.298,2.2613,8.588,1359,2983.44
117338,2.8922,3.6847,10.2185,1351,2983.44
117343,2.2374,1.1851,12.0261,1357,2983.44
117348,-5.2565,-1.2845,12.6414,1365,2983.44
117353,-3.5171,2.2398,8.6622,1355,2983.59
117358,2.8778,3.6595,10.1478,1353,2983.59
117363,2.4421,1.3001,12.0213,1357,2983.59
117368,-5.2158,-1.3587,12.6881,1359,2983.59
117373,-3.7541,2.162,8.7269,1364,2983.44
117378,2.8886,3.6308,10.1107,1353,2983.44
117383,2.6013,1.4509,11.971,1366,2983.44
117388,-5.0566,-1.3659,12.7264,1363,2983.44
117393,-3.9313,2.1332,8.7676,1363,2984.04
117398,2.7605,3.6176,10.0796,1355,2984.04
117403,2.8395,1.5251,11.9147,1363,2984.04
117408,-5.0925,-1.3384,12.8269,1355,2984.04
117413,-4.1348,2.1033,8.7759,1368,2984.18
117418,2.7354,3.5805,10.0353,1355,2984.18
117423,2.9592,1.6568,11.8393,1365,2984.18
117428,-4.9811,-1.3096,12.888,1353,2984.18
117433,-4.3479,2.0339,8.9004,1367,2984.18
117438,2.6923,3.5183,10.0102,1355,2984.18
117443,3.037,1.7478,11.8058,1365,2984.18
117448,-4.8973,-1.2953,12.9083,1355,2984.18
117453,-4.5334,1.998,8.9507,1351,2983.44
117458,2.6719,3.5063,9.9503,1357,2983.44
117463,3.1987,1.816,11.7914,1363,2983.44
117468,-4.8578,-1.2845,12.9574,1355,2983.44
117473,-4.6819,1.9692,9.0489,1355,2983.44
117478,2.6013,3.5195,9.8402,1363,2983.15
117483,3.3172,1.9369,11.7759,1359,2983.15
117488,-4.7262,-1.2366,13.0292,1353,2983.15
117493,-4.8351,1.8974,9.0573,1355,2983.15
117498,2.5738,3.4788,9.7911,1359,2982.7
117503,3.4429,2.0231,11.6897,1355,2982.7
117508,-4.5358,-1.1744,13.1298,1353,2982.7
117513,-4.9967,1.8136,9.1087,1363,2982.7
117518,2.5486,3.4931,9.7492,1353,2982.55
117523,3.5434,2.1093,11.6191,1363,2982.55
117528,-4.4843,-1.1169,13.1944,1356,2982.55
117533,-5.1882,1.7023,9.2177,1366,2982.55
117538,2.496,3.4536,9.6917,1356,2982.26
117543,3.638,2.2398,11.6107,1361,2982.26
117548,-4.3694,-1.1025,13.2208,1352,2982.26
117553,-5.3175,1.6221,9.2991,1367,2982.26
117558,2.4038,3.4069,9.5373,1355,2982.11
117563,3.6883,2.3236,11.5712,1363,2982.11
117568,-4.2341,-1.1277,13.1765,1353,2982.11
117573,-5.4432,1.5826,9.396,1365,2982.11
117578,2.3619,3.3782,9.5457,1354,2982.26
117583,3.7625,2.4205,11.4946,1361,2982.26
117588,-4.124,-1.0714,13.2268,1359,2982.26
117593,-5.5354,1.4832,9.4763,1363,2982.26
117598,2.2613,3.3938,9.402,1352,2982.4
117603,3.8271,2.5486,11.4179,1356,2982.4
117608,-4.0211,-1.0235,13.2507,1353,2982.4
117613,-5.6994,1.3683,9.5421,1363,2982.4
117618,2.1979,3.3363,9.4044,1355,2982.26
117623,3.8128,2.6288,11.3318,1351,2982.26
117628,-3.9277,-0.911,13.3189,1352,2982.26
117633,-5.8179,1.3096,9.6462,1363,2982.26
117638,2.1081,3.3232,9.3266,1355,2982.26
117643,3.8535,2.7545,11.2982,1353,2982.26
117648,-3.814,-0.8811,13.3501,1356,2982.26
117653,-5.8395,1.2043,9.8138,1354,2982.26
117658,1.9704,3.2932,9.2452,1354,2982.11
117663,3.8511,2.8299,11.3306,1355,2982.11
117668,-3.6895,-0.8009,13.2699,1353,2982.11
117673,-5.9436,1.1061,9.8976,1355,2982.11
117678,1.9285,3.2597,9.1075,1351,2982.11
117683,3.8774,2.9102,11.2252,1353,2982.11
117688,-3.5063,-0.6895,13.3405,1356,2982.11
117693,-5.9831,1.0092,9.9982,1349,2982.11
117698,1.7957,3.2681,9.0836,1350,2982.26
117703,3.8858,2.9664,11.1737,1361,2982.26
117708,-3.3184,-0.6153,13.3058,1352,2982.26
117713,-6.0406,0.8619,10.0509,1355,2982.26
117718,1.6604,3.1771,9.007,1355,2982.26
117723,3.8642,3.0598,11.1821,1364,2982.26
117728,-3.2142,-0.5806,13.2579,1352,2982.26
117733,-6.0729,0.735,10.1059,1355,2982.26
117738,1.5766,3.2106,8.9268,1356,2982.55
117743,3.9049,3.122,11.1043,1359,2982.55
117748,-3.0514,-0.5243,13.2112,1351,2982.55
117753,-6.1016,0.6141,10.1861,1361,2982.55
117758,1.397,3.128,8.8969,1359,2982.4
117763,3.8307,3.1891,11.1043,1363,2982.4
117768,-2.8671,-0.5195,13.1585,1354,2982.4
117773,-6.1483,0.5267,10.2999,1355,2982.4
117778,1.2917,3.0921,8.7652,1367,2982.55
117783,3.8283,3.2238,10.9786,1363,2982.55
117788,-2.7342,-0.4357,13.1262,1356,2982.55
117793,-6.177,0.3915,10.3992,1357,2982.55
117798,1.1504,3.0742,8.7712,1357,2982.85
117803,3.7745,3.3016,10.9068,1357,2982.85
117808,-2.5702,-0.4034,13.1394,1349,2982.85
117813,-6.2022,0.2813,10.4878,1357,2982.85
117818,1.0199,3.0167,8.7113,1359,2983.15
117823,3.7745,3.3758,10.8852,1355,2983.15
117828,-2.3858,-0.3316,13.1142,1354,2983.15
117833,-6.1866,0.2023,10.5943,1355,2983.15
117838,0.8966,3.0299,8.6586,1367,2983.74
117843,3.7302,3.4776,10.9092,1357,2983.74
117848,-2.2553,-0.2729,13.0161,1349,2983.74
117853,-6.177,0.1425,10.6853,1361,2983.74
117858,0.7147,2.9856,8.5246,1356,2983.29
117863,3.711,3.5195,10.9008,1361,2983.29
117868,-2.1069,-0.2083,12.9754,1343,2983.29
117873,-6.1447,-0.0024,10.7943,1365,2983.29
117878,0.5662,2.9269,8.5401,1355,2983.29
117883,3.6883,3.5494,10.835,1332,2983.29
117888,-1.8783,-0.1628,12.9215,1351,2983.29
117893,-6.1136,-0.1101,10.8493,1365,2983.29
117898,0.3807,2.9113,8.509,1356,2983.15
117903,3.6105,3.547,10.7691,1359,2983.15
117908,-1.6723,-0.1437,12.9047,1355,2983.15
117913,-6.0585,-0.2394,10.975,1367,2983.15
117918,0.1496,2.8826,8.436,1359,2983.15
117923,3.5422,3.5997,10.75,1358,2983.15
117928,-1.4688,-0.0359,12.8473,1355,2983.15
117933,-6.0717,-0.3663,11.0229,1369,2983.15
117938,0.006,2.8431,8.3869,1363,2983.15
117943,3.5015,3.6188,10.799,1358,2983.15
117948,-1.3156,-0.0335,12.8233,1361,2983.15
117953,-6.0322,-0.4657,11.1474,1362,2983.15
117958,-0.2191,2.7725,8.3558,1363,2982.85
117963,3.4488,3.6236,10.7811,1356,2982.85
117968,-1.0942,0.079,12.7084,1362,2982.85
117973,-6.0202,-0.5339,11.2659,1356,2982.85
117978,-0.4262,2.7641,8.3558,1363,2982.7
117983,3.4129,3.6452,10.7344,1355,2982.7
117988,-0.8727,0.1065,12.6965,1359,2982.7
117993,-6.0059,-0.6273,11.3258,1355,2982.7
117998,-0.6572,2.7485,8.4156,1363,2982.55
118003,3.3303,3.7074,10.653,1359,2982.55
118008,-0.6273,0.1844,12.6258,1358,2982.55
118013,-5.8969,-0.7039,11.4251,1358,2982.55
118018,-0.8499,2.6959,8.3773,1365,2982.4
118023,3.2836,3.7302,10.6434,1365,2982.4
118028,-0.3675,0.2634,12.5684,1357,2982.4
118033,-5.8682,-0.7949,11.5412,1357,2982.4
118038,-1.0558,2.6707,8.3534,1358,2982.55
118043,3.2693,3.7385,10.6973,1367,2982.55
118048,-0.1556,0.3292,12.5121,1353,2982.55
118053,-5.7928,-0.8595,11.6119,1359,2982.55
118058,-1.2486,2.6049,8.3115,1359,2982.26
118063,3.2214,3.7182,10.5931,1364,2982.26
118068,0.1245,0.3974,12.4271,1353,2982.26
118073,-5.7557,-0.9098,11.7124,1356,2982.26
118078,-1.494,2.5702,8.2684,1367,2982.11
118083,3.1927,3.7673,10.586,1367,2982.11
118088,0.3867,0.4669,12.4319,1353,2982.11
118093,-5.7197,-1.0487,11.7867,1357,2982.11
118098,-1.7154,2.569,8.3115,1359,2982.11
118103,3.0777,3.7158,10.5022,1355,2982.11
118108,0.6416,0.5614,12.3936,1354,2982.11
118113,-5.6503,-1.1181,11.8561,1350,2982.11
118118,-1.9489,2.5103,8.3486,1364,2982.11
118123,3.0454,3.6919,10.501,1357,2982.11
118128,0.9026,0.6285,12.2942,1357,2982.11
118133,-5.6288,-1.1959,11.995,1363,2982.11
118138,-2.223,2.4876,8.3354,1359,2981.51
118143,3.0251,3.7122,10.4818,1359,2981.51
118148,1.1576,0.7518,12.2284,1355,2981.51
118153,-5.606,-1.2079,12.1721,1363,2981.51
118158,-2.496,2.46,8.4001,1365,2982.55
118163,2.9796,3.7038,10.4459,1361,2982.55
118168,1.3252,0.832,12.1961,1357,2982.55
118173,-5.4875,-1.2426,12.2655,1367,2982.55
118178,-2.7581,2.393,8.4635,1365,2981.81
118183,2.9652,3.7469,10.3753,1357,2981.81
118188,1.6245,0.9756,12.2308,1359,2981.81
118193,-5.4624,-1.2486,12.3158,1366,2981.81
118198,-2.9461,2.3427,8.5736,1363,2981.96
118203,2.9377,3.7194,10.3585,1358,2981.96
118208,1.8842,1.075,12.1901,1358,2981.96
118213,-5.3451,-1.2857,12.4151,1367,2981.96
118218,-3.1508,2.3667,8.5748,1356,2981.66
118223,2.8659,3.7182,10.2436,1359,2981.66
118228,2.1416,1.1576,12.056,1359,2981.66
118233,-5.2625,-1.3623,12.5217,1363,2981.66
118238,-3.4081,2.2972,8.5976,1369,2982.55
118243,2.8551,3.6308,10.2388,1355,2982.55
118248,2.3774,1.251,11.995,1365,2982.55
118253,-5.1775,-1.3695,12.6234,1363,2982.55
118258,-3.6164,2.2122,8.6491,1363,2981.81
118263,2.8539,3.5853,10.1634,1356,2981.81
118268,2.5355,1.3623,11.9842,1373,2981.81
118273,-5.1212,-1.403,12.7264,1359,2981.81
118278,-3.802,2.1344,8.7101,1363,2982.26
118283,2.745,3.5626,10.1107,1355,2982.26
118288,2.7007,1.4617,11.9531,1367,2982.26
118293,-5.053,-1.3803,12.7431,1355,2982.26
118298,-4.0606,2.1284,8.7963,1361,2981.96
118303,2.7198,3.5338,10.0353,1353,2981.96
118308,2.8443,1.6328,11.9782,1365,2981.96
118313,-5.0111,-1.3575,12.8353,1355,2981.96
118318,-4.2365,2.0686,8.819,1355,2981.96
118323,2.6755,3.565,9.9994,1357,2981.66
118328,2.9939,1.7322,11.8357,1363,2981.66
118333,-4.8997,-1.312,12.9143,1355,2981.66
118338,-4.5083,2.0303,8.9555,1359,2981.66
118343,2.6145,3.5267,10.0209,1361,2981.66
118348,3.1244,1.8244,11.7747,1359,2981.66
118353,-4.7716,-1.2558,13.0197,1359,2981.66
118358,-4.6507,1.9561,8.9866,1353,2981.66
118363,2.6049,3.5913,9.8988,1363,2981.37
118368,3.322,1.992,11.7603,1357,2981.37
118373,-4.61,-1.1995,13.028,1355,2981.37
118378,-4.8674,1.9201,9.0848,1365,2981.37
118383,2.6061,3.5255,9.7995,1359,2980.92
118388,3.4967,2.0339,11.6933,1363,2980.92
118393,-4.5215,-1.1803,13.0448,1355,2980.92
118398,-5.0266,1.804,9.1423,1369,2980.92
118403,2.5618,3.4692,9.7288,1357,2981.37
118408,3.6428,2.1679,11.6729,1359,2981.37
118413,-4.4305,-1.1768,13.1154,1355,2981.37
118418,-5.1978,1.7226,9.2332,1365,2981.37
118423,2.4648,3.3938,9.6486,1355,2981.22
118428,3.6895,2.2446,11.5628,1362,2981.22
118433,-4.2844,-1.136,13.21,1355,2981.22
118438,-5.3726,1.6113,9.3565,1367,2981.22
118443,2.3942,3.3603,9.6163,1354,2981.22
118448,3.7158,2.3583,11.5257,1359,2981.22
118453,-4.1946,-1.1085,13.2531,1355,2981.22
118458,-5.5186,1.4724,9.4284,1358,2981.22
118463,2.3343,3.3351,9.5038,1353,2981.22
118468,3.7816,2.4457,11.4275,1355,2981.22
118473,-4.0965,-1.075,13.2543,1363,2981.22
118478,-5.6383,1.415,9.5936,1363,2981.22
118483,2.1979,3.3136,9.4032,1354,2981.51
118488,3.814,2.5462,11.4299,1357,2981.51
118493,-3.9899,-0.9768,13.2375,1359,2981.51
118498,-5.7521,1.3874,9.6702,1357,2981.51
118503,2.1404,3.3028,9.3398,1355,2981.66
118508,3.814,2.7031,11.4287,1356,2981.66
118513,-3.869,-0.8775,13.2854,1359,2981.66
118518,-5.8119,1.2294,9.7396,1354,2981.66
118523,2.0578,3.3148,9.262,1355,2982.11
118528,3.8618,2.7701,11.3162,1352,2982.11
118533,-3.699,-0.8332,13.3106,1357,2982.11
118538,-5.9005,1.1492,9.809,1356,2982.11
118543,1.9632,3.2956,9.1542,1354,2982.26
118548,3.9109,2.8659,11.2563,1363,2982.26
118553,-3.4967,-0.7482,13.3333,1352,2982.26
118558,-5.9759,1.0271,9.8881,1357,2982.26
118563,1.8854,3.2621,9.1243,1353,2982.4
118568,3.899,2.9389,11.1833,1365,2982.4
118573,-3.3627,-0.7147,13.2699,1352,2982.4
118578,-5.9795,0.9481,9.9527,1357,2982.4
118583,1.7334,3.2441,9.0214,1359,2982.55
118588,3.8678,3.0287,11.1869,1367,2982.55
118593,-3.2034,-0.65,13.2292,1352,2982.55
118598,-6.0382,0.753,10.094,1357,2982.55
118603,1.6376,3.1627,8.9016,1365,2982.26
118608,3.9169,3.0682,11.1462,1355,2982.26
118613,-3.0777,-0.6069,13.1801,1356,2982.26
118618,-6.0992,0.6788,10.1406,1355,2982.26
118623,1.5395,3.1448,8.9435,1368,2982.11
118628,3.8271,3.1472,11.1103,1363,2982.11
118633,-2.9485,-0.5435,13.1525,1354,2982.11
118638,-6.1052,0.5602,10.2639,1359,2982.11
118643,1.3635,3.0981,8.8155,1364,2982.11
118648,3.7457,3.213,11.0061,1363,2982.11
118653,-2.8168,-0.419,13.1669,1354,2982.11
118658,-6.2225,0.4561,10.398,1356,2982.11
118663,1.221,3.0981,8.7939,1363,2982.11
118668,3.7781,3.2956,11.048,1359,2982.11
118673,-2.6612,-0.3962,13.1525,1353,2982.11
118678,-6.1746,0.3867,10.4794,1353,2982.11
118683,1.1037,3.0394,8.685,1363,2981.96
118688,3.7769,3.3914,10.9774,1358,2981.96
118693,-2.4732,-0.34,13.0975,1355,2981.96
118698,-6.1651,0.249,10.6087,1365,2981.96
118703,0.8894,2.9928,8.673,1362,2981.96
118708,3.7098,3.4572,10.9367,1355,2981.96
118713,-2.2924,-0.3124,13.0005,1353,2981.96
118718,-6.1543,0.1915,10.6985,1367,2981.96
118723,0.7673,3.0047,8.6239,1354,2981.81
118728,3.7326,3.486,10.9235,1365,2981.81
118733,-2.0985,-0.1676,13.0304,1353,2981.81
118738,-6.1375,0.0395,10.7811,1366,2981.81
118743,0.5926,2.9592,8.606,1356,2983.0
118748,3.6727,3.5015,10.8218,1363,2983.0
118753,-1.8172,-0.1724,12.9826,1353,2983.0
118758,-6.1124,-0.1137,10.8254,1367,2983.0
118763,0.3855,2.8874,8.491,1357,2982.55
118768,3.6272,3.5386,10.8613,1359,2982.55
118773,-1.6891,-0.1018,12.876,1357,2982.55
118778,-6.0849,-0.2394,10.963,1363,2982.55
118783,0.2059,2.9018,8.418,1365,2982.4
118788,3.5386,3.6176,10.7811,1355,2982.4
118793,-1.5215,-0.097,12.7862,1363,2982.4
118798,-6.0178,-0.3639,11.0576,1363,2982.4
118803,-1.9405,2.5343,8.3582,1365,2982.26
118808,3.0634,3.7565,10.4639,1359,2982.26
118813,0.832,0.6285,12.3014,1363,2982.26
118818,-5.6671,-1.1408,11.9961,1356,2982.26
118823,-2.1261,2.5091,8.4396,1363,2982.55
118828,3.0526,3.7469,10.4842,1357,2982.55
118833,1.0822,0.7853,12.3349,1358,2982.55
118838,-5.5893,-1.1791,12.1171,1357,2982.55
118843,-2.381,2.4624,8.4408,1365,2983.0
118848,3.0023,3.7481,10.4028,1357,2983.0
118853,1.3563,0.8272,12.2607,1357,2983.0
118858,-5.4959,-1.2115,12.1817,1351,2983.0
118863,-2.575,2.3798,8.3737,1363,2983.0
118868,3.0394,3.7278,10.3837,1365,2983.0
118873,1.6293,0.8966,12.135,1355,2983.0
118878,-5.4528,-1.2665,12.2906,1343,2983.0
118883,-2.8587,2.3798,8.4683,1365,2983.15
118888,2.9868,3.735,10.3561,1364,2983.15
118893,1.8148,0.9792,12.123,1353,2983.15
118898,-5.3463,-1.3072,12.39,1359,2983.15
118903,-3.073,2.3583,8.4862,1368,2983.15
118908,2.9377,3.7134,10.2448,1363,2983.15
118913,1.992,1.1049,12.0823,1353,2983.15
118918,-5.357,-1.3431,12.4774,1355,2983.15
118923,-3.2872,2.2817,8.5377,1364,2983.44
118928,2.9269,3.6571,10.2627,1357,2983.44
118933,2.1943,1.2091,12.0392,1355,2983.44
118938,-5.2325,-1.3695,12.5061,1351,2983.44
118943,-3.4931,2.2386,8.6431,1365,2983.29
118948,2.8012,3.6356,10.1969,1363,2983.29
118953,2.3571,1.3096,11.9818,1354,2983.29
118958,-5.1942,-1.385,12.6103,1355,2983.29
118963,-3.7062,2.1943,8.6479,1362,2982.55
118968,2.7701,3.6488,10.1813,1357,2982.55
118973,2.563,1.4377,11.9507,1357,2982.55
118978,-5.1308,-1.3336,12.7156,1359,2982.55
118983,-3.8954,2.1632,8.7173,1357,2983.44
118988,2.7497,3.5638,10.1849,1359,2983.44
118993,2.733,1.4832,11.9531,1355,2983.44
118998,-5.0733,-1.3012,12.815,1357,2983.44
119003,-4.1587,2.132,8.7281,1365,2983.44
119008,2.7402,3.5781,10.0664,1362,2983.44
119013,2.982,1.6041,11.8477,1352,2983.44
119018,-4.9859,-1.3024,12.8425,1362,2983.44
119023,-4.3239,2.0794,8.9579,1368,2982.7
119028,2.7653,3.5626,10.0126,1359,2982.7
119033,3.0897,1.7621,11.8788,1355,2982.7
119038,-4.9213,-1.2534,12.8796,1365,2982.7
119043,-4.4891,2.0387,8.9615,1364,2982.85
119048,2.7162,3.5207,9.9359,1374,2982.85
119053,3.2573,1.8495,11.7579,1356,2982.85
119058,-4.7621,-1.2534,12.9826,1367,2982.85
119063,-4.6448,1.9309,9.0381,1357,2982.4
119068,2.6731,3.5291,9.8952,1355,2982.4
119073,3.383,1.8938,11.6705,1349,2982.4
119078,-4.6819,-1.2665,13.0316,1365,2982.4
119083,-4.8614,1.8735,9.0621,1369,2982.26
119088,2.6109,3.4943,9.8055,1355,2982.26
119093,3.4728,2.0063,11.6693,1365,2982.26
119098,-4.5657,-1.2282,13.1406,1363,2982.26
119103,-5.0099,1.7729,9.1578,1369,2981.96
119108,2.5091,3.4895,9.7181,1359,2981.96
119113,3.5446,2.1332,11.6741,1365,2981.96
119118,-4.4616,-1.1947,13.1226,1353,2981.96
119123,-5.1679,1.6879,9.2177,1364,2982.55
119128,2.4624,3.3662,9.6379,1354,2982.55
119133,3.6176,2.2601,11.6598,1363,2982.55
119138,-4.373,-1.1253,13.222,1351,2982.55
119143,-5.3115,1.6628,9.323,1363,2982.11
119148,2.3739,3.4117,9.5529,1359,2982.11
119153,3.7026,2.375,11.5353,1367,2982.11
119158,-4.2437,-1.0726,13.2184,1352,2982.11
119163,-5.4312,1.5371,9.3972,1356,2982.11
119168,2.32,3.3914,9.5158,1357,2982.4
119173,3.7529,2.4517,11.406,1363,2982.4
119178,-4.1432,-1.0319,13.3046,1355,2982.4
119183,-5.5857,1.4964,9.487,1357,2982.4
119188,2.2889,3.3627,9.4774,1359,2982.11
119193,3.8247,2.5738,11.4431,1373,2982.11
119198,-4.0175,-0.9685,13.2747,1357,2982.11
119203,-5.6826,1.3527,9.5948,1357,2982.11
119208,2.1823,3.3172,9.3721,1359,2981.66
119213,3.8523,2.6348,11.4215,1357,2981.66
119218,-3.8762,-0.8942,13.2854,1357,2981.66
119223,-5.7676,1.2821,9.6917,1357,2981.66
119228,2.132,3.304,9.2308,1359,2981.66
119233,3.9037,2.7497,11.3485,1363,2981.66
119238,-3.7481,-0.7997,13.2782,1353,2981.66
119243,-5.8347,1.1827,9.8007,1367,2981.66
119248,2.0207,3.2801,9.2057,1358,2981.81
119253,3.8822,2.8299,11.2252,1359,2981.81
119258,-3.5518,-0.7638,13.2854,1352,2981.81
119263,-5.9316,1.0606,9.8605,1367,2981.81
119268,1.9106,3.2681,9.1327,1355,2981.51
119273,3.9241,2.9329,11.1989,1363,2981.51
119278,-3.4129,-0.741,13.2579,1353,2981.51
119283,-6.0214,0.923,9.9946,1357,2981.51
119288,1.7502,3.2382,9.068,1355,2981.66
119293,3.8954,2.9556,11.212,1359,2981.66
119298,-3.2741,-0.6704,13.222,1355,2981.66
119303,-6.0765,0.814,10.0126,1363,2981.66
119308,1.6328,3.1951,8.9376,1355,2981.66
119313,3.8678,3.0646,11.1354,1357,2981.66
119318,-3.1065,-0.5746,13.2076,1355,2981.66
119323,-6.0944,0.7195,10.1945,1363,2981.66
119328,1.5203,3.1903,8.9172,1354,2981.51
119333,3.887,3.1412,11.1366,1357,2981.51
119338,-3.0011,-0.5435,13.1849,1357,2981.51
119343,-6.1327,0.6105,10.2627,1354,2981.51
119348,1.3827,3.1376,8.8657,1355,2981.81
119353,3.8559,3.2178,11.0732,1356,2981.81
119358,-2.8587,-0.4717,13.198,1358,2981.81
119363,-6.1555,0.492,10.3501,1355,2981.81
119368,1.2103,3.0933,8.8035,1355,2981.81
119373,3.8032,3.3052,10.9942,1357,2981.81
119378,-2.6217,-0.3723,13.1597,1355,2981.81
119383,-6.1603,0.401,10.4746,1355,2981.81
119388,1.0977,3.128,8.77,1355,2981.96
119393,3.8044,3.3639,10.9535,1355,2981.96
119398,-2.4672,-0.2909,13.0759,1352,2981.96
119403,-6.1339,0.2753,10.5692,1353,2981.96
119408,0.9469,3.0095,8.6263,1351,2981.66
119413,3.717,3.4069,10.92,1363,2981.66
119418,-2.3367,-0.2502,13.0735,1356,2981.66
119423,-6.0657,0.1257,10.647,1357,2981.66
119428,0.7482,2.988,8.5736,1357,2981.51
119433,3.717,3.4895,10.8374,1365,2981.51
119438,-2.0722,-0.1999,12.9658,1353,2981.51
119443,-6.1028,-0.0192,10.7811,1355,2981.51
119448,0.5686,2.9317,8.5042,1363,2981.51
119453,3.638,3.4656,10.8637,1363,2981.51
119458,-1.9429,-0.1903,12.9191,1355,2981.51
119463,-6.0717,-0.1532,10.8649,1355,2981.51
119468,0.3555,2.9221,8.4874,1365,2981.81
119473,3.5745,3.5614,10.8074,1363,2981.81
119478,-1.6735,-0.0658,12.8557,1353,2981.81
119483,-6.1004,-0.2693,10.963,1357,2981.81
119488,0.1616,2.8599,8.4455,1365,2981.66
119493,3.5805,3.559,10.7727,1368,2981.66
119498,-1.5311,-0.0599,12.7575,1353,2981.66
119503,-6.1124,-0.3555,11.0492,1357,2981.66
119508,-0.0156,2.8407,8.442,1363,2981.51
119513,3.5171,3.626,10.829,1357,2981.51
119518,-1.2677,0.0168,12.6761,1349,2981.51
119523,-6.0418,-0.4393,11.1654,1353,2981.51
119528,-0.2179,2.8132,8.3977,1361,2981.66
119533,3.4668,3.6859,10.8062,1357,2981.66
119538,-1.0534,0.1125,12.6941,1349,2981.66
119543,-5.9903,-0.5303,11.2384,1364,2981.66
119548,-0.4429,2.7485,8.3773,1357,2981.51
119553,3.4069,3.7002,10.7476,1344,2981.51
119558,-0.7961,0.1867,12.6569,1349,2981.51
119563,-5.9747,-0.6117,11.3437,1356,2981.51
119568,-0.6512,2.7438,8.3809,1353,2980.92
119573,3.3363,3.7086,10.7117,1359,2980.92
119578,-0.5423,0.243,12.572,1353,2980.92
119583,-5.8885,-0.7195,11.461,1368,2980.92
119588,-0.8679,2.7066,8.345,1362,2982.11
119593,3.3064,3.7122,10.6698,1359,2982.11
119598,-0.2442,0.2789,12.5085,1357,2982.11
119603,-5.8335,-0.8452,11.5305,1368,2982.11
119608,-1.1001,2.6288,8.3438,1357,2981.81
119613,3.2681,3.723,10.6255,1357,2981.81
119618,0.0299,0.3831,12.4498,1355,2981.81
119623,-5.7616,-0.9313,11.6143,1361,2981.81
119628,-1.3276,2.5953,8.321,1363,2981.66
119633,3.1735,3.6859,10.574,1363,2981.66
119638,0.2406,0.4489,12.3948,1357,2981.66
119643,-5.7533,-0.9936,11.7747,1355,2981.66
119648,-1.5957,2.5798,8.3139,1359,2981.37
119653,3.1328,3.699,10.4878,1357,2981.37
119658,0.5267,0.5363,12.396,1355,2981.37
119663,-5.6934,-1.0642,11.874,1355,2981.37
119668,-1.8603,2.5462,8.3929,1369,2981.37
119673,3.037,3.7086,10.5225,1358,2981.37
119678,0.753,0.6369,12.3445,1357,2981.37
119683,-5.612,-1.1384,12.0009,1356,2981.37
119688,-2.1308,2.4696,8.357,1357,2981.07
119693,3.0143,3.7314,10.4423,1365,2981.07
119698,1.0235,0.7207,12.2942,1358,2981.07
119703,-5.5976,-1.2007,12.0572,1357,2981.07
119708,-2.3858,2.4624,8.4432,1364,2981.22
119713,3.0514,3.7385,10.477,1363,2981.22
119718,1.2198,0.8464,12.1937,1353,2981.22
119723,-5.4935,-1.2055,12.2164,1358,2981.22
119728,-2.5857,2.3942,8.4384,1363,2981.07
119733,3.0191,3.7816,10.3525,1363,2981.07
119738,1.5347,0.9601,12.1111,1352,2981.07
119743,-5.454,-1.2306,12.3397,1363,2981.07
119748,-2.8659,2.3822,8.5677,1367,2981.22
119753,2.9676,3.7194,10.343,1363,2981.22
119758,1.7992,1.0558,12.123,1352,2981.22
119763,-5.3283,-1.2546,12.3984,1355,2981.22
119768,-3.0837,2.3176,8.57,1370,2981.22
119773,2.9305,3.6428,10.2915,1359,2981.22
119778,2.0303,1.166,12.0309,1355,2981.22
119783,-5.2672,-1.3072,12.5097,1351,2981.22
119788,-3.3243,2.2841,8.673,1353,2981.37
119793,2.8659,3.6452,10.2783,1355,2981.37
119798,2.2889,1.257,11.9926,1353,2981.37
119803,-5.2194,-1.3815,12.5624,1357,2981.37
119808,-3.5614,2.1691,8.5832,1359,2981.66
119813,2.7928,3.5973,10.2436,1354,2981.66
119818,2.4864,1.3396,11.9255,1354,2981.66
119823,-5.1523,-1.3539,12.6378,1351,2981.66
119828,-3.8188,2.1859,8.7041,1365,2981.96
119833,2.7557,3.5458,10.1658,1359,2981.96
119838,2.6755,1.4473,11.9315,1355,2981.96
119843,-5.0434,-1.3156,12.7503,1367,2981.96
119848,-4.0606,2.1476,8.7843,1355,2981.96
119853,2.7306,3.5793,10.1251,1361,2981.96
119858,2.8383,1.573,11.9147,1355,2981.96
119863,-4.9991,-1.33,12.8413,1367,2981.96
119868,-4.2533,2.132,8.8885,1359,2981.96
119873,2.715,3.5602,10.0377,1357,2981.96
119878,3.0167,1.7454,11.8681,1357,2981.96
119883,-4.8949,-1.2893,12.9107,1366,2981.96
119888,-4.4556,2.0566,8.9651,1357,2981.81
119893,2.6635,3.5614,9.9886,1353,2981.81
119898,3.1963,1.7968,11.8082,1357,2981.81
119903,-4.7728,-1.2234,12.9407,1366,2981.81
119908,-4.6771,2.0171,8.9507,1357,2981.81
119913,2.6492,3.5446,9.8845,1354,2981.81
119918,3.3088,1.9273,11.6801,1359,2981.81
119923,-4.6819,-1.1756,13.1286,1357,2981.81
119928,-4.8159,1.9321,9.0896,1371,2981.66
119933,2.6109,3.4907,9.8078,1355,2981.66
119938,3.4393,2.0339,11.661,1365,2981.66
119943,-4.5358,-1.2234,13.0987,1354,2981.66
119948,-4.9596,1.8064,9.1327,1366,2981.81
119953,2.5857,3.4668,9.7348,1353,2981.81
119958,3.6045,2.1261,11.631,1368,2981.81
119963,-4.4843,-1.1995,13.1071,1355,2981.81
119968,-5.138,1.7107,9.2799,1358,2981.66
119973,2.4696,3.3878,9.6175,1355,2981.66
119978,3.6943,2.2039,11.5784,1363,2981.66
119983,-4.3706,-1.1564,13.1358,1356,2981.66
119988,-5.2517,1.6735,9.347,1357,2981.66
119993,2.4229,3.3794,9.5828,1361,2982.55
119998,3.6823,2.3044,11.5293,1361,2982.55
120003,-4.3084,-1.1301,13.2615,1359,2982.55
120008,-5.4672,1.5275,9.3721,1355,2982.55
120013,2.3032,3.3782,9.487,1359,2982.11
120018,3.7302,2.4385,11.4706,1358,2982.11
120023,-4.2377,-0.9924,13.3513,1357,2982.11
120028,-5.5917,1.4473,9.5421,1355,2982.11
120033,2.2709,3.3423,9.4344,1355,2982.55
120038,3.7589,2.5558,11.461,1361,2982.55
120043,-4.1216,-0.9469,13.295,1351,2982.55
120048,-5.6324,1.3994,9.675,1369,2982.55
120053,2.2003,3.3172,9.2991,1357,2982.7
120058,3.8571,2.6564,11.4622,1363,2982.7
120063,-3.96,-0.8535,13.3154,1351,2982.7
120068,-5.764,1.3467,9.6582,1369,2982.7
120073,2.1308,3.3279,9.2955,1355,2982.55
120078,3.9373,2.7066,11.4132,1365,2982.55
120083,-3.7972,-0.7757,13.2878,1351,2982.55
120088,-5.8095,1.2474,9.7659,1367,2982.55
120093,2.0446,3.31,9.2225,1354,2982.55
120098,3.9456,2.8096,11.2803,1355,2982.55
120103,-3.6057,-0.7913,13.3022,1353,2982.55
120108,-5.8909,1.0523,9.8186,1363,2982.55
120113,1.9345,3.2705,9.1925,1355,2982.55
120118,3.9217,2.8443,11.1965,1357,2982.55
120123,-3.4405,-0.7338,13.2459,1355,2982.55
120128,-5.9735,0.9409,9.8737,1359,2982.55
120133,1.8447,3.2274,9.0633,1353,2982.4
120138,3.9193,2.9329,11.1725,1356,2982.4
120143,-3.3028,-0.6943,13.2411,1357,2982.4
120148,-6.0561,0.826,9.9407,1359,2982.4
120153,1.6628,3.1352,9.007,1355,2982.4
120158,3.9181,2.9963,11.2001,1363,2982.4
120163,-3.1687,-0.6381,13.2112,1355,2982.4
120168,-6.1447,0.7638,10.0963,1355,2982.4
120173,1.6017,3.1556,8.9723,1356,2982.4
120178,3.8535,3.0861,11.157,1356,2982.4
120183,-3.0777,-0.6069,13.1849,1355,2982.4
120188,-6.1363,0.6381,10.2041,1352,2982.4
120193,1.4317,3.1508,8.9184,1357,2982.55
120198,3.7733,3.213,11.0277,1355,2982.55
120203,-2.9137,-0.4645,13.2459,1351,2982.55
120208,-6.1962,0.5686,10.2747,1353,2982.55
120213,1.2821,3.1173,8.8047,1355,2982.55
120218,3.8008,3.2777,11.0121,1357,2982.55
120223,-2.7988,-0.4405,13.2471,1354,2982.55
120228,-6.2177,0.4824,10.4399,1355,2982.55
120233,1.1971,3.1256,8.7652,1355,2982.85
120238,3.8211,3.3459,10.9295,1365,2982.85
120243,-2.6217,-0.3017,13.1968,1351,2982.85
120248,-6.1986,0.3651,10.5536,1358,2982.85
120253,1.0798,3.0646,8.6167,1355,2983.15
120258,3.8439,3.3662,10.9511,1366,2983.15
120263,-2.4062,-0.3041,13.0759,1342,2983.15
120268,-6.1387,0.1903,10.5536,1363,2983.15
120273,0.9182,2.9784,8.6694,1357,2983.0
120278,3.79,3.4225,10.9247,1365,2983.0
120283,-2.2314,-0.2873,13.0065,1353,2983.0
120288,-6.1579,0.1149,10.671,1357,2983.0
120293,0.729,2.9461,8.5653,1364,2983.0
120298,3.6919,3.4309,10.8936,1365,2983.0
120303,-2.0111,-0.2406,13.0041,1354,2983.0
120308,-6.1076,-0.0599,10.7272,1355,2983.0
120313,0.5327,2.9125,8.5497,1355,2982.55
120318,3.6392,3.4357,10.8254,1361,2982.55
120323,-1.8519,-0.1808,12.9263,1352,2982.55
120328,-6.1339,-0.2346,10.8206,1357,2982.55
120333,0.346,2.8874,8.4515,1365,2982.11
120338,3.5434,3.5314,10.8386,1359,2982.11
120343,-1.7011,-0.0766,12.87,1353,2982.11
120348,-6.1184,-0.2921,10.9523,1357,2982.11
120353,0.1365,2.8611,8.4587,1363,2981.66
120358,3.5231,3.5997,10.8182,1358,2981.66
120363,-1.5371,-0.0204,12.7982,1351,2981.66
120368,-6.1064,-0.3448,11.0792,1363,2981.66
120373,-0.0239,2.7988,8.4132,1363,2981.66
120378,3.474,3.632,10.7452,1363,2981.66
120383,-1.306,0.0335,12.785,1349,2981.66
120388,-6.0573,-0.431,11.1618,1364,2981.66
120393,-0.2215,2.8347,8.4958,1363,2981.37
120398,3.4321,3.7074,10.6997,1363,2981.37
120403,-1.1061,0.158,12.7467,1353,2981.37
120408,-5.9652,-0.5231,11.2683,1362,2981.37
120413,-0.4537,2.7833,8.3737,1363,2981.51
120418,3.4069,3.6955,10.6913,1358,2981.51
120423,-0.7709,0.1951,12.7132,1353,2981.51
120428,-5.9915,-0.6596,11.4215,1365,2981.51
120433,-0.6584,2.7509,8.3665,1358,2981.81
120438,3.4069,3.7541,10.6877,1349,2981.81
120443,-0.5148,0.2586,12.5588,1355,2981.81
120448,-5.8706,-0.7362,11.4718,1363,2981.81
120453,-0.8811,2.648,8.3282,1364,2981.96
120458,3.3184,3.7421,10.5704,1358,2981.96
120463,-0.2167,0.2789,12.5013,1359,2981.96
120468,-5.843,-0.844,11.5688,1359,2981.96
120473,-1.0846,2.6432,8.3438,1365,2982.11
120478,3.2741,3.7218,10.5836,1359,2982.11
120483,-0.0036,0.3508,12.4941,1363,2982.11
120488,-5.8155,-0.9445,11.6849,1357,2982.11
120493,-1.3886,2.569,8.2744,1361,2982.4
120498,3.1663,3.723,10.4878,1363,2982.4
120503,0.2406,0.425,12.5073,1361,2982.4
120508,-5.8083,-1.0068,11.7519,1355,2982.4
120513,-1.6257,2.5534,8.351,1363,2982.7
120518,3.1232,3.7385,10.5034,1361,2982.7
120523,0.4681,0.5339,12.3732,1363,2982.7
120528,-5.7676,-1.0642,11.892,1359,2982.7
120533,-1.8783,2.5259,8.3641,1353,2982.7
120538,3.0813,3.7385,10.5752,1364,2982.7
120543,0.7302,0.6476,12.3852,1357,2982.7
120548,-5.7102,-1.1145,11.9531,1359,2982.7
120553,-2.0351,2.5343,8.4013,1361,2983.0
120558,3.0706,3.796,10.4926,1365,2983.0
120563,0.9397,0.6967,12.287,1349,2983.0
120568,-5.6551,-1.1205,12.0835,1357,2983.0
120573,-2.3044,2.466,8.4384,1363,2982.85
120578,3.0502,3.7457,10.471,1363,2982.85
120583,1.1995,0.7961,12.3242,1353,2982.85
120588,-5.5653,-1.1744,12.2009,1357,2982.85
120593,-2.5055,2.4708,8.4731,1369,2982.85
120598,3.0897,3.7122,10.4028,1363,2982.85
120603,1.4449,0.8906,12.2272,1353,2982.85
120608,-5.4624,-1.1995,12.2882,1356,2982.85
120613,-2.721,2.4122,8.4851,1366,2983.0
120618,3.0263,3.711,10.3621,1355,2983.0
120623,1.6867,1.0151,12.1697,1361,2983.0
120628,-5.4049,-1.2785,12.3541,1352,2983.0
120633,-2.9377,2.3176,8.4695,1365,2983.44
120638,2.9928,3.6559,10.3154,1357,2983.44
120643,1.9848,1.0654,12.1159,1355,2983.44
120648,-5.3905,-1.2845,12.4295,1363,2983.44
120653,-3.158,2.2865,8.5425,1364,2983.89
120658,2.9281,3.6727,10.2711,1356,2983.89
120663,2.1057,1.1708,12.0141,1355,2983.89
120668,-5.2876,-1.3491,12.4714,1357,2983.89
120673,-3.3842,2.223,8.5102,1359,2984.63
120678,2.8742,3.5781,10.234,1355,2984.63
120683,2.2697,1.2079,12.0931,1355,2984.63
120688,-5.3331,-1.3623,12.5432,1362,2984.63
120693,-3.5925,2.2039,8.6443,1365,2984.48
120698,2.824,3.6021,10.1658,1363,2984.48
120703,2.4624,1.3647,12.0392,1341,2984.48
120708,-5.2589,-1.3384,12.651,1368,2984.48
120713,-3.8188,2.2206,8.7149,1364,2984.33
120718,2.7689,3.5877,10.1287,1363,2984.33
120723,2.6264,1.4497,11.971,1357,2984.33
120728,-5.1451,-1.2725,12.7132,1367,2984.33
120733,-4.0115,2.1799,8.7245,1359,2984.04
120738,2.788,3.6284,10.0784,1357,2984.04
120743,2.8311,1.561,11.8262,1357,2984.04
120748,-5.053,-1.2737,12.8186,1365,2984.04
120753,-4.203,2.0997,8.8083,1349,2983.59
120758,2.7605,3.6416,10.0736,1354,2983.59
120763,3.0107,1.6676,11.8669,1359,2983.59
120768,-4.944,-1.2594,12.9311,1363,2983.59
120773,-4.3491,2.0458,8.8562,1363,2983.74
120778,2.7845,3.5518,9.9515,1357,2983.74
120783,3.1615,1.731,11.8369,1365,2983.74
120788,-4.8495,-1.2749,12.9359,1357,2983.74
120793,-4.5035,1.986,8.9783,1359,2983.59
120798,2.7533,3.5386,9.906,1353,2983.59
120803,3.2956,1.8088,11.7998,1364,2983.59
120808,-4.7681,-1.2785,12.9466,1354,2983.59
120813,-4.6567,1.9537,9.007,1359,2983.74
120818,2.6372,3.4752,9.8426,1351,2983.74
120823,3.3878,1.9142,11.7639,1379,2983.74
120828,-4.689,-1.2953,13.0747,1356,2983.74
120833,-4.8471,1.8675,9.0369,1365,2983.74
120838,2.5762,3.5159,9.8354,1355,2983.74
120843,3.4752,1.9992,11.6957,1365,2983.74
120848,-4.5945,-1.2641,13.1202,1340,2983.74
120853,-5.0123,1.7693,9.0848,1357,2983.74
120858,2.5379,3.468,9.7516,1349,2984.04
120863,3.5446,2.1045,11.6155,1363,2984.04
120868,-4.537,-1.1732,13.1454,1356,2984.04
120873,-5.1667,1.7585,9.2464,1355,2984.04
120878,2.4624,3.4309,9.6857,1356,2984.18
120883,3.6308,2.2314,11.6322,1359,2984.18
120888,-4.4831,-1.1504,13.2124,1357,2984.18
120893,-5.272,1.6604,9.3218,1355,2984.18
120898,2.4648,3.3974,9.6067,1359,2984.48
120903,3.7074,2.3188,11.5903,1355,2984.48
120908,-4.3778,-1.0654,13.1921,1355,2984.48
120913,-5.448,1.6005,9.402,1359,2984.48
120918,2.3583,3.3734,9.5062,1361,2984.18
120923,3.7625,2.4193,11.5257,1358,2984.18
120928,-4.2341,-0.9876,13.2531,1355,2984.18
120933,-5.533,1.5323,9.4643,1366,2984.18
120938,2.3499,3.383,9.5062,1357,2984.18
120943,3.8331,2.4983,11.4335,1363,2984.18
120948,-4.124,-0.9637,13.2926,1357,2984.18
120953,-5.6108,1.4497,9.5098,1369,2984.18
120958,2.2829,3.3902,9.3877,1357,2984.04
120963,3.8475,2.5606,11.4335,1363,2984.04
120968,-3.9492,-0.8703,13.3213,1355,2984.04
120973,-5.7018,1.3084,9.6582,1366,2984.04
120978,2.1967,3.3232,9.2955,1355,2983.89
120983,3.8918,2.6384,11.412,1359,2983.89
120988,-3.8618,-0.8978,13.2543,1354,2983.89
120993,-5.7808,1.2713,9.7073,1366,2983.89
120998,2.0722,3.3004,9.25,1353,2983.44
121003,3.8846,2.7162,11.3605,1357,2983.44
121008,-3.7397,-0.8535,13.2986,1357,2983.44
121013,-5.8814,1.1672,9.7827,1363,2983.44
121018,2.0159,3.2609,9.1626,1354,2983.59
121023,3.8942,2.8024,11.2934,1356,2983.59
121028,-3.6009,-0.8045,13.2842,1355,2983.59
121033,-5.9975,1.0666,9.8007,1363,2983.59
121038,1.8771,3.2489,9.1171,1355,2983.15
121043,3.8427,2.8479,11.2719,1357,2983.15
121048,-3.468,-0.7171,13.2974,1359,2983.15
121053,-6.0238,0.9649,9.9395,1356,2983.15
121058,1.7813,3.2322,9.0369,1355,2983.0
121063,3.8846,2.9389,11.2108,1361,2983.0
121068,-3.3507,-0.6512,13.2555,1355,2983.0
121073,-6.0645,0.9038,10.0509,1352,2983.0
121078,1.6927,3.2166,9.0094,1355,2982.85
121083,3.8978,3.0718,11.1965,1355,2982.85
121088,-3.2238,-0.6081,13.1992,1358,2982.85
121093,-6.1052,0.7649,10.1263,1354,2982.85
121098,1.6293,3.1687,8.8693,1355,2982.85
121103,3.9624,3.1544,11.1259,1357,2982.85
121108,-3.0777,-0.5507,13.1765,1355,2982.85
121113,-6.1375,0.6728,10.2891,1357,2982.85
121118,1.4736,3.14,8.8669,1352,2983.0
121123,3.8475,3.231,11.0816,1368,2983.0
121128,-2.9054,-0.5028,13.1777,1351,2983.0
121133,-6.1519,0.5423,10.2915,1356,2983.0
121138,1.33,3.1244,8.7795,1353,2982.7
121143,3.8499,3.2621,10.969,1361,2982.7
121148,-2.7222,-0.4226,13.2004,1355,2982.7
121153,-6.1387,0.3819,10.3741,1359,2982.7
121158,1.1791,3.0706,8.7472,1357,2982.55
121163,3.7876,3.2537,10.9607,1363,2982.55
121168,-2.5929,-0.3795,13.0472,1359,2982.55
121173,-6.1411,0.255,10.5129,1361,2982.55
121178,0.9972,3.0335,8.6491,1365,2982.4
121183,3.7002,3.4022,10.9834,1363,2982.4
121188,-2.393,-0.31,13.058,1355,2982.4
121193,-6.1842,0.1712,10.6111,1357,2982.4
121198,0.8559,2.9688,8.606,1361,2982.55
121203,3.711,3.4668,10.9092,1359,2982.55
121208,-2.2458,-0.2861,12.9514,1354,2982.55
121213,-6.1531,0.0383,10.6949,1357,2982.55
121218,0.6967,2.9341,8.6072,1364,2982.7
121223,3.6787,3.4465,10.8685,1363,2982.7
121228,-2.0662,-0.2346,13.0005,1357,2982.7
121233,-6.1818,-0.085,10.7631,1357,2982.7
121238,0.4812,2.903,8.5174,1361,2983.15
121243,3.5901,3.4788,10.823,1359,2983.15
121248,-1.901,-0.1341,12.9227,1352,2983.15
121253,-6.1699,-0.1544,10.8793,1365,2983.15
121258,0.3555,2.897,8.5305,1361,2983.29
121263,3.6176,3.5769,10.902,1361,2983.29
121268,-1.6723,-0.0994,12.8724,1353,2983.29
121273,-6.1292,-0.2131,10.9164,1366,2983.29
121278,0.1556,2.8671,8.4491,1359,2983.29
121283,3.5602,3.6117,10.8338,1359,2983.29
121288,-1.4964,-0.0239,12.8018,1351,2983.29
121293,-6.104,-0.3184,11.1007,1371,2983.29
121298,0.0311,2.818,8.4563,1354,2982.85
121303,3.5243,3.6559,10.8014,1363,2982.85
121308,-1.2354,0.0108,12.7874,1352,2982.85
121313,-6.0501,-0.4345,11.1223,1369,2982.85
121318,-0.1688,2.8144,8.3857,1355,2983.89
121323,3.4955,3.6619,10.7272,1367,2983.89
121328,-1.0283,0.1089,12.7587,1352,2983.89
121333,-5.9999,-0.486,11.1989,1366,2983.89
121338,-0.3436,2.7749,8.3486,1357,2983.29
121343,3.4058,3.6895,10.6961,1363,2983.29
121348,-0.8464,0.1065,12.6737,1361,2983.29
121353,-5.9292,-0.6476,11.2958,1364,2983.29
121358,-0.5974,2.6983,8.3426,1343,2983.15
121363,3.3327,3.6847,10.6638,1359,2983.15
121368,-0.5902,0.2059,12.6366,1363,2983.15
121373,-5.94,-0.7542,11.3772,1363,2983.15
121378,-0.8212,2.6647,8.2935,1366,2983.0
121383,3.3112,3.7302,10.6315,1359,2983.0
121388,-0.3998,0.2274,12.4989,1363,2983.0
121393,-5.9173,-0.8308,11.5688,1355,2983.0
121398,-1.0127,2.642,8.333,1366,2983.0
121403,3.2705,3.7302,10.6171,1357,2983.0
121408,-0.1413,0.2981,12.5432,1363,2983.0
121413,-5.861,-0.9325,11.6394,1358,2983.0
121418,-1.2151,2.6145,8.3522,1365,2983.15
121423,3.2322,3.7529,10.6099,1359,2983.15
121428,0.0766,0.3867,12.5121,1363,2983.15
121433,-5.8155,-0.9385,11.7232,1359,2983.15
121438,-1.476,2.6121,8.3761,1363,2983.29
121443,3.1879,3.7625,10.5764,1363,2983.29
121448,0.2873,0.4908,12.4451,1359,2983.29
121453,-5.7497,-0.9972,11.7974,1357,2983.29
121458,-1.6819,2.5821,8.3258,1365,2983.74
121463,3.1496,3.784,10.562,1367,2983.74
121468,0.5399,0.577,12.3589,1355,2983.74
121473,-5.7245,-1.057,11.9363,1359,2983.74
121478,-1.8747,2.5343,8.3546,1365,2983.89
121483,3.1568,3.7912,10.5285,1365,2983.89
121488,0.7793,0.6069,12.3038,1354,2983.89
121493,-5.6683,-1.1049,12.0297,1357,2983.89
121498,-2.1225,2.5007,8.3019,1367,2984.04
121503,3.1244,3.7278,10.4962,1367,2984.04
121508,1.0056,0.7254,12.3134,1355,2984.04
121513,-5.5569,-1.1337,12.0536,1364,2984.04
121518,-2.2769,2.4074,8.4048,1364,2984.18
121523,3.0502,3.6966,10.4531,1362,2984.18
121528,1.3144,0.7733,12.2643,1355,2984.18
121533,-5.612,-1.2198,12.1194,1361,2984.18
121538,-2.4995,2.4409,8.4001,1368,2984.18
121543,2.988,3.6715,10.4291,1359,2984.18
121548,1.5036,0.8368,12.2631,1356,2984.18
121553,-5.5138,-1.2869,12.1973,1357,2984.18
121558,-2.7282,2.3786,8.4408,1367,2984.04
121563,2.9521,3.6799,10.3837,1355,2984.04
121568,1.6939,0.9433,12.1757,1357,2984.04
121573,-5.4384,-1.3276,12.305,1359,2984.04
121578,-2.9269,2.3691,8.3965,1353,2983.89
121583,2.9712,3.7074,10.4256,1362,2983.89
121588,1.895,1.0355,12.1518,1358,2983.89
121593,-5.3774,-1.3168,12.4463,1362,2983.89
121598,-3.1412,2.3224,8.5653,1359,2984.04
121603,2.8946,3.6619,10.307,1363,2984.04
121608,2.0662,1.1169,12.0787,1357,2984.04
121613,-5.3044,-1.3001,12.5181,1367,2984.04
121618,-3.3555,2.2865,8.6167,1357,2984.04
121623,2.903,3.6799,10.2879,1359,2984.04
121628,2.2948,1.2594,12.0656,1363,2984.04
121633,-5.2744,-1.318,12.6043,1368,2984.04
121638,-3.5614,2.2422,8.661,1355,2983.59
121643,2.8539,3.6667,10.173,1363,2983.59
121648,2.484,1.3527,12.0548,1363,2983.59
121653,-5.187,-1.2917,12.6869,1367,2983.59
121658,-3.7445,2.2374,8.6921,1357,2983.44
121663,2.8311,3.6715,10.1382,1356,2983.44
121668,2.6695,1.4401,11.9207,1361,2983.44
121673,-5.1032,-1.3001,12.791,1365,2983.44
121678,-3.9756,2.1524,8.6694,1367,2983.74
121683,2.8515,3.6152,10.094,1356,2983.74
121688,2.8683,1.5251,11.8561,1359,2983.74
121693,-5.0075,-1.3216,12.8628,1363,2983.74
121698,-4.1671,2.0638,8.7604,1369,2983.59
121703,2.7809,3.547,10.0281,1355,2983.59
121708,2.9916,1.6688,11.825,1369,2983.59
121713,-4.9392,-1.3431,12.9179,1343,2983.59
121718,-4.3299,2.0446,8.8801,1365,2983.59
121723,2.7102,3.4895,9.9479,1355,2983.59
121728,3.1508,1.7526,11.8381,1369,2983.59
121733,-4.9057,-1.3467,12.9167,1355,2983.59
121738,-4.5286,1.9776,8.9447,1363,2983.29
121743,2.6576,3.4692,9.8749,1357,2983.29
121748,3.2609,1.8399,11.7268,1364,2983.29
121753,-4.8028,-1.2594,12.9802,1355,2983.29
121758,-4.6962,1.9465,9.019,1357,2984.04
121763,2.6109,3.4429,9.8485,1355,2984.04
121768,3.3734,1.9237,11.6897,1363,2984.04
121773,-4.7501,-1.2342,13.0604,1356,2984.04
121778,-4.8818,1.8531,9.0704,1357,2984.04
121783,2.5905,3.468,9.8462,1363,2984.04
121788,3.45,2.0435,11.6693,1363,2984.04
121793,-4.6519,-1.1384,13.1298,1357,2984.04
121798,-5.0027,1.7992,9.1542,1356,2984.04
121803,2.5259,3.4967,9.7815,1363,2983.89
121808,3.5219,2.1584,11.6514,1355,2983.89
121813,-4.5681,-1.1528,13.1226,1355,2983.89
121818,-5.1703,1.7693,9.238,1357,2983.89
121823,2.5115,3.4441,9.6546,1363,2983.74
121828,3.6368,2.2134,11.6107,1363,2983.74
121833,-4.4113,-1.1193,13.1633,1355,2983.74
121838,-5.2852,1.7502,9.2751,1369,2983.74
121843,2.46,3.4512,9.5888,1363,2983.89
121848,3.7338,2.3296,11.5389,1355,2983.89
121853,-4.2413,-1.0415,13.2172,1355,2983.89
121858,-5.4121,1.567,9.3829,1369,2983.89
121863,2.4397,3.4069,9.4798,1359,2983.59
121868,3.7781,2.4289,11.4551,1365,2983.59
121873,-4.1288,-1.1061,13.2411,1353,2983.59
121878,-5.5198,1.506,9.3625,1363,2983.59
121883,2.3236,3.3806,9.4272,1355,2983.44
121888,3.8427,2.4995,11.3832,1364,2983.44
121893,-4.0558,-1.0199,13.2866,1355,2983.44
121898,-5.6443,1.4102,9.5289,1369,2983.44
121903,2.2661,3.3016,9.3937,1356,2983.44
121908,3.8451,2.5786,11.382,1358,2983.44
121913,-3.9433,-0.9828,13.3177,1357,2983.44
121918,-5.7317,1.3192,9.6115,1363,2983.44
121923,2.1775,3.3028,9.2739,1357,2983.74
121928,3.8954,2.6899,11.3437,1362,2983.74
121933,-3.887,-0.9182,13.277,1358,2983.74
121938,-5.8646,1.2282,9.7384,1367,2983.74
121943,2.1141,3.2717,9.2967,1355,2984.04
121948,3.8882,2.7306,11.3234,1357,2984.04
121953,-3.7816,-0.8583,13.3345,1350,2984.04
121958,-5.9245,1.1827,9.7659,1363,2984.04
121963,1.9944,3.2633,9.165,1359,2984.18
121968,3.875,2.8575,11.2372,1355,2984.18
121973,-3.6655,-0.7446,13.3513,1359,2984.18
121978,-5.9652,1.093,9.9048,1355,2984.18
121983,1.9345,3.2992,9.1459,1363,2984.33
121988,3.8942,2.8874,11.1642,1357,2984.33
121993,-3.4836,-0.6979,13.3142,1363,2984.33
121998,-6.049,1.0032,9.9252,1351,2984.33
122003,1.8052,3.2226,9.0776,1357,2984.48
122008,3.9325,2.9916,11.151,1359,2984.48
122013,-3.3627,-0.6201,13.3058,1355,2984.48
122018,-6.0394,0.9026,10.0269,1357,2984.48
122023,1.7071,3.1975,8.9938,1357,2984.48
122028,3.9456,3.0514,11.145,1363,2984.48
122033,-3.1687,-0.5794,13.2495,1354,2984.48
122038,-6.1028,0.7661,10.1011,1357,2984.48
122043,1.5981,3.1137,8.9148,1353,2984.48
122048,3.9002,3.0873,11.0911,1365,2984.48
122053,-3.0658,-0.5722,13.198,1353,2984.48
122058,-6.1675,0.6764,10.2137,1357,2984.48
122063,1.4784,3.1089,8.8849,1357,2984.33
122068,3.8403,3.1508,11.0325,1367,2984.33
122073,-2.9137,-0.498,13.216,1349,2984.33
122078,-6.1387,0.5219,10.2544,1365,2984.33
122083,1.312,3.0765,8.7712,1359,2984.18
122088,3.808,3.1819,11.0301,1371,2984.18
122093,-2.8108,-0.4393,13.1693,1355,2984.18
122098,-6.2201,0.5076,10.3394,1359,2984.18
122103,1.2163,3.0813,8.7233,1366,2984.48
122108,3.784,3.31,11.0289,1364,2984.48
122113,-2.7174,-0.413,13.1286,1357,2984.48
122118,-6.2142,0.3843,10.477,1362,2984.48
122123,1.1265,3.055,8.6957,1367,2984.78
122128,3.7745,3.3854,11.0109,1367,2984.78
122133,-2.563,-0.3687,13.1825,1355,2984.78
122138,-6.2153,0.3089,10.568,1365,2984.78
122143,0.9756,3.0263,8.6503,1367,2984.78
122148,3.7864,3.4488,10.9535,1363,2984.78
122153,-2.3882,-0.3005,13.1549,1356,2984.78
122158,-6.2453,0.2334,10.6326,1363,2984.78
122163,0.8487,3.0358,8.6431,1365,2984.93
122168,3.7254,3.45,10.9092,1361,2984.93
122173,-2.247,-0.255,13.0735,1355,2984.93
122178,-6.1327,0.1077,10.6506,1359,2984.93
122183,0.6967,2.9437,8.5844,1368,2984.93
122188,3.7194,3.486,10.8421,1362,2984.93
122193,-1.9812,-0.2071,13.0436,1354,2984.93
122198,-6.1758,-0.0144,10.7404,1359,2984.93
122203,0.5866,2.9353,8.4994,1365,2985.37
122208,3.6703,3.5422,10.829,1365,2985.37
122213,-1.8603,-0.1832,12.9227,1348,2985.37
122218,-6.1411,-0.1448,10.8769,1367,2985.37
122223,0.395,2.8946,8.4312,1365,2985.22
122228,3.6368,3.5267,10.8266,1366,2985.22
122233,-1.6556,-0.1365,12.8928,1353,2985.22
122238,-6.1004,-0.2634,10.9116,1369,2985.22
122243,0.2095,2.8479,8.4072,1359,2985.22
122248,3.541,3.5506,10.7823,1367,2985.22
122253,-1.5239,-0.1233,12.8461,1358,2985.22
122258,-6.1004,-0.3268,10.9583,1369,2985.22
122263,0.0874,2.8299,8.4228,1363,2985.37
122268,3.45,3.5554,10.75,1363,2985.37
122273,-1.3671,-0.0527,12.8748,1355,2985.37
122278,-6.0717,-0.4429,11.0947,1368,2985.37
122283,-0.1437,2.8323,8.4084,1363,2985.37
122288,3.4225,3.6356,10.744,1362,2985.37
122293,-1.1756,0.0239,12.821,1358,2985.37
122298,-6.1339,-0.5207,11.1402,1365,2985.37
122303,-0.2921,2.7725,8.3857,1365,2985.52
122308,3.4345,3.6955,10.7583,1359,2985.52
122313,-1.0463,0.0886,12.7168,1364,2985.52
122318,-6.0609,-0.5279,11.2911,1356,2985.52
122323,-0.4381,2.7677,8.3486,1367,2985.67
122328,3.4429,3.7529,10.7105,1357,2985.67
122333,-0.8368,0.1712,12.6593,1365,2985.67
122338,-6.019,-0.5662,11.4012,1355,2985.67
122343,-0.6069,2.7557,8.3378,1368,2985.82
122348,3.3974,3.7134,10.6638,1359,2985.82
122353,-0.577,0.1891,12.6486,1367,2985.82
122358,-5.9903,-0.6476,11.3725,1357,2985.82
122363,-0.7482,2.7162,8.2827,1366,2985.97
122368,3.3806,3.7529,10.6362,1359,2985.97
122373,-0.4142,0.2622,12.627,1363,2985.97
122378,-5.9173,-0.735,11.4766,1363,2985.97
122383,-0.8978,2.7066,8.2959,1364,2985.67
122388,3.3184,3.7314,10.5728,1366,2985.67
122393,-0.2406,0.2682,12.554,1359,2985.67
122398,-5.8574,-0.8487,11.5879,1359,2985.67
122403,-1.0894,2.6396,8.266,1361,2985.67
122408,3.2633,3.6955,10.5943,1369,2985.67
122413,-0.0204,0.3268,12.5037,1356,2985.67
122418,-5.8562,-0.8978,11.71,1363,2985.67
122423,-1.2677,2.6324,8.2839,1365,2985.52
122428,3.2286,3.7481,10.5931,1365,2985.52
122433,0.1269,0.3903,12.4487,1357,2985.52
122438,-5.7964,-1.0068,11.7483,1368,2985.52
122443,-1.4928,2.5438,8.3115,1365,2985.37
122448,3.1544,3.7242,10.556,1369,2985.37
122453,0.3651,0.4693,12.4762,1355,2985.37
122458,-5.8071,-1.0618,11.7795,1357,2985.37
122463,-1.6963,2.5199,8.3522,1367,2985.37
122468,3.1328,3.7026,10.5082,1365,2985.37
122473,0.5854,0.5231,12.372,1356,2985.37
122478,-5.7545,-1.0415,11.8369,1355,2985.37
122483,-1.9082,2.545,8.3222,1365,2985.22
122488,3.073,3.7637,10.5321,1363,2985.22
122493,0.7985,0.6309,12.4151,1357,2985.22
122498,-5.7269,-1.1229,11.9794,1359,2985.22
122503,-2.0183,2.5163,8.3175,1369,2985.37
122508,3.0694,3.7577,10.5153,1363,2985.37
122513,1.0056,0.6823,12.3397,1359,2985.37
122518,-5.7006,-1.148,12.0764,1361,2985.37
122523,-2.2673,2.4924,8.3905,1371,2985.52
122528,3.0873,3.7589,10.5093,1358,2985.52
122533,1.2402,0.7542,12.2547,1357,2985.52
122538,-5.6048,-1.1552,12.1159,1363,2985.52
122543,-2.4421,2.4576,8.4108,1363,2985.37
122548,3.0598,3.7625,10.3741,1359,2985.37
122553,1.4892,0.808,12.2631,1357,2985.37
122558,-5.5545,-1.2282,12.2284,1361,2985.37
122563,-2.6408,2.4409,8.4695,1365,2985.82
122568,3.0287,3.6835,10.3142,1363,2985.82
122573,1.664,0.9002,12.1817,1357,2985.82
122578,-5.4468,-1.2857,12.2583,1365,2985.82
122583,-2.8132,2.4002,8.4527,1369,2985.82
122588,2.97,3.6787,10.325,1363,2985.82
122593,1.8064,0.9924,12.1075,1359,2985.82
122598,-5.4372,-1.3216,12.39,1373,2985.82
122603,-3.0418,2.3355,8.4898,1367,2985.67
122608,2.9365,3.6787,10.3118,1362,2985.67
122613,2.0016,1.075,12.1039,1359,2985.67
122618,-5.4001,-1.3467,12.4487,1366,2985.67
122623,-3.1987,2.2913,8.5425,1363,2985.67
122628,2.8958,3.6583,10.307,1353,2985.67
122633,2.1081,1.1971,12.0632,1363,2985.67
122638,-5.3486,-1.3324,12.5336,1365,2985.67
122643,-3.4261,2.2853,8.5437,1356,2985.67
122648,2.885,3.6356,10.2352,1359,2985.67
122653,2.3068,1.2462,12.0596,1363,2985.67
122658,-5.3139,-1.3001,12.5468,1367,2985.67
122663,-3.6176,2.2434,8.6658,1369,2985.37
122668,2.8599,3.6033,10.161,1342,2985.37
122673,2.5438,1.324,12.0512,1364,2985.37
122678,-5.2361,-1.3491,12.6426,1364,2985.37
122683,-3.7577,2.2075,8.6538,1368,2985.07
122688,2.8299,3.6081,10.1394,1353,2985.07
122693,2.6707,1.4377,11.9722,1369,2985.07
122698,-5.1463,-1.2617,12.6905,1357,2985.07
122703,-3.9265,2.1955,8.6993,1369,2984.48
122708,2.794,3.6428,10.1035,1355,2984.48
122713,2.8742,1.561,11.9016,1370,2984.48
122718,-5.0625,-1.3036,12.8305,1354,2984.48
122723,-4.0797,2.1536,8.7915,1369,2984.33
122728,2.7869,3.6081,10.0389,1355,2984.33
122733,2.9772,1.6113,11.8417,1365,2984.33
122738,-4.944,-1.2785,12.8808,1355,2984.33
122743,-4.2892,2.0554,8.8502,1362,2983.74
122748,2.7438,3.5075,9.9958,1363,2983.74
122753,3.1484,1.6987,11.8657,1369,2983.74
122758,-4.8997,-1.3084,12.9095,1359,2983.74
122763,-4.5035,1.9968,8.9591,1337,2983.74
122768,2.7043,3.4907,9.9204,1357,2984.04
122773,3.2382,1.8028,11.8166,1371,2984.04
122778,-4.7633,-1.2965,13.0173,1359,2984.04
122783,-4.6388,1.9668,8.9627,1355,2984.04
122788,2.6635,3.5015,9.8713,1365,2983.74
122793,3.3603,1.9321,11.7651,1366,2983.74
122798,-4.7393,-1.312,13.0831,1361,2983.74
122803,-4.8267,1.8914,9.0872,1363,2983.74
122808,2.6037,3.4692,9.8031,1365,2984.18
122813,3.395,2.0315,11.6789,1359,2984.18
122818,-4.6364,-1.2318,13.1166,1355,2984.18
122823,-4.9823,1.8172,9.1303,1363,2984.18
122828,2.5702,3.4249,9.7396,1363,2984.78
122833,3.5003,2.1404,11.6322,1365,2984.78
122838,-4.5765,-1.1899,13.1753,1355,2984.78
122843,-5.1224,1.7705,9.2069,1369,2984.78
122848,2.5079,3.4022,9.6582,1363,2985.22
122853,3.6129,2.2039,11.643,1363,2985.22
122858,-4.5011,-1.1253,13.1885,1359,2985.22
122863,-5.2409,1.719,9.2799,1373,2985.22
122868,2.4804,3.3962,9.6103,1363,2985.37
122873,3.723,2.3008,11.5652,1365,2985.37
122878,-4.4053,-1.0654,13.2148,1343,2985.37
122883,-5.3367,1.6843,9.4224,1371,2985.37
122888,2.4337,3.3818,9.59,1359,2985.52
122893,3.8128,2.3499,11.467,1359,2985.52
122898,-4.2593,-1.0654,13.301,1355,2985.52
122903,-5.4851,1.5957,9.3494,1369,2985.52
122908,2.4062,3.3686,9.4176,1355,2985.52
122913,3.8559,2.4624,11.473,1367,2985.52
122918,-4.2306,-1.0475,13.3441,1363,2985.52
122923,-5.545,1.4928,9.5134,1369,2985.52
122928,2.5762,3.2956,9.3494,1369,2983.59
122933,3.7373,2.7366,11.321,1369,2983.59
122938,-4.1288,-0.6069,13.2076,1371,2983.59
122943,-5.0649,1.154,9.7516,1375,2983.59
122948,1.6652,2.9796,9.4296,1373,2907.68
122953,3.0083,3.0502,11.4144,1383,2907.68
122958,-3.571,-0.3304,12.5875,1379,2907.68
122963,-4.3096,0.3771,10.3753,1398,2907.68
122968,0.7254,2.7246,9.4332,1392,2829.65
122973,2.4972,3.7421,11.1749,1391,2829.65
122978,-3.0742,0.4345,11.8932,1384,2829.65
122983,-3.6978,-0.4549,11.0468,1389,2829.65
122988,-0.8679,2.3547,9.6331,1397,2782.16
122993,2.0506,3.6428,10.9152,1387,2782.16
122998,-0.6536,1.4904,11.3066,1398,2782.16
123003,-2.9233,-1.2091,11.3784,1392,2782.16
123008,-2.7366,1.4868,10.0832,1405,2782.16
123013,1.3827,3.0191,10.58,1391,2754.06
123018,1.8531,2.739,10.9475,1403,2754.06
123023,-2.7737,-0.6764,11.643,1389,2754.06
123028,-3.5434,0.4812,10.9307,1405,2754.06
123033,0.5614,2.8156,10.2292,1403,2738.35
123038,1.9908,3.6715,10.5572,1416,2738.35
123043,-2.7785,0.6117,11.4694,1397,2738.35
123048,-3.2729,-0.6201,11.3545,1407,2738.35
123053,-1.33,2.2398,10.1706,1403,2730.75
123058,1.5335,3.3878,10.3693,1405,2730.75
123063,0.5279,1.9489,11.163,1401,2730.75
123068,-2.7593,-1.1205,11.6729,1399,2730.75
123073,-2.9856,1.0499,10.6315,1401,2730.75
123078,0.9852,2.8647,10.2903,1404,2727.64
123083,1.9381,3.2058,10.586,1403,2727.64
123088,-3.1101,-0.0706,11.6741,1401,2727.64
123093,-3.3399,-0.1508,11.248,1397,2727.64
123098,-0.1748,2.6121,10.0664,1403,2724.92
123103,1.7047,3.6703,10.4124,1401,2724.92
123108,-1.4784,1.1911,11.3772,1407,2724.92
123113,-2.8982,-1.0367,11.4946,1397,2724.92
123118,-2.2338,1.64,10.3501,1407,2724.92
123123,1.2594,3.1364,10.3825,1399,2722.57
123128,1.6053,2.6492,10.9032,1403,2722.57
123133,-2.7904,-0.6895,11.6382,1395,2722.57
123138,-3.2382,0.3735,10.9834,1407,2722.57
123143,0.5064,2.7857,10.2316,1404,2721.09
123148,1.7921,3.6093,10.4196,1415,2721.09
123153,-2.9078,0.6093,11.4958,1397,2721.09
123158,-3.1484,-0.7003,11.3342,1405,2721.09
123163,-1.3587,2.1871,10.1981,1399,2721.09
123168,1.4892,3.4189,10.3334,1400,2720.35
123173,0.6117,2.083,11.1905,1401,2720.35
123178,-2.6683,-1.0235,11.5401,1399,2720.35
123183,-2.9461,0.9732,10.7153,1399,2720.35
123188,0.9409,2.8515,10.1478,1405,2721.34
123193,1.9046,3.2621,10.6027,1403,2721.34
123198,-3.1747,0.0323,11.6095,1415,2721.34
123203,-3.2669,-0.2023,11.2408,1401,2721.34
123208,-0.4058,2.6085,10.1035,1405,2721.95
123213,1.6688,3.7086,10.2987,1397,2721.95
123218,-1.1863,1.3755,11.3066,1396,2721.95
123223,-2.8216,-1.0846,11.4706,1399,2721.95
123228,-2.4038,1.5431,10.4016,1402,2721.95
123233,1.1648,2.9999,10.3106,1397,2722.94
123238,1.719,2.7581,10.8972,1406,2722.94
123243,-2.8994,-0.5902,11.6693,1397,2722.94
123248,-3.2429,0.3424,11.1139,1397,2722.94
123253,0.3998,2.7605,10.1466,1403,2722.94
123258,1.8651,3.6919,10.3765,1403,2722.94
123263,-2.7246,0.747,11.4575,1401,2722.94
123268,-3.0382,-0.7147,11.382,1397,2722.94
123273,-1.5694,2.1045,10.161,1401,2722.94
123278,1.5263,3.2633,10.307,1400,2722.82
123283,0.8583,2.1356,11.1163,1400,2722.82
123288,-2.7426,-1.0499,11.5748,1391,2722.82
123293,-3.0933,0.8679,10.799,1401,2722.82
123298,0.8727,2.8108,10.2472,1391,2723.44
123303,1.8747,3.4046,10.6123,1401,2723.44
123308,-3.2286,0.1628,11.5329,1398,2723.44
123313,-3.1304,-0.1975,11.2551,1400,2723.44
123318,-0.4453,2.4995,10.1239,1407,2723.56
123323,1.5455,3.6069,10.2903,1397,2723.56
123328,-0.7721,1.4413,11.3282,1407,2723.56
123333,-2.8527,-1.0965,11.4694,1391,2723.56
123338,-2.326,1.4174,10.5309,1399,2723.56
123343,1.0247,2.9892,10.2879,1400,2723.81
123348,1.7011,2.9078,10.8613,1401,2723.81
123353,-2.9784,-0.4393,11.6143,1397,2723.81
123358,-3.0837,0.2885,11.0887,1400,2723.81
123363,0.3029,2.7677,10.0999,1401,2723.68
123368,1.7502,3.6512,10.3753,1417,2723.68
123373,-2.496,0.7865,11.4563,1401,2723.68
123378,-3.0574,-0.7997,11.412,1400,2723.68
123383,-1.5239,2.0231,10.2639,1407,2723.68
123388,1.2474,3.2789,10.3597,1401,2723.68
123393,0.9637,2.2589,11.1378,1401,2723.68
123398,-2.7426,-0.9278,11.5053,1398,2723.68
123403,-2.8599,0.844,10.811,1401,2723.68
123408,0.7829,2.7952,10.1466,1404,2724.18
123413,1.8399,3.3986,10.5201,1404,2724.18
123418,-3.1747,0.2119,11.5089,1397,2724.18
123423,-3.1316,-0.2526,11.3569,1406,2724.18
123428,-0.5734,2.5055,10.0784,1407,2724.3
123433,1.5024,3.5817,10.3657,1397,2724.3
123438,-0.65,1.5371,11.3054,1403,2724.3
123443,-2.8515,-1.0953,11.4706,1397,2724.3
123448,-2.3894,1.3719,10.5213,1397,2724.3
123453,1.0283,2.9102,10.3226,1407,2724.42
123458,1.7669,2.8874,10.8314,1407,2724.42
123463,-2.9832,-0.4752,11.6514,1403,2724.42
123468,-3.1412,0.2442,11.1438,1403,2724.42
123473,0.231,2.7354,10.1107,1403,2724.18
123478,1.731,3.7266,10.3178,1407,2724.18
123483,-2.3966,0.923,11.4299,1405,2724.18
123488,-2.9975,-0.7853,11.382,1403,2724.18
123493,-1.6065,1.9333,10.2424,1413,2724.18
123498,1.233,3.1735,10.2268,1397,2723.93
123503,1.0331,2.2853,11.1055,1403,2723.93
123508,-2.8192,-0.9697,11.6286,1402,2723.93
123513,-2.9664,0.7853,10.9068,1407,2723.93
123518,0.7889,2.7952,10.1993,1405,2723.81
123523,1.804,3.4991,10.55,1412,2723.81
123528,-3.1783,0.2682,11.497,1400,2723.81
123533,-3.0706,-0.3112,11.3306,1407,2723.81
123538,-0.6512,2.4373,10.0772,1415,2723.31
123543,1.4916,3.4955,10.3477,1403,2723.31
123548,-0.4106,1.6125,11.2312,1405,2723.31
123553,-2.8623,-1.1169,11.4718,1401,2723.31
123558,-2.5019,1.3132,10.6315,1400,2723.31
123563,0.9888,2.9197,10.3334,1407,2723.44
123568,1.719,2.9999,10.823,1404,2723.44
123573,-3.0837,-0.2861,11.5975,1405,2723.44
123578,-3.1292,0.182,11.2132,1399,2723.44
123583,0.1448,2.6851,10.137,1404,2724.18
123588,1.6879,3.7062,10.3549,1400,2724.18
123593,-2.1572,0.9349,11.4215,1415,2724.18
123598,-2.8192,-1.0534,11.5029,1402,2724.18
123603,-2.5163,1.3515,10.5991,1419,2724.18
123608,1.0151,2.9209,10.2711,1401,2724.18
123613,1.8148,3.0239,10.7452,1407,2724.18
123618,-3.0646,-0.2873,11.5927,1399,2724.18
123623,-3.122,0.0802,11.2336,1416,2724.18
123628,0.1065,2.6336,10.0221,1405,2724.55
123633,1.6352,3.6811,10.386,1415,2724.55
123638,-2.0961,0.9744,11.4203,1397,2724.55
123643,-2.9999,-0.8571,11.4718,1416,2724.55
123648,-1.7454,1.9058,10.2615,1417,2724.92
123653,1.3001,3.1963,10.2855,1405,2724.92
123658,1.306,2.4074,11.0696,1407,2724.92
123663,-2.7533,-0.8356,11.5712,1406,2724.92
123668,-2.9904,0.6823,10.9247,1400,2724.92
123673,0.6393,2.7845,10.1706,1407,2725.54
123678,1.7885,3.486,10.5381,1405,2725.54
123683,-3.1663,0.3795,11.5065,1407,2725.54
123688,-3.0873,-0.3424,11.3701,1403,2725.54
123693,-0.8464,2.3894,10.1011,1399,2726.28
123698,1.4856,3.547,10.3609,1407,2726.28
123703,-0.1772,1.7023,11.2073,1407,2726.28
123708,-2.8132,-1.1193,11.5017,1402,2726.28
123713,-2.5666,1.2163,10.6171,1414,2726.28
123718,0.9744,2.8491,10.252,1390,2726.9
123723,1.8088,3.0059,10.805,1415,2726.9
123728,-3.0682,-0.322,11.631,1395,2726.9
123733,-3.1927,0.1784,11.212,1414,2726.9
123738,0.0874,2.7174,10.0604,1403,2727.27
123743,1.7178,3.6943,10.3884,1406,2727.27
123748,-2.1141,0.9768,11.3916,1399,2727.27
123753,-2.9808,-0.8655,11.4467,1407,2727.27
123758,-1.8232,1.8244,10.2627,1400,2727.02
123763,1.2055,3.0909,10.343,1398,2727.02
123768,1.2677,2.3846,11.0456,1401,2727.02
123773,-2.8683,-0.8428,11.6538,1401,2727.02
123778,-3.0442,0.7015,10.9415,1404,2727.02
123783,0.7075,2.8479,10.1682,1405,2727.15
123788,1.8507,3.547,10.4854,1396,2727.15
123793,-3.1268,0.334,11.4922,1405,2727.15
123798,-3.1005,-0.4238,11.2911,1400,2727.15
123803,-0.7985,2.3535,10.0066,1406,2727.52
123808,1.4832,3.5135,10.3238,1404,2727.52
123813,-0.1377,1.6376,11.2827,1416,2727.52
123818,-2.8683,-1.0654,11.5532,1400,2727.52
123823,-2.6205,1.3096,10.6051,1417,2727.52
123828,1.0295,2.9245,10.325,1401,2728.02
123833,1.8328,2.9892,10.7129,1407,2728.02
123838,-3.0909,-0.2873,11.5939,1398,2728.02
123843,-3.152,0.0874,11.1797,1415,2728.02
123848,0.097,2.6863,10.0604,1406,2728.51
123853,1.6592,3.6763,10.3777,1421,2728.51
123858,-2.1105,0.9649,11.4179,1399,2728.51
123863,-3.0275,-0.8212,11.4694,1415,2728.51
123868,-1.749,1.9345,10.2604,1415,2728.64
123873,1.2869,3.2286,10.3513,1407,2728.64
123878,1.324,2.3607,11.0337,1413,2728.64
123883,-2.8036,-0.8128,11.582,1401,2728.64
123888,-2.9904,0.6764,10.8804,1400,2728.64
123893,0.6847,2.7653,10.1538,1423,2728.39
123898,1.8256,3.4333,10.495,1403,2728.39
123903,-3.1544,0.3304,11.5389,1405,2728.39
123908,-3.1759,-0.3376,11.333,1401,2728.39
123913,-0.7458,2.4505,10.0533,1407,2728.39
123918,1.5275,3.535,10.3693,1402,2728.39
123923,-0.2897,1.6712,11.2408,1413,2728.39
123928,-2.7545,-1.0786,11.497,1401,2728.39
123933,-2.5187,1.2402,10.4974,1405,2728.39
123938,1.0139,2.879,10.3178,1399,2728.26
123943,1.8172,2.9365,10.7607,1413,2728.26
123948,-3.0358,-0.3472,11.6586,1417,2728.26
123953,-3.2166,0.2203,11.145,1407,2728.26
123958,0.1724,2.7174,10.1263,1406,2728.64
123963,1.7023,3.7014,10.4004,1407,2728.64
123968,-2.1919,0.9888,11.4227,1399,2728.64
123973,-3.0047,-0.826,11.4168,1407,2728.64
123978,-1.7047,1.8818,10.2173,1405,2728.64
123983,1.2031,3.1161,10.3609,1404,2728.64
123988,1.1887,2.3487,11.0038,1401,2728.64
123993,-2.8383,-0.9373,11.6203,1402,2728.64
123998,-3.0263,0.7769,10.8757,1399,2728.64
124003,0.735,2.8539,10.1957,1407,2729.13
124008,1.8076,3.4512,10.4507,1404,2729.13
124013,-3.1388,0.3232,11.6334,1404,2729.13
124018,-3.1627,-0.3184,11.2599,1399,2729.13
124023,-0.6548,2.4289,10.0389,1403,2729.75
124028,1.482,3.4728,10.3262,1416,2729.75
124033,-0.4118,1.6245,11.3234,1408,2729.75
124038,-2.8647,-1.0989,11.5724,1404,2729.75
124043,-2.4972,1.4006,10.5129,1404,2729.75
124048,1.1013,2.976,10.2819,1400,2730.25
124053,1.8447,2.9784,10.8062,1407,2730.25
124058,-3.037,-0.3735,11.7053,1399,2730.25
124063,-3.1508,0.2227,11.1438,1397,2730.25
124068,0.2334,2.6743,10.0688,1407,2730.38
124073,1.6568,3.62,10.3346,1405,2730.38
124078,-2.381,0.8667,11.4551,1395,2730.38
124083,-3.1184,-0.7518,11.3413,1407,2730.38
124088,-1.6305,2.0399,10.2232,1415,2730.75
124093,1.3479,3.2825,10.331,1403,2730.75
124098,1.0942,2.2194,11.0887,1403,2730.75
124103,-2.7845,-0.9134,11.6059,1391,2730.75
124108,-2.9269,0.8368,10.7775,1400,2730.75
124113,0.7781,2.788,10.1766,1405,2730.87
124118,1.8399,3.3279,10.507,1405,2730.87
124123,-3.1819,0.152,11.6669,1399,2730.87
124128,-3.2441,-0.2454,11.2635,1405,2730.87
124133,-0.5327,2.5414,10.0521,1401,2731.25
124138,1.573,3.6272,10.2927,1395,2731.25
124143,-0.7386,1.5502,11.3581,1404,2731.25
124148,-2.8838,-1.0762,11.5185,1399,2731.25
124153,-2.3786,1.488,10.416,1405,2731.25
124158,1.081,2.9185,10.2771,1401,2731.49
124163,1.7945,2.7629,10.8517,1399,2731.49
124168,-2.9604,-0.5842,11.6562,1391,2731.49
124173,-3.1639,0.3651,11.0923,1400,2731.49
124178,0.3448,2.818,10.1538,1403,2731.99
124183,1.719,3.7098,10.3884,1401,2731.99
124188,-2.6707,0.759,11.5017,1395,2731.99
124193,-3.067,-0.6309,11.3533,1404,2731.99
124198,-1.4078,2.1117,10.1119,1403,2732.24
124203,1.3228,3.2549,10.3082,1397,2732.24
124208,0.8703,2.0961,11.2073,1398,2732.24
124213,-2.8144,-1.1073,11.6095,1397,2732.24
124218,-2.9377,0.9433,10.7607,1395,2732.24
124223,0.9373,2.8718,10.2711,1401,2732.61
124228,1.9082,3.3267,10.5979,1406,2732.61
124233,-3.2585,0.0646,11.6179,1397,2732.61
124238,-3.2202,-0.1269,11.2049,1399,2732.61
124243,-0.2753,2.5522,10.009,1403,2733.24
124248,1.6029,3.6344,10.3298,1398,2733.24
124253,-1.1277,1.3036,11.4012,1403,2733.24
124258,-2.9401,-1.0798,11.4922,1397,2733.24
124263,-2.2517,1.5826,10.325,1379,2733.24
124268,1.1791,3.0574,10.2927,1397,2733.86
124273,1.7119,2.7102,10.9642,1405,2733.86
124278,-2.9257,-0.6249,11.6909,1391,2733.86
124283,-3.1675,0.565,11.0157,1407,2733.86
124288,0.5543,2.7761,10.0975,1387,2733.86
124293,1.8016,3.5805,10.4184,1401,2733.86
124298,-2.8527,0.4944,11.5257,1401,2733.86
124303,-3.1687,-0.6464,11.3258,1400,2733.86
124308,-1.1612,2.2242,10.1251,1399,2733.73
124313,1.4437,3.4692,10.3621,1401,2733.73
124318,0.4441,1.9094,11.2767,1405,2733.73
124323,-2.7761,-1.0235,11.582,1391,2733.73
124328,-2.7725,1.1708,10.6135,1405,2733.73
124333,0.9768,2.8766,10.1945,1400,2733.61
124338,1.9178,3.1256,10.6638,1405,2733.61
124343,-3.1256,-0.17,11.6215,1390,2733.61
124348,-3.2322,-0.0287,11.2132,1405,2733.61
124353,-0.0982,2.6348,10.0604,1403,2733.49
124358,1.6448,3.7146,10.3681,1403,2733.49
124363,-1.7693,1.1971,11.4036,1401,2733.49
124368,-3.0119,-0.9098,11.4982,1407,2733.49
124373,-1.9632,1.7657,10.2891,1399,2733.49
124378,1.2462,3.0909,10.307,1405,2733.36
124383,1.5347,2.3918,10.9906,1399,2733.36
124388,-2.8551,-0.8416,11.6203,1399,2733.36
124393,-3.0861,0.674,10.9116,1399,2733.36
124398,0.6536,2.7845,10.1957,1407,2733.49
124403,1.8208,3.5506,10.4746,1407,2733.49
124408,-3.1376,0.407,11.6155,1405,2733.49
124413,-3.1771,-0.3591,11.2911,1399,2733.49
124418,-0.8404,2.3655,10.0054,1400,2732.99
124423,1.5646,3.4752,10.3489,1397,2732.99
124428,-0.0634,1.67,11.2073,1415,2732.99
124433,-2.8192,-1.1744,11.564,1399,2732.99
124438,-2.6576,1.2342,10.5189,1415,2732.99
124443,1.0511,2.8623,10.2627,1399,2732.86
124448,1.8495,3.0095,10.7931,1407,2732.86
124453,-3.14,-0.2909,11.5903,1396,2732.86
124458,-3.1639,0.237,11.1486,1416,2732.86
124463,0.2203,2.7234,10.0449,1419,2732.99
124468,1.6831,3.6727,10.3645,1415,2732.99
124473,-2.1596,0.9062,11.4,1397,2732.99
124478,-3.0167,-0.8775,11.3737,1416,2732.99
124483,-1.6891,1.8639,10.1766,1404,2733.36
124488,1.221,3.1903,10.3298,1407,2733.36
124493,1.2031,2.3068,11.0852,1404,2733.36
124498,-2.8802,-0.8655,11.6861,1400,2733.36
124503,-2.976,0.8152,10.8733,1401,2733.36
124508,0.8188,2.8347,10.1897,1413,2733.61
124513,1.8615,3.3842,10.5082,1403,2733.61
124518,-3.1196,0.2155,11.5305,1405,2733.61
124523,-3.1651,-0.3184,11.2432,1391,2733.61
124528,-0.6009,2.4373,10.0042,1405,2733.73
124533,1.4413,3.559,10.3837,1405,2733.73
124538,-0.595,1.5479,11.2599,1407,2733.73
124543,-2.9341,-1.0379,11.5341,1403,2733.73
124548,-2.3331,1.4916,10.4495,1416,2733.73
124553,1.1372,2.9963,10.2352,1399,2733.86
124558,1.8028,2.8431,10.8122,1404,2733.86
124563,-2.9868,-0.4788,11.649,1398,2733.86
124568,-3.146,0.2885,11.0899,1405,2733.86
124573,0.2909,2.6863,10.0808,1403,2733.73
124578,1.6628,3.6428,10.3729,1404,2733.73
124583,-2.6037,0.7793,11.4634,1399,2733.73
124588,-3.1364,-0.7003,11.4335,1406,2733.73
124593,-1.4461,2.1404,10.143,1415,2733.61
124598,1.4724,3.3447,10.3765,1395,2733.61
124603,0.8727,2.1261,11.1294,1407,2733.61
124608,-2.7366,-1.0283,11.6227,1395,2733.61
124613,-2.9604,0.8871,10.6949,1397,2733.61
124618,0.8404,2.8132,10.2208,1403,2733.86
124623,1.8699,3.2298,10.5249,1402,2733.86
124628,-3.2465,0.0934,11.6454,1401,2733.86
124633,-3.2489,-0.1185,11.2875,1401,2733.86
124638,-0.3292,2.6444,10.1071,1403,2734.23
124643,1.6688,3.6488,10.4256,1407,2734.23
124648,-1.1803,1.2797,11.3629,1401,2734.23
124653,-2.8838,-1.0786,11.4766,1399,2734.23
124658,-2.2254,1.5694,10.2759,1399,2734.23
124663,1.1504,2.9975,10.313,1394,2734.61
124668,1.6041,2.66,10.9499,1399,2734.61
124673,-3.0203,-0.656,11.7184,1395,2734.61
124678,-3.1304,0.5363,11.0433,1403,2734.61
124683,0.5076,2.7653,10.1873,1396,2734.98
124688,1.8184,3.6117,10.3561,1401,2734.98
124693,-2.8287,0.6165,11.5628,1399,2734.98
124698,-3.1065,-0.5555,11.3306,1399,2734.98
124703,-1.0858,2.1835,10.1023,1401,2735.23
124708,1.3791,3.3579,10.3465,1397,2735.23
124713,0.322,1.8818,11.1977,1403,2735.23
124718,-2.7952,-1.1037,11.5748,1391,2735.23
124723,-2.8527,1.1468,10.5752,1403,2735.23
124728,0.9936,2.885,10.2699,1391,2735.48
124733,1.9321,3.152,10.7045,1407,2735.48
124738,-3.1699,-0.1425,11.6885,1396,2735.48
124743,-3.207,0.0156,11.1474,1404,2735.48
124748,-0.0479,2.6408,10.0281,1403,2734.98
124753,1.6855,3.6835,10.337,1381,2734.98
124758,-1.8052,1.1492,11.4096,1401,2734.98
124763,-2.9808,-0.9553,11.4191,1407,2734.98
124768,-1.8471,1.7885,10.2735,1399,2734.98
124773,1.1863,3.1496,10.343,1405,2734.36
124778,1.4509,2.5379,10.9834,1399,2734.36
124783,-2.8084,-0.7925,11.6442,1399,2734.36
124788,-3.122,0.6835,10.8936,1403,2734.36
124793,0.6764,2.7509,10.1694,1407,2734.73
124798,1.8507,3.4716,10.4603,1403,2734.73
124803,-3.2406,0.316,11.6215,1405,2734.73
124808,-3.1376,-0.3938,11.2899,1402,2734.73
124813,-0.7937,2.3978,10.1083,1399,2734.73
124818,1.4461,3.5326,10.2699,1399,2734.73
124823,-0.1796,1.6975,11.3174,1415,2734.73
124828,-2.8383,-1.0618,11.4838,1402,2734.73
124833,-2.496,1.312,10.5105,1416,2734.73
124838,0.9876,2.8826,10.2867,1399,2734.86
124843,1.7526,2.9102,10.8002,1407,2734.86
124848,-3.0622,-0.3903,11.6538,1397,2734.86
124853,-3.1975,0.267,11.0935,1415,2734.86
124858,0.231,2.7258,10.0676,1414,2735.48
124863,1.7382,3.7469,10.3789,1413,2735.48
124868,-2.3619,0.8811,11.4634,1395,2735.48
124873,-3.0813,-0.7781,11.4191,1415,2735.48
124878,-1.5838,1.9585,10.2005,1407,2735.85
124883,1.2905,3.1927,10.2975,1405,2735.85
124888,1.0415,2.1907,11.1223,1400,2735.85
124893,-2.8443,-1.0499,11.576,1400,2735.85
124898,-2.9257,0.8918,10.8206,1399,2735.85
124903,0.7889,2.7964,10.2149,1405,2736.1
124908,1.8495,3.3363,10.6099,1400,2736.1
124913,-3.2334,0.17,11.6909,1401,2736.1
124918,-3.1747,-0.1185,11.2827,1400,2736.1
124923,-0.4238,2.4768,10.0233,1403,2736.48
124928,1.5766,3.62,10.2675,1413,2736.48
124933,-0.8727,1.4006,11.3461,1407,2736.48
124938,-2.9257,-1.0654,11.5029,1397,2736.48
124943,-2.2589,1.5131,10.3968,1414,2736.48
124948,1.0942,2.9868,10.2915,1403,2736.6
124953,1.7478,2.7306,10.9331,1400,2736.6
124958,-2.9509,-0.5962,11.6993,1399,2736.6
124963,-3.1149,0.4836,11.0887,1403,2736.6
124968,0.5064,2.7378,10.0688,1401,2736.6
124973,1.8064,3.6404,10.4734,1403,2736.6
124978,-2.818,0.6177,11.5089,1399,2736.6
124983,-3.134,-0.6369,11.3713,1402,2736.6
124988,-1.1588,2.1763,10.1083,1407,2737.85
124993,1.385,3.3591,10.3537,1397,2737.85
124998,0.498,1.9501,11.242,1399,2737.85
125003,-2.9209,-1.0582,11.5736,1395,2737.85
125008,-2.7402,1.1301,10.6243,1399,2737.85
125013,0.9613,2.8982,10.2472,1399,2737.23
125018,1.8663,3.1939,10.659,1401,2737.23
125023,-3.1855,-0.152,11.6909,1392,2737.23
125028,-3.2537,-0.0012,11.2264,1401,2737.23
125033,-0.0682,2.6157,10.0509,1404,2737.23
125038,1.6233,3.711,10.325,1404,2737.23
125043,-1.749,1.148,11.4168,1401,2737.23
125048,-3.0406,-0.9266,11.5365,1407,2737.23
125053,-1.8747,1.7813,10.2675,1401,2737.23
125058,1.1145,3.0634,10.3597,1391,2737.48
125063,1.8651,2.4792,10.9678,1391,2737.48
125068,-2.6923,-0.9325,11.5688,1386,2737.48
125073,-3.6727,0.9816,10.6662,1381,2737.48
125078,1.0726,3.0969,10.1239,1378,2806.36
125083,2.4588,3.2992,10.5704,1383,2806.36
125088,-2.8838,-0.1484,12.2296,1373,2806.36
125093,-4.8973,0.0718,10.981,1379,2806.36
125098,0.4082,2.9604,9.6379,1379,2884.89
125103,2.7797,3.6164,10.3896,1380,2884.89
125108,-1.98,0.152,12.3409,1368,2884.89
125113,-5.2409,-0.4645,11.3222,1378,2884.89
125118,-0.6057,2.7845,9.1638,1371,2929.69
125123,2.7785,3.6787,10.4722,1359,2929.69
125128,-0.6512,0.3663,12.1446,1367,2929.69
125133,-5.3798,-0.8176,11.6215,1365,2929.69
125138,-1.3096,2.6444,8.7688,1365,2956.54
125143,2.8886,3.7038,10.4842,1366,2956.54
125148,0.1844,0.431,12.1853,1367,2956.54
125153,-5.4372,-1.0499,11.8776,1363,2956.54
125158,-1.8806,2.5343,8.6179,1365,2972.36
125163,2.9353,3.711,10.41,1359,2972.36
125168,0.8475,0.583,12.0799,1337,2972.36
125173,-5.4995,-1.148,12.0273,1364,2972.36
125178,-2.229,2.5714,8.5784,1365,2981.81
125183,2.9269,3.6404,10.4495,1356,2981.81
125188,1.2055,0.6572,12.0991,1358,2981.81
125193,-5.5198,-1.2019,12.1362,1363,2981.81
125198,-2.4792,2.5103,8.3881,1362,2987.3
125203,2.9485,3.6643,10.4004,1369,2987.3
125208,1.4617,0.7446,12.2104,1356,2987.3
125213,-5.5162,-1.2486,12.2835,1364,2987.3
125218,-2.7102,2.5223,8.4587,1362,2990.73
125223,2.9628,3.7218,10.3298,1369,2990.73
125228,1.6005,0.7961,12.1925,1355,2990.73
125233,-5.5414,-1.2318,12.3325,1361,2990.73
125238,-2.8287,2.4636,8.418,1365,2992.52
125243,2.9664,3.7469,10.3322,1365,2992.52
125248,1.7023,0.8559,12.2846,1355,2992.52
125253,-5.5318,-1.2869,12.3672,1364,2992.52
125258,-2.8922,2.4505,8.3809,1367,2993.71
125263,3.0299,3.7421,10.3011,1365,2993.71
125268,1.7837,0.8607,12.1721,1357,2993.71
125273,-5.4696,-1.251,12.4666,1361,2993.71
125278,-2.9377,2.4241,8.4276,1366,2994.46
125283,3.0287,3.7792,10.3358,1361,2994.46
125288,1.8328,0.9469,12.202,1357,2994.46
125293,-5.4983,-1.2582,12.4953,1355,2994.46
125298,-3.0562,2.411,8.4156,1368,2994.91
125303,3.0095,3.7733,10.2268,1361,2994.91
125308,1.9453,0.99,12.2068,1357,2994.91
125313,-5.4696,-1.2845,12.5097,1365,2994.91
125318,-3.0885,2.3834,8.3929,1367,2995.06
125323,3.0586,3.7206,10.2316,1363,2995.06
125328,1.9956,0.9864,12.1566,1355,2995.06
125333,-5.4528,-1.2893,12.5265,1358,2995.06
125338,-3.1819,2.3954,8.4096,1367,2995.06
125343,2.9916,3.7014,10.2771,1363,2995.06
125348,2.077,1.063,12.1566,1359,2995.06
125353,-5.4109,-1.3036,12.5528,1357,2995.06
125358,-3.2202,2.3619,8.4013,1365,2994.91
125363,2.9999,3.7002,10.2328,1363,2994.91
125368,2.0865,1.0367,12.1745,1357,2994.91
125373,-5.43,-1.3372,12.5277,1359,2994.91
125378,-3.2465,2.2817,8.424,1369,2994.76
125383,2.9377,3.6488,10.2592,1358,2994.76
125388,2.2122,1.0798,12.1302,1353,2994.76
125393,-5.4372,-1.2989,12.548,1359,2994.76
125398,-3.3351,2.3104,8.4168,1357,2994.76
125403,2.9568,3.6919,10.1801,1357,2994.76
125408,2.2314,1.1121,12.1865,1357,2994.76
125413,-5.4289,-1.342,12.633,1357,2994.76
125418,-3.4105,2.3391,8.5054,1369,2994.61
125423,2.9185,3.5997,10.2101,1358,2994.61
125428,2.2924,1.1408,12.141,1357,2994.61
125433,-5.3474,-1.3336,12.5456,1361,2994.61
125438,-3.4824,2.3427,8.4396,1367,2994.46
125443,2.8742,3.6691,10.2173,1355,2994.46
125448,2.3427,1.1504,12.1194,1357,2994.46
125453,-5.3498,-1.3276,12.6569,1356,2994.46
125458,-3.5291,2.3116,8.509,1357,2994.01
125463,2.9113,3.7074,10.2065,1361,2994.01
125468,2.4193,1.2594,12.0692,1355,2994.01
125473,-5.3271,-1.3276,12.7252,1363,2994.01
125478,-3.5937,2.3427,8.491,1365,2994.46
125483,2.9293,3.7362,10.1766,1362,2994.46
125488,2.4672,1.2725,12.0847,1357,2994.46
125493,-5.2924,-1.3192,12.7539,1359,2994.46
125498,-3.6607,2.314,8.4635,1363,2994.31
125503,2.9401,3.7242,10.1179,1362,2994.31
125508,2.5223,1.306,12.0333,1355,2994.31
125513,-5.2637,-1.2881,12.7144,1363,2994.31
125518,-3.7625,2.2613,8.5437,1371,2994.46
125523,2.9568,3.6859,10.1143,1359,2994.46
125528,2.6073,1.3671,12.068,1355,2994.46
125533,-5.2601,-1.3611,12.7443,1365,2994.46
125538,-3.7828,2.2781,8.5784,1363,2994.46
125543,2.9221,3.638,10.1203,1365,2994.46
125548,2.6731,1.3587,12.0464,1355,2994.46
125553,-5.1894,-1.3372,12.7802,1367,2994.46
125558,-3.8726,2.2206,8.6,1364,2994.91
125563,2.8695,3.6057,10.0329,1363,2994.91
125568,2.7797,1.3252,12.0069,1357,2994.91
125573,-5.2469,-1.3455,12.7743,1363,2994.91
125578,-3.9409,2.1787,8.5892,1371,2994.76
125583,2.8599,3.5889,10.0533,1361,2994.76
125588,2.7869,1.3731,11.9806,1362,2994.76
125593,-5.1954,-1.3551,12.8138,1367,2994.76
125598,-4.0223,2.1572,8.6131,1365,2994.46
125603,2.8132,3.5961,10.0233,1356,2994.46
125608,2.8515,1.4257,11.965,1357,2994.46
125613,-5.1858,-1.3336,12.8485,1365,2994.46
125618,-4.057,2.1679,8.6562,1364,2994.01
125623,2.7976,3.6033,10.0389,1363,2994.01
125628,2.8455,1.4724,12.0117,1357,2994.01
125633,-5.1631,-1.3647,12.8736,1368,2994.01
125638,-4.1934,2.1715,8.6682,1363,2993.56
125643,2.7713,3.5793,9.973,1359,2993.56
125648,2.9425,1.4796,12.0105,1362,2993.56
125653,-5.193,-1.3288,12.8892,1367,2993.56
125658,-4.2114,2.1991,8.7305,1363,2994.16
125663,2.7713,3.6248,9.9754,1357,2994.16
125668,2.9509,1.5718,11.9902,1359,2994.16
125673,-5.114,-1.2941,12.9395,1359,2994.16
125678,-4.2545,2.1967,8.7221,1361,2993.86
125683,2.8228,3.6344,9.9766,1359,2993.86
125688,3.037,1.6161,11.9566,1361,2993.86
125693,-5.0745,-1.2737,12.9969,1370,2993.86
125698,-4.2772,2.1416,8.7161,1362,2993.71
125703,2.7809,3.6332,9.9623,1356,2993.71
125708,3.0801,1.6257,11.8752,1363,2993.71
125713,-5.0314,-1.2953,12.985,1369,2993.71
125718,-4.3419,2.1021,8.7089,1357,2993.41
125723,2.8096,3.614,9.9288,1351,2993.41
125728,3.1232,1.6209,11.9303,1363,2993.41
125733,-4.9835,-1.3228,13.0328,1367,2993.41
125738,-4.452,2.0518,8.7604,1365,2993.41
125743,2.7653,3.553,9.8617,1355,2993.41
125748,3.1855,1.6532,11.8321,1359,2993.41
125753,-4.9716,-1.342,12.9873,1368,2993.41
125758,-4.4891,2.0231,8.8143,1369,2992.82
125763,2.7904,3.4931,9.8964,1357,2992.82
125768,3.3076,1.7154,11.8884,1365,2992.82
125773,-4.9249,-1.3096,13.0113,1367,2992.82
125778,-4.5825,2.0255,8.8454,1369,2993.86
125783,2.7557,3.5003,9.8581,1353,2993.86
125788,3.298,1.7609,11.8381,1365,2993.86
125793,-4.8722,-1.3276,13.0041,1366,2993.86
125798,-4.6699,1.968,8.8645,1371,2993.41
125803,2.6947,3.5159,9.8569,1355,2993.41
125808,3.3447,1.7992,11.8226,1367,2993.41
125813,-4.8542,-1.2893,13.0855,1363,2993.41
125818,-4.7621,2.0123,8.8621,1365,2993.41
125823,2.6851,3.5147,9.8845,1355,2993.41
125828,3.3423,1.8375,11.7663,1365,2993.41
125833,-4.883,-1.2929,13.1681,1362,2993.41
125838,-4.8135,1.9872,8.9459,1369,2993.56
125843,2.6695,3.5338,9.8162,1355,2993.56
125848,3.4189,1.8567,11.7926,1372,2993.56
125853,-4.8626,-1.239,13.1011,1356,2993.56
125858,-4.8758,1.9692,8.9639,1363,2993.41
125863,2.6504,3.4919,9.7707,1357,2993.41
125868,3.4656,1.9405,11.7304,1369,2993.41
125873,-4.8375,-1.2091,13.1454,1365,2993.41
125878,-4.9668,1.9992,9.0513,1368,2993.71
125883,2.6408,3.5494,9.7576,1351,2993.71
125888,3.5075,1.9944,11.7867,1372,2993.71
125893,-4.7525,-1.1935,13.1274,1356,2993.71
125898,-4.9967,1.9465,9.0513,1368,2993.41
125903,2.6635,3.5374,9.7324,1357,2993.41
125908,3.5674,1.9824,11.801,1368,2993.41
125913,-4.7525,-1.2079,13.2435,1355,2993.41
125918,-5.0338,1.8974,9.001,1365,2993.56
125923,2.636,3.4872,9.6857,1356,2993.56
125928,3.6045,2.0411,11.7029,1369,2993.56
125933,-4.6196,-1.1768,13.2028,1357,2993.56
125938,-5.0769,1.8818,9.019,1363,2993.12
125943,2.6707,3.486,9.651,1358,2993.12
125948,3.6739,2.0219,11.6622,1370,2993.12
125953,-4.6316,-1.2378,13.1956,1357,2993.12
125958,-5.1224,1.7813,9.1004,1365,2993.12
125963,2.6408,3.4225,9.6438,1359,2994.01
125968,3.7134,2.0662,11.6861,1371,2994.01
125973,-4.6136,-1.2246,13.1849,1357,2994.01
125978,-5.2158,1.7705,9.1818,1359,2994.01
125983,2.5869,3.4022,9.5828,1353,2993.41
125988,3.7134,2.1201,11.7064,1369,2993.41
125993,-4.5717,-1.2282,13.2459,1357,2993.41
125998,-5.2876,1.7442,9.1614,1358,2993.41
126003,2.5881,3.3591,9.6019,1363,2993.86
126008,3.7481,2.1632,11.6957,1365,2993.86
126013,-4.5717,-1.2055,13.2747,1359,2993.86
126018,-5.3965,1.7729,9.1578,1363,2993.86
126023,2.5319,3.4117,9.5852,1363,2994.31
126028,3.7661,2.2314,11.6155,1363,2994.31
126033,-4.5705,-1.1456,13.301,1359,2994.31
126038,-5.4193,1.719,9.177,1355,2994.31
126043,2.5379,3.4129,9.5888,1363,2994.16
126048,3.7385,2.217,11.6622,1365,2994.16
126053,-4.5442,-1.1169,13.3285,1358,2994.16
126058,-5.436,1.6891,9.2692,1364,2994.16
126063,2.49,3.4572,9.5517,1365,2994.46
126068,3.8128,2.308,11.6227,1363,2994.46
126073,-4.4831,-1.0487,13.3225,1357,2994.46
126078,-5.4708,1.7011,9.2608,1364,2994.46
126083,2.5462,3.4441,9.4308,1365,2994.01
126088,3.7984,2.3272,11.6634,1362,2994.01
126093,-4.4149,-1.063,13.3345,1357,2994.01
126098,-5.4863,1.6532,9.3769,1363,2994.01
126103,2.4708,3.3842,9.4691,1363,2993.86
126108,3.8571,2.3511,11.5963,1363,2993.86
126113,-4.2916,-1.0654,13.3022,1359,2993.86
126118,-5.5186,1.6436,9.3158,1363,2993.86
126123,2.4876,3.3854,9.4583,1386,2993.56
126128,3.8834,2.3415,11.5377,1365,2993.56
126133,-4.2701,-1.0666,13.3297,1358,2993.56
126138,-5.5569,1.5562,9.3458,1359,2993.56
126143,2.466,3.3411,9.4523,1363,2993.71
126148,3.8918,2.3727,11.5197,1367,2993.71
126153,-4.2521,-1.0511,13.3561,1356,2993.71
126158,-5.6395,1.5455,9.42,1367,2993.71
126163,2.4074,3.3291,9.4008,1363,2993.56
126168,3.8642,2.3679,11.5257,1365,2993.56
126173,-4.2306,-1.1085,13.3237,1363,2993.56
126178,-5.6934,1.5275,9.4188,1367,2993.56
126183,2.399,3.3459,9.4056,1363,2993.41
126188,3.9253,2.405,11.5317,1368,2993.41
126193,-4.2162,-1.0678,13.3237,1361,2993.41
126198,-5.7748,1.5083,9.5086,1371,2993.41
126203,2.3308,3.2956,9.3769,1363,2993.71
126208,3.8918,2.4744,11.4718,1365,2993.71
126213,-4.1922,-1.0558,13.3381,1359,2993.71
126218,-5.8227,1.5119,9.4679,1369,2993.71
126223,2.308,3.3279,9.3458,1357,2994.31
126228,3.9624,2.4924,11.4874,1366,2994.31
126233,-4.203,-1.0187,13.3824,1357,2994.31
126238,-5.8251,1.4772,9.5253,1371,2994.31
126243,2.2936,3.3447,9.3194,1356,2994.46
126248,3.8906,2.5474,11.4227,1359,2994.46
126253,-4.1156,-0.9529,13.4219,1357,2994.46
126258,-5.8478,1.4521,9.5445,1371,2994.46
126263,2.2733,3.316,9.3362,1359,2994.46
126268,3.9756,2.5977,11.4371,1363,2994.46
126273,-4.0989,-0.9361,13.4159,1351,2994.46
126278,-5.8814,1.4497,9.5876,1369,2994.46
126283,2.2673,3.3172,9.1794,1358,2994.61
126288,4.0067,2.6336,11.4658,1369,2994.61
126293,-3.9887,-0.9098,13.3285,1357,2994.61
126298,-5.8658,1.3934,9.5756,1370,2994.61
126303,2.2901,3.3375,9.165,1355,2994.46
126308,4.0402,2.6252,11.4156,1363,2994.46
126313,-3.954,-0.8823,13.3513,1355,2994.46
126318,-5.8945,1.3563,9.6558,1368,2994.46
126323,2.223,3.2657,9.1435,1352,2994.46
126328,4.0546,2.6061,11.4024,1359,2994.46
126333,-3.9229,-0.9122,13.3848,1358,2994.46
126338,-5.9233,1.3036,9.6462,1368,2994.46
126343,2.1763,3.2801,9.177,1357,2994.46
126348,4.0043,2.6384,11.3916,1367,2994.46
126353,-3.8367,-0.899,13.3884,1355,2994.46
126358,-5.9675,1.251,9.6438,1367,2994.46
126363,2.1356,3.2609,9.1411,1357,2994.46
126368,4.0163,2.7043,11.3473,1363,2994.46
126373,-3.8607,-0.9014,13.4315,1358,2994.46
126378,-5.9867,1.2198,9.6929,1371,2994.46
126383,2.1512,3.2322,9.1231,1354,2994.46
126388,4.0187,2.7043,11.4598,1359,2994.46
126393,-3.8666,-0.9002,13.3668,1359,2994.46
126398,-6.0178,1.2354,9.7468,1368,2994.46
126403,2.1392,3.2573,9.0704,1353,2994.31
126408,3.9828,2.745,11.4263,1359,2994.31
126413,-3.7769,-0.8859,13.4159,1357,2994.31
126418,-6.0908,1.2354,9.809,1367,2994.31
126423,2.0578,3.2489,9.0752,1363,2994.31
126428,4.0151,2.7797,11.3904,1361,2994.31
126433,-3.7733,-0.8428,13.4506,1355,2994.31
126438,-6.1136,1.2115,9.7636,1365,2994.31
126443,2.0853,3.2429,9.1195,1357,2994.61
126448,4.0223,2.824,11.2851,1357,2994.61
126453,-3.7146,-0.8092,13.4375,1358,2994.61
126458,-6.11,1.1696,9.8174,1368,2994.61
126463,2.0363,3.2765,9.086,1359,2994.91
126468,4.0199,2.8503,11.3054,1355,2994.91
126473,-3.6799,-0.7434,13.4291,1359,2994.91
126478,-6.128,1.1504,9.8462,1367,2994.91
126483,1.986,3.2693,9.0345,1355,2995.06
126488,4.0558,2.8539,11.2791,1365,2995.06
126493,-3.6344,-0.7602,13.392,1364,2995.06
126498,-6.104,1.1384,9.9455,1367,2995.06
126503,2.0075,3.2154,8.9795,1359,2994.76
126508,4.0773,2.8706,11.2767,1365,2994.76
126513,-3.565,-0.7434,13.3848,1363,2994.76
126518,-6.1339,1.0774,9.9168,1363,2994.76
126523,1.9393,3.237,8.9998,1359,2994.61
126528,4.0773,2.8623,11.2408,1365,2994.61
126533,-3.5135,-0.7745,13.392,1362,2994.61
126538,-6.1758,1.002,9.9204,1364,2994.61
126543,1.8974,3.2034,8.9723,1358,2994.31
126548,4.0677,2.9137,11.1618,1361,2994.31
126553,-3.4848,-0.7183,13.4399,1364,2994.31
126558,-6.1746,0.9469,9.906,1357,2994.31
126563,1.8818,3.1484,8.9818,1351,2994.16
126568,4.0199,2.9102,11.2037,1361,2994.16
126573,-3.4548,-0.7446,13.3776,1365,2994.16
126578,-6.2142,0.911,10.0209,1355,2994.16
126583,1.8447,3.1352,8.8813,1343,2994.01
126588,4.0235,2.9616,11.2575,1350,2994.01
126593,-3.4393,-0.7207,13.3896,1363,2994.01
126598,-6.2453,0.9146,10.0317,1359,2994.01
126603,1.8399,3.1807,8.8992,1355,2994.31
126608,4.0163,3.0071,11.2659,1359,2994.31
126613,-3.4081,-0.7171,13.3082,1363,2994.31
126618,-6.2513,0.9074,10.0353,1357,2994.31
126623,1.7657,3.1496,8.843,1365,2994.31
126628,4.0079,3.0143,11.2468,1363,2994.31
126633,-3.3351,-0.6704,13.3991,1363,2994.31
126638,-6.2752,0.893,10.0975,1355,2994.31
126643,1.7406,3.1903,8.9136,1358,2994.46
126648,4.0055,3.0526,11.1821,1361,2994.46
126653,-3.3351,-0.6764,13.3752,1358,2994.46
126658,-6.2896,0.9002,10.0784,1365,2994.46
126663,1.7107,3.1603,8.8418,1363,2994.16
126668,4.0223,3.0885,11.1977,1359,2994.16
126673,-3.2693,-0.6129,13.3872,1355,2994.16
126678,-6.2764,0.8284,10.1323,1359,2994.16
126683,1.6723,3.1244,8.7795,1355,2993.41
126688,4.0247,3.1041,11.1211,1359,2993.41
126693,-3.1615,-0.6057,13.3764,1357,2993.41
126698,-6.2321,0.7374,10.1586,1361,2993.41
126703,1.6628,3.1017,8.7771,1355,2993.27
126708,4.027,3.1065,11.1534,1364,2993.27
126713,-3.0957,-0.5902,13.3166,1355,2993.27
126718,-6.2584,0.6991,10.1586,1363,2993.27
126723,1.5909,3.1029,8.7819,1337,2992.97
126728,3.9983,3.1328,11.0828,1367,2992.97
126733,-2.976,-0.5698,13.3297,1349,2992.97
126738,-6.3171,0.6081,10.234,1365,2992.97
126743,1.4688,3.0706,8.7712,1356,2992.67
126748,3.9421,3.152,11.0708,1363,2992.67
126753,-2.9676,-0.5375,13.3309,1353,2992.67
126758,-6.2908,0.6189,10.2161,1363,2992.67
126763,1.4425,3.0323,8.7209,1357,2992.37
126768,3.9253,3.1939,11.0971,1369,2992.37
126773,-2.891,-0.5112,13.3082,1357,2992.37
126778,-6.2944,0.5231,10.3298,1365,2992.37
126783,1.3683,3.0299,8.691,1353,2992.22
126788,3.8918,3.2142,11.0864,1367,2992.22
126793,-2.8467,-0.4932,13.2339,1353,2992.22
126798,-6.3602,0.5411,10.3609,1366,2992.22
126803,1.3455,3.0586,8.6886,1359,2992.37
126808,3.9301,3.2908,11.0672,1369,2992.37
126813,-2.8371,-0.4836,13.2495,1357,2992.37
126818,-6.3386,0.5195,10.4004,1361,2992.37
126823,1.2641,3.0454,8.655,1364,2992.37
126828,3.899,3.316,11.0409,1369,2992.37
126833,-2.7581,-0.3819,13.2758,1357,2992.37
126838,-6.3135,0.504,10.4411,1362,2992.37
126843,1.2067,3.0406,8.6347,1367,2992.67
126848,3.9229,3.3088,10.9942,1369,2992.67
126853,-2.6911,-0.3783,13.2615,1357,2992.67
126858,-6.3686,0.4106,10.4686,1363,2992.67
126863,1.1684,3.0598,8.6227,1357,2992.67
126868,3.9205,3.3375,10.987,1365,2992.67
126873,-2.6085,-0.4022,13.2351,1356,2992.67
126878,-6.3207,0.3879,10.5584,1365,2992.67
126883,1.1073,2.9963,8.5796,1369,2992.82
126888,3.9169,3.3255,11.0026,1358,2992.82
126893,-2.5055,-0.3855,13.1454,1357,2992.82
126898,-6.3099,0.3077,10.6099,1365,2992.82
126903,1.0738,3.0143,8.5317,1369,2992.82
126908,3.8894,3.3746,10.9954,1365,2992.82
126913,-2.4361,-0.3699,13.1873,1355,2992.82
126918,-6.2908,0.261,10.5728,1363,2992.82
126923,1.0068,2.9808,8.503,1363,2992.52
126928,3.8439,3.3926,10.9547,1367,2992.52
126933,-2.3296,-0.3639,13.1573,1357,2992.52
126938,-6.2848,0.1939,10.6219,1363,2992.52
126943,0.917,2.9437,8.4946,1367,2992.22
126948,3.7996,3.4034,10.9307,1365,2992.22
126953,-2.2541,-0.3017,13.1071,1355,2992.22
126958,-6.3339,0.0994,10.5848,1367,2992.22
126963,0.8691,2.9425,8.5102,1369,2992.07
126968,3.7613,3.4441,10.8984,1363,2992.07
126973,-2.2326,-0.2777,13.1142,1365,2992.07
126978,-6.2932,0.0622,10.6674,1373,2992.07
126983,0.7458,2.9221,8.4455,1358,2991.92
126988,3.7517,3.5075,10.9403,1363,2991.92
126993,-2.1512,-0.249,13.1118,1355,2991.92
126998,-6.3386,0.067,10.7308,1367,2991.92
127003,0.7039,2.9509,8.4695,1367,2991.92
127008,3.7362,3.5446,10.9427,1363,2991.92
127013,-2.071,-0.2502,13.0819,1355,2991.92
127018,-6.3267,0.012,10.7871,1369,2991.92
127023,0.6141,2.9006,8.4276,1365,2991.92
127028,3.7158,3.5279,10.8996,1367,2991.92
127033,-1.986,-0.2191,13.1047,1357,2991.92
127038,-6.3159,-0.0287,10.8266,1365,2991.92
127043,0.5183,2.9197,8.4743,1365,2992.07
127048,3.7433,3.5733,10.8242,1363,2992.07
127053,-1.8208,-0.1508,13.0125,1355,2992.07
127058,-6.3027,-0.0419,10.8757,1371,2992.07
127063,0.4501,2.9353,8.3641,1363,2992.37
127068,3.7062,3.5985,10.8793,1363,2992.37
127073,-1.7633,-0.1317,13.0245,1357,2992.37
127078,-6.2752,-0.1688,10.9092,1371,2992.37
127083,0.395,2.9018,8.4001,1364,2992.67
127088,3.7278,3.5793,10.8098,1364,2992.67
127093,-1.6807,-0.1281,12.8892,1352,2992.67
127098,-6.274,-0.176,10.9427,1372,2992.67
127103,0.3065,2.8371,8.3258,1365,2992.67
127108,3.6943,3.6392,10.8553,1357,2992.67
127113,-1.5778,-0.1329,12.9191,1355,2992.67
127118,-6.2225,-0.2107,10.9774,1371,2992.67
127123,0.267,2.8623,8.3019,1357,2992.52
127128,3.6751,3.6236,10.732,1368,2992.52
127133,-1.4952,-0.0922,12.9622,1356,2992.52
127138,-6.2082,-0.2526,11.0421,1365,2992.52
127143,0.1532,2.8443,8.327,1363,2992.37
127148,3.614,3.5877,10.7643,1367,2992.37
127153,-1.3755,-0.0802,12.9514,1355,2992.37
127158,-6.2201,-0.4154,11.0516,1371,2992.37
127163,0.091,2.8383,8.327,1365,2992.22
127168,3.6248,3.6536,10.7727,1368,2992.22
127173,-1.3216,-0.0072,12.9059,1357,2992.22
127178,-6.201,-0.3783,11.1282,1375,2992.22
127183,-0.012,2.7904,8.2887,1374,2992.22
127188,3.5769,3.6643,10.8062,1367,2992.22
127193,-1.2294,-0.0299,12.8605,1357,2992.22
127198,-6.201,-0.4154,11.1845,1373,2992.22
127203,-0.1197,2.794,8.2983,1365,2992.52
127208,3.5398,3.6679,10.7799,1367,2992.52
127213,-1.1444,-0.0036,12.8784,1357,2992.52
127218,-6.2608,-0.4238,11.2456,1371,2992.52
127223,-0.1676,2.7821,8.254,1370,2992.67
127228,3.5793,3.7182,10.6913,1363,2992.67
127233,-1.0606,0.0156,12.8233,1359,2992.67
127238,-6.195,-0.4405,11.2372,1369,2992.67
127243,-0.2969,2.727,8.2516,1368,2992.97
127248,3.5099,3.6823,10.7356,1363,2992.97
127253,-0.9577,0.1006,12.8221,1357,2992.97
127258,-6.2333,-0.4776,11.2946,1368,2992.97
127263,-0.3472,2.7677,8.2528,1368,2992.82
127268,3.5638,3.6871,10.75,1355,2992.82
127273,-0.8679,0.1006,12.7826,1365,2992.82
127278,-6.1543,-0.5207,11.3066,1365,2992.82
127283,-0.3986,2.7426,8.1965,1368,2992.37
127288,3.4931,3.7625,10.7416,1359,2992.37
127293,-0.7542,0.0862,12.7515,1364,2992.37
127298,-6.128,-0.559,11.3497,1363,2992.37
127303,-0.5148,2.715,8.2181,1363,2992.22
127308,3.4895,3.7493,10.7176,1363,2992.22
127313,-0.6393,0.1221,12.6953,1363,2992.22
127318,-6.0992,-0.6249,11.3342,1363,2992.22
127323,-0.5974,2.739,8.2684,1369,2992.07
127328,3.4668,3.7553,10.7057,1365,2992.07
127333,-0.5758,0.1508,12.6797,1365,2992.07
127338,-6.037,-0.6823,11.3784,1365,2992.07
127343,-0.7051,2.7031,8.1726,1365,2991.92
127348,3.4105,3.735,10.653,1365,2991.92
127353,-0.4381,0.2155,12.6869,1362,2991.92
127358,-6.043,-0.735,11.4479,1359,2991.92
127363,-0.8296,2.6863,8.2229,1364,2991.77
127368,3.4093,3.7409,10.6805,1363,2991.77
127373,-0.3053,0.1664,12.6713,1364,2991.77
127378,-6.0597,-0.8404,11.5412,1363,2991.77
127383,-0.9074,2.6695,8.2205,1363,2991.77
127388,3.3543,3.7421,10.6578,1365,2991.77
127393,-0.2119,0.2286,12.6366,1359,2991.77
127398,-6.0382,-0.8583,11.5604,1357,2991.77
127403,-1.0475,2.6767,8.1798,1365,2991.77
127408,3.3483,3.7505,10.6087,1365,2991.77
127413,-0.0634,0.2705,12.5839,1375,2991.77
127418,-6.0537,-0.8523,11.6191,1358,2991.77
127423,-1.166,2.6037,8.242,1368,2992.07
127428,3.3076,3.8092,10.671,1368,2992.07
127433,-0.0263,0.3436,12.639,1357,2992.07
127438,-6.0166,-0.8535,11.7053,1359,2992.07
127443,-1.2462,2.6217,8.2732,1365,2992.07
127448,3.3327,3.802,10.5572,1367,2992.07
127453,0.1089,0.3663,12.5995,1373,2992.07
127458,-5.9867,-0.8942,11.6478,1365,2992.07
127463,-1.3348,2.6133,8.2289,1365,2992.07
127468,3.2884,3.7781,10.5884,1364,2992.07
127473,0.2646,0.419,12.5193,1357,2992.07
127478,-5.9831,-0.917,11.7651,1365,2992.07
127483,-1.4329,2.6157,8.2468,1364,2992.07
127488,3.286,3.8152,10.5704,1370,2992.07
127493,0.2682,0.4621,12.4714,1355,2992.07
127498,-5.8478,-0.9062,11.8022,1361,2992.07
127503,-1.4904,2.5654,8.2073,1365,2992.22
127508,3.3064,3.796,10.5393,1367,2992.22
127513,0.4501,0.4429,12.5277,1357,2992.22
127518,-5.9053,-0.9577,11.8393,1363,2992.22
127523,-1.5862,2.5881,8.1965,1366,2991.92
127528,3.3196,3.7541,10.4806,1369,2991.92
127533,0.5219,0.4872,12.4498,1357,2991.92
127538,-5.8574,-1.0056,11.8357,1359,2991.92
127543,-1.7178,2.5283,8.2588,1367,2991.62
127548,3.2346,3.7529,10.495,1369,2991.62
127553,0.7171,0.5124,12.4917,1357,2991.62
127558,-5.8047,-1.069,11.9004,1365,2991.62
127563,-1.8364,2.551,8.2756,1367,2991.62
127568,3.2142,3.7266,10.5273,1365,2991.62
127573,0.8452,0.5495,12.4738,1359,2991.62
127578,-5.8143,-1.1636,11.9854,1369,2991.62
127583,-1.9094,2.5115,8.2157,1369,2991.62
127588,3.2058,3.7876,10.4998,1367,2991.62
127593,0.8847,0.589,12.372,1359,2991.62
127598,-5.7365,-1.1851,12.0093,1362,2991.62
127603,-2.059,2.5175,8.2468,1369,2991.62
127608,3.1915,3.7996,10.471,1365,2991.62
127613,1.0307,0.6476,12.4139,1355,2991.62
127618,-5.8311,-1.1708,12.0704,1363,2991.62
127623,-2.1859,2.4792,8.321,1369,2991.62
127628,3.1615,3.7661,10.4902,1359,2991.62
127633,1.1061,0.6692,12.4008,1359,2991.62
127638,-5.7808,-1.1588,12.0596,1365,2991.62
127643,-2.2996,2.5283,8.3222,1365,2991.92
127648,3.0921,3.7685,10.4471,1359,2991.92
127653,1.2342,0.7817,12.3589,1359,2991.92
127658,-5.6623,-1.1696,12.1877,1363,2991.92
127663,-2.393,2.4816,8.2923,1371,2991.92
127668,3.122,3.8044,10.483,1357,2991.92
127673,1.3994,0.8045,12.299,1357,2991.92
127678,-5.6778,-1.1899,12.1673,1363,2991.92
127683,-2.4995,2.4385,8.3486,1364,2992.22
127688,3.0957,3.802,10.4842,1365,2992.22
127693,1.4641,0.8284,12.2272,1357,2992.22
127698,-5.606,-1.1708,12.2511,1363,2992.22
127703,-2.5893,2.3798,8.3151,1363,2992.22
127708,3.0993,3.7445,10.3669,1363,2992.22
127713,1.6017,0.8679,12.2392,1357,2992.22
127718,-5.6192,-1.2414,12.2296,1363,2992.22
127723,-2.6875,2.3691,8.3641,1367,2992.22
127728,3.0873,3.6895,10.3465,1365,2992.22
127733,1.7262,0.8727,12.2428,1357,2992.22
127738,-5.5952,-1.2222,12.2344,1361,2992.22
127743,-2.7749,2.393,8.3761,1363,2992.22
127748,3.067,3.6895,10.3573,1367,2992.22
127753,1.8268,0.8966,12.2356,1357,2992.22
127758,-5.527,-1.3096,12.287,1369,2992.22
127763,-2.8886,2.3535,8.3725,1365,2992.37
127768,2.9928,3.6583,10.3142,1365,2992.37
127773,1.9285,0.9852,12.1925,1364,2992.37
127778,-5.5761,-1.2749,12.4235,1369,2992.37
127783,-2.9808,2.4122,8.4013,1364,2992.52
127788,3.0095,3.6919,10.3645,1365,2992.52
127793,1.9872,0.9481,12.1578,1362,2992.52
127798,-5.5617,-1.312,12.4522,1371,2992.52
127803,-3.1364,2.3116,8.4719,1365,2992.52
127808,2.9532,3.7098,10.2783,1364,2992.52
127813,2.077,1.0463,12.1985,1361,2992.52
127818,-5.5581,-1.324,12.5169,1369,2992.52
127823,-3.2022,2.3834,8.4515,1363,2992.52
127828,2.9509,3.7338,10.2867,1364,2992.52
127833,2.1452,1.081,12.2368,1363,2992.52
127838,-5.5067,-1.324,12.4642,1372,2992.52
127843,-3.2872,2.3403,8.5042,1365,2992.67
127848,3.0155,3.7218,10.2017,1358,2992.67
127853,2.2613,1.1444,12.1637,1367,2992.67
127858,-5.4205,-1.2749,12.5743,1371,2992.67
127863,-3.383,2.3331,8.5102,1344,2992.82
127868,2.976,3.7206,10.2592,1358,2992.82
127873,2.3463,1.2031,12.1051,1367,2992.82
127878,-5.4241,-1.3204,12.5588,1373,2992.82
127883,-3.4644,2.3044,8.4862,1362,2992.97
127888,3.0035,3.723,10.2173,1359,2992.97
127893,2.4684,1.2665,12.074,1355,2992.97
127898,-5.3774,-1.2977,12.6282,1367,2992.97
127903,-3.553,2.2733,8.4767,1365,2992.52
127908,2.9772,3.6595,10.2113,1357,2992.52
127913,2.5379,1.2402,12.0536,1367,2992.52
127918,-5.3127,-1.3168,12.6031,1367,2992.52
127923,-3.6404,2.2541,8.5329,1365,2992.67
127928,2.958,3.6188,10.1406,1354,2992.67
127933,2.5965,1.2857,12.0787,1364,2992.67
127938,-5.2804,-1.3372,12.6558,1368,2992.67
127943,-3.711,2.2027,8.5509,1365,2992.82
127948,2.903,3.5901,10.1215,1363,2992.82
127953,2.6911,1.3288,12.0357,1367,2992.82
127958,-5.2876,-1.3886,12.6797,1366,2992.82
127963,-3.7972,2.2051,8.57,1367,2992.37
127968,2.9018,3.5805,10.1323,1362,2992.37
127973,2.7485,1.342,12.0333,1367,2992.37
127978,-5.3067,-1.3767,12.7467,1369,2992.37
127983,-3.9468,2.2242,8.5653,1371,2993.41
127988,2.8718,3.5925,10.1047,1357,2993.41
127993,2.8132,1.4317,12.0009,1369,2993.41
127998,-5.2756,-1.2941,12.7862,1359,2993.41
128003,-4.0127,2.1955,8.6778,1370,2993.12
128008,2.8299,3.6452,10.1215,1363,2993.12
128013,2.8072,1.4353,12.0057,1369,2993.12
128018,-5.199,-1.3072,12.8281,1356,2993.12
128023,-4.1288,2.1727,8.7017,1367,2993.12
128028,2.8264,3.6404,9.9814,1359,2993.12
128033,2.9736,1.5311,11.9878,1372,2993.12
128038,-5.2098,-1.2737,12.8329,1357,2993.12
128043,-4.1946,2.2158,8.7293,1368,2993.41
128048,2.8467,3.6117,10.003,1359,2993.41
128053,3.0155,1.5766,11.9842,1372,2993.41
128058,-5.1499,-1.3108,12.8389,1363,2993.41
128063,-4.2605,2.1165,8.691,1357,2993.27
128068,2.8204,3.5925,10.0126,1361,2993.27
128073,3.1077,1.5778,11.904,1373,2993.27
128078,-5.1415,-1.306,12.882,1363,2993.27
128083,-4.3335,2.1428,8.7269,1367,2992.37
128088,2.8695,3.5973,9.9862,1359,2992.37
128093,3.201,1.6915,11.8309,1371,2992.37
128098,-5.0853,-1.2977,12.949,1363,2992.37
128103,-4.379,2.0662,8.7616,1363,2992.37
128108,2.8515,3.5303,9.93,1361,2992.07
128113,3.2394,1.6376,11.8657,1367,2992.07
128118,-4.9799,-1.3228,12.9359,1364,2992.07
128123,-4.4772,2.0375,8.7843,1363,2992.07
128128,2.8383,3.5195,9.8833,1365,2991.47
128133,3.2968,1.7142,11.9195,1370,2991.47
128138,-4.9656,-1.3312,12.9443,1359,2991.47
128143,-4.5514,1.9956,8.8322,1357,2991.47
128148,2.794,3.4919,9.8797,1364,2991.33
128153,3.3124,1.7526,11.8357,1365,2991.33
128158,-4.9428,-1.3838,12.9957,1359,2991.33
128163,-4.6543,1.9872,8.8717,1357,2991.33
128168,2.6803,3.4716,9.93,1367,2991.47
128173,3.3507,1.8268,11.8094,1367,2991.47
128178,-4.9045,-1.3072,13.0652,1365,2991.47
128183,-4.7764,1.9465,8.8861,1363,2991.47
128188,2.6803,3.4943,9.8761,1365,2991.18
128193,3.3734,1.8759,11.7519,1361,2991.18
128198,-4.883,-1.2558,13.1202,1359,2991.18
128203,-4.804,1.9333,8.9747,1358,2991.18
128208,2.6887,3.4752,9.8234,1368,2991.33
128213,3.4692,1.9668,11.746,1365,2991.33
128218,-4.8291,-1.2019,13.1166,1355,2991.33
128223,-4.9273,1.9273,9.0154,1363,2991.33
128228,2.6264,3.4716,9.7791,1363,2990.73
128233,3.5338,2.0004,11.7711,1369,2990.73
128238,-4.7513,-1.2043,13.0783,1359,2990.73
128243,-5.0159,1.8962,9.0549,1371,2990.73
128248,2.6803,3.4955,9.7564,1365,2991.03
128253,3.632,2.0925,11.7232,1367,2991.03
128258,-4.6735,-1.1684,13.1813,1361,2991.03
128263,-5.1032,1.8579,9.0776,1371,2991.03
128268,2.6731,3.4453,9.7264,1357,2990.58
128273,3.6619,2.0925,11.6382,1365,2990.58
128278,-4.5777,-1.1564,13.2052,1359,2990.58
128283,-5.1954,1.8268,9.0704,1373,2990.58
128288,2.6695,3.4225,9.669,1359,2989.24
128293,3.7242,2.1644,11.5987,1365,2989.24
128298,-4.5669,-1.1504,13.1861,1361,2989.24
128303,-5.2936,1.7538,9.1985,1372,2989.24
128308,2.6372,3.3746,9.6175,1359,2988.2
128313,3.7709,2.217,11.5664,1367,2988.2
128318,-4.4113,-1.172,13.1968,1355,2988.2
128323,-5.3762,1.6676,9.2332,1371,2988.2
128328,2.5079,3.395,9.5229,1352,2987.3
128333,3.7924,2.2865,11.6131,1365,2987.3
128338,-4.3383,-1.172,13.2399,1357,2987.3
128343,-5.4839,1.6185,9.2668,1373,2987.3
128348,2.4732,3.3375,9.5756,1358,2986.71
128353,3.802,2.3882,11.552,1363,2986.71
128358,-4.3072,-1.1217,13.2184,1358,2986.71
128363,-5.5857,1.5323,9.3925,1369,2986.71
128368,2.4002,3.3591,9.5469,1355,2986.41
128373,3.8355,3.219,11.072,1365,2986.41
128378,-3.0143,-0.4824,13.2842,1363,2986.41
128383,-6.2465,0.6357,10.2735,1367,2986.41
128388,1.4257,3.0969,8.7819,1355,2985.97
128393,3.8451,3.3196,11.0289,1365,2985.97
128398,-2.8216,-0.4513,13.228,1363,2985.97
128403,-6.3111,0.5112,10.343,1363,2985.97
128408,1.3264,3.0921,8.7568,1363,2986.11
128413,3.8535,3.3255,11.0744,1365,2986.11
128418,-2.6683,-0.3699,13.1394,1367,2986.11
128423,-6.2345,0.4429,10.4267,1359,2986.11
128428,1.1875,3.0347,8.5976,1357,2986.26
128433,3.8618,3.4069,10.9822,1363,2986.26
128438,-2.5426,-0.3615,13.1813,1365,2986.26
128443,-6.2704,0.2526,10.5046,1363,2986.26
128448,1.0295,3.0059,8.691,1365,2986.41
128453,3.8331,3.371,10.9104,1363,2986.41
128458,-2.3727,-0.3543,13.119,1359,2986.41
128463,-6.2908,0.1856,10.5369,1359,2986.41
128468,0.9266,2.9892,8.606,1357,2986.41
128473,3.7469,3.3962,10.9607,1365,2986.41
128478,-2.2314,-0.3352,13.1382,1357,2986.41
128483,-6.3159,0.0754,10.6111,1359,2986.41
128488,0.7793,2.9305,8.5569,1363,2986.56
128493,3.6751,3.4536,10.908,1367,2986.56
128498,-2.1249,-0.2298,13.0424,1355,2986.56
128503,-6.2884,0.0012,10.738,1363,2986.56
128508,0.7159,2.9293,8.5293,1363,2986.26
128513,3.6883,3.5147,10.9642,1371,2986.26
128518,-2.0387,-0.2167,12.9957,1351,2986.26
128523,-6.2848,-0.0622,10.7643,1363,2986.26
128528,0.5447,2.8958,8.5126,1363,2986.41
128533,3.6284,3.5362,10.9056,1371,2986.41
128538,-1.8723,-0.1472,13.0448,1363,2986.41
128543,-6.2896,-0.1101,10.8733,1363,2986.41
128548,0.3735,2.8874,8.4839,1363,2986.41
128553,3.5997,3.5973,10.8266,1369,2986.41
128558,-1.719,-0.0814,12.967,1357,2986.41
128563,-6.2549,-0.1496,10.8972,1363,2986.41
128568,0.2334,2.9185,8.503,1364,2986.56
128573,3.5877,3.6368,10.8014,1369,2986.56
128578,-1.5191,-0.0563,12.9538,1363,2986.56
128583,-6.2046,-0.2562,10.9846,1365,2986.56
128588,0.097,2.8539,8.4168,1371,2986.71
128593,3.5721,3.6524,10.8062,1357,2986.71
128598,-1.3144,-0.0527,12.803,1361,2986.71
128603,-6.1603,-0.2945,11.1522,1359,2986.71
128608,-0.0646,2.794,8.3821,1367,2986.86
128613,3.5829,3.6559,10.8026,1365,2986.86
128618,-1.1193,-0.0108,12.8245,1341,2986.86
128623,-6.1004,-0.4465,11.145,1368,2986.86
128628,-0.2059,2.7593,8.3258,1371,2987.16
128633,3.4931,3.6883,10.6937,1365,2987.16
128638,-0.9637,0.0371,12.7336,1356,2987.16
128643,-6.0657,-0.5447,11.169,1365,2987.16
128648,-0.3783,2.7785,8.3917,1365,2987.16
128653,3.4129,3.6727,10.75,1365,2987.16
128658,-0.7278,0.0634,12.7635,1356,2987.16
128663,-6.0753,-0.6345,11.2444,1365,2987.16
128668,-0.5064,2.7366,8.3091,1365,2987.16
128673,3.401,3.6739,10.6805,1365,2987.16
128678,-0.668,0.1317,12.7611,1355,2987.16
128683,-6.0118,-0.6871,11.3413,1369,2987.16
128688,-0.723,2.6971,8.2899,1364,2987.01
128693,3.298,3.705,10.6793,1365,2987.01
128698,-0.4729,0.1652,12.6402,1356,2987.01
128703,-6.043,-0.735,11.4395,1374,2987.01
128708,-0.8152,2.7054,8.2851,1370,2987.01
128713,3.3124,3.7362,10.6769,1367,2987.01
128718,-0.34,0.2466,12.5779,1355,2987.01
128723,-6.0693,-0.7853,11.5676,1372,2987.01
128728,-0.9744,2.6719,8.2684,1359,2986.71
128733,3.3088,3.7948,10.6722,1365,2986.71
128738,-0.1484,0.3244,12.5767,1359,2986.71
128743,-5.9137,-0.8332,11.5903,1375,2986.71
128748,-1.1588,2.642,8.3139,1364,2986.86
128753,3.3172,3.7601,10.6003,1368,2986.86
128758,0.0778,0.3543,12.5612,1363,2986.86
128763,-5.9256,-0.893,11.6681,1371,2986.86
128768,-1.3132,2.6348,8.2791,1353,2986.56
128773,3.2848,3.7601,10.6123,1368,2986.56
128778,0.2334,0.4298,12.5636,1359,2986.56
128783,-5.8335,-0.9505,11.6849,1371,2986.56
128788,-1.5191,2.5821,8.2133,1369,2986.86
128793,3.2453,3.7577,10.5836,1366,2986.86
128798,0.4681,0.4884,12.4582,1357,2986.86
128803,-5.8287,-1.0008,11.7867,1368,2986.86
128808,-1.7011,2.5534,8.2564,1369,2986.86
128813,3.2058,3.7529,10.5991,1363,2986.86
128818,0.6393,0.5279,12.3864,1365,2986.86
128823,-5.7976,-1.0211,11.8597,1364,2986.86
128828,-1.8292,2.5426,8.2672,1365,2987.16
128833,3.1783,3.7326,10.5297,1369,2987.16
128838,0.832,0.5495,12.4056,1367,2987.16
128843,-5.6994,-1.1396,11.8968,1362,2987.16
128848,-2.0578,2.5139,8.2983,1367,2987.16
128853,3.0813,3.6859,10.483,1363,2987.16
128858,1.0774,0.6752,12.402,1365,2987.16
128863,-5.7425,-1.1851,11.9542,1365,2987.16
128868,-2.2218,2.5438,8.3737,1367,2987.01
128873,3.0586,3.6859,10.5046,1365,2987.01
128878,1.2426,0.6835,12.3301,1365,2987.01
128883,-5.6743,-1.1971,12.0704,1365,2987.01
128888,-2.3942,2.472,8.3641,1367,2986.86
128893,3.0227,3.7098,10.489,1362,2986.86
128898,1.4246,0.8021,12.2571,1365,2986.86
128903,-5.6312,-1.2043,12.1613,1365,2986.86
128908,-2.5929,2.478,8.3091,1367,2986.56
128913,3.0586,3.7254,10.4447,1367,2986.56
128918,1.5694,0.8667,12.2356,1363,2986.56
128923,-5.6252,-1.2605,12.2451,1352,2986.56
128928,-2.7066,2.478,8.4025,1367,2986.41
128933,2.9939,3.7816,10.3944,1367,2986.41
128938,1.731,0.9433,12.159,1355,2986.41
128943,-5.5091,-1.2282,12.317,1363,2986.41
128948,-2.976,2.4205,8.5018,1367,2986.41
128953,2.9928,3.729,10.3082,1366,2986.41
128958,1.9585,1.0127,12.2248,1353,2986.41
128963,-5.4133,-1.2689,12.4044,1364,2986.41
128968,-3.1053,2.3451,8.4707,1369,2986.56
128973,3.0119,3.729,10.3585,1371,2986.56
128978,2.1153,1.0977,12.1242,1357,2986.56
128983,-5.3893,-1.3312,12.4032,1361,2986.56
128988,-3.2561,2.3248,8.4922,1371,2986.41
128993,3.0155,3.6775,10.325,1367,2986.41
128998,2.2326,1.1708,12.0572,1357,2986.41
129003,-5.2888,-1.3408,12.5576,1363,2986.41
129008,-3.4836,2.2218,8.5377,1365,2986.56
129013,2.9257,3.6452,10.2424,1367,2986.56
129018,2.4265,1.221,12.0273,1359,2986.56
129023,-5.3247,-1.2905,12.5696,1353,2986.56
129028,-3.6679,2.217,8.6263,1366,2986.41
129033,2.9149,3.5985,10.2041,1361,2986.41
129038,2.557,1.3515,12.0428,1359,2986.41
129043,-5.2433,-1.324,12.6294,1363,2986.41
129048,-3.7469,2.2158,8.673,1368,2986.86
129053,2.8347,3.5219,10.1562,1363,2986.86
129058,2.7198,1.4006,12.0368,1357,2986.86
129063,-5.1954,-1.3551,12.6929,1364,2986.86
129068,-3.9935,2.1871,8.7173,1357,2986.71
129073,2.7916,3.5518,10.1035,1365,2986.71
129078,2.879,1.4832,11.9542,1359,2986.71
129083,-5.1822,-1.2857,12.7731,1367,2986.71
129088,-4.136,2.15,8.7137,1359,2986.56
129093,2.7976,3.571,10.0604,1367,2986.56
129098,2.988,1.5969,11.91,1364,2986.56
129103,-5.0578,-1.2438,12.8617,1369,2986.56
129108,-4.2988,2.1632,8.8107,1365,2986.41
129113,2.8299,3.571,10.0616,1364,2986.41
129118,3.14,1.7035,11.88,1363,2986.41
129123,-5.0206,-1.257,12.8964,1372,2986.41
129128,-4.44,2.1021,8.8202,1372,2986.86
129133,2.8287,3.5458,9.979,1365,2986.86
129138,3.2286,1.7346,11.8752,1363,2986.86
129143,-4.9045,-1.2582,12.9191,1371,2986.86
129148,-4.5897,2.0985,8.9064,1367,2986.41
129153,2.7797,3.5147,9.8928,1358,2986.41
129158,3.3603,1.8507,11.8309,1364,2986.41
129163,-4.8159,-1.251,12.9885,1371,2986.41
129168,-4.7274,1.986,8.9376,1359,2986.56
129173,2.7485,3.5051,9.8342,1359,2986.56
129178,3.4393,1.8962,11.7651,1367,2986.56
129183,-4.7585,-1.2641,13.0412,1368,2986.56
129188,-4.8937,1.8675,8.9603,1371,2986.71
129193,2.6767,3.5039,9.8402,1355,2986.71
129198,3.5003,2.0004,11.6981,1381,2986.71
129203,-4.6639,-1.2246,13.0903,1368,2986.71
129208,-5.0159,1.8364,9.0752,1370,2986.56
129213,2.6228,3.4165,9.7624,1358,2986.56
129218,3.5291,2.0351,11.6705,1368,2986.56
129223,-4.6124,-1.2258,13.1226,1363,2986.56
129228,-5.1978,1.7609,9.1578,1373,2986.71
129233,2.5977,3.4093,9.7109,1363,2986.71
129238,3.6703,2.1141,11.6705,1370,2986.71
129243,-4.5789,-1.1791,13.1394,1357,2986.71
129248,-5.3139,1.725,9.2512,1371,2986.56
129253,2.563,3.3674,9.6295,1361,2986.56
129258,3.6907,2.2685,11.643,1371,2986.56
129263,-4.5011,-1.1313,13.1729,1363,2986.56
129268,-5.3965,1.7214,9.3194,1365,2986.56
129273,2.49,3.3495,9.6498,1359,2986.56
129278,3.7769,2.3296,11.5341,1373,2986.56
129283,-4.4412,-1.0666,13.2531,1357,2986.56
129288,-5.515,1.664,9.335,1363,2986.56
129293,2.496,3.3734,9.5265,1361,2986.71
129298,3.7828,2.3882,11.5017,1371,2986.71
129303,-4.3251,-1.0151,13.3201,1358,2986.71
129308,-5.5821,1.5778,9.4176,1363,2986.71
129313,2.411,3.3914,9.4906,1365,2986.56
129318,3.8247,2.4744,11.497,1367,2986.56
129323,-4.227,-1.0163,13.277,1362,2986.56
129328,-5.6886,1.549,9.4798,1366,2986.56
129333,2.3703,3.3495,9.4212,1367,2986.71
129338,3.9277,2.5175,11.4922,1355,2986.71
129343,-4.1061,-0.9433,13.2938,1363,2986.71
129348,-5.7688,1.4557,9.5505,1365,2986.71
129353,2.326,3.3232,9.347,1367,2986.86
129358,3.9181,2.5786,11.4168,1363,2986.86
129363,-3.9947,-0.9589,13.2806,1362,2986.86
129368,-5.8323,1.3575,9.6127,1365,2986.86
129373,2.2326,3.2597,9.3075,1365,2987.16
129378,3.9768,2.648,11.3449,1368,2987.16
129383,-3.8966,-0.9409,13.398,1357,2987.16
129388,-5.9089,1.2953,9.6307,1371,2987.16
129393,2.1751,3.2417,9.2129,1365,2987.16
129398,3.9421,2.6851,11.2863,1366,2987.16
129403,-3.8271,-0.9278,13.3357,1355,2987.16
129408,-5.9604,1.2055,9.669,1378,2987.16
129413,2.0901,3.2597,9.165,1364,2987.01
129418,3.893,2.7761,11.3162,1363,2987.01
129423,-3.7529,-0.8499,13.3369,1354,2987.01
129428,-6.0202,1.1432,9.8414,1369,2987.01
129433,2.0901,3.2046,9.0824,1359,2986.86
129438,3.9217,2.8467,11.3377,1333,2986.86
129443,-3.6799,-0.8272,13.3345,1359,2986.86
129448,-6.0849,1.0606,9.9072,1371,2986.86
129453,1.9944,3.1963,9.098,1359,2987.01
129458,3.8846,2.9532,11.2815,1363,2987.01
129463,-3.5913,-0.7661,13.3836,1365,2987.01
129468,-6.1316,1.0187,9.9108,1371,2987.01
129473,1.8651,3.2298,9.0333,1361,2987.3
129478,3.9085,3.0119,11.218,1363,2987.3
129483,-3.4548,-0.6847,13.4219,1327,2987.3
129488,-6.1854,0.9373,9.9958,1371,2987.3
129493,1.8244,3.2346,8.9603,1357,2987.45
129498,3.9277,3.0514,11.1654,1357,2987.45
129503,-3.3639,-0.6093,13.3692,1355,2987.45
129508,-6.2153,0.8655,10.0329,1367,2987.45
129513,1.7621,3.1927,8.9112,1357,2987.75
129518,3.9373,3.1041,11.1414,1357,2987.75
129523,-3.1831,-0.5602,13.3166,1363,2987.75
129528,-6.195,0.7745,10.1778,1365,2987.75
129533,1.6544,3.1113,8.8753,1361,2988.2
129538,3.9313,3.0945,11.1474,1363,2988.2
129543,-3.0646,-0.5614,13.2531,1363,2988.2
129548,-6.2644,0.6883,10.2197,1355,2988.2
129553,1.5862,3.0742,8.7688,1361,2988.35
129558,3.9421,3.1556,11.0468,1363,2988.35
129563,-2.9987,-0.5686,13.2447,1363,2988.35
129568,-6.256,0.5519,10.2256,1359,2988.35
129573,1.4377,3.0394,8.7999,1359,2988.49
129578,3.9157,3.1675,11.0361,1362,2988.49
129583,-2.8252,-0.5148,13.2555,1365,2988.49
129588,-6.3375,0.4836,10.2951,1363,2988.49
129593,1.3707,3.0442,8.7867,1363,2988.64
129598,3.8846,3.2058,11.0552,1363,2988.64
129603,-2.7473,-0.5016,13.2004,1365,2988.64
129608,-6.3578,0.4417,10.398,1363,2988.64
129613,1.2869,3.037,8.6766,1358,2988.94
129618,3.8511,3.2789,11.0313,1363,2988.94
129623,-2.7438,-0.4118,13.228,1359,2988.94
129628,-6.3386,0.425,10.4267,1365,2988.94
129633,1.1636,3.0694,8.6646,1354,2989.09
129638,3.8331,3.3686,11.0385,1369,2989.09
129643,-2.6276,-0.4262,13.2052,1357,2989.09
129648,-6.3375,0.4082,10.5536,1355,2989.09
129653,1.1217,3.0538,8.5808,1359,2989.24
129658,3.8247,3.3806,11.0409,1365,2989.24
129663,-2.5019,-0.3376,13.216,1355,2989.24
129668,-6.3171,0.334,10.5632,1363,2989.24
129673,0.984,3.0478,8.6419,1357,2989.24
129678,3.7721,3.4453,10.9427,1371,2989.24
129683,-2.3858,-0.3256,13.149,1355,2989.24
129688,-6.2752,0.2143,10.6027,1365,2989.24
129693,0.9337,3.043,8.5234,1363,2989.24
129698,3.796,3.4836,10.9331,1368,2989.24
129703,-2.2697,-0.2538,13.1597,1355,2989.24
129708,-6.2908,0.1161,10.6482,1367,2989.24
129713,0.8392,2.9916,8.4874,1366,2988.94
129718,3.7637,3.4596,10.9092,1369,2988.94
129723,-2.1272,-0.261,13.0699,1355,2988.94
129728,-6.2106,0.012,10.744,1363,2988.94
129733,0.7278,2.9006,8.4467,1368,2988.94
129738,3.735,3.486,10.884,1366,2988.94
129743,-1.9824,-0.2646,13.0077,1357,2988.94
129748,-6.2728,-0.091,10.7739,1365,2988.94
129753,0.6129,2.8814,8.4216,1368,2988.79
129758,3.7302,3.5123,10.884,1369,2988.79
129763,-1.8411,-0.182,12.9359,1358,2988.79
129768,-6.2632,-0.1496,10.8314,1363,2988.79
129773,0.4573,2.8671,8.4372,1369,2988.49
129778,3.614,3.535,10.8541,1366,2988.49
129783,-1.7837,-0.1604,12.9814,1359,2988.49
129788,-6.2812,-0.2215,10.8218,1367,2988.49
129793,0.3017,2.8491,8.3881,1371,2988.35
129798,3.5853,3.535,10.8697,1367,2988.35
129803,-1.5574,-0.1245,12.9682,1362,2988.35
129808,-6.2752,-0.2801,10.9942,1365,2988.35
129813,0.2011,2.8683,8.3606,1369,2988.05
129818,3.547,3.6152,10.8996,1357,2988.05
129823,-1.5179,-0.091,12.8712,1357,2988.05
129828,-6.2309,-0.2789,11.0696,1365,2988.05
129833,0.0862,2.8455,8.3629,1369,2987.9
129838,3.547,3.6715,10.8445,1363,2987.9
129843,-1.3455,-0.0072,12.8473,1353,2987.9
129848,-6.2297,-0.3208,11.0899,1379,2987.9
129853,-0.0335,2.8659,8.3594,1365,2988.05
129858,3.5207,3.7098,10.7907,1367,2988.05
129863,-1.1947,0.0299,12.8042,1357,2988.05
129868,-6.1567,-0.3986,11.1821,1369,2988.05
129873,-0.1748,2.8287,8.3354,1362,2987.9
129878,3.5099,3.7038,10.7356,1365,2987.9
129883,-1.0451,0.0646,12.821,1357,2987.9
129888,-6.0837,-0.4752,11.2456,1373,2987.9
129893,-0.322,2.788,8.2947,1371,2988.35
129898,3.4884,3.6679,10.6781,1367,2988.35
129903,-0.8056,0.1209,12.6941,1350,2988.35
129908,-6.092,-0.5914,11.2348,1371,2988.35
129913,-0.419,2.7557,8.2408,1357,2988.2
129918,3.4812,3.7098,10.6841,1367,2988.2
129923,-0.656,0.1006,12.7012,1357,2988.2
129928,-6.0466,-0.68,11.3784,1374,2988.2
129933,-0.5698,2.7126,8.2133,1359,2988.35
129938,3.4836,3.7242,10.7296,1367,2988.35
129943,-0.4729,0.1209,12.7156,1363,2988.35
129948,-6.0585,-0.7733,11.4084,1372,2988.35
129953,-0.6991,2.6839,8.2408,1365,2988.35
129958,3.395,3.7445,10.6434,1371,2988.35
129963,-0.3831,0.1664,12.6234,1359,2988.35
129968,-6.043,-0.8344,11.4802,1369,2988.35
129973,-0.9313,2.6851,8.2672,1367,2988.49
129978,3.3028,3.7601,10.659,1367,2988.49
129983,-0.249,0.2897,12.6558,1351,2988.49
129988,-6.0322,-0.8583,11.5269,1368,2988.49
129993,-1.0738,2.7019,8.2851,1368,2988.35
129998,3.2465,3.7517,10.6315,1366,2988.35
130003,-0.0646,0.3136,12.5444,1367,2988.35
130008,-6.0202,-0.8703,11.5676,1369,2988.35
130013,-1.1971,2.6588,8.254,1370,2988.05
130018,3.2884,3.8128,10.6734,1363,2988.05
130023,0.0443,0.3855,12.5061,1363,2988.05
130028,-5.9388,-0.8751,11.7244,1365,2988.05
130033,-1.3743,2.6564,8.2265,1365,2988.05
130038,3.231,3.8295,10.6446,1363,2988.05
130043,0.255,0.4357,12.4762,1368,2988.05
130048,-5.8442,-0.9122,11.8142,1362,2988.05
130053,-1.5203,2.6372,8.2815,1365,2988.35
130058,3.2645,3.802,10.6027,1354,2988.35
130063,0.4429,0.4669,12.5217,1367,2988.35
130068,-5.8442,-1.008,11.7735,1359,2988.35
130073,-1.664,2.5821,8.2839,1366,2988.49
130078,3.2669,3.8199,10.5716,1362,2988.49
130083,0.6428,0.5136,12.4259,1363,2988.49
130088,-5.7437,-1.0642,11.8609,1363,2988.49
130093,-1.8507,2.5319,8.3067,1366,2988.79
130098,3.1951,3.7421,10.5848,1367,2988.79
130103,0.9002,0.5519,12.39,1365,2988.79
130108,-5.7413,-1.1552,11.8896,1363,2988.79
130113,-1.9561,2.5091,8.2432,1367,2988.94
130118,3.2214,3.7302,10.5141,1367,2988.94
130123,1.0271,0.5638,12.317,1363,2988.94
130128,-5.7174,-1.1612,11.995,1361,2988.94
130133,-2.0734,2.484,8.2612,1366,2989.09
130138,3.1256,3.705,10.4986,1369,2989.09
130143,1.1157,0.6237,12.2966,1358,2989.09
130148,-5.6802,-1.2139,12.0201,1363,2989.09
130153,-2.2853,2.4732,8.3438,1365,2989.24
130158,3.0861,3.7098,10.4495,1379,2989.24
130163,1.2725,0.6859,12.3385,1356,2989.24
130168,-5.7437,-1.2617,12.1278,1365,2989.24
130173,-2.4529,2.5103,8.3414,1369,2989.24
130178,3.0454,3.7062,10.4124,1367,2989.24
130183,1.4054,0.7913,12.3277,1358,2989.24
130188,-5.6934,-1.2127,12.1518,1363,2989.24
130193,-2.557,2.4864,8.4396,1365,2989.09
130198,3.0598,3.7517,10.4232,1370,2989.09
130203,1.5287,0.8595,12.2511,1362,2989.09
130208,-5.6551,-1.2175,12.2356,1359,2989.09
130213,-2.6671,2.5139,8.3869,1369,2989.09
130218,3.0466,3.8128,10.4375,1363,2989.09
130223,1.6987,0.9433,12.1805,1356,2989.09
130228,-5.5653,-1.1971,12.3301,1357,2989.09
130233,-2.8072,2.5139,8.4432,1371,2989.09
130238,3.0586,3.7996,10.3729,1367,2989.09
130243,1.7968,0.9744,12.1422,1359,2989.09
130248,-5.4983,-1.2222,12.3541,1363,2989.09
130253,-2.9449,2.3858,8.4132,1370,2989.09
130258,3.0765,3.705,10.3034,1365,2989.09
130263,2.0411,1.0523,12.1625,1360,2989.09
130268,-5.4708,-1.3048,12.3672,1363,2989.09
130273,-3.1077,2.3619,8.4695,1367,2989.09
130278,3.0861,3.7385,10.2137,1363,2989.09
130283,2.162,1.0918,12.1075,1359,2989.09
130288,-5.3786,-1.2821,12.4594,1365,2989.09
130293,-3.2394,2.2661,8.4192,1369,2989.09
130298,2.9856,3.6284,10.2915,1366,2989.09
130303,2.3343,1.1121,12.0716,1359,2989.09
130308,-5.3391,-1.342,12.5265,1364,2989.09
130313,-3.3998,2.2637,8.5222,1363,2989.24
130318,2.9125,3.6224,10.2496,1364,2989.24
130323,2.3774,1.1947,12.0428,1358,2989.24
130328,-5.3882,-1.3563,12.5923,1365,2989.24
130333,-3.5003,2.2565,8.5162,1368,2989.69
130338,2.8982,3.6428,10.155,1367,2989.69
130343,2.4277,1.2558,12.0776,1363,2989.69
130348,-5.3163,-1.3216,12.6785,1367,2989.69
130353,-3.6931,2.2482,8.6335,1367,2989.69
130358,2.8491,3.6559,10.1921,1365,2989.69
130363,2.5893,1.3659,12.0524,1359,2989.69
130368,-5.3738,-1.3408,12.7336,1369,2989.69
130373,-3.8247,2.2194,8.6682,1363,2989.83
130378,2.8718,3.6428,10.1778,1367,2989.83
130383,2.7043,1.4545,12.0345,1363,2989.83
130388,-5.29,-1.2869,12.7814,1371,2989.83
130393,-3.9361,2.2577,8.6658,1367,2990.13
130398,2.8371,3.6631,10.1155,1363,2990.13
130403,2.8036,1.4856,11.9722,1362,2990.13
130408,-5.217,-1.2582,12.7659,1373,2990.13
130413,-4.0486,2.2075,8.6886,1361,2989.98
130418,2.8934,3.6512,10.1011,1365,2989.98
130423,2.9568,1.5383,11.9291,1363,2989.98
130428,-5.1571,-1.2965,12.8126,1372,2989.98
130433,-4.1922,2.1356,8.7173,1367,2989.39
130438,2.8886,3.6416,10.0317,1357,2989.39
130443,3.0526,1.5778,11.88,1365,2989.39
130448,-5.0709,-1.2701,12.8808,1367,2989.39
130453,-4.2796,2.1009,8.7664,1363,2990.13
130458,2.8467,3.5733,9.9982,1357,2990.13
130463,3.1496,1.6376,11.8693,1365,2990.13
130468,-5.0458,-1.3336,12.8892,1367,2990.13
130473,-4.3874,2.047,8.8095,1371,2989.39
130478,2.8335,3.5087,9.9359,1355,2989.39
130483,3.2453,1.6975,11.8286,1367,2989.39
130488,-4.9692,-1.3396,12.9478,1369,2989.39
130493,-4.4784,2.0147,8.8573,1371,2989.09
130498,2.7797,3.4931,9.9407,1353,2989.09
130503,3.2705,1.7705,11.8106,1371,2989.09
130508,-4.8902,-1.3348,12.9885,1365,2989.09
130513,-4.6352,1.9453,8.8933,1365,2988.94
130518,2.7438,3.5027,9.906,1358,2988.94
130523,3.3267,1.8352,11.7819,1371,2988.94
130528,-4.8842,-1.3012,13.0711,1368,2988.94
130533,-4.774,1.9704,8.9112,1373,2988.64
130538,2.7138,3.48,9.8761,1355,2988.64
130543,3.383,1.9034,11.7938,1372,2988.64
130548,-4.8985,-1.2809,13.052,1357,2988.64
130553,-4.8997,1.9082,9.0465,1370,2988.49
130558,2.642,3.4776,9.8067,1362,2988.49
130563,3.45,2.0279,11.7831,1372,2988.49
130568,-4.8387,-1.2115,13.1609,1359,2988.49
130573,-5.0003,1.9369,9.0704,1361,2988.35
130578,2.6564,3.4572,9.7695,1357,2988.35
130583,3.5183,2.0746,11.7472,1371,2988.35
130588,-4.7525,-1.1779,13.1777,1359,2988.35
130593,-5.1044,1.8747,9.1614,1364,2987.9
130598,2.6408,3.4955,9.7336,1367,2987.9
130603,3.6045,2.1069,11.6358,1370,2987.9
130608,-4.61,-1.1408,13.1968,1362,2987.9
130613,-5.2062,1.7861,9.1411,1365,2987.9
130618,2.624,3.4752,9.6917,1357,2987.9
130623,3.723,2.2146,11.6334,1368,2987.9
130628,-4.5083,-1.1325,13.2399,1363,2987.9
130633,-5.3283,1.7322,9.2153,1363,2987.9
130638,2.5558,3.3962,9.6726,1364,2987.9
130643,3.7445,2.2338,11.6023,1363,2987.9
130648,-4.4496,-1.1133,13.2339,1363,2987.9
130653,-5.4312,1.6771,9.3039,1356,2987.9
130658,2.5319,3.3651,9.6043,1369,2987.9
130663,3.802,2.3391,11.5879,1361,2987.9
130668,-4.3574,-1.1241,13.2328,1361,2987.9
130673,-5.4983,1.6209,9.3111,1364,2987.9
130678,2.4576,3.3339,9.5421,1365,2987.75
130683,3.8583,2.3487,11.5831,1370,2987.75
130688,-4.2473,-1.0606,13.2818,1359,2987.75
130693,-5.6168,1.5742,9.3673,1365,2987.75
130698,2.4553,3.304,9.4655,1363,2987.9
130703,3.8523,2.4253,11.479,1368,2987.9
130708,-4.1863,-1.0235,13.3788,1353,2987.9
130713,-5.7078,1.4724,9.4535,1368,2987.9
130718,2.3331,3.3591,9.4451,1363,2988.05
130723,3.8403,2.4924,11.4503,1363,2988.05
130728,-4.1276,-1.0151,13.3249,1357,2988.05
130733,-5.8466,1.4341,9.5541,1373,2988.05
130738,2.3487,3.3495,9.3649,1363,2988.2
130743,3.9085,2.5989,11.3808,1366,2988.2
130748,-4.1468,-0.9589,13.2962,1356,2988.2
130753,-5.867,1.4138,9.5996,1374,2988.2
130758,2.2853,3.3387,9.2835,1361,2988.2
130763,3.8822,2.6659,11.382,1365,2988.2
130768,-4.0103,-0.917,13.368,1357,2988.2
130773,-5.8849,1.3575,9.6606,1373,2988.2
130778,2.2015,3.2932,9.262,1357,2988.05
130783,3.9456,2.7473,11.3641,1359,2988.05
130788,-3.9193,-0.8296,13.3764,1359,2988.05
130793,-5.9867,1.3036,9.7612,1371,2988.05
130798,2.1775,3.2932,9.1961,1357,2987.9
130803,3.9444,2.7485,11.2324,1363,2987.9
130808,-3.7792,-0.8056,13.3369,1356,2987.9
130813,-5.9831,1.1827,9.7803,1377,2987.9
130818,2.0758,3.2896,9.1877,1362,2987.9
130823,4.0055,2.8599,11.236,1362,2987.9
130828,-3.6476,-0.7614,13.398,1357,2987.9
130833,-6.0681,1.0523,9.8509,1369,2987.9
130838,1.98,3.2082,9.0668,1363,2987.75
130843,4.0151,2.8527,11.2719,1363,2987.75
130848,-3.5961,-0.741,13.368,1363,2987.75
130853,-6.0645,1.0092,9.9012,1363,2987.75
130858,1.9178,3.1831,9.1016,1357,2987.75
130863,3.9421,2.9125,11.2132,1363,2987.75
130868,-3.4728,-0.6979,13.3309,1363,2987.75
130873,-6.122,0.9122,9.9695,1367,2987.75
130878,1.8352,3.1472,9.0022,1359,2988.05
130883,3.9241,2.9485,11.2791,1361,2988.05
130888,-3.3818,-0.7027,13.3285,1365,2988.05
130893,-6.2201,0.8775,9.9826,1359,2988.05
130898,1.7322,3.1591,8.9423,1359,2987.9
130903,3.9025,2.9736,11.1498,1363,2987.9
130908,-3.3016,-0.6381,13.2926,1359,2987.9
130913,-6.2153,0.8224,10.0461,1363,2987.9
130918,1.6676,3.1975,8.9507,1359,2988.05
130923,3.8571,3.0969,11.1594,1367,2988.05
130928,-3.1867,-0.5818,13.4087,1359,2988.05
130933,-6.2812,0.7326,10.1801,1363,2988.05
130938,1.585,3.1424,8.8693,1358,2988.2
130943,3.9241,3.1556,11.1115,1362,2988.2
130948,-3.1424,-0.5638,13.2579,1357,2988.2
130953,-6.2836,0.6835,10.1849,1361,2988.2
130958,1.5227,3.14,8.8047,1359,2988.2
130963,3.8714,3.2022,11.1127,1365,2988.2
130968,-2.9473,-0.4645,13.3201,1357,2988.2
130973,-6.2477,0.6033,10.3022,1363,2988.2
130978,1.4437,3.0682,8.7688,1359,2987.75
130983,3.9133,3.2166,11.0648,1367,2987.75
130988,-2.818,-0.4633,13.2591,1353,2987.75
130993,-6.3159,0.4717,10.319,1359,2987.75
130998,1.324,3.0801,8.74,1361,2987.6
131003,3.8559,3.2801,11.0193,1372,2987.6
131008,-2.7258,-0.4034,13.313,1353,2987.6
131013,-6.3087,0.3807,10.3992,1357,2987.6
131018,1.2222,3.067,8.6646,1367,2987.3
131023,3.808,3.3112,10.975,1368,2987.3
131028,-2.5642,-0.4058,13.1992,1352,2987.3
131033,-6.2728,0.2538,10.4758,1363,2987.3
131038,1.0558,2.9916,8.6095,1367,2987.3
131043,3.7948,3.3531,10.9834,1367,2987.3
131048,-2.4325,-0.3531,13.1023,1359,2987.3
131053,-6.286,0.1736,10.5417,1365,2987.3
131058,1.0187,2.958,8.5892,1371,2987.3
131063,3.7385,3.4058,10.9355,1367,2987.3
131068,-2.3822,-0.3292,13.0807,1343,2987.3
131073,-6.2776,0.0886,10.6099,1365,2987.3
131078,0.8523,2.9544,8.5916,1368,2987.3
131083,3.6571,3.4177,10.9427,1365,2987.3
131088,-2.1991,-0.2729,13.1142,1355,2987.3
131093,-6.3219,0.0323,10.6446,1364,2987.3
131098,0.735,2.9413,8.5545,1365,2987.45
131103,3.6966,3.486,10.9319,1365,2987.45
131108,-2.0842,-0.2442,13.0628,1357,2987.45
131113,-6.3087,-0.0215,10.7332,1363,2987.45
131118,0.5974,2.9568,8.5258,1367,2987.45
131123,3.6679,3.5159,10.8613,1367,2987.45
131128,-1.9573,-0.1628,13.0304,1359,2987.45
131133,-6.3099,-0.0814,10.823,1365,2987.45
131138,0.4573,2.9185,8.43,1369,2987.75
131143,3.644,3.535,10.9092,1365,2987.75
131148,-1.7945,-0.1784,12.9861,1354,2987.75
131153,-6.3051,-0.1365,10.8948,1367,2987.75
131158,0.4298,2.8826,8.3438,1365,2987.9
131163,3.6955,3.5566,10.8386,1372,2987.9
131168,-1.6424,-0.1305,12.9622,1357,2987.9
131173,-6.2082,-0.2011,11.0157,1371,2987.9
131178,0.2885,2.8958,8.4312,1363,2987.3
131183,3.6021,3.5865,10.8218,1367,2987.3
131188,-1.4904,-0.0874,12.955,1359,2987.3
131193,-6.1651,-0.2813,11.0181,1371,2987.3
131198,0.1448,2.8742,8.3402,1359,2988.05
131203,3.5769,3.6105,10.7811,1368,2988.05
131208,-1.3396,-0.0347,12.9203,1362,2988.05
131213,-6.1387,-0.4501,11.048,1371,2988.05
131218,-0.0108,2.8299,8.3294,1359,2987.6
131223,3.5255,3.6476,10.7775,1367,2987.6
131228,-1.1803,-0.012,12.803,1355,2987.6
131233,-6.0885,-0.5483,11.1749,1373,2987.6
131238,-0.152,2.7988,8.3318,1367,2987.3
131243,3.4991,3.6547,10.7907,1365,2987.3
131248,-1.0092,0.0383,12.7479,1359,2987.3
131253,-6.1208,-0.5866,11.1857,1373,2987.3
131258,-0.3029,2.7569,8.2815,1367,2987.3
131263,3.4357,3.6931,10.7859,1367,2987.3
131268,-0.8966,0.0658,12.6929,1358,2987.3
131273,-6.0741,-0.577,11.3042,1369,2987.3
131278,-0.486,2.7533,8.2971,1367,2987.3
131283,3.3651,3.7038,10.7248,1366,2987.3
131288,-0.7015,0.1544,12.7407,1365,2987.3
131293,-6.0765,-0.7039,11.3701,1365,2987.3
131298,-0.6596,2.7545,8.3617,1372,2987.45
131303,3.3662,3.7326,10.6698,1363,2987.45
131308,-0.5112,0.1688,12.6438,1367,2987.45
131313,-6.0777,-0.7673,11.4706,1367,2987.45
131318,-0.8452,2.7078,8.3079,1363,2987.45
131323,3.3303,3.7457,10.7153,1363,2987.45
131328,-0.3651,0.2538,12.6558,1368,2987.45
131333,-6.0142,-0.7458,11.4934,1357,2987.45
131338,-0.996,2.7102,8.2636,1367,2987.6
131343,3.377,3.7673,10.6913,1365,2987.6
131348,-0.1592,0.3292,12.566,1369,2987.6
131353,-5.9987,-0.8092,11.5712,1359,2987.6
131358,-1.0834,2.6516,8.2696,1369,2987.75
131363,3.3603,3.7792,10.6985,1363,2987.75
131368,-0.0048,0.346,12.5444,1364,2987.75
131373,-5.9209,-0.8619,11.6203,1359,2987.75
131378,-1.2318,2.6504,8.3043,1365,2987.75
131383,3.3028,3.7912,10.5908,1359,2987.75
131388,0.2191,0.3903,12.5241,1363,2987.75
131393,-5.8562,-0.9493,11.6729,1363,2987.75
131398,-1.4018,2.6217,8.278,1363,2988.05
131403,3.2669,3.7254,10.5752,1370,2988.05
131408,0.3962,0.4142,12.5001,1359,2988.05
131413,-5.867,-0.9972,11.6693,1355,2988.05
131418,-1.5502,2.6324,8.2049,1365,2988.2
131423,3.2322,3.6871,10.562,1369,2988.2
131428,0.4968,0.4956,12.4427,1357,2988.2
131433,-5.8143,-1.1133,11.8489,1363,2988.2
131438,-1.6939,2.5558,8.254,1365,2988.2
131443,3.1915,3.7433,10.5764,1367,2988.2
131448,0.7075,0.5016,12.4032,1359,2988.2
131453,-5.7952,-1.0989,11.9064,1359,2988.2
131458,-1.8483,2.5391,8.2708,1367,2987.75
131463,3.158,3.7266,10.5309,1369,2987.75
131468,0.8619,0.5758,12.372,1356,2987.75
131473,-5.7748,-1.1169,11.9614,1375,2987.75
131478,-2.0339,2.5043,8.3378,1366,2987.9
131483,3.0813,3.7529,10.4495,1367,2987.9
131488,0.9828,0.6788,12.402,1356,2987.9
131493,-5.7174,-1.1887,12.0153,1363,2987.9
131498,-2.2158,2.5079,8.3558,1366,2987.75
131503,3.0514,3.7613,10.4974,1364,2987.75
131508,1.1756,0.7398,12.3744,1355,2987.75
131513,-5.7114,-1.2115,12.1063,1361,2987.75
131518,-2.3403,2.5115,8.3091,1371,2988.05
131523,3.0897,3.7661,10.4531,1365,2988.05
131528,1.2977,0.8547,12.2475,1358,2988.05
131533,-5.6132,-1.2043,12.1374,1359,2988.05
131538,-2.5738,2.4768,8.3653,1368,2988.49
131543,3.0825,3.7445,10.4339,1357,2988.49
131548,1.5467,0.9014,12.2176,1357,2988.49
131553,-5.5917,-1.2725,12.1889,1362,2988.49
131558,-2.7414,2.4289,8.3378,1371,2988.35
131563,3.073,3.7218,10.3633,1358,2988.35
131568,1.7346,0.9421,12.2104,1354,2988.35
131573,-5.5617,-1.245,12.3026,1363,2988.35
131578,-2.8192,2.4349,8.4264,1355,2988.49
131583,3.0418,3.7158,10.3717,1363,2988.49
131588,1.8794,0.9948,12.1949,1355,2988.49
131593,-5.4863,-1.2953,12.3385,1365,2988.49
131598,-3.0047,2.3703,8.4216,1367,2988.64
131603,3.0035,3.6631,10.3142,1365,2988.64
131608,2.0602,1.0762,12.1877,1371,2988.64
131613,-5.4516,-1.3252,12.3936,1367,2988.64
131618,-3.1448,2.3619,8.4408,1369,2988.64
131623,3.0059,3.5721,10.3034,1369,2988.64
131628,2.1691,1.0415,12.1039,1365,2988.64
131633,-5.4085,-1.3743,12.4175,1371,2988.64
131638,-3.2753,2.3056,8.4767,1365,2988.64
131643,2.9509,3.6524,10.3477,1367,2988.64
131648,2.3092,1.1708,12.1015,1363,2988.64
131653,-5.4097,-1.3348,12.5301,1372,2988.64
131658,-3.4345,2.3296,8.5593,1369,2988.64
131663,2.9185,3.6631,10.3058,1365,2988.64
131668,2.381,1.2103,12.0584,1363,2988.64
131673,-5.357,-1.3276,12.5947,1375,2988.64
131678,-3.6176,2.2553,8.582,1364,2988.64
131683,2.9197,3.6428,10.2484,1359,2988.64
131688,2.5055,1.3048,12.0536,1359,2988.64
131693,-5.2481,-1.2989,12.6462,1370,2988.64
131698,-3.7769,2.2889,8.6095,1365,2988.64
131703,2.9173,3.6631,10.1706,1357,2988.64
131708,2.6528,1.4198,12.0249,1362,2988.64
131713,-5.2301,-1.3204,12.7144,1367,2988.64
131718,-3.9169,2.2565,8.661,1371,2988.94
131723,2.8886,3.6428,10.1454,1357,2988.94
131728,2.7928,1.4593,11.9602,1365,2988.94
131733,-5.1978,-1.3156,12.7455,1369,2988.94
131738,-3.9983,2.2278,8.6718,1367,2989.09
131743,2.8994,3.6547,10.1011,1353,2989.09
131748,2.8922,1.4916,11.9255,1368,2989.09
131753,-5.132,-1.3312,12.8006,1369,2989.09
131758,-4.136,2.1284,8.7927,1368,2989.24
131763,2.8479,3.553,10.0449,1362,2989.24
131768,3.0526,1.5419,11.9566,1370,2989.24
131773,-5.1236,-1.3455,12.8724,1363,2989.24
131778,-4.2425,2.1296,8.7747,1368,2990.13
131783,2.8563,3.5458,9.9707,1351,2990.13
131788,3.1328,1.6544,11.8884,1367,2990.13
131793,-5.0242,-1.3204,12.8868,1357,2990.13
131798,-4.373,2.0578,8.8502,1365,2989.83
131803,2.7892,3.4836,9.9252,1351,2989.83
131808,3.1831,1.6867,11.8669,1371,2989.83
131813,-5.0051,-1.3767,12.8856,1359,2989.83
131818,-4.4987,2.0231,8.8514,1371,2989.54
131823,2.7677,3.4895,9.9623,1358,2989.54
131828,3.2537,1.7538,11.8525,1369,2989.54
131833,-4.9979,-1.336,12.9826,1357,2989.54
131838,-4.628,2.0016,8.8585,1365,2989.69
131843,2.7797,3.462,9.9048,1363,2989.69
131848,3.2537,1.8148,11.7795,1365,2989.69
131853,-4.9189,-1.2761,13.0592,1358,2989.69
131858,-4.7453,1.9716,8.9268,1357,2989.69
131863,2.6839,3.5195,9.8869,1362,2988.79
131868,3.3136,1.9417,11.813,1367,2988.79
131873,-4.8818,-1.2091,13.0388,1363,2988.79
131878,-4.8423,1.9489,9.019,1357,2988.79
131883,2.6707,3.4836,9.7923,1365,2988.05
131888,3.4369,1.9812,11.7651,1367,2988.05
131893,-4.7657,-1.2127,13.0699,1359,2988.05
131898,-4.9213,1.9345,9.0956,1357,2988.05
131903,2.6695,3.4848,9.827,1367,2988.05
131908,3.5602,2.077,11.6394,1365,2988.05
131913,-4.6448,-1.1528,13.1418,1362,2988.05
131918,-5.0865,1.8567,9.1004,1359,2988.05
131923,2.6839,3.4752,9.7396,1367,2987.45
131928,3.6296,2.0662,11.6406,1353,2987.45
131933,-4.5861,-1.1576,13.1609,1355,2987.45
131938,-5.2062,1.7801,9.1818,1364,2987.45
131943,2.6564,3.4668,9.7516,1369,2987.45
131948,3.7098,2.1548,11.5999,1368,2987.45
131953,-4.4784,-1.1516,13.143,1359,2987.45
131958,-5.2924,1.6688,9.1638,1371,2987.45
131963,2.5953,3.3902,9.5636,1359,2987.3
131968,3.802,2.2529,11.5736,1365,2987.3
131973,-4.4149,-1.1588,13.2244,1363,2987.3
131978,-5.3989,1.6412,9.2644,1371,2987.3
131983,2.5127,3.3567,9.5565,1358,2987.3
131988,3.8415,2.2661,11.5257,1363,2987.3
131993,-4.3443,-1.1444,13.1765,1352,2987.3
131998,-5.4863,1.5467,9.3793,1371,2987.3
132003,2.4505,3.3459,9.5852,1359,2987.01
132008,3.7888,2.3703,11.5508,1365,2987.01
132013,-4.3108,-1.1181,13.2854,1359,2987.01
132018,-5.6156,1.549,9.3913,1372,2987.01
132023,2.3882,3.3615,9.4595,1357,2986.71
132028,3.8044,2.4888,11.4622,1365,2986.71
132033,-4.2318,-1.0247,13.3405,1361,2986.71
132038,-5.7509,1.4868,9.505,1372,2986.71
132043,2.3272,3.3303,9.4511,1357,2986.71
132048,3.7816,2.5091,11.5005,1363,2986.71
132053,-4.0989,-0.9373,13.3561,1359,2986.71
132058,-5.7772,1.4509,9.5804,1373,2986.71
132063,2.2924,3.3662,9.3601,1358,2986.41
132068,3.8355,2.648,11.4179,1359,2986.41
132073,-4.045,-0.9098,13.3441,1363,2986.41
132078,-5.8921,1.3815,9.6989,1364,2986.41
132083,2.2374,3.298,9.2751,1343,2986.56
132088,3.9061,2.6707,11.3844,1357,2986.56
132093,-3.9253,-0.8619,13.3345,1361,2986.56
132098,-5.8718,1.3252,9.6618,1366,2986.56
132103,2.1536,3.2956,9.2536,1359,2986.41
132108,3.9277,2.7426,11.2982,1359,2986.41
132113,-3.7529,-0.8248,13.3273,1365,2986.41
132118,-5.9484,1.2043,9.7264,1356,2986.41
132123,2.077,3.2477,9.2033,1361,2986.41
132128,3.9588,2.7845,11.2504,1362,2986.41
132133,-3.6559,-0.7841,13.3477,1366,2986.41
132138,-6.0286,1.0714,9.73,1359,2986.41
132143,2.0327,3.2477,9.0932,1363,2986.26
132148,3.9648,2.8527,11.2719,1357,2986.26
132153,-3.535,-0.747,13.3309,1365,2986.26
132158,-6.0501,0.9278,9.8952,1356,2986.26
132163,1.9752,3.2118,9.0417,1357,2986.26
132168,3.9444,2.9102,11.2432,1363,2986.26
132173,-3.4979,-0.7566,13.3046,1359,2986.26
132178,-6.1794,0.9038,9.9707,1355,2986.26
132183,1.828,3.1903,9.0022,1359,2986.26
132188,3.9433,2.9281,11.2683,1363,2986.26
132193,-3.3818,-0.6967,13.3034,1357,2986.26
132198,-6.1974,0.8595,10.0185,1363,2986.26
132203,1.7322,3.1448,8.9376,1361,2986.26
132208,3.8702,3.0706,11.1785,1375,2986.26
132213,-3.2334,-0.6165,13.3118,1354,2986.26
132218,-6.256,0.7638,10.0832,1357,2986.26
132223,1.6185,3.1795,8.916,1363,2986.56
132228,3.8607,3.1041,11.1127,1371,2986.56
132233,-3.128,-0.5327,13.2962,1353,2986.56
132238,-6.2393,0.7015,10.1933,1363,2986.56
132243,1.5622,3.1843,8.8945,1363,2986.86
132248,3.8463,3.1975,11.1007,1369,2986.86
132253,-3.0311,-0.5171,13.2375,1364,2986.86
132258,-6.2668,0.6488,10.3034,1364,2986.86
132263,1.4449,3.1137,8.8526,1369,2986.71
132268,3.8702,3.2513,11.0744,1365,2986.71
132273,-2.8347,-0.4908,13.1873,1358,2986.71
132278,-6.2572,0.5555,10.3489,1363,2986.71
132283,1.3647,3.1089,8.7604,1369,2986.86
132288,3.9014,3.292,10.9954,1363,2986.86
132293,-2.7126,-0.4214,13.1968,1357,2986.86
132298,-6.3075,0.4489,10.404,1365,2986.86
132303,1.2713,3.0742,8.7053,1368,2986.71
132308,3.8259,3.2872,10.9798,1363,2986.71
132313,-2.5546,-0.4238,13.1693,1357,2986.71
132318,-6.2225,0.3053,10.477,1365,2986.71
132323,1.1205,3.0323,8.6275,1368,2986.71
132328,3.8164,3.3267,10.9403,1365,2986.71
132333,-2.3846,-0.3424,13.1968,1358,2986.71
132338,-6.2896,0.1796,10.5177,1365,2986.71
132343,0.9948,3.0011,8.6311,1367,2986.71
132348,3.723,3.3579,10.9152,1361,2986.71
132353,-2.3272,-0.3448,13.0891,1359,2986.71
132358,-6.2549,0.0826,10.5788,1365,2986.71
132363,0.8607,2.9712,8.5186,1335,2986.56
132368,3.6978,3.4429,10.9259,1367,2986.56
132373,-2.2003,-0.3112,13.0867,1353,2986.56
132378,-6.3195,0.0359,10.7416,1368,2986.56
132383,0.7386,2.9353,8.5281,1367,2986.56
132388,3.6607,3.4644,10.9367,1365,2986.56
132393,-2.1045,-0.2502,13.0257,1353,2986.56
132398,-6.2608,-0.0587,10.7655,1373,2986.56
132403,0.5962,2.9544,8.5018,1365,2986.71
132408,3.6452,3.5231,10.9212,1367,2986.71
132413,-1.9848,-0.1856,13.0005,1355,2986.71
132418,-6.2309,-0.0706,10.8218,1369,2986.71
132423,0.4681,2.9389,8.4695,1355,2986.86
132428,3.6344,3.6021,10.8996,1368,2986.86
132433,-1.7933,-0.1305,12.9718,1357,2986.86
132438,-6.2776,-0.1437,10.9259,1371,2986.86
132443,0.3304,2.879,8.442,1357,2986.71
132448,3.6715,3.5721,10.8589,1367,2986.71
132453,-1.6173,-0.0958,12.8988,1359,2986.71
132458,-6.1615,-0.2454,10.9738,1371,2986.71
132463,0.1772,2.8994,8.3917,1363,2986.26
132468,3.6033,3.6488,10.8122,1367,2986.26
132473,-1.4281,-0.0443,12.8784,1359,2986.26
132478,-6.1196,-0.316,11.0385,1369,2986.26
132483,0.073,2.8276,8.3582,1365,2986.71
132488,3.5829,3.6595,10.7583,1364,2986.71
132493,-1.2258,-0.0527,12.8748,1365,2986.71
132498,-6.1088,-0.4657,11.0361,1357,2986.71
132503,-0.1089,2.8299,8.272,1368,2986.26
132508,3.541,3.6236,10.732,1363,2986.26
132513,-1.0355,0.018,12.7695,1367,2986.26
132518,-6.0501,-0.5303,11.1318,1363,2986.26
132523,-0.2705,2.7988,8.3067,1363,2985.82
132528,3.4309,3.6691,10.744,1358,2985.82
132533,-0.8823,0.067,12.7372,1366,2985.82
132538,-6.0849,-0.6381,11.1893,1359,2985.82
132543,-0.4597,2.7773,8.2696,1365,2985.67
132548,3.4189,3.6524,10.7536,1363,2985.67
132553,-0.7314,0.1377,12.6821,1365,2985.67
132558,-6.0669,-0.6967,11.3318,1363,2985.67
132563,-0.6117,2.733,8.2863,1365,2985.52
132568,3.2944,3.6978,10.7739,1363,2985.52
132573,-0.5794,0.1341,12.5803,1363,2985.52
132578,-6.0418,-0.7745,11.4251,1359,2985.52
132583,-0.8332,2.6887,8.3306,1366,2985.67
132588,3.2956,3.784,10.659,1365,2985.67
132593,-0.3005,0.2646,12.5732,1363,2985.67
132598,-6.0226,-0.7949,11.5568,1359,2985.67
132603,-1.0032,2.7043,8.2732,1369,2985.37
132608,3.2705,3.7529,10.6099,1368,2985.37
132613,-0.1808,0.3388,12.5444,1355,2985.37
132618,-5.9448,-0.8667,11.6262,1357,2985.37
132623,-1.1839,2.6612,8.3689,1366,2985.52
132628,3.2801,3.7565,10.574,1369,2985.52
132633,0.0922,0.3807,12.5037,1353,2985.52
132638,-5.8478,-0.9038,11.7005,1366,2985.52
132643,-1.3072,2.6061,8.2995,1369,2985.22
132648,3.3016,3.7553,10.568,1365,2985.22
132653,0.2957,0.4298,12.4522,1357,2985.22
132658,-5.8251,-0.9792,11.7867,1361,2985.22
132663,-1.5335,2.575,8.3199,1367,2985.22
132668,3.2429,3.7469,10.5572,1367,2985.22
132673,0.4788,0.498,12.3649,1371,2985.22
132678,-5.7365,-1.0068,11.8298,1363,2985.22
132683,-1.7514,2.5534,8.3234,1367,2985.22
132688,3.2118,3.7134,10.5213,1365,2985.22
132693,0.7578,0.577,12.3541,1361,2985.22
132698,-5.7138,-1.1181,11.88,1363,2985.22
132703,-1.9393,2.5211,8.3031,1368,2985.07
132708,3.1496,3.711,10.5046,1357,2985.07
132713,0.972,0.6093,12.3445,1363,2985.07
132718,-5.6599,-1.1205,11.9626,1357,2985.07
132723,-2.1272,2.5163,8.3378,1369,2984.93
132728,3.0993,3.7074,10.4866,1362,2984.93
132733,1.1456,0.7242,12.3218,1356,2984.93
132738,-5.624,-1.1935,12.0321,1364,2984.93
132743,-2.3583,2.4924,8.3797,1363,2984.93
132748,3.0239,3.7385,10.4818,1367,2984.93
132753,1.3551,0.8128,12.2547,1361,2984.93
132758,-5.6096,-1.2234,12.1063,1365,2984.93
132763,-2.5522,2.4576,8.3342,1365,2985.07
132768,3.0418,3.7625,10.4758,1367,2985.07
132773,1.5443,0.8751,12.2152,1365,2985.07
132778,-5.5426,-1.2246,12.2332,1369,2985.07
132783,-2.7797,2.4325,8.4144,1364,2985.37
132788,2.9748,3.7385,10.3992,1363,2985.37
132793,1.7801,0.9996,12.1602,1363,2985.37
132798,-5.5079,-1.2773,12.2763,1371,2985.37
132803,-2.9796,2.4086,8.4707,1356,2985.07
132808,3.0287,3.711,10.3621,1363,2985.07
132813,1.9968,1.0499,12.1697,1365,2985.07
132818,-5.4612,-1.2977,12.39,1371,2985.07
132823,-3.158,2.381,8.4671,1363,2985.82
132828,3.0095,3.7182,10.2627,1359,2985.82
132833,2.2027,1.1504,12.0704,1367,2985.82
132838,-5.381,-1.318,12.4822,1368,2985.82
132843,-3.3399,2.302,8.5234,1368,2986.26
132848,2.9628,3.6488,10.2304,1359,2986.26
132853,2.3451,1.2366,11.9902,1365,2986.26
132858,-5.3127,-1.3491,12.5588,1367,2986.26
132863,-3.5075,2.2446,8.5234,1367,2985.97
132868,2.9556,3.62,10.2687,1363,2985.97
132873,2.4397,1.2833,12.0249,1364,2985.97
132878,-5.2577,-1.3539,12.627,1363,2985.97
132883,-3.6679,2.1703,8.5844,1367,2985.82
132888,2.9137,3.6045,10.1849,1359,2985.82
132893,2.5929,1.4054,11.9219,1373,2985.82
132898,-5.199,-1.3324,12.6713,1357,2985.82
132903,-3.9014,2.1536,8.685,1357,2985.97
132908,2.8467,3.565,10.1251,1356,2985.97
132913,2.7605,1.4449,12.0021,1373,2985.97
132918,-5.1954,-1.3384,12.7288,1356,2985.97
132923,-4.1132,2.1476,8.7161,1367,2985.67
132928,2.8335,3.553,10.1047,1363,2985.67
132933,2.9102,1.555,11.9315,1371,2985.67
132938,-5.108,-1.3288,12.7982,1357,2985.67
132943,-4.2389,2.1261,8.8562,1361,2985.07
132948,2.788,3.5518,10.0688,1359,2985.07
132953,3.1005,1.6544,11.8453,1367,2985.07
132958,-5.0182,-1.2737,12.87,1359,2985.07
132963,-4.3838,2.0794,8.7676,1359,2985.07
132968,2.7821,3.5291,10.0257,1363,2985.52
132973,3.1484,1.7142,11.8154,1368,2985.52
132978,-4.9488,-1.2486,12.9646,1367,2985.52
132983,-4.5897,2.0423,8.9591,1353,2985.52
132988,2.7557,3.5279,9.9072,1366,2985.52
132993,3.292,1.8088,11.8381,1363,2985.52
132998,-4.8602,-1.2402,12.9873,1359,2985.52
133003,-4.6998,2.0063,8.9459,1363,2985.52
133008,2.7461,3.486,9.8761,1365,2985.67
133013,3.4034,1.9034,11.7663,1363,2985.67
133018,-4.7405,-1.2342,13.0304,1362,2985.67
133023,-4.8411,1.9261,9.0022,1365,2985.67
133028,2.6803,3.4919,9.8102,1359,2985.52
133033,3.4907,1.968,11.6634,1369,2985.52
133038,-4.6639,-1.2366,13.137,1357,2985.52
133043,-5.0147,1.834,9.0369,1369,2985.52
133048,2.6492,3.4261,9.7659,1363,2985.52
133053,3.5901,2.0782,11.7017,1367,2985.52
133058,-4.5981,-1.2402,13.143,1357,2985.52
133063,-5.1332,1.7873,9.0836,1368,2985.52
133068,2.6372,3.456,9.7085,1357,2986.26
133073,3.6188,2.1428,11.6418,1365,2986.26
133078,-4.531,-1.1983,13.1693,1357,2986.26
133083,-5.2625,1.7131,9.1949,1373,2986.26
133088,2.5211,3.377,9.6438,1357,2986.11
133093,3.6428,2.1751,11.6418,1367,2986.11
133098,-4.4556,-1.1181,13.2387,1359,2986.11
133103,-5.4193,1.6496,9.3134,1373,2986.11
133108,2.4576,3.3842,9.6187,1359,2986.26
133113,3.7194,2.3595,11.5808,1363,2986.26
133118,-4.4185,-1.0918,13.2435,1363,2986.26
133123,-5.5677,1.5981,9.3541,1373,2986.26
133128,2.4493,3.3591,9.572,1359,2986.11
133133,3.8906,3.1699,11.0624,1363,2986.11
133138,-3.037,-0.5794,13.2747,1359,2986.11
133143,-6.2309,0.6177,10.1933,1371,2986.11
133148,1.5215,3.1508,8.8346,1363,2986.41
133153,3.863,3.2046,11.0732,1361,2986.41
133158,-2.9006,-0.4465,13.277,1363,2986.41
133163,-6.2608,0.5363,10.3178,1373,2986.41
133168,1.4078,3.1137,8.764,1359,2986.56
133173,3.8559,3.2765,11.0421,1363,2986.56
133178,-2.7797,-0.4369,13.2351,1365,2986.56
133183,-6.2261,0.4262,10.392,1367,2986.56
133188,1.2749,3.0777,8.661,1358,2986.56
133193,3.8235,3.2956,11.0516,1361,2986.56
133198,-2.6671,-0.3938,13.1095,1364,2986.56
133203,-6.2537,0.3675,10.3848,1363,2986.56
133208,1.1612,2.9916,8.6227,1363,2986.26
133213,3.8092,3.3543,10.902,1364,2986.26
133218,-2.496,-0.3771,13.1238,1362,2986.26
133223,-6.3123,0.2011,10.4615,1363,2986.26
133228,1.0451,2.9939,8.594,1359,2986.26
133233,3.7541,3.3686,10.9415,1366,2986.26
133238,-2.3511,-0.3112,13.1142,1359,2986.26
133243,-6.3375,0.1413,10.6087,1359,2986.26
133248,0.8942,2.97,8.6095,1357,2986.26
133253,3.7134,3.4093,10.896,1367,2986.26
133258,-2.241,-0.2538,13.0879,1351,2986.26
133263,-6.3087,0.0694,10.6722,1359,2986.26
133268,0.7458,2.9353,8.5868,1365,2986.26
133273,3.6943,3.4872,10.981,1369,2986.26
133278,-2.0937,-0.2418,13.0269,1353,2986.26
133283,-6.3243,0.0395,10.7907,1353,2986.26
133288,0.6668,2.9305,8.4467,1359,2986.11
133293,3.6703,3.5039,10.8924,1369,2986.11
133298,-1.9968,-0.1856,13.0053,1351,2986.11
133303,-6.2022,-0.0611,10.8733,1363,2986.11
133308,0.4609,2.9425,8.5186,1359,2985.67
133313,3.6045,3.5913,10.8601,1369,2985.67
133318,-1.7681,-0.1233,12.9526,1355,2985.67
133323,-6.201,-0.1664,10.908,1363,2985.67
133328,0.3723,2.9449,8.4623,1369,2985.67
133333,3.6009,3.6093,10.7811,1369,2985.67
133338,-1.6005,-0.103,12.9071,1358,2985.67
133343,-6.1016,-0.2682,10.9403,1363,2985.67
133348,0.243,2.885,8.424,1370,2985.82
133353,3.5446,3.6344,10.8038,1369,2985.82
133358,-1.4138,-0.0479,12.8437,1357,2985.82
133363,-6.0932,-0.3472,11.0313,1364,2985.82
133368,0.0646,2.8443,8.3115,1367,2985.97
133373,3.5422,3.6631,10.8134,1365,2985.97
133378,-1.1803,-0.0335,12.7826,1355,2985.97
133383,-6.1124,-0.4848,11.1091,1365,2985.97
133388,-0.0958,2.806,8.2911,1370,2985.97
133393,3.5386,3.6117,10.8134,1366,2985.97
133398,-1.0319,0.0275,12.736,1359,2985.97
133403,-6.0729,-0.583,11.2073,1365,2985.97
133408,-0.2957,2.7928,8.3282,1367,2986.26
133413,3.4357,3.6464,10.7715,1365,2986.26
133418,-0.8296,0.0527,12.7719,1356,2986.26
133423,-6.1327,-0.6764,11.2791,1365,2986.26
133428,-0.4968,2.7617,8.3318,1367,2986.41
133433,3.3914,3.6739,10.7224,1365,2986.41
133438,-0.6788,0.1676,12.7048,1358,2986.41
133443,-6.098,-0.6692,11.3162,1368,2986.41
133448,-0.6261,2.7402,8.3222,1368,2986.26
133453,3.3291,3.7218,10.7392,1367,2986.26
133458,-0.565,0.182,12.6773,1359,2986.26
133463,-6.0094,-0.723,11.4215,1372,2986.26
133468,-0.8571,2.6588,8.2265,1362,2986.26
133473,3.3459,3.7445,10.6841,1367,2986.26
133478,-0.3735,0.2729,12.5109,1357,2986.26
133483,-6.037,-0.7745,11.5077,1373,2986.26
133488,-0.9804,2.733,8.3689,1365,2986.11
133493,3.3387,3.8307,10.732,1367,2986.11
133498,-0.2083,0.346,12.5049,1363,2986.11
133503,-5.9185,-0.8188,11.6131,1372,2986.11
133508,-1.1612,2.6671,8.2839,1363,2985.97
133513,3.2932,3.7888,10.6291,1367,2985.97
133518,0.0251,0.3974,12.5313,1361,2985.97
133523,-5.8981,-0.8763,11.6418,1370,2985.97
133528,-1.3348,2.6731,8.2899,1363,2985.97
133533,3.2729,3.7649,10.6171,1369,2985.97
133538,0.2993,0.4441,12.4762,1359,2985.97
133543,-5.8454,-0.9601,11.661,1367,2985.97
133548,-1.4964,2.6121,8.2516,1367,2986.11
133553,3.2561,3.7457,10.5381,1365,2986.11
133558,0.4812,0.5004,12.4199,1366,2986.11
133563,-5.7712,-0.9972,11.8262,1367,2986.11
133568,-1.6592,2.5869,8.2803,1367,2985.97
133573,3.1867,3.7266,10.5429,1363,2985.97
133578,0.7518,0.4932,12.3649,1367,2985.97
133583,-5.7389,-1.1085,11.8824,1363,2985.97
133588,-1.8974,2.5307,8.2911,1367,2985.97
133593,3.1256,3.7146,10.5584,1363,2985.97
133598,0.8775,0.5818,12.2954,1365,2985.97
133603,-5.6731,-1.1863,12.0033,1363,2985.97
133608,-2.1045,2.4744,8.3163,1368,2985.97
133613,3.0909,3.7242,10.4172,1364,2985.97
133618,1.0606,0.6871,12.3517,1364,2985.97
133623,-5.691,-1.172,12.05,1364,2985.97
133628,-2.2613,2.4852,8.3845,1363,2986.11
133633,3.0119,3.7266,10.5165,1365,2986.11
133638,1.2629,0.7853,12.3672,1379,2986.11
133643,-5.6383,-1.2103,12.1266,1363,2986.11
133648,-2.496,2.5127,8.357,1359,2986.11
133653,3.0239,3.7505,10.4375,1371,2986.11
133658,1.4497,0.8847,12.1997,1363,2986.11
133663,-5.5845,-1.2055,12.1913,1363,2986.11
133668,-2.6887,2.4924,8.3677,1367,2986.26
133673,3.0406,3.79,10.4315,1367,2986.26
133678,1.6233,0.9194,12.1745,1357,2986.26
133683,-5.5689,-1.2426,12.2823,1365,2986.26
133688,-2.8683,2.4553,8.4013,1359,2986.56
133693,3.0694,3.7864,10.3681,1372,2986.56
133698,1.822,1.0092,12.0895,1357,2986.56
133703,-5.4408,-1.245,12.4307,1357,2986.56
133708,-2.988,2.3152,8.4551,1367,2986.71
133713,3.0406,3.699,10.3298,1371,2986.71
133718,1.992,1.0786,12.1051,1359,2986.71
133723,-5.3582,-1.2773,12.3649,1361,2986.71
133728,-3.2046,2.3272,8.4827,1369,2986.56
133733,3.0047,3.6631,10.2723,1369,2986.56
133738,2.2302,1.1528,12.056,1358,2986.56
133743,-5.381,-1.3384,12.4774,1359,2986.56
133748,-3.3411,2.2721,8.5126,1369,2986.41
133753,2.9604,3.638,10.222,1367,2986.41
133758,2.3739,1.1564,12.0297,1358,2986.41
133763,-5.2648,-1.3527,12.5336,1359,2986.41
133768,-3.5063,2.217,8.5473,1368,2986.41
133773,2.9066,3.5913,10.234,1363,2986.41
133778,2.5307,1.2809,11.9746,1359,2986.41
133783,-5.2493,-1.3635,12.6593,1357,2986.41
133788,-3.7505,2.2063,8.6706,1369,2986.26
133793,2.8503,3.5745,10.228,1359,2986.26
133798,2.6396,1.3695,11.965,1363,2986.26
133803,-5.2912,-1.3324,12.6713,1361,2986.26
133808,-3.9337,2.2302,8.6814,1361,2985.97
133813,2.8335,3.553,10.1442,1365,2985.97
133818,2.7438,1.4257,11.9387,1357,2985.97
133823,-5.1487,-1.2761,12.7647,1362,2985.97
133828,-4.112,2.15,8.7951,1364,2985.67
133833,2.824,3.5817,10.1083,1363,2985.67
133838,2.8994,1.5886,11.9566,1356,2985.67
133843,-5.1272,-1.2605,12.7898,1369,2985.67
133848,-4.2844,2.1787,8.8155,1369,2985.52
133853,2.7845,3.5841,10.1011,1367,2985.52
133858,3.0143,1.6436,11.8621,1366,2985.52
133863,-4.9943,-1.2737,12.8928,1373,2985.52
133868,-4.4125,2.1105,8.7855,1367,2985.67
133873,2.806,3.6308,10.0305,1364,2985.67
133878,3.1951,1.7621,11.7998,1364,2985.67
133883,-4.889,-1.2498,13.0041,1369,2985.67
133888,-4.5669,2.047,8.8418,1367,2985.67
133893,2.7725,3.5291,9.9539,1361,2985.67
133898,3.3184,1.8292,11.7639,1365,2985.67
133903,-4.8147,-1.2665,12.9646,1368,2985.67
133908,-4.7058,1.9225,8.9076,1363,2985.82
133913,2.7461,3.5362,9.8809,1359,2985.82
133918,3.4237,1.8926,11.7759,1365,2985.82
133923,-4.7776,-1.2306,13.0101,1369,2985.82
133928,-4.871,1.8711,8.9663,1371,2986.11
133933,2.7354,3.4225,9.7935,1357,2986.11
133938,3.5793,1.9788,11.7136,1368,2986.11
133943,-4.634,-1.2917,13.1011,1369,2986.11
133948,-5.0398,1.8375,9.0633,1374,2986.11
133953,2.6396,3.4093,9.8186,1356,2986.11
133958,3.5303,2.0183,11.6418,1371,2986.11
133963,-4.6244,-1.2546,13.1442,1365,2986.11
133968,-5.1392,1.8148,9.1734,1373,2986.26
133973,2.5115,3.4297,9.7612,1367,2986.26
133978,3.5686,2.1452,11.625,1371,2986.26
133983,-4.6029,-1.1576,13.2088,1357,2986.26
133988,-5.2613,1.7406,9.1722,1367,2986.41
133993,2.5079,3.3914,9.7133,1363,2986.41
133998,3.6093,2.2422,11.6047,1371,2986.41
134003,-4.4891,-1.0918,13.2124,1355,2986.41
134008,-5.4073,1.7214,9.3494,1363,2986.56
134013,2.5139,3.4345,9.6295,1363,2986.56
134018,3.6859,2.3439,11.6083,1368,2986.56
134023,-4.4041,-1.0965,13.2519,1359,2986.56
134028,-5.4552,1.6723,9.4152,1363,2986.56
134033,2.4014,3.4285,9.5409,1365,2986.71
134038,3.7529,2.3858,11.5173,1371,2986.71
134043,-4.3036,-1.0044,13.2878,1363,2986.71
134048,-5.5545,1.6388,9.4212,1357,2986.71
134053,2.3762,3.383,9.4822,1364,2986.41
134058,3.8834,2.484,11.4814,1365,2986.41
134063,-4.148,-1.0068,13.3142,1363,2986.41
134068,-5.63,1.5275,9.4679,1359,2986.41
134073,2.375,3.3411,9.426,1367,2986.56
134078,3.9397,2.4708,11.3784,1363,2986.56
134083,-4.0486,-0.9756,13.289,1356,2986.56
134088,-5.7305,1.4485,9.5241,1363,2986.56
134093,2.2936,3.3674,9.3506,1369,2986.56
134098,3.9385,2.5402,11.4048,1364,2986.56
134103,-3.9959,-0.9313,13.3046,1363,2986.56
134108,-5.7964,1.3228,9.6403,1371,2986.56
134113,2.2242,3.2609,9.2548,1357,2986.41
134118,3.9433,2.5821,11.3629,1369,2986.41
134123,-3.8702,-0.9637,13.289,1357,2986.41
134128,-5.873,1.2294,9.6833,1370,2986.41
134133,2.1416,3.2441,9.2153,1367,2986.56
134138,3.8966,2.7294,11.3545,1366,2986.56
134143,-3.8116,-0.9337,13.3297,1358,2986.56
134148,-5.9544,1.1911,9.7612,1372,2986.56
134153,2.0602,3.207,9.2057,1363,2987.16
134158,3.8786,2.7593,11.3114,1365,2987.16
134163,-3.7541,-0.8464,13.3201,1357,2987.16
134168,-5.9795,1.1468,9.8031,1371,2987.16
134173,1.9824,3.3016,9.1554,1363,2987.01
134178,3.8618,2.8192,11.2779,1364,2987.01
134183,-3.6512,-0.735,13.4039,1361,2987.01
134188,-6.0298,1.1253,9.9108,1371,2987.01
134193,1.9201,3.2657,9.1051,1357,2987.16
134198,3.8595,2.9125,11.2803,1365,2987.16
134203,-3.5326,-0.7051,13.392,1361,2987.16
134208,-6.1136,1.0187,9.9862,1367,2987.16
134213,1.8794,3.2465,9.0022,1364,2987.16
134218,3.9085,2.9868,11.2228,1363,2987.16
134223,-3.4046,-0.65,13.2723,1357,2987.16
134228,-6.116,0.9613,10.0018,1369,2987.16
134233,1.8088,3.2154,8.9651,1363,2987.3
134238,3.9672,3.0466,11.1701,1357,2987.3
134243,-3.2465,-0.6165,13.38,1365,2987.3
134248,-6.1675,0.8212,10.0832,1369,2987.3
134253,1.7131,3.1651,8.8597,1363,2987.16
134258,3.966,3.0466,11.0852,1362,2987.16
134263,-3.0849,-0.5794,13.3118,1361,2987.16
134268,-6.1471,0.7051,10.1095,1365,2987.16
134273,1.6556,3.1256,8.8262,1359,2987.01
134278,3.9241,3.0694,11.1091,1365,2987.01
134283,-2.9532,-0.559,13.2794,1365,2987.01
134288,-6.128,0.5854,10.228,1359,2987.01
134293,1.4892,3.122,8.7652,1359,2986.56
134298,3.8343,3.1843,11.0588,1365,2986.56
134303,-2.8802,-0.5243,13.1681,1363,2986.56
134308,-6.2429,0.5207,10.3022,1359,2986.56
134313,1.3671,3.0562,8.7712,1363,2986.26
134318,3.8319,3.1915,11.0959,1363,2986.26
134323,-2.8718,-0.4884,13.1478,1358,2986.26
134328,-6.2668,0.4393,10.3549,1363,2986.26
134333,1.2785,3.0622,8.7352,1356,2986.11
134338,3.7601,3.3387,10.9607,1367,2986.11
134343,-2.7485,-0.4178,13.1561,1357,2986.11
134348,-6.3039,0.3879,10.416,1358,2986.11
134353,1.1337,3.0358,8.7652,1357,2986.11
134358,3.79,3.3579,10.9954,1355,2986.11
134363,-2.5989,-0.3915,13.1813,1353,2986.11
134368,-6.2884,0.3136,10.5046,1359,2986.11
134373,1.0558,3.0742,8.6921,1359,2986.26
134378,3.723,3.4069,10.987,1369,2986.26
134383,-2.4732,-0.2921,13.0664,1357,2986.26
134388,-6.2249,0.249,10.5943,1357,2986.26
134393,0.923,3.0347,8.6095,1363,2986.71
134398,3.7302,3.4393,10.9188,1379,2986.71
134403,-2.2996,-0.3041,13.0484,1357,2986.71
134408,-6.2249,0.2047,10.6853,1383,2986.71
134413,0.7937,2.9951,8.4982,1365,2987.01
134418,3.7613,3.486,10.8936,1367,2987.01
134423,-2.1596,-0.231,13.0029,1357,2987.01
134428,-6.1782,0.1053,10.732,1365,2987.01
134433,0.723,2.9401,8.4755,1367,2987.16
134438,3.7517,3.4668,10.8397,1370,2987.16
134443,-1.9405,-0.2023,12.9861,1359,2987.16
134448,-6.1806,-0.0431,10.756,1354,2987.16
134453,0.565,2.9221,8.5042,1369,2987.16
134458,3.6272,3.4572,10.8146,1367,2987.16
134463,-1.7957,-0.1784,13.0053,1359,2987.16
134468,-6.2297,-0.1712,10.8218,1363,2987.16
134473,0.4381,2.8958,8.406,1369,2987.3
134478,3.5841,3.547,10.8254,1365,2987.3
134483,-1.6915,-0.1652,12.9335,1359,2987.3
134488,-6.177,-0.2382,10.9511,1358,2987.3
134493,0.2442,2.873,8.4132,1371,2987.01
134498,3.5027,3.5817,10.8553,1365,2987.01
134503,-1.5419,-0.1377,12.8784,1355,2987.01
134508,-6.189,-0.3352,11.0026,1364,2987.01
134513,0.146,2.8455,8.3833,1379,2987.01
134518,3.5326,3.6344,10.8254,1365,2987.01
134523,-1.4497,0.0263,12.8533,1355,2987.01
134528,-6.1806,-0.3663,11.1031,1365,2987.01
134533,-0.0012,2.8491,8.43,1363,2986.86
134538,3.4512,3.6811,10.7428,1365,2986.86
134543,-1.3072,0.012,12.8341,1352,2986.86
134548,-6.1136,-0.407,11.163,1367,2986.86
134553,-0.1425,2.8563,8.3498,1367,2987.01
134558,3.4225,3.7026,10.7392,1367,2987.01
134563,-1.0774,0.0934,12.8461,1353,2987.01
134568,-6.1746,-0.4513,11.2168,1372,2987.01
134573,-0.3029,2.8467,8.3797,1369,2987.01
134578,3.45,3.717,10.7595,1368,2987.01
134583,-0.9852,0.1293,12.7108,1349,2987.01
134588,-6.0238,-0.5375,11.2695,1371,2987.01
134593,-0.4585,2.7737,8.327,1357,2987.16
134598,3.4405,3.7122,10.7081,1370,2987.16
134603,-0.7219,0.1963,12.7012,1359,2987.16
134608,-5.9735,-0.6165,11.3365,1377,2987.16
134613,-0.5878,2.7545,8.2732,1355,2987.45
134618,3.4465,3.7314,10.7069,1368,2987.45
134623,-0.4836,0.1903,12.6474,1357,2987.45
134628,-5.9616,-0.6788,11.4156,1369,2987.45
134633,-0.7147,2.7066,8.3031,1367,2987.6
134638,3.3902,3.6895,10.665,1367,2987.6
134643,-0.3388,0.2059,12.6605,1364,2987.6
134648,-5.9268,-0.7985,11.4778,1369,2987.6
134653,-0.9409,2.6719,8.2851,1369,2987.9
134658,3.3267,3.7146,10.6326,1368,2987.9
134663,-0.1221,0.2933,12.621,1365,2987.9
134668,-5.9376,-0.8619,11.5389,1365,2987.9
134673,-1.063,2.6336,8.3043,1371,2987.9
134678,3.2394,3.6703,10.6315,1357,2987.9
134683,0.0239,0.3053,12.5755,1365,2987.9
134688,-5.9364,-0.9541,11.6167,1365,2987.9
134693,-1.227,2.6456,8.2863,1367,2987.75
134698,3.1819,3.7409,10.5943,1362,2987.75
134703,0.158,0.3759,12.4558,1366,2987.75
134708,-5.9053,-0.9313,11.6897,1357,2987.75
134713,-1.3827,2.5905,8.2839,1370,2987.45
134718,3.1699,3.7565,10.5764,1364,2987.45
134723,0.31,0.4477,12.4463,1369,2987.45
134728,-5.9532,-0.9852,11.7448,1356,2987.45
134733,-1.5562,2.6228,8.2684,1368,2987.3
134738,3.1675,3.802,10.5477,1373,2987.3
134743,0.4633,0.5447,12.4534,1368,2987.3
134748,-5.8359,-1.0116,11.8441,1371,2987.3
134753,-1.7238,2.5857,8.3246,1367,2987.01
134758,3.1615,3.7493,10.4926,1368,2987.01
134763,0.6692,0.6045,12.4091,1365,2987.01
134768,-5.7844,-1.0343,11.9387,1359,2987.01
134773,-1.8914,2.5582,8.2708,1366,2987.01
134778,3.1173,3.814,10.5105,1367,2987.01
134783,0.8224,0.7111,12.3613,1363,2987.01
134788,-5.7521,-1.1229,12.0177,1359,2987.01
134793,-2.0363,2.5127,8.3258,1368,2987.16
134798,3.1532,3.7457,10.501,1367,2987.16
134803,1.0355,0.6644,12.3026,1362,2987.16
134808,-5.6443,-1.1971,12.0392,1359,2987.16
134813,-2.2529,2.5091,8.3582,1370,2987.16
134818,3.1244,3.7362,10.4435,1369,2987.16
134823,1.2749,0.8009,12.3002,1355,2987.16
134828,-5.6407,-1.2198,12.1374,1361,2987.16
134833,-2.3595,2.4457,8.3689,1366,2987.45
134838,3.0777,3.6595,10.3705,1370,2987.45
134843,1.3755,0.7973,12.2823,1357,2987.45
134848,-5.6252,-1.2414,12.1853,1357,2987.45
134853,-2.5929,2.4529,8.3989,1369,2987.45
134858,3.0299,3.6727,10.4172,1369,2987.45
134863,1.5921,0.8751,12.2499,1363,2987.45
134868,-5.618,-1.3108,12.2416,1357,2987.45
134873,-2.7761,2.4134,8.4013,1370,2987.45
134878,3.0227,3.6476,10.3896,1367,2987.45
134883,1.8004,0.9505,12.1817,1357,2987.45
134888,-5.5486,-1.312,12.2643,1359,2987.45
134893,-2.9341,2.4074,8.4527,1368,2987.16
134898,2.9425,3.6823,10.3884,1367,2987.16
134903,1.8914,0.978,12.1482,1364,2987.16
134908,-5.4492,-1.2941,12.4127,1359,2987.16
134913,-3.0837,2.3966,8.4958,1365,2987.16
134918,2.9664,3.7254,10.2783,1355,2987.16
134923,2.1045,1.1145,12.1111,1355,2987.16
134928,-5.4037,-1.2785,12.4917,1363,2987.16
134933,-3.2609,2.3643,8.4767,1364,2986.11
134938,2.9365,3.7194,10.2711,1365,2986.11
134943,2.2673,1.1935,12.1374,1359,2986.11
134948,-5.3522,-1.2689,12.5145,1363,2986.11
134953,-3.3902,2.3331,8.5497,1367,2987.01
134958,2.9784,3.6871,10.2077,1368,2987.01
134963,2.4086,1.2965,12.062,1358,2987.01
134968,-5.3067,-1.3539,12.6402,1365,2987.01
134973,-3.565,2.296,8.5341,1368,2986.86
134978,2.9221,3.6847,10.1658,1365,2986.86
134983,2.6133,1.3384,11.9626,1359,2986.86
134988,-5.223,-1.3515,12.6881,1367,2986.86
134993,-3.7769,2.2254,8.6,1371,2986.86
134998,2.9269,3.6655,10.1837,1365,2986.86
135003,2.7019,1.4186,11.9926,1359,2986.86
135008,-5.1571,-1.3767,12.7934,1370,2986.86
135013,-3.9217,2.1727,8.6862,1371,2987.45
135018,2.8635,3.6045,10.0856,1366,2987.45
135023,2.8491,1.4868,11.9339,1365,2987.45
135028,-5.1511,-1.3216,12.8257,1369,2987.45
135033,-4.0139,2.1165,8.7412,1369,2987.45
135038,2.8036,3.5243,10.0257,1365,2987.45
135043,2.9365,1.549,11.9327,1363,2987.45
135048,-5.0853,-1.3731,12.8329,1371,2987.45
135053,-4.2772,2.0614,8.7975,1353,2987.6
135058,2.7976,3.5063,9.985,1361,2987.6
135063,3.0574,1.6209,11.9028,1366,2987.6
135068,-5.1104,-1.3168,12.876,1368,2987.6
135073,-4.3694,2.0842,8.8657,1367,2987.6
135078,2.6983,3.4872,9.9455,1358,2987.6
135083,3.1663,1.7166,11.8226,1363,2987.6
135088,-5.0374,-1.2977,12.9371,1367,2987.6
135093,-4.4724,2.0722,8.9184,1369,2987.75
135098,2.7653,3.535,9.9922,1355,2987.75
135103,3.2358,1.8256,11.8333,1368,2987.75
135108,-4.9273,-1.251,13.046,1362,2987.75
135113,-4.6112,1.9968,8.9519,1357,2988.05
135118,2.6863,3.4943,9.9108,1356,2988.05
135123,3.3136,1.8974,11.7855,1370,2988.05
135128,-4.8423,-1.172,13.0269,1367,2988.05
135133,-4.774,1.9908,9.0022,1373,2987.75
135138,2.6935,3.5015,9.8222,1357,2987.75
135143,3.4381,1.9908,11.8298,1370,2987.75
135148,-4.8111,-1.2594,13.0711,1362,2987.75
135153,-4.8722,1.9273,9.074,1368,2987.6
135158,2.6791,3.4429,9.7456,1364,2987.6
135163,3.5111,2.0255,11.7519,1371,2987.6
135168,-4.6627,-1.2151,13.0843,1359,2987.6
135173,-4.9728,1.8447,9.0812,1363,2986.71
135178,2.6205,3.4884,9.7229,1357,2986.71
135183,3.5614,2.0925,11.7256,1371,2986.71
135188,-4.5897,-1.1827,13.1921,1361,2986.71
135193,-5.0673,1.7992,9.0812,1361,2986.71
135198,2.6073,3.4548,9.6738,1363,2985.82
135203,3.6583,2.1261,11.6382,1369,2985.82
135208,-4.5047,-1.2163,13.204,1357,2985.82
135213,-5.2301,1.6759,9.2213,1365,2985.82
135218,2.5379,3.4069,9.6618,1365,2984.78
135223,3.644,2.2745,11.6191,1367,2984.78
135228,-4.3838,-1.2007,13.1609,1364,2984.78
135233,-5.3702,1.6137,9.2763,1365,2984.78
135238,2.4588,3.3854,9.5529,1367,2984.78
135243,3.7577,2.32,11.5448,1363,2984.78
135248,-4.3048,-1.1372,13.2016,1361,2984.78
135253,-5.5103,1.5538,9.408,1365,2984.78
135258,2.4217,3.401,9.566,1365,2984.33
135263,3.7433,2.466,11.5472,1371,2984.33
135268,-4.2772,-1.0475,13.2256,1357,2984.33
135273,-5.6096,1.5287,9.4367,1371,2984.33
135278,2.3547,3.3483,9.4523,1365,2984.63
135283,3.7565,2.5355,11.3916,1385,2984.63
135288,-4.13,-0.9984,13.3094,1363,2984.63
135293,-5.7509,1.4317,9.6019,1379,2984.63
135298,2.2613,3.3303,9.3721,1362,2985.22
135303,3.8211,2.5941,11.4024,1365,2985.22
135308,-4.0163,-0.9134,13.3118,1358,2985.22
135313,-5.8335,1.4246,9.6965,1375,2985.22
135318,2.2338,3.3136,9.3003,1365,2985.67
135323,3.9037,2.7019,11.4108,1367,2985.67
135328,-3.9349,-0.8464,13.289,1353,2985.67
135333,-5.8047,1.3264,9.7276,1373,2985.67
135338,2.1416,3.3423,9.2608,1356,2985.67
135343,3.9002,2.7485,11.3282,1365,2985.67
135348,-3.7338,-0.8068,13.2818,1355,2985.67
135353,-5.934,1.2474,9.7779,1371,2985.67
135358,2.0782,3.213,9.2009,1359,2985.97
135363,3.9516,2.7461,11.3018,1361,2985.97
135368,-3.6236,-0.8092,13.3477,1355,2985.97
135373,-5.958,1.0977,9.8031,1369,2985.97
135378,2.0123,3.2477,9.0932,1363,2985.82
135383,3.9361,2.8587,11.1558,1365,2985.82
135388,-3.5482,-0.7278,13.3668,1369,2985.82
135393,-6.0322,1.0044,9.9216,1367,2985.82
135398,1.9058,3.2034,9.0836,1358,2985.52
135403,3.9265,2.8635,11.2168,1365,2985.52
135408,-3.4417,-0.7482,13.2854,1366,2985.52
135413,-6.0394,0.917,9.9503,1359,2985.52
135418,1.7753,3.1891,9.0309,1363,2985.07
135423,3.8738,2.97,11.2563,1369,2985.07
135428,-3.3555,-0.6835,13.3094,1355,2985.07
135433,-6.1208,0.8475,10.0748,1357,2985.07
135438,1.6987,3.1472,8.9507,1358,2984.78
135443,3.8104,3.061,11.2001,1366,2984.78
135448,-3.2561,-0.6464,13.2675,1357,2984.78
135453,-6.1435,0.7949,10.1287,1351,2984.78
135458,1.6328,3.1256,8.8753,1363,2984.63
135463,3.8164,3.1424,11.139,1371,2984.63
135468,-3.1484,-0.5459,13.2495,1355,2984.63
135473,-6.1579,0.7159,10.2065,1358,2984.63
135478,1.5083,3.1424,8.8442,1357,2984.18
135483,3.7721,3.1807,11.0193,1369,2984.18
135488,-2.9509,-0.4717,13.228,1349,2984.18
135493,-6.1663,0.5914,10.3082,1363,2984.18
135498,1.3659,3.1077,8.7747,1361,2984.63
135503,3.7948,3.2753,11.0433,1371,2984.63
135508,-2.8264,-0.3986,13.2244,1351,2984.63
135513,-6.1758,0.48,10.4363,1365,2984.63
135518,1.2665,3.1029,8.6682,1359,2984.63
135523,3.7972,3.3423,10.9966,1380,2984.63
135528,-2.6384,-0.3998,13.1286,1357,2984.63
135533,-6.1543,0.3364,10.4603,1363,2984.63
135538,1.0942,3.0251,8.6945,1367,2984.78
135543,3.7469,3.3818,11.0026,1369,2984.78
135548,-2.3978,-0.3316,13.0855,1353,2984.78
135553,-6.1818,0.2167,10.5919,1363,2984.78
135558,0.9912,2.9856,8.6371,1371,2985.07
135563,3.7038,3.3339,10.9092,1367,2985.07
135568,-2.2984,-0.3017,13.0879,1357,2985.07
135573,-6.1734,0.1221,10.6362,1365,2985.07
135578,0.7961,2.958,8.6155,1365,2985.37
135583,3.6524,3.3627,10.9463,1368,2985.37
135588,-2.1344,-0.2322,13.0352,1359,2985.37
135593,-6.1926,0.0227,10.7188,1363,2985.37
135598,0.6871,2.9209,8.5317,1371,2985.22
135603,3.6188,3.4884,10.8948,1363,2985.22
135608,-2.0004,-0.2011,12.9921,1358,2985.22
135613,-6.2405,-0.0922,10.8433,1363,2985.22
135618,0.5076,2.8994,8.4898,1371,2985.07
135623,3.5338,3.4991,10.89,1365,2985.07
135628,-1.8591,-0.1341,12.9191,1356,2985.07
135633,-6.1746,-0.1185,10.9331,1367,2985.07
135638,0.3591,2.9305,8.4551,1369,2984.93
135643,3.5267,3.5901,10.89,1359,2984.93
135648,-1.7023,-0.0311,12.8688,1357,2984.93
135653,-6.1782,-0.1844,10.993,1369,2984.93
135658,0.2131,2.8551,8.4276,1354,2984.93
135663,3.5207,3.5901,10.829,1367,2984.93
135668,-1.5479,0.0,12.8688,1356,2984.93
135673,-6.1351,-0.2825,11.0516,1369,2984.93
135678,0.0898,2.8946,8.4515,1359,2984.93
135683,3.5075,3.6512,10.7871,1368,2984.93
135688,-1.2989,0.0311,12.8545,1355,2984.93
135693,-6.0669,-0.3867,11.1426,1373,2984.93
135698,-0.0395,2.8455,8.3977,1365,2985.22
135703,3.474,3.65,10.7404,1367,2985.22
135708,-1.0499,0.0958,12.791,1363,2985.22
135713,-6.049,-0.51,11.2228,1374,2985.22
135718,-0.2406,2.7952,8.3187,1365,2985.52
135723,3.4596,3.6703,10.72,1367,2985.52
135728,-0.8787,0.085,12.6845,1362,2985.52
135733,-5.9675,-0.5986,11.2659,1373,2985.52
135738,-0.4322,2.7198,8.2325,1369,2986.26
135743,3.4069,3.6679,10.6985,1367,2986.26
135748,-0.6847,0.1592,12.6773,1363,2986.26
135753,-5.9771,-0.7458,11.3689,1367,2986.26
135758,-0.6273,2.6839,8.3402,1369,2986.11
135763,3.2884,3.65,10.6997,1359,2986.11
135768,-0.5423,0.2191,12.6881,1363,2986.11
135773,-6.0202,-0.7326,11.3796,1363,2986.11
135778,-0.7841,2.721,8.2863,1369,2985.07
135783,3.2573,3.7146,10.7464,1361,2985.07
135788,-0.3819,0.2837,12.6617,1367,2985.07
135793,-5.9699,-0.8068,11.5173,1358,2985.07
135798,-1.0187,2.6683,8.3079,1369,2982.7
135803,3.1891,3.7302,10.6745,1353,2982.7
135808,-0.1676,0.3771,12.457,1363,2982.7
135813,-5.8826,-0.8859,11.6215,1362,2982.7
135818,-1.2582,2.6576,8.2947,1363,2981.37
135823,3.1544,3.7565,10.6781,1365,2981.37
135828,0.0227,0.4609,12.4343,1365,2981.37
135833,-5.7976,-0.9445,11.7974,1359,2981.37
135838,-1.5071,2.6181,8.3414,1369,2980.33
135843,3.1807,3.7936,10.6267,1367,2980.33
135848,0.395,0.5483,12.3625,1364,2980.33
135853,-5.6719,-1.0116,11.8465,1363,2980.33
135858,-1.7394,2.6085,8.3689,1367,2980.18
135863,3.1568,3.7769,10.5321,1365,2980.18
135868,0.7242,0.6404,12.3493,1361,2980.18
135873,-5.6503,-1.1109,11.8956,1363,2980.18
135878,-1.9932,2.5199,8.3474,1367,2979.44
135883,3.0706,3.7218,10.4926,1368,2979.44
135888,1.057,0.729,12.22,1359,2979.44
135893,-5.5402,-1.2103,11.9997,1359,2979.44
135898,-2.2494,2.4253,8.418,1367,2979.44
135903,3.055,3.7062,10.4878,1365,2979.44
135908,1.3384,0.826,12.1745,1358,2979.44
135913,-5.4708,-1.2869,12.1242,1359,2979.44
135918,-2.5414,2.3906,8.4563,1365,2979.0
135923,2.9856,3.6595,10.4483,1361,2979.0
135928,1.6017,0.9266,12.1314,1362,2979.0
135933,-5.4336,-1.3204,12.2499,1365,2979.0
135938,-2.8383,2.387,8.5138,1363,2980.18
135943,2.8671,3.6559,10.4028,1363,2980.18
135948,1.7849,1.0271,12.1111,1359,2980.18
135953,-5.3606,-1.3348,12.3744,1367,2980.18
135958,-3.0945,2.3308,8.5174,1364,2979.59
135963,2.806,3.6559,10.2879,1365,2979.59
135968,2.0387,1.1588,12.074,1363,2979.59
135973,-5.3558,-1.3635,12.5061,1369,2979.59
135978,-3.3471,2.3032,8.6395,1369,2980.18
135983,2.8036,3.62,10.2795,1358,2980.18
135988,2.2865,1.324,12.0285,1365,2980.18
135993,-5.2505,-1.3288,12.5564,1369,2980.18
135998,-3.5817,2.296,8.6634,1371,2979.74
136003,2.812,3.6739,10.1921,1362,2979.74
136008,2.5714,1.4246,11.9566,1366,2979.74
136013,-5.1439,-1.33,12.7024,1367,2979.74
136018,-3.8475,2.2194,8.6706,1368,2979.89
136023,2.8156,3.6164,10.1754,1358,2979.89
136028,2.8276,1.5,11.8573,1367,2979.89
136033,-4.9859,-1.3228,12.7922,1369,2979.89
136038,-4.0785,2.1416,8.6862,1373,2979.59
136043,2.7821,3.5937,10.058,1359,2979.59
136048,2.9916,1.64,11.819,1369,2979.59
136053,-4.9069,-1.312,12.8772,1362,2979.59
136058,-4.2952,1.9896,8.8645,1367,2980.63
136063,2.7294,3.547,9.973,1361,2980.63
136068,3.1987,1.7358,11.8274,1369,2980.63
136073,-4.8183,-1.391,12.9012,1358,2980.63
136078,-4.4999,1.9429,8.9627,1367,2980.03
136083,2.7426,3.5326,9.8928,1359,2980.03
136088,3.2932,1.8435,11.7304,1365,2980.03
136093,-4.7501,-1.3671,12.9993,1363,2980.03
136098,-4.7477,1.8914,8.9974,1364,2980.03
136103,2.6492,3.45,9.8785,1367,2979.89
136108,3.3962,2.0099,11.6334,1365,2979.89
136113,-4.6507,-1.2809,13.0592,1363,2979.89
136118,-4.9644,1.8196,9.1339,1363,2979.89
136123,2.5151,3.4405,9.8246,1368,2980.03
136128,3.4441,2.1021,11.5951,1361,2980.03
136133,-4.5562,-1.2258,13.1514,1359,2980.03
136138,-5.1463,1.7741,9.2249,1367,2980.03
136143,2.484,3.4369,9.7276,1365,2980.48
136148,3.5291,2.2302,11.5867,1364,2980.48
136153,-4.4688,-1.1552,13.2304,1363,2980.48
136158,-5.3211,1.7178,9.3841,1371,2980.48
136163,2.4445,3.4345,9.596,1359,2980.92
136168,3.6667,2.3966,11.5724,1367,2980.92
136173,-4.3359,-1.0594,13.1801,1359,2980.92
136178,-5.4312,1.6245,9.4499,1367,2980.92
136183,2.3571,3.377,9.5158,1359,2981.07
136188,3.7816,2.4756,11.4838,1365,2981.07
136193,-4.1671,-1.0139,13.2555,1357,2981.07
136198,-5.5569,1.5143,9.5014,1372,2981.07
136203,2.332,3.4093,9.4834,1358,2981.37
136208,3.8391,2.5606,11.3222,1363,2981.37
136213,-3.9636,-0.9469,13.2543,1358,2981.37
136218,-5.6731,1.3479,9.5792,1369,2981.37
136223,2.2122,3.3399,9.3793,1358,2981.51
136228,3.8834,2.5881,11.3198,1363,2981.51
136233,-3.8367,-0.8906,13.3189,1357,2981.51
136238,-5.776,1.2366,9.7049,1369,2981.51
136243,2.1703,3.2836,9.262,1358,2981.66
136248,3.8918,2.6743,11.2815,1359,2981.66
136253,-3.6871,-0.8739,13.2711,1364,2981.66
136258,-5.8622,1.1169,9.7923,1367,2981.66
136263,1.9968,3.2298,9.2596,1363,2981.81
136268,3.8451,2.7857,11.2396,1363,2981.81
136273,-3.5817,-0.8236,13.2651,1363,2981.81
136278,-5.9652,1.0403,9.8713,1362,2981.81
136283,1.8878,3.2346,9.1411,1362,2981.66
136288,3.8283,2.9377,11.2396,1358,2981.66
136293,-3.4764,-0.7362,13.3405,1363,2981.66
136298,-6.0346,0.9864,10.0568,1362,2981.66
136303,1.7825,3.2346,9.0668,1356,2981.37
136308,3.7577,2.9784,11.1809,1367,2981.37
136313,-3.3603,-0.6488,13.3154,1357,2981.37
136318,-6.0645,0.905,10.0556,1363,2981.37
136323,1.6676,3.2082,8.9914,1361,2981.22
136328,3.784,3.0849,11.1294,1373,2981.22
136333,-3.1723,-0.5543,13.3022,1355,2981.22
136338,-6.0992,0.7673,10.2125,1365,2981.22
136343,1.5634,3.1807,8.916,1358,2981.22
136348,3.7697,3.1675,11.0899,1383,2981.22
136353,-3.0227,-0.5219,13.1813,1356,2981.22
136358,-6.098,0.5986,10.2831,1364,2981.22
136363,1.4186,3.1496,8.7927,1363,2981.51
136368,3.7852,3.2681,11.0397,1370,2981.51
136373,-2.7952,-0.4573,13.1454,1355,2981.51
136378,-6.1507,0.5243,10.3896,1363,2981.51
136383,1.2845,3.0718,8.7424,1368,2981.37
136388,3.7864,3.2513,10.9798,1367,2981.37
136393,-2.5917,-0.3855,13.1322,1359,2981.37
136398,-6.1351,0.3627,10.4543,1363,2981.37
136403,1.1025,3.0861,8.7245,1367,2981.37
136408,3.7014,3.2825,10.8804,1368,2981.37
136413,-2.3727,-0.3244,13.1071,1356,2981.37
136418,-6.1208,0.1448,10.5572,1369,2981.37
136423,0.9673,2.9832,8.5928,1369,2981.37
136428,3.6105,3.3567,10.8804,1363,2981.37
136433,-2.229,-0.2849,13.1059,1353,2981.37
136438,-6.1579,0.0323,10.6566,1365,2981.37
136443,0.7266,2.9652,8.5569,1367,2981.37
136448,3.5829,3.4357,10.914,1365,2981.37
136453,-2.1308,-0.2059,12.9419,1355,2981.37
136458,-6.1112,-0.0431,10.7715,1367,2981.37
136463,0.5459,2.9054,8.503,1367,2981.37
136468,3.5171,3.5267,10.8649,1366,2981.37
136473,-1.913,-0.1508,12.9694,1357,2981.37
136478,-6.1842,-0.158,10.8828,1369,2981.37
136483,0.3627,2.9137,8.521,1359,2981.37
136488,3.48,3.5745,10.7536,1369,2981.37
136493,-1.6855,-0.0982,12.9227,1358,2981.37
136498,-6.1256,-0.1999,11.0337,1367,2981.37
136503,0.1856,2.8587,8.4647,1361,2981.22
136508,3.4656,3.6212,10.7392,1369,2981.22
136513,-1.4593,0.0251,12.9095,1358,2981.22
136518,-6.116,-0.3412,11.0672,1369,2981.22
136523,-0.0263,2.8778,8.406,1335,2981.37
136528,3.4333,3.638,10.7284,1369,2981.37
136533,-1.1588,0.0192,12.7755,1362,2981.37
136538,-6.0442,-0.4525,11.1845,1368,2981.37
136543,-0.2406,2.7928,8.3282,1369,2981.51
136548,3.4153,3.632,10.7093,1366,2981.51
136553,-0.9876,0.1006,12.73,1369,2981.51
136558,-5.9652,-0.559,11.2755,1359,2981.51
136563,-0.4537,2.7833,8.3546,1365,2981.66
136568,3.371,3.6715,10.6805,1365,2981.66
136573,-0.668,0.1724,12.6055,1365,2981.66
136578,-5.952,-0.7195,11.4024,1363,2981.66
136583,-0.6907,2.7007,8.2827,1368,2981.81
136588,3.2896,3.6787,10.635,1367,2981.81
136593,-0.4214,0.2753,12.6641,1366,2981.81
136598,-5.9197,-0.7602,11.4515,1365,2981.81
136603,-0.9313,2.6827,8.3785,1364,2981.81
136608,3.1951,3.6703,10.586,1367,2981.81
136613,-0.1939,0.2717,12.572,1363,2981.81
136618,-5.8598,-0.9206,11.5664,1357,2981.81
136623,-1.1768,2.6588,8.3438,1365,2981.66
136628,3.1484,3.717,10.5931,1369,2981.66
136633,0.1077,0.4573,12.6055,1363,2981.66
136638,-5.855,-0.9732,11.6478,1363,2981.66
136643,-1.3874,2.6384,8.3103,1368,2981.37
136648,3.1173,3.7517,10.5656,1369,2981.37
136653,0.3065,0.4776,12.4786,1354,2981.37
136658,-5.8,-1.0283,11.8537,1364,2981.37
136663,-1.6424,2.6001,8.3474,1366,2982.11
136668,3.0646,3.784,10.5082,1367,2982.11
136673,0.5926,0.5997,12.4355,1363,2982.11
136678,-5.7114,-1.1025,11.8812,1363,2982.11
136683,-1.9201,2.5762,8.3701,1367,2981.81
136688,3.067,3.7745,10.4914,1367,2981.81
136693,0.9014,0.6943,12.3684,1359,2981.81
136698,-5.6982,-1.1265,12.0069,1364,2981.81
136703,-2.1632,2.5175,8.3905,1369,2981.81
136708,3.1029,3.7481,10.4567,1363,2981.81
136713,1.1492,0.7446,12.3074,1362,2981.81
136718,-5.5677,-1.2091,12.0536,1363,2981.81
136723,-2.3415,2.4624,8.4168,1369,2982.11
136728,3.0406,3.7302,10.4854,1357,2982.11
136733,1.391,0.8631,12.2799,1362,2982.11
136738,-5.515,-1.2749,12.1913,1363,2982.11
136743,-2.6061,2.4002,8.4156,1367,2981.81
136748,3.0406,3.7038,10.3693,1362,2981.81
136753,1.652,0.9349,12.1494,1359,2981.81
136758,-5.4731,-1.2989,12.2763,1371,2981.81
136763,-2.8407,2.3355,8.5138,1369,2981.81
136768,2.958,3.644,10.3154,1367,2981.81
136773,1.8531,1.0127,12.0979,1363,2981.81
136778,-5.4169,-1.3312,12.4008,1369,2981.81
136783,-3.1065,2.2901,8.576,1369,2981.66
136788,2.8898,3.644,10.2675,1363,2981.66
136793,2.1344,1.1504,12.0919,1365,2981.66
136798,-5.3606,-1.3132,12.4762,1374,2981.66
136803,-3.3339,2.3272,8.6455,1358,2981.37
136808,2.8311,3.614,10.2508,1365,2981.37
136813,2.314,1.2797,12.0823,1363,2981.37
136818,-5.3295,-1.3707,12.548,1369,2981.37
136823,-3.5446,2.2853,8.6407,1373,2982.11
136828,2.8,3.5674,10.1873,1359,2982.11
136833,2.563,1.4162,12.0237,1367,2982.11
136838,-5.2074,-1.3396,12.6953,1365,2982.11
136843,-3.8152,2.2553,8.7137,1365,2981.81
136848,2.806,3.6416,10.1837,1363,2981.81
136853,2.7366,1.4353,11.9255,1371,2981.81
136858,-5.1451,-1.3563,12.7635,1358,2981.81
136863,-3.9923,2.1656,8.7807,1367,2981.81
136868,2.7809,3.5865,10.0856,1355,2981.81
136873,2.9401,1.5957,11.904,1370,2981.81
136878,-5.0254,-1.3048,12.8317,1362,2981.81
136883,-4.1958,2.1069,8.8226,1363,2981.81
136888,2.788,3.5446,9.9922,1358,2981.81
136893,3.1316,1.7142,11.8908,1371,2981.81
136898,-4.8758,-1.3048,12.9024,1363,2981.81
136903,-4.4221,2.0746,8.9088,1364,2981.81
136908,2.739,3.5075,9.9539,1365,2981.81
136913,3.2358,1.7645,11.8381,1365,2981.81
136918,-4.8207,-1.3324,12.9323,1359,2981.81
136923,-4.616,1.9716,8.928,1365,2981.81
136928,2.6755,3.4895,9.8342,1366,2981.81
136933,3.3639,1.9178,11.795,1367,2981.81
136938,-4.719,-1.2761,13.0077,1367,2981.81
136943,-4.8135,1.9201,9.0202,1363,2981.81
136948,2.6659,3.4931,9.8354,1357,2981.96
136953,3.4321,2.0111,11.7328,1364,2981.96
136958,-4.6507,-1.2462,13.0951,1364,2981.96
136963,-4.9835,1.7968,9.1123,1365,2981.96
136968,2.6121,3.4716,9.7324,1363,2982.11
136973,3.5159,2.1249,11.5808,1365,2982.11
136978,-4.5717,-1.1935,13.1095,1357,2982.11
136983,-5.1559,1.7226,9.2201,1375,2982.11
136988,2.5067,3.4046,9.6163,1364,2982.26
136993,3.5733,2.235,11.6598,1369,2982.26
136998,-4.4436,-1.1516,13.1214,1352,2982.26
137003,-5.3163,1.6987,9.3565,1371,2982.26
137008,2.4469,3.3914,9.6067,1363,2982.7
137013,3.7122,2.3499,11.5843,1357,2982.7
137018,-4.3551,-1.0846,13.1968,1356,2982.7
137023,-5.4217,1.5814,9.4164,1371,2982.7
137028,2.4074,3.3734,9.5301,1363,2982.7
137033,3.7721,2.4289,11.4814,1363,2982.7
137038,-4.227,-1.0032,13.2986,1363,2982.7
137043,-5.5737,1.5239,9.481,1367,2982.7
137048,2.2865,3.4022,9.4379,1357,2982.7
137053,3.79,2.5319,11.3856,1359,2982.7
137058,-4.0642,-0.9254,13.2603,1362,2982.7
137063,-5.6886,1.4269,9.572,1368,2982.7
137068,2.2817,3.3315,9.3853,1355,2982.85
137073,3.8583,2.63,11.3844,1359,2982.85
137078,-3.9744,-0.8966,13.2627,1365,2982.85
137083,-5.7533,1.3084,9.6702,1365,2982.85
137088,2.1727,3.3088,9.2715,1363,2982.85
137093,3.8954,2.7007,11.3365,1358,2982.85
137098,-3.8032,-0.838,13.2579,1363,2982.85
137103,-5.8454,1.251,9.7719,1362,2982.85
137108,2.0997,3.2513,9.1758,1357,2982.85
137113,3.9229,2.7246,11.3318,1363,2982.85
137118,-3.6643,-0.8332,13.2675,1363,2982.85
137123,-5.9771,1.1408,9.8306,1359,2982.85
137128,2.0075,3.2477,9.1698,1365,2982.85
137133,3.8942,2.8192,11.2396,1367,2982.85
137138,-3.4955,-0.7721,13.3225,1359,2982.85
137143,-5.9879,0.9936,9.8928,1365,2982.85
