timestamp_ms,ax,ay,az,acs_adc,rpm
17714,-2.9784,0.0515,11.9064,1395,2774.31
17719,-3.863,0.2526,10.9259,1399,2774.31
17724,0.1041,2.6851,9.8964,1402,2774.44
17729,1.9489,3.5099,10.3872,1402,2774.44
17734,-1.8411,0.9002,11.6454,1401,2774.44
17739,-3.6081,-0.8511,11.4275,1405,2774.44
17744,-1.719,2.0758,9.8521,1408,2774.18
17749,1.5802,3.2561,10.5153,1406,2774.18
17754,1.1432,1.9716,11.2432,1408,2774.18
17759,-3.1113,-0.9996,11.8262,1402,2774.18
17764,-3.2178,1.3024,10.2017,1401,2774.18
17769,1.1935,3.0011,10.2831,1401,2774.69
17774,2.2553,2.9712,10.7081,1403,2774.69
17779,-2.9233,-0.0682,11.9387,1395,2774.69
17784,-3.8786,0.2825,10.8745,1406,2774.69
17789,0.2298,2.7054,9.9659,1403,2776.49
17794,1.9345,3.468,10.4148,1415,2776.49
17799,-2.1332,0.8715,11.6657,1399,2776.49
17804,-3.6955,-0.7075,11.4455,1416,2776.49
17809,-1.5694,2.1751,9.7731,1406,2776.49
17814,1.6747,3.3387,10.477,1399,2776.49
17819,0.9337,1.8328,11.2791,1407,2776.49
17824,-3.1005,-1.087,11.8094,1400,2776.49
17829,-3.0897,1.3731,10.0796,1401,2776.49
17834,1.2773,2.9544,10.2831,1397,2777.14
17839,2.2613,2.7976,10.7667,1404,2777.14
17844,-2.9904,-0.2634,11.9471,1395,2777.14
17849,-3.8738,0.4274,10.7607,1407,2777.14
17854,0.3831,2.7821,10.0568,1402,2776.62
17859,1.9824,3.5015,10.4483,1406,2776.62
17864,-2.4074,0.7805,11.7268,1397,2776.62
17869,-3.7278,-0.5279,11.4108,1407,2776.62
17874,-1.2917,2.2182,9.7803,1405,2776.24
17879,1.7071,3.3962,10.4399,1397,2776.24
17884,0.6009,1.646,11.2372,1397,2776.24
17889,-3.1699,-1.1768,11.7711,1403,2776.24
17894,-2.9616,1.3946,10.0928,1406,2776.24
17899,1.2833,3.0167,10.4052,1399,2776.62
17904,2.241,2.7964,10.7763,1405,2776.62
17909,-3.0167,-0.3472,12.0009,1395,2776.62
17914,-3.8116,0.6129,10.726,1417,2776.62
17919,0.5531,2.7892,10.0126,1403,2777.39
17924,2.0782,3.4967,10.4196,1406,2777.39
17929,-2.563,0.6752,11.8178,1397,2777.39
17934,-3.7194,-0.5052,11.2468,1401,2777.39
17939,-1.0391,2.2936,9.7947,1399,2777.14
17944,1.7166,3.3734,10.4028,1396,2777.14
17949,0.2179,1.5227,11.3306,1405,2777.14
17954,-3.2346,-1.1444,11.71,1397,2777.14
17959,-2.8264,1.5933,10.0245,1413,2777.14
17964,1.4114,3.0921,10.4447,1399,2776.75
17969,2.1739,2.6516,10.9068,1407,2776.75
17974,-2.9521,-0.425,11.971,1400,2776.75
17979,-3.7601,0.6943,10.5908,1421,2776.75
17984,0.662,2.8383,10.0628,1405,2775.98
17989,2.0746,3.389,10.4746,1401,2775.98
17994,-2.7222,0.4956,11.8465,1397,2775.98
17999,-3.8391,-0.4405,11.2767,1399,2775.98
18004,-0.8583,2.3858,9.8067,1405,2775.85
18009,1.6963,3.4907,10.4615,1397,2775.85
18014,-0.2191,1.4521,11.3976,1418,2775.85
18019,-3.3088,-1.0894,11.7088,1400,2775.85
18024,-2.642,1.6723,9.9563,1415,2775.85
18029,1.4437,3.1017,10.4722,1401,2775.59
18034,2.0889,2.5127,10.9547,1405,2775.59
18039,-2.885,-0.6177,11.9303,1399,2775.59
18044,-3.7014,0.7482,10.5093,1401,2775.59
18049,0.7266,2.8276,10.143,1405,2775.72
18054,2.0985,3.3459,10.4507,1401,2775.72
18059,-2.8503,0.4549,11.8585,1401,2775.72
18064,-3.9145,-0.2646,11.2252,1400,2775.72
18069,-0.7159,2.5402,9.9204,1405,2776.49
18074,1.8016,3.5255,10.4435,1401,2776.49
18079,-0.5722,1.3635,11.4527,1417,2776.49
18084,-3.2908,-1.0714,11.6969,1401,2776.49
18089,-2.4888,1.731,9.9347,1407,2776.49
18094,1.4736,3.0718,10.4495,1396,2776.11
18099,1.9848,2.3786,10.9786,1400,2776.11
18104,-2.9616,-0.7757,11.9794,1399,2776.11
18109,-3.6416,0.8847,10.4495,1401,2776.11
18114,0.8631,2.9149,10.2077,1399,2776.36
18119,2.1344,3.2693,10.5357,1403,2776.36
18124,-2.9185,0.4022,11.91,1399,2776.36
18129,-3.8846,-0.0299,11.0588,1401,2776.36
18134,-0.4465,2.5726,9.833,1401,2775.72
18139,1.7992,3.5219,10.4076,1413,2775.72
18144,-0.8727,1.2175,11.4263,1415,2775.72
18149,-3.3662,-1.069,11.5975,1399,2775.72
18154,-2.3272,1.7693,9.8701,1403,2775.72
18159,1.4497,3.1125,10.4926,1397,2775.34
18164,1.7933,2.2948,11.0002,1400,2775.34
18169,-3.0131,-0.8128,11.9997,1397,2775.34
18174,-3.5674,1.0271,10.4567,1401,2775.34
18179,0.9577,2.9664,10.2412,1405,2775.72
18184,2.1775,3.2214,10.5082,1405,2775.72
18189,-2.1715,0.7961,11.6705,1407,2775.72
18194,-3.808,-0.0335,11.0768,1401,2775.72
18199,-1.4269,2.2075,9.8294,1404,2777.39
18204,1.6281,3.3339,10.4351,1404,2777.39
18209,0.6907,1.7957,11.3078,1403,2777.39
18214,-3.201,-1.0965,11.8525,1395,2777.39
18219,-3.0993,1.4497,10.0748,1399,2777.39
18224,1.3024,3.0897,10.3693,1401,2779.32
18229,2.2757,2.7569,10.7476,1399,2779.32
18234,-2.9473,-0.2825,12.0105,1403,2779.32
18239,-3.8128,0.5064,10.7296,1405,2779.32
18244,0.4597,2.788,10.0473,1406,2779.71
18249,2.0063,3.3698,10.4004,1405,2779.71
18254,-2.5379,0.6764,11.789,1403,2779.71
18259,-3.8463,-0.5291,11.3557,1405,2779.71
18264,-1.2007,2.3284,9.821,1403,2778.42
18269,1.6951,3.4943,10.4028,1399,2778.42
18274,0.2837,1.5933,11.3401,1403,2778.42
18279,-3.1843,-1.1241,11.7974,1405,2778.42
18284,-2.8335,1.5251,10.0137,1400,2778.42
18289,1.3862,3.067,10.4351,1402,2776.24
18294,2.2206,2.5929,10.823,1400,2776.24
18299,-2.8431,-0.4836,11.9806,1402,2776.24
18304,-3.7733,0.6273,10.5728,1405,2776.24
18309,0.6177,2.8539,10.1478,1408,2775.34
18314,2.0159,3.4261,10.483,1407,2775.34
18319,-2.7114,0.6333,11.8597,1397,2775.34
18324,-3.7876,-0.3412,11.2492,1399,2775.34
18329,-0.9421,2.4517,9.8677,1403,2774.57
18334,1.7992,3.4488,10.4279,1403,2774.57
18339,-0.0563,1.4724,11.3617,1400,2774.57
18344,-3.237,-1.2115,11.6849,1413,2774.57
18349,-2.6731,1.573,9.9539,1391,2774.44
18354,1.3527,3.0227,10.4878,1404,2774.44
18359,2.0997,2.5426,10.9152,1405,2774.44
18364,-2.9556,-0.6021,12.0201,1400,2774.44
18369,-3.7014,0.7889,10.5297,1399,2774.44
18374,0.7626,2.9042,10.173,1405,2774.57
18379,2.0865,3.3722,10.3908,1401,2774.57
18384,-2.7761,0.5112,11.8465,1391,2774.57
18389,-3.7697,-0.3304,11.1977,1401,2774.57
18394,-0.7219,2.4361,9.8378,1403,2774.82
18399,1.6975,3.4429,10.4136,1406,2774.82
18404,-0.3508,1.3946,11.4419,1401,2774.82
18409,-3.3172,-1.1756,11.6274,1415,2774.82
18414,-2.5438,1.6759,9.9216,1413,2774.82
18419,1.3874,3.1005,10.4363,1403,2774.82
18424,2.0075,2.5091,10.9451,1408,2774.82
18429,-2.9078,-0.589,11.9602,1399,2774.82
18434,-3.6033,0.8535,10.5249,1401,2774.82
18439,0.8092,2.8407,10.161,1399,2775.21
18444,2.1452,3.2884,10.386,1400,2775.21
18449,-2.8371,0.4477,11.8896,1395,2775.21
18454,-3.8235,-0.255,11.163,1403,2775.21
18459,-0.6297,2.4804,9.9168,1401,2775.46
18464,1.737,3.4979,10.4088,1407,2775.46
18469,-0.7386,1.3276,11.4994,1397,2775.46
18474,-3.3651,-1.0582,11.6382,1414,2775.46
18479,-2.3846,1.8232,9.9311,1405,2775.08
18484,1.4629,3.1771,10.4627,1399,2775.08
18489,1.992,2.3798,10.9547,1415,2775.08
18494,-2.8742,-0.7566,11.9938,1399,2775.08
18499,-3.5255,0.8511,10.3825,1401,2775.08
18504,0.8559,2.8491,10.2532,1399,2774.95
18509,2.1249,3.2046,10.5189,1405,2774.95
18514,-2.9281,0.3376,11.9124,1391,2774.95
18519,-3.9049,-0.0766,11.1163,1407,2774.95
18524,-0.4058,2.5762,9.9347,1403,2775.08
18529,1.7968,3.5446,10.386,1407,2775.08
18534,-1.0738,1.2737,11.5401,1399,2775.08
18539,-3.4225,-1.0211,11.6215,1415,2775.08
18544,-2.223,1.828,9.8833,1415,2774.57
18549,1.494,3.1651,10.4435,1397,2774.57
18554,1.8064,2.2158,11.0049,1405,2774.57
18559,-2.9449,-0.899,11.9279,1397,2774.57
18564,-3.4979,0.9732,10.3645,1404,2774.57
18569,0.9948,2.879,10.2627,1397,2774.69
18574,2.1105,3.2166,10.5237,1407,2774.69
18579,-2.9916,0.2873,11.9614,1389,2774.69
18584,-3.8595,0.0898,11.0696,1405,2774.69
18589,-0.249,2.6624,9.9,1404,2774.69
18594,1.8543,3.5422,10.3346,1407,2774.69
18599,-1.2258,1.1289,11.5269,1399,2774.69
18604,-3.3974,-1.0379,11.5089,1403,2774.69
18609,-2.0506,1.8579,9.8701,1405,2773.67
18614,1.4545,3.1256,10.5022,1397,2773.67
18619,1.5933,2.1871,11.0852,1414,2773.67
18624,-3.0777,-0.9242,11.9219,1398,2773.67
18629,-3.4548,1.1408,10.3214,1413,2773.67
18634,1.0463,2.9604,10.2891,1406,2773.67
18639,2.2075,3.134,10.5189,1407,2773.67
18644,-2.9796,0.1832,11.9303,1397,2773.67
18649,-3.8343,0.0742,10.969,1415,2773.67
18654,-0.1257,2.6217,9.9575,1400,2773.16
18659,1.8352,3.474,10.3477,1400,2773.16
18664,-1.4856,1.0846,11.6179,1398,2773.16
18669,-3.535,-0.978,11.5017,1401,2773.16
18674,-1.9345,1.992,9.9012,1400,2772.9
18679,1.5036,3.2741,10.4471,1397,2772.9
18684,1.5,2.132,11.133,1404,2772.9
18689,-3.0275,-0.9086,11.8609,1395,2772.9
18694,-3.3279,1.1791,10.2915,1414,2772.9
18699,1.1109,2.9281,10.307,1397,2773.03
18704,2.2314,3.0622,10.5405,1407,2773.03
18709,-2.9808,0.079,11.9722,1398,2773.03
18714,-3.8571,0.0934,10.9212,1407,2773.03
18719,-0.0515,2.6576,10.0126,1405,2773.41
18724,1.7968,3.5255,10.3681,1401,2773.41
18729,-1.731,1.0427,11.6873,1395,2773.41
18734,-3.5901,-0.8356,11.4694,1401,2773.41
18739,-1.8375,2.0698,9.8881,1401,2773.67
18744,1.5874,3.3148,10.4399,1396,2773.67
18749,1.4281,2.0518,11.1582,1413,2773.67
18754,-2.9868,-1.0654,11.8573,1396,2773.67
18759,-3.2729,1.2103,10.2304,1415,2773.67
18764,1.1205,2.9245,10.3394,1399,2773.67
18769,2.2134,2.9975,10.5836,1405,2773.67
18774,-2.9987,-0.0072,11.9578,1402,2773.67
18779,-3.863,0.2993,10.8984,1403,2773.67
18784,0.1149,2.7497,10.0497,1401,2773.67
18789,1.8974,3.6129,10.3513,1401,2773.67
18794,-1.8926,0.9804,11.6634,1395,2773.67
18799,-3.5446,-0.8056,11.4479,1401,2773.67
18804,-1.658,2.0626,9.8282,1403,2773.8
18809,1.5754,3.2346,10.4339,1398,2773.8
18814,1.1672,1.8866,11.2504,1416,2773.8
18819,-3.0526,-1.1133,11.8333,1402,2773.8
18824,-3.2477,1.2749,10.2759,1419,2773.8
18829,1.1349,2.9544,10.3274,1397,2773.8
18834,2.2122,3.0035,10.6734,1405,2773.8
18839,-3.0107,-0.0371,11.9985,1399,2773.8
18844,-3.8199,0.3962,10.8266,1401,2773.8
18849,0.2298,2.7414,9.9862,1400,2773.8
18854,1.9716,3.4955,10.3777,1399,2773.8
18859,-2.0686,0.8775,11.6777,1397,2773.8
18864,-3.6057,-0.8368,11.3784,1397,2773.8
18869,-1.5598,2.1787,9.8222,1405,2773.67
18874,1.5526,3.298,10.4399,1405,2773.67
18879,0.9158,1.901,11.3066,1416,2773.67
18884,-3.1137,-1.0499,11.8022,1401,2773.67
18889,-3.1352,1.3827,10.1634,1417,2773.67
18894,1.2151,2.9688,10.3753,1399,2773.67
18899,2.2505,2.9006,10.6997,1399,2773.67
18904,-2.9281,-0.1628,11.9818,1399,2773.67
18909,-3.7852,0.3843,10.7883,1403,2773.67
18914,0.2969,2.7366,10.058,1395,2773.8
18919,1.883,3.4548,10.3346,1400,2773.8
18924,-2.2314,0.8068,11.7591,1406,2773.8
18929,-3.717,-0.6883,11.3665,1397,2773.8
18934,-1.4688,2.2505,9.8773,1405,2773.67
18939,1.6173,3.3974,10.4004,1401,2773.67
18944,0.8224,1.828,11.3282,1415,2773.67
18949,-3.1232,-1.0678,11.7747,1403,2773.67
18954,-2.9892,1.4126,10.0808,1405,2773.67
18959,1.2665,2.9449,10.3406,1397,2773.8
18964,2.2254,2.7845,10.7428,1399,2773.8
18969,-2.9736,-0.2957,11.9854,1391,2773.8
18974,-3.8607,0.4489,10.7524,1403,2773.8
18979,0.3555,2.7569,10.0592,1403,2774.69
18984,1.9848,3.5362,10.3573,1401,2774.69
18989,-2.4565,0.8392,11.7914,1403,2774.69
18994,-3.717,-0.5363,11.3569,1404,2774.69
18999,-1.2665,2.2685,9.9276,1403,2777.65
19004,1.7298,3.4393,10.4208,1403,2777.65
19009,0.4968,1.6592,11.3306,1403,2777.65
19014,-3.1963,-1.2246,11.7651,1397,2777.65
19019,-2.9401,1.4545,9.9778,1403,2777.65
19024,1.3204,2.9784,10.3813,1395,2777.52
19029,2.1608,2.7066,10.8062,1402,2777.52
19034,-2.9904,-0.3484,12.0141,1399,2777.52
19039,-3.8056,0.68,10.6506,1401,2777.52
19044,0.5842,2.8706,10.1059,1407,2775.98
19049,2.0758,3.4872,10.3669,1413,2775.98
19054,-2.5941,0.6488,11.801,1405,2775.98
19059,-3.7505,-0.4322,11.2683,1404,2775.98
19064,-0.9984,2.3212,9.8785,1401,2775.98
19069,1.6879,3.389,10.398,1405,2775.98
19074,0.1173,1.579,11.3749,1405,2775.98
19079,-3.31,-1.1803,11.7053,1396,2775.98
19084,-2.7833,1.6029,10.0784,1399,2775.98
19089,1.3719,3.0442,10.3825,1403,2777.52
19094,2.0806,2.6659,10.8709,1399,2777.52
19099,-2.9939,-0.4932,12.0129,1399,2777.52
19104,-3.7242,0.7266,10.6159,1403,2777.52
19109,0.6823,2.8742,10.1215,1415,2778.16
19114,2.0865,3.3291,10.4244,1403,2778.16
19119,-2.7126,0.504,11.8525,1399,2778.16
19124,-3.869,-0.346,11.1725,1401,2778.16
19129,-0.7482,2.4888,9.8031,1427,2778.94
19134,1.7334,3.4237,10.4399,1401,2778.94
19139,-0.3651,1.4246,11.4634,1405,2778.94
19144,-3.4141,-1.0846,11.6729,1405,2778.94
19149,-2.5654,1.7346,9.9323,1427,2778.94
19154,1.4449,3.1556,10.4076,1406,2778.94
19159,2.0734,2.4792,10.9619,1407,2778.94
19164,-2.9401,-0.6752,11.9315,1401,2778.94
19169,-3.62,0.8068,10.4279,1401,2778.94
19174,0.8727,2.8156,10.1634,1401,2782.42
19179,2.156,3.2549,10.5129,1403,2782.42
19184,-2.8874,0.31,11.9363,1397,2782.42
19189,-3.9421,-0.1724,11.1235,1401,2782.42
19194,-0.4561,2.5977,9.9276,1399,2780.22
19199,1.8076,3.5458,10.4016,1404,2780.22
19204,-0.8667,1.2797,11.5436,1398,2780.22
19209,-3.45,-1.0331,11.582,1407,2780.22
19214,-2.2793,1.8579,9.8186,1407,2778.16
19219,1.5083,3.146,10.4148,1400,2778.16
19224,1.8471,2.2661,11.066,1415,2778.16
19229,-2.9556,-0.8679,11.9519,1399,2778.16
19234,-3.4991,1.0092,10.3298,1401,2778.16
19239,0.9816,2.903,10.2244,1397,2776.49
19244,2.1368,3.2214,10.5261,1406,2776.49
19249,-2.9916,0.2143,11.9722,1391,2776.49
19254,-3.8942,0.0646,11.0768,1415,2776.49
19259,-0.2083,2.6396,9.924,1405,2776.88
19264,1.8423,3.5853,10.3633,1407,2776.88
19269,-1.2929,1.1863,11.5831,1395,2776.88
19274,-3.5099,-0.9673,11.5484,1407,2776.88
19279,-2.0482,1.889,9.8653,1415,2779.97
19284,1.5239,3.1903,10.4303,1398,2779.97
19289,1.5706,2.1895,11.0899,1399,2779.97
19294,-3.1448,-0.9912,11.9351,1395,2779.97
19299,-3.4369,1.142,10.3274,1407,2779.97
19304,1.1073,2.9592,10.325,1396,2781.38
19309,2.2446,3.1615,10.6195,1407,2781.38
19314,-2.9413,0.067,12.0081,1397,2781.38
19319,-3.9061,0.2107,10.8972,1414,2781.38
19324,0.079,2.6767,9.9204,1405,2782.67
19329,1.9453,3.4884,10.3513,1401,2782.67
19334,-1.8088,0.9493,11.6215,1397,2782.67
19339,-3.6512,-0.8775,11.4503,1399,2782.67
19344,-1.7202,2.0782,9.833,1395,2782.54
19349,1.6029,3.3004,10.4208,1399,2782.54
19354,1.1732,1.9764,11.2408,1415,2782.54
19359,-3.1843,-1.0187,11.8238,1387,2782.54
19364,-3.2082,1.312,10.2244,1415,2782.54
19369,1.2366,2.9676,10.2939,1400,2782.29
19374,2.2889,2.9161,10.6722,1401,2782.29
19379,-2.9401,-0.1927,12.0189,1400,2782.29
19384,-3.887,0.3531,10.726,1401,2782.29
19389,0.3112,2.7785,10.0473,1397,2783.06
19394,1.9537,3.5003,10.4028,1399,2783.06
19399,-2.314,0.7673,11.7783,1400,2783.06
19404,-3.7936,-0.6345,11.3892,1401,2783.06
19409,-1.3599,2.2841,9.7887,1404,2785.0
19414,1.7131,3.4393,10.422,1402,2785.0
19419,0.5902,1.6867,11.315,1414,2785.0
19424,-3.2358,-1.1384,11.8309,1400,2785.0
19429,-2.9449,1.4617,9.9742,1402,2785.0
19434,1.3803,3.0095,10.4136,1396,2785.26
19439,2.2685,2.7043,10.8721,1399,2785.26
19444,-2.9604,-0.4705,12.0177,1395,2785.26
19449,-3.8439,0.6069,10.568,1405,2785.26
19454,0.6297,2.8072,10.1227,1407,2785.52
19459,2.1249,3.4836,10.4124,1397,2785.52
19464,-2.7031,0.6045,11.8824,1405,2785.52
19469,-3.9061,-0.3124,11.212,1403,2785.52
19474,-0.838,2.4038,9.8509,1404,2785.9
19479,1.8244,3.5135,10.422,1399,2785.9
19484,-0.2622,1.4234,11.4191,1399,2785.9
19489,-3.3447,-1.1875,11.7244,1407,2785.9
19494,-2.6169,1.64,9.9323,1401,2785.9
19499,1.4054,3.0011,10.4399,1400,2785.52
19504,2.0171,2.4648,10.9547,1403,2785.52
19509,-3.0239,-0.7266,12.044,1403,2785.52
19514,-3.6943,0.8679,10.4579,1403,2785.52
19519,0.929,2.9113,10.1718,1401,2785.64
19524,2.2482,3.3327,10.4339,1401,2785.64
19529,-2.8862,0.3783,11.9435,1395,2785.64
19534,-3.9253,-0.0658,11.0564,1404,2785.64
19539,-0.3496,2.5211,9.7947,1398,2785.9
19544,1.9213,3.4907,10.4196,1403,2785.9
19549,-1.0391,1.2151,11.5053,1399,2785.9
19554,-3.5135,-1.0199,11.6179,1419,2785.9
19559,-2.1536,1.8531,9.8521,1406,2785.9
19564,1.5083,3.2142,10.4196,1392,2785.9
19569,1.6831,2.2625,11.0684,1405,2785.9
19574,-3.1448,-0.9146,12.0237,1397,2785.9
19579,-3.4848,1.1289,10.2867,1405,2785.9
19584,1.1193,2.9473,10.2963,1396,2786.94
19589,2.2709,3.1352,10.5572,1404,2786.94
19594,-2.9904,0.1018,12.044,1396,2786.94
19599,-3.9516,0.1437,10.8996,1415,2786.94
19604,0.0419,2.6707,9.9168,1403,2786.81
19609,1.9213,3.5314,10.3549,1405,2786.81
19614,-1.804,0.9385,11.6873,1403,2786.81
19619,-3.7278,-0.8535,11.467,1399,2786.81
19624,-1.6987,2.1105,9.8641,1404,2785.9
19629,1.6424,3.3243,10.4591,1391,2785.9
19634,1.136,1.8938,11.3042,1415,2785.9
19639,-3.1256,-1.0726,11.8489,1397,2785.9
19644,-3.1999,1.3707,10.0987,1433,2785.9
19649,1.2701,2.9377,10.3418,1400,2784.61
19654,2.2984,2.8635,10.7583,1403,2784.61
19659,-2.9341,-0.2119,11.9818,1399,2784.61
19664,-3.9049,0.4226,10.7488,1403,2784.61
19669,0.3831,2.7485,9.973,1397,2782.42
19674,1.9896,3.535,10.4124,1402,2782.42
19679,-2.3475,0.8164,11.7412,1400,2782.42
19684,-3.7924,-0.6117,11.3904,1399,2782.42
19689,-1.2869,2.2721,9.8222,1401,2782.29
19694,1.6951,3.3842,10.3944,1399,2782.29
19699,0.4908,1.6723,11.2851,1413,2782.29
19704,-3.2298,-1.1672,11.7879,1402,2782.29
19709,-2.9054,1.4389,9.9826,1403,2782.29
19714,1.2929,2.9772,10.4004,1395,2783.19
19719,2.2039,2.6971,10.7919,1399,2783.19
19724,-2.9604,-0.4741,12.0177,1398,2783.19
19729,-3.808,0.6692,10.6183,1401,2783.19
19734,0.6584,2.812,10.0724,1403,2783.06
19739,2.1213,3.4644,10.3872,1405,2783.06
19744,-2.6552,0.6309,11.8585,1401,2783.06
19749,-3.8056,-0.3316,11.248,1397,2783.06
19754,-0.8811,2.3511,9.8186,1401,2782.03
19759,1.7538,3.45,10.4256,1401,2782.03
19764,-0.17,1.4593,11.4287,1399,2782.03
19769,-3.3411,-1.1815,11.7352,1385,2782.03
19774,-2.624,1.6293,9.9778,1400,2782.03
19779,1.3922,3.0442,10.4315,1400,2781.25
19784,2.053,2.5977,10.9259,1373,2781.25
19789,-3.0023,-0.65,12.0105,1401,2781.25
19794,-3.6919,0.8392,10.5548,1403,2781.25
19799,0.8799,2.8886,10.173,1407,2781.13
19804,2.1452,3.3339,10.4794,1401,2781.13
19809,-2.8168,0.4058,11.8537,1397,2781.13
19814,-3.8858,-0.2263,11.1043,1400,2781.13
19819,-0.5171,2.4912,9.8557,1403,2781.0
19824,1.7286,3.5075,10.3681,1399,2781.0
19829,-0.7566,1.2605,11.5496,1391,2781.0
19834,-3.4632,-1.0882,11.6514,1407,2781.0
19839,-2.3331,1.8052,9.9323,1403,2780.61
19844,1.4832,3.1496,10.41,1405,2780.61
19849,1.8699,2.3667,10.9846,1403,2780.61
19854,-3.0478,-0.7542,12.0117,1403,2780.61
19859,-3.5386,0.9649,10.3501,1413,2780.61
19864,1.0139,2.8671,10.222,1399,2780.87
19869,2.1979,3.201,10.4902,1399,2780.87
19874,-2.9892,0.2251,11.9447,1395,2780.87
19879,-3.9301,-0.0084,11.0684,1403,2780.87
19884,-0.2526,2.5809,9.9012,1404,2781.25
19889,1.8579,3.5434,10.4244,1405,2781.25
19894,-1.3443,1.1528,11.5843,1398,2781.25
19899,-3.5638,-0.9661,11.5664,1415,2781.25
19904,-2.0087,1.9692,9.8438,1413,2778.81
19909,1.5622,3.2489,10.4459,1397,2778.81
19914,1.5562,2.1141,11.1354,1415,2778.81
19919,-2.9676,-0.9984,11.8788,1395,2778.81
19924,-3.3279,1.1492,10.2137,1405,2778.81
19929,1.1001,2.9245,10.2604,1395,2778.81
19934,2.1799,3.0765,10.6039,1406,2778.81
19939,-3.0095,0.0431,11.9471,1396,2778.81
19944,-3.8595,0.2502,10.9774,1415,2778.81
19949,0.0491,2.7318,9.9671,1400,2777.14
19954,1.9309,3.5805,10.3837,1407,2777.14
19959,-1.7777,1.0199,11.5855,1397,2777.14
19964,-3.5614,-0.8499,11.4539,1405,2777.14
19969,-1.7669,2.0291,9.839,1407,2776.11
19974,1.6053,3.3004,10.4758,1399,2776.11
19979,1.2246,1.992,11.2061,1403,2776.11
19984,-3.1065,-1.0989,11.8693,1395,2776.11
19989,-3.3028,1.2186,10.222,1407,2776.11
19994,1.1768,2.8922,10.2927,1397,2776.88
19999,2.2398,3.0083,10.6602,1407,2776.88
20004,-3.0071,-0.0455,11.9794,1395,2776.88
20009,-3.8642,0.3579,10.9152,1413,2776.88
20014,0.2753,2.7473,9.9371,1401,2777.01
20019,1.962,3.5207,10.3848,1397,2777.01
20024,-2.0458,0.8559,11.6526,1399,2777.01
20029,-3.6332,-0.7626,11.3988,1402,2777.01
20034,-1.5012,2.1703,9.8138,1405,2777.14
20039,1.6005,3.2609,10.416,1397,2777.14
20044,0.9708,1.8567,11.2551,1407,2777.14
20049,-3.146,-1.0726,11.8597,1400,2777.14
20054,-3.1184,1.3838,10.1873,1405,2777.14
20059,1.245,2.9772,10.4088,1401,2777.78
20064,2.2781,2.9341,10.7176,1405,2777.78
20069,-3.0071,-0.1879,11.9243,1397,2777.78
20074,-3.8367,0.3926,10.7141,1404,2777.78
20079,0.3735,2.7426,9.9826,1395,2778.42
20084,1.9896,3.4453,10.4112,1395,2778.42
20089,-2.332,0.7841,11.6981,1399,2778.42
20094,-3.7541,-0.6345,11.3461,1397,2778.42
20099,-1.3072,2.2769,9.7648,1413,2778.68
20104,1.64,3.4237,10.4267,1399,2778.68
20115,0.492,1.725,11.3042,1403,2778.68
20119,-2.9365,1.4904,10.0377,1403,2778.68
20124,1.3336,3.0598,10.3657,1397,2777.91
20129,2.2541,2.6719,10.8601,1397,2777.91
20134,-2.891,-0.3867,11.9842,1397,2777.91
20139,-3.7936,0.5543,10.6674,1401,2777.91
20144,0.5195,2.7701,10.0568,1399,2776.75
20149,1.9417,3.4333,10.4615,1403,2776.75
20154,-2.6576,0.6512,11.795,1398,2776.75
20159,-3.7912,-0.4501,11.3102,1401,2776.75
20164,-1.0666,2.3703,9.8545,1403,2776.11
20169,1.6915,3.5291,10.4136,1404,2776.11
20174,0.1341,1.5634,11.3904,1415,2776.11
20179,-3.231,-1.1648,11.7448,1401,2776.11
20184,-2.7797,1.5,10.0161,1403,2776.11
20189,1.3336,3.0323,10.4184,1395,2776.75
20194,2.1117,2.6456,10.9104,1400,2776.75
20199,-2.9652,-0.5471,12.0093,1391,2776.75
20204,-3.7433,0.7326,10.6147,1397,2776.75
20209,0.7494,2.8647,10.0509,1407,2778.03
20214,2.0937,3.4488,10.4471,1404,2778.03
20219,-2.745,0.571,11.7711,1403,2778.03
20224,-3.7637,-0.3208,11.2599,1401,2778.03
20229,-0.7649,2.4098,9.7779,1403,2777.52
20234,1.7502,3.4548,10.4088,1405,2777.52
20239,-0.2538,1.4114,11.3856,1403,2777.52
20244,-3.3543,-1.1995,11.7064,1395,2777.52
20249,-2.5666,1.6245,9.9276,1400,2777.52
20254,1.397,3.0789,10.4208,1398,2777.91
20259,1.992,2.5391,10.9116,1399,2777.91
20264,-2.9868,-0.6045,12.0357,1400,2777.91
20269,-3.6595,0.8475,10.5345,1405,2777.91
20274,0.8499,2.8982,10.1766,1407,2778.03
20279,2.0985,3.2669,10.4267,1403,2778.03
20284,-2.8347,0.4621,11.886,1400,2778.03
20289,-3.7948,-0.2406,11.133,1395,2778.03
20294,-0.5279,2.4768,9.8246,1404,2775.98
20299,1.7597,3.4644,10.3932,1399,2775.98
20304,-0.7183,1.2941,11.5424,1397,2775.98
20309,-3.401,-1.1061,11.6921,1401,2775.98
20314,-2.4038,1.7909,9.9012,1399,2775.98
20319,1.4305,3.1879,10.3777,1403,2774.31
20324,1.9082,2.3882,11.0049,1401,2774.31
20329,-2.8886,-0.7003,11.9279,1401,2774.31
20334,-3.541,0.9002,10.4447,1401,2774.31
20339,0.8847,2.8599,10.1957,1407,2773.8
20344,2.1296,3.219,10.495,1405,2773.8
20349,-2.8874,0.3172,11.8441,1397,2773.8
20354,-3.8439,-0.1089,11.1091,1399,2773.8
20359,-0.4549,2.575,9.8665,1403,2773.28
20364,1.7538,3.5518,10.3992,1401,2773.28
20369,-1.0295,1.2749,11.479,1399,2773.28
20374,-3.3962,-0.9948,11.5999,1413,2773.28
20379,-2.2314,1.8507,9.8845,1414,2773.28
20384,1.4952,3.1855,10.4064,1403,2773.28
20389,1.8184,2.2374,11.0409,1405,2773.28
20394,-2.8826,-0.8655,11.9171,1403,2773.28
20399,-3.5279,0.9349,10.4004,1399,2773.28
20404,0.9373,2.8455,10.2915,1404,2773.41
20409,2.0746,3.2382,10.5189,1403,2773.41
20414,-3.0239,0.328,11.9638,1391,2773.41
20419,-3.8415,0.0335,11.0612,1399,2773.41
20424,-0.2777,2.6456,9.8964,1400,2773.03
20429,1.7933,3.5662,10.3346,1405,2773.03
20434,-1.1396,1.1875,11.4934,1401,2773.03
20439,-3.4369,-1.0427,11.582,1415,2773.03
20444,-2.1416,1.8184,9.9407,1402,2773.16
20449,1.4617,3.1903,10.4279,1403,2773.16
20454,1.6628,2.1703,11.0528,1403,2773.16
20459,-3.0203,-0.9002,11.9088,1404,2773.16
20464,-3.4608,1.0666,10.3992,1401,2773.16
20469,1.0032,2.9185,10.258,1399,2773.54
20474,2.1763,3.207,10.5225,1399,2773.54
20479,-2.9868,0.2574,11.9483,1395,2773.54
20484,-3.8223,0.0575,11.0528,1400,2773.54
20489,-0.1245,2.5881,9.9383,1403,2774.69
20494,1.8519,3.4824,10.3693,1408,2774.69
20499,-1.3731,1.0798,11.5496,1399,2774.69
20504,-3.4872,-0.9756,11.5915,1415,2774.69
20509,-1.9944,1.9872,9.9132,1407,2775.59
20514,1.4545,3.2884,10.4866,1404,2775.59
20519,1.4856,2.1332,11.1354,1407,2775.59
20524,-3.0251,-0.9278,11.9387,1398,2775.59
20529,-3.3567,1.1588,10.2627,1402,2775.59
20534,1.1372,2.9724,10.3058,1397,2778.03
20539,2.3164,3.1005,10.5261,1399,2778.03
20544,-2.9305,0.0862,11.91,1391,2778.03
20549,-3.8666,0.1209,10.9523,1406,2778.03
20554,-0.0192,2.6576,9.9347,1404,2778.42
20559,1.8651,3.4752,10.3717,1415,2778.42
20564,-1.7334,0.9756,11.6753,1395,2778.42
20569,-3.6703,-0.8787,11.5616,1407,2778.42
20574,-1.7681,2.1201,9.8414,1405,2777.78
20579,1.6364,3.3387,10.4351,1399,2777.78
20584,1.257,1.9513,11.1151,1420,2777.78
20589,-2.9987,-1.0367,11.9088,1395,2777.78
20594,-3.1939,1.2378,10.1347,1401,2777.78
20599,1.2067,2.9521,10.2879,1395,2777.14
20604,2.1955,2.9018,10.6458,1405,2777.14
20609,-2.9604,-0.0922,11.9794,1397,2777.14
20614,-3.9073,0.2777,10.8589,1417,2777.14
20619,0.1724,2.7246,9.9886,1403,2776.49
20624,1.8962,3.571,10.4303,1413,2776.49
20629,-2.1057,0.972,11.6957,1399,2776.49
20634,-3.62,-0.7051,11.4754,1403,2776.49
20639,-1.4988,2.1332,9.7887,1405,2776.11
20644,1.6412,3.3363,10.4303,1397,2776.11
20649,0.9649,1.8028,11.23,1401,2776.11
20654,-3.0287,-1.1468,11.8453,1397,2776.11
20659,-3.1184,1.2665,10.1251,1435,2776.11
20664,1.2079,2.9449,10.3789,1398,2775.98
20669,2.1775,2.8946,10.7021,1413,2775.98
20674,-2.9652,-0.182,11.9423,1399,2775.98
20679,-3.8427,0.4609,10.7895,1418,2775.98
20684,0.425,2.8395,10.0652,1403,2775.59
20689,1.998,3.4584,10.3346,1397,2775.59
20694,-2.2769,0.8272,11.7579,1390,2775.59
20699,-3.626,-0.6476,11.3832,1397,2775.59
20704,-1.3072,2.2087,9.7875,1402,2775.21
20709,1.5897,3.3291,10.4363,1398,2775.21
20714,0.6297,1.6927,11.2683,1413,2775.21
20719,-3.1951,-1.1325,11.7735,1399,2775.21
20724,-2.9892,1.4509,10.1011,1418,2775.21
20729,1.2869,3.0358,10.4148,1403,2775.08
20734,2.2314,2.8048,10.7655,1403,2775.08
20739,-2.9808,-0.1987,12.0153,1399,2775.08
20744,-3.7481,0.5231,10.7164,1402,2775.08
20749,0.4369,2.8443,10.0161,1400,2775.34
20754,1.9632,3.4285,10.386,1401,2775.34
20759,-2.478,0.6656,11.7615,1399,2775.34
20764,-3.7086,-0.6201,11.3545,1397,2775.34
20769,-1.1911,2.2913,9.809,1405,2774.95
20774,1.6113,3.4225,10.4651,1399,2774.95
20779,0.3041,1.6604,11.3868,1415,2774.95
20784,-3.2274,-1.0953,11.7855,1399,2774.95
20789,-2.8395,1.5419,10.0161,1415,2774.95
20794,1.3659,3.0789,10.4232,1398,2775.59
20799,2.2051,2.66,10.7667,1397,2775.59
20804,-2.873,-0.4034,11.9866,1400,2775.59
20809,-3.784,0.6105,10.6338,1401,2775.59
20814,0.5447,2.8276,10.1598,1395,2775.34
20819,1.9668,3.3698,10.4267,1399,2775.34
20824,-2.636,0.656,11.88,1401,2775.34
20829,-3.8307,-0.4393,11.2934,1400,2775.34
20834,-1.0259,2.3954,9.8557,1403,2774.82
20839,1.67,3.4596,10.3489,1399,2774.82
20844,0.0946,1.5479,11.3533,1417,2774.82
20849,-3.225,-1.1516,11.7687,1399,2774.82
20854,-2.6647,1.5694,9.9467,1407,2774.82
20859,1.3599,3.073,10.4052,1399,2774.82
20864,2.1093,2.5642,10.8745,1397,2774.82
20869,-2.9054,-0.5938,12.0249,1395,2774.82
20874,-3.7314,0.7242,10.5788,1400,2774.82
20879,0.6752,2.8934,10.1622,1401,2774.82
20884,1.992,3.4081,10.4327,1402,2774.82
20889,-2.7641,0.5914,11.8645,1401,2774.82
20894,-3.7517,-0.2837,11.1737,1391,2774.82
20899,-0.7219,2.4373,9.8485,1403,2774.18
20904,1.7478,3.4465,10.3465,1396,2774.18
20909,-0.237,1.3815,11.4132,1413,2774.18
20914,-3.2657,-1.2163,11.7196,1401,2774.18
20919,-2.6013,1.6269,9.9491,1401,2774.18
20924,1.3264,3.0813,10.4794,1397,2774.95
20929,1.986,2.5355,10.8996,1398,2774.95
20934,-2.9329,-0.5938,12.0045,1384,2774.95
20939,-3.6368,0.8092,10.5524,1400,2774.95
20944,0.8092,2.9497,10.2053,1403,2774.44
20949,2.1117,3.3603,10.4052,1405,2774.44
20954,-2.745,0.4166,11.8429,1401,2774.44
20959,-3.7589,-0.2897,11.1642,1405,2774.44
20964,-0.6572,2.4612,9.8258,1400,2774.05
20969,1.7119,3.4584,10.3944,1405,2774.05
20974,-0.5495,1.3539,11.4419,1407,2774.05
20979,-3.3567,-1.0654,11.6789,1396,2774.05
20984,-2.4624,1.7669,9.9623,1399,2774.05
20989,1.4114,3.1975,10.4148,1399,2773.67
20994,1.9668,2.4337,10.9559,1391,2773.67
20999,-2.909,-0.644,11.9818,1397,2773.67
21004,-3.6009,0.8511,10.4507,1401,2773.67
21009,0.8583,2.8958,10.1706,1407,2774.57
21014,2.0806,3.2106,10.4842,1405,2774.57
21019,-2.8718,0.3867,11.9231,1403,2774.57
21024,-3.8487,-0.2298,11.1618,1399,2774.57
21029,-0.5459,2.5642,9.9515,1405,2774.05
21034,1.6855,3.4704,10.3896,1405,2774.05
21039,-0.844,1.3144,11.4814,1399,2774.05
21044,-3.3423,-1.0523,11.6478,1397,2774.05
21049,-2.326,1.8399,9.8557,1399,2774.05
21054,1.4461,3.1603,10.4555,1396,2772.52
21059,1.9034,2.32,10.9726,1402,2772.52
21064,-2.8419,-0.8272,11.9399,1400,2772.52
21069,-3.5566,0.893,10.3118,1403,2772.52
21074,0.9122,2.8958,10.1969,1405,2772.52
21079,2.0554,3.2142,10.5177,1407,2772.52
21084,-2.9544,0.3591,11.9231,1403,2772.52
21089,-3.8595,-0.0682,11.066,1404,2772.52
21094,-0.3675,2.6336,9.9551,1404,2772.64
21099,1.8028,3.5721,10.3645,1402,2772.64
21104,-0.9852,1.233,11.5017,1403,2772.64
21109,-3.3543,-1.0774,11.5592,1397,2772.64
21114,-2.1943,1.81,9.9276,1399,2772.64
21119,1.4102,3.1196,10.41,1398,2771.87
21124,1.7298,2.2865,11.0229,1401,2771.87
21129,-2.9939,-0.9002,11.9279,1400,2771.87
21134,-3.4884,0.9984,10.4507,1403,2771.87
21139,0.9601,2.9521,10.2699,1407,2771.49
21144,2.1057,3.2262,10.4818,1403,2771.49
21149,-2.9712,0.2957,11.8992,1401,2771.49
21154,-3.7745,-0.0012,11.0121,1401,2771.49
21159,-0.2682,2.6025,9.9383,1405,2771.49
21164,1.7741,3.4656,10.3633,1401,2771.49
21169,-1.136,1.1408,11.5784,1403,2771.49
21174,-3.4285,-1.0762,11.5712,1401,2771.49
21179,-2.1308,1.883,9.9407,1399,2771.49
21184,1.4485,3.2202,10.4399,1395,2771.49
21189,1.6496,2.2517,11.0828,1401,2771.49
21194,-2.9963,-0.8296,11.9124,1401,2771.49
21199,-3.4333,1.0654,10.3729,1405,2771.49
21204,0.9972,2.9437,10.2592,1407,2771.75
21209,2.1428,3.1137,10.5117,1405,2771.75
21214,-2.8982,0.2071,11.9614,1399,2771.75
21219,-3.7864,-0.0335,10.9571,1397,2771.75
21224,-0.2478,2.624,9.9695,1402,2772.13
21229,1.7382,3.4872,10.313,1399,2772.13
21234,-1.2785,1.1253,11.6047,1401,2772.13
21239,-3.4776,-0.9864,11.5089,1407,2772.13
21244,-2.0446,1.9513,9.8952,1401,2772.13
21249,1.5095,3.2262,10.3992,1403,2772.13
21254,1.67,2.1608,11.072,1403,2772.13
21259,-2.8958,-0.8918,11.8788,1401,2772.13
21264,-3.3471,1.0499,10.2915,1403,2772.13
21269,1.0271,2.9377,10.2723,1415,2771.62
21274,2.1093,3.0921,10.5429,1407,2771.62
21279,-3.0023,0.1496,11.959,1387,2771.62
21284,-3.8774,0.0275,10.9966,1399,2771.62
21289,-0.1305,2.6935,9.9719,1405,2772.64
21294,1.8064,3.565,10.3729,1400,2772.64
21299,-1.482,1.1516,11.5915,1399,2772.64
21304,-3.4967,-0.9493,11.5496,1405,2772.64
21309,-1.9142,1.998,9.8797,1396,2774.05
21314,1.5131,3.1939,10.3932,1401,2774.05
21319,1.5071,2.0674,11.0852,1403,2774.05
21324,-2.97,-1.0259,11.9171,1405,2774.05
21329,-3.3255,1.1001,10.2735,1403,2774.05
21334,1.0977,2.9006,10.2771,1405,2774.82
21339,2.1308,3.0921,10.5201,1398,2774.82
21344,-2.9904,0.0611,12.0069,1395,2774.82
21349,-3.8403,0.2131,10.963,1397,2774.82
21354,0.0371,2.7222,9.9766,1399,2776.24
21359,1.8771,3.571,10.3046,1405,2776.24
21364,-1.6508,1.0247,11.6322,1402,2776.24
21369,-3.5482,-0.8847,11.4227,1415,2776.24
21374,-1.7933,2.0231,9.8497,1405,2779.58
21379,1.4844,3.1963,10.4351,1401,2779.58
21384,1.2186,1.9896,11.2108,1404,2779.58
21389,-3.1184,-1.0965,11.9147,1397,2779.58
21394,-3.2729,1.2749,10.2197,1400,2779.58
21399,1.1839,2.97,10.3717,1387,2781.38
21404,2.3403,3.0239,10.641,1401,2781.38
21409,-2.9461,-0.0515,12.0117,1397,2781.38
21414,-3.8547,0.3436,10.8278,1416,2781.38
21419,0.3065,2.7162,9.9814,1401,2782.54
21424,1.9632,3.462,10.4064,1407,2782.54
21429,-2.0913,0.8607,11.801,1397,2782.54
21434,-3.7326,-0.7614,11.394,1405,2782.54
21439,-1.4413,2.2003,9.8246,1407,2782.93
21444,1.5957,3.3483,10.422,1391,2782.93
21449,0.7949,1.7957,11.3066,1397,2782.93
21454,-3.2226,-1.1157,11.9231,1391,2782.93
21459,-3.055,1.4401,10.0856,1415,2782.93
21464,1.3084,3.0155,10.3884,1397,2782.8
21469,2.3008,2.7976,10.6769,1408,2782.8
21474,-2.9329,-0.3053,12.0428,1399,2782.8
21479,-3.8343,0.492,10.6255,1413,2782.8
21484,0.5339,2.7557,10.0556,1407,2782.8
21489,1.9884,3.4153,10.392,1405,2782.8
21494,-2.5642,0.7075,11.8788,1395,2782.8
21499,-3.8666,-0.4992,11.3042,1401,2782.8
21504,-1.0235,2.3715,9.8102,1408,2783.32
21509,1.7406,3.4907,10.4471,1395,2783.32
21514,0.1592,1.5862,11.4263,1413,2783.32
21519,-3.2836,-1.1768,11.7879,1397,2783.32
21524,-2.7473,1.6005,9.9252,1417,2783.32
21529,1.4341,3.0035,10.3537,1395,2782.93
21534,2.1512,2.5474,10.8625,1400,2782.93
21539,-2.958,-0.6081,12.0165,1392,2782.93
21544,-3.7685,0.7697,10.5225,1397,2782.93
21549,0.735,2.8922,10.155,1399,2780.35
21554,2.0279,3.3962,10.4232,1399,2780.35
21559,-2.7904,0.5375,11.91,1403,2780.35
21564,-3.899,-0.2741,11.2025,1401,2780.35
21569,-0.6656,2.4684,9.8282,1402,2781.51
21574,1.834,3.5374,10.3358,1401,2781.51
21579,-0.5076,1.3719,11.473,1415,2781.51
21584,-3.3375,-1.142,11.6873,1400,2781.51
21589,-2.4277,1.7107,9.9072,1399,2781.51
21594,1.4449,3.061,10.4603,1391,2781.9
21599,1.9225,2.3906,10.987,1399,2781.9
21604,-3.0083,-0.7422,11.9914,1399,2781.9
21609,-3.5757,0.9589,10.3896,1397,2781.9
21614,0.8823,2.9532,10.1897,1405,2779.32
21619,2.144,3.2681,10.5046,1407,2779.32
21624,-2.8922,0.3412,11.971,1407,2779.32
21629,-3.8403,-0.0814,11.0504,1403,2779.32
21634,-0.334,2.575,9.8426,1401,2779.71
21639,1.7933,3.5087,10.3501,1399,2779.71
21644,-1.0906,1.1959,11.5843,1401,2779.71
21649,-3.4836,-1.0965,11.558,1397,2779.71
21654,-2.1751,1.8747,9.894,1397,2779.71
21659,1.4928,3.1735,10.4423,1398,2779.06
21664,1.7107,2.2709,11.0899,1397,2779.06
21669,-3.0131,-0.8021,11.8932,1401,2779.06
21674,-3.4393,1.0798,10.3777,1405,2779.06
21679,1.057,2.9209,10.2232,1417,2776.49
21684,2.1883,3.14,10.5345,1403,2776.49
21689,-2.9317,0.1999,11.9638,1397,2776.49
21694,-3.8762,0.0227,10.9774,1403,2776.49
21699,-0.1448,2.5893,9.9467,1394,2775.85
21704,1.8232,3.4872,10.3848,1399,2775.85
21709,-1.4928,1.0953,11.6047,1403,2775.85
21714,-3.5303,-0.9218,11.5484,1400,2775.85
21719,-2.0051,2.0111,9.9144,1401,2775.85
21724,1.494,3.1999,10.4052,1405,2774.82
21729,1.5203,2.1021,11.1306,1403,2774.82
21734,-2.9832,-0.9864,11.8716,1417,2774.82
21739,-3.3639,1.1396,10.2412,1403,2774.82
21744,1.0594,2.8958,10.2544,1413,2773.93
21749,2.1344,3.0514,10.6111,1404,2773.93
21754,-2.9497,0.0862,11.959,1395,2773.93
21759,-3.8738,0.2119,10.9307,1403,2773.93
21764,-0.0335,2.7162,10.0257,1401,2773.16
21769,1.8615,3.5207,10.3058,1402,2773.16
21774,-1.7729,1.0116,11.6562,1402,2773.16
21779,-3.5446,-0.8356,11.4982,1415,2773.16
21784,-1.8328,2.053,9.894,1401,2774.44
21789,1.5155,3.3004,10.3825,1403,2774.44
21794,1.318,2.0518,11.2312,1401,2774.44
21799,-3.0071,-1.1289,11.9016,1407,2774.44
21804,-3.3243,1.136,10.2197,1400,2774.44
21809,1.1696,2.8886,10.2675,1405,2778.81
21814,2.2278,3.0873,10.647,1399,2778.81
21819,-2.9844,-0.0383,12.0129,1397,2778.81
21824,-3.8726,0.3448,10.8601,1407,2778.81
21829,0.2215,2.7162,9.985,1397,2783.32
21834,1.9692,3.5865,10.3418,1407,2783.32
21839,-2.0375,0.9098,11.6909,1401,2783.32
21844,-3.723,-0.7949,11.4108,1408,2783.32
21849,-1.5048,2.1332,9.8294,1413,2786.81
21854,1.6149,3.3124,10.4351,1395,2786.81
21859,0.8954,1.7729,11.303,1404,2786.81
21864,-3.2501,-1.1815,11.874,1399,2786.81
21869,-3.0873,1.4413,10.0485,1403,2786.81
21874,1.336,3.049,10.3214,1389,2788.36
21879,2.2972,2.8431,10.72,1407,2788.36
21884,-2.9832,-0.3005,12.1147,1399,2788.36
21889,-3.8666,0.565,10.7033,1419,2788.36
21894,0.5327,2.818,9.9934,1406,2789.27
21899,2.1081,3.4201,10.3968,1399,2789.27
21904,-2.5163,0.6369,11.8262,1397,2789.27
21909,-3.8882,-0.5136,11.2001,1401,2789.27
21914,-0.9768,2.3463,9.7695,1415,2789.79
21919,1.7154,3.4237,10.4435,1397,2789.79
21924,-0.1077,1.488,11.4622,1415,2789.79
21929,-3.3998,-1.2115,11.7627,1399,2789.79
21934,-2.6336,1.6867,9.8689,1415,2789.79
21939,1.4832,3.158,10.41,1395,2790.05
21944,2.1584,2.4924,10.9212,1391,2790.05
21949,-2.9485,-0.6668,12.0428,1395,2790.05
21954,-3.7002,0.8212,10.4483,1395,2790.05
21959,0.8966,2.8539,10.1897,1403,2790.44
21964,2.1811,3.3423,10.483,1403,2790.44
21969,-2.8671,0.3436,11.9363,1401,2790.44
21974,-4.0115,-0.0982,11.0971,1399,2790.44
21979,-0.4238,2.5893,9.8605,1401,2791.35
21984,1.8759,3.5638,10.4016,1401,2791.35
21989,-1.1205,1.1875,11.5808,1401,2791.35
21994,-3.5937,-1.0487,11.6382,1395,2791.35
21999,-2.0913,1.9249,9.8102,1399,2791.35
22004,1.6101,3.231,10.4411,1402,2792.65
22009,1.6508,2.1081,11.1019,1403,2792.65
22014,-3.0981,-1.0534,11.989,1404,2792.65
22019,-3.4417,1.1492,10.1442,1401,2792.65
22024,1.1432,2.8994,10.2819,1403,2793.43
22029,2.2924,3.0514,10.5728,1401,2793.43
22034,-3.0347,-0.0347,12.1206,1395,2793.43
22039,-3.984,0.4034,10.8386,1401,2793.43
22044,0.2382,2.8048,9.9036,1397,2792.78
22049,2.0135,3.5542,10.3609,1405,2792.78
22054,-2.0686,0.8942,11.7136,1398,2792.78
22059,-3.7685,-0.7171,11.4096,1417,2792.78
22064,-1.4569,2.138,9.6941,1407,2792.52
22069,1.7047,3.298,10.4423,1399,2792.52
22074,0.7123,1.7298,11.3126,1405,2792.52
22079,-3.304,-1.233,11.892,1397,2792.52
22084,-3.0694,1.4437,10.0568,1404,2792.52
22089,1.3707,3.0406,10.3585,1396,2792.0
22094,2.2338,2.7473,10.7859,1405,2792.0
22099,-2.9808,-0.3603,12.0835,1392,2792.0
22104,-3.8152,0.6883,10.6075,1407,2792.0
22109,0.6177,2.8623,10.0425,1404,2786.55
22114,2.0722,3.4177,10.4495,1399,2786.55
22119,-2.6312,0.5351,11.8585,1395,2786.55
22124,-3.8295,-0.4417,11.2599,1397,2786.55
22129,-0.8727,2.3727,9.8186,1403,2780.35
22134,1.7107,3.4704,10.4615,1397,2780.35
22139,-0.1544,1.4461,11.4311,1407,2780.35
22144,-3.316,-1.1372,11.7675,1400,2780.35
22149,-2.6061,1.6999,9.9587,1407,2780.35
22154,1.3898,3.1208,10.3872,1403,2776.88
22159,2.0578,2.5438,10.8481,1401,2776.88
22164,-2.9461,-0.5782,11.9112,1399,2776.88
22169,-3.6428,0.8164,10.4986,1402,2776.88
22174,0.7542,2.8683,10.1957,1403,2775.21
22179,2.0243,3.2872,10.4279,1400,2775.21
22184,-2.8335,0.4477,11.8274,1401,2775.21
22189,-3.8954,-0.3112,11.1426,1399,2775.21
22194,-0.6776,2.4636,9.8892,1407,2774.05
22199,1.7262,3.5255,10.3202,1396,2774.05
22204,-0.5243,1.4162,11.5281,1413,2774.05
22209,-3.31,-1.1193,11.6957,1399,2774.05
22214,-2.411,1.7406,9.9599,1417,2774.05
22219,1.409,3.1244,10.3202,1397,2773.54
22224,2.0255,2.3882,10.9307,1399,2773.54
22229,-2.885,-0.7721,11.9279,1401,2773.54
22234,-3.5698,0.8296,10.5046,1401,2773.54
22239,0.8368,2.8611,10.1658,1394,2773.41
22244,2.0255,3.2932,10.4998,1399,2773.41
22249,-2.909,0.4166,11.8693,1402,2773.41
22254,-3.8223,-0.1245,11.1318,1400,2773.41
22259,-0.4896,2.5774,9.9192,1399,2773.54
22264,1.7813,3.5362,10.3705,1401,2773.54
22269,-0.729,1.3156,11.4443,1417,2773.54
22274,-3.3627,-1.1313,11.5975,1399,2773.54
22279,-2.3308,1.7226,9.9587,1415,2773.54
22284,1.1265,2.9461,10.3597,1397,2774.44
22289,1.8735,2.3906,10.9762,1399,2774.44
22294,-2.9939,-0.0467,11.9507,1395,2774.44
22299,-3.8259,0.3735,10.817,1397,2774.44
22304,0.2478,-0.6165,-0.6165,1400,2774.69
22309,1.9609,3.5123,10.2699,1401,2774.69
22314,-2.0602,0.8763,11.655,1401,2774.69
22319,-3.614,-0.7745,11.4275,1401,2774.69
22324,-1.4928,2.132,9.8653,1405,2775.08
22329,1.5311,3.2765,10.4124,1400,2775.08
22334,0.9002,1.8352,11.2623,1413,2775.08
22339,-3.1687,-1.0846,11.7783,1401,2775.08
22344,-3.1256,1.3635,10.2017,1374,2775.08
22349,1.2474,3.0287,10.3346,1387,2775.08
22354,2.217,2.9628,10.7009,1399,2775.08
22359,-2.9688,-0.1353,11.9674,1391,2775.08
22364,-3.7673,0.3687,10.8134,1402,2775.08
22369,0.346,2.7785,10.0114,1407,2775.21
22374,1.9585,3.4716,10.4016,1405,2775.21
22379,-2.2805,0.7638,11.74,1405,2775.21
22384,-3.6883,-0.7111,11.4144,1403,2775.21
22389,-1.3647,2.2218,9.8617,1391,2774.69
22394,1.6161,3.3914,10.4279,1403,2774.69
22399,0.656,1.7693,11.3533,1402,2774.69
22404,-3.1591,-1.057,11.7902,1397,2774.69
22409,-2.9521,1.4653,10.0892,1399,2774.69
22414,1.2893,3.0275,10.3705,1395,2774.69
22419,2.2326,2.7497,10.7153,1391,2774.69
22424,-2.8946,-0.3041,11.9423,1401,2774.69
22429,-3.8032,0.4669,10.7308,1399,2774.69
22434,0.4405,2.7857,10.1155,1407,2774.95
22439,1.9022,3.456,10.3813,1405,2774.95
22444,-2.5307,0.7362,11.7531,1403,2774.95
22449,-3.7338,-0.5219,11.3413,1402,2774.95
22454,-1.1576,2.3619,9.8725,1401,2774.69
22459,1.7214,3.4584,10.3813,1405,2774.69
22464,0.4621,1.5933,11.3916,1400,2774.69
22469,-3.14,-1.154,11.7747,1396,2774.69
22474,-2.8359,1.47,10.0568,1399,2774.69
22479,1.3036,2.9664,10.3358,1399,2774.57
22484,2.1476,2.6935,10.7619,1399,2774.57
22489,-2.9796,-0.425,11.9626,1399,2774.57
22494,-3.7469,0.6105,10.635,1399,2774.57
22499,0.6201,2.8635,10.0748,1407,2774.57
22504,2.0099,3.5159,10.4351,1405,2774.57
22509,-2.6324,0.6464,11.7495,1401,2774.57
22514,-3.7182,-0.4142,11.2827,1402,2774.57
22519,-1.0008,2.3463,9.7911,1401,2774.69
22524,1.6759,3.4417,10.3597,1391,2774.69
22529,0.1125,1.6316,11.3306,1387,2774.69
22534,-3.3579,-1.2474,11.7567,1388,2774.69
22539,-2.7246,1.4964,10.0245,1387,2774.69
22544,1.2881,2.9437,10.3944,1387,2759.25
22549,1.9154,2.6683,10.9056,1387,2759.25
22554,-2.9401,-0.2741,11.8094,1385,2759.25
22559,-3.371,0.6428,10.7871,1395,2759.25
22564,0.407,2.8264,10.1095,1389,2724.18
22569,1.6376,3.4572,10.4507,1391,2724.18
22574,-2.3331,0.8164,11.5389,1389,2724.18
22579,-3.0873,-0.6919,11.3473,1397,2724.18
22584,-1.5969,2.0446,10.1155,1391,2702.34
22589,1.148,3.2597,10.4519,1391,2702.34
22594,1.093,2.1656,11.218,1389,2702.34
22599,-2.5893,-0.6153,11.5233,1389,2702.34
22604,-3.0335,0.8643,10.7272,1389,2702.34
22609,0.5483,2.7581,10.313,1395,2679.41
22614,1.5467,3.1591,10.5429,1387,2679.41
22619,-2.8335,0.5578,11.3294,1389,2679.41
22624,-2.7892,-0.4154,11.321,1397,2679.41
22629,-1.2127,2.2015,10.2723,1399,2635.39
22634,0.9098,3.304,10.2951,1398,2635.39
22639,0.8308,2.1823,11.1989,1395,2635.39
22644,-2.2948,-0.6033,11.2707,1389,2635.39
22649,-2.5929,0.4776,11.1199,1399,2635.39
22654,0.2394,2.7737,10.2484,1383,2608.02
22659,1.1337,3.6224,10.3932,1388,2608.02
22664,-2.4948,0.9541,11.1618,1387,2608.02
22669,-2.2805,-0.7195,11.4263,1387,2608.02
22674,-1.7442,1.567,10.6817,1389,2608.02
22679,0.4058,2.8443,10.2484,1372,2565.53
22684,0.9517,2.7641,10.9714,1390,2565.53
22689,-2.8503,0.1125,10.9008,1395,2565.53
22694,-2.0411,-0.0946,11.4598,1389,2565.53
22699,-0.753,2.4146,10.4052,1399,2522.7
22704,0.5303,3.3674,10.2855,1374,2522.7
22709,0.1401,2.332,11.0014,1379,2522.7
22714,-2.2589,-0.516,11.1223,1371,2522.7
22719,-1.883,0.1592,11.6107,1387,2522.7
22724,-0.2095,2.6169,10.2316,1387,2476.68
22729,0.6069,3.5674,10.3968,1384,2476.68
22734,-1.0642,1.8148,10.7619,1387,2476.68
22739,-1.5383,-0.5531,11.2336,1388,2476.68
22744,-1.658,0.4238,11.6167,1375,2476.68
22749,-0.237,2.8419,10.0868,1384,2425.91
22754,0.65,3.4512,10.5764,1381,2425.91
22759,-1.5634,1.482,10.55,1380,2425.91
22764,-1.3707,-0.4741,11.4527,1382,2425.91
22769,-1.4078,0.4812,11.6418,1384,2425.91
22774,-0.425,2.7282,10.1323,1389,2365.18
22779,0.3436,3.4321,10.5285,1375,2365.18
22784,-1.3455,1.8435,10.5129,1385,2365.18
22789,-1.3707,-0.4238,11.3749,1372,2365.18
22794,-1.0331,0.2035,11.6993,1383,2365.18
22799,-0.5926,2.5738,10.1514,1381,2365.18
22804,0.0192,3.3818,10.4603,1381,2297.18
22809,-0.9673,2.2158,10.6458,1387,2297.18
22814,-1.8112,0.0347,10.9188,1386,2297.18
22819,-0.5614,-0.073,11.7902,1387,2297.18
22824,-1.1504,2.1991,10.4208,1383,2297.18
22829,-0.3256,3.2202,10.3753,1383,2233.89
22834,-0.2658,2.6827,10.7739,1387,2233.89
22839,-3.146,0.4226,10.331,1385,2233.89
22844,-0.2239,-0.1472,11.9734,1381,2233.89
22849,-1.1815,1.0355,11.248,1387,2233.89
22854,-1.0116,2.7354,10.2232,1394,2167.79
22859,-0.1101,3.152,10.665,1386,2167.79
22864,-1.5502,1.6819,10.4136,1385,2167.79
22869,-1.2055,0.0431,11.1558,1373,2167.79
22874,-0.0994,0.2514,11.6837,1372,2167.79
22879,-1.2677,2.2553,10.4698,1381,2167.79
22884,-0.6081,2.8407,10.4196,1385,2107.63
22889,-0.5435,2.5893,10.7548,1387,2107.63
22894,-2.6384,0.7183,10.3166,1389,2107.63
22899,0.2143,0.0419,11.661,1382,2107.63
22904,-0.4034,0.6069,11.5472,1389,2107.63
22909,-1.2498,2.6013,10.2556,1391,2107.63
22914,-0.3807,2.8754,10.4411,1389,2040.4
22919,-0.9457,2.3762,10.6195,1388,2040.4
22924,-2.8467,0.5124,10.307,1402,2040.4
22929,0.6309,0.1365,11.8908,1391,2040.4
22934,-0.6213,0.832,11.4982,1395,2040.4
22939,-1.2641,2.5965,10.2963,1398,2040.4
22944,-0.2849,2.7928,10.4591,1399,2003.81
22949,-1.1133,2.2685,10.6267,1389,2003.81
22954,-2.879,0.4657,10.222,1402,2003.81
22959,0.7901,0.182,11.9159,1389,2003.81
22964,-0.6943,0.82,11.4874,1397,2003.81
22969,-1.3108,2.5642,10.2699,1398,2003.81
22974,-0.2538,2.7426,10.4555,1405,1987.15
22979,-1.1696,2.3439,10.6901,1401,1987.15
22984,-2.8802,0.4705,10.1861,1399,1987.15
22989,0.8021,0.2682,11.8621,1389,1987.15
22994,-0.5483,0.8248,11.4551,1397,1987.15
22999,-1.324,2.4912,10.2735,1397,1987.15
23004,-0.2598,2.7569,10.4663,1401,1980.33
23009,-1.0175,2.3918,10.7153,1396,1980.33
23014,-2.8299,0.559,10.2436,1399,1980.33
23019,0.6979,0.2693,11.8058,1389,1980.33
23024,-0.3962,0.7051,11.4227,1395,1980.33
23029,-1.3994,2.3846,10.2388,1401,1980.33
23034,-0.2861,2.7581,10.4112,1401,1977.2
23039,-0.8152,2.4373,10.6997,1395,1977.2
23044,-2.6983,0.6321,10.2137,1399,1977.2
23049,0.5578,0.2478,11.7053,1391,1977.2
23054,-0.2358,0.6357,11.4503,1395,1977.2
23059,-1.4629,2.314,10.2556,1406,1977.2
23064,-0.3747,2.7809,10.3848,1403,1976.28
23069,-0.7673,2.5343,10.7583,1398,1976.28
23074,-2.6647,0.7649,10.2771,1401,1976.28
23079,0.3567,0.2873,11.6238,1395,1976.28
23084,-0.0946,0.5291,11.5149,1399,1976.28
23089,-1.5036,2.2182,10.3705,1403,1976.28
23094,-0.4549,2.7593,10.3621,1403,1975.76
23099,-0.6692,2.5893,10.8002,1397,1975.76
23104,-2.5654,0.9086,10.2903,1391,1975.76
23109,0.0359,0.3065,11.5353,1401,1975.76
23114,0.0611,0.4657,11.5472,1398,1975.76
23119,-1.5682,2.1811,10.4698,1399,1975.76
23124,-0.5387,2.745,10.3441,1404,1976.22
23129,-0.6261,2.6743,10.8062,1399,1976.22
23134,-2.4672,1.0594,10.3298,1399,1976.22
23139,-0.3819,0.2789,11.3186,1405,1976.22
23144,0.1808,0.4178,11.6454,1397,1976.22
23149,-1.5754,2.0411,10.5752,1396,1976.22
23154,-0.6752,2.733,10.3094,1407,1977.39
23159,-0.5387,2.7414,10.7907,1391,1977.39
23164,-2.3511,1.1768,10.3705,1401,1977.39
23169,-0.7973,0.2514,11.1654,1407,1977.39
23174,0.34,0.4381,11.6885,1391,1977.39
23179,-1.5981,1.8806,10.6111,1401,1977.39
23184,-0.8056,2.7402,10.3717,1395,1977.39
23189,-0.4357,2.812,10.8733,1400,1977.78
23194,-2.2625,1.2917,10.4567,1401,1977.78
23199,-1.2258,0.2382,10.993,1400,1977.78
23204,0.5303,0.4214,11.7843,1397,1977.78
23209,-1.585,1.7753,10.7787,1397,1977.78
23214,-0.9098,2.709,10.307,1395,1977.78
23219,-0.3077,2.8479,10.8386,1405,1978.44
23224,-2.1703,1.3671,10.3693,1400,1978.44
23229,-1.6161,0.2478,10.8888,1403,1978.44
23234,0.6596,0.4202,11.7867,1389,1978.44
23239,-1.5933,1.652,10.8661,1397,1978.44
23244,-0.9565,2.6815,10.2843,1405,1978.44
23249,-0.2394,2.8742,10.7823,1405,1978.76
23254,-2.1308,1.5095,10.3968,1391,1978.76
23259,-2.0004,0.322,10.7943,1401,1978.76
23264,0.7446,0.3603,11.7986,1387,1978.76
23269,-1.5371,1.4892,11.0133,1399,1978.76
23274,-1.0534,2.6707,10.3142,1407,1978.76
23279,-0.1448,2.8671,10.75,1399,1978.24
23284,-1.9968,1.6783,10.4866,1397,1978.24
23289,-2.2889,0.3208,10.6147,1399,1978.24
23294,0.8272,0.3651,11.8693,1389,1978.24
23299,-1.4581,1.3779,11.084,1415,1978.24
23304,-1.0942,2.6887,10.2819,1405,1978.24
23309,-0.1221,2.806,10.7045,1399,1978.11
23314,-1.8902,1.8292,10.5752,1399,1978.11
23319,-2.5726,0.316,10.5465,1395,1978.11
23324,0.8679,0.3316,11.9064,1395,1978.11
23329,-1.3659,1.257,11.1594,1405,1978.11
23334,-1.1803,2.6731,10.2604,1400,1978.11
23339,-0.1736,2.8323,10.6494,1397,1977.59
23344,-1.6903,1.9776,10.5919,1395,1977.59
23349,-2.7928,0.2825,10.4112,1397,1977.59
23354,0.917,0.2909,11.9997,1399,1977.59
23359,-1.1516,1.136,11.2647,1396,1977.59
23364,-1.2234,2.5786,10.24,1397,1977.59
23369,-0.1592,2.8096,10.6722,1399,1977.2
23374,-1.5754,2.0925,10.6075,1395,1977.2
23379,-2.8958,0.3531,10.3777,1402,1977.2
23384,0.9649,0.2861,11.9183,1398,1977.2
23389,-0.9744,1.0307,11.3461,1397,1977.2
23394,-1.2151,2.5857,10.2316,1401,1977.2
23399,-0.1209,2.8192,10.6063,1399,1977.07
23404,-1.3491,2.1668,10.6506,1399,1977.07
23409,-2.9449,0.4034,10.2723,1403,1977.07
23414,0.9373,0.2981,11.9207,1389,1977.07
23419,-0.8009,0.8859,11.3725,1395,1977.07
23424,-1.306,2.5642,10.2149,1401,1977.07
23429,-0.1401,2.7952,10.5273,1403,1977.33
23434,-1.1756,2.2996,10.653,1402,1977.33
23439,-2.9485,0.4417,10.2771,1399,1977.33
23444,0.8894,0.3424,11.9112,1391,1977.33
23449,-0.6021,0.7649,11.3964,1396,1977.33
23454,-1.3587,2.5211,10.2819,1399,1977.33
23459,-0.2047,2.7258,10.4208,1399,1977.46
23464,-1.0247,2.3583,10.7021,1397,1977.46
23469,-2.8946,0.5602,10.2663,1395,1977.46
23474,0.8045,0.3519,11.8752,1395,1977.46
23479,-0.4824,0.6608,11.4958,1391,1977.46
23484,-1.4078,2.4529,10.2149,1400,1977.46
23489,-0.2634,2.7162,10.4423,1407,1977.33
23494,-0.9385,2.49,10.7452,1391,1977.33
23499,-2.812,0.6788,10.319,1397,1977.33
23504,0.6045,0.2765,11.7053,1397,1977.33
23509,-0.2873,0.589,11.5029,1401,1977.33
23514,-1.4545,2.3834,10.2855,1407,1977.33
23519,-0.346,2.7617,10.3705,1403,1977.33
23524,-0.8356,2.5774,10.7907,1397,1977.33
23529,-2.6803,0.8188,10.258,1401,1977.33
23534,0.3771,0.2263,11.5556,1395,1977.33
23539,-0.1305,0.498,11.5089,1399,1977.33
23544,-1.47,2.2625,10.3406,1401,1977.33
23549,-0.4693,2.7162,10.4016,1401,1977.78
23554,-0.6883,2.7019,10.8697,1397,1977.78
23559,-2.5905,0.8715,10.3022,1391,1977.78
23564,0.097,0.2334,11.5353,1401,1977.78
23569,0.0634,0.4836,11.552,1401,1977.78
23574,-1.5299,2.1572,10.4722,1391,1977.78
23579,-0.5997,2.715,10.3813,1404,1977.72
23584,-0.5674,2.745,10.8828,1395,1977.72
23589,-2.4912,0.978,10.307,1395,1977.72
23594,-0.2239,0.2574,11.376,1405,1977.72
23599,0.2179,0.4776,11.5233,1383,1977.72
23604,-1.5886,2.0267,10.55,1397,1977.72
23609,-0.6991,2.6983,10.3681,1400,1978.24
23614,-0.4322,2.7438,10.8421,1395,1978.24
23619,-2.4313,1.075,10.3453,1405,1978.24
23624,-0.6273,0.2478,11.2085,1405,1978.24
23629,0.4058,0.4429,11.6274,1387,1978.24
23634,-1.6221,1.9201,10.5764,1400,1978.24
23639,-0.7865,2.7354,10.3896,1397,1978.24
23644,-0.3579,2.7869,10.8601,1397,1978.17
23649,-2.3212,1.2749,10.3884,1401,1978.17
23654,-1.0139,0.2562,11.0361,1397,1978.17
23659,0.516,0.4441,11.7412,1387,1978.17
23664,-1.652,1.8328,10.671,1396,1978.17
23669,-0.8679,2.7713,10.3537,1396,1978.17
23674,-0.3148,2.7928,10.7978,1407,1977.72
23679,-2.223,1.3922,10.4004,1401,1977.72
23684,-1.4437,0.2346,10.92,1403,1977.72
23689,0.5435,0.3974,11.7543,1390,1977.72
23694,-1.5874,1.7142,10.8924,1397,1977.72
23699,-0.9792,2.7138,10.3489,1405,1977.72
23704,-0.3112,2.8347,10.7799,1403,1977.78
23709,-2.1057,1.5431,10.4387,1399,1977.78
23714,-1.8471,0.3208,10.7835,1399,1977.78
23719,0.6716,0.4034,11.8046,1388,1977.78
23724,-1.5706,1.5909,11.0397,1397,1977.78
23729,-1.0618,2.6791,10.3094,1407,1977.78
23734,-0.2801,2.8371,10.8194,1397,1977.98
23739,-1.9944,1.6843,10.4279,1400,1977.98
23744,-2.2254,0.3053,10.665,1397,1977.98
23749,0.8009,0.4058,11.819,1391,1977.98
23754,-1.4078,1.415,11.0887,1403,1977.98
23759,-1.0906,2.6564,10.2807,1403,1977.98
23764,-0.2274,2.8491,10.7607,1397,1977.65
23769,-1.8232,1.828,10.5117,1397,1977.65
23774,-2.5307,0.2969,10.477,1395,1977.65
23779,0.8571,0.395,11.8872,1399,1977.65
23784,-1.3503,1.2749,11.2001,1405,1977.65
23789,-1.142,2.6528,10.2544,1397,1977.65
23794,-0.146,2.8216,10.6841,1391,1977.72
23799,-1.6197,1.9668,10.4842,1396,1977.72
23804,-2.745,0.2945,10.4052,1391,1977.72
23809,0.9481,0.3699,11.9806,1400,1977.72
23814,-1.221,1.0702,11.218,1395,1977.72
23819,-1.2031,2.6073,10.2041,1399,1977.72
23824,-0.1245,2.8132,10.6123,1389,1977.78
23829,-1.5048,2.0363,10.4794,1396,1977.78
23834,-2.8838,0.3388,10.392,1398,1977.78
23839,0.9565,0.3256,11.9686,1399,1977.78
23844,-1.0247,0.9577,11.3114,1395,1977.78
23849,-1.2246,2.6193,10.1742,1399,1977.78
23854,-0.1341,2.7809,10.5524,1397,1977.78
23859,-1.3898,2.1727,10.6338,1399,1977.78
23864,-2.9808,0.4214,10.3549,1399,1977.78
23869,0.9864,0.2705,11.9315,1391,1977.78
23874,-0.8643,0.8871,11.4156,1397,1977.78
23879,-1.3036,2.5498,10.1945,1395,1977.78
23884,-0.182,2.7928,10.507,1401,1978.24
23889,-1.2175,2.3379,10.6386,1402,1978.24
23894,-2.9509,0.4741,10.3513,1395,1978.24
23899,0.9385,0.2729,11.9782,1395,1978.24
23904,-0.6955,0.8643,11.4371,1397,1978.24
23909,-1.3168,2.5343,10.2364,1399,1978.24
23914,-0.2203,2.7054,10.4555,1402,1978.5
23919,-1.0714,2.3978,10.7416,1397,1978.5
23924,-2.9269,0.5052,10.246,1395,1978.5
23929,0.8188,0.2885,11.9327,1395,1978.5
23934,-0.492,0.6847,11.4515,1389,1978.5
23939,-1.391,2.4421,10.2029,1401,1978.5
23944,-0.3172,2.7007,10.4184,1407,1978.7
23949,-0.9433,2.4852,10.7476,1395,1978.7
23954,-2.8563,0.5938,10.2412,1397,1978.7
23959,0.6608,0.2382,11.8405,1399,1978.7
23964,-0.2981,0.6285,11.479,1395,1978.7
23969,-1.4078,2.3703,10.2244,1414,1978.7
23974,-0.3065,2.7043,10.3825,1403,1978.5
23979,-0.7614,2.5546,10.7548,1396,1978.5
23984,-2.7354,0.7051,10.2627,1399,1978.5
23989,0.4597,0.2298,11.6646,1397,1978.5
23994,-0.0934,0.5555,11.4934,1398,1978.5
23999,-1.4605,2.2913,10.2723,1405,1978.5
24004,-0.4034,2.7713,10.3932,1402,1978.5
24009,-0.7099,2.5977,10.7428,1395,1978.5
24014,-2.6827,0.8248,10.331,1391,1978.5
24019,0.2107,0.2406,11.5879,1397,1978.5
24024,0.0215,0.5183,11.5113,1399,1978.5
24029,-1.5227,2.2075,10.3681,1397,1978.5
24034,-0.4872,2.8192,10.3825,1407,1978.63
24039,-0.6105,2.6492,10.8218,1397,1978.63
24044,-2.545,0.9409,10.3238,1391,1978.63
24049,-0.1077,0.2837,11.4239,1407,1978.63
24054,0.1341,0.4741,11.5389,1391,1978.63
24059,-1.5694,2.1452,10.4519,1400,1978.63
24064,-0.5914,2.7306,10.3753,1405,1978.96
24069,-0.5435,2.7102,10.8733,1395,1978.96
24074,-2.4708,1.0798,10.3334,1404,1978.96
24079,-0.3962,0.2478,11.2815,1405,1978.96
24084,0.2646,0.3986,11.5975,1391,1978.96
24089,-1.555,2.047,10.6518,1397,1978.96
24094,-0.7027,2.7677,10.3645,1400,1978.96
24099,-0.5195,2.7605,10.8326,1397,1979.28
24104,-2.3224,1.1863,10.3872,1404,1979.28
24109,-0.8344,0.2143,11.0828,1401,1979.28
24114,0.4142,0.3974,11.7328,1417,1979.28
24119,-1.585,1.901,10.6889,1401,1979.28
24124,-0.8224,2.739,10.4351,1399,1979.28
24129,-0.4645,2.7833,10.8254,1405,1979.41
24134,-2.2494,1.3312,10.4483,1403,1979.41
24139,-1.2198,0.2442,10.9738,1403,1979.41
24144,0.5734,0.4381,11.7567,1394,1979.41
24149,-1.567,1.7549,10.7464,1396,1979.41
24154,-0.9266,2.7366,10.3717,1401,1979.41
24159,-0.3603,2.806,10.8397,1407,1979.41
24164,-2.1715,1.4138,10.4136,1397,1979.41
24169,-1.5993,0.2418,10.8793,1404,1979.41
24174,0.6476,0.4154,11.7986,1389,1979.41
24179,-1.5646,1.6388,10.9152,1397,1979.41
24184,-1.0247,2.6959,10.337,1407,1979.41
24189,-0.237,2.8575,10.8397,1403,1980.85
24194,-2.0734,1.5071,10.4172,1399,1980.85
24199,-1.9788,0.2993,10.7799,1397,1980.85
24204,0.7362,0.3771,11.8142,1387,1980.85
24209,-1.5431,1.5586,10.9858,1403,1980.85
24214,-1.0606,2.6683,10.2615,1407,1980.85
24219,-0.1951,2.8718,10.7679,1397,1981.05
24224,-1.9597,1.6269,10.4986,1401,1981.05
24229,-2.2517,0.2933,10.6087,1396,1981.05
24234,0.8176,0.3783,11.8896,1389,1981.05
24239,-1.4856,1.4174,11.1282,1405,1981.05
24244,-1.1384,2.7138,10.3011,1399,1981.05
24249,-0.1712,2.8455,10.7583,1401,1980.0
24254,-1.8699,1.7669,10.5177,1391,1980.0
24259,-2.5486,0.3005,10.5093,1397,1980.0
24264,0.8727,0.3543,11.9339,1400,1980.0
24269,-1.3479,1.2881,11.1151,1404,1980.0
24274,-1.1768,2.7078,10.2915,1399,1980.0
24279,-0.1652,2.8599,10.7176,1398,1979.28
24284,-1.7154,1.9249,10.556,1396,1979.28
24289,-2.721,0.3376,10.41,1391,1979.28
24294,0.8763,0.3508,11.9973,1397,1979.28
24299,-1.221,1.1732,11.3054,1395,1979.28
24304,-1.2031,2.6504,10.2783,1399,1979.28
24309,-0.1413,2.8204,10.6446,1395,1978.96
24314,-1.6209,2.0602,10.574,1396,1978.96
24319,-2.8695,0.334,10.3633,1402,1978.96
24324,0.9481,0.2957,11.9303,1397,1978.96
24329,-1.0475,1.0822,11.3425,1396,1978.96
24334,-1.2522,2.5702,10.2149,1401,1978.96
24339,-0.1448,2.7964,10.6147,1399,1978.76
24344,-1.3862,2.156,10.5991,1397,1978.76
24349,-2.9341,0.3771,10.331,1401,1978.76
24354,0.9098,0.3053,11.9483,1391,1978.76
24359,-0.8882,0.9421,11.3605,1397,1978.76
24364,-1.2845,2.5762,10.2208,1399,1978.76
24369,-0.1508,2.8084,10.5189,1403,1978.7
24374,-1.2534,2.2218,10.6578,1407,1978.7
24379,-3.0011,0.4142,10.307,1401,1978.7
24384,0.8847,0.3208,11.9914,1399,1978.7
24389,-0.7075,0.8416,11.3832,1391,1978.7
24394,-1.2893,2.5019,10.234,1400,1978.7
24399,-0.1137,2.7461,10.3884,1403,1978.89
24404,-1.0942,2.3727,10.6602,1399,1978.89
24409,-2.9413,0.5076,10.2532,1391,1978.89
24414,0.7841,0.322,11.9351,1393,1978.89
24419,-0.5052,0.6632,11.412,1395,1978.89
24424,-1.318,2.4708,10.1849,1403,1978.89
24429,-0.2095,2.745,10.3777,1405,1979.02
24434,-0.9661,2.4445,10.7308,1391,1979.02
24439,-2.8718,0.5674,10.2783,1397,1979.02
24444,0.7051,0.316,11.7747,1389,1979.02
24449,-0.3807,0.5878,11.4706,1396,1979.02
24454,-1.3527,2.4349,10.2101,1406,1979.02
24459,-0.2921,2.7521,10.4291,1403,1979.22
24464,-0.9194,2.496,10.6889,1397,1979.22
24469,-2.7845,0.7374,10.3082,1399,1979.22
24474,0.5399,0.267,11.6981,1396,1979.22
24479,-0.2478,0.6057,11.5353,1400,1979.22
24484,-1.4593,2.314,10.2556,1403,1979.22
24489,-0.3615,2.7809,10.4267,1403,1979.09
24494,-0.844,2.5714,10.7428,1397,1979.09
24499,-2.6767,0.814,10.3202,1391,1979.09
24504,0.2909,0.2454,11.6215,1395,1979.09
24509,-0.0527,0.4896,11.5017,1401,1979.09
24514,-1.4748,2.2721,10.3382,1397,1979.09
24519,-0.4669,2.7282,10.3884,1405,1979.81
24524,-0.7051,2.6133,10.8505,1397,1979.81
24529,-2.5845,0.8679,10.313,1397,1979.81
24534,0.0862,0.2538,11.4874,1403,1979.81
24539,0.0898,0.4597,11.5113,1392,1979.81
24544,-1.5095,2.1584,10.3992,1395,1979.81
24549,-0.6057,2.7198,10.3801,1399,1979.41
24554,-0.5351,2.7677,10.8338,1395,1979.41
24559,-2.5175,0.9577,10.2651,1401,1979.41
24564,-0.2717,0.261,11.3868,1415,1979.41
24569,0.2562,0.4381,11.5915,1389,1979.41
24574,-1.5933,2.0686,10.4842,1399,1979.41
24579,-0.68,2.739,10.3585,1397,1979.41
24584,-0.4357,2.8,10.8469,1401,1979.35
24589,-2.4062,1.0965,10.3549,1403,1979.35
24594,-0.6285,0.2646,11.2372,1395,1979.35
24599,0.3843,0.4645,11.6669,1397,1979.35
24604,-1.6257,1.8974,10.5931,1397,1979.35
24609,-0.8056,2.7653,10.3669,1399,1979.35
24614,-0.3962,2.7773,10.8074,1399,1979.09
24619,-2.3236,1.2605,10.4267,1399,1979.09
24624,-1.0187,0.2322,11.054,1403,1979.09
24629,0.492,0.4345,11.734,1396,1979.09
24634,-1.6316,1.8603,10.7583,1397,1979.09
24639,-0.8607,2.727,10.3585,1401,1979.09
24644,-0.31,2.8096,10.8074,1405,1979.02
24649,-2.2386,1.3886,10.3525,1395,1979.02
24654,-1.421,0.2717,10.9702,1403,1979.02
24659,0.5734,0.3974,11.7747,1389,1979.02
24664,-1.5969,1.7358,10.8972,1397,1979.02
24669,-0.9673,2.7078,10.3178,1404,1979.02
24674,-0.3412,2.8359,10.8158,1403,1978.3
24679,-2.1739,1.494,10.4567,1403,1978.3
24684,-1.7693,0.2622,10.7967,1399,1978.3
24689,0.6895,0.3687,11.801,1391,1978.3
24694,-1.5215,1.5993,10.9499,1407,1978.3
24699,-0.9984,2.6588,10.2807,1405,1978.3
24704,-0.2454,2.7904,10.7967,1399,1977.52
24709,-2.0494,1.6125,10.4651,1399,1977.52
24714,-2.162,0.2777,10.6554,1397,1977.52
24719,0.7661,0.3843,11.8513,1391,1977.52
24724,-1.4988,1.4617,11.078,1403,1977.52
24729,-1.1085,2.654,10.2831,1401,1977.52
24734,-0.2203,2.788,10.7332,1402,1977.65
24739,-1.8783,1.7693,10.4962,1397,1977.65
24744,-2.5163,0.2717,10.5321,1391,1977.65
24749,0.8547,0.4022,11.9291,1400,1977.65
24754,-1.3659,1.2785,11.1654,1403,1977.65
24759,-1.1241,2.6552,10.2316,1401,1977.65
24764,-0.1736,2.7653,10.7212,1397,1977.98
24769,-1.6759,1.9034,10.5189,1397,1977.98
24774,-2.7054,0.3148,10.4088,1399,1977.98
24779,0.9026,0.3867,11.9447,1399,1977.98
24784,-1.2653,1.1337,11.2779,1395,1977.98
24789,-1.2091,2.6719,10.2484,1401,1977.98
24794,-0.1305,2.8,10.6195,1403,1978.17
24799,-1.5131,2.053,10.5058,1395,1978.17
24804,-2.9544,0.3663,10.4064,1401,1978.17
24809,0.9589,0.3352,11.9554,1391,1978.17
24814,-1.0654,1.0247,11.3605,1397,1978.17
24819,-1.2546,2.642,10.2208,1401,1978.17
24824,-0.1257,2.7928,10.5812,1403,1978.04
24829,-1.3815,2.1392,10.5333,1404,1978.04
24834,-2.9904,0.3543,10.3274,1397,1978.04
24839,0.99,0.3148,11.9746,1396,1978.04
24844,-0.8978,0.9194,11.4144,1391,1978.04
24849,-1.257,2.5845,10.161,1399,1978.04
24854,-0.1604,2.7641,10.5189,1403,1978.37
24859,-1.2378,2.2434,10.6434,1399,1978.37
24864,-3.055,0.4226,10.3154,1397,1978.37
24869,0.9158,0.2753,11.9686,1395,1978.37
24874,-0.6979,0.8176,11.4371,1391,1978.37
24879,-1.3396,2.5139,10.2687,1401,1978.37
24884,-0.1903,2.6923,10.495,1403,1978.5
24889,-1.069,2.3667,10.6841,1397,1978.5
24894,-2.9844,0.4681,10.2568,1399,1978.5
24899,0.8224,0.2921,11.892,1397,1978.5
24904,-0.5543,0.7302,11.4539,1391,1978.5
24909,-1.3324,2.4624,10.1718,1405,1978.5
24914,-0.2729,2.7054,10.4746,1405,1977.78
24919,-0.9553,2.4433,10.7643,1395,1977.78
24924,-2.8695,0.5662,10.2699,1400,1977.78
24929,0.7099,0.2334,11.7807,1400,1977.78
24934,-0.3244,0.6201,11.5029,1399,1977.78
24939,-1.415,2.3607,10.2268,1405,1977.78
24944,-0.3184,2.7318,10.4507,1399,1977.13
24949,-0.8308,2.5187,10.7967,1401,1977.13
24954,-2.7545,0.6835,10.3501,1397,1977.13
24959,0.4609,0.3005,11.7005,1399,1977.13
24964,-0.1281,0.6045,11.5281,1397,1977.13
24969,-1.4521,2.2529,10.2448,1391,1977.13
24974,-0.4226,2.745,10.4447,1400,1977.2
24979,-0.7147,2.5223,10.7619,1395,1977.2
24984,-2.6336,0.7997,10.3142,1395,1977.2
24989,0.1927,0.2454,11.5353,1405,1977.2
24994,0.0239,0.5267,11.5688,1391,1977.2
24999,-1.5239,2.1811,10.3681,1397,1977.2
25004,-0.5004,2.7461,10.325,1399,1976.87
25009,-0.5926,2.6815,10.8254,1397,1976.87
25014,-2.5666,0.9481,10.3094,1401,1976.87
25019,-0.097,0.2957,11.4108,1407,1976.87
25024,0.1556,0.4453,11.552,1395,1976.87
25029,-1.5766,2.0997,10.5309,1396,1976.87
25034,-0.5938,2.7677,10.3705,1397,1976.87
25039,-0.5578,2.7126,10.8469,1397,1976.81
25044,-2.4529,1.0714,10.3166,1403,1976.81
25049,-0.5219,0.2586,11.23,1397,1976.81
25054,0.2993,0.3986,11.5927,1391,1976.81
25059,-1.5646,1.9968,10.5668,1395,1976.81
25064,-0.7135,2.7402,10.3549,1388,1976.81
25069,-0.4944,2.7533,10.8673,1413,1976.61
25074,-2.3535,1.2019,10.4004,1400,1976.61
25079,-0.9074,0.2466,11.054,1403,1976.61
25084,0.4729,0.4381,11.7328,1391,1976.61
25089,-1.6185,1.8651,10.7129,1399,1976.61
25094,-0.8224,2.7066,10.3549,1401,1976.61
25099,-0.431,2.7725,10.8182,1403,1976.48
25104,-2.211,1.3515,10.3896,1399,1976.48
25109,-1.3587,0.2454,10.8266,1399,1976.48
25114,0.6273,0.4621,11.7208,1387,1976.48
25119,-1.6388,1.7202,10.8218,1399,1976.48
25124,-0.9409,2.6815,10.2771,1403,1976.48
25129,-0.2921,2.8299,10.8374,1398,1976.55
25134,-2.0758,1.4856,10.404,1403,1976.55
25139,-1.8747,0.2526,10.8026,1392,1976.55
25144,0.7661,0.4549,11.813,1391,1976.55
25149,-1.5814,1.5502,10.9894,1405,1976.55
25154,-1.0546,2.6863,10.3441,1397,1976.55
25159,-0.176,2.8108,10.8122,1401,1976.48
25164,-1.968,1.6137,10.4208,1396,1976.48
25169,-2.2122,0.3124,10.6183,1391,1976.48
25174,0.8224,0.4405,11.8309,1399,1976.48
25179,-1.4844,1.415,11.0899,1403,1976.48
25184,-1.1121,2.6264,10.3034,1401,1976.48
25189,-0.1508,2.8287,10.744,1401,1976.09
25194,-1.8148,1.8124,10.483,1395,1976.09
25199,-2.6252,0.3268,10.5177,1399,1976.09
25204,0.9433,0.395,11.9638,1399,1976.09
25209,-1.3503,1.2905,11.169,1395,1976.09
25214,-1.1648,2.6564,10.2843,1403,1976.09
25219,-0.1389,2.8192,10.6997,1399,1975.83
25224,-1.6544,1.9453,10.5752,1397,1975.83
25229,-2.8276,0.3472,10.3489,1407,1975.83
25234,0.9457,0.3496,11.9519,1397,1975.83
25239,-1.2067,1.1576,11.3042,1391,1975.83
25244,-1.1911,2.6552,10.2556,1399,1975.83
25249,-0.1341,2.8132,10.5716,1375,1976.15
25254,-1.5455,2.0542,10.6542,1402,1976.15
25259,-2.9616,0.346,10.3346,1399,1976.15
25264,0.9337,0.3352,11.9566,1395,1976.15
25269,-0.9804,0.9972,11.3318,1399,1976.15
25274,-1.2498,2.6025,10.2244,1402,1976.15
25279,-0.1652,2.7689,10.6123,1403,1976.61
25284,-1.2881,2.217,10.6626,1400,1976.61
25289,-2.988,0.3663,10.2568,1396,1976.61
25294,0.9158,0.2849,11.8992,1390,1976.61
25299,-0.7626,0.9026,11.4407,1395,1976.61
25304,-1.3288,2.5175,10.1945,1401,1976.61
25309,-0.1736,2.8048,10.5369,1403,1976.74
25314,-1.1492,2.3152,10.6973,1397,1976.74
25319,-2.9928,0.4693,10.2819,1398,1976.74
25324,0.8487,0.31,11.9159,1396,1976.74
25329,-0.5938,0.7937,11.4084,1389,1976.74
25334,-1.3791,2.4433,10.2161,1407,1976.74
25339,-0.1975,2.7809,10.4291,1405,1977.39
25344,-0.9888,2.4157,10.6889,1395,1977.39
25349,-2.9485,0.5471,10.2711,1399,1977.39
25354,0.7805,0.322,11.8585,1395,1977.39
25359,-0.4298,0.6764,11.4371,1398,1977.39
25364,-1.4102,2.4086,10.2256,1404,1977.39
25369,-0.2741,2.8132,10.4327,1401,1977.91
25374,-0.8523,2.4541,10.7476,1399,1977.91
25379,-2.8503,0.6141,10.2819,1395,1977.91
25384,0.5626,0.3543,11.7986,1399,1977.91
25389,-0.267,0.5507,11.4874,1401,1977.91
25394,-1.4413,2.3774,10.2771,1400,1977.91
25399,-0.3364,2.7461,10.4279,1405,1978.63
25404,-0.741,2.5786,10.7392,1399,1978.63
25409,-2.739,0.7805,10.3011,1395,1978.63
25414,0.3496,0.2622,11.6059,1405,1978.63
25419,-0.0802,0.4884,11.5401,1392,1978.63
25424,-1.5119,2.2984,10.3633,1397,1978.63
25429,-0.4142,2.7892,10.41,1404,1979.09
25434,-0.7111,2.6408,10.7978,1397,1979.09
25439,-2.6492,0.8571,10.3801,1400,1979.09
25444,0.0431,0.2298,11.4503,1405,1979.09
25449,0.0778,0.4369,11.564,1387,1979.09
25454,-1.5467,2.1524,10.337,1399,1979.09
25459,-0.5207,2.745,10.404,1401,1979.09
25464,-0.6428,2.6935,10.8421,1398,1979.02
25469,-2.4936,0.9804,10.3334,1405,1979.02
25474,-0.2131,0.237,11.3737,1401,1979.02
25479,0.2346,0.486,11.5568,1397,1979.02
25484,-1.5933,2.0339,10.5273,1397,1979.02
25489,-0.7099,2.721,10.3621,1391,1979.02
25494,-0.4944,2.7461,10.8769,1406,1979.54
25499,-2.3966,1.0451,10.3513,1401,1979.54
25504,-0.5531,0.2538,11.2288,1397,1979.54
25509,0.3819,0.4645,11.582,1391,1979.54
25514,-1.6161,1.968,10.6087,1399,1979.54
25519,-0.759,2.7162,10.2903,1398,1979.54
25524,-0.3819,2.8335,10.8816,1405,1979.74
25529,-2.2901,1.1636,10.3813,1397,1979.74
25534,-0.9313,0.2442,11.0421,1403,1979.74
25539,0.5195,0.4489,11.6945,1391,1979.74
25544,-1.6496,1.8675,10.6997,1397,1979.74
25549,-0.9038,2.721,10.3537,1405,1979.74
25554,-0.3112,2.7928,10.8445,1405,1979.87
25559,-2.2613,1.336,10.4327,1405,1979.87
25564,-1.3348,0.2777,10.9247,1401,1979.87
25569,0.6141,0.4513,11.7256,1389,1979.87
25574,-1.5826,1.7549,10.811,1402,1979.87
25579,-0.9206,2.7043,10.3657,1407,1979.87
25584,-0.3136,2.7988,10.799,1395,1980.33
25589,-2.1524,1.482,10.4854,1401,1980.33
25594,-1.7418,0.2777,10.8218,1399,1980.33
25599,0.6871,0.4214,11.8417,1391,1980.33
25604,-1.6029,1.6089,10.9032,1406,1980.33
25609,-1.0451,2.7198,10.307,1403,1980.33
25614,-0.2502,2.8252,10.7907,1399,1980.59
25619,-2.0231,1.573,10.4758,1399,1980.59
25624,-2.0279,0.2562,10.6386,1390,1980.59
25629,0.7207,0.3663,11.7448,1397,1980.59
25634,-1.4904,1.5383,11.0899,1403,1980.59
25639,-1.0475,2.6528,10.3022,1399,1980.59
25644,-0.2143,2.8,10.8326,1400,1980.39
25649,-1.9716,1.7238,10.4878,1399,1980.39
25654,-2.3415,0.2861,10.6362,1394,1980.39
25659,0.8104,0.3783,11.8178,1399,1980.39
25664,-1.4222,1.4018,11.1007,1395,1980.39
25669,-1.1396,2.6707,10.2592,1399,1980.39
25674,-0.1867,2.8096,10.7691,1401,1980.2
25679,-1.7669,1.8268,10.5046,1395,1980.2
25684,-2.5582,0.2526,10.5058,1399,1980.2
25689,0.8739,0.3472,11.9195,1397,1980.2
25694,-1.2977,1.2809,11.2085,1389,1980.2
25699,-1.172,2.6564,10.2197,1404,1980.2
25704,-0.1448,2.8204,10.7009,1401,1980.0
25709,-1.646,1.9692,10.5764,1397,1980.0
25714,-2.8395,0.2598,10.3765,1401,1980.0
25719,0.9218,0.3484,11.9531,1395,1980.0
25724,-1.1911,1.1133,11.23,1397,1980.0
25729,-1.2043,2.6288,10.2699,1400,1980.0
25734,-0.097,2.8012,10.6303,1401,1980.0
25739,-1.4569,2.0865,10.5441,1401,1980.0
25744,-2.9772,0.3232,10.2879,1391,1980.0
25749,0.9337,0.3926,11.9171,1397,1980.0
25754,-0.996,0.9936,11.3605,1389,1980.0
25759,-1.2701,2.6013,10.1945,1399,1980.0
25764,-0.0754,2.8287,10.6745,1401,1979.87
25769,-1.3264,2.1751,10.5955,1403,1979.87
25774,-3.0418,0.3819,10.3441,1390,1979.87
25779,0.9278,0.3508,11.9351,1391,1979.87
25784,-0.9074,0.8643,11.4179,1391,1979.87
25789,-1.2869,2.5989,10.234,1400,1979.87
25794,-0.1209,2.8024,10.5345,1404,1979.48
25799,-1.1971,2.302,10.5584,1399,1979.48
25804,-3.0071,0.4585,10.2987,1389,1979.48
25809,0.9206,0.3376,11.8716,1396,1979.48
25814,-0.7302,0.8176,11.3784,1391,1979.48
25819,-1.3348,2.5642,10.2173,1405,1979.48
25824,-0.1975,2.7426,10.4746,1405,1978.7
25829,-1.063,2.4014,10.6422,1397,1978.7
25834,-3.0047,0.498,10.2927,1399,1978.7
25839,0.8068,0.3148,11.8657,1395,1978.7
25844,-0.5136,0.7422,11.4586,1397,1978.7
25849,-1.3791,2.4469,10.2101,1405,1978.7
25854,-0.2909,2.7102,10.4267,1397,1977.85
25859,-0.9158,2.4995,10.7703,1395,1977.85
25864,-2.8647,0.571,10.2496,1399,1977.85
25869,0.6883,0.2897,11.7783,1399,1977.85
25874,-0.3591,0.6764,11.4634,1397,1977.85
25879,-1.4305,2.3691,10.2077,1401,1977.85
25884,-0.346,2.7246,10.4232,1407,1977.78
25889,-0.7518,2.5642,10.7476,1399,1977.78
25894,-2.8132,0.644,10.3022,1395,1977.78
25899,0.407,0.2502,11.7352,1403,1977.78
25904,-0.1437,0.5674,11.4886,1391,1977.78
25909,-1.4617,2.2661,10.2963,1389,1977.78
25914,-0.4226,2.7581,10.4555,1405,1977.78
25919,-0.6476,2.6217,10.8062,1395,1977.78
25924,-2.6217,0.8176,10.2975,1397,1977.78
25929,0.1867,0.2717,11.5041,1413,1977.78
25934,0.0144,0.5495,11.558,1384,1977.78
25939,-1.5155,2.241,10.3046,1399,1977.78
25944,-0.504,2.7892,10.3741,1389,1977.78
25949,-0.5626,2.6336,10.7787,1398,1978.83
25954,-2.5798,0.917,10.3346,1403,1978.83
25959,-0.1484,0.261,11.4814,1403,1978.83
25964,0.1844,0.5183,11.5281,1390,1978.83
25969,-1.6005,2.0782,10.4878,1392,1978.83
25974,-0.6297,2.8012,10.3621,1391,1978.83
25979,-0.4896,2.6851,10.799,1405,1978.63
25984,-2.4469,1.0343,10.3118,1399,1978.63
25989,-0.4693,0.2717,11.2755,1395,1978.63
25994,0.2586,0.4537,11.5269,1395,1978.63
25999,-1.5874,2.0339,10.5321,1391,1978.63
26004,-0.7602,2.7569,10.3884,1397,1978.63
26009,-0.4764,2.7641,10.8828,1407,1978.17
26014,-2.3631,1.1684,10.3597,1399,1978.17
26019,-0.838,0.2837,11.1247,1399,1978.17
26024,0.3807,0.4405,11.6358,1396,1978.17
26029,-1.6364,1.9585,10.6698,1399,1978.17
26034,-0.8236,2.7306,10.3717,1405,1978.17
26039,-0.4214,2.7785,10.8864,1403,1978.11
26044,-2.2338,1.2797,10.4004,1401,1978.11
26049,-1.3156,0.2298,10.9391,1397,1978.11
26054,0.5555,0.4693,11.6909,1389,1978.11
26059,-1.6065,1.8052,10.7883,1399,1978.11
26064,-0.9122,2.7019,10.3394,1405,1978.11
26069,-0.3448,2.788,10.8589,1398,1978.3
26074,-2.132,1.4389,10.4722,1405,1978.3
26079,-1.6831,0.2131,10.8242,1391,1978.3
26084,0.6716,0.4537,11.7974,1391,1978.3
26089,-1.5371,1.6436,10.896,1403,1978.3
26094,-1.0092,2.7031,10.2711,1403,1978.3
26099,-0.2526,2.818,10.8661,1399,1978.3
26104,-2.0087,1.5909,10.4351,1399,1978.3
26109,-2.0925,0.2526,10.6937,1395,1978.3
26114,0.8045,0.4633,11.807,1397,1978.3
26119,-1.5095,1.4724,11.0133,1403,1978.3
26124,-1.0738,2.6707,10.2627,1399,1978.3
26129,-0.1532,2.8347,10.8074,1395,1977.91
26134,-1.8567,1.6891,10.4675,1398,1977.91
26139,-2.4648,0.2789,10.6183,1399,1977.91
26144,0.8775,0.4178,11.8573,1398,1977.91
26149,-1.4162,1.3587,11.1582,1395,1977.91
26154,-1.1552,2.6695,10.2891,1392,1977.91
26159,-0.1161,2.8599,10.7763,1397,1977.65
26164,-1.7657,1.8423,10.5165,1395,1977.65
26169,-2.7019,0.3256,10.4579,1404,1977.65
26174,0.9278,0.3519,11.9052,1399,1977.65
26179,-1.2869,1.2498,11.242,1392,1977.65
26184,-1.1911,2.6743,10.2544,1403,1977.65
26189,-0.1185,2.8144,10.6099,1399,1977.98
26194,-1.6113,1.9956,10.5524,1401,1977.98
26199,-2.891,0.2981,10.3777,1401,1977.98
26204,0.8607,0.2993,11.9183,1391,1977.98
26209,-0.571,0.7638,11.4467,1399,1977.98
26214,-1.3264,2.4624,10.2065,1399,1977.98
26219,-0.2322,2.745,10.5129,1400,1977.91
26224,-0.9158,2.4541,10.7524,1401,1977.91
26229,-2.9245,0.5291,10.252,1390,1977.91
26234,0.6764,0.2981,11.8034,1395,1977.91
26239,-0.3555,0.6656,11.4598,1391,1977.91
26244,-1.4102,2.4074,10.1622,1398,1977.91
26249,-0.3065,2.7593,10.4806,1403,1977.91
26254,-0.7853,2.5043,10.8038,1398,1977.91
26259,-2.7833,0.6189,10.3082,1399,1977.91
26264,0.5112,0.2945,11.6849,1391,1977.91
26269,-0.1832,0.6129,11.5041,1396,1977.91
26274,-1.4736,2.2996,10.2556,1405,1977.91
26279,-0.3579,2.7761,10.4543,1407,1977.65
26284,-0.6548,2.5379,10.7308,1395,1977.65
26289,-2.7282,0.7769,10.3094,1401,1977.65
26294,0.2933,0.3232,11.5951,1397,1977.65
26299,-0.0168,0.5339,11.4634,1395,1977.65
26304,-1.5359,2.2482,10.3238,1407,1977.65
26309,-0.4298,2.7928,10.3813,1399,1977.52
26314,-0.5974,2.6743,10.7907,1395,1977.52
26319,-2.6336,0.893,10.3154,1395,1977.52
26324,-0.0658,0.2933,11.485,1400,1977.52
26329,0.1065,0.4597,11.5484,1397,1977.52
26334,-1.5359,2.1608,10.4495,1401,1977.52
26339,-0.5507,2.7342,10.3418,1407,1977.33
26344,-0.5435,2.6995,10.8721,1397,1977.33
26349,-2.5127,0.9912,10.313,1395,1977.33
26354,-0.3783,0.2993,11.321,1405,1977.33
26359,0.2586,0.4501,11.6215,1397,1977.33
26364,-1.6281,2.0482,10.5381,1394,1977.33
26369,-0.7051,2.739,10.3573,1405,1977.2
26374,-0.4908,2.739,10.8613,1399,1977.2
26379,-2.3559,1.1971,10.3729,1395,1977.2
26384,-0.808,0.2682,11.1486,1407,1977.2
26389,0.3926,0.4322,11.6502,1387,1977.2
26394,-1.6137,1.9441,10.6326,1399,1977.2
26399,-0.8296,2.7162,10.3729,1398,1977.2
26404,-0.4334,2.7904,10.8912,1395,1977.33
26409,-2.2936,1.2294,10.4064,1403,1977.33
26414,-1.2462,0.2083,10.9642,1401,1977.33
26419,0.5614,0.4896,11.71,1395,1977.33
26424,-1.5909,1.7693,10.7428,1399,1977.33
26429,-0.9062,2.6935,10.4052,1397,1977.33
26434,-0.2909,2.7916,10.8254,1407,1977.78
26439,-2.1548,1.3635,10.4208,1401,1977.78
26444,-1.6544,0.2322,10.8469,1399,1977.78
26449,0.7326,0.4405,11.7531,1395,1977.78
26454,-1.5993,1.658,10.8996,1397,1977.78
26459,-1.0092,2.6528,10.3346,1400,1977.78
26464,-0.2011,2.8862,10.8517,1407,1978.3
26469,-2.0794,1.5083,10.4603,1394,1978.3
26474,-2.0937,0.2933,10.6829,1402,1978.3
26479,0.723,0.4274,11.7998,1391,1978.3
26484,-1.5359,1.5299,11.0552,1396,1978.3
26489,-1.1073,2.6516,10.313,1407,1978.3
26494,-0.1712,2.8575,10.8218,1415,1978.3
26499,-1.9213,1.5969,10.4794,1417,1978.3
26504,-2.4193,0.2753,10.659,1415,1978.3
26509,0.911,0.4812,11.8453,1400,1978.3
26514,-1.6065,1.4102,11.1438,1407,1978.3
26519,-1.063,2.6528,10.2436,1421,1978.3
26524,-0.006,2.8754,10.7141,1419,2002.4
26529,-1.7945,1.7741,10.5285,1401,2002.4
26534,-2.4181,0.2011,10.5512,1407,2002.4
26539,0.723,0.2274,11.8621,1397,2002.4
26544,-1.5694,1.5095,11.0624,1399,2002.4
26549,-1.0726,2.7461,10.228,1400,2002.4
26554,-0.0192,2.9497,10.7284,1405,2043.46
26559,-1.8914,1.6472,10.4902,1399,2043.46
26564,-1.8292,0.073,10.8433,1405,2043.46
26569,0.4549,0.2251,11.7519,1397,2043.46
26574,-1.5538,1.7968,10.8122,1415,2043.46
26579,-0.9206,2.709,10.307,1423,2063.77
26584,-0.1592,2.909,10.811,1417,2063.77
26589,-2.132,1.397,10.3322,1416,2063.77
26594,-0.644,0.0168,11.3258,1403,2063.77
26599,0.1125,0.2538,11.6514,1403,2063.77
26604,-1.5203,2.2398,10.3465,1401,2063.77
26609,-0.407,2.9197,10.3274,1407,2109.93
26614,-0.255,2.8599,10.7799,1401,2109.93
26619,-3.1053,0.644,10.2747,1396,2109.93
26624,0.0778,-0.1161,11.8549,1397,2109.93
26629,-0.8212,0.6237,11.5652,1407,2109.93
26634,-1.1744,2.709,10.1143,1415,2109.93
26639,0.0156,3.0825,10.5321,1407,2146.08
26644,-1.0163,2.2326,10.6135,1407,2146.08
26649,-2.5905,0.0634,10.6973,1423,2146.08
26654,0.0251,-0.1724,11.9195,1423,2146.08
26659,-1.3994,1.6843,10.8014,1427,2146.08
26664,-0.7123,3.0107,10.1909,1417,2170.45
26669,-0.1317,3.0801,10.6698,1417,2170.45
26674,-2.5031,1.1241,10.2508,1413,2170.45
26679,-0.2885,-0.3005,11.6765,1412,2170.45
26684,-0.7913,0.3184,11.5831,1407,2170.45
26689,-1.0523,2.6671,10.1885,1405,2170.45
26694,0.0599,3.2836,10.4914,1403,2219.76
26699,-0.7805,2.2422,10.507,1397,2219.76
26704,-2.2134,-0.091,10.7236,1400,2219.76
26709,-0.346,-0.1089,11.825,1399,2219.76
26714,-1.2845,2.0327,10.6195,1403,2219.76
26719,-0.4717,3.055,10.3226,1403,2248.2
26724,-0.1113,2.879,10.7272,1406,2248.2
26729,-3.1843,0.4645,10.3441,1405,2248.2
26734,-0.431,-0.3017,11.9112,1401,2248.2
26739,-1.3276,1.0044,11.224,1423,2248.2
26744,-0.7362,2.7713,10.2532,1427,2265.86
26749,0.255,3.4405,10.6075,1417,2265.86
26754,-2.0865,1.3635,10.3298,1403,2265.86
26759,-0.7937,-0.4752,11.564,1400,2265.86
26764,-1.1636,0.3292,11.6358,1403,2265.86
26769,-0.8021,2.7378,10.082,1419,2311.25
26774,0.3926,3.5207,10.5943,1406,2311.25
26779,-0.9122,2.0219,10.489,1407,2311.25
26784,-1.4629,-0.3903,11.1318,1406,2311.25
26789,-0.9601,-0.0084,11.7723,1407,2311.25
26794,-0.8978,2.5462,10.1251,1400,2311.25
26799,0.182,3.4776,10.5812,1402,2342.83
26804,-0.4633,2.3487,10.6662,1405,2342.83
26809,-2.0016,-0.2394,10.908,1397,2342.83
26814,-0.917,-0.1161,11.7292,1413,2342.83
26819,-0.9601,2.3439,10.2915,1413,2342.83
26824,0.0611,3.31,10.3992,1397,2358.58
26829,-0.1832,2.5606,10.8086,1402,2358.58
26834,-2.46,-0.085,10.7248,1395,2358.58
26839,-0.9529,-0.1927,11.8106,1398,2358.58
26844,-1.1205,2.1416,10.3513,1413,2358.58
26849,-0.0084,3.2417,10.4303,1407,2366.3
26854,-0.0192,2.7366,10.8014,1397,2366.3
26859,-2.7473,0.0754,10.6686,1405,2366.3
26864,-0.9996,-0.4094,11.789,1415,2366.3
26869,-1.2234,1.8555,10.4782,1421,2366.3
26874,-0.0239,3.2669,10.3477,1427,2377.18
26879,0.0994,2.982,10.7404,1405,2377.18
26884,-2.9233,0.1844,10.6482,1405,2377.18
26889,-1.1396,-0.4561,11.8286,1404,2377.18
26894,-1.3204,1.8268,10.5153,1419,2377.18
26899,0.0682,3.158,10.337,1407,2418.38
26904,0.3567,2.8838,10.8086,1407,2418.38
26909,-2.8383,0.0539,10.726,1401,2418.38
26914,-1.2929,-0.3328,11.7472,1404,2418.38
26919,-1.1025,2.0219,10.3657,1416,2418.38
26924,0.1808,3.2813,10.331,1400,2444.99
26929,0.2143,2.7892,10.8745,1405,2444.99
26934,-2.4828,-0.1532,10.9164,1403,2444.99
26939,-1.4485,-0.249,11.8214,1402,2444.99
26944,-0.8056,2.3152,10.2496,1399,2444.99
26949,0.3496,3.4704,10.4256,1398,2458.31
26954,-0.0599,2.5043,10.8266,1405,2458.31
26959,-2.0231,-0.3938,11.0899,1395,2458.31
26964,-1.5443,-0.0778,11.7172,1399,2458.31
26969,-0.5363,2.5199,10.1789,1407,2465.18
26974,0.48,3.626,10.4615,1407,2465.18
26979,-0.6716,2.1284,10.7727,1397,2465.18
26984,-1.7526,-0.5866,11.1977,1395,2465.18
26989,-1.6664,0.2274,11.57,1399,2465.18
26994,-0.2741,2.6121,10.0233,1405,2468.93
26999,0.6812,3.6727,10.568,1397,2468.93
27004,-1.573,1.6005,10.6841,1405,2468.93
27009,-1.5443,-0.6488,11.4491,1391,2468.93
27014,-1.7214,0.5602,11.3749,1405,2468.93
27019,-0.1053,2.6767,10.0449,1397,2470.86
27024,0.7374,3.5901,10.6578,1406,2470.86
27029,-2.5007,1.1648,10.574,1407,2470.86
27034,-1.5131,-0.6656,11.6143,1399,2470.86
27039,-1.7178,1.0403,11.0636,1399,2470.86
27044,-0.0156,2.7414,10.1897,1400,2472.09
27049,0.735,3.3567,10.7835,1407,2472.09
27054,-3.0454,0.7123,10.5967,1401,2472.09
27059,-1.5443,-0.5327,11.6717,1399,2472.09
27064,-1.5574,1.5634,10.8218,1395,2472.09
27069,0.0682,2.8982,10.222,1407,2472.8
27074,0.6309,3.0155,10.8697,1399,2472.8
27079,-3.1089,0.2586,10.6949,1395,2472.8
27084,-1.5323,-0.316,11.7436,1401,2472.8
27089,-1.2462,1.9429,10.5632,1413,2472.8
27094,0.1903,3.1292,10.2963,1389,2473.0
27099,0.4106,2.6971,10.9152,1403,2473.0
27104,-2.5355,-0.0946,10.8206,1403,2473.0
27109,-1.5622,-0.1149,11.734,1405,2473.0
27114,-0.8092,2.3044,10.2232,1399,2473.0
27119,0.3962,3.4393,10.4184,1397,2473.0
27124,-0.0958,2.3727,10.8745,1403,2473.0
27129,-2.047,-0.4034,11.0911,1395,2473.0
27134,-1.634,0.0934,11.6646,1396,2473.0
27139,-0.4226,2.5187,10.1586,1404,2472.7
27144,0.6153,3.5985,10.4327,1403,2472.7
27149,-0.8428,2.0075,10.8146,1397,2472.7
27154,-1.7573,-0.6189,11.3234,1395,2472.7
27159,-1.7669,0.3783,11.5808,1399,2472.7
27164,-0.1772,2.6468,10.1059,1397,2471.78
27169,0.7458,3.5769,10.5524,1399,2471.78
27174,-1.8064,1.5036,10.6458,1407,2471.78
27179,-1.5945,-0.7015,11.4838,1395,2471.78
27184,-1.8064,0.7721,11.3425,1403,2471.78
27189,-0.0287,2.7019,10.1359,1403,2471.98
27194,0.7805,3.5087,10.6925,1407,2471.98
27199,-2.6863,0.972,10.5153,1407,2471.98
27204,-1.5502,-0.6488,11.6418,1391,2471.98
27209,-1.6999,1.172,11.0445,1399,2471.98
27214,0.0706,2.8204,10.2005,1399,2472.39
27219,0.6931,3.2417,10.823,1405,2472.39
27224,-3.1137,0.5447,10.5536,1400,2472.39
27229,-1.5598,-0.5315,11.7543,1399,2472.39
27234,-1.4485,1.6508,10.7021,1399,2472.39
27239,0.1772,3.0347,10.24,1407,2472.7
27244,0.6249,2.9568,10.8314,1399,2472.7
27249,-2.9592,0.1891,10.6901,1395,2472.7
27254,-1.567,-0.3112,11.7376,1404,2472.7
27259,-1.1337,2.0877,10.5321,1396,2472.7
27264,0.2586,3.219,10.3058,1396,2473.1
27269,0.3903,2.7031,10.9235,1401,2473.1
27274,-2.4409,-0.1999,10.8026,1400,2473.1
27279,-1.5933,-0.0658,11.7388,1399,2473.1
27284,-0.7314,2.3774,10.2747,1401,2473.51
27289,0.4717,3.4967,10.4555,1391,2473.51
27294,-0.1592,2.2781,10.8086,1406,2473.51
27299,-1.9393,-0.48,11.1007,1391,2473.51
27304,-1.7178,0.0958,11.661,1403,2473.51
27309,-0.3771,2.5941,10.0832,1402,2474.43
27314,0.6596,3.65,10.5058,1403,2474.43
27319,-1.0534,1.8184,10.7105,1401,2474.43
27324,-1.6197,-0.6823,11.3737,1399,2474.43
27329,-1.7921,0.4202,11.4515,1405,2474.43
27334,-0.1437,2.6671,10.0724,1404,2474.53
27339,0.82,3.644,10.6171,1399,2474.53
27344,-2.1033,1.3671,10.6458,1405,2474.53
27349,-1.5886,-0.6847,11.5017,1401,2474.53
27354,-1.7921,0.8691,11.2061,1399,2474.53
27359,-0.0515,2.6971,10.1095,1403,2474.64
27364,0.7925,3.4728,10.7296,1400,2474.64
27369,-2.8946,0.8416,10.5931,1415,2474.64
27374,-1.5634,-0.5483,11.6083,1383,2474.64
27379,-1.6604,1.3467,10.9235,1402,2474.64
27384,0.0431,2.8311,10.1885,1395,2474.94
27389,0.7398,3.1891,10.8457,1405,2474.94
27394,-3.146,0.4046,10.6027,1398,2474.94
27399,-1.5993,-0.3915,11.7424,1399,2474.94
27404,-1.3396,1.8112,10.6099,1407,2474.94
27409,0.1808,3.0394,10.3453,1401,2474.74
27414,0.4681,2.8503,10.8876,1405,2474.74
27419,-2.7928,0.0359,10.7943,1395,2474.74
27424,-1.567,-0.2263,11.6502,1414,2474.74
27429,-0.9158,2.1895,10.3238,1399,2474.74
27434,0.3077,3.31,10.4351,1397,2474.74
27439,0.1544,2.5115,10.884,1400,2474.74
27444,-2.2314,-0.3184,10.9774,1397,2474.74
27449,-1.6137,0.0239,11.7184,1395,2474.74
27454,-0.5411,2.4864,10.1586,1405,2475.45
27459,0.5136,3.4979,10.4734,1401,2475.45
27464,-0.4681,2.1117,10.7775,1397,2475.45
27469,-1.8447,-0.565,11.2025,1395,2475.45
27474,-1.7202,0.2777,11.631,1389,2475.45
27479,-0.2167,2.6037,10.1191,1439,2476.78
27484,0.7494,3.3938,10.6338,1431,2476.78
27489,-1.4916,1.8352,10.4902,1431,2476.78
27494,-1.7765,-0.5399,11.479,1421,2476.78
27499,-2.1608,0.6632,11.394,1427,2476.78
27504,0.2634,2.6971,10.1263,1423,2534.43
27509,1.1325,3.5518,10.5309,1421,2534.43
27514,-3.0155,0.832,10.744,1407,2534.43
27519,-2.211,-0.6931,11.7579,1405,2534.43
27524,-1.6101,1.7346,10.6147,1416,2534.43
27529,0.65,3.1005,10.2268,1405,2600.67
27534,1.172,2.8347,10.9188,1417,2600.67
27539,-2.642,-0.3508,11.2156,1399,2600.67
27544,-2.6252,0.0431,11.3988,1402,2600.67
27549,0.0024,2.575,10.1718,1407,2635.28
27554,1.2198,3.705,10.3956,1407,2635.28
27559,-1.7526,1.4916,11.1318,1416,2635.28
27564,-2.5259,-0.8643,11.4096,1402,2635.28
27569,-2.1356,1.3886,10.6506,1415,2635.28
27574,0.7937,2.8335,10.2627,1401,2653.22
27579,1.555,2.9772,10.8733,1414,2653.22
27584,-2.9209,-0.1472,11.2599,1396,2653.22
27589,-2.8407,0.085,11.2887,1398,2653.22
27594,-0.1568,2.6061,10.2125,1405,2663.0
27599,1.2977,3.6021,10.3154,1415,2663.0
27604,-1.3515,1.5167,11.1857,1407,2663.0
27609,-2.6193,-0.9182,11.3377,1399,2663.0
27614,-2.2458,1.3994,10.6231,1415,2663.0
27619,0.8404,2.806,10.3597,1391,2668.21
27624,1.5838,2.9221,10.902,1404,2668.21
27629,-2.8563,-0.1065,11.3581,1391,2668.21
27634,-2.8886,0.1568,11.2767,1400,2668.21
27639,-0.0503,2.6348,10.2208,1404,2670.82
27644,1.3096,3.614,10.3597,1405,2670.82
27649,-1.3803,1.3982,11.1845,1413,2670.82
27654,-2.6576,-0.9218,11.3713,1396,2670.82
27659,-2.2051,1.4246,10.5776,1417,2670.82
27664,0.8691,2.8371,10.3286,1397,2672.37
27669,1.4928,2.8802,10.9463,1403,2672.37
27674,-2.9125,-0.1053,11.3545,1395,2672.37
27679,-2.8706,0.1903,11.2061,1397,2672.37
27684,0.0479,2.6312,10.1155,1400,2673.56
27689,1.2953,3.5602,10.4124,1407,2673.56
27694,-1.5814,1.3192,11.2037,1417,2673.56
27699,-2.6803,-0.9098,11.4443,1399,2673.56
27704,-2.1452,1.482,10.5596,1415,2673.56
27709,0.8763,2.9066,10.3453,1399,2674.27
27714,1.5574,2.8156,10.8194,1405,2674.27
27719,-2.8419,-0.1676,11.4072,1391,2674.27
27724,-2.9209,0.2023,11.169,1405,2674.27
27729,0.1317,2.6528,10.1766,1401,2674.27
27734,1.3084,3.5111,10.3525,1399,2674.27
27739,-1.8004,1.2438,11.2803,1403,2674.27
27744,-2.7222,-0.8475,11.3976,1401,2674.27
27749,-2.0207,1.6723,10.4806,1414,2674.27
27754,0.9589,2.9509,10.3262,1416,2674.15
27759,1.506,2.7282,10.9247,1406,2674.15
27764,-2.7557,-0.3029,11.3509,1391,2674.15
27769,-2.9305,0.2454,11.1402,1407,2674.15
27774,0.1832,2.6767,10.2125,1403,2674.27
27779,1.3096,3.5913,10.398,1401,2674.27
27784,-2.0901,1.1971,11.2647,1401,2674.27
27789,-2.7533,-0.8033,11.3904,1396,2674.27
27794,-1.9453,1.749,10.4291,1399,2674.27
27799,0.9804,2.9748,10.3777,1399,2674.51
27804,1.4748,2.6049,10.9463,1399,2674.51
27809,-2.6145,-0.4202,11.4,1395,2674.51
27814,-2.897,0.3591,11.0157,1408,2674.51
27819,0.2646,2.7126,10.2568,1403,2674.51
27824,1.3862,3.6176,10.3549,1404,2674.51
27829,-2.2793,1.1444,11.2839,1397,2674.51
27834,-2.794,-0.7446,11.4,1396,2674.51
27839,-1.8076,1.8112,10.4351,1398,2674.51
27844,0.9541,3.0059,10.2795,1397,2674.27
27849,1.3886,2.5319,11.0061,1399,2674.27
27854,-2.6384,-0.5495,11.4191,1397,2674.27
27859,-2.8623,0.4489,11.0588,1407,2674.27
27864,0.3508,2.7126,10.1849,1402,2673.08
27869,1.3934,3.6188,10.4088,1406,2673.08
27874,-2.4445,1.0283,11.2803,1397,2673.08
27879,-2.7438,-0.6572,11.3509,1401,2673.08
27884,-1.7286,1.8543,10.4124,1402,2673.08
27889,0.9158,3.0167,10.3513,1395,2671.3
27894,1.2043,2.4864,11.1199,1397,2671.3
27899,-2.6516,-0.5878,11.3473,1399,2671.3
27904,-2.8479,0.5327,11.0409,1403,2671.3
27909,0.4729,2.7366,10.2568,1405,2670.94
27914,1.4353,3.5889,10.4184,1413,2670.94
27919,-2.4995,0.9349,11.2551,1400,2670.94
27924,-2.7282,-0.7123,11.3389,1404,2670.94
27929,-1.6496,1.8711,10.3645,1399,2670.94
27934,0.9421,3.0406,10.3178,1395,2670.94
27939,1.1576,2.4576,11.054,1400,2670.94
27944,-2.6468,-0.5351,11.4359,1397,2670.94
27949,-2.873,0.5327,11.0864,1400,2670.94
27954,0.5207,2.7162,10.1957,1401,2670.7
27959,1.4533,3.4955,10.4615,1414,2670.7
27964,-2.5893,0.8547,11.218,1399,2670.7
27969,-2.788,-0.68,11.3473,1406,2670.7
27974,-1.5323,1.9429,10.2879,1397,2670.7
27979,0.9565,3.0909,10.3441,1395,2671.06
27984,1.148,2.4385,11.0445,1399,2671.06
27989,-2.5941,-0.559,11.4467,1397,2671.06
27994,-2.7785,0.5543,10.999,1403,2671.06
27999,0.4525,2.6935,10.2448,1405,2670.23
28004,1.3575,3.4357,10.4531,1415,2670.23
28009,-2.7318,0.8188,11.3234,1396,2670.23
28014,-2.806,-0.6381,11.3725,1406,2670.23
28019,-1.5095,2.0027,10.3394,1399,2670.23
28024,1.0451,3.1544,10.3777,1401,2669.87
28029,1.1085,2.3667,11.0923,1397,2669.87
28034,-2.5618,-0.6752,11.3689,1399,2669.87
28039,-2.806,0.5674,10.9188,1399,2669.87
28044,0.5207,2.6803,10.2448,1398,2670.35
28049,1.4186,3.4788,10.4399,1406,2670.35
28054,-2.8276,0.8547,11.3054,1397,2670.35
28059,-2.873,-0.4944,11.4323,1407,2670.35
28064,-1.4401,2.1009,10.3178,1401,2670.35
28069,1.0534,3.1304,10.3322,1397,2670.7
28074,1.0355,2.247,11.0756,1390,2670.7
28079,-2.5271,-0.7673,11.4144,1391,2670.7
28084,-2.8048,0.6333,11.0133,1401,2670.7
28089,0.5447,2.7162,10.2939,1403,2670.7
28094,1.4856,3.4919,10.4567,1403,2670.7
28099,-2.8371,0.8248,11.2994,1401,2670.7
28104,-2.8647,-0.5028,11.3617,1413,2670.7
28109,-1.3408,2.1033,10.3286,1401,2669.99
28114,1.0331,3.1161,10.3011,1403,2669.99
28119,0.8631,2.2266,11.1941,1398,2669.99
28124,-2.5606,-0.8092,11.3928,1391,2669.99
28129,-2.7988,0.7135,10.981,1401,2669.99
28134,0.6129,2.7557,10.2807,1407,2671.18
28139,1.5622,3.5075,10.4471,1403,2671.18
28144,-2.8395,0.7661,11.2144,1398,2671.18
28149,-2.7916,-0.4645,11.3377,1413,2671.18
28154,-1.2629,2.1009,10.3154,1403,2669.99
28159,1.0139,3.134,10.3657,1403,2669.99
28164,0.7649,2.2326,11.1127,1399,2669.99
28169,-2.5869,-0.808,11.4491,1391,2669.99
28174,-2.7845,0.7542,10.9762,1399,2669.99
28179,0.6668,2.7689,10.1813,1400,2669.87
28184,1.5203,3.4297,10.4878,1401,2669.87
28189,-2.8934,0.668,11.2468,1398,2669.87
28194,-2.8718,-0.4717,11.3701,1415,2669.87
28199,-1.2055,2.1308,10.343,1407,2670.23
28204,1.0139,3.2154,10.3561,1403,2670.23
28209,0.6823,2.1943,11.1845,1399,2670.23
28214,-2.5582,-0.7063,11.406,1403,2670.23
28219,-2.7701,0.7901,10.89,1401,2670.23
28224,0.6752,2.7749,10.1885,1400,2670.58
28229,1.5024,3.3627,10.5189,1389,2670.58
28234,-2.9652,0.6189,11.3114,1397,2670.58
28239,-2.9197,-0.4597,11.3928,1420,2670.58
28244,-1.1839,2.0961,10.2819,1445,2674.04
28249,1.0654,3.0969,10.4016,1436,2674.04
28254,0.8428,2.4888,10.8864,1433,2674.04
28259,-2.6384,-0.8344,11.4227,1425,2674.04
28264,-3.0323,0.7889,10.817,1428,2674.04
28269,0.9613,2.8048,10.3178,1431,2733.73
28274,1.9537,3.3172,10.4579,1423,2733.73
28279,-3.049,0.3017,11.6969,1405,2733.73
28284,-3.8822,-0.2179,11.1845,1413,2733.73
28289,-0.1544,2.6444,10.0652,1407,2793.69
28294,1.8962,3.5733,10.2005,1423,2793.69
28299,-1.5239,1.2426,11.5736,1405,2793.69
28304,-3.8439,-0.9661,11.6119,1416,2793.69
28309,-1.7502,2.0782,9.8366,1423,2826.06
28314,1.8531,3.2549,10.3573,1402,2826.06
28319,1.2689,1.8627,11.1462,1421,2826.06
28324,-3.4153,-1.1887,12.0261,1403,2826.06
28329,-3.152,1.4269,9.8952,1405,2826.06
28334,1.6364,3.0011,10.2999,1397,2844.68
28339,2.4181,2.6109,10.7859,1402,2844.68
28344,-3.3016,-0.6416,12.3649,1404,2844.68
28349,-4.0881,0.9074,10.3453,1397,2844.68
28354,1.1839,2.9353,10.1059,1401,2854.56
28359,2.4756,3.2346,10.5548,1407,2854.56
28364,-3.1568,0.1592,12.3086,1399,2854.56
28369,-4.4568,0.2251,10.8421,1397,2854.56
28374,0.3795,2.7222,9.6642,1399,2860.55
28379,2.4074,3.4931,10.4986,1401,2860.55
28384,-2.3092,0.6644,11.9112,1405,2860.55
28389,-4.2485,-0.565,11.4239,1403,2860.55
28394,-0.7913,2.3403,9.3314,1403,2863.69
28399,2.2051,3.5075,10.5321,1405,2863.69
28404,-0.5171,1.0989,11.5245,1399,2863.69
28409,-3.9444,-1.16,11.8812,1407,2863.69
28414,-2.0877,1.9908,9.3637,1404,2865.6
28419,1.9944,3.3531,10.5836,1398,2865.6
28424,1.3072,1.7657,11.1929,1416,2865.6
28429,-3.6512,-1.1253,12.2547,1405,2865.6
28434,-3.2836,1.6484,9.6822,1391,2865.6
28439,1.7849,3.2238,10.3753,1401,2866.56
28444,2.4493,2.545,10.89,1401,2866.56
28449,-3.3698,-0.6524,12.469,1398,2866.56
28454,-4.0342,1.1265,10.1873,1403,2866.56
28459,1.3671,3.0358,10.0317,1399,2867.66
28464,2.7126,3.0562,10.6638,1406,2867.66
28469,-3.1544,-0.1149,12.3301,1401,2867.66
28474,-4.5083,0.4154,10.6446,1402,2867.66
28479,0.6165,2.7234,9.6307,1407,2867.66
28484,2.4481,3.3938,10.6135,1405,2867.66
28489,-2.6911,0.3747,12.0297,1397,2867.66
28494,-4.4987,-0.3316,11.321,1402,2867.66
28499,-0.3998,2.4924,9.4104,1401,2867.79
28504,2.2278,3.6368,10.6231,1407,2867.79
28509,-1.2737,0.9254,11.6789,1399,2867.79
28514,-4.1743,-0.8823,11.7843,1393,2867.79
28519,-1.5838,2.2087,9.3506,1401,2867.93
28524,2.1895,3.5147,10.5297,1403,2867.93
28529,0.6776,1.5287,11.3856,1415,2867.93
28534,-3.7266,-1.1851,12.1494,1403,2867.93
28539,-2.7473,1.7945,9.4751,1405,2868.34
28544,1.907,3.2585,10.3621,1391,2868.34
28549,2.1787,2.1895,11.0301,1415,2868.34
28554,-3.4943,-1.0546,12.402,1395,2868.34
28559,-3.7876,1.3168,9.924,1416,2868.34
28564,1.5131,3.0299,10.1299,1397,2868.07
28569,2.6157,2.8683,10.8589,1401,2868.07
28574,-3.2777,-0.4166,12.402,1399,2868.07
28579,-4.3754,0.832,10.5512,1403,2868.07
28584,0.996,2.9353,9.7851,1406,2867.93
28589,2.5809,3.389,10.6303,1403,2867.93
28594,-3.0335,0.1963,12.2499,1391,2867.93
28599,-4.4652,0.0958,11.0301,1417,2867.93
28604,0.152,2.6564,9.4846,1400,2866.97
28609,2.4373,3.5721,10.5285,1401,2866.97
28614,-1.9932,0.68,11.8501,1403,2866.97
28619,-4.2593,-0.6895,11.4898,1403,2866.97
28624,-1.0283,2.2984,9.3122,1402,2868.21
28629,2.132,3.4872,10.5536,1399,2868.21
28634,-0.267,1.2354,11.4898,1403,2868.21
28639,-3.972,-1.1959,11.9531,1413,2868.21
28644,-2.2984,1.9704,9.414,1407,2868.07
28649,1.9357,3.3555,10.5345,1397,2868.07
28654,1.5167,1.9489,11.1917,1414,2868.07
28659,-3.7362,-1.1097,12.2715,1399,2868.07
28664,-3.4165,1.6592,9.7576,1401,2868.07
28669,1.731,3.1735,10.2975,1399,2868.21
28674,2.5833,2.6049,10.8852,1403,2868.21
28679,-3.3232,-0.6488,12.4475,1399,2868.21
28684,-4.1084,1.069,10.1933,1401,2868.21
28689,1.3108,2.976,9.93,1398,2868.21
28694,2.7102,3.067,10.6135,1415,2868.21
28699,-3.0813,-0.0658,12.3541,1400,2868.21
28704,-4.5215,0.31,10.7895,1407,2868.21
28709,0.4956,2.7174,9.6127,1402,2867.93
28714,2.4026,3.4536,10.5536,1406,2867.93
28719,-2.5917,0.4657,12.0548,1401,2867.93
28724,-4.5059,-0.3926,11.3605,1400,2867.93
28729,-0.5267,2.4888,9.3889,1401,2867.66
28734,2.2661,3.6296,10.5776,1403,2867.66
28739,-1.1289,0.9924,11.6502,1396,2867.66
28744,-4.1563,-0.9529,11.7998,1401,2867.66
28749,-1.6999,2.1332,9.323,1399,2867.25
28754,2.1656,3.5099,10.4986,1400,2867.25
28759,0.8631,1.561,11.3389,1404,2867.25
28764,-3.6955,-1.2462,12.123,1399,2867.25
28769,-2.9042,1.6915,9.5134,1403,2867.25
28774,1.8399,3.2453,10.3729,1413,2866.84
28779,2.2278,2.2039,10.9942,1408,2866.84
28784,-3.4453,-1.002,12.396,1391,2866.84
28789,-3.8762,1.2641,9.9383,1415,2866.84
28794,1.4688,3.0634,10.1251,1403,2867.25
28799,2.5989,2.9078,10.7871,1403,2867.25
28804,-3.3136,-0.2837,12.4127,1397,2867.25
28809,-4.4209,0.7195,10.5465,1405,2867.25
28814,0.9134,2.8898,9.7899,1415,2867.38
28819,2.5522,3.3926,10.6099,1405,2867.38
28824,-2.8335,0.3124,12.159,1395,2867.38
28829,-4.4652,-0.0215,11.0971,1396,2867.38
28834,0.0587,2.5845,9.4547,1403,2867.79
28839,2.4445,3.5362,10.5919,1401,2867.79
28844,-1.7849,0.7039,11.7759,1401,2867.79
28849,-4.2772,-0.8009,11.5963,1403,2867.79
28854,-1.1384,2.2673,9.2739,1403,2868.21
28859,2.1548,3.4955,10.556,1404,2868.21
28864,-0.0239,1.2653,11.4024,1401,2868.21
28869,-3.9768,-1.172,12.0333,1408,2868.21
28874,-2.4696,1.9249,9.408,1407,2867.66
28879,1.9728,3.371,10.5022,1397,2867.66
28884,1.6975,1.9812,11.1414,1405,2867.66
28889,-3.6571,-1.0726,12.3014,1399,2867.66
28894,-3.4895,1.5694,9.7372,1407,2867.66
28899,1.7286,3.1161,10.2173,1391,2869.03
28904,2.6312,2.6468,10.8469,1399,2869.03
28909,-3.3495,-0.5914,12.4151,1403,2869.03
28914,-4.1755,0.9553,10.2843,1402,2869.03
28919,1.2079,2.9209,9.8533,1399,2868.89
28924,2.6635,3.1292,10.6745,1407,2868.89
28929,-3.1244,-0.0168,12.3313,1399,2868.89
28934,-4.5215,0.2945,10.8254,1402,2868.89
28939,0.4226,2.6815,9.5756,1399,2869.17
28944,2.4229,3.4979,10.5919,1401,2869.17
28949,-2.5151,0.5124,12.0057,1403,2869.17
28954,-4.5203,-0.4166,11.4251,1401,2869.17
28959,-0.5806,2.4122,9.408,1405,2869.3
28964,2.2661,3.6547,10.5237,1404,2869.3
28969,-0.9996,1.0163,11.6071,1397,2869.3
28974,-4.1252,-0.9864,11.8034,1403,2869.3
28979,-1.7657,2.0698,9.2811,1403,2869.17
28984,2.162,3.4884,10.4411,1401,2869.17
28989,1.0104,1.6077,11.3365,1407,2869.17
28994,-3.7409,-1.2749,12.1757,1399,2869.17
28999,-2.9951,1.7035,9.5565,1399,2869.17
29004,1.8435,3.2082,10.3082,1403,2868.75
29009,2.2889,2.2889,11.0325,1405,2868.75
29014,-3.486,-0.9637,12.372,1397,2868.75
29019,-3.9468,1.2701,10.0149,1406,2868.75
29024,1.4413,3.0131,10.1095,1397,2868.89
29029,2.6552,2.9688,10.8481,1401,2868.89
29034,-3.3016,-0.3065,12.4367,1397,2868.89
29039,-4.4149,0.7721,10.5596,1401,2868.89
29044,0.911,2.8982,9.754,1413,2868.75
29049,2.6264,3.3926,10.6135,1405,2868.75
29054,-2.8826,0.2837,12.2296,1389,2868.75
29059,-4.5191,-0.0479,11.0864,1407,2868.75
29064,0.0419,2.6025,9.4284,1406,2869.03
29069,2.4014,3.5195,10.5117,1401,2869.03
29074,-1.7885,0.7266,11.8034,1397,2869.03
29079,-4.2677,-0.7997,11.558,1397,2869.03
29084,-1.1456,2.2362,9.2835,1404,2869.3
29089,2.1524,3.4955,10.4806,1403,2869.3
29094,0.0227,1.2977,11.497,1401,2869.3
29099,-4.0378,-1.1756,12.0225,1413,2869.3
29104,-2.4277,1.9728,9.4535,1408,2869.58
29109,1.9441,3.3531,10.5129,1397,2869.58
29114,1.7442,2.0111,11.2001,1401,2869.58
29119,-3.6811,-1.0439,12.3277,1399,2869.58
29124,-3.4632,1.6149,9.748,1415,2869.58
29129,1.7549,3.1532,10.2244,1397,2869.44
29134,2.6205,2.648,10.8613,1400,2869.44
29139,-3.3351,-0.5758,12.4522,1403,2869.44
29144,-4.1863,0.9828,10.2364,1401,2869.44
29149,1.2282,2.9461,9.9491,1399,2869.44
29154,2.6935,3.1065,10.6925,1407,2869.44
29159,-3.128,-0.0156,12.2727,1397,2869.44
29164,-4.5825,0.2442,10.7667,1401,2869.44
29169,0.4788,2.7078,9.6127,1401,2869.17
29174,2.4337,3.4596,10.5417,1401,2869.17
29179,-2.5486,0.51,12.0189,1403,2869.17
29184,-4.476,-0.4345,11.3737,1405,2869.17
29189,-0.5746,2.49,9.396,1400,2869.17
29194,2.3152,3.6176,10.5261,1407,2869.17
29199,-1.0008,1.0092,11.5999,1401,2869.17
29204,-4.1156,-0.9888,11.8094,1401,2869.17
29209,-1.7549,2.0889,9.3111,1397,2868.89
29214,2.1727,3.4919,10.5237,1401,2868.89
29219,0.9397,1.5766,11.2707,1418,2868.89
29224,-3.7625,-1.2617,12.1937,1399,2868.89
29229,-2.9616,1.7011,9.5074,1399,2868.89
29234,1.8591,3.2549,10.3573,1403,2869.17
29239,2.2529,2.2673,11.0361,1403,2869.17
29244,-3.5075,-0.9828,12.4427,1390,2869.17
29249,-3.8894,1.2869,9.9647,1405,2869.17
29254,1.4928,3.0885,10.1143,1397,2869.58
29259,2.6995,2.9113,10.8134,1399,2869.58
29264,-3.3232,-0.316,12.372,1399,2869.58
29269,-4.4101,0.7422,10.5764,1401,2869.58
29274,0.9349,2.8766,9.7312,1415,2869.44
29279,2.6432,3.4069,10.6159,1405,2869.44
29284,-2.9473,0.2298,12.208,1391,2869.44
29289,-4.4867,-0.0419,11.066,1405,2869.44
29294,0.0311,2.5833,9.3865,1403,2869.58
29299,2.4301,3.5362,10.5668,1401,2869.58
29304,-1.8519,0.6728,11.7819,1399,2869.58
29309,-4.2796,-0.7614,11.5592,1401,2869.58
29314,-1.1205,2.2374,9.244,1405,2869.3
29319,2.1679,3.5518,10.5764,1405,2869.3
29324,-0.0814,1.2414,11.5089,1399,2869.3
29329,-4.027,-1.1672,11.9938,1407,2869.3
29334,-2.308,1.9441,9.4044,1405,2869.17
29339,1.9992,3.3962,10.4567,1396,2869.17
29344,1.6652,1.9549,11.1845,1405,2869.17
29349,-3.6715,-1.081,12.2547,1399,2869.17
29354,-3.4572,1.5945,9.7001,1414,2869.17
29359,1.7262,3.2202,10.2699,1401,2869.03
29364,2.6624,2.6025,10.9319,1400,2869.03
29369,-3.3363,-0.6524,12.4127,1405,2869.03
29374,-4.197,1.0175,10.2268,1403,2869.03
29379,1.2689,2.9437,9.9048,1401,2868.75
29384,2.7222,3.1328,10.6781,1403,2868.75
29389,-3.0694,-0.0371,12.3481,1395,2868.75
29394,-4.5514,0.3484,10.8074,1397,2868.75
29399,0.4776,2.7138,9.6175,1395,2868.07
29404,2.4469,3.4692,10.5034,1406,2868.07
29409,-2.5462,0.4621,12.0285,1403,2868.07
29414,-4.4688,-0.3531,11.3377,1403,2868.07
29419,-0.5231,2.4828,9.3889,1402,2868.89
29424,2.314,3.6404,10.5034,1406,2868.89
29429,-1.0618,1.0391,11.6789,1400,2868.89
29434,-4.1755,-0.9517,11.8154,1403,2868.89
29439,-1.7154,2.138,9.3494,1402,2868.48
29444,2.1883,3.4848,10.4244,1399,2868.48
29449,0.905,1.5957,11.3018,1417,2868.48
29454,-3.7613,-1.2486,12.123,1401,2868.48
29459,-2.8946,1.7526,9.5732,1399,2868.48
29464,1.8579,3.2226,10.3298,1400,2868.62
29469,2.2984,2.2817,11.0947,1407,2868.62
29474,-3.5338,-1.002,12.3996,1395,2868.62
29479,-3.8906,1.2797,9.9898,1404,2868.62
29484,1.5203,3.0825,10.1347,1398,2869.03
29489,2.7318,2.9341,10.756,1399,2869.03
29494,-3.3184,-0.334,12.4546,1397,2869.03
29499,-4.4317,0.7446,10.477,1401,2869.03
29504,0.9337,2.9173,9.7288,1405,2869.3
29509,2.6432,3.3662,10.5704,1405,2869.3
29514,-2.8838,0.2646,12.2463,1391,2869.3
29519,-4.4664,-0.0263,11.1271,1404,2869.3
29524,0.0742,2.6288,9.4727,1403,2869.44
29529,2.4385,3.547,10.5453,1405,2869.44
29534,-1.8172,0.7123,11.8848,1397,2869.44
29539,-4.306,-0.7434,11.5436,1397,2869.44
29544,-1.0654,2.3092,9.2608,1397,2869.58
29549,2.1668,3.5123,10.6015,1405,2869.58
29554,-0.0946,1.2246,11.5125,1401,2869.58
29559,-4.0306,-1.1887,12.0093,1406,2869.58
29564,-2.3595,1.9764,9.4308,1405,2869.17
29569,2.0183,3.4297,10.4543,1399,2869.17
29574,1.6676,1.968,11.1809,1407,2869.17
29579,-3.6452,-1.0965,12.323,1395,2869.17
29584,-3.4453,1.6077,9.6702,1407,2869.17
29589,1.7166,3.1843,10.2831,1401,2869.99
29594,2.6468,2.5714,10.8733,1399,2869.99
29599,-3.3423,-0.6345,12.4439,1399,2869.99
29604,-4.2054,1.0235,10.2137,1403,2869.99
29609,1.2629,2.9652,9.9335,1399,2869.85
29614,2.654,3.0969,10.7129,1407,2869.85
29619,-3.1256,-0.0539,12.317,1382,2869.85
29624,-4.5083,0.4334,10.7404,1397,2869.85
29629,0.4621,2.7426,9.56,1391,2865.88
29634,2.4289,3.3746,10.7009,1391,2865.88
29639,-2.6097,0.4345,12.0392,1390,2865.88
29644,-4.3072,-0.2969,11.406,1389,2865.88
29649,-0.6153,2.4517,9.3649,1395,2832.99
29654,2.1093,3.5578,10.6063,1400,2832.99
29659,-0.8787,1.1265,11.5077,1395,2832.99
29664,-3.5997,-0.9936,11.7555,1395,2832.99
29669,-2.1117,1.8962,9.5421,1401,2832.99
29674,1.652,3.2932,10.574,1400,2806.75
29679,1.5335,2.065,11.1773,1400,2806.75
29684,-3.0873,-1.0163,12.0105,1395,2806.75
29689,-3.3639,1.1432,10.1239,1396,2806.75
29694,1.1732,2.9485,10.343,1401,2791.74
29699,2.1691,3.0347,10.6961,1400,2791.74
29704,-3.0382,-0.0515,11.9985,1389,2791.74
29709,-3.8535,0.3508,10.9451,1400,2791.74
29714,0.1784,2.733,9.8928,1398,2782.8
29719,1.895,3.5398,10.5297,1404,2782.8
29724,-2.0291,0.8607,11.5664,1400,2782.8
29729,-3.5051,-0.7614,11.4359,1416,2782.8
29734,-1.5359,2.0363,9.742,1407,2777.65
29739,1.5371,3.2741,10.5369,1399,2777.65
29744,0.8404,1.8555,11.1187,1407,2777.65
29749,-3.0813,-1.0654,11.8848,1397,2777.65
29754,-3.0706,1.33,10.1347,1404,2777.65
29759,1.2366,3.0275,10.4256,1398,2775.08
29764,2.1296,2.8742,10.6734,1401,2775.08
29769,-2.9125,-0.1209,12.0093,1387,2775.08
29774,-3.729,0.4286,10.8553,1406,2775.08
29779,0.3531,2.7521,10.0293,1395,2773.8
29784,1.8699,3.4153,10.386,1405,2773.8
29789,-2.3092,0.7638,11.7124,1403,2773.8
29794,-3.5614,-0.6847,11.4467,1407,2773.8
29799,-1.3431,2.1931,9.7552,1407,2772.64
29804,1.5395,3.3543,10.404,1399,2772.64
29809,0.6273,1.7502,11.2312,1413,2772.64
29814,-3.0754,-0.9936,11.8154,1395,2772.64
29819,-2.9257,1.3958,10.1239,1403,2772.64
29824,1.2414,3.0107,10.3717,1394,2771.87
29829,2.1644,2.7833,10.6973,1404,2771.87
29834,-2.8683,-0.2263,11.9566,1392,2771.87
29839,-3.6727,0.4585,10.8134,1399,2771.87
29844,0.3412,2.715,10.0963,1401,2771.23
29849,1.8579,3.4596,10.404,1405,2771.23
29854,-2.4469,0.7566,11.7436,1396,2771.23
29859,-3.6093,-0.577,11.412,1407,2771.23
29864,-1.245,2.2577,9.8366,1403,2770.72
29869,1.5969,3.4728,10.4028,1389,2770.72
29874,0.4741,1.6795,11.2132,1407,2770.72
29879,-3.0131,-1.0666,11.7807,1395,2770.72
29884,-2.8563,1.3767,10.0652,1400,2770.72
29889,1.2163,2.988,10.3741,1397,2770.72
29894,2.0279,2.7426,10.6937,1405,2770.72
29899,-2.9257,-0.3124,11.983,1391,2770.72
29904,-3.7218,0.5399,10.7883,1415,2770.72
29909,0.4393,2.8359,10.1562,1403,2770.47
29914,1.8459,3.4919,10.3561,1414,2770.47
29919,-2.4864,0.747,11.6897,1395,2770.47
29924,-3.5662,-0.5076,11.3593,1407,2770.47
29929,-1.1815,2.2326,9.839,1407,2770.34
29934,1.5718,3.3208,10.4112,1401,2770.34
29939,0.395,1.6388,11.2779,1413,2770.34
29944,-3.0861,-1.1444,11.7819,1395,2770.34
29949,-2.8575,1.3791,10.1023,1399,2770.34
29954,1.2294,2.9712,10.4196,1391,2770.21
29959,2.0279,2.7928,10.7536,1407,2770.21
29964,-2.9281,-0.2777,12.0009,1395,2770.21
29969,-3.6416,0.5255,10.7571,1416,2770.21
29974,0.4956,2.7845,10.0796,1403,2770.34
29979,1.9237,3.4249,10.3573,1408,2770.34
29984,-2.4792,0.7147,11.728,1397,2770.34
29989,-3.5865,-0.5614,11.321,1397,2770.34
29994,-1.1349,2.247,9.8485,1413,2770.47
29999,1.5682,3.3866,10.4531,1397,2770.47
30004,0.2933,1.664,11.3198,1401,2770.47
30009,-3.1089,-1.0918,11.7543,1395,2770.47
30014,-2.8802,1.5311,10.0892,1401,2770.47
30019,1.2821,3.0646,10.4016,1392,2770.72
30024,2.0997,2.7318,10.7655,1406,2770.72
30029,-2.8766,-0.2957,11.9171,1395,2770.72
30034,-3.6488,0.5315,10.6997,1417,2770.72
30039,0.5279,2.7904,10.1394,1403,2770.85
30044,1.8998,3.3986,10.4052,1407,2770.85
30049,-2.5833,0.656,11.7603,1399,2770.85
30054,-3.6368,-0.5148,11.3246,1405,2770.85
30059,-1.1265,2.3403,9.8569,1405,2770.72
30064,1.6257,3.4381,10.4208,1404,2770.72
30069,0.2167,1.652,11.2911,1400,2770.72
30074,-3.134,-1.0666,11.8286,1397,2770.72
30079,-2.7761,1.5215,10.0664,1405,2770.72
30084,1.2749,3.0251,10.3717,1395,2770.85
30089,2.1428,2.6683,10.7751,1407,2770.85
30094,-2.8323,-0.4142,11.8992,1398,2770.85
30099,-3.6859,0.6009,10.6219,1416,2770.85
30104,-0.3508,2.6228,9.9623,1403,2770.98
30109,1.8771,3.4213,10.4256,1406,2770.98
30114,-1.2175,1.2151,11.5508,1399,2770.98
30119,-3.3148,-0.9337,11.6167,1406,2770.98
30124,-2.1165,1.8268,9.9264,1401,2770.72
30129,1.4138,3.1412,10.4327,1395,2770.72
30134,1.6652,2.217,11.0061,1399,2770.72
30139,-2.9078,-0.8535,11.9902,1395,2770.72
30144,-3.474,0.972,10.3908,1401,2770.72
30149,0.9206,2.8826,10.3238,1399,2771.11
30154,2.0494,3.2298,10.5213,1415,2771.11
30159,-2.9939,0.2933,11.9112,1391,2771.11
30164,-3.7397,0.0814,11.0552,1417,2771.11
30169,-0.2047,2.6205,9.9395,1403,2771.23
30174,1.7873,3.4884,10.3441,1415,2771.23
30179,-1.2234,1.1396,11.4718,1397,2771.23
30184,-3.2801,-1.0187,11.5484,1401,2771.23
30189,-2.0614,1.8375,9.9311,1405,2770.98
30194,1.3898,3.1077,10.4447,1397,2770.98
30199,1.5419,2.1883,11.0445,1400,2770.98
30204,-2.9688,-0.8392,11.9471,1393,2770.98
30209,-3.4333,1.1181,10.4004,1406,2770.98
30214,1.0032,2.9928,10.3178,1399,2772.13
30219,2.1284,3.1699,10.5105,1407,2772.13
30224,-2.9377,0.2622,11.9614,1397,2772.13
30229,-3.735,0.0383,11.0672,1417,2772.13
30234,-0.1544,2.5893,9.9383,1403,2771.75
30239,1.7418,3.3926,10.3394,1403,2771.75
30244,-1.3767,1.1049,11.5748,1398,2771.75
30249,-3.4596,-0.9744,11.5867,1403,2771.75
30254,-2.0016,1.992,9.9599,1403,2772.0
30259,1.4533,3.2585,10.4698,1399,2772.0
30264,1.4521,2.2218,11.0756,1405,2772.0
30269,-2.9353,-0.8128,11.9207,1397,2772.0
30274,-3.3004,1.0762,10.2927,1416,2772.0
30279,1.0355,2.897,10.2747,1397,2773.41
30284,2.1536,3.0825,10.5429,1405,2773.41
30289,-2.9473,0.1233,11.9279,1395,2773.41
30294,-3.8307,0.0766,10.9846,1405,2773.41
30299,-0.1137,2.6659,9.9862,1406,2775.08
30304,1.7729,3.5805,10.3597,1402,2775.08
30309,-1.5838,1.0499,11.6526,1397,2775.08
30314,-3.4991,-0.8332,11.4946,1401,2775.08
30319,-1.9046,2.0159,9.8055,1399,2774.31
30324,1.5502,3.2669,10.4698,1396,2774.31
30329,1.4485,2.0123,11.1175,1414,2774.31
30334,-2.9185,-0.9948,11.8465,1399,2774.31
30339,-3.2693,1.1193,10.2663,1415,2774.31
30344,1.0582,2.8994,10.3094,1396,2773.54
30349,2.0997,3.0598,10.6111,1399,2773.54
30354,-2.9963,0.0622,11.9219,1399,2773.54
30359,-3.8642,0.2274,10.9511,1400,2773.54
30364,0.0227,2.7414,10.0365,1403,2773.16
30369,1.8256,3.5745,10.3705,1401,2773.16
30374,-1.7466,0.984,11.6286,1396,2773.16
30379,-3.468,-0.8272,11.4922,1399,2773.16
30384,-1.7298,2.0351,9.8725,1399,2772.9
30389,1.4856,3.2166,10.4303,1395,2772.9
30394,1.1648,1.9309,11.151,1413,2772.9
30399,-3.0263,-1.0415,11.8609,1401,2772.9
30404,-3.231,1.2103,10.2472,1415,2772.9
30409,1.1097,2.9688,10.3441,1405,2772.9
30414,2.1021,3.049,10.6303,1400,2772.9
30419,-3.0622,0.0144,11.9914,1401,2772.9
30424,-3.7912,0.3651,10.9008,1403,2772.9
30429,0.182,2.7414,10.0018,1400,2772.9
30434,1.8974,3.5063,10.3477,1400,2772.9
30439,-1.9369,0.9218,11.7088,1401,2772.9
30444,-3.5063,-0.8368,11.4024,1399,2772.9
30449,-1.6281,2.0267,9.8438,1405,2773.16
30454,1.4892,3.2525,10.4244,1401,2773.16
30459,0.9924,1.9513,11.1582,1415,2773.16
30464,-3.0813,-1.0199,11.8286,1399,2773.16
30469,-3.1603,1.3599,10.2759,1414,2773.16
30474,1.1744,2.9676,10.3705,1401,2772.9
30479,2.2051,2.9401,10.6147,1399,2772.9
30484,-2.9257,-0.0802,11.91,1400,2772.9
30489,-3.7697,0.3136,10.805,1402,2772.9
30494,0.1891,2.7019,10.0245,1399,2772.77
30499,1.81,3.4333,10.3382,1399,2772.77
30504,-2.1572,0.8571,11.6909,1401,2772.77
30509,-3.5853,-0.7111,11.4359,1384,2772.77
30514,-1.506,2.1835,9.9323,1401,2772.64
30519,1.5933,3.3196,10.3992,1401,2772.64
30524,0.9266,1.895,11.2444,1417,2772.64
30529,-3.0179,-1.0822,11.7711,1403,2772.64
30534,-3.0263,1.318,10.1323,1413,2772.64
30539,1.2043,2.9281,10.3549,1397,2772.26
30544,2.1656,2.8754,10.7093,1389,2772.26
30549,-2.9485,-0.2023,11.9734,1391,2772.26
30554,-3.7876,0.3627,10.7955,1399,2772.26
30559,0.2454,2.7653,10.0568,1396,2771.62
30564,1.8723,3.5099,10.3118,1401,2771.62
30569,-2.3008,0.8679,11.7076,1399,2771.62
30574,-3.5386,-0.6153,11.3725,1399,2771.62
30579,-1.4066,2.2075,9.8761,1407,2771.36
30584,1.6424,3.2956,10.4076,1404,2771.36
30589,0.8116,1.7573,11.2037,1419,2771.36
30594,-3.0526,-1.1277,11.7244,1401,2771.36
30599,-3.0299,1.336,10.1682,1407,2771.36
30604,1.221,2.9305,10.3501,1398,2771.23
30609,2.0889,2.8874,10.7464,1400,2771.23
30614,-3.0323,-0.1844,11.9315,1391,2771.23
30619,-3.7721,0.5339,10.8445,1403,2771.23
30624,0.3675,2.7916,10.0604,1401,2771.62
30629,1.9609,3.4848,10.4004,1399,2771.62
30634,-2.3164,0.832,11.716,1399,2771.62
30639,-3.5841,-0.6644,11.3306,1401,2771.62
30644,-1.3467,2.1428,9.8581,1400,2772.0
30649,1.5299,3.2693,10.4052,1413,2772.0
30654,0.5626,1.7035,11.303,1413,2772.0
30659,-3.1316,-1.1456,11.7627,1401,2772.0
30664,-2.988,1.4377,10.161,1403,2772.0
30669,1.2366,3.0143,10.4016,1395,2772.39
30674,2.1428,2.8946,10.7512,1397,2772.39
30679,-2.9473,-0.2035,11.9746,1395,2772.39
30684,-3.6859,0.5004,10.7847,1400,2772.39
30689,0.4369,2.7342,10.0616,1405,2772.77
30694,1.9716,3.377,10.3142,1401,2772.77
30699,-2.4122,0.6991,11.7376,1405,2772.77
30704,-3.644,-0.6369,11.3521,1403,2772.77
30709,-1.2438,2.247,9.906,1400,2773.03
30714,1.5706,3.3399,10.4232,1406,2773.03
30719,0.4226,1.7286,11.3449,1407,2773.03
30724,-3.1472,-1.0534,11.7017,1400,2773.03
30729,-2.891,1.5036,10.0748,1401,2773.03
30734,1.2893,2.9676,10.3621,1395,2772.77
30739,2.2051,2.7761,10.7787,1399,2772.77
30744,-2.9078,-0.3531,11.9662,1391,2772.77
30749,-3.7002,0.5303,10.7703,1403,2772.77
30754,0.4717,2.7869,10.1526,1403,2772.77
30759,1.9022,3.4548,10.4172,1407,2772.77
30764,-2.5642,0.6728,11.7256,1405,2772.77
30769,-3.705,-0.5303,11.3246,1401,2772.77
30774,-1.0989,2.2793,9.8581,1407,2772.9
30779,1.7119,3.4441,10.3537,1405,2772.9
30784,0.3232,1.6125,11.3258,1403,2772.9
30789,-3.1029,-1.1133,11.7627,1398,2772.9
30794,-2.7605,1.4916,10.1239,1401,2772.9
30799,1.3096,2.9556,10.3382,1395,2772.52
30804,2.0913,2.6719,10.7871,1399,2772.52
30809,-3.0059,-0.4549,11.9471,1398,2772.52
30814,-3.7409,0.668,10.7739,1399,2772.52
30819,0.5183,2.8479,10.137,1405,2772.9
30824,1.98,3.4836,10.4435,1400,2772.9
30829,-2.7019,0.6716,11.8465,1405,2772.9
30834,-3.6763,-0.3831,11.2779,1401,2772.9
30839,-0.9601,2.3559,9.8294,1403,2772.9
30844,1.6688,3.4333,10.3561,1405,2772.9
30849,0.0946,1.4844,11.3581,1401,2772.9
30854,-3.146,-1.1839,11.7029,1391,2772.9
30859,-2.7605,1.4964,10.0209,1399,2772.9
30864,1.2725,3.0083,10.4232,1400,2772.39
30869,2.0351,2.6767,10.896,1401,2772.39
30874,-2.9832,-0.4274,11.9183,1399,2772.39
30879,-3.6583,0.7578,10.72,1403,2772.39
30884,0.6512,2.8563,10.1263,1407,2772.39
30889,2.0518,3.4261,10.4303,1407,2772.39
30894,-2.6552,0.5662,11.7448,1403,2772.39
30899,-3.6739,-0.4034,11.2539,1405,2772.39
30904,-0.8547,2.3331,9.8892,1400,2772.64
30909,1.646,3.4022,10.4004,1403,2772.64
30914,-0.1113,1.47,11.3772,1402,2772.64
30919,-3.2298,-1.0678,11.6562,1396,2772.64
30924,-2.6516,1.6364,10.0377,1398,2772.64
30929,1.3539,3.067,10.4339,1399,2772.77
30934,2.1021,2.6217,10.8673,1399,2772.77
30939,-2.9844,-0.5148,11.9483,1375,2772.77
30944,-3.6224,0.7135,10.647,1405,2772.77
30949,0.7063,2.7964,10.1634,1417,2773.03
30954,1.9944,3.304,10.422,1405,2773.03
30959,-2.818,0.498,11.8321,1403,2773.03
30964,-3.7409,-0.346,11.2587,1402,2773.03
30969,-0.8021,2.4193,9.8533,1403,2773.16
30974,1.7059,3.474,10.4016,1401,2773.16
30979,-0.3352,1.4521,11.4491,1399,2773.16
30984,-3.2609,-1.0367,11.7172,1403,2773.16
30989,-2.5594,1.6484,9.9707,1400,2773.16
30994,1.4186,3.0382,10.4064,1400,2773.41
30999,2.0399,2.466,10.9523,1403,2773.41
31004,-2.9125,-0.6416,11.9171,1403,2773.41
31009,-3.565,0.7578,10.5632,1403,2773.41
31014,0.7506,2.8024,10.1694,1403,2774.05
31019,2.0327,3.3447,10.5369,1404,2774.05
31024,-2.9185,0.4776,11.8321,1391,2774.05
31029,-3.7936,-0.1628,11.2097,1397,2774.05
31034,-0.6596,2.5391,9.9012,1401,2774.31
31039,1.8256,3.5231,10.3837,1402,2774.31
31044,-0.5567,1.3479,11.4168,1399,2774.31
31049,-3.3088,-1.0918,11.6514,1405,2774.31
31054,-2.4181,1.6544,9.9695,1401,2774.18
31059,1.4066,3.0442,10.4064,1403,2774.18
31064,1.8854,2.399,10.969,1401,2774.18
31069,-2.9928,-0.7482,11.8585,1402,2774.18
31074,-3.5781,0.9517,10.5105,1392,2774.18
31079,0.9038,2.8898,10.1801,1403,2774.95
31084,2.1165,3.3471,10.4818,1406,2774.95
31089,-2.9245,0.3579,11.8776,1396,2774.95
31094,-3.7529,-0.0658,11.1785,1397,2774.95
31099,-0.4681,2.496,9.8282,1400,2774.82
31104,1.7933,3.4812,10.3549,1407,2774.82
31109,-0.8954,1.2306,11.412,1401,2774.82
31114,-3.3411,-1.081,11.6418,1404,2774.82
31119,-2.2829,1.7693,9.9587,1413,2774.95
31124,1.4018,3.0837,10.4459,1403,2774.95
31129,1.7597,2.3703,11.0875,1404,2774.95
31134,-3.0023,-0.7326,11.9076,1397,2774.95
31139,-3.5075,1.0379,10.4686,1403,2774.95
31144,0.9469,2.8994,10.2113,1395,2774.95
31149,2.1715,3.2178,10.5249,1399,2774.95
31154,-2.9532,0.2885,11.8944,1391,2774.95
31159,-3.7816,-0.0706,11.1055,1403,2774.95
31164,-0.3543,2.5917,9.9072,1399,2774.95
31169,1.7885,3.4824,10.3825,1407,2774.95
31174,-1.1827,1.142,11.5089,1395,2774.95
31179,-3.3878,-0.9936,11.5401,1417,2774.95
31184,-2.1237,1.913,9.9072,1404,2775.21
31189,1.4724,3.1544,10.4746,1401,2775.21
31194,1.6879,2.2458,11.0971,1406,2775.21
31199,-2.976,-0.8128,11.8597,1394,2775.21
31204,-3.395,1.0283,10.343,1399,2775.21
31209,0.9936,2.8862,10.2448,1397,2775.08
31214,2.0853,3.158,10.5477,1405,2775.08
31219,-3.0562,0.1592,11.88,1391,2775.08
31224,-3.8271,0.0599,11.0792,1407,2775.08
31229,-0.1939,2.6336,9.9204,1402,2774.69
31234,1.8459,3.5374,10.4016,1415,2774.69
31239,-1.4856,1.0846,11.5616,1396,2774.69
31244,-3.4608,-0.9254,11.5436,1407,2774.69
31249,-1.9453,1.9345,9.8581,1407,2773.54
31254,1.5323,3.1855,10.4363,1395,2773.54
31259,1.5203,2.0865,11.1342,1413,2773.54
31264,-3.0119,-0.9565,11.8812,1397,2773.54
31269,-3.3926,1.0942,10.3717,1426,2773.54
31274,1.0511,2.9054,10.2879,1397,2774.44
31279,2.1536,3.1232,10.6303,1407,2774.44
31284,-3.0335,0.1448,11.8812,1391,2774.44
31289,-3.79,0.2215,11.0014,1417,2774.44
31294,-0.0311,2.6839,9.9802,1406,2773.67
31299,1.8998,3.5566,10.4591,1415,2773.67
31304,-1.6759,1.0331,11.5029,1397,2773.67
31309,-3.48,-0.8954,11.5784,1403,2773.67
31314,-1.8483,1.9261,9.8545,1404,2773.8
31319,1.4916,3.2358,10.4746,1395,2773.8
31324,1.2761,2.0518,11.1666,1401,2773.8
31329,-3.0921,-1.0056,11.8561,1397,2773.8
31334,-3.3279,1.2127,10.3334,1408,2773.8
31339,1.1181,2.9149,10.3022,1395,2774.05
31344,2.1464,3.1041,10.6171,1407,2774.05
31349,-2.9796,0.0622,11.9435,1395,2774.05
31354,-3.7362,0.2514,10.9906,1418,2774.05
31359,0.0994,2.6971,9.9982,1403,2774.18
31364,1.9142,3.5279,10.4052,1401,2774.18
31369,-1.8399,0.9002,11.5233,1395,2774.18
31374,-3.5745,-0.8332,11.4144,1401,2774.18
31379,-1.6987,2.0794,9.8845,1400,2774.44
31384,1.5251,3.2645,10.4459,1408,2774.44
31389,1.1289,1.968,11.2049,1405,2774.44
31394,-3.0801,-0.9361,11.8345,1391,2774.44
31399,-3.1663,1.3012,10.252,1407,2774.44
31404,1.1756,2.9784,10.3166,1404,2774.44
31409,2.1907,2.9772,10.6757,1413,2774.44
31414,-2.9999,-0.067,11.9566,1398,2774.44
31419,-3.808,0.2322,10.9379,1403,2774.44
31424,0.2143,2.7162,9.9898,1405,2774.18
31429,1.8962,3.5338,10.3837,1403,2774.18
31434,-2.1033,0.8739,11.6741,1397,2774.18
31439,-3.626,-0.7159,11.4275,1395,2774.18
31444,-1.5431,2.1584,9.8677,1401,2773.8
31449,1.6508,3.2992,10.4244,1390,2773.8
31454,0.9445,1.8591,11.2731,1414,2773.8
31459,-3.0167,-1.0774,11.825,1397,2773.8
31464,-3.0849,1.3276,10.1167,1415,2773.8
31469,1.2139,2.9628,10.313,1399,2773.93
31474,2.1632,2.8778,10.6997,1405,2773.93
31479,-3.0131,-0.1808,11.9411,1397,2773.93
31484,-3.8343,0.3867,10.817,1403,2773.93
31489,0.3232,2.7497,10.0353,1402,2773.54
31494,1.9249,3.5326,10.4184,1401,2773.54
31499,-2.2685,0.8368,11.6873,1397,2773.54
31504,-3.6164,-0.6153,11.4191,1399,2773.54
31509,-1.415,2.1835,9.8773,1401,2773.03
31514,1.6352,3.3507,10.392,1398,2773.03
31519,0.7123,1.7657,11.248,1413,2773.03
31524,-3.1041,-1.136,11.8321,1415,2773.03
31529,-3.043,1.3599,10.1825,1415,2773.03
31534,1.2462,2.9712,10.3621,1399,2773.03
31539,2.1524,2.8395,10.7105,1401,2773.03
31544,-2.9784,-0.1939,11.9722,1399,2773.03
31549,-3.784,0.5028,10.8386,1421,2773.03
31554,0.4034,2.8228,10.0197,1407,2773.28
31559,1.9585,3.5255,10.4148,1399,2773.28
31564,-2.3631,0.7757,11.7256,1399,2773.28
31569,-3.6093,-0.5782,11.333,1399,2773.28
31574,-1.2354,2.2063,9.7683,1405,2773.41
31579,1.6712,3.3004,10.398,1399,2773.41
31584,0.5483,1.719,11.3282,1415,2773.41
31589,-3.1759,-1.1133,11.7962,1400,2773.41
31594,-2.9102,1.4365,10.1011,1416,2773.41
31599,1.2629,2.982,10.3956,1395,2773.54
31604,2.1476,2.8407,10.8014,1400,2773.54
31609,-3.0071,-0.3053,11.9375,1417,2773.54
31614,-3.7182,0.5531,10.7164,1403,2773.54
31619,0.5076,2.806,10.0664,1399,2773.16
31624,1.9908,3.4297,10.3944,1400,2773.16
31629,-2.5355,0.6524,11.7364,1401,2773.16
31634,-3.6488,-0.5782,11.2911,1401,2773.16
31639,-1.1456,2.2805,9.8067,1400,2772.9
31644,1.6723,3.3651,10.4315,1401,2772.9
31649,0.3843,1.6257,11.3306,1407,2772.9
31654,-3.1747,-1.0906,11.7292,1399,2772.9
31659,-2.8515,1.5024,10.0928,1408,2772.9
31664,1.3455,3.049,10.3992,1396,2773.03
31669,2.156,2.7066,10.8038,1396,2773.03
31674,-2.9509,-0.3208,11.9435,1391,2773.03
31679,-3.7086,0.6057,10.6889,1397,2773.03
31684,0.5375,2.7892,10.0892,1401,2773.03
31689,1.9716,3.4285,10.4579,1403,2773.03
31694,-2.6456,0.6153,11.8142,1403,2773.03
31699,-3.7338,-0.4741,11.3784,1404,2773.03
31704,-1.0259,2.375,9.8629,1403,2772.26
31709,1.7214,3.4249,10.3633,1397,2772.26
31714,0.1149,1.5347,11.3306,1417,2772.26
31719,-3.1747,-1.0774,11.7603,1401,2772.26
31724,-2.7234,1.5143,10.0365,1402,2772.26
31729,1.3156,3.0299,10.4256,1389,2773.41
31734,2.0614,2.6001,10.8517,1401,2773.41
31739,-2.9485,-0.4932,11.9411,1391,2773.41
31744,-3.7194,0.6919,10.6386,1399,2773.41
31749,0.6285,2.8623,10.1382,1401,2773.03
31754,1.9848,3.395,10.4495,1403,2773.03
31759,-2.7581,0.5926,11.7663,1402,2773.03
31764,-3.705,-0.3962,11.2839,1401,2773.03
31769,-0.9074,2.4122,9.8593,1402,2772.64
31774,1.719,3.4357,10.4459,1403,2772.64
31779,-0.0754,1.4904,11.3246,1403,2772.64
31784,-3.2525,-1.0953,11.7005,1403,2772.64
31789,-2.6671,1.5574,10.0353,1400,2772.64
31794,1.3144,3.0155,10.4603,1395,2772.52
31799,2.0171,2.5905,10.8924,1402,2772.52
31804,-2.9736,-0.5363,11.977,1387,2772.52
31809,-3.6727,0.7386,10.6602,1402,2772.52
31814,0.7027,2.8838,10.1059,1407,2772.52
31819,2.0626,3.395,10.3837,1405,2772.52
31824,-2.7797,0.5219,11.7843,1406,2772.52
31829,-3.6931,-0.3567,11.2025,1400,2772.52
31834,-0.7757,2.4157,9.8222,1399,2772.9
31839,1.719,3.4213,10.3597,1407,2772.9
31844,-0.3244,1.3946,11.3808,1405,2772.9
31849,-3.292,-1.1432,11.6969,1395,2772.9
31854,-2.5786,1.6197,9.9934,1397,2772.9
31859,1.391,3.0789,10.4471,1385,2772.77
31864,1.9956,2.5295,10.9152,1396,2772.77
31869,-3.0023,-0.5543,11.9686,1399,2772.77
31874,-3.6033,0.747,10.5704,1401,2772.77
31879,0.7518,2.8515,10.234,1406,2773.41
31884,2.0554,3.3208,10.4854,1405,2773.41
31889,-2.873,0.4477,11.8309,1403,2773.41
31894,-3.7709,-0.3316,11.1905,1404,2773.41
31899,-0.7195,2.4565,9.8821,1402,2773.54
31904,1.725,3.462,10.4184,1405,2773.54
31909,-0.4752,1.3384,11.4443,1403,2773.54
31914,-3.2597,-1.0953,11.6669,1396,2773.54
31919,-2.4576,1.7047,10.0042,1398,2773.54
31924,1.415,3.1388,10.4507,1397,2773.28
31929,1.9537,2.4361,10.9235,1399,2773.28
31934,-2.9341,-0.6632,11.8681,1399,2773.28
31939,-3.571,0.8368,10.4722,1401,2773.28
31944,0.8416,2.8695,10.2053,1405,2773.28
31949,2.065,3.3112,10.5177,1403,2773.28
31954,-2.9137,0.431,11.8309,1401,2773.28
31959,-3.7828,-0.1425,11.1474,1395,2773.28
31964,-0.5626,2.557,9.9168,1402,2773.03
31969,1.8124,3.5303,10.404,1400,2773.03
31974,-0.7482,1.2989,11.4144,1401,2773.03
31979,-3.3184,-1.0798,11.6071,1400,2773.03
31984,-2.3523,1.7119,9.9515,1399,2773.03
31989,1.4138,3.0921,10.4339,1391,2772.64
31994,1.8567,2.3415,10.9607,1402,2772.64
31999,-2.9844,-0.8068,11.965,1403,2772.64
32004,-3.571,0.9074,10.4854,1404,2772.64
32009,0.9337,2.9102,10.2352,1402,2772.9
32014,2.0566,3.3064,10.4818,1403,2772.9
32019,-3.0131,0.3855,11.8645,1389,2772.9
32024,-3.7565,-0.0706,11.054,1401,2772.9
32029,-0.4274,2.5977,9.8928,1399,2772.77
32034,1.8136,3.4919,10.392,1399,2772.77
32039,-0.8404,1.2079,11.4754,1401,2772.77
32044,-3.3651,-1.0858,11.5616,1404,2772.77
32049,-2.2374,1.7753,9.9072,1399,2772.77
32054,1.4473,3.1101,10.4746,1401,2773.28
32059,1.7047,2.314,11.0109,1403,2773.28
32064,-2.9904,-0.7518,11.9459,1414,2773.28
32069,-3.4836,0.9984,10.4327,1403,2773.28
32074,0.9565,2.9161,10.3022,1405,2773.28
32079,2.132,3.207,10.4938,1400,2773.28
32084,-2.9485,0.2741,11.8992,1397,2773.28
32089,-3.7876,-0.0575,11.0445,1399,2773.28
32094,-0.316,2.5642,9.9742,1401,2773.28
32099,1.7837,3.4919,10.3932,1399,2773.28
32104,-1.1181,1.1564,11.5293,1401,2773.28
32109,-3.45,-1.0199,11.5341,1405,2773.28
32114,-2.1332,1.8998,9.8857,1401,2772.52
32119,1.482,3.152,10.4531,1405,2772.52
32124,1.7107,2.2302,11.0744,1405,2772.52
32129,-2.9784,-0.8068,11.904,1403,2772.52
32134,-3.4297,1.0534,10.392,1403,2772.52
32139,0.9589,2.885,10.2544,1403,2774.44
32144,2.1739,3.1376,10.5429,1401,2774.44
32149,-2.9712,0.1879,11.9387,1391,2774.44
32154,-3.8199,-0.0287,11.0169,1400,2774.44
32159,-0.2131,2.6193,9.9934,1401,2773.54
32164,1.7873,3.5255,10.3932,1407,2773.54
32169,-1.4186,1.166,11.5808,1401,2773.54
32174,-3.4165,-0.9266,11.6143,1407,2773.54
32179,-2.0375,1.9513,9.8462,1407,2773.41
32184,1.5335,3.1939,10.4208,1403,2773.41
32189,1.579,2.1775,11.0947,1403,2773.41
32194,-2.9736,-0.9625,11.8453,1399,2773.41
32199,-3.3698,1.0415,10.2951,1399,2773.41
32204,1.0451,2.8838,10.3406,1400,2773.03
32209,2.1201,3.1244,10.5919,1400,2773.03
32214,-3.0478,0.1293,11.8764,1391,2773.03
32219,-3.8271,0.1676,11.0097,1399,2773.03
32224,-0.0874,2.7306,9.9503,1402,2772.52
32229,1.8771,3.5506,10.3645,1407,2772.52
32234,-1.5107,1.0642,11.6298,1398,2772.52
32239,-3.4345,-0.9254,11.5472,1415,2772.52
32244,-1.8962,1.8854,9.8952,1401,2772.52
32249,1.4688,3.1711,10.4495,1405,2772.52
32254,1.4174,2.0494,11.1223,1405,2772.52
32259,-3.0837,-0.9828,11.8884,1399,2772.52
32264,-3.3459,1.1552,10.2963,1400,2772.52
32269,1.0858,2.9556,10.2879,1397,2772.13
32274,2.1201,3.1424,10.5872,1399,2772.13
32279,-3.0418,0.1245,11.9399,1395,2772.13
32284,-3.7673,0.1903,10.969,1403,2772.13
32289,0.0443,2.7007,9.9048,1402,2772.52
32294,1.9118,3.4704,10.337,1413,2772.52
32299,-1.67,0.9732,11.6155,1398,2772.52
32304,-3.4668,-0.9325,11.4862,1407,2772.52
32309,-1.8064,2.0075,9.8725,1405,2772.52
32314,1.5036,3.2573,10.4818,1400,2772.52
32319,1.2665,2.0818,11.1785,1413,2772.52
32324,-3.067,-0.972,11.8118,1397,2772.52
32329,-3.2729,1.2378,10.2615,1401,2772.52
32334,1.1564,2.97,10.325,1399,2772.77
32339,2.2098,3.0526,10.5728,1405,2772.77
32344,-3.0203,0.0084,11.9483,1391,2772.77
32349,-3.7924,0.1736,10.9319,1407,2772.77
32354,0.0563,2.6504,10.009,1403,2773.16
32359,1.8675,3.5051,10.3453,1407,2773.16
32364,-1.8615,0.9194,11.6286,1397,2773.16
32369,-3.6188,-0.8248,11.4395,1415,2773.16
32374,-1.7262,2.1488,9.9036,1413,2772.9
32379,1.5562,3.2801,10.4411,1399,2772.9
32384,1.2127,2.0027,11.2073,1407,2772.9
32389,-3.0406,-1.0056,11.8094,1395,2772.9
32394,-3.1615,1.2546,10.2017,1399,2772.9
32399,1.1648,2.9329,10.2651,1395,2772.64
32404,2.2206,2.9916,10.6518,1414,2772.64
32409,-3.0598,-0.103,11.9327,1389,2772.64
32414,-3.8343,0.2789,10.8697,1415,2772.64
32419,0.1568,2.7102,10.0209,1405,2772.77
32424,1.8818,3.5518,10.3274,1415,2772.77
32429,-2.0351,0.9469,11.6729,1398,2772.77
32434,-3.5721,-0.7422,11.4323,1416,2772.77
32439,-1.5622,2.1464,9.8318,1407,2772.64
32444,1.6113,3.2705,10.3908,1397,2772.64
32449,1.0726,1.8854,11.2707,1401,2772.64
32454,-3.0406,-1.1181,11.7998,1392,2772.64
32459,-3.1184,1.2677,10.2101,1403,2772.64
32464,1.136,2.9233,10.3334,1389,2772.9
32469,2.1249,2.9449,10.6889,1405,2772.9
32474,-3.0263,-0.1329,11.9519,1396,2772.9
32479,-3.8032,0.4429,10.8457,1417,2772.9
32484,0.2837,2.7845,10.064,1406,2772.77
32489,1.9848,3.5291,10.3609,1413,2772.77
32494,-2.1608,0.838,11.7064,1397,2772.77
32499,-3.5865,-0.7183,11.3665,1401,2772.77
32504,-1.4078,2.1033,9.8282,1403,2772.9
32509,1.5886,3.2334,10.4363,1397,2772.9
32514,0.8272,1.8124,11.2683,1399,2772.9
32519,-3.0981,-1.1073,11.807,1395,2772.9
32524,-3.1256,1.4018,10.2568,1407,2772.9
32529,1.1708,2.964,10.3525,1386,2773.03
32534,2.1991,2.9485,10.7476,1414,2773.03
32539,-3.037,-0.152,11.9159,1399,2773.03
32544,-3.7888,0.4549,10.8589,1415,2773.03
32549,0.3831,2.7294,10.0066,1403,2773.54
32554,1.9764,3.4488,10.3681,1402,2773.54
32559,-2.3391,0.7661,11.6981,1397,2773.54
32564,-3.6691,-0.668,11.3796,1401,2773.54
32569,-1.3336,2.2242,9.8845,1397,2773.8
32574,1.5754,3.3615,10.4148,1397,2773.8
32579,0.6129,1.7933,11.3796,1407,2773.8
32584,-3.1125,-1.063,11.734,1397,2773.8
32589,-2.9736,1.4832,10.0999,1403,2773.8
32594,1.2869,2.9904,10.3597,1397,2773.28
32599,2.2242,2.8096,10.805,1413,2773.28
32604,-2.9784,-0.2921,11.9243,1397,2773.28
32609,-3.7314,0.4633,10.7595,1404,2773.28
32614,0.3903,2.7605,10.0521,1403,2772.77
32619,1.913,3.4441,10.4208,1405,2772.77
32624,-2.496,0.741,11.7543,1401,2772.77
32629,-3.7074,-0.5459,11.3725,1400,2772.77
32634,-1.2665,2.2996,9.8521,1403,2772.64
32639,1.6783,3.4046,10.4052,1396,2772.64
32644,0.4824,1.6771,11.3713,1407,2772.64
32649,-3.1077,-1.1301,11.6897,1399,2772.64
32654,-2.8575,1.4186,10.0916,1415,2772.64
32659,1.2965,2.9221,10.3681,1395,2772.26
32664,2.1464,2.7713,10.8026,1405,2772.26
32669,-2.988,-0.3938,11.9279,1397,2772.26
32674,-3.7709,0.589,10.8146,1403,2772.26
32679,0.5052,2.8323,10.1011,1406,2772.26
32684,1.9824,3.5135,10.4148,1399,2772.26
32689,-2.5343,0.723,11.7448,1397,2772.26
32694,-3.6763,-0.4717,11.2958,1399,2772.26
32699,-1.0798,2.3032,9.8569,1407,2772.26
32704,1.6819,3.3938,10.4028,1398,2772.26
32709,0.2969,1.5694,11.3437,1407,2772.26
32714,-3.134,-1.1923,11.6681,1397,2772.26
32719,-2.8216,1.4856,10.0293,1415,2772.26
32724,1.2641,2.9461,10.4208,1399,2772.26
32729,2.0554,2.8,10.8793,1405,2772.26
32734,-3.0059,-0.3819,11.9794,1395,2772.26
32739,-3.7182,0.6991,10.7236,1401,2772.26
32744,0.6297,2.8072,10.1239,1399,2772.26
32749,2.0327,3.4285,10.386,1397,2772.26
32754,-2.6121,0.6069,11.7017,1399,2772.26
32759,-3.6907,-0.4669,11.2551,1401,2772.26
32764,-1.0056,2.2936,9.8354,1405,2773.41
32769,1.6723,3.3962,10.4603,1399,2773.41
32774,0.0874,1.5862,11.406,1415,2773.41
32779,-3.2609,-1.1037,11.6897,1395,2773.41
32784,-2.7545,1.579,10.094,1417,2773.41
32789,1.3683,3.0454,10.3669,1399,2773.54
32794,2.1955,2.6935,10.8481,1401,2773.54
32799,-2.9616,-0.4393,11.8657,1397,2773.54
32804,-3.6751,0.6428,10.6937,1401,2773.54
32809,0.5842,2.7976,10.0688,1397,2773.03
32814,2.0183,3.3734,10.483,1395,2773.03
32819,-2.6959,0.5495,11.8393,1401,2773.03
32824,-3.8235,-0.3723,11.2899,1399,2773.03
32829,-0.9146,2.4074,9.827,1400,2773.28
32834,1.7681,3.45,10.3932,1400,2773.28
32839,-0.1389,1.5048,11.3796,1415,2773.28
32844,-3.231,-1.1037,11.6933,1391,2773.28
32849,-2.6384,1.6376,10.0604,1415,2773.28
32854,1.3551,2.9951,10.3489,1398,2772.52
32859,2.0877,2.5869,10.8864,1401,2772.52
32864,-2.8766,-0.6273,11.8812,1399,2772.52
32869,-3.7206,0.6907,10.5884,1400,2772.52
32874,0.6788,2.8,10.1047,1399,2772.77
32879,1.998,3.4297,10.4663,1402,2772.77
32884,-2.8659,0.5183,11.7962,1401,2772.77
32889,-3.7769,-0.2502,11.2504,1400,2772.77
32894,-0.8212,2.4756,9.9084,1405,2772.52
32899,1.7741,3.5207,10.3789,1401,2772.52
32904,-0.2993,1.4198,11.4012,1407,2772.52
32909,-3.2058,-1.172,11.6191,1400,2772.52
32914,-2.5953,1.573,10.0185,1408,2772.52
32919,1.3635,3.0179,10.4746,1396,2772.64
32924,1.9776,2.5043,10.969,1402,2772.64
32929,-2.9592,-0.6764,11.88,1394,2772.64
32934,-3.6679,0.826,10.6207,1401,2772.64
32939,0.7949,2.8276,10.1682,1399,2773.03
32944,2.1069,3.4273,10.4818,1403,2773.03
32949,-2.8778,0.4429,11.7831,1401,2773.03
32954,-3.7362,-0.2155,11.2516,1401,2773.03
32959,-0.6812,2.405,9.8533,1403,2773.03
32964,1.7813,3.4393,10.3872,1403,2773.03
32969,-0.498,1.3288,11.4371,1415,2773.03
32974,-3.3232,-1.1169,11.6071,1401,2773.03
32979,-2.5187,1.6987,10.0066,1398,2773.03
32984,1.4066,3.037,10.4423,1391,2773.8
32989,1.8926,2.5055,11.0049,1397,2773.8
32994,-2.9736,-0.6752,11.8884,1394,2773.8
32999,-3.5817,0.8966,10.5297,1403,2773.8
33004,0.8835,2.8479,10.1239,1403,2773.67
33009,2.1464,3.2968,10.4758,1403,2773.67
33014,-2.8958,0.3496,11.8872,1405,2773.67
33019,-3.7517,-0.2167,11.1271,1403,2773.67
33024,-0.5974,2.4588,9.7863,1402,2773.16
33029,1.7298,3.474,10.4232,1403,2773.16
33034,-0.7805,1.3012,11.5939,1404,2773.16
33039,-3.3387,-1.0451,11.5568,1397,2773.16
33044,-2.3762,1.7873,9.9276,1401,2773.16
33049,1.4676,3.1017,10.4423,1391,2772.64
33054,1.9058,2.4205,11.0971,1398,2772.64
33059,-2.9042,-0.7314,11.7819,1399,2772.64
33064,-3.5027,0.8739,10.4986,1401,2772.64
33069,0.8823,2.7737,10.0963,1405,2772.52
33074,2.0901,3.2489,10.5465,1407,2772.52
33079,-2.9832,0.31,11.8501,1407,2772.52
33084,-3.8415,-0.1245,11.1893,1403,2772.52
33089,-0.4788,2.5187,9.7755,1400,2772.77
33094,1.822,3.5303,10.4208,1405,2772.77
33099,-1.0139,1.3072,11.5867,1397,2772.77
33104,-3.3399,-1.0127,11.5808,1397,2772.77
33109,-2.2901,1.749,9.8414,1397,2772.77
33114,1.5251,3.0251,10.3657,1396,2772.77
33119,1.7873,2.3116,11.133,1399,2772.77
33124,-2.9113,-0.8523,11.8968,1395,2772.77
33129,-3.5087,0.9433,10.4172,1396,2772.77
33134,0.9457,2.824,10.155,1406,2772.77
33139,2.1296,3.2669,10.6674,1405,2772.77
33144,-2.9724,0.328,11.8728,1407,2772.77
33149,-3.8176,0.0455,11.0468,1401,2772.77
33154,-0.3531,2.5426,9.7624,1400,2772.77
33159,1.9237,3.5494,10.3837,1405,2772.77
33164,-1.1923,1.1983,11.5903,1401,2772.77
33169,-3.4034,-0.9948,11.5185,1391,2772.77
33174,-2.2003,1.7861,9.8904,1400,2772.77
33179,1.4605,3.1208,10.4124,1402,2772.9
33184,1.5933,2.2936,11.2168,1399,2772.9
33189,-2.9497,-0.8464,11.7759,1397,2772.9
33194,-3.4884,1.0379,10.3669,1403,2772.9
33199,1.0199,2.9102,10.1574,1407,2772.39
33204,2.223,3.2573,10.6303,1406,2772.39
33209,-2.9616,0.2442,11.88,1402,2772.39
33214,-3.7565,0.0347,11.1007,1401,2772.39
33219,-0.2394,2.5438,9.8043,1401,2772.39
33224,1.8531,3.5099,10.4112,1401,2772.39
33229,-1.3336,1.1349,11.649,1401,2772.39
33234,-3.4536,-0.9792,11.4814,1395,2772.39
33239,-2.1308,1.8567,9.8258,1398,2772.39
33244,1.5083,3.1735,10.4758,1399,2772.26
33249,1.6149,2.2541,11.1821,1399,2772.26
33254,-2.9628,-0.8547,11.8082,1402,2772.26
33259,-3.3986,1.0558,10.3358,1404,2772.26
33264,1.0534,2.8683,10.1718,1415,2772.39
33269,2.2398,3.1735,10.6326,1401,2772.39
33274,-2.9688,0.1975,11.8908,1400,2772.39
33279,-3.8427,0.0599,11.0397,1401,2772.39
33284,-0.2095,2.5678,9.8892,1403,2772.52
33289,1.8471,3.5135,10.4267,1400,2772.52
33294,-1.5479,1.1169,11.7316,1403,2772.52
33299,-3.5039,-0.8835,11.5616,1405,2772.52
33304,-2.0255,1.9106,9.7827,1399,2772.52
33309,1.6041,3.1891,10.392,1403,2772.64
33314,1.5658,2.2063,11.1965,1403,2772.64
33319,-2.9856,-0.9266,11.7651,1403,2772.64
33324,-3.4069,1.0786,10.2604,1403,2772.64
33329,1.0582,2.8455,10.2436,1414,2773.16
33334,2.1967,3.1412,10.7045,1405,2773.16
33339,-3.0107,0.1616,11.8956,1395,2773.16
33344,-3.8894,0.1484,11.0445,1399,2773.16
33349,0.0108,2.6456,9.9192,1401,2772.9
33354,1.9381,3.5231,10.4315,1399,2772.9
33359,-1.8411,1.1121,11.6741,1399,2772.9
33364,-3.4931,-0.8308,11.4946,1407,2772.9
33369,-1.6903,1.9465,9.7648,1401,2772.26
33374,1.6257,3.2058,10.4663,1403,2772.26
33379,1.2342,2.0255,11.3413,1403,2772.26
33384,-3.0873,-1.0331,11.8298,1402,2772.26
33389,-3.2022,1.1325,10.307,1403,2772.26
33394,1.1983,2.8551,10.3477,1413,2772.64
33399,2.144,3.0454,10.6674,1403,2772.64
33404,-3.0849,0.0766,11.8669,1395,2772.64
33409,-3.8044,0.3053,11.0205,1397,2772.64
33414,0.3029,2.6947,9.9982,1400,2772.77
33419,1.9273,3.5051,10.386,1407,2772.77
33424,-2.1979,1.0068,11.6789,1399,2772.77
33429,-3.4848,-0.7865,11.4299,1415,2772.77
33434,-1.5419,1.9501,9.8593,1403,2773.03
33439,1.5718,3.2609,10.3441,1407,2773.03
33444,0.7159,2.0782,11.2312,1403,2773.03
33449,-2.9269,-0.972,11.8178,1403,2773.03
33454,-3.0682,1.136,10.3142,1399,2773.03
33459,1.087,2.9113,10.2615,1401,2773.8
33464,1.9836,3.1568,10.6853,1401,2773.8
33469,-2.8228,-0.0599,11.9698,1390,2773.8
33474,-3.6117,0.2167,10.9415,1395,2773.8
33479,-0.0826,2.6432,9.8557,1401,2774.57
33484,1.9213,3.5099,10.4651,1407,2774.57
33489,-1.8136,0.9804,11.7531,1400,2774.57
33494,-3.5769,-0.8416,11.3796,1415,2774.57
33499,-1.7885,2.0758,9.7576,1404,2774.95
33504,1.6568,3.231,10.5177,1403,2774.95
33509,1.1959,1.9597,11.3054,1405,2774.95
33514,-3.0861,-1.0211,11.7855,1399,2774.95
33519,-3.1855,1.2857,10.1454,1402,2774.95
33524,1.245,2.8994,10.337,1400,2775.08
33529,2.2482,2.9209,10.7272,1401,2775.08
33534,-2.9185,-0.0814,11.9698,1386,2775.08
33539,-3.8176,0.3627,10.8062,1402,2775.08
33544,0.1652,2.6911,9.9395,1401,2775.21
33549,1.9417,3.4836,10.4519,1407,2775.21
33554,-2.2529,0.9074,11.7926,1398,2775.21
33559,-3.62,-0.6572,11.3641,1415,2775.21
33564,-1.5754,2.1428,9.7181,1407,2775.34
33569,1.6999,3.3639,10.4064,1399,2775.34
33574,0.7961,1.828,11.388,1403,2775.34
33579,-3.0227,-1.1241,11.7627,1395,2775.34
33584,-3.0957,1.3336,10.0353,1399,2775.34
33589,1.2474,2.9066,10.2867,1396,2775.59
33594,2.2063,2.8503,10.89,1405,2775.59
33599,-2.958,-0.2418,11.9159,1391,2775.59
33604,-3.875,0.48,10.7727,1413,2775.59
33609,0.3232,2.745,9.9623,1405,2775.59
33614,2.0806,3.4824,10.4244,1415,2775.59
33619,-2.4146,0.82,11.8274,1399,2775.59
33624,-3.65,-0.5303,11.3186,1404,2775.59
33629,-1.3264,2.1955,9.7576,1405,2775.72
33634,1.7154,3.3651,10.4507,1400,2775.72
33639,0.4226,1.7262,11.4443,1400,2775.72
33644,-3.1244,-1.1863,11.7495,1397,2775.72
33649,-2.9772,1.3719,9.973,1404,2775.72
33654,1.2917,2.9892,10.4076,1397,2775.72
33659,2.1811,2.8407,10.9176,1407,2775.72
33664,-2.9425,-0.3292,11.9471,1397,2775.72
33669,-3.8104,0.583,10.6937,1415,2775.72
33674,0.5255,2.8359,10.0317,1405,2775.85
33679,2.1237,3.4692,10.4722,1405,2775.85
33684,-2.5654,0.6931,11.7879,1395,2775.85
33689,-3.7014,-0.5231,11.2228,1399,2775.85
33694,-1.1109,2.2661,9.7133,1395,2775.85
33699,1.7071,3.3363,10.4806,1395,2775.85
33704,0.1676,1.6077,11.4646,1405,2775.85
33709,-3.2322,-1.16,11.7041,1395,2775.85
33714,-2.8192,1.5634,9.997,1415,2775.85
33719,1.3396,3.0251,10.386,1399,2775.72
33724,2.1931,2.6959,10.9463,1405,2775.72
33729,-2.9233,-0.4501,11.8968,1398,2775.72
33734,-3.6715,0.674,10.5548,1403,2775.72
33739,0.6261,2.8264,10.0461,1403,2775.59
33744,2.1093,3.3938,10.5536,1397,2775.59
33749,-2.7222,0.6117,11.8956,1389,2775.59
33754,-3.7481,-0.3938,11.2336,1397,2775.59
33759,-0.9661,2.3403,9.7025,1403,2775.21
33764,1.7873,3.4297,10.4303,1395,2775.21
33769,-0.1592,1.5191,11.5089,1415,2775.21
33774,-3.2166,-1.1157,11.6909,1399,2775.21
33779,-2.6695,1.634,9.9072,1417,2775.21
33784,1.4102,3.0742,10.4064,1397,2774.95
33789,2.0889,2.575,11.0349,1400,2774.95
33794,-2.8515,-0.6081,11.8908,1399,2774.95
33799,-3.7122,0.7338,10.495,1401,2774.95
33804,0.7278,2.8276,10.1562,1401,2774.57
33809,2.1416,3.389,10.5141,1399,2774.57
33814,-2.8395,0.5291,11.8956,1397,2774.57
33819,-3.784,-0.2598,11.1773,1415,2774.57
33824,-0.753,2.4469,9.7911,1405,2774.44
33829,1.8304,3.474,10.3968,1402,2774.44
33834,-0.4154,1.4389,11.5281,1415,2774.44
33839,-3.2489,-1.1145,11.6059,1399,2774.44
33844,-2.557,1.6424,9.8725,1417,2774.44
33849,1.4162,3.0251,10.3801,1396,2774.31
33854,1.9501,2.5151,11.1007,1402,2774.31
33859,-2.9616,-0.7446,11.8728,1401,2774.31
33864,-3.6643,0.8631,10.4938,1401,2774.31
33869,0.814,2.8922,10.1382,1397,2774.69
33874,2.1644,3.3459,10.55,1400,2774.69
33879,-2.9413,0.4549,11.9447,1401,2774.69
33884,-3.7433,-0.1389,11.0995,1401,2774.69
33889,-0.5962,2.5235,9.7396,1405,2774.82
33894,1.816,3.4572,10.4375,1403,2774.82
33899,-0.7721,1.3408,11.6143,1415,2774.82
33904,-3.3567,-1.1073,11.5592,1401,2774.82
33909,-2.3918,1.7454,9.8761,1413,2774.82
33914,1.4605,3.1041,10.4806,1397,2775.08
33919,1.8387,2.4397,11.1139,1400,2775.08
33924,-2.9628,-0.7278,11.8908,1391,2775.08
33929,-3.5769,0.9589,10.4675,1399,2775.08
33934,0.9014,2.8946,10.161,1403,2774.95
33939,2.2649,3.2298,10.6003,1403,2774.95
33944,-2.9341,0.3352,11.9483,1405,2774.95
33949,-3.8415,-0.1101,11.0935,1395,2774.95
33954,-0.4585,2.5019,9.827,1403,2775.08
33959,1.8531,3.4764,10.4854,1403,2775.08
33964,-1.1025,1.2234,11.6502,1399,2775.08
33969,-3.4237,-1.0642,11.5987,1398,2775.08
33974,-2.2649,1.8842,9.8294,1399,2775.08
33979,1.5443,3.14,10.4028,1397,2775.34
33984,1.804,2.3296,11.2192,1401,2775.34
33989,-2.9054,-0.8535,11.8154,1395,2775.34
33994,-3.5027,1.0104,10.3394,1401,2775.34
33999,0.9792,2.8443,10.1837,1413,2775.34
34004,2.2338,3.1603,10.6734,1407,2775.34
34009,-2.9353,0.1999,11.9578,1407,2775.34
34014,-3.8858,-0.0275,11.0061,1403,2775.34
34019,-0.3136,2.5965,9.8234,1403,2775.08
34024,1.7107,3.3603,10.4363,1403,2775.08
34029,-1.4222,1.2091,11.6957,1403,2775.08
34034,-3.0909,-1.1253,11.7304,1397,2775.08
34039,-3.0035,1.3683,10.0437,1399,2775.08
34044,1.2749,2.9102,10.3346,1395,2775.08
34049,2.2649,2.7725,10.8924,1400,2775.08
34054,-2.958,-0.3579,11.9423,1399,2775.08
34059,-3.8235,0.5483,10.6698,1403,2775.08
34064,0.4705,2.8024,10.0233,1405,2774.95
34069,2.0638,3.4872,10.5201,1407,2774.95
34074,-2.5247,0.7781,11.8477,1401,2774.95
34079,-3.699,-0.4729,11.2695,1403,2774.95
34084,-1.2582,2.2889,9.7588,1403,2775.08
34089,1.7597,3.3327,10.4088,1402,2775.08
34094,0.3412,1.6712,11.4347,1402,2775.08
34099,-3.1376,-1.227,11.6837,1400,2775.08
34104,-2.9245,1.4305,10.0161,1402,2775.08
34109,1.3108,2.9652,10.3717,1405,2775.08
34114,2.1775,2.7665,10.914,1401,2775.08
34119,-3.0023,-0.3867,11.9399,1403,2775.08
34124,-3.7517,0.7159,10.6554,1403,2775.08
34129,0.6297,2.8479,10.058,1407,2775.46
34134,2.1261,3.4465,10.4531,1405,2775.46
34139,-2.6683,0.656,11.8214,1397,2775.46
34144,-3.7362,-0.4633,11.23,1397,2775.46
34149,-1.0666,2.3176,9.7396,1403,2775.59
34154,1.7047,3.3375,10.4351,1401,2775.59
34159,0.0383,1.5634,11.5101,1401,2775.59
34164,-3.2465,-1.1372,11.6466,1397,2775.59
34169,-2.7557,1.5933,9.9443,1399,2775.59
34174,1.3515,3.0023,10.3645,1403,2775.72
34179,2.15,2.6959,11.0145,1403,2775.72
34184,-2.9568,-0.5183,11.9076,1404,2775.72
34189,-3.6931,0.7386,10.5082,1403,2775.72
34194,0.6704,2.812,10.0652,1402,2775.72
34199,2.1739,3.3639,10.5093,1403,2775.72
34204,-2.7557,0.5064,11.8968,1397,2775.72
34209,-3.8451,-0.3903,11.1354,1399,2775.72
34214,-0.9266,2.4241,9.8258,1401,2775.72
34219,1.7573,3.4608,10.4267,1405,2775.72
34224,-0.3304,1.4676,11.6011,1397,2775.72
34229,-3.2813,-1.1265,11.5879,1408,2775.72
34234,-2.6552,1.6807,9.912,1403,2775.21
34239,1.4485,3.0718,10.3765,1407,2775.21
34244,2.1069,2.5307,11.0684,1405,2775.21
34249,-2.8479,-0.6752,11.8705,1397,2775.21
34254,-3.6392,0.808,10.4315,1399,2775.21
34259,0.7542,2.8096,10.1239,1399,2774.82
34264,2.1272,3.298,10.5345,1404,2774.82
34269,-2.8946,0.4657,11.9064,1389,2774.82
34274,-3.8439,-0.0922,11.224,1403,2774.82
34279,-0.6871,2.4852,9.7983,1403,2774.44
34284,1.8268,3.5063,10.4004,1405,2774.44
34289,-0.6225,1.4126,11.5843,1399,2774.44
34294,-3.2908,-1.0558,11.6011,1407,2774.44
34299,-2.484,1.6759,9.906,1407,2774.82
34304,1.4114,2.9975,10.3681,1399,2774.82
34309,1.9561,2.4553,11.133,1413,2774.82
34314,-2.9521,-0.808,11.8537,1395,2774.82
34319,-3.6404,0.8631,10.5129,1399,2774.82
34324,0.8655,2.8347,10.1059,1390,2774.57
34329,2.2063,3.3722,10.5596,1405,2774.57
34334,-2.9425,0.4118,11.9483,1392,2774.57
34339,-3.8008,-0.0251,11.084,1404,2774.57
34344,-0.4681,2.5391,9.7983,1403,2774.44
34349,1.8675,3.4895,10.4256,1414,2774.44
34354,-0.917,1.2761,11.6394,1400,2774.44
34359,-3.3627,-1.1372,11.4886,1415,2774.44
34364,-2.3619,1.7358,9.906,1403,2774.18
34369,1.4042,3.0622,10.4387,1397,2774.18
34374,1.7334,2.3942,11.2037,1405,2774.18
34379,-2.9892,-0.8164,11.8453,1397,2774.18
34384,-3.5829,1.0534,10.4507,1401,2774.18
34389,0.9708,2.9293,10.1694,1395,2774.18
34394,2.2613,3.2597,10.5979,1406,2774.18
34399,-2.9341,0.2933,11.9291,1395,2774.18
34404,-3.8044,-0.0706,11.0229,1413,2774.18
34409,-0.3543,2.5103,9.815,1401,2774.31
34414,1.8399,3.4632,10.3681,1413,2774.31
34419,-1.257,1.1768,11.6406,1390,2774.31
34424,-3.4884,-1.0151,11.5065,1405,2774.31
34429,-2.2051,1.9178,9.8055,1403,2774.44
34434,1.5143,3.1831,10.4148,1395,2774.44
34439,1.7011,2.3367,11.2923,1400,2774.44
34444,-2.9401,-0.8655,11.8202,1391,2774.44
34449,-3.4776,1.0463,10.3034,1401,2774.44
34454,0.9601,2.8587,10.1837,1397,2774.18
34459,2.2601,3.14,10.6458,1407,2774.18
34464,-2.9365,0.1568,11.9147,1397,2774.18
34469,-3.8547,0.0527,11.0253,1413,2774.18
34474,-0.3005,2.6193,9.8402,1405,2774.18
34479,1.9273,3.5578,10.4399,1397,2774.18
34484,-1.5227,1.154,11.7268,1400,2774.18
34489,-3.4764,-0.9206,11.473,1399,2774.18
34494,-2.0183,1.9405,9.8497,1407,2774.18
34499,1.5981,3.1496,10.3825,1397,2774.18
34504,1.6137,2.1536,11.3066,1405,2774.18
34509,-2.8994,-1.0271,11.7998,1395,2774.18
34514,-3.371,1.0319,10.228,1407,2774.18
34519,1.0882,2.8072,10.2041,1400,2774.57
34524,2.217,3.1771,10.7272,1415,2774.57
34529,-2.9772,0.0611,11.9447,1397,2774.57
34534,-3.8894,0.2454,10.9559,1405,2774.57
34539,-0.0515,2.6983,9.9,1402,2774.82
34544,2.0111,3.5817,10.3896,1400,2774.82
34549,-1.64,1.0989,11.7304,1397,2774.82
34554,-3.5135,-0.8691,11.4575,1400,2774.82
34559,-1.889,1.9632,9.7636,1399,2775.34
34564,1.5562,3.1352,10.4016,1397,2775.34
34569,1.3168,2.0614,11.3042,1399,2775.34
34574,-3.0586,-1.1133,11.8034,1400,2775.34
34579,-3.3698,1.1983,10.3166,1415,2775.34
34584,1.148,2.909,10.2675,1398,2775.59
34589,2.2924,3.1041,10.744,1401,2775.59
34594,-3.0358,0.0132,11.9399,1401,2775.59
34599,-3.8343,0.316,10.8649,1401,2775.59
34604,0.085,2.6731,9.8126,1399,2775.34
34609,2.0147,3.4848,10.3813,1399,2775.34
34614,-1.9513,0.9182,11.7902,1398,2775.34
34619,-3.6117,-0.8523,11.4132,1400,2775.34
34624,-1.7119,2.0267,9.7576,1406,2775.21
34629,1.5706,3.225,10.386,1401,2775.21
34634,1.0259,2.0243,11.4239,1415,2775.21
34639,-3.0502,-1.0127,11.7507,1399,2775.21
34644,-3.2382,1.3336,10.1837,1417,2775.21
34649,1.2079,2.9353,10.2484,1397,2775.21
34654,2.3535,2.9975,10.8182,1399,2775.21
34659,-2.9161,-0.1508,11.8453,1399,2775.21
34664,-3.796,0.3196,10.799,1403,2775.21
34669,0.1879,2.6588,9.8797,1397,2775.08
34674,1.9992,3.4907,10.4675,1401,2775.08
34679,-2.2015,0.8894,11.7759,1401,2775.08
34684,-3.6859,-0.668,11.4431,1419,2775.08
34689,-1.573,2.2051,9.7396,1400,2774.95
34694,1.6424,3.316,10.392,1400,2774.95
34699,0.7949,1.8256,11.4012,1406,2774.95
34704,-3.0095,-1.1181,11.7376,1397,2774.95
34709,-3.1256,1.336,10.0652,1407,2774.95
34714,1.2486,2.8575,10.2939,1400,2775.08
34719,2.3188,2.8335,10.9008,1395,2775.08
34724,-2.9724,-0.2981,11.9447,1390,2775.08
34729,-3.8379,0.4729,10.7727,1395,2775.08
34734,0.3603,2.7342,9.9252,1403,2774.69
34739,2.0542,3.5542,10.3896,1405,2774.69
34744,-2.4169,0.82,11.8094,1403,2774.69
34749,-3.6559,-0.504,11.388,1403,2774.69
34754,-1.3862,2.2278,9.7636,1403,2774.95
34759,1.7334,3.3459,10.4112,1405,2774.95
34764,0.6345,1.7478,11.4539,1406,2774.95
34769,-3.0885,-1.2175,11.6562,1401,2774.95
34774,-3.0382,1.3348,10.0975,1401,2774.95
34779,1.257,2.9233,10.3418,1391,2774.82
34784,2.1656,2.8467,10.981,1400,2774.82
34789,-2.97,-0.3807,11.9231,1396,2774.82
34794,-3.8044,0.6249,10.756,1401,2774.82
34799,0.486,2.7713,9.9623,1405,2775.08
34804,2.1703,3.5219,10.4746,1407,2775.08
34809,-2.5079,0.7326,11.7795,1379,2775.08
34814,-3.6643,-0.5004,11.2707,1403,2775.08
34819,-1.2031,2.2098,9.7061,1403,2775.46
34824,1.6831,3.2956,10.4279,1407,2775.46
34829,0.2095,1.6173,11.4982,1403,2775.46
34834,-3.2406,-1.2019,11.7388,1395,2775.46
34839,-2.9197,1.5155,10.0604,1399,2775.46
34844,1.3503,3.0299,10.3848,1396,2775.46
34849,2.2398,2.8072,10.9918,1401,2775.46
34854,-2.9401,-0.4453,11.8657,1399,2775.46
34859,-3.7302,0.6321,10.6374,1403,2775.46
34864,0.5914,2.7509,9.985,1407,2775.46
34869,2.1153,3.377,10.4782,1403,2775.46
34874,-2.6528,0.5626,11.8764,1403,2775.46
34879,-3.7984,-0.4465,11.2719,1403,2775.46
34884,-1.0451,2.3607,9.7312,1401,2775.72
34889,1.7502,3.4357,10.4232,1401,2775.72
34894,-0.1113,1.5479,11.5676,1401,2775.72
34899,-3.2705,-1.0714,11.637,1400,2775.72
34904,-2.7414,1.6388,9.973,1401,2775.72
34909,1.4126,3.0335,10.3705,1400,2775.46
34914,2.1739,2.6396,11.0349,1399,2775.46
34919,-2.8527,-0.5555,11.892,1402,2775.46
34924,-3.6715,0.7003,10.5836,1405,2775.46
34929,0.6524,2.7916,10.0269,1407,2775.34
34934,2.0842,3.389,10.6171,1406,2775.34
34939,-2.8371,0.5195,11.8405,1395,2775.34
34944,-3.863,-0.2095,11.2516,1401,2775.34
34949,-0.8212,2.4541,9.7456,1401,2775.08
34954,1.7921,3.4919,10.4447,1400,2775.08
34959,-0.3962,1.4784,11.5604,1400,2775.08
34964,-3.2166,-1.0858,11.643,1415,2775.08
34969,-2.5774,1.561,9.8641,1402,2775.08
34974,1.385,2.9928,10.3944,1401,2774.82
34979,1.992,2.4672,11.1139,1403,2774.82
34984,-2.903,-0.7398,11.8513,1405,2774.82
34989,-3.6787,0.8188,10.5201,1403,2774.82
34994,0.753,2.8539,10.1586,1405,2774.44
34999,2.144,3.3686,10.5872,1405,2774.44
35004,-2.9102,0.4573,11.898,1395,2774.44
35009,-3.8319,-0.0886,11.1594,1400,2774.44
35014,-0.644,2.4876,9.7444,1403,2774.05
35019,1.8447,3.4524,10.3525,1403,2774.05
35024,-0.6692,1.318,11.5317,1397,2774.05
35029,-3.304,-1.1492,11.5688,1405,2774.05
35034,-2.466,1.6508,9.9168,1401,2773.93
35039,1.4317,3.0682,10.4244,1405,2773.93
35044,1.8986,2.4828,11.1749,1404,2773.93
35049,-2.9892,-0.7207,11.8609,1401,2773.93
35054,-3.6069,0.9577,10.495,1400,2773.93
35059,0.9134,2.8671,10.0904,1403,2774.05
35064,2.2661,3.2705,10.5584,1400,2774.05
35069,-2.8898,0.3651,11.8681,1397,2774.05
35074,-3.7673,-0.1472,11.1366,1399,2774.05
35079,-0.4932,2.4816,9.7911,1403,2774.31
35084,1.7933,3.4417,10.4172,1404,2774.31
35089,-1.0092,1.2653,11.6191,1401,2774.31
35094,-3.3411,-1.0116,11.5951,1416,2774.31
35099,-2.3308,1.7825,9.8246,1407,2774.69
35104,1.5,3.1819,10.4531,1402,2774.69
35109,1.8519,2.4146,11.1546,1407,2774.69
35114,-2.9353,-0.759,11.8645,1398,2774.69
35119,-3.5255,0.9445,10.3968,1399,2774.69
35124,0.9445,2.9018,10.1418,1399,2775.08
35129,2.217,3.1927,10.6255,1403,2775.08
35134,-2.8994,0.243,11.9004,1395,2775.08
35139,-3.8846,-0.0802,11.072,1405,2775.08
35144,-0.413,2.5534,9.8294,1403,2775.08
35149,1.834,3.5698,10.4471,1407,2775.08
35154,-1.3001,1.2222,11.6957,1398,2775.08
35159,-3.4381,-0.9505,11.5353,1414,2775.08
35164,-2.1548,1.9441,9.8378,1417,2774.57
35169,1.5562,3.1891,10.3908,1397,2774.57
35174,1.6987,2.2314,11.2085,1406,2774.57
35179,-2.891,-0.8847,11.8094,1396,2774.57
35184,-3.4357,0.984,10.313,1400,2774.57
35189,0.9864,2.8359,10.1778,1399,2774.44
35194,2.1859,3.1388,10.7284,1407,2774.44
35199,-3.0394,0.17,11.8764,1391,2774.44
35204,-3.8439,0.1245,11.0205,1415,2774.44
35209,-0.2155,2.6432,9.7707,1403,2774.95
35214,1.9728,3.5853,10.416,1407,2774.95
35219,-1.5024,1.1205,11.6909,1397,2774.95
35224,-3.4369,-0.9086,11.4898,1407,2774.95
35229,-2.0315,1.8627,9.7516,1407,2775.34
35234,1.5263,3.146,10.4148,1396,2775.34
35239,1.4329,2.1093,11.2575,1402,2775.34
35244,-3.0335,-0.99,11.8286,1397,2775.34
35249,-3.4285,1.1301,10.2759,1405,2775.34
35254,1.0822,2.8934,10.2711,1395,2775.72
35259,2.2613,3.146,10.6769,1413,2775.72
35264,-2.9724,0.0611,11.9411,1395,2775.72
35269,-3.8391,0.2598,10.9307,1415,2775.72
35274,-0.0156,2.6695,9.8031,1405,2775.46
35279,1.9992,3.5111,10.4256,1404,2775.46
35284,-1.7214,1.0116,11.6921,1398,2775.46
35289,-3.5674,-0.8595,11.4335,1400,2775.46
35294,-1.8651,1.9848,9.7791,1405,2775.46
35299,1.5479,3.2429,10.4806,1395,2775.46
35304,1.1815,2.0399,11.3581,1405,2775.46
35309,-3.0586,-0.9756,11.8226,1397,2775.46
35314,-3.3303,1.2749,10.1598,1415,2775.46
35319,1.1732,2.9544,10.2556,1399,2775.59
35324,2.3104,3.043,10.7308,1415,2775.59
35329,-2.9461,-0.0311,11.9483,1399,2775.59
35334,-3.8607,0.2454,10.8984,1399,2775.59
35339,0.1065,2.6552,9.8581,1399,2775.85
35344,1.9884,3.462,10.4519,1405,2775.85
35349,-2.0554,0.911,11.728,1399,2775.85
35354,-3.6212,-0.7614,11.3952,1403,2775.85
35359,-1.658,2.1105,9.7157,1400,2775.72
35364,1.6568,3.3399,10.4986,1396,2775.72
35369,0.9661,1.9477,11.3844,1407,2775.72
35374,-3.0203,-1.0415,11.7986,1399,2775.72
35379,-3.1687,1.2641,10.1011,1416,2775.72
35384,1.1672,2.9437,10.2532,1399,2775.59
35389,2.2541,2.9137,10.8026,1403,2775.59
35394,-2.9329,-0.1891,11.9447,1397,2775.59
35399,-3.8846,0.3819,10.8481,1401,2775.59
35404,0.237,2.7545,9.9563,1402,2775.34
35409,2.0183,3.5614,10.4327,1401,2775.34
35414,-2.3164,0.8487,11.7507,1400,2775.34
35419,-3.6667,-0.5806,11.388,1401,2775.34
35424,-1.4844,2.1823,9.6786,1404,2775.59
35429,1.7059,3.3507,10.4303,1403,2775.59
35434,0.7661,1.7681,11.3713,1419,2775.59
35439,-3.0706,-1.2019,11.8142,1401,2775.59
35444,-3.1029,1.3336,10.0545,1416,2775.59
35449,1.2055,2.9137,10.3418,1396,2775.72
35454,2.2577,2.8802,10.8649,1399,2775.72
35459,-2.988,-0.255,11.959,1400,2775.72
35464,-3.8618,0.5794,10.7679,1401,2775.72
35469,0.3915,2.7892,9.9192,1397,2775.72
35474,2.1009,3.5231,10.4519,1400,2775.72
35479,-2.4541,0.7709,11.7759,1401,2775.72
35484,-3.6512,-0.5243,11.3593,1401,2775.72
35489,-1.2486,2.2302,9.6941,1405,2775.85
35494,1.7226,3.3291,10.4507,1406,2775.85
35499,0.3077,1.7131,11.4275,1415,2775.85
35504,-3.1915,-1.1708,11.6801,1400,2775.85
35509,-2.9664,1.4593,9.9383,1405,2775.85
35514,1.2821,2.9999,10.3932,1395,2775.72
35519,2.1775,2.7461,10.9511,1403,2775.72
35524,-2.9245,-0.3196,11.9722,1389,2775.72
35529,-3.7757,0.6213,10.6626,1401,2775.72
35534,0.5339,2.7916,9.9695,1389,2775.34
35539,2.1153,3.4273,10.4387,1401,2775.34
35544,-2.6037,0.6512,11.8405,1402,2775.34
35549,-3.7206,-0.4884,11.2887,1403,2775.34
35554,-1.1229,2.2913,9.7528,1395,2774.95
35559,1.7226,3.3986,10.4663,1407,2774.95
35564,0.0862,1.6017,11.4718,1407,2774.95
35569,-3.225,-1.0654,11.649,1400,2774.95
35574,-2.7797,1.6185,9.9527,1401,2774.95
35579,1.3982,3.043,10.3537,1397,2774.57
35584,2.2051,2.6791,10.9355,1397,2774.57
35589,-2.8683,-0.5279,11.9483,1396,2774.57
35594,-3.7385,0.6835,10.6123,1399,2774.57
35599,0.6213,2.7629,10.0341,1406,2774.57
35604,2.0949,3.3866,10.4698,1406,2774.57
35609,-2.7497,0.5974,11.9171,1405,2774.57
35614,-3.8008,-0.3543,11.2384,1395,2774.57
35619,-0.8894,2.4169,9.7671,1403,2774.31
35624,1.7801,3.4692,10.4052,1407,2774.31
35629,-0.2286,1.5431,11.5329,1401,2774.31
35634,-3.231,-1.1037,11.6514,1395,2774.31
35639,-2.6324,1.6185,9.8869,1399,2774.31
35644,1.3695,3.0287,10.3573,1401,2773.41
35649,2.0566,2.5355,11.0852,1401,2773.41
35654,-2.8742,-0.6309,11.9243,1395,2773.41
35659,-3.6775,0.7602,10.507,1403,2773.41
35664,0.7219,2.7605,10.1526,1406,2773.41
35669,2.1153,3.395,10.5704,1407,2773.41
35674,-2.8527,0.5327,11.8645,1401,2773.41
35679,-3.802,-0.2298,11.1402,1400,2773.41
35684,-0.82,2.4146,9.7468,1401,2772.9
35689,1.8172,3.4704,10.3944,1405,2772.9
35694,-0.4621,1.4138,11.5544,1401,2772.9
35699,-3.2322,-1.1564,11.5772,1397,2772.9
35704,-2.6025,1.6137,9.8833,1397,2772.9
35709,1.3874,3.0275,10.4387,1399,2772.64
35714,2.0016,2.5235,11.0421,1403,2772.64
35719,-2.9209,-0.6776,11.8669,1401,2772.64
35724,-3.7002,0.8607,10.4447,1404,2772.64
35729,0.8009,2.891,10.0916,1406,2772.64
35734,2.2087,3.3734,10.5536,1404,2772.64
35739,-2.8311,0.4453,11.9387,1401,2772.64
35744,-3.7637,-0.2454,11.1019,1401,2772.64
35749,-0.6452,2.4457,9.7121,1404,2772.39
35754,1.8148,3.4572,10.4615,1401,2772.39
35759,-0.644,1.3132,11.5891,1401,2772.39
35764,-3.316,-1.142,11.5999,1399,2772.39
35769,-2.5163,1.7202,9.8785,1401,2772.39
35774,1.3791,3.0789,10.4543,1401,2772.39
35779,1.9453,2.4936,11.1737,1404,2772.39
35784,-2.9389,-0.6632,11.8657,1404,2772.39
35789,-3.5841,0.8954,10.4818,1405,2772.39
35794,0.8571,2.8419,10.0987,1407,2772.64
35799,2.1548,3.2489,10.5321,1403,2772.64
35804,-2.8922,0.3831,11.9531,1396,2772.64
35809,-3.8068,-0.1975,11.1139,1397,2772.64
35814,-0.6165,2.4936,9.7695,1401,2772.64
35819,1.7765,3.5159,10.4519,1403,2772.64
35824,-0.8571,1.3443,11.5999,1401,2772.64
35829,-3.31,-1.0666,11.5329,1405,2772.64
35834,-2.3834,1.7621,9.821,1399,2772.64
35839,1.4808,3.1208,10.4232,1401,2772.77
35844,1.9405,2.3667,11.157,1403,2772.77
35849,-2.8635,-0.7937,11.8465,1403,2772.77
35854,-3.5757,0.9541,10.3825,1401,2772.77
35859,0.8607,2.8467,10.167,1414,2772.64
35864,2.1464,3.2477,10.5524,1405,2772.64
35869,-2.9592,0.3304,11.9255,1397,2772.64
35874,-3.8846,-0.0455,11.1127,1400,2772.64
35879,-0.492,2.5953,9.8342,1405,2772.52
35884,1.8771,3.5362,10.3944,1403,2772.52
35889,-0.9912,1.2713,11.6215,1399,2772.52
35894,-3.3926,-1.008,11.4922,1413,2772.52
35899,-2.2877,1.8112,9.8378,1404,2771.49
35904,1.4653,3.0526,10.4052,1401,2771.49
35909,1.7897,2.3415,11.1486,1403,2771.49
35914,-2.9377,-0.8859,11.8597,1402,2771.49
35919,-3.5686,1.008,10.398,1403,2771.49
35924,0.9014,2.885,10.1778,1401,2773.03
35929,2.1883,3.2489,10.5931,1401,2773.03
35934,-2.982,0.2861,11.9303,1397,2773.03
35939,-3.8152,0.0431,11.0014,1396,2773.03
35944,-0.3412,2.5905,9.8055,1399,2772.39
35949,1.9201,3.4907,10.4327,1405,2772.39
35954,-1.1875,1.2103,11.6909,1391,2772.39
35959,-3.4189,-1.0259,11.473,1417,2772.39
35964,-2.162,1.8304,9.8282,1403,2772.52
35969,1.4569,3.0754,10.4423,1414,2772.52
35974,1.6568,2.3212,11.1905,1404,2772.52
35979,-2.9951,-0.8882,11.8884,1398,2772.52
35984,-3.5039,1.081,10.3729,1401,2772.52
35989,0.9888,2.9221,10.2424,1397,2772.52
35994,2.241,3.2058,10.6003,1401,2772.52
35999,-2.9173,0.2119,11.9267,1396,2772.52
36004,-3.8475,0.0479,11.0169,1399,2772.52
36009,-0.2526,2.6169,9.8689,1399,2772.39
36014,1.901,3.4979,10.3633,1405,2772.39
36019,-1.342,1.136,11.6274,1391,2772.39
36024,-3.5003,-0.9828,11.5029,1415,2772.39
36029,-2.0877,1.9405,9.8402,1407,2772.39
36034,1.4976,3.1508,10.4028,1406,2772.39
36039,1.6101,2.2218,11.2707,1406,2772.39
36044,-2.9532,-0.9254,11.8645,1394,2772.39
36049,-3.4261,1.0882,10.2939,1400,2772.39
36054,1.0247,2.8814,10.234,1399,2772.77
36059,2.241,3.1292,10.6698,1403,2772.77
36064,-2.9497,0.1173,11.9255,1391,2772.77
36069,-3.9002,0.0934,11.0181,1403,2772.77
36074,-0.2107,2.6169,9.906,1400,2772.9
36079,1.895,3.559,10.4136,1405,2772.9
36084,-1.6197,1.1253,11.7495,1398,2772.9
36089,-3.4644,-0.8859,11.4646,1413,2772.9
36094,-1.9884,1.992,9.8438,1407,2773.28
36099,1.5598,3.1915,10.4519,1400,2773.28
36104,1.5383,2.1596,11.2779,1407,2773.28
36109,-2.8982,-0.9972,11.7711,1396,2773.28
36114,-3.3806,1.1205,10.2065,1398,2773.28
36119,1.0654,2.8347,10.2556,1399,2773.16
36124,2.2482,3.0754,10.6734,1402,2773.16
36129,-3.0023,0.0551,11.9614,1395,2773.16
36134,-3.8511,0.2263,11.0026,1403,2773.16
36139,-0.0587,2.6839,9.9431,1403,2773.41
36144,1.9752,3.5362,10.3956,1415,2773.41
36149,-1.7645,1.0834,11.7268,1397,2773.41
36154,-3.474,-0.8045,11.3629,1413,2773.41
36159,-1.8507,1.9956,9.7779,1414,2773.54
36164,1.6221,3.1388,10.4291,1402,2773.54
36169,1.2941,2.0889,11.3138,1415,2773.54
36174,-3.0227,-1.0678,11.7723,1395,2773.54
36179,-3.3531,1.2019,10.2508,1404,2773.54
36184,1.1588,2.9113,10.2137,1395,2773.41
36189,2.2685,3.1256,10.7081,1407,2773.41
36194,-2.9592,0.0108,11.9507,1395,2773.41
36199,-3.8642,0.2969,10.9331,1415,2773.41
36204,0.0946,2.6923,9.8928,1405,2773.03
36209,1.9944,3.4536,10.3501,1415,2773.03
36214,-1.8675,0.972,11.6969,1390,2773.03
36219,-3.5075,-0.8392,11.3473,1413,2773.03
36224,-1.7059,2.0482,9.7648,1415,2772.64
36229,1.579,3.2226,10.4088,1397,2772.64
36234,1.1025,2.0387,11.3521,1401,2772.64
36239,-3.037,-1.0175,11.813,1395,2772.64
36244,-3.2789,1.3252,10.2556,1405,2772.64
36249,1.1444,2.9102,10.2699,1395,2772.64
36254,2.2877,3.0167,10.7703,1407,2772.64
36259,-2.9209,-0.0515,11.9435,1390,2772.64
36264,-3.887,0.2885,10.8613,1415,2772.64
36269,0.1353,2.6671,9.9503,1404,2772.64
36274,1.9668,3.5087,10.3801,1407,2772.64
36279,-2.0806,0.9074,11.7663,1395,2772.64
36284,-3.6284,-0.7614,11.394,1403,2772.64
36289,-1.6807,2.1284,9.7695,1402,2772.9
36294,1.5969,3.3016,10.4315,1397,2772.9
36299,0.9577,1.9549,11.4299,1400,2772.9
36304,-3.0155,-1.0714,11.801,1395,2772.9
36309,-3.1783,1.3024,10.1418,1415,2772.9
36314,1.1971,2.8814,10.3022,1397,2773.41
36319,2.3068,2.9149,10.811,1413,2773.41
36324,-2.9532,-0.1808,11.904,1397,2773.41
36329,-3.8702,0.413,10.8242,1416,2773.41
36334,0.2334,2.721,9.9754,1402,2773.54
36339,2.0183,3.4943,10.4495,1401,2773.54
36344,-2.2673,0.8978,11.8286,1397,2773.54
36349,-3.6679,-0.5974,11.382,1403,2773.54
36354,-1.5227,2.1763,9.7624,1403,2773.28
36359,1.6915,3.322,10.3537,1397,2773.28
36364,0.8655,1.8172,11.4299,1404,2773.28
36369,-3.067,-1.1552,11.7388,1400,2773.28
36374,-3.1328,1.318,10.0796,1407,2773.28
36379,1.1947,2.8551,10.3406,1399,2773.16
36384,2.1895,2.9006,10.8876,1415,2773.16
36389,-2.9868,-0.3077,11.9279,1399,2773.16
36394,-3.8487,0.5363,10.7512,1406,2773.16
36399,0.3819,2.7833,9.9347,1406,2773.16
36404,2.083,3.5362,10.4399,1404,2773.16
36409,-2.3703,0.8595,11.801,1395,2773.16
36414,-3.6464,-0.5962,11.2492,1403,2773.16
36419,-1.3994,2.156,9.7504,1402,2773.16
36424,1.6771,3.3208,10.4399,1399,2773.16
36429,0.5986,1.7968,11.4347,1407,2773.16
36434,-3.1544,-1.1396,11.6717,1397,2773.16
36439,-3.0454,1.4425,10.1035,1417,2773.16
36444,1.2605,2.9305,10.3884,1399,2773.54
36449,2.2087,2.8766,10.8721,1407,2773.54
36454,-2.9712,-0.2741,11.8693,1399,2773.54
36459,-3.796,0.5938,10.7763,1401,2773.54
36464,0.4441,2.7701,10.0102,1405,2773.8
36469,2.0698,3.4512,10.404,1401,2773.8
36474,-2.5163,0.6931,11.8034,1397,2773.8
36479,-3.7026,-0.5926,11.2659,1398,2773.8
36484,-1.2605,2.2075,9.7516,1407,2773.93
36489,1.6891,3.3698,10.4184,1400,2773.93
36494,0.3388,1.7214,11.5412,1419,2773.93
36499,-3.1843,-1.0858,11.7412,1400,2773.93
36504,-2.9042,1.5778,10.0437,1419,2773.93
36509,1.336,2.9664,10.3118,1399,2775.46
36514,2.2805,2.8108,10.9798,1395,2775.46
36519,-2.9293,-0.4166,11.9315,1403,2775.46
36524,-3.7721,0.6009,10.6518,1402,2775.46
36529,0.4848,2.7366,10.0114,1399,2775.85
36534,2.0686,3.4237,10.4854,1399,2775.85
36539,-2.6827,0.6357,11.8453,1400,2775.85
36544,-3.7577,-0.4226,11.2336,1391,2775.85
36549,-1.1253,2.3331,9.7659,1401,2774.69
36554,1.7609,3.4477,10.3729,1401,2774.69
36559,0.0503,1.6209,11.5401,1404,2774.69
36564,-3.1915,-1.1408,11.7184,1401,2774.69
36569,-2.7809,1.5036,9.9683,1417,2774.69
36574,1.3611,2.958,10.3262,1399,2773.93
36579,2.1715,2.6348,11.0085,1399,2773.93
36584,-2.8635,-0.5614,11.8609,1400,2773.93
36589,-3.7541,0.7111,10.5943,1395,2773.93
36594,0.6428,2.7809,10.0305,1399,2773.8
36599,2.0985,3.4165,10.5177,1403,2773.8
36604,-2.7677,0.5698,11.8513,1399,2773.8
36609,-3.7757,-0.255,11.236,1399,2773.8
36614,-0.9254,2.4361,9.7671,1407,2773.8
36619,1.8495,3.4285,10.4291,1397,2773.8
36624,-0.182,1.5036,11.5448,1415,2773.8
36629,-3.2537,-1.142,11.6382,1405,2773.8
36634,-2.6899,1.567,9.9156,1405,2773.8
36639,1.3336,2.9748,10.3777,1391,2773.28
36644,2.0171,2.6025,11.0038,1400,2773.28
36649,-2.9473,-0.5914,11.8896,1391,2773.28
36654,-3.7218,0.8595,10.6087,1401,2773.28
36659,0.7039,2.873,10.0772,1405,2772.9
36664,2.1715,3.3986,10.5477,1405,2772.9
36669,-2.7701,0.5459,11.8465,1404,2772.9
36674,-3.7266,-0.249,11.163,1403,2772.9
36679,-0.7889,2.3894,9.7444,1404,2773.28
36684,1.804,3.3902,10.4076,1413,2773.28
36689,-0.4836,1.4246,11.5879,1413,2773.28
36694,-3.3339,-1.1289,11.552,1399,2773.28
36699,-2.5738,1.6939,9.9204,1401,2773.28
36704,1.3898,3.0813,10.4232,1397,2773.41
36709,2.0123,2.6181,11.151,1391,2773.41
36714,-2.9137,-0.6129,11.9052,1395,2773.41
36719,-3.6248,0.8643,10.568,1399,2773.41
36724,0.7805,2.7809,10.076,1403,2774.31
36729,2.1715,3.322,10.5273,1403,2774.31
36734,-2.8671,0.4082,11.819,1407,2774.31
36739,-3.8654,-0.2478,11.1474,1404,2774.31
36744,-0.6895,2.4696,9.8019,1403,2774.82
36749,1.804,3.5003,10.4351,1399,2774.82
36754,-0.7374,1.4186,11.5951,1403,2774.82
36759,-3.3435,-1.0546,11.5628,1397,2774.82
36764,-2.4493,1.7873,9.8055,1400,2774.82
36769,1.4724,3.061,10.331,1397,2775.34
36774,1.9956,2.4265,11.1067,1397,2775.34
36779,-2.8671,-0.7973,11.8812,1401,2775.34
36784,-3.62,0.8966,10.4208,1402,2775.34
36789,0.8487,2.8084,10.0975,1404,2775.34
36794,2.1979,3.2836,10.6434,1415,2775.34
36799,-2.9604,0.3244,11.886,1415,2775.34
36804,-3.893,-0.0539,11.1414,1403,2775.34
36809,-0.4824,2.5127,9.7719,1401,2775.21
36814,1.9309,3.5602,10.4387,1404,2775.21
36819,-1.0295,1.2869,11.6179,1399,2775.21
36824,-3.3938,-1.0451,11.5472,1397,2775.21
36829,-2.3068,1.7801,9.8162,1400,2775.21
36834,1.5215,3.067,10.3597,1400,2775.34
36839,1.7861,2.2984,11.1953,1399,2775.34
36844,-2.9532,-0.9182,11.8345,1401,2775.34
36849,-3.5434,0.9888,10.4447,1405,2775.34
36854,0.9553,2.8431,10.1993,1407,2775.21
36859,2.2446,3.2872,10.6542,1403,2775.21
36864,-2.9999,0.2729,11.8872,1399,2775.21
36869,-3.8367,0.1161,11.0612,1399,2775.21
36874,-0.3148,2.5714,9.8414,1400,2774.82
36879,1.9321,3.5003,10.4447,1399,2774.82
36884,-1.3084,1.1612,11.625,1401,2774.82
36889,-3.4225,-1.0379,11.5137,1401,2774.82
36894,-2.1608,1.7945,9.8114,1399,2774.82
36899,1.5323,3.1161,10.4471,1404,2774.44
36904,1.5718,2.2517,11.2539,1403,2774.44
36909,-3.0251,-0.899,11.825,1403,2774.44
36914,-3.4788,1.1037,10.3382,1402,2774.44
36919,1.081,2.9197,10.2496,1408,2774.57
36924,2.302,3.1843,10.6913,1403,2774.57
36929,-2.9293,0.1604,11.8944,1391,2774.57
36934,-3.7912,0.1053,10.9738,1399,2774.57
36939,-0.1772,2.575,9.7719,1401,2774.57
36944,1.9225,3.4895,10.4064,1404,2774.57
36949,-1.5778,1.0726,11.6777,1401,2774.57
36954,-3.5554,-0.9062,11.4563,1407,2774.57
36959,-1.9872,1.9489,9.8282,1403,2774.18
36964,1.5838,3.2178,10.4902,1403,2774.18
36969,1.4305,2.1536,11.3162,1403,2774.18
36974,-2.9389,-0.9242,11.7495,1401,2774.18
36979,-3.304,1.1384,10.1921,1400,2774.18
36984,1.1145,2.9054,10.2053,1406,2773.28
36989,2.2661,3.0754,10.7643,1401,2773.28
36994,-2.9413,0.006,11.9231,1395,2773.28
36999,-3.8654,0.1149,10.9367,1401,2773.28
37004,-0.0754,2.6707,9.8749,1400,2772.39
37009,1.913,3.5973,10.4148,1403,2772.39
37014,-1.8004,1.057,11.6669,1400,2772.39
37019,-3.5494,-0.8224,11.4742,1416,2772.39
37024,-1.8735,1.9932,9.7851,1407,2772.26
37029,1.5933,3.237,10.4256,1407,2772.26
37034,1.342,2.0099,11.2767,1405,2772.26
37039,-2.9245,-1.0546,11.7843,1400,2772.26
37044,-3.3136,1.1827,10.1766,1399,2772.26
37049,1.0786,2.9149,10.2101,1400,2771.87
37054,2.2338,3.0861,10.7296,1403,2771.87
37059,-2.9497,0.0299,11.9112,1395,2771.87
37064,-3.8403,0.3041,10.9906,1401,2771.87
37069,0.0371,2.6552,9.8976,1401,2772.13
37074,2.0219,3.5566,10.4471,1406,2772.13
37079,-1.9393,0.9984,11.7041,1398,2772.13
37084,-3.5303,-0.8128,11.3545,1416,2772.13
37089,-1.7741,1.9956,9.7636,1413,2772.26
37094,1.5622,3.219,10.4519,1399,2772.26
37099,1.1384,1.992,11.3856,1407,2772.26
37104,-3.0203,-1.1037,11.7938,1399,2772.26
37109,-3.3076,1.2091,10.2256,1400,2772.26
37114,1.1624,2.9353,10.2639,1399,2772.26
37119,2.2649,3.049,10.7859,1401,2772.26
37124,-2.9784,-0.0012,11.9147,1391,2772.26
37129,-3.8475,0.3364,10.8589,1405,2772.26
37134,0.1724,2.6863,9.8881,1401,2772.26
37139,2.0458,3.5159,10.41,1418,2772.26
37144,-2.0387,0.9361,11.6753,1397,2772.26
37149,-3.5949,-0.7721,11.3725,1415,2772.26
37154,-1.67,2.0782,9.7049,1407,2773.67
37159,1.5802,3.2657,10.4698,1397,2773.67
37164,0.9876,1.9561,11.3844,1407,2773.67
37169,-3.1053,-1.0283,11.7926,1395,2773.67
37174,-3.2238,1.3024,10.1945,1400,2773.67
37179,1.2007,2.9305,10.3801,1398,2773.28
37184,2.3308,2.9449,10.8254,1404,2773.28
37189,-2.9461,-0.1089,11.9088,1391,2773.28
37194,-3.8343,0.3795,10.8481,1415,2773.28
37199,0.1951,2.6995,9.9323,1405,2773.93
37204,1.9309,3.4955,10.41,1407,2773.93
37209,-2.241,0.893,11.8836,1399,2773.93
37214,-3.6895,-0.6668,11.4718,1415,2773.93
37219,-1.5119,2.1895,9.7396,1400,2774.31
37224,1.6604,3.3327,10.3992,1396,2774.31
37229,0.8847,1.8711,11.4168,1417,2774.31
37234,-3.0347,-1.0738,11.7472,1397,2774.31
37239,-3.0849,1.3336,10.0784,1403,2774.31
37244,1.2342,2.8802,10.3202,1397,2774.82
37249,2.302,2.879,10.8613,1407,2774.82
37254,-2.9317,-0.2418,11.9112,1397,2774.82
37259,-3.8499,0.4717,10.75,1415,2774.82
37264,0.2909,2.7234,9.9551,1401,2774.69
37269,2.0399,3.5267,10.4986,1413,2774.69
37274,-2.4505,0.8272,11.7771,1399,2774.69
37279,-3.6595,-0.5686,11.3796,1399,2774.69
37284,-1.3874,2.2434,9.6929,1401,2775.21
37289,1.7274,3.3375,10.4519,1398,2775.21
37294,0.5794,1.7071,11.3808,1400,2775.21
37299,-3.122,-1.1827,11.6933,1397,2775.21
37304,-3.0311,1.4126,10.0353,1415,2775.21
37309,1.2522,3.0071,10.3944,1399,2774.95
37314,2.1703,2.7857,10.92,1419,2774.95
37319,-2.9437,-0.3424,11.9806,1397,2774.95
37324,-3.8451,0.6069,10.7488,1415,2774.95
37329,0.5183,2.8168,9.9922,1403,2775.85
37334,2.1464,3.4584,10.4256,1403,2775.85
37339,-2.5414,0.7434,11.7543,1400,2775.85
37344,-3.7086,-0.5076,11.2456,1399,2775.85
37349,-1.1947,2.2948,9.76,1391,2778.16
37354,1.7406,3.3148,10.4244,1397,2778.16
37359,0.2011,1.5969,11.5029,1407,2778.16
37364,-3.2896,-1.1528,11.6921,1399,2778.16
37369,-2.8886,1.5383,9.9862,1416,2778.16
37374,1.3372,3.0347,10.3453,1399,2776.88
37379,2.1464,2.6887,10.9978,1402,2776.88
37384,-2.9317,-0.407,12.0009,1401,2776.88
37389,-3.7146,0.7135,10.6494,1403,2776.88
37394,0.5842,2.8276,9.9695,1404,2774.82
37399,2.1117,3.3722,10.5381,1401,2774.82
37404,-2.7246,0.5626,11.88,1399,2774.82
37409,-3.7757,-0.4369,11.1929,1399,2774.82
37414,-0.9649,2.3463,9.7659,1405,2773.41
37419,1.7083,3.4153,10.5046,1399,2773.41
37424,-0.1448,1.5083,11.4754,1404,2773.41
37429,-3.2406,-1.1001,11.6622,1397,2773.41
37434,-2.7031,1.5957,9.9264,1416,2773.41
37439,1.3731,3.0191,10.4232,1399,2772.9
37444,2.1703,2.5869,10.9403,1401,2772.9
37449,-2.8946,-0.5543,11.9339,1399,2772.9
37454,-3.6978,0.6979,10.5548,1403,2772.9
37459,0.6524,2.8144,10.1143,1400,2772.64
37464,2.0339,3.3208,10.5022,1399,2772.64
37469,-2.8252,0.5531,11.8968,1398,2772.64
37474,-3.8008,-0.3136,11.2085,1399,2772.64
37479,-0.8739,2.4337,9.7683,1403,2772.77
37484,1.7849,3.4704,10.3669,1400,2772.77
37489,-0.2885,1.4736,11.5233,1415,2772.77
37494,-3.213,-1.1133,11.6083,1399,2772.77
37499,-2.6013,1.6221,9.8713,1417,2772.77
37504,1.3815,3.0347,10.3777,1397,2772.9
37509,2.0722,2.5199,11.0684,1401,2772.9
37514,-2.8874,-0.6812,11.8836,1399,2772.9
37519,-3.7098,0.8368,10.5261,1401,2772.9
37524,0.7817,2.8383,10.0521,1397,2773.16
37529,2.1165,3.3447,10.5333,1399,2773.16
37534,-2.885,0.5148,11.898,1401,2773.16
37539,-3.7804,-0.2191,11.1941,1400,2773.16
37544,-0.7099,2.4517,9.7396,1401,2773.16
37549,1.8232,3.4596,10.4016,1399,2773.16
37554,-0.5219,1.3898,11.6023,1419,2773.16
37559,-3.2621,-1.1349,11.5724,1395,2773.16
37564,-2.5139,1.6628,9.894,1415,2773.16
37569,1.4114,3.0514,10.4471,1407,2773.28
37574,1.9656,2.5247,11.1163,1399,2773.28
37579,-2.9317,-0.7123,11.8716,1391,2773.28
37584,-3.6536,0.8811,10.4818,1401,2773.28
37589,0.8248,2.8718,10.1323,1399,2773.16
37594,2.2146,3.3112,10.5584,1403,2773.16
37599,-2.8527,0.4118,11.8848,1400,2773.16
37604,-3.8427,-0.1664,11.1031,1401,2773.16
37609,-0.595,2.4912,9.7935,1391,2773.41
37614,1.8004,3.4453,10.4435,1407,2773.41
37619,-0.7602,1.3599,11.5927,1416,2773.41
37624,-3.3782,-1.0858,11.5005,1397,2773.41
37629,-2.4038,1.7693,9.8605,1401,2773.41
37634,1.47,3.0658,10.4076,1395,2773.28
37639,1.9381,2.4576,11.1654,1399,2773.28
37644,-2.8958,-0.7494,11.8872,1389,2773.28
37649,-3.5542,0.9493,10.4196,1397,2773.28
37654,0.9026,2.8347,10.1275,1402,2773.28
37659,2.1811,3.2286,10.5453,1389,2773.28
37664,-2.9245,0.3244,11.9495,1405,2773.28
37669,-3.8307,-0.1496,11.0983,1402,2773.28
37674,-0.4884,2.5498,9.8055,1404,2773.41
37679,1.8268,3.5386,10.3956,1405,2773.41
37684,-0.978,1.2965,11.6418,1407,2773.41
37689,-3.3639,-1.0391,11.5592,1401,2773.41
37694,-2.2841,1.7861,9.7839,1401,2773.41
37699,1.482,3.1053,10.422,1391,2773.28
37704,1.8352,2.2924,11.1115,1398,2773.28
37709,-2.8659,-0.8368,11.8609,1392,2773.28
37714,-3.5243,0.9577,10.3777,1403,2773.28
37719,0.899,2.8623,10.2101,1405,2773.28
37724,2.2063,3.1987,10.5836,1403,2773.28
37729,-2.9497,0.3196,11.8908,1403,2773.28
37734,-3.8714,0.0311,11.0073,1403,2773.28
37739,-0.3436,2.5798,9.8485,1399,2773.28
37744,1.895,3.5087,10.3633,1414,2773.28
37749,-1.2486,1.2007,11.6777,1403,2773.28
37754,-3.3698,-1.0223,11.5484,1397,2773.28
37759,-2.1835,1.8519,9.8258,1401,2773.28
37764,1.4952,3.1352,10.4184,1397,2773.16
37769,1.6915,2.247,11.2336,1397,2773.16
37774,-2.9221,-0.9505,11.8872,1399,2773.16
37779,-3.4919,1.075,10.3729,1403,2773.16
37784,0.9876,2.8922,10.2185,1398,2773.28
37789,2.2218,3.1843,10.6602,1413,2773.28
37794,-2.9712,0.2167,11.9662,1404,2773.28
37799,-3.8271,0.1209,10.9954,1402,2773.28
37804,-0.182,2.6193,9.7899,1404,2773.03
37809,1.9082,3.5039,10.3968,1405,2773.03
37814,-1.3779,1.1372,11.6873,1403,2773.03
37819,-3.4333,-0.9661,11.5269,1391,2773.03
37824,-2.0518,1.9034,9.7899,1397,2773.03
37829,1.4916,3.1292,10.3968,1395,2772.64
37834,1.5131,2.2218,11.2719,1401,2772.64
37839,-2.9568,-0.9194,11.8369,1399,2772.64
37844,-3.4477,1.1349,10.2795,1403,2772.64
37849,1.0499,2.8862,10.2101,1407,2772.64
37854,2.2302,3.1196,10.6422,1407,2772.64
37859,-2.9485,0.1293,11.9483,1402,2772.64
37864,-3.8152,0.0742,10.9583,1401,2772.64
37869,-0.1425,2.654,9.8593,1401,2772.52
37874,1.8579,3.4788,10.3765,1405,2772.52
37879,-1.5897,1.1037,11.7591,1402,2772.52
37884,-3.5099,-0.9194,11.4515,1399,2772.52
37889,-2.0075,1.9908,9.8282,1399,2772.52
37894,1.5335,3.1891,10.4076,1389,2772.64
37899,1.4952,2.1632,11.2791,1399,2772.64
37904,-2.9102,-0.3711,11.9076,1401,2772.64
37909,-3.3639,1.1779,10.2508,1401,2772.64
37914,0.4657,2.7653,9.9934,1414,2772.77
37919,2.0554,3.3782,10.4686,1405,2772.77
37924,-2.6001,0.6812,11.8537,1395,2772.77
37929,-3.7206,-0.4836,11.2982,1401,2772.77
37934,-1.1756,2.3236,9.7432,1401,2772.39
37939,1.6891,3.389,10.4495,1399,2772.39
37944,0.2227,1.652,11.5568,1401,2772.39
37949,-3.152,-1.1504,11.6885,1401,2772.39
37954,-2.8323,1.5335,9.9742,1399,2772.39
37959,1.3192,2.9832,10.331,1403,2772.13
37964,2.2158,2.7234,10.9415,1415,2772.13
37969,-2.879,-0.4944,11.9614,1401,2772.13
37974,-3.711,0.644,10.641,1405,2772.13
37979,0.5602,2.7713,10.0832,1402,2772.52
37984,2.1033,3.4249,10.4519,1404,2772.52
37989,-2.6887,0.6704,11.8693,1391,2772.52
37994,-3.6835,-0.3855,11.2372,1401,2772.52
37999,-1.0738,2.3607,9.76,1399,2772.77
38004,1.7765,3.4213,10.41,1400,2772.77
38009,-0.0048,1.585,11.5281,1401,2772.77
38014,-3.2226,-1.142,11.734,1413,2772.77
38019,-2.7785,1.5502,10.0341,1401,2772.77
38024,1.3384,2.9736,10.3777,1403,2772.9
38029,2.1033,2.6695,10.9846,1403,2772.9
38034,-2.9185,-0.5219,11.8561,1403,2772.9
38039,-3.7182,0.7781,10.5919,1403,2772.9
38044,0.6608,2.8228,10.1047,1407,2773.28
38049,2.0889,3.4058,10.5285,1403,2773.28
38054,-2.7342,0.5854,11.8609,1397,2773.28
38059,-3.7302,-0.3508,11.169,1395,2773.28
38064,-0.8894,2.3715,9.675,1401,2772.77
38069,1.731,3.3902,10.3729,1404,2772.77
38074,-0.17,1.5263,11.5305,1399,2772.77
38079,-3.2717,-1.1756,11.6131,1414,2772.77
38084,-2.7102,1.6364,10.0329,1401,2772.13
38089,1.3372,3.0167,10.386,1407,2772.13
38094,2.0734,2.6528,11.0468,1403,2772.13
38099,-2.9329,-0.5782,11.8645,1405,2772.13
38104,-3.6655,0.8021,10.5333,1403,2772.13
38109,0.741,2.8156,10.0377,1413,2771.87
38114,2.1009,3.3291,10.5333,1403,2771.87
38119,-2.8264,0.5171,11.9171,1395,2771.87
38124,-3.7685,-0.3639,11.1713,1401,2771.87
38129,-0.844,2.3858,9.748,1401,2771.62
38134,1.7621,3.4465,10.4232,1403,2771.62
38139,-0.3759,1.4569,11.5891,1399,2771.62
38144,-3.3004,-1.1384,11.5831,1415,2771.62
38149,-2.6133,1.6735,9.918,1407,2771.75
38154,1.3755,2.9772,10.4291,1406,2771.75
38159,2.0614,2.545,11.139,1405,2771.75
38164,-2.8695,-0.6297,11.8082,1400,2771.75
38169,-3.6464,0.814,10.5405,1400,2771.75
38174,0.7673,2.7821,10.0844,1399,2772.0
38179,2.1488,3.3375,10.5369,1401,2772.0
38184,-2.8503,0.4729,11.8896,1395,2772.0
38189,-3.8235,-0.2011,11.1869,1397,2772.0
38194,-0.7793,2.4505,9.8845,1396,2772.26
38199,1.8064,3.4872,10.4591,1404,2772.26
38204,-0.5363,1.4401,11.5125,1397,2772.26
38209,-3.2992,-1.0918,11.5652,1416,2772.26
38214,-2.5367,1.6975,9.8976,1401,2772.77
38219,1.4162,3.0275,10.3729,1403,2772.77
38224,1.9932,2.5019,11.0971,1403,2772.77
38229,-2.885,-0.7889,11.8896,1397,2772.77
38234,-3.6512,0.8571,10.5165,1400,2772.77
38239,0.7985,2.8287,10.0209,1399,2773.16
38244,2.211,3.3243,10.5177,1403,2773.16
38249,-2.8826,0.4238,11.9124,1395,2773.16
38254,-3.7912,-0.1089,11.1007,1404,2773.16
38259,-0.5782,2.5163,9.7803,1399,2773.16
38264,1.8579,3.4608,10.4339,1408,2773.16
38269,-0.7566,1.3563,11.625,1397,2773.16
38274,-3.3471,-1.1313,11.5077,1415,2773.16
38279,-2.4277,1.7071,9.8533,1407,2773.16
38284,1.391,2.988,10.3705,1399,2773.16
38289,1.8902,2.4612,11.2264,1407,2773.16
38294,-2.9485,-0.7626,11.8896,1397,2773.16
38299,-3.5721,0.9685,10.501,1399,2773.16
38304,0.8978,2.8455,10.0724,1397,2772.64
38309,2.2063,3.3375,10.5548,1405,2772.64
38314,-2.9102,0.3675,11.8561,1389,2772.64
38319,-3.802,-0.1089,11.1103,1407,2772.64
38324,-0.5124,2.4756,9.7803,1401,2772.39
38329,1.8292,3.4632,10.4184,1413,2772.39
38334,-0.9373,1.3001,11.625,1399,2772.39
38339,-3.3686,-1.0319,11.5077,1416,2772.39
38344,-2.3607,1.8172,9.845,1414,2772.39
38349,1.4593,3.0873,10.3453,1399,2772.39
38354,1.883,2.3894,11.2336,1408,2772.39
38359,-2.9125,-0.7829,11.8262,1397,2772.39
38364,-3.5051,0.9912,10.4172,1400,2772.39
38369,0.9014,2.8323,10.0952,1397,2772.26
38374,2.1931,3.207,10.5884,1407,2772.26
38379,-2.9185,0.2981,11.8716,1391,2772.26
38384,-3.8738,-0.0515,11.0217,1408,2772.26
38389,-0.4453,2.5331,9.8342,1405,2772.52
38394,1.81,3.4979,10.4387,1408,2772.52
38399,-1.1588,1.2198,11.6921,1397,2772.52
38404,-3.4716,-1.0104,11.5436,1416,2772.52
38409,-2.2601,1.822,9.8378,1408,2772.26
38414,1.5419,3.1735,10.3573,1395,2772.26
38419,1.7813,2.302,11.2324,1403,2772.26
38424,-2.8946,-0.899,11.7328,1395,2772.26
38429,-3.4788,1.0139,10.386,1404,2772.26
38434,0.9266,2.8168,10.1179,1397,2772.39
38439,2.1955,3.2046,10.6781,1401,2772.39
38444,-2.9449,0.2119,11.874,1393,2772.39
38449,-3.875,0.0838,11.0804,1404,2772.39
38454,-0.316,2.6121,9.8617,1405,2772.52
38459,1.919,3.5542,10.4136,1399,2772.52
38464,-1.2749,1.1887,11.5412,1397,2772.52
38469,-3.4524,-0.9445,11.485,1403,2772.52
38474,-2.15,1.8579,9.8222,1404,2772.13
38479,1.5395,3.1232,10.4076,1396,2772.13
38484,1.6281,2.2218,11.23,1401,2772.13
38489,-2.9963,-0.9756,11.795,1395,2772.13
38494,-3.4596,1.0762,10.3621,1405,2772.13
38499,0.9876,2.8551,10.252,1395,2773.16
38504,2.2218,3.2417,10.6626,1413,2773.16
38509,-2.9868,0.2083,11.886,1391,2773.16
38514,-3.8367,0.1592,11.0193,1417,2773.16
38519,-0.1927,2.6504,9.7995,1406,2773.03
38524,1.895,3.5458,10.3872,1401,2773.03
38529,-1.4461,1.1193,11.6777,1397,2773.03
38534,-3.5135,-0.9649,11.4646,1399,2773.03
38539,-2.047,1.8842,9.8126,1401,2773.03
38544,1.488,3.1771,10.4112,1396,2773.03
38549,1.4832,2.2266,11.3737,1402,2773.03
38554,-2.9892,-0.9445,11.8118,1397,2773.03
38559,-3.4141,1.2007,10.3705,1415,2773.03
38564,1.0606,2.8635,10.1789,1397,2773.16
38569,2.3104,3.128,10.726,1403,2773.16
38574,-2.9161,0.1281,11.8776,1399,2773.16
38579,-3.8547,0.146,10.9559,1407,2773.16
38584,-0.1137,2.5857,9.7971,1407,2773.16
38589,1.9261,3.4907,10.4579,1399,2773.16
38594,-1.7131,1.063,11.716,1396,2773.16
38599,-3.5506,-0.8894,11.5113,1401,2773.16
38604,-1.9501,2.0303,9.7767,1402,2773.28
38609,1.5718,3.2358,10.4136,1397,2773.28
38614,1.4174,2.1117,11.321,1407,2773.28
38619,-2.958,-1.0319,11.7879,1396,2773.28
38624,-3.3279,1.1815,10.2819,1407,2773.28
38629,1.0738,2.8527,10.2208,1399,2773.28
38634,2.2661,3.0682,10.72,1407,2773.28
38639,-2.9688,0.0359,11.874,1399,2773.28
38644,-3.899,0.2203,10.9654,1405,2773.28
38649,0.012,2.66,9.8845,1403,2773.16
38654,1.9261,3.5518,10.4926,1399,2773.16
38659,-1.9082,1.0235,11.7292,1395,2773.16
38664,-3.5662,-0.8128,11.4826,1401,2773.16
38669,-1.7849,2.0255,9.7971,1406,2773.16
38674,1.5993,3.1987,10.3525,1391,2773.16
38679,1.257,1.9944,11.3054,1415,2773.16
38684,-3.0406,-1.1253,11.7639,1397,2773.16
38689,-3.3399,1.1624,10.2208,1415,2773.16
38694,1.0989,2.8659,10.2292,1399,2773.03
38699,2.2338,3.0562,10.7859,1399,2773.03
38704,-2.9724,-0.0299,11.9159,1399,2773.03
38709,-3.8343,0.3579,10.8781,1400,2773.03
38714,0.1401,2.7509,9.8713,1403,2772.9
38719,2.0171,3.5494,10.416,1402,2772.9
38724,-1.9692,0.9445,11.7507,1395,2772.9
38729,-3.5303,-0.7745,11.4108,1391,2772.9
38734,-1.664,2.0255,9.7193,1407,2773.16
38739,1.6149,3.219,10.4651,1398,2773.16
38744,1.0439,1.9034,11.3832,1407,2773.16
38749,-3.0586,-1.1049,11.7639,1401,2773.16
38754,-3.2525,1.3096,10.2029,1419,2773.16
38759,1.1911,2.9329,10.2939,1397,2773.03
38764,2.2494,2.9963,10.8362,1395,2773.03
38769,-2.9604,-0.1089,11.9722,1396,2773.03
38774,-3.7852,0.4226,10.8362,1400,2773.03
38779,0.1975,2.6947,9.8426,1395,2773.16
38784,2.0327,3.474,10.4447,1401,2773.16
38789,-2.1225,0.8691,11.6741,1403,2773.16
38794,-3.6547,-0.7278,11.3988,1391,2773.16
38799,-1.5778,2.1201,9.7767,1403,2773.16
38804,1.6173,3.3004,10.4531,1401,2773.16
38809,0.8475,1.9225,11.4311,1417,2773.16
38814,-3.1137,-1.0199,11.7531,1400,2773.16
38819,-3.122,1.415,10.0975,1417,2773.16
38824,1.2258,2.9413,10.2412,1397,2773.16
38829,2.3284,2.8994,10.829,1401,2773.16
38834,-2.8647,-0.2035,11.9387,1401,2773.16
38839,-3.8259,0.3795,10.7787,1401,2773.16
38844,0.2813,2.6983,9.9347,1401,2773.41
38849,2.0087,3.5374,10.4926,1402,2773.41
38854,-2.3331,0.8559,11.7519,1403,2773.41
38859,-3.7266,-0.5842,11.3856,1395,2773.41
38864,-1.4736,2.2314,9.7564,1405,2773.16
38869,1.6951,3.3938,10.4878,1403,2773.16
38874,0.6895,1.7837,11.412,1415,2773.16
38879,-3.0598,-1.1121,11.7244,1399,2773.16
38884,-3.0191,1.3443,9.9838,1407,2773.16
38889,1.2342,2.964,10.307,1399,2773.16
38894,2.2182,2.8323,10.8745,1400,2773.16
38899,-2.8994,-0.3376,11.9459,1389,2773.16
38904,-3.8523,0.5519,10.7679,1401,2773.16
38909,0.3926,2.739,10.0545,1401,2773.16
38914,2.0279,3.5099,10.4962,1402,2773.16
38919,-2.4481,0.7733,11.7843,1401,2773.16
38924,-3.6679,-0.4992,11.309,1401,2773.16
38929,-1.2869,2.2637,9.76,1407,2772.77
38934,1.7166,3.3507,10.416,1405,2772.77
38939,0.516,1.7047,11.4347,1415,2772.77
38944,-3.1328,-1.1696,11.7136,1401,2772.77
38949,-3.0095,1.3898,10.0485,1401,2772.77
38954,1.2594,2.9125,10.3441,1389,2772.64
38959,2.1799,2.7928,10.9559,1399,2772.64
38964,-2.9604,-0.3352,11.9626,1395,2772.64
38969,-3.7601,0.5842,10.7847,1401,2772.64
38974,0.4944,2.7785,9.9754,1402,2772.9
38979,2.1057,3.4788,10.4938,1401,2772.9
38984,-2.5259,0.6967,11.8154,1405,2772.9
38989,-3.7002,-0.5267,11.3365,1399,2772.9
38994,-1.1708,2.223,9.7324,1402,2773.28
38999,1.6592,3.3435,10.41,1405,2773.28
39004,0.2394,1.6233,11.4742,1403,2773.28
39009,-3.1975,-1.1552,11.6753,1399,2773.28
39014,-2.9329,1.5323,10.0209,1400,2773.28
39019,1.3264,3.0203,10.422,1390,2773.28
39024,2.2266,2.7569,10.9786,1397,2773.28
39029,-2.909,-0.3807,11.91,1397,2773.28
39034,-3.6955,0.6524,10.6482,1403,2773.28
39039,0.5794,2.7845,9.9982,1405,2773.28
39044,2.1237,3.3698,10.5093,1407,2773.28
39049,-2.6133,0.6213,11.8058,1407,2773.28
39054,-3.7469,-0.5064,11.2551,1401,2773.28
39059,-1.0953,2.3511,9.7767,1401,2773.16
39064,1.6855,3.4357,10.4663,1403,2773.16
39069,0.0563,1.6352,11.5353,1401,2773.16
39074,-3.1963,-1.1205,11.6454,1397,2773.16
39079,-2.7964,1.6089,9.985,1396,2773.16
39084,1.397,3.0071,10.3214,1397,2773.16
39089,2.2242,2.6312,10.993,1402,2773.16
39094,-2.8922,-0.5399,11.9016,1399,2773.16
39099,-3.7457,0.656,10.6111,1403,2773.16
39104,0.5626,2.7461,9.9994,1406,2773.28
39109,2.0746,3.3914,10.5357,1423,2773.28
39114,-2.7988,0.6129,11.8357,1404,2773.28
39119,-3.8331,-0.3029,11.2875,1401,2773.28
39124,-0.9505,2.4086,9.7983,1401,2773.16
39129,1.7765,3.4919,10.4172,1406,2773.16
39134,-0.1784,1.5131,11.497,1401,2773.16
39139,-3.2346,-1.1372,11.6897,1397,2773.16
39144,-2.6923,1.573,9.9144,1397,2773.16
39149,1.3647,3.0095,10.3358,1401,2772.9
39154,2.0794,2.569,11.0624,1403,2772.9
39159,-2.9353,-0.6021,11.9614,1395,2772.9
39164,-3.7373,0.826,10.5548,1402,2772.9
39169,0.7003,2.8778,10.0808,1407,2773.28
39174,2.162,3.4285,10.5249,1403,2773.28
39179,-2.8204,0.5674,11.8645,1398,2773.28
39184,-3.802,-0.2658,11.169,1403,2773.28
39189,-0.8392,2.4349,9.7516,1401,2773.41
39194,1.7861,3.401,10.4112,1403,2773.41
39199,-0.3747,1.4305,11.5197,1400,2773.41
39204,-3.2896,-1.1576,11.6215,1405,2773.41
39209,-2.624,1.6616,9.8928,1403,2773.41
39214,1.4066,3.0311,10.4052,1401,2773.41
39219,2.0027,2.551,11.1019,1401,2773.41
39224,-2.9473,-0.5938,11.9411,1402,2773.41
39229,-3.6919,0.9026,10.5034,1405,2773.41
39234,0.7793,2.8766,10.0676,1414,2773.67
39239,2.2278,3.3243,10.5046,1405,2773.67
39244,-2.8036,0.4334,11.8573,1397,2773.67
39249,-3.8367,-0.2586,11.1522,1401,2773.67
39254,-0.674,2.4181,9.7528,1401,2773.54
39259,1.7286,3.4213,10.4088,1401,2773.54
39264,-0.68,1.3838,11.6322,1401,2773.54
39269,-3.371,-1.0953,11.6705,1404,2773.54
39274,-2.4912,1.731,9.8641,1397,2773.54
39279,1.4461,3.0825,10.4244,1403,2773.67
39284,1.9848,2.4816,11.1199,1401,2773.67
39289,-2.8934,-0.7266,11.8752,1404,2773.67
39294,-3.5997,0.8607,10.4375,1403,2773.67
39299,0.8511,2.8359,10.1526,1405,2774.44
39304,2.1488,3.2358,10.5548,1403,2774.44
39309,-2.9078,0.4106,11.8776,1391,2774.44
39314,-3.8666,-0.1568,11.0935,1399,2774.44
39319,-0.5459,2.5391,9.8067,1397,2774.69
39324,1.8651,3.5494,10.4495,1400,2774.69
39329,-0.893,1.3659,11.6059,1399,2774.69
39334,-3.3674,-1.0283,11.5377,1415,2774.69
39339,-2.3583,1.7921,9.8462,1402,2774.57
39344,1.4796,3.0969,10.4591,1405,2774.57
39349,1.895,2.3056,11.1594,1407,2774.57
39354,-2.9161,-0.8511,11.8633,1401,2774.57
39359,-3.5662,0.9577,10.3513,1399,2774.57
39364,0.9517,2.8407,10.2197,1401,2774.69
39369,2.1679,3.2549,10.5692,1402,2774.69
39374,-2.9712,0.3316,11.9315,1391,2774.69
39379,-3.8738,0.0335,11.0456,1400,2774.69
39384,-0.3519,2.6073,9.7767,1400,2774.44
39389,1.9441,3.5554,10.4088,1429,2774.44
39394,-1.1492,1.2198,11.661,1397,2774.44
39399,-3.4022,-1.0187,11.5484,1416,2774.44
39404,-2.1991,1.8076,9.7516,1415,2774.69
39409,1.4844,3.1005,10.4483,1403,2774.69
39414,1.6652,2.2877,11.2623,1414,2774.69
39419,-2.982,-0.905,11.9303,1399,2774.69
39424,-3.4919,1.087,10.3286,1399,2774.69
39429,0.9984,2.9102,10.1909,1398,2774.69
39434,2.2517,3.1951,10.6027,1404,2774.69
39439,-2.9173,0.2263,11.9782,1391,2774.69
39444,-3.8152,0.0575,10.9858,1413,2774.69
39449,-0.2478,2.6037,9.8007,1405,2774.95
39454,1.889,3.4967,10.3813,1407,2774.95
39459,-1.4509,1.1492,11.7196,1399,2774.95
39464,-3.4931,-0.9828,11.4239,1408,2774.95
39469,-2.0267,1.9393,9.8007,1413,2774.95
39474,1.5179,3.2178,10.4651,1395,2774.95
39479,1.5323,2.1979,11.2827,1413,2774.95
39484,-2.9784,-0.9601,11.9279,1399,2774.95
39489,-3.4297,1.142,10.2831,1398,2774.95
39494,1.0104,2.909,10.258,1397,2774.95
39499,2.3068,3.0646,10.6949,1407,2774.95
39504,-2.9305,0.0754,11.9171,1395,2774.95
39509,-3.8834,0.1688,10.8804,1415,2774.95
39514,-0.0802,2.6468,9.8414,1405,2774.69
39519,1.8783,3.4692,10.4447,1413,2774.69
39524,-1.7502,1.069,11.7663,1396,2774.69
39529,-3.6164,-0.8727,11.4658,1403,2774.69
39534,-1.8962,2.047,9.7707,1406,2774.44
39539,1.6269,3.2513,10.3872,1397,2774.44
39544,1.3659,2.053,11.3054,1400,2774.44
39549,-2.9401,-1.0127,11.8082,1395,2774.44
39554,-3.2884,1.2234,10.2161,1403,2774.44
39559,1.1181,2.8599,10.2304,1397,2773.8
39564,2.2661,2.982,10.7404,1413,2773.8
39569,-2.9317,-0.0144,11.9315,1395,2773.8
39574,-3.8798,0.2837,10.8649,1415,2773.8
39579,0.0227,2.7402,9.9635,1404,2773.16
39584,1.9896,3.5745,10.4291,1413,2773.16
39589,-1.9824,1.0355,11.7819,1397,2773.16
39594,-3.5518,-0.7769,11.4215,1403,2773.16
39599,-1.7214,2.0662,9.8078,1405,2772.52
39604,1.6245,3.2298,10.4471,1397,2772.52
39609,1.1432,1.9537,11.303,1403,2772.52
39614,-2.988,-1.1528,11.7687,1390,2772.52
39619,-3.2525,1.2163,10.1263,1407,2772.52
39624,1.0965,2.9173,10.2783,1389,2772.39
39629,2.247,3.0071,10.8386,1413,2772.39
39634,-2.9401,-0.0383,11.9291,1396,2772.39
39639,-3.8511,0.3819,10.9056,1414,2772.39
39644,0.158,2.7366,9.9144,1405,2772.52
39649,2.0482,3.4848,10.4028,1403,2772.52
39654,-2.0219,0.972,11.74,1399,2772.52
39659,-3.5961,-0.7937,11.4179,1399,2772.52
39664,-1.6269,2.1021,9.827,1398,2772.64
39669,1.5754,3.2238,10.4663,1399,2772.64
39674,0.9756,1.986,11.4491,1405,2772.64
39679,-3.0897,-1.0558,11.7747,1397,2772.64
39684,-3.2346,1.3551,10.1251,1407,2772.64
39689,1.1875,2.9245,10.3202,1401,2772.77
39694,2.3331,2.9485,10.7667,1407,2772.77
39699,-2.9437,-0.0778,12.0213,1397,2772.77
39704,-3.8032,0.4262,10.8541,1405,2772.77
39709,0.2131,2.727,9.9611,1405,2772.77
39714,1.992,3.4285,10.3489,1401,2772.77
39719,-2.1691,0.826,11.7807,1399,2772.77
39724,-3.6069,-0.735,11.3413,1397,2772.77
39729,-1.579,2.1883,9.7516,1403,2772.77
39734,1.6173,3.2825,10.4543,1401,2772.77
39739,0.808,1.889,11.4551,1401,2772.77
39744,-3.067,-1.0918,11.7184,1398,2772.77
39749,-3.0825,1.3479,10.082,1408,2772.77
39754,1.2163,2.9257,10.307,1399,2772.64
39759,2.2996,2.8874,10.8816,1405,2772.64
39764,-2.9173,-0.1915,11.8716,1400,2772.64
39769,-3.863,0.3926,10.7236,1403,2772.64
39774,0.2849,2.7593,9.979,1403,2772.77
39779,1.9441,3.4453,10.4675,1401,2772.77
39784,-2.3499,0.8092,11.8274,1395,2772.77
39789,-3.7122,-0.6165,11.3677,1397,2772.77
39794,-1.391,2.223,9.8043,1407,2772.39
39799,1.7166,3.3387,10.337,1397,2772.39
39804,0.6847,1.7789,11.4503,1415,2772.39
39809,-3.0801,-1.16,11.7483,1397,2772.39
39814,-3.0406,1.409,10.076,1406,2772.39
39819,1.1899,2.8874,10.3525,1399,2772.26
39824,2.1943,2.8156,10.914,1404,2772.26
39829,-2.8862,-0.2993,11.9542,1419,2772.26
39834,-3.7948,0.565,10.7512,1399,2772.26
39839,0.3747,2.7976,9.9982,1401,2772.26
39844,2.0806,3.5039,10.4136,1401,2772.26
39849,-2.4313,0.8368,11.8525,1397,2772.26
39854,-3.6727,-0.5243,11.3174,1400,2772.26
39859,-1.2821,2.2434,9.7576,1407,2772.13
39864,1.6963,3.3459,10.3884,1401,2772.13
39869,0.4513,1.7502,11.4563,1407,2772.13
39874,-3.1364,-1.1911,11.7053,1400,2772.13
39879,-2.9604,1.4281,10.058,1417,2772.13
39884,1.2426,2.9389,10.3801,1397,2772.39
39889,2.1739,2.7988,10.9415,1401,2772.39
39894,-2.9329,-0.3639,11.9159,1397,2772.39
39899,-3.7912,0.5854,10.6865,1400,2772.39
39904,0.4501,2.7713,10.0126,1398,2772.0
39909,2.0985,3.4393,10.4291,1400,2772.0
39914,-2.4493,0.7063,11.8465,1402,2772.0
