timestamp_ms,ax,ay,az,acs_adc,rpm
390435,2.0027,3.4704,10.4591,1405,2771.87
390440,-2.2146,0.8667,11.6107,1397,2771.87
390445,-3.5686,-0.7506,11.4443,1407,2771.87
390450,-1.6867,2.1679,9.9036,1401,2772.26
390455,1.6197,3.3208,10.5357,1396,2772.26
390460,0.9649,1.8603,11.2659,1405,2772.26
390465,-2.9137,-1.0439,11.7675,1390,2772.26
390470,-3.237,1.3587,10.1155,1395,2772.26
390475,1.2055,2.8814,10.3597,1395,2772.13
390480,2.3272,2.9149,10.6901,1403,2772.13
390485,-1.227,-0.0012,-0.0012,1389,2772.13
390490,-3.7912,0.3962,10.9068,1405,2772.13
390495,0.1496,2.7414,10.0377,1400,2772.26
390500,2.0207,3.4991,10.4303,1405,2772.26
390505,-2.3068,0.8452,11.6358,1397,2772.26
390510,-3.5949,-0.6021,11.3725,1407,2772.26
390515,-1.6305,2.1476,9.8294,1405,2772.52
390520,1.6915,3.2884,10.4998,1391,2772.52
390525,0.8116,1.7849,11.2539,1414,2772.52
390530,-3.0167,-1.093,11.7938,1395,2772.52
390535,-3.1184,1.3204,10.167,1399,2772.52
390540,1.1564,2.8802,10.3166,1396,2772.52
390545,2.2541,2.8886,10.756,1401,2772.52
390550,-2.8623,-0.1903,11.9171,1391,2772.52
390555,-3.8511,0.5016,10.7943,1407,2772.52
390560,0.2873,2.7426,10.0114,1399,2773.28
390565,2.1332,3.5362,10.5082,1400,2773.28
390570,-2.4265,0.7961,11.6095,1397,2773.28
390575,-3.6045,-0.595,11.3725,1407,2773.28
390580,-1.5036,2.1608,9.76,1405,2773.54
390585,1.646,3.2681,10.5105,1395,2773.54
390590,0.6261,1.6915,11.2001,1399,2773.54
390595,-3.0215,0.0144,11.9255,1391,2773.54
390600,-3.0742,1.4174,10.1251,1406,2773.54
390605,1.2103,2.9796,10.4459,1389,2773.8
390610,2.2984,2.8527,10.7691,1404,2773.8
390615,-2.9281,-0.2227,11.898,1387,2773.8
390620,-3.6931,0.5686,10.7607,1415,2773.8
390625,0.395,2.7366,10.0353,1399,2773.54
390630,2.0315,3.456,10.4184,1405,2773.54
390635,-2.5486,0.6596,11.7436,1395,2773.54
390640,-3.6416,-0.571,11.3868,1401,2773.54
390645,-1.3659,2.2386,9.8485,1400,2773.03
390650,1.5909,3.3686,10.507,1392,2773.03
390655,0.3627,1.6041,11.2743,1406,2773.03
390660,-3.0598,-1.0499,11.7364,1391,2773.03
390665,-2.9054,1.506,10.0784,1407,2773.03
390670,1.2833,3.0418,10.3513,1397,2773.16
390675,2.2793,2.6923,10.8374,1407,2773.16
390680,-2.8503,-0.34,11.8872,1387,2773.16
390685,-3.723,0.5351,10.6841,1407,2773.16
390690,0.4621,2.7318,10.0916,1402,2772.9
390695,2.0051,3.4453,10.4435,1403,2772.9
390700,-2.7126,0.6596,11.7148,1395,2772.9
390705,-3.6703,-0.4202,11.3342,1400,2772.9
390710,-1.1935,2.3631,9.8845,1398,2772.77
390715,1.7214,3.4488,10.4842,1391,2772.77
390720,0.1975,1.6161,11.3581,1405,2772.77
390725,-2.9185,-0.2167,11.9124,1397,2772.77
390730,-2.8371,1.4904,9.9994,1407,2772.77
390735,1.306,2.9497,10.398,1398,2772.64
390740,2.1955,2.6109,10.89,1407,2772.64
390745,-2.9054,-0.5148,11.9076,1397,2772.64
390750,-3.7158,0.6512,10.7224,1399,2772.64
390755,0.516,2.8395,10.1478,1403,2772.52
390760,2.0842,3.4381,10.4902,1401,2772.52
390765,-2.7258,0.6788,11.6825,1395,5273.33
390770,-3.6655,-0.3077,11.303,1399,5273.33
390775,-1.0894,2.3798,9.839,1401,5846.81
390780,1.7633,3.4273,10.4579,1393,5846.81
390785,-0.0168,1.4605,11.3557,1405,5846.81
390790,-3.1663,-1.1456,11.7938,1395,5846.81
390795,-2.7605,1.5071,10.0233,1415,5846.81
390800,1.3156,2.9137,10.4232,1397,2772.77
390805,2.1344,2.6013,10.8852,1405,2772.77
390810,-2.9281,-0.4369,11.9387,1395,2772.77
390815,-3.6739,0.7733,10.6793,1402,2772.77
390820,0.595,2.8659,10.0652,1403,2773.03
390825,2.1715,3.4524,10.5046,1401,2773.03
390830,-2.7773,0.5279,11.7328,1397,2773.03
390835,-3.6859,-0.3448,11.2695,1395,2773.03
390840,-0.9206,2.3308,9.7803,1403,2772.9
390845,1.7226,3.401,10.4866,1391,2772.9
390850,-0.2418,1.4353,11.3605,1413,2772.9
390855,-3.2046,-1.0546,11.71,1397,2772.9
390860,-2.6911,1.6245,9.9874,1415,2772.9
390865,1.3515,3.0406,10.4471,1399,2772.64
390870,2.1392,2.5965,10.896,1400,2772.64
390875,-2.9317,0.1305,11.8645,1398,5273.33
390880,-3.6284,0.7925,10.6494,1401,5273.33
390885,0.6488,2.8287,10.2005,1401,5845.67
390890,2.1117,3.3184,10.489,1397,5845.67
390895,-2.8671,0.4561,11.7843,1395,5845.67
390900,-3.7373,-0.2885,11.2946,1399,5845.67
390905,-0.8547,2.4493,9.8761,1413,2771.87
390910,1.7514,3.4656,10.4555,1394,2771.87
390915,-0.4693,1.4066,11.382,1406,2771.87
390920,-2.8108,-0.3603,11.9435,1401,5271.94
390925,-2.6588,1.737,10.0149,1407,5271.94
390930,1.4557,3.0933,10.4267,1399,5845.1
390935,2.1045,2.4553,10.8924,1399,5845.1
390940,-2.8862,-0.6357,11.91,1395,5845.1
390945,-3.5997,0.7673,10.5441,1400,5845.1
390950,0.6871,2.7928,10.1766,1395,2771.75
390955,2.0782,3.322,10.5596,1399,2771.75
390960,-2.9113,0.4681,11.8226,1399,2771.75
390965,-3.8235,-0.1472,11.2863,1401,2771.75
390970,-0.7829,2.4948,9.8462,1403,2771.87
390975,1.8962,3.5494,10.4519,1398,2771.87
390980,-0.6045,1.3491,11.3928,1414,2771.87
390985,-3.1675,-1.0678,11.6167,1399,2771.87
390990,-2.6049,1.6388,9.9288,1414,2771.87
390995,1.4377,3.0155,10.4495,1395,2772.39
391000,2.0494,2.3846,11.0241,1398,2772.39
391005,-2.9042,-0.6728,11.9459,1397,2772.39
391010,-3.5925,0.8739,10.55,1399,2772.39
391015,0.8104,2.8886,10.1586,1395,2772.9
391020,2.1883,3.3327,10.4675,1397,2772.9
391025,-2.9664,0.4298,11.7735,1399,2772.9
391030,-3.7158,-0.1018,11.151,1400,2772.9
391035,-0.6584,2.4936,9.8509,1399,2773.16
391040,1.8136,3.4872,10.4567,1399,2773.16
391045,-0.7697,1.233,11.467,1413,2773.16
391050,-3.2908,-1.1109,11.5867,1397,2773.16
391055,-2.4337,1.725,9.9084,1415,2773.16
391060,1.3946,3.0933,10.4112,1397,2774.69
391065,1.8974,2.4122,11.0899,1399,2774.69
391070,-2.891,-0.6919,11.9985,1388,2774.69
391075,-3.559,0.9673,10.489,1400,2774.69
391080,0.8894,2.8635,10.2137,1399,2774.69
391085,2.2649,3.2453,10.5381,1399,2774.69
391090,-2.8994,0.3424,11.795,1390,2774.69
391095,-3.784,-0.1018,11.1642,1401,2774.69
391100,-0.5327,2.5019,9.815,1401,2774.82
391105,1.7681,3.4895,10.4902,1402,2774.82
391110,-1.1073,1.2091,11.4718,1401,2774.82
391115,-3.3603,-1.0092,11.6646,1397,2774.82
391120,-2.2924,1.8507,9.8881,1407,2774.82
391125,1.5107,3.1939,10.5213,1390,2774.95
391130,1.816,2.2984,11.0804,1397,2774.95
391135,-2.8515,-0.7278,11.8728,1391,2774.95
391140,-3.4716,0.9876,10.3633,1399,2774.95
391145,0.9421,2.8898,10.2604,1407,2774.82
391150,2.1967,3.1184,10.6255,1403,2774.82
391155,-2.9341,0.2705,11.825,1401,2774.82
391160,-3.9301,-0.0048,11.0744,1403,2774.82
391165,-0.3651,2.5953,9.9084,1402,2775.08
391170,2.0099,3.5973,10.5093,1403,2775.08
391175,-1.4006,1.1504,11.4886,1407,2775.08
391180,-3.0682,-0.0491,11.9016,1392,5276.58
391185,-3.0119,1.3707,10.0987,1399,5276.58
391190,1.5251,3.1663,10.4998,1395,5852.52
391195,2.2051,2.7509,10.8338,1398,5852.52
391200,-2.9568,-0.3124,11.9519,1399,5852.52
391205,-3.8211,0.5219,10.799,1401,5852.52
391210,0.328,2.8299,10.0952,1407,2775.21
391215,2.0566,3.5135,10.4974,1403,2775.21
391220,-2.5774,0.7697,11.6909,1401,5277.51
391225,-3.6129,-0.4788,11.4311,1399,5277.51
391230,-1.2522,2.2541,9.754,1400,5854.23
391235,1.6867,3.3363,10.4986,1403,5854.23
391240,0.346,1.561,11.2204,1399,5854.23
391245,-3.0777,-1.1756,11.7974,1397,5854.23
391250,-2.9269,1.4138,10.009,1399,5854.23
391255,1.2965,2.97,10.4279,1397,2775.72
391260,2.1967,2.7378,10.8577,1401,2775.72
391265,-2.9413,-0.3053,11.9686,1401,2775.72
391270,-3.6955,0.6297,10.6506,1401,2775.72
391275,0.5088,2.8323,10.0293,1408,2776.11
391280,2.156,3.4273,10.4591,1401,2776.11
391285,-2.6516,0.65,11.7855,1401,2776.11
391290,-3.6787,-0.4489,11.2839,1399,2776.11
391295,-1.1157,2.3068,9.8019,1401,2775.98
391300,1.6412,3.3914,10.4986,1397,2775.98
391305,-0.0551,1.5227,11.3258,1399,2775.98
391310,-3.1759,-1.1013,11.7208,1404,2775.98
391315,-2.8299,1.5718,10.0305,1397,2775.98
391320,1.3647,3.0718,10.4495,1404,2775.59
391325,2.2098,2.6635,10.8888,1399,2775.59
391330,-2.9844,0.1616,11.8357,1397,5278.9
391335,-3.6344,0.723,10.5441,1397,5278.9
391340,0.6452,2.794,10.07,1404,5853.09
391345,2.1572,3.3387,10.4495,1399,5853.09
391350,-2.8276,0.4741,11.7412,1391,5853.09
391355,-3.7433,-0.3519,11.2527,1395,5853.09
391360,-0.9074,2.4409,9.8198,1400,2775.59
391365,1.7945,3.468,10.5309,1401,2775.59
391370,-0.4022,1.4042,11.4275,1397,2775.59
391375,-3.1927,-1.0187,11.7184,1407,2775.59
391380,-2.5881,1.6592,9.8809,1407,2775.59
391385,1.421,3.0969,10.4124,1405,2775.59
391390,2.1105,2.4636,10.9571,1407,2775.59
391395,-2.8443,-0.6273,11.9507,1397,2775.59
391400,-3.6284,0.7566,10.4698,1399,2775.59
391405,0.6955,2.794,10.1873,1404,2775.46
391410,2.1057,3.3555,10.5788,1401,2775.46
391415,-2.982,0.4764,11.8286,1391,2775.46
391420,-3.7781,-0.1018,11.218,1402,2775.46
391425,-0.7434,2.5343,9.9144,1399,2775.59
391430,1.8603,3.5482,10.5034,1404,2775.59
391435,-0.6057,1.3264,11.4311,1397,2775.59
391440,-3.2142,-1.075,11.6586,1415,2775.59
391445,-2.5283,1.6831,9.8821,1403,2775.72
391450,1.4557,3.061,10.4567,1399,2775.72
391455,1.9429,2.3631,11.0181,1406,2775.72
391460,-2.9724,-0.6788,11.9363,1399,2775.72
391465,-3.6332,0.9349,10.4531,1398,2775.72
391470,0.8523,2.879,10.1969,1395,2775.85
391475,2.2266,3.2621,10.5477,1403,2775.85
391480,-2.9688,0.413,11.8537,1389,2775.85
391485,-3.735,-0.0575,11.1103,1406,2775.85
391490,-0.4788,2.5175,9.815,1402,2776.11
391495,1.8759,3.4536,10.4591,1415,2776.11
391500,-1.0283,1.1851,11.4072,1395,2776.11
391505,-3.3686,-1.075,11.643,1407,2776.11
391510,-2.3176,1.7705,9.8557,1405,2776.75
391515,1.4006,3.0825,10.501,1395,2776.75
391520,1.7526,2.2913,11.0468,1400,2776.75
391525,-2.9425,-0.7195,11.9447,1400,2776.75
391530,-3.571,1.0534,10.4279,1403,2776.75
391535,0.9697,2.9233,10.246,1395,2777.01
391540,2.2936,3.207,10.562,1413,2777.01
391545,-2.9628,0.2418,11.9303,1391,2777.01
391550,-3.8068,-0.012,11.0361,1415,2777.01
391555,-0.3591,2.569,9.8509,1403,2777.01
391560,1.822,3.5314,10.4567,1405,2777.01
391565,-1.3575,1.1145,11.5233,1397,2777.01
391570,-3.4369,-0.9361,11.5867,1403,2777.01
391575,-2.1105,1.9501,9.8306,1401,2776.75
391580,1.4988,3.2238,10.5285,1397,2776.75
391585,1.5981,2.1584,11.1139,1405,2776.75
391590,-2.8706,-0.826,11.8573,1392,2776.75
391595,-3.3627,1.1073,10.2041,1406,2776.75
391600,1.0558,2.9066,10.3118,1395,2776.62
391605,2.2625,3.0275,10.6374,1407,2776.62
391610,-2.9975,0.1197,11.9423,1395,2776.62
391615,-3.8283,0.0934,11.0349,1401,2776.62
391620,-0.1508,2.6707,9.9084,1399,2776.36
391625,1.9178,3.547,10.4184,1405,2776.36
391630,-1.7657,1.0247,11.5676,1391,2776.36
391635,-3.4656,-0.814,11.5496,1399,2776.36
391640,-1.9094,2.0315,9.8055,1399,2775.72
391645,1.6113,3.2537,10.4818,1390,2775.72
391650,1.3623,1.9525,11.1426,1407,2775.72
391655,-2.9137,-1.0307,11.8788,1397,2775.72
391660,-3.2645,1.1875,10.1778,1405,2775.72
391665,1.0942,2.8826,10.3286,1397,2776.36
391670,2.2505,3.0011,10.6901,1399,2776.36
391675,-3.0083,0.0275,11.9806,1397,2776.36
391680,-3.8116,0.3675,10.8793,1403,2776.36
391685,0.0814,2.7306,10.0185,1399,2776.24
391690,2.0004,3.5817,10.4435,1403,2776.24
391695,-2.0435,0.9433,11.6562,1398,2776.24
391700,-3.4704,-0.7542,11.4419,1397,2776.24
391705,-1.7178,2.0255,9.7624,1403,2775.46
391710,1.5694,3.2429,10.4842,1399,2775.46
391715,0.9876,1.8723,11.2228,1415,2775.46
391720,-3.0263,-1.1049,11.8477,1400,2775.46
391725,-3.225,1.3144,10.1754,1415,2775.46
391730,1.1049,2.9712,10.4112,1395,2776.11
391735,2.2781,2.9449,10.7117,1391,2776.11
391740,-2.9413,-0.0694,11.959,1391,2776.11
391745,-3.8367,0.3807,10.7967,1399,2776.11
391750,0.2286,2.7342,9.9946,1391,2775.46
391755,2.0087,3.4752,10.4675,1401,2775.46
391760,-2.2793,0.8009,11.6741,1399,2775.46
391765,-3.5434,-0.7171,11.3868,1397,2775.46
391770,-1.5275,2.1739,9.7767,1401,2775.34
391775,1.5874,3.3531,10.4806,1402,2775.34
391780,0.7697,1.8172,11.218,1401,2775.34
391785,-3.0598,-1.0104,11.8357,1400,2775.34
391790,-3.0754,1.4018,10.0916,1413,2775.34
391795,1.2414,2.9736,10.3932,1395,2775.34
391800,2.2901,2.8144,10.7212,1397,2775.34
391805,-2.9341,-0.2011,11.971,1389,2775.34
391810,-3.7553,0.4489,10.7153,1399,2775.34
391815,0.34,2.7545,10.0664,1403,2775.46
391820,1.9812,3.4237,10.4459,1401,2775.46
391825,-2.5019,0.7937,11.7124,1403,2775.46
391830,-3.6512,-0.5722,11.3844,1403,2775.46
391835,-1.342,2.2948,9.8749,1391,2775.72
391840,1.6628,3.3722,10.4423,1401,2775.72
391845,0.5052,1.6676,11.3042,1405,2775.72
391850,-3.0634,-1.0858,11.7795,1395,2775.72
391855,-2.9521,1.421,9.9934,1398,2775.72
391860,1.2881,2.9161,10.3489,1391,2775.72
391865,2.2434,2.6971,10.8218,1398,2775.72
391870,-2.8766,-0.3759,11.9471,1399,2775.72
391875,-3.7517,0.5806,10.6554,1395,3473.23
391880,0.4537,2.8467,10.082,1403,3473.23
391885,2.047,3.4788,10.4387,1403,3473.23
391890,-2.6767,0.6835,11.7735,1401,3473.23
391895,-3.6895,-0.4214,11.3365,1402,3473.23
391900,-1.1384,2.3487,9.809,1403,2312.14
391905,1.725,3.4584,10.4507,1403,2312.14
391910,0.1448,1.5742,11.303,1401,2312.14
391915,-3.1376,-1.1552,11.7723,1399,2312.14
391920,-2.8335,1.5203,9.9802,1397,2312.14
391925,1.2905,2.9951,10.4435,1399,2776.24
391930,2.138,2.5762,10.8733,1399,2776.24
391935,-2.9257,-0.5136,12.0321,1401,2776.24
391940,-3.699,0.7278,10.5931,1404,2776.24
391945,0.583,2.8826,10.1263,1407,2776.24
391950,2.1608,3.395,10.4555,1402,2776.24
391955,-2.7102,0.6105,11.789,1401,2776.24
391960,-3.7098,-0.3448,11.2288,1401,2776.24
391965,-0.9278,2.4038,9.8545,1400,2776.11
391970,1.6807,3.3806,10.4914,1401,2776.11
391975,-0.2909,1.4305,11.3916,1400,2776.11
391980,-3.2382,-1.1241,11.6993,1407,2776.11
391985,-2.7198,1.6676,9.9323,1400,2776.11
391990,1.3443,3.0478,10.489,1404,2775.85
391995,2.1201,2.5307,10.9008,1405,2775.85
392000,-2.9125,-0.5411,11.9973,1399,2775.85
392005,-3.6188,0.7985,10.5465,1403,3911.85
392010,0.735,2.8551,10.137,1405,3911.85
392015,2.1488,3.2848,10.4172,1405,3911.85
392020,-2.879,0.4585,11.8716,1396,3911.85
392025,-3.7745,-0.2777,11.1678,1397,3911.85
392030,-0.7518,2.4373,9.809,1400,2152.0
392035,1.7573,3.4752,10.4591,1401,2152.0
392040,-0.6584,1.3623,11.4658,1397,2152.0
392045,-3.2489,-1.0834,11.6885,1407,2152.0
392050,-2.4792,1.7645,9.9072,1405,2776.75
392055,1.4186,3.1328,10.4507,1405,2776.75
392060,2.0123,2.3858,10.9678,1405,2776.75
392065,-3.0023,-0.0132,11.9219,1401,5279.83
392070,-3.5889,0.8763,10.4279,1399,5279.83
392075,0.8009,2.8587,10.1993,1403,5855.94
392080,2.156,3.2537,10.5058,1403,5855.94
392085,-2.9904,0.3436,11.8776,1389,5279.37
392090,-3.8092,-0.1018,11.1271,1403,5279.37
392095,-0.5782,2.5355,9.906,1399,5854.8
392100,1.8531,3.5422,10.392,1404,5854.8
392105,-1.0175,1.2366,11.5005,1397,5854.8
392110,-3.3303,-0.996,11.6262,1415,5854.8
392115,-2.2793,1.798,9.8701,1405,2776.11
392120,1.4509,3.1268,10.4734,1401,2776.11
392125,1.7897,2.2601,11.0504,1405,2776.11
392130,-2.9221,-0.8535,11.9327,1400,2776.11
392135,-3.5207,0.9744,10.3094,1397,2776.11
392140,0.917,2.8359,10.2113,1395,2776.24
392145,2.2565,3.2657,10.5345,1402,2776.24
392150,-2.9916,0.3112,11.8968,1390,2776.24
392155,-3.8104,0.0718,10.9834,1415,2776.24
392160,-0.2969,2.6228,9.8881,1399,2776.36
392165,1.9213,3.5626,10.416,1415,2776.36
392170,-1.3491,1.148,11.5029,1391,5280.76
392175,-3.4058,-0.996,11.5353,1403,5280.76
392180,-2.1284,1.8579,9.8342,1403,5854.23
392185,1.4593,3.1232,10.5082,1394,5854.23
392190,1.5203,2.1464,11.1235,1400,5854.23
392195,-2.9461,-0.2598,11.9961,1396,5282.16
392200,-3.4093,1.1516,10.2675,1401,5282.16
392205,1.0403,2.9149,10.3166,1395,5853.66
392210,2.326,3.1244,10.5477,1405,5853.66
392215,-2.982,0.1472,11.9363,1391,5853.66
392220,-3.7745,0.1329,11.0026,1415,5853.66
392225,-0.1448,2.6384,9.9515,1405,2776.62
392230,1.8771,3.5111,10.4016,1405,2776.62
392235,-1.6592,1.0104,11.5484,1397,2776.62
392240,-3.5243,-0.8918,11.4634,1405,2776.62
392245,-1.9142,2.0063,9.8581,1403,2776.36
392250,1.5287,3.1939,10.5165,1396,2776.36
392255,1.3707,2.0243,11.1797,1401,2776.36
392260,-2.9161,-0.3747,11.9686,1397,5279.37
392265,-3.3267,1.2354,10.2412,1407,5279.37
392270,1.1061,2.9125,10.3118,1397,5854.23
392275,2.3343,3.0011,10.6338,1406,5854.23
392280,-2.958,-0.0156,11.9016,1391,5854.23
392285,-3.7816,0.2514,10.9152,1399,5854.23
392290,0.0527,2.6935,9.9635,1401,2776.11
392295,1.913,3.5231,10.4279,1407,2776.11
392300,-2.0363,0.9493,11.6813,1395,2776.11
392305,-3.547,-0.7614,11.4886,1399,2776.11
392310,-1.7226,2.1093,9.8952,1400,2775.85
392315,1.5862,3.2597,10.477,1395,2775.85
392320,1.1576,1.9201,11.1905,1407,2775.85
392325,-2.9329,-1.0499,11.8118,1399,2775.85
392330,-3.1879,1.2773,10.1275,1413,2775.85
392335,1.1612,2.9317,10.3358,1395,2775.85
392340,2.2685,2.8778,10.6829,1405,2775.85
392345,-2.9305,-0.1305,11.9147,1397,2775.85
392350,-3.8595,0.4214,10.7751,1405,2775.85
392355,0.2322,2.7557,10.0269,1399,2775.46
392360,2.0267,3.4991,10.4315,1400,2775.46
392365,-2.2936,0.8679,11.6957,1397,2775.46
392370,-3.5817,-0.6297,11.3952,1397,2775.46
392375,-1.5143,2.1823,9.8282,1403,2775.59
392380,1.5957,3.3112,10.4124,1399,2775.59
392385,0.8164,1.7861,11.2791,1415,2775.59
392390,-3.0071,0.0395,11.9495,1399,2775.59
392395,-3.0969,1.3443,10.1406,1415,2775.59
392400,1.1947,2.9209,10.3848,1391,2775.85
392405,2.3092,2.8611,10.7715,1399,2775.85
392410,-3.0035,-0.2346,11.9471,1397,2775.85
392415,-3.7613,0.5231,10.7811,1400,2775.85
392420,0.4118,2.794,9.9563,1395,2776.11
392425,2.0889,3.5159,10.4208,1399,2776.11
392430,-2.4972,0.7889,11.6993,1400,2776.11
392435,-3.6224,-0.5746,11.3078,1397,2776.11
392440,-1.3719,2.2015,9.7564,1399,2776.24
392445,1.5838,3.3028,10.4926,1400,2776.24
392450,0.4812,1.6879,11.3425,1414,2776.24
392455,-3.1184,-1.1049,11.7699,1398,2776.24
392460,-2.9449,1.476,10.009,1415,2776.24
392465,1.2917,2.9736,10.4423,1395,2776.62
392470,2.2673,2.7629,10.7978,1395,2776.62
392475,-2.8683,-0.328,11.9758,1391,2776.62
392480,-3.8355,0.565,10.659,1403,2776.62
392485,0.4992,2.8,10.0473,1404,2776.36
392490,2.1069,3.4345,10.398,1403,2776.36
392495,-2.7282,0.65,11.7579,1401,2776.36
392500,-3.7002,-0.5004,11.2863,1401,2776.36
392505,-1.1696,2.3236,9.8318,1402,2776.49
392510,1.6604,3.3986,10.4722,1405,2776.49
392515,0.1281,1.5694,11.4048,1405,2776.49
392520,-3.1244,-1.0942,11.6933,1391,2776.49
392525,-2.7809,1.5706,9.9874,1400,2776.49
392530,1.3276,3.0299,10.4459,1395,2776.24
392535,2.211,2.6025,10.9176,1400,2776.24
392540,-2.8299,-0.4908,11.9375,1397,2776.24
392545,-3.6583,0.7123,10.5596,1402,2776.24
392550,0.5686,2.7869,10.1418,1407,2776.24
392555,2.0686,3.3651,10.4663,1403,2776.24
392560,-2.8012,0.5567,11.8022,1401,2776.24
392565,-3.7757,-0.3112,11.2623,1403,2776.24
392570,-0.9481,2.4074,9.827,1403,2775.98
392575,1.7621,3.4848,10.4734,1400,2775.98
392580,-0.2789,1.4485,11.4479,1400,2775.98
392585,-3.2082,-1.0977,11.7364,1395,2775.98
392590,-2.6516,1.6017,9.918,1399,2775.98
392595,1.3503,3.0083,10.4471,1399,2776.11
392600,2.0554,2.5043,10.9343,1400,2776.11
392605,-2.9042,-0.6488,11.9016,1399,2776.11
392610,-3.614,0.7817,10.5369,1405,2776.11
392615,0.7242,2.8503,10.1993,1407,2776.11
392620,2.1907,3.3686,10.5225,1403,2776.11
392625,-2.8718,0.4872,11.825,1399,2776.11
392630,-3.7493,-0.1592,11.1426,1396,2776.11
392635,-0.6812,2.496,9.8545,1399,2776.24
392640,1.8112,3.4764,10.416,1397,2776.24
392645,-0.6093,1.2821,11.3904,1397,2776.24
392650,-3.2465,-1.0714,11.6059,1417,2776.24
392655,-2.5175,1.6939,9.9671,1405,2776.24
392660,1.3791,3.0466,10.4279,1401,2775.85
392665,1.919,2.4289,10.9942,1399,2775.85
392670,-2.9532,-0.6776,11.9435,1397,2775.85
392675,-3.5638,0.9553,10.5417,1400,2775.85
392680,0.8595,2.8814,10.1873,1403,2774.82
392685,2.2194,3.3004,10.5177,1401,2774.82
392690,-2.9341,0.3484,11.8573,1400,2774.82
392695,-3.7553,-0.1317,11.1654,1399,2774.82
392700,-0.5004,2.5127,9.8378,1399,2774.05
392705,1.7669,3.4716,10.4627,1399,2774.05
392710,-0.9852,1.2246,11.4335,1398,2774.05
392715,-3.3232,-1.0403,11.5951,1404,2774.05
392720,-2.411,1.8471,9.8892,1404,2773.41
392725,1.4676,3.1687,10.4902,1403,2773.41
392730,1.883,2.3595,11.0468,1403,2773.41
392735,-2.8695,-0.7362,11.9135,1398,2773.41
392740,-3.4632,0.9673,10.4052,1397,2773.41
392745,0.8942,2.7869,10.228,1403,2773.16
392750,2.1847,3.1951,10.574,1419,2773.16
392755,-2.9437,1.2246,-0.0012,1390,2773.16
392760,-3.8152,-0.0694,11.1019,1403,2773.16
392765,-0.4585,2.575,9.9922,1398,2772.9
392770,1.8148,3.5111,10.4926,1403,2772.9
392775,-1.1827,1.2246,11.5185,1397,2772.9
392780,-3.3639,-0.9792,11.582,1407,2772.9
392785,-2.2637,1.8543,9.9024,1405,2772.52
392790,1.5036,3.1472,10.4806,1403,2772.52
392795,1.7549,2.2362,11.1007,1403,2772.52
392800,-2.8323,-0.9158,11.8202,1402,2772.52
392805,-3.4656,0.9792,10.3729,1399,2772.52
392810,0.9433,2.8695,10.2675,1400,2772.0
392815,2.1787,3.1975,10.5788,1401,2772.0
392820,-3.0023,0.1856,11.7663,1385,2772.0
392825,-3.7673,0.1018,11.0624,1402,2772.0
392830,-0.2957,2.648,9.9467,1399,2772.26
392835,1.8711,3.5781,10.3406,1405,2772.26
392840,-1.3216,1.1349,11.4958,1392,2772.26
392845,-3.3243,-0.9637,11.564,1413,2772.26
392850,-2.235,1.8447,9.7516,1406,2772.39
392855,1.5502,3.158,10.5393,1401,2772.39
392860,1.6065,2.156,11.0133,1407,2772.39
392865,-3.0059,-0.9182,11.886,1400,2772.39
392870,-3.4093,1.0642,10.404,1396,2772.39
392875,0.9529,2.8994,10.252,1391,2772.39
392880,2.2278,3.2202,10.6374,1404,2772.39
392885,-3.0323,0.1867,11.8513,1390,5275.65
392890,-3.7457,0.1293,10.993,1407,5275.65
392895,-0.1832,2.6336,9.912,1399,5843.97
392900,1.8914,3.5338,10.4076,1395,5843.97
392905,-1.5012,1.0451,11.5269,1397,5274.26
392910,-3.4369,-0.9445,11.5233,1407,5274.26
392915,-2.1165,1.9333,9.8629,1403,5845.1
392920,1.5383,3.1867,10.5381,1398,5845.1
392925,1.5526,2.1153,11.0959,1403,5845.1
392930,-2.9808,-0.8859,11.8573,1401,5845.1
392935,-3.3746,1.1911,10.3011,1399,5845.1
392940,1.0068,2.8994,10.3154,1395,2773.67
392945,2.2254,3.1173,10.6255,1399,2773.67
392950,-9.827,-4.9237,-4.9237,1395,5275.65
392955,-3.7661,0.1448,11.0014,1405,5275.65
392960,-0.1796,2.6276,9.9371,1397,5846.81
392965,1.8998,3.5769,10.4327,1405,5846.81
392970,-1.749,0.9888,11.5257,1400,5846.81
392975,-3.4656,-0.8308,11.5616,1407,5846.81
392980,-1.9237,2.0195,9.8833,1403,2772.39
392985,1.5814,3.2777,10.5046,1391,2772.39
392990,1.4078,2.0291,11.1606,1408,2772.39
392995,-2.8958,-0.8954,11.8094,1385,2772.39
393000,-3.2573,1.1528,10.2807,1400,2772.39
393005,1.0355,2.8635,10.3034,1389,2772.9
393010,2.235,2.9928,10.6506,1405,2772.9
393015,-2.9832,0.0036,11.9255,1389,2772.9
393020,-3.7852,0.2023,10.9822,1415,2772.9
393025,-0.0431,2.7078,9.9479,1398,2772.39
393030,1.9106,3.6188,10.4447,1403,2772.39
393035,-1.9166,0.972,11.5951,1395,2772.39
393040,-3.4381,-0.7183,11.5173,1414,2772.39
393045,-1.8471,2.0411,9.8354,1402,2772.39
393050,1.585,3.2082,10.483,1398,2772.39
393055,1.3012,1.9154,11.1917,1401,2772.39
393060,-2.9616,-1.0451,11.8262,1398,2772.39
393065,-3.2729,1.1875,10.2735,1402,2772.39
393070,1.0678,2.9245,10.319,1392,2772.0
393075,2.2541,3.0323,10.7332,1403,2772.0
393080,-3.0179,-0.0215,11.9124,1391,2772.0
393085,-3.7864,0.3771,10.9726,1416,2772.0
393090,0.0503,2.7186,9.9383,1401,2771.87
393095,1.986,3.5769,10.4663,1405,2771.87
393100,-1.9824,0.9098,11.558,1399,5270.56
393105,-3.4488,-0.7781,11.4898,1407,5270.56
393110,-1.7298,2.0518,9.8246,1401,5846.81
393115,1.549,3.2382,10.4758,1399,5846.81
393120,1.081,1.8962,11.1797,1402,5846.81
393125,-3.0011,-1.0068,11.8429,1387,5846.81
393130,-3.31,1.2653,10.2041,1407,5846.81
393135,1.172,2.9664,10.41,1395,2772.13
393140,2.3331,2.976,10.6853,1407,2772.13
393145,-3.0179,-0.0359,11.9124,1395,2772.13
393150,-3.7194,0.3017,10.9355,1416,2772.13
393155,0.0766,2.7007,9.973,1403,2772.52
393160,1.9632,3.4943,10.4591,1403,2772.52
393165,-2.1476,0.8619,11.6191,1396,2772.52
393170,-3.535,-0.7494,11.4706,1405,2772.52
393175,-1.6807,2.1141,9.8689,1403,2772.77
393180,1.6101,3.3064,10.4902,1391,2772.77
393185,0.9218,1.8783,11.212,1401,2772.77
393190,-2.9497,-0.9756,11.8393,1397,2772.77
393195,-3.2142,1.312,10.1598,1407,2772.77
393200,1.2151,2.9006,10.3034,1397,2772.64
393205,2.3331,2.8838,10.7631,1405,2772.64
393210,-2.9125,-0.1293,11.886,1391,2772.64
393215,-3.7697,0.3172,10.8098,1399,2772.64
393220,0.1915,2.7066,10.0221,1403,2772.9
393225,1.9824,3.474,10.4495,1405,2772.9
393230,-2.3248,0.8356,11.6406,1395,2772.9
393235,-3.5937,-0.6045,11.4718,1398,2772.9
393240,-1.5921,2.2098,9.8198,1399,2772.9
393245,1.6556,3.3495,10.4746,1389,2772.9
393250,0.8296,1.7837,11.1857,1405,2772.9
393255,-2.9568,-1.0834,11.8238,1397,2772.9
393260,-3.1591,1.3024,10.0688,1415,2772.9
393265,1.2151,2.9113,10.3837,1397,2772.52
393270,2.2924,2.7928,10.7967,1407,2772.52
393275,-2.9975,-0.2239,11.9375,1397,2772.52
393280,-3.7852,0.4812,10.8158,1395,2772.52
393285,0.2765,2.7797,10.0341,1399,2772.13
393290,2.0602,3.5937,10.4172,1407,2772.13
393295,-2.4014,0.8104,11.6681,1395,2772.13
393300,-3.553,-0.5195,11.4132,1399,2772.13
393305,-1.421,2.1691,9.8641,1407,2771.87
393310,1.6388,3.3603,10.4842,1397,2771.87
393315,0.6009,1.6807,11.2791,1404,2771.87
393320,-3.0275,-1.1049,11.7507,1397,2771.87
393325,-3.0538,1.3575,10.0748,1415,2771.87
393330,1.2007,2.97,10.3741,1391,2773.03
393335,2.2278,2.8228,10.799,1395,2773.03
393340,-2.9532,-0.2861,11.9423,1397,2773.03
393345,-3.7074,0.5195,10.7619,1403,2773.03
393350,0.3903,2.7761,10.0137,1395,2772.64
393355,2.0961,3.4572,10.4124,1397,2772.64
393360,-2.4433,0.7039,11.6322,1396,2772.64
393365,-3.5721,-0.5578,11.3689,1399,2772.64
393370,-1.3503,2.2218,9.7683,1400,2772.52
393375,1.6305,3.3818,10.4914,1389,2772.52
393380,0.3747,1.6688,11.242,1407,2772.52
393385,-3.0789,-1.0702,11.8082,1397,2772.52
393390,-2.9904,1.4772,10.0784,1415,2772.52
393395,1.2294,3.0155,10.4603,1399,2773.03
393400,2.2877,2.7378,10.7571,1401,2773.03
393405,-2.8503,-0.2993,11.9255,1395,2773.03
393410,-3.7218,0.4968,10.7308,1407,2773.03
393415,0.4441,2.7198,10.0676,1399,2772.77
393420,2.0458,3.3926,10.4267,1395,2772.77
393425,-2.6432,0.68,11.6681,1398,2772.77
393430,-3.6691,-0.516,11.3461,1400,2772.77
393435,-1.2462,2.2996,9.8725,1403,2772.77
393440,1.6903,3.4357,10.471,1395,2772.77
393445,0.2622,1.6197,11.3365,1415,2772.77
393450,-2.9389,-0.1401,11.9135,1401,2772.77
393455,-2.8587,1.4653,9.9838,1400,2772.77
393460,1.2965,2.9688,10.3513,1392,2772.39
393465,2.2087,2.6264,10.823,1395,2772.39
393470,-2.8635,-0.4166,11.8752,1395,2772.39
393475,-3.6775,0.5997,10.6135,1397,2772.39
393480,0.4848,2.8156,10.0928,1397,2772.13
393485,2.0255,3.462,10.5117,1401,2772.13
393490,-2.6959,0.68,11.6921,1401,2772.13
393495,-3.6655,-0.3926,11.3365,1399,2772.13
393500,-1.1229,2.3595,9.9084,1399,2771.75
393505,1.7466,3.4129,10.5105,1395,2771.75
393510,0.1425,1.4736,11.2563,1415,2771.75
393515,-3.0969,-1.1145,11.7783,1399,2771.75
393520,-2.7916,1.4832,10.0102,1416,2771.75
393525,1.2905,3.0095,10.4663,1397,2771.87
393530,2.1464,2.6372,10.8793,1395,2771.87
393535,-2.9137,-0.4669,11.9483,1397,2771.87
393540,-3.7278,0.7111,10.6434,1399,2771.87
393545,0.5782,2.8359,10.1071,1392,2771.75
393550,2.1249,3.4548,10.4363,1400,2771.75
393555,-2.7378,0.6357,11.6921,1399,2771.75
393560,-3.6356,-0.3543,11.327,1399,2771.75
393565,-1.0307,2.3559,9.8497,1401,2771.75
393570,1.6676,3.4046,10.4615,1399,2771.75
393575,-0.1413,1.4712,11.2827,1413,2771.75
393580,-3.1807,-1.0906,11.7256,1399,2771.75
393585,-2.7342,1.5347,10.0473,1415,2771.75
393590,1.2677,3.043,10.4459,1397,2771.62
393595,2.1057,2.5929,10.8852,1397,2771.62
393600,-2.8754,-0.4788,11.9614,1395,2771.62
393605,-3.6464,0.7099,10.5955,1399,2771.62
393610,0.6393,2.8623,10.0808,1402,2771.62
393615,2.1057,3.3674,10.4854,1400,2771.62
393620,-2.7533,0.5411,11.6849,1399,2771.62
393625,-3.7014,-0.3867,11.2587,1400,2771.62
393630,-0.9481,2.3643,9.8102,1401,2771.75
393635,1.6496,3.4417,10.5153,1403,2771.75
393640,-0.2574,1.4533,11.3461,1407,2771.75
393645,-3.1735,-0.9984,11.7256,1399,2771.75
393650,-2.6971,1.6065,9.9647,1415,2771.75
393655,1.403,3.0418,10.4902,1395,2772.26
393660,2.1668,2.4828,10.9271,1388,2772.26
393665,-2.8323,-0.5207,11.9399,1390,2772.26
393670,-3.6416,0.6919,10.5105,1397,2772.26
393675,0.6692,2.8012,10.1778,1401,2772.0
393680,2.0853,3.3148,10.4794,1400,2772.0
393685,-2.8671,0.5076,11.7974,1404,2772.0
393690,-3.8068,-0.2298,11.2384,1403,2772.0
393695,-0.8583,2.4553,9.8509,1401,2772.0
393700,1.7585,3.4405,10.4938,1403,2772.0
393705,-0.3843,1.421,11.3677,1403,2772.0
393710,-3.1484,-1.0642,11.74,1400,2772.0
393715,-2.5977,1.6269,9.9276,1408,2772.0
393720,1.3431,3.0203,10.4447,1389,2771.62
393725,2.0698,2.4349,10.8888,1399,2771.62
393730,-2.8503,-0.583,11.904,1391,2771.62
393735,-3.6871,0.8021,10.5704,1399,2771.62
393740,0.6907,2.8718,10.1694,1403,2771.36
393745,2.1165,3.3818,10.4854,1403,2771.36
393750,-2.909,0.5255,11.7567,1403,2771.36
393755,-3.6931,-0.1915,11.1929,1403,2771.36
393760,-0.7542,2.4409,9.8294,1402,2771.11
393765,1.8028,3.4931,10.501,1403,2771.11
393770,-0.516,1.3216,11.3425,1418,2771.11
393775,-3.2166,-1.1037,11.7555,1395,2771.11
393780,-2.575,1.6065,9.8809,1399,2771.11
393785,1.3479,3.0574,10.507,1391,2771.62
393790,1.9848,2.4301,10.8469,1399,2771.62
393795,-2.8814,-0.5974,11.9483,1396,2771.62
393800,-3.6033,0.8511,10.4842,1400,2771.62
393805,0.7661,2.9006,10.222,1404,2772.26
393810,2.1608,3.2944,10.5225,1403,2772.26
393815,-2.9185,0.4752,11.7783,1403,2772.26
393820,-3.7338,-0.2167,11.1259,1403,2772.26
393825,-0.6512,2.4433,9.8234,1401,2772.52
393830,1.7358,3.4488,10.4459,1405,2772.52
393835,-0.7135,1.2941,11.3964,1407,2772.52
393840,-3.2753,-1.0379,11.6693,1392,2772.52
393845,-2.4445,1.6843,9.906,1400,2772.52
393850,1.4078,3.0682,10.495,1399,2773.03
393855,1.9668,2.3631,10.9499,1399,2773.03
393860,-2.8503,-0.6309,11.9531,1397,2773.03
393865,-3.5458,0.899,10.4279,1401,2773.03
393870,0.838,2.8742,10.1909,1405,2773.67
393875,2.1416,3.2238,10.5022,1405,2773.67
393880,-2.9389,0.3807,11.8537,1400,2773.67
393885,-3.7481,-0.164,11.1079,1403,2773.67
393890,-0.6105,2.5043,9.9132,1391,2773.67
393895,1.7729,3.4943,10.4196,1400,2773.67
393900,-0.9038,1.2306,11.4551,1400,2773.67
393905,-3.304,-1.0163,11.6358,1395,2773.67
393910,-2.3427,1.7813,9.8701,1395,2773.67
393915,1.4916,3.1256,10.5201,1397,2773.54
393920,1.8555,2.2601,10.9966,1397,2773.54
393925,-2.824,-0.7338,11.9435,1401,2773.54
393930,-3.5015,0.9804,10.3633,1399,2773.54
393935,0.8811,2.9066,10.307,1407,2773.41
393940,2.1632,3.1783,10.5297,1399,2773.41
393945,-2.9736,0.3472,11.8824,1401,2773.41
393950,-3.808,-0.067,11.0612,1399,2773.41
393955,-0.4513,2.569,9.9575,1401,2773.67
393960,1.8603,3.5147,10.4267,1397,2773.67
393965,-1.16,1.1839,11.473,1401,2773.67
393970,-3.3435,-1.0163,11.6538,1403,2773.67
393975,-2.2398,1.816,9.8067,1399,2773.67
393980,1.476,3.122,10.4555,1401,2773.93
393985,1.7274,2.1715,11.0265,1398,2773.93
393990,-2.8802,-0.8775,11.995,1401,2773.93
393995,-3.4584,1.0175,10.3848,1401,2773.93
394000,0.9409,2.9209,10.3022,1405,2774.18
394005,2.2721,3.1591,10.5979,1405,2774.18
394010,-2.958,0.2179,11.8537,1397,2774.18
394015,-3.711,0.0874,11.0445,1399,2774.18
394020,-0.261,2.6001,9.9491,1401,2774.18
394025,1.8902,3.5219,10.4291,1399,2774.18
394030,-1.4353,1.0786,11.5029,1395,2774.18
394035,-3.4034,-0.9828,11.5915,1407,2774.18
394040,-2.1021,1.8699,9.8186,1397,2774.05
394045,1.4916,3.1831,10.5273,1403,2774.05
394050,1.5395,2.1416,11.0648,1401,2774.05
394055,-2.9185,-0.8475,11.8932,1399,2774.05
394060,-3.4345,1.0942,10.3106,1399,2774.05
394065,1.0451,2.9401,10.3406,1401,2774.44
394070,2.2613,3.1113,10.5716,1399,2774.44
394075,-2.9365,0.1915,11.9614,1389,2774.44
394080,-3.802,0.1125,10.9056,1396,2774.44
394085,-0.164,2.6875,9.9623,1399,2774.44
394090,1.8723,3.4848,10.4267,1405,2774.44
394095,-1.7095,1.0343,11.5939,1398,2774.44
394100,-3.45,-0.9086,11.5484,1407,2774.44
394105,-1.9788,2.0171,9.8869,1400,2774.44
394110,1.506,3.2334,10.4615,1405,2774.44
394115,1.4664,2.053,11.0899,1403,2774.44
394120,-2.9544,-0.9038,11.9267,1399,2774.44
394125,-3.3315,1.1684,10.1933,1401,2774.44
394130,1.087,2.9425,10.3334,1407,2774.69
394135,2.2817,3.0191,10.574,1400,2774.69
394140,-2.9664,0.0862,11.9291,1395,2774.69
394145,-3.8068,0.1772,10.9822,1403,2774.69
394150,-0.0024,-0.3089,-0.3089,1403,2774.82
394155,1.9261,3.5099,10.3932,1405,2774.82
394160,-1.907,0.9673,11.6035,1391,2774.82
394165,-3.5003,-0.8356,11.5867,1416,2774.82
394170,-1.8507,2.0734,9.8701,1407,2775.08
394175,1.549,3.2585,10.4806,1401,2775.08
394180,1.2019,1.9309,11.1893,1407,2775.08
394185,-2.9999,0.2251,11.9459,1402,5282.16
394190,-3.2681,1.233,10.1083,1383,5282.16
394195,1.1133,2.9365,10.3525,1396,5845.1
394200,2.2649,2.9401,10.6817,1404,5845.1
394205,-2.9892,-0.0431,11.9471,1388,5845.1
394210,-3.796,0.3603,10.8493,1413,5845.1
394215,0.0958,2.745,10.0485,1403,2774.82
394220,1.9956,3.5326,10.3896,1415,2774.82
394225,-2.1596,0.9086,11.6274,1397,2774.82
394230,-3.5422,-0.7302,11.4191,1407,2774.82
394235,-1.6664,2.1201,9.8366,1407,2774.57
394240,1.6077,3.2705,10.4998,1395,2774.57
394245,0.9337,1.7992,11.1809,1405,2774.57
394250,-2.9844,0.1472,11.9686,1397,2774.57
394255,-3.1663,1.2929,10.1526,1398,2774.57
394260,1.1396,2.9401,10.3621,1390,2774.82
394265,2.302,2.873,10.7476,1403,2774.82
394270,-2.9676,-0.1041,11.9782,1395,2774.82
394275,-3.7266,0.4525,10.835,1407,2774.82
394280,0.2921,2.7761,10.0497,1403,2774.82
394285,2.0399,3.5243,10.3932,1405,2774.82
394290,-2.3176,0.8296,11.6789,1397,2774.82
394295,-3.5829,-0.662,11.3988,1407,2774.82
394300,-1.4521,2.1955,9.8318,1403,2774.95
394305,1.5969,3.2669,10.4543,1391,2774.95
394310,0.7123,1.7585,11.2444,1400,2774.95
394315,-3.0598,-1.0738,11.8405,1392,2774.95
394320,-3.0466,1.3982,10.1574,1431,2774.95
394325,1.1995,3.0119,10.3956,1397,2774.95
394330,2.2302,2.8132,10.7164,1407,2774.95
394335,-2.9461,-0.1604,11.9722,1389,2774.95
394340,-3.7649,0.4968,10.6662,1407,2774.95
394345,0.3663,2.8383,10.07,1403,2774.82
394350,1.9896,3.4381,10.4327,1401,2774.82
394355,-2.5019,0.7518,11.7448,1395,2774.82
394360,-3.6667,-0.5926,11.3689,1407,2774.82
394365,-1.3503,2.2338,9.7995,1400,2774.57
394370,1.652,3.3627,10.4818,1391,2774.57
394375,0.4202,1.6532,11.2923,1407,2774.57
394380,-3.055,-1.087,11.801,1396,2774.57
394385,-2.9257,1.4928,10.0461,1405,2774.57
394390,1.2594,2.9987,10.422,1399,2774.18
394395,2.2721,2.7342,10.7907,1407,2774.18
394400,-2.8659,-0.3603,11.977,1397,2774.18
394405,-3.735,0.589,10.6542,1401,2774.18
394410,0.4441,2.7964,10.1155,1403,2774.31
394415,2.065,3.4333,10.4279,1400,2774.31
394420,-2.6468,0.6895,11.795,1395,2774.31
394425,-3.6943,-0.4154,11.3725,1401,2774.31
394430,-1.16,2.3619,9.8533,1402,2774.44
394435,1.6735,3.4273,10.4591,1395,2774.44
394440,0.0922,1.5921,11.3054,1407,2774.44
394445,-3.1065,-1.1468,11.8178,1398,2774.44
394450,-2.8276,1.5227,9.9635,1415,2774.44
394455,1.3096,2.9736,10.4279,1397,2774.44
394460,2.1703,2.5989,10.8709,1403,2774.44
394465,-2.9125,-0.4465,11.9914,1399,2774.44
394470,-3.729,0.656,10.5644,1401,2774.44
394475,0.5962,2.8252,10.1359,1397,2774.44
394480,2.1404,3.4141,10.3932,1401,2774.44
394485,-2.7426,0.6464,11.7855,1395,2774.44
394490,-3.6368,-0.3651,11.2312,1401,2774.44
394495,-0.9912,2.4002,9.8665,1405,2774.44
394500,1.6843,3.4177,10.477,1398,2774.44
394505,-0.1041,1.4449,11.3916,1407,2774.44
394510,-3.2118,-1.1516,11.6777,1401,2774.44
394515,-2.7054,1.6077,9.9874,1416,2774.44
394520,1.3096,3.0119,10.4208,1397,2774.95
394525,2.0818,2.5857,10.9247,1399,2774.95
394530,-2.903,-0.4812,11.9782,1396,2774.95
394535,-3.614,0.7614,10.6506,1401,2774.95
394540,0.7027,2.8683,10.1825,1395,2773.93
394545,2.1428,3.3447,10.4279,1397,2773.93
394550,-2.8407,0.492,11.7543,1401,2773.93
394555,-3.7182,-0.3017,11.2132,1399,2773.93
394560,-0.8416,2.4265,9.8821,1397,2774.05
394565,1.7035,3.4548,10.3932,1399,2774.05
394570,-0.3496,1.3874,11.4407,1415,2774.05
394575,-3.2226,-1.0834,11.6909,1397,2774.05
394580,-2.5666,1.725,9.9132,1415,2774.05
394585,1.3719,3.0849,10.4974,1397,2773.93
394590,2.0937,2.4624,10.9056,1399,2773.93
394595,-2.8647,-0.5878,11.9147,1395,2773.93
394600,-3.6152,0.8344,10.471,1397,2773.93
394605,0.7542,2.897,10.1646,1396,2773.93
394610,2.1428,3.2789,10.4651,1400,2773.93
394615,-2.903,0.4393,11.8549,1400,2773.93
394620,-3.7649,-0.2239,11.1666,1399,2773.93
394625,-0.7338,2.4565,9.8641,1399,2773.93
394630,1.7933,3.5063,10.398,1401,2773.93
394635,-0.6991,1.3467,11.4922,1415,2773.93
394640,-3.286,-1.0475,11.6274,1401,2773.93
394645,-2.484,1.7358,9.9288,1415,2773.93
394650,1.4269,3.0382,10.4483,1397,2773.93
394655,1.9944,2.3942,10.987,1400,2773.93
394660,-2.8443,-0.7422,11.9423,1391,5278.44
394665,-3.5913,0.8775,10.3992,1401,5278.44
394670,0.8068,2.8659,10.246,1403,5846.24
394675,2.1715,3.2657,10.5393,1404,5846.24
394680,-2.9724,0.3639,11.8705,1401,5846.24
394685,-3.7948,-0.0658,11.1378,1400,3912.62
394690,-0.504,2.5678,9.9611,1403,3912.62
394695,1.8723,3.5518,10.4435,1403,3912.62
394700,-0.9361,1.2641,11.461,1406,3912.62
394705,-2.9868,0.1532,11.9674,1399,3912.62
394710,-2.3822,1.7897,9.9084,1399,3912.62
394715,1.4329,3.0287,10.5165,1389,2149.15
394720,1.8196,2.2901,10.9918,1395,2149.15
394725,-2.9401,-0.8092,11.9854,1395,2149.15
394730,-3.5326,0.9888,10.386,1399,2149.15
394735,0.9266,2.9197,10.2388,1405,2774.82
394740,2.2242,3.2777,10.5536,1397,2774.82
394745,-3.0347,0.31,11.8836,1401,2774.82
394750,-3.784,0.0227,11.0552,1405,2774.82
394755,-0.3879,2.5402,9.9407,1403,2774.95
394760,1.8507,3.468,10.3777,1405,2774.95
394765,-1.2043,1.1648,11.5041,1399,2774.95
394770,-3.3746,-1.0235,11.5113,1399,2774.95
394775,-2.235,1.8591,9.8833,1399,2774.95
394780,1.4401,3.1196,10.5249,1397,2774.82
394785,1.6903,2.2158,11.1031,1395,2774.82
394790,-2.9173,-0.8428,11.8477,1400,5280.3
394795,-3.4381,1.0798,10.3453,1401,5280.3
394800,1.0211,2.8718,10.2556,1407,5847.38
394805,2.2829,3.1783,10.5572,1403,5847.38
394810,-2.9951,0.2095,11.91,1397,5847.38
394815,-3.8188,0.0443,11.0552,1400,5847.38
394820,-0.2646,2.6145,9.9323,1399,2774.18
394825,1.8555,3.5003,10.3968,1395,2774.18
394830,-1.5574,1.1037,11.5784,1399,2774.18
394835,-3.4429,-0.9134,11.5269,1399,2774.18
394840,-2.0758,1.9489,9.8629,1403,2774.18
394845,1.5083,3.2441,10.4926,1400,2774.05
394850,1.5658,2.1225,11.0804,1400,2774.05
394855,-2.9173,-0.8775,11.898,1404,2774.05
394860,-3.3674,1.1241,10.2508,1401,2774.05
394865,1.0223,2.8742,10.2484,1407,2773.8
394870,2.3008,3.1137,10.6111,1397,2773.8
394875,-2.9939,0.0599,11.8776,1389,2773.8
394880,-3.8056,0.1616,10.9894,1399,2773.8
394885,-0.146,2.6695,9.9886,1400,2773.54
394890,1.9154,3.5554,10.4615,1400,2773.54
394895,-1.7119,1.0642,11.582,1399,2773.54
394900,-3.4596,-0.7949,11.5041,1399,2773.54
394905,-1.9513,2.0123,9.8198,1398,2773.54
394910,1.5287,3.2262,10.4028,1401,2773.28
394915,1.409,2.0243,11.1139,1402,2773.28
394920,-2.9401,-0.9996,11.8333,1401,2773.28
394925,-3.3399,1.1636,10.2699,1401,2773.28
394930,1.0642,2.8838,10.3645,1405,2773.16
394935,2.2494,3.049,10.6602,1405,2773.16
394940,-3.0143,0.0634,11.9135,1395,2773.16
394945,-3.7577,0.2873,10.9247,1399,2773.16
394950,0.0144,2.7186,10.0126,1401,2773.28
394955,1.9465,3.5686,10.4471,1399,2773.28
394960,-1.8543,0.9361,11.5712,1399,2773.28
394965,-3.468,-0.7889,11.4814,1405,2773.28
394970,-1.822,1.98,9.8701,1400,2773.67
394975,1.4952,3.2046,10.5177,1403,2773.67
394980,1.2139,1.9261,11.1773,1403,2773.67
394985,-2.9748,-1.0199,11.8728,1396,2773.67
394990,-3.2813,1.2965,10.234,1400,2773.67
394995,1.1181,2.9604,10.3561,1416,2773.8
395000,2.2984,3.0167,10.6769,1399,2773.8
395005,-2.9832,-0.0335,11.9351,1391,2773.8
395010,-3.7541,0.3304,10.8529,1401,2773.8
395015,0.0982,2.7102,9.9455,1399,2773.8
395020,1.8974,3.5159,10.3848,1401,2773.8
395025,-2.0853,0.8859,11.582,1397,2773.8
395030,-3.6033,-0.7614,11.473,1407,2773.8
395035,-1.7107,2.1284,9.8462,1405,2773.93
395040,1.5933,3.2825,10.4627,1404,2773.93
395045,0.9948,1.8914,11.218,1403,2773.93
395050,-2.9676,0.1233,11.8585,1398,5277.51
395055,-3.7158,-0.5483,11.3449,1401,5277.51
395060,1.1756,2.9652,10.3166,1398,5847.95
395065,2.3176,2.879,10.7416,1399,5847.95
395070,-2.9329,-0.1664,11.8932,1388,5847.95
395075,-3.7996,0.3543,10.7943,1404,5847.95
395080,0.176,2.7126,10.0353,1401,2774.18
395085,1.974,3.5398,10.4399,1407,2774.18
395090,-2.2817,0.8308,11.6478,1398,5273.8
395095,-3.626,-0.668,11.4251,1415,5273.8
395100,-1.5586,2.1799,9.8545,1407,5853.09
395105,1.6305,3.3579,10.4782,1397,5853.09
395110,0.8284,1.7669,11.2336,1407,5853.09
395115,-3.0071,-1.1408,11.7388,1395,5853.09
395120,-3.0969,1.3408,10.0556,1399,5853.09
395125,1.1983,2.9006,10.3489,1395,2774.18
395130,2.2793,2.8539,10.7464,1401,2774.18
395135,-2.9664,-0.249,11.9531,1389,2774.18
395140,-3.814,0.5339,10.738,1413,2774.18
395145,0.2801,2.8072,10.0952,1385,2774.05
395150,1.9872,3.6811,10.4196,1395,2774.05
395155,-2.484,0.6728,11.7807,1389,2774.05
395160,-3.5159,-0.5447,11.2982,1399,2774.05
395165,-1.3276,2.1727,9.7971,1391,2750.53
395170,1.5048,3.213,10.4483,1395,2750.53
395175,0.5986,1.7454,11.2899,1397,2750.53
395180,-2.7797,-0.9876,11.7208,1395,2750.53
395185,-2.9736,1.1935,10.3657,1395,2750.53
395190,0.9194,2.8587,10.3214,1401,2718.5
395195,1.907,3.0765,10.7212,1403,2718.5
395200,-2.903,0.1856,11.5556,1395,2718.5
395205,-3.1951,0.1341,11.0744,1395,2718.5
395210,-0.4465,2.5438,10.0868,1403,2698.93
395215,1.4509,3.4812,10.416,1389,2698.93
395220,-0.9744,1.3515,11.2863,1399,2698.93
395225,-2.6468,-0.2909,11.5401,1395,2698.93
395230,-2.4804,1.4509,10.404,1399,2698.93
395235,0.8894,2.9006,10.3549,1403,2688.41
395240,1.8076,2.812,10.902,1401,2688.41
395245,-2.7569,-0.0611,11.5125,1398,2688.41
395250,-3.0813,0.2789,11.1163,1388,2688.41
395255,-0.1712,2.7378,10.0952,1387,2679.89
395260,1.3683,3.3555,10.4639,1387,2679.89
395265,0.1879,1.7382,11.2755,1391,2679.89
395270,-2.4804,-0.7482,11.4491,1385,2679.89
395275,-2.5929,1.057,10.7212,1385,2679.89
395280,0.589,2.7557,10.2101,1397,2643.4
395285,1.4964,3.1627,10.7069,1391,2643.4
395290,-2.9808,0.4202,11.1941,1391,2643.4
395295,-2.5391,-0.2921,11.3677,1397,2643.4
395300,-1.257,2.2242,10.3262,1397,2612.9
395305,0.8045,3.2908,10.3872,1399,2612.9
395310,0.674,2.1823,11.0576,1394,2612.9
395315,-2.1249,-0.5854,11.2982,1385,2612.9
395320,-2.4517,0.4106,11.1259,1397,2612.9
395325,0.0718,2.66,10.1801,1397,2595.49
395330,1.1815,3.5698,10.4746,1407,2595.49
395335,-2.4493,1.1564,11.0121,1395,2595.49
395340,-2.1775,-0.6177,11.4838,1396,2595.49
395345,-1.9465,1.5167,10.6793,1407,2595.49
395350,0.4202,2.8443,10.1574,1395,2585.98
395355,1.2282,2.8455,10.8721,1387,2585.98
395360,-2.7246,0.1808,11.0385,1381,2585.98
395365,-2.3439,-0.0742,11.5592,1384,2585.98
395370,-0.7446,2.3559,10.2951,1391,2567.94
395375,0.8188,3.3938,10.337,1385,2567.94
395380,-0.1951,1.974,11.0708,1387,2567.94
395385,-1.9142,-0.6273,11.2695,1385,2567.94
395390,-2.0554,0.51,11.3485,1395,2567.94
395395,-0.0215,2.6528,10.1813,1395,2527.17
395400,0.9445,3.5997,10.5764,1396,2527.17
395405,-2.2242,1.2294,10.6949,1401,2527.17
395410,-1.7047,-0.6572,11.4622,1391,2527.17
395415,-1.9094,1.075,11.0852,1400,2527.17
395420,0.1041,2.7473,10.1203,1399,2502.92
395425,0.9301,3.2944,10.7763,1368,2502.92
395430,-3.0454,0.7254,10.5297,1382,2502.92
395435,-1.7131,-0.5519,11.7124,1383,2502.92
395440,-1.4952,1.5945,10.7416,1417,2502.92
395445,0.1377,2.9676,10.3286,1394,2472.8
395450,0.5746,2.8635,10.8793,1391,2472.8
395455,-2.8431,0.2765,10.6255,1385,2472.8
395460,-1.3312,-0.2658,11.6969,1396,2472.8
395465,-1.2007,1.9501,10.5596,1400,2472.8
395470,0.0431,3.1651,10.3322,1391,2427.87
395475,0.2861,2.6947,10.8637,1397,2427.87
395480,-2.6324,0.1006,10.6207,1388,2427.87
395485,-1.1875,-0.2622,11.7436,1400,2427.87
395490,-1.1983,2.0303,10.4782,1404,2427.87
395495,0.0599,3.2417,10.4004,1395,2402.69
395500,0.1508,2.6695,10.7619,1399,2402.69
395505,-2.6037,0.0946,10.6937,1379,2402.69
395510,-1.0858,-0.1808,11.8106,1385,2402.69
395515,-1.2342,2.077,10.4387,1391,2402.69
395520,-0.2454,2.8515,10.1778,1389,2382.18
395525,0.1616,2.5678,10.7978,1375,2382.18
395530,-2.7677,0.1592,10.5536,1386,2382.18
395535,-0.9098,-0.1856,11.8417,1388,2382.18
395540,-1.2941,1.8663,10.6374,1387,2382.18
395545,-0.255,3.0921,10.3705,1389,2335.9
395550,0.0359,2.8491,10.7967,1399,2335.9
395555,-3.1759,0.4609,10.3944,1399,2335.9
395560,-0.747,-0.3747,11.5257,1391,2335.9
395565,-1.4257,1.3312,10.8589,1391,2335.9
395570,-0.5327,2.9054,10.2352,1395,2305.83
395575,0.1556,3.1699,10.75,1393,2305.83
395580,-2.976,0.9242,10.3513,1400,2305.83
395585,-0.5255,-0.4034,11.9243,1389,2305.83
395590,-1.3539,0.6716,11.3006,1395,2305.83
395595,-0.7111,2.7892,10.2197,1403,2290.16
395600,0.34,3.4393,10.6303,1401,2290.16
395605,-1.7897,1.5191,10.3992,1397,2290.16
395610,-0.7566,-0.4226,11.5221,1391,2290.16
395615,-0.9301,0.1604,11.6657,1395,2290.16
395620,-0.9242,2.569,10.1406,1398,2290.16
395625,0.1844,3.4453,10.5225,1391,2282.41
395630,-0.7865,2.1691,10.5477,1401,2282.41
395635,-1.7849,-0.0515,10.9595,1391,4337.45
395640,-0.5638,-0.0599,11.7088,1383,4337.45
395645,-1.2713,2.1404,10.3717,1389,4337.45
395650,-0.2658,3.1747,10.4327,1403,4800.77
395655,-0.1939,2.715,10.6722,1407,4800.77
395660,-3.0586,0.3591,10.4854,1416,4800.77
395665,-0.4621,-0.3029,11.9004,1397,4800.77
395670,-1.4557,1.3827,10.8649,1399,4800.77
395675,-0.5555,2.9413,10.2879,1399,2277.39
395680,0.2514,3.1711,10.7428,1390,2277.39
395685,-2.806,0.899,10.2939,1397,2277.39
395690,-0.5255,-0.4501,11.8728,1395,2277.39
395695,-1.306,0.6105,11.3617,1399,2277.39
395700,-0.7685,2.7952,10.1275,1398,2276.78
395705,0.2298,3.3734,10.6267,1397,2276.78
395710,-1.561,1.6831,10.4483,1399,2276.78
395715,-0.8667,-0.2646,11.5077,1397,2276.78
395720,-0.7685,0.0862,11.6179,1407,2276.78
395725,-1.069,2.5235,10.1969,1407,2276.78
395730,0.0299,3.3567,10.4866,1391,2276.52
395735,-0.5806,2.3727,10.647,1395,2276.52
395740,-2.2446,-0.0215,10.7643,1385,4329.94
395745,-0.5076,-0.2011,11.7926,1388,4329.94
395750,-1.3755,2.0351,10.4734,1385,4329.94
395755,-0.3352,3.2346,10.3705,1387,4790.42
395760,-0.1221,2.6528,10.7835,1384,4790.42
395765,-3.201,0.4345,10.392,1387,4790.42
395770,-0.4058,-0.2861,11.7507,1385,4790.42
395775,-1.3336,1.1863,11.0624,1389,4790.42
395780,-0.7614,2.8826,10.2304,1400,2237.8
395785,0.0144,3.1747,10.7356,1397,2237.8
395790,-2.0818,1.2701,10.3693,1397,2237.8
395795,-0.4585,-0.2526,11.5784,1391,2237.8
395800,-0.7075,0.2717,11.576,1403,2237.8
395805,-1.1193,2.6001,10.173,1402,2237.8
395810,-0.0359,3.2908,10.5429,1404,2206.69
395815,-0.7458,2.2757,10.5572,1402,2206.69
395820,-2.5271,0.1173,10.6458,1405,2206.69
395825,-0.0646,-0.1113,11.7926,1391,2206.69
395830,-1.4688,1.6604,10.7607,1397,2206.69
395835,-0.7985,2.9377,10.3477,1405,2191.3
395840,-0.0994,3.0287,10.7452,1399,2191.3
395845,-2.6588,1.0008,10.2831,1393,2191.3
395850,-0.097,-0.2454,11.728,1400,4157.72
395855,-0.7314,0.3795,11.5329,1405,4157.72
395860,-1.1337,2.6779,10.2065,1407,4157.72
395865,-0.0036,3.2669,10.5453,1403,4598.41
395870,-0.9349,2.1272,10.5369,1403,4598.41
395875,-2.2793,0.0958,10.8098,1407,4598.41
395880,-0.0431,-0.0168,11.7244,1395,4598.41
395885,-1.4389,1.7597,10.7655,1397,4598.41
395890,-0.8021,2.9353,10.3178,1405,2179.84
395895,-0.0335,3.0119,10.7021,1403,2179.84
395900,-2.66,0.9122,10.2939,1397,2179.84
395905,-0.1281,-0.2095,11.7687,1396,2179.84
395910,-0.7027,0.4429,11.582,1407,2179.84
395915,-1.1899,2.6576,10.155,1405,2179.84
395920,-0.097,3.2178,10.5201,1415,2178.25
395925,-0.9673,2.1715,10.5967,1415,2178.25
395930,-2.4217,0.1149,10.6841,1407,2178.25
395935,-0.0347,-0.0455,11.7974,1395,2178.25
395940,-1.4425,1.6939,10.8517,1403,2178.25
395945,-0.7745,2.9532,10.2963,1400,2177.94
395950,-0.0263,3.0035,10.6853,1403,2177.94
395955,-2.5642,0.99,10.2316,1403,2177.94
395960,-0.176,-0.2418,11.7759,1397,2177.94
395965,-0.6608,0.4226,11.6322,1406,2177.94
395970,-1.1025,2.6169,10.222,1405,2177.94
395975,-0.1245,3.1867,10.4686,1405,2178.1
395980,-0.8918,2.229,10.5273,1403,2178.1
395985,-2.4481,0.1556,10.7069,1413,2178.1
395990,-0.0539,-0.0694,11.7759,1399,2178.1
395995,-1.4198,1.67,10.8781,1407,2178.1
396000,-0.7853,2.9604,10.3082,1401,2178.57
396005,-0.1113,2.9916,10.6925,1403,2178.57
396010,-2.4888,0.978,10.2771,1401,2178.57
396015,-0.1532,-0.2071,11.7507,1398,2178.57
396020,-0.6476,0.3591,11.5436,1407,2178.57
396025,-1.1612,2.6109,10.2065,1407,2178.57
396030,-0.1425,3.1939,10.4782,1405,2178.81
396035,-0.8056,2.2505,10.5848,1405,2178.81
396040,-2.5462,0.1018,10.6398,1403,2178.81
396045,-0.0658,-0.0766,11.8166,1399,2178.81
396050,-1.3958,1.6364,10.8852,1407,2178.81
396055,-0.826,2.9161,10.3298,1400,2178.97
396060,-0.1161,3.0143,10.6985,1401,2178.97
396065,-2.3918,1.1001,10.2951,1405,2178.97
396070,-0.1867,-0.1939,11.6657,1383,2178.97
396075,-0.5938,0.4441,11.5125,1391,2178.97
396080,-1.2079,2.6624,10.2137,1396,2178.97
396085,-0.1939,3.1125,10.5417,1390,2171.55
396090,-0.7446,2.211,10.5812,1388,2171.55
396095,-2.6827,0.1532,10.4986,1389,2171.55
396100,0.1065,0.0838,11.7783,1381,2171.55
396105,-1.3348,1.5,10.9846,1391,2171.55
396110,-0.9912,2.8395,10.3094,1400,2129.77
396115,-0.2035,2.9185,10.799,1389,2129.77
396120,-1.919,1.2905,10.3729,1395,2129.77
396125,-0.4657,-0.0479,11.3916,1389,2129.77
396130,-0.1065,0.1856,11.5604,1389,2129.77
396135,-1.3539,2.3355,10.4279,1391,2129.77
396140,-0.486,2.9413,10.3561,1401,2102.68
396145,-0.5351,2.7043,10.7488,1391,2102.68
396150,-3.0323,0.65,10.2472,1397,2102.68
396155,0.3879,0.0036,11.8489,1397,2102.68
396160,-0.7386,0.6357,11.4994,1403,2102.68
396165,-1.2833,2.6767,10.2747,1391,2102.68
396170,-0.1867,2.9939,10.4806,1396,2089.72
396175,-1.0762,2.2146,10.6614,1399,2089.72
396180,-2.9676,0.2885,10.3896,1398,2089.72
396185,0.3843,0.1317,11.9028,1385,2089.72
396190,-1.2594,1.2977,11.2791,1397,2089.72
396195,-1.1588,2.8132,10.2639,1397,2089.72
396200,-0.1161,2.9999,10.562,1403,2083.84
396205,-1.6879,1.658,10.416,1401,2083.84
396210,-1.6065,0.1101,10.8984,1405,2083.84
396215,0.2705,0.1628,11.6861,1391,2083.84
396220,-1.5048,1.828,10.8218,1397,2083.84
396225,-0.9361,2.8347,10.3597,1403,2080.88
396230,-0.2167,2.897,10.7069,1391,2080.88
396235,-2.2685,1.1576,10.2975,1400,2080.88
396240,-0.2227,-0.0275,11.4407,1395,2080.88
396245,-0.0383,0.2837,11.6777,1389,2080.88
396250,-1.415,2.2757,10.3573,1395,2080.88
396255,-0.5124,2.9329,10.3681,1399,2079.58
396260,-0.4729,2.6719,10.7057,1403,2079.58
396265,-2.9724,0.6752,10.2568,1403,2079.58
396270,0.3663,-0.0036,11.8381,1393,2079.58
396275,-0.5219,0.6105,11.5784,1395,2079.58
396280,-1.3348,2.5642,10.1981,1396,2079.58
396285,-0.231,3.0215,10.4435,1395,2079.07
396290,-0.9254,2.3607,10.6027,1395,2079.07
396295,-3.0478,0.3687,10.398,1395,2079.07
396300,0.4525,0.0886,11.9231,1387,2079.07
396305,-1.0534,1.1001,11.3772,1399,2079.07
396310,-1.1875,2.7054,10.2113,1408,2079.07
396315,-0.1688,2.9796,10.5584,1407,2078.93
396320,-1.4736,1.9046,10.4722,1405,2078.93
396325,-2.1057,0.0994,10.756,1400,2078.93
396330,0.4381,0.0862,11.9782,1391,3955.17
396335,-1.3791,1.6795,10.9786,1399,3955.17
396340,-1.0391,2.8479,10.2903,1403,4382.76
396345,-0.2861,2.9449,10.7212,1397,4382.76
396357,-1.986,1.3384,10.4471,1400,4382.76
396360,0.0587,0.255,11.6394,1399,4382.76
396365,-1.4461,2.1428,10.5381,1399,4382.76
396370,-0.6452,2.9353,10.3537,1399,2079.29
396375,-0.4669,2.7533,10.7332,1401,2079.29
396380,-2.7102,0.7985,10.2627,1400,2079.29
396385,0.2478,-0.0491,11.7639,1391,2079.29
396390,-0.3579,0.431,11.5365,1396,2079.29
396395,-1.3455,2.4948,10.2615,1400,2079.29
396400,-0.3292,2.9628,10.3585,1396,2079.07
396405,-0.7482,2.5007,10.6578,1391,2079.07
396410,-3.2142,0.4884,10.2496,1391,2079.07
396415,0.4752,0.0658,11.9435,1389,2079.07
396420,-0.9182,0.8308,11.4072,1406,2079.07
396425,-1.2414,2.7031,10.1897,1405,2079.07
396430,-0.1664,3.0059,10.5477,1403,2078.79
396435,-1.2426,2.0506,10.5093,1397,2078.79
396440,-2.5606,0.1987,10.5716,1400,2078.79
396445,0.407,0.1951,11.88,1391,2078.79
396450,-1.3252,1.47,11.078,1398,2078.79
396455,-1.1085,2.8072,10.2208,1399,2078.28
396460,-0.1664,2.9928,10.726,1391,2078.28
396465,-1.7729,1.5131,10.3825,1391,2078.28
396470,-1.1504,0.0192,11.1127,1404,2078.28
396475,0.182,0.2753,11.7064,1397,2078.28
396480,-1.4545,2.0016,10.6398,1414,2078.28
396485,-0.8523,2.8276,10.2424,1398,2078.43
396490,-0.2873,2.8766,10.6889,1391,2078.43
396495,-2.4624,0.9852,10.3202,1397,2078.43
396500,-0.0227,-0.0419,11.6215,1391,2078.43
396505,-0.1891,0.3543,11.6203,1397,2078.43
396510,-1.385,2.3942,10.2675,1396,2078.43
396515,-0.4824,2.8934,10.3597,1403,2078.07
396520,-0.5567,2.6169,10.6434,1392,2078.07
396525,-3.1232,0.6141,10.2161,1398,2078.07
396530,0.4106,-0.0204,11.8968,1397,2078.07
396535,-0.68,0.7207,11.5377,1413,2078.07
396540,-1.2917,2.6061,10.1813,1401,2078.07
396545,-0.2251,2.9892,10.5261,1397,2078.43
396550,-1.0953,2.2278,10.5812,1404,2078.43
396555,-3.1556,0.5183,10.3094,1399,6049.0
396560,0.4381,0.1185,11.8944,1389,6049.0
396565,-1.1756,1.2653,11.2982,1396,6049.0
396570,-1.154,2.7222,10.2472,1399,6049.0
396575,-0.1592,2.9999,10.6003,1405,3167.56
396580,-1.6293,1.7406,10.4878,1403,3167.56
396585,-1.7226,0.097,10.8577,1405,6071.65
396590,0.395,0.1185,11.9183,1399,6071.65
396595,-1.415,1.7957,10.8266,1395,6071.65
396600,-0.9373,2.8407,10.3238,1400,3161.39
396605,-0.2801,2.903,10.6817,1391,3161.39
396610,-2.1392,1.2414,10.3645,1399,3161.39
396622,-0.3651,-0.018,11.4443,1415,3161.39
396625,-1.4042,2.217,10.4698,1402,3161.39
396630,-0.5531,2.9592,10.3693,1403,2079.87
396635,-0.4944,2.6995,10.6698,1401,2079.87
396640,-2.9054,0.747,10.2053,1403,2079.87
396645,0.3148,0.0287,11.8106,1399,2079.87
396650,-0.4896,0.5483,11.5544,1395,2079.87
396655,-1.3431,2.5307,10.2041,1399,2079.87
396660,-0.2526,3.0382,10.41,1397,2080.01
396665,-0.8499,2.3834,10.6075,1395,2080.01
396670,-3.1256,0.3723,10.3465,1391,2080.01
396675,0.4705,0.1065,12.0237,1391,2080.01
396680,-1.0463,1.0247,11.3389,1403,2080.01
396685,-1.2498,2.6911,10.2041,1407,2080.01
396690,-0.1496,3.0023,10.5273,1405,2080.08
396695,-1.385,1.9201,10.562,1401,2080.08
396700,-2.2601,0.1161,10.7045,1403,2080.08
396705,0.3412,0.1425,11.8884,1388,2080.08
396710,-1.4186,1.5706,11.0133,1397,2080.08
396715,-1.0726,2.8371,10.2735,1403,2080.08
396720,-0.2227,2.9485,10.7164,1391,2080.08
396732,-1.9118,1.385,10.3537,1397,2080.08
396735,0.1113,0.2442,11.6909,1400,2080.08
396740,-1.4461,2.1356,10.5943,1401,2080.08
396745,-0.7171,2.9054,10.2759,1401,2080.01
396750,-0.3795,2.7857,10.7356,1403,2080.01
396755,-2.7258,0.8583,10.307,1398,2080.01
396760,0.2083,-0.0168,11.7986,1391,2080.01
396765,-0.3029,0.3855,11.631,1399,2080.01
396770,-1.342,2.4983,10.2592,1399,2080.01
396775,-0.3771,2.9305,10.3669,1397,2080.08
396780,-0.7027,2.5115,10.6183,1387,2080.08
396785,-3.2501,0.4741,10.3082,1395,2080.08
396790,0.4357,-0.0048,11.9566,1388,2080.08
396795,-0.899,0.8284,11.5544,1404,2080.08
396800,-1.2378,2.6647,10.228,1383,2080.08
396805,-0.17,3.037,10.5153,1403,2079.58
396810,-1.2941,2.0758,10.5285,1397,2079.58
396815,-2.6193,0.249,10.6063,1399,2079.58
396820,0.3974,0.1676,11.8681,1391,2079.58
396825,-1.3791,1.4629,11.163,1400,2079.58
396830,-1.1217,2.7809,10.2244,1397,2078.86
396835,-0.1209,3.0155,10.6781,1391,2078.86
396840,-1.8603,1.5036,10.3884,1397,2078.86
396845,-1.2163,0.0599,11.0468,1403,2078.86
396850,0.4262,0.0587,11.9878,1403,2078.86
396855,-1.4281,1.9477,10.6231,1407,2078.86
396860,-0.814,2.8671,10.2699,1405,2079.15
396865,-0.261,2.8539,10.7631,1391,2079.15
396870,-2.4696,1.0163,10.2663,1395,2079.15
396875,-0.0132,-0.0287,11.5987,1391,2079.15
396880,-0.1401,0.3855,11.6418,1397,2079.15
396885,-1.3803,2.3499,10.2615,1397,2079.15
396890,-0.4681,2.9257,10.3214,1396,2078.57
396895,-0.6021,2.5845,10.7069,1391,2078.57
396900,-3.1125,0.5818,10.2831,1400,2078.57
396905,0.3831,-0.018,11.965,1419,2078.57
396910,-0.6416,0.7219,11.5293,1405,2078.57
396915,-1.3096,2.6025,10.2149,1403,2078.57
396920,-0.2083,3.0215,10.4686,1391,2078.71
396925,-1.0594,2.2482,10.556,1400,2078.71
396930,-2.9401,0.3005,10.4208,1399,2078.71
396935,0.3986,0.1065,11.9542,1389,3954.65
396940,-1.1995,1.2354,11.2671,1396,3954.65
396945,-1.2198,2.7593,10.2735,1397,3954.65
396950,-0.2047,2.976,10.6195,1405,4383.72
396955,-1.6137,1.7262,10.4375,1403,4383.72
396960,-1.7765,0.0718,10.817,1407,4383.72
396965,0.3053,0.2035,11.8441,1396,4383.72
396970,-1.4557,1.7526,10.8421,1397,4383.72
396975,-0.929,2.8946,10.3094,1403,2079.43
396980,-0.2969,2.879,10.7248,1395,2079.43
396985,-2.1775,1.2713,10.3585,1397,2079.43
396990,-0.401,-0.0383,11.3749,1396,2079.43
396995,-0.0084,0.243,11.6203,1395,2079.43
397000,-1.4018,2.2278,10.4124,1401,2079.43
397005,-0.5231,2.9006,10.3394,1400,2079.87
397010,-0.4992,2.709,10.7105,1402,2079.87
397015,-2.9544,0.7063,10.2424,1401,2079.87
397020,0.3388,0.0012,11.8728,1395,2079.87
397025,-0.4872,0.498,11.5808,1391,2079.87
397030,-1.3396,2.6276,10.222,1397,2079.87
397035,-0.2394,2.9592,10.4244,1399,2079.58
397040,-0.8882,2.3882,10.5991,1395,2079.58
397045,-3.1891,0.3567,10.3106,1381,2079.58
397050,0.4884,0.2454,11.9339,1375,2079.58
397055,-1.0618,1.0259,11.412,1391,2079.58
397060,-1.2869,2.6205,10.1754,1396,2079.58
397065,-0.091,2.9149,10.5908,1395,2067.75
397070,-1.4521,1.8675,10.4603,1385,2067.75
397075,-2.4732,0.2155,10.6757,1395,2067.75
397080,0.5567,0.2873,11.8705,1375,2067.75
397085,-1.3192,1.4772,11.1558,1391,2067.75
397090,-1.2175,2.7438,10.3082,1399,2067.75
397095,-0.2322,2.9054,10.7248,1400,2023.88
397100,-1.8747,1.573,10.4267,1390,2023.88
397105,-1.8531,0.267,10.7859,1401,2023.88
397110,0.577,0.3484,11.8429,1387,2023.88
397115,-1.4449,1.6412,10.987,1394,2023.88
397120,-1.1097,2.7509,10.3226,1400,2023.88
397125,-0.2945,2.8371,10.7715,1401,1999.2
397130,-2.0087,1.5167,10.4124,1395,1999.2
397135,-1.7274,0.2502,10.8146,1399,1999.2
397140,0.6524,0.3926,11.8166,1387,3783.58
397145,-1.476,1.5957,10.9403,1389,7264.8
397150,-1.0738,2.7198,10.3406,1403,7264.8
397155,-0.2777,2.8216,10.7153,1405,7264.8
397160,-1.9956,1.5598,10.501,1391,7264.8
397165,-1.9632,0.2909,10.7368,1399,7264.8
397170,0.7051,0.4513,11.8525,1385,7264.8
397175,-1.4473,1.5335,11.0373,1403,7264.8
397180,-1.0546,2.7162,10.3142,1423,7264.8
397185,-0.2466,2.7593,10.6745,1397,1652.71
397190,-1.9597,1.6951,10.4806,1399,1652.71
397195,-2.2098,0.3124,10.6781,1395,1652.71
397200,0.7386,0.4046,11.8561,1387,1652.71
397205,-1.3659,1.4401,11.1127,1407,1652.71
397210,-1.1684,2.6779,10.2675,1397,1652.71
397215,-0.2155,2.8096,10.7631,1395,1982.23
397220,-1.7813,1.7741,10.4806,1397,1982.23
397225,-2.4672,0.3005,10.6003,1391,1982.23
397230,0.7973,0.3807,11.9004,1388,1982.23
397235,-1.245,1.2941,11.1989,1407,1982.23
397240,-1.2031,2.6468,10.2328,1397,1982.23
397245,-0.2274,2.818,10.7188,1399,1981.57
397250,-1.67,1.9142,10.483,1396,1981.57
397255,-2.6528,0.2861,10.5022,1395,1981.57
397260,0.8954,0.322,11.9076,1395,1981.57
397265,-1.148,1.1863,11.2719,1405,1981.57
397270,-1.1923,2.6169,10.2723,1397,1981.57
397275,-0.1724,2.806,10.6051,1401,1981.44
397280,-1.4796,1.9992,10.5237,1395,1981.44
397285,-2.891,0.2837,10.3872,1397,1981.44
397290,0.9194,0.3771,11.971,1399,1981.44
397295,-1.0319,1.0355,11.242,1400,1981.44
397300,-1.2258,2.6348,10.2735,1395,1981.44
397305,-0.1556,2.818,10.6135,1388,1981.57
397310,-1.3731,2.132,10.5465,1389,1981.57
397315,-3.0023,0.3508,10.3813,1399,1981.57
397320,0.9816,0.3232,11.9878,1398,1981.57
397325,-0.9481,0.917,11.3138,1391,1981.57
397330,-1.3012,2.6133,10.2232,1399,1981.57
397335,-0.1808,2.7976,10.5728,1399,1981.64
397340,-1.2558,2.2242,10.5153,1395,1981.64
397345,-3.1184,0.3962,10.3717,1401,1981.64
397350,1.0211,0.3472,11.9638,1391,1981.64
397355,-0.8188,0.8296,11.3437,1397,1981.64
397360,-1.2929,2.5558,10.1778,1399,1981.64
397365,-0.1891,2.8024,10.5321,1399,1981.05
397370,-1.1696,2.2817,10.6291,1400,1981.05
397375,-3.1005,0.4669,10.3465,1402,1981.05
397380,0.9912,0.3089,11.9519,1393,1981.05
397385,-0.68,0.7937,11.4682,1398,1981.05
397390,-1.3264,2.5211,10.1538,1399,1981.05
397395,-0.2406,2.7414,10.4998,1401,1981.11
397400,-1.0582,2.3619,10.6925,1401,1981.11
397405,-3.0634,0.5459,10.2843,1397,1981.11
397410,0.9194,0.2646,11.8908,1391,1981.11
397415,-0.5255,0.6919,11.4179,1395,1981.11
397420,-1.3779,2.478,10.2412,1401,1981.11
397425,-0.3124,2.7593,10.3765,1402,1980.85
397430,-0.9361,2.478,10.7404,1389,1980.85
397435,-2.9832,0.5986,10.2508,1398,5755.95
397440,0.7745,0.2945,11.8549,1387,5755.95
397445,-0.4022,0.6524,11.4694,1391,5755.95
397450,-1.3838,2.3942,10.2723,1400,5755.95
397455,-0.3938,2.7473,10.404,1405,3020.54
397460,-0.8332,2.5151,10.7512,1389,3020.54
397465,-2.8084,0.6404,10.2999,1397,3020.54
397470,0.6117,0.2358,11.6909,1395,3020.54
397475,-0.2274,0.6069,11.4694,1399,3020.54
397480,-1.4653,2.2996,10.2711,1405,3020.54
397485,-0.4549,2.7916,10.4291,1401,1981.44
397490,-0.6847,2.5845,10.732,1397,1981.44
397495,-2.6923,0.7889,10.319,1391,1981.44
397500,0.4238,0.2239,11.6406,1397,1981.44
397505,-0.091,0.4944,11.4395,1397,1981.44
397510,-1.4868,2.2158,10.3956,1405,1981.44
397515,-0.498,2.8204,10.4064,1403,1981.83
397520,-0.6285,2.6504,10.7536,1399,1981.83
397525,-2.6288,0.8763,10.3609,1395,1981.83
397530,0.2131,0.1975,11.5616,1401,1981.83
397535,0.0335,0.4812,11.4802,1401,3768.84
397540,-1.5263,2.162,10.4315,1397,3768.84
397545,-0.6141,2.806,10.3262,1403,4182.35
397550,-0.6381,2.6504,10.7943,1395,4182.35
397555,-2.5343,0.9661,10.4016,1390,4182.35
397560,-0.0622,0.2251,11.4718,1401,4182.35
397565,0.0886,0.4429,11.552,1395,4182.35
397570,-1.5359,2.1416,10.5465,1396,4182.35
397575,-0.6883,2.8012,10.313,1399,1982.88
397580,-0.6081,2.6923,10.8302,1391,1982.88
397585,-2.4265,1.0475,10.3717,1403,1982.88
397590,-0.4022,0.1951,11.3234,1405,1982.88
397595,0.2274,0.4381,11.5197,1388,1982.88
397600,-1.5275,2.0279,10.6303,1397,1982.88
397605,-0.7578,2.7557,10.3406,1397,1983.08
397610,-0.5195,2.7054,10.7955,1397,1983.08
397615,-2.302,1.136,10.4088,1401,1983.08
397620,-0.6584,0.2239,11.1905,1403,1983.08
397625,0.3112,0.3938,11.6681,1391,1983.08
397630,-1.5538,1.9561,10.6674,1397,1983.08
397635,-0.8763,2.7497,10.3944,1391,1983.08
397640,-0.5207,2.7581,10.799,1403,1982.95
397645,-2.2218,1.2893,10.4495,1402,1982.95
397650,-1.0139,0.1987,11.0026,1401,1982.95
397655,0.4537,0.4489,11.7412,1391,1982.95
397660,-1.5311,1.804,10.7404,1398,1982.95
397665,-0.9337,2.7294,10.3825,1399,1982.95
397670,-0.395,2.8144,10.8038,1402,1982.82
397675,-2.1356,1.3587,10.4351,1399,1982.82
397680,-1.3527,0.2179,10.9583,1401,1982.82
397685,0.5555,0.4262,11.7029,1385,1982.82
397690,-1.5407,1.7394,10.8469,1397,1982.82
397695,-1.0427,2.7461,10.3286,1405,1982.82
397700,-0.3304,2.8635,10.8122,1403,1982.29
397705,-2.0758,1.3982,10.4172,1389,1982.29
397710,-1.664,0.2239,10.8421,1401,1982.29
397715,0.6823,0.407,11.7495,1383,1982.29
397720,-1.488,1.6041,10.9702,1397,1982.29
397725,-1.0391,2.7114,10.331,1407,1982.29
397730,-0.261,2.8287,10.738,1405,1981.96
397735,-2.0159,1.5514,10.5321,1395,1981.96
397740,-1.9644,0.31,10.7416,1399,1981.96
397745,0.7506,0.4513,11.7663,1379,1981.96
397750,-1.403,1.5371,11.0229,1403,1981.96
397755,-1.1025,2.733,10.3298,1407,1981.96
397760,-0.2658,2.8371,10.671,1395,1981.57
397765,-1.9345,1.6843,10.5333,1395,1981.57
397770,-2.2901,0.316,10.6482,1392,1981.57
397775,0.7709,0.3663,11.9028,1387,3766.48
397780,-1.3156,1.403,11.1139,1403,3766.48
397785,-1.1468,2.7126,10.2987,1403,3766.48
397790,-0.2622,2.8084,10.7009,1399,4178.85
397795,-1.8124,1.8124,10.562,1391,4178.85
397800,-2.5391,0.3077,10.5261,1392,4178.85
397805,0.8272,0.3292,11.9207,1395,4178.85
397810,-1.2067,1.2737,11.2324,1403,4178.85
397815,-1.142,2.6624,10.3202,1399,4178.85
397820,-0.2298,2.8048,10.635,1398,1980.85
397825,-1.6592,1.986,10.4902,1387,1980.85
397830,-2.7641,0.3172,10.4387,1394,1980.85
397835,0.8416,0.3268,11.8896,1397,1980.85
397840,-1.0774,1.1636,11.2946,1401,1980.85
397845,-1.2306,2.6288,10.2041,1400,1980.85
397850,-0.2753,2.8084,10.653,1395,1980.66
397855,-1.5538,2.0423,10.5668,1391,1980.66
397860,-2.8994,0.34,10.3872,1401,1980.66
397865,0.8978,0.3112,11.9291,1397,1980.66
397870,-0.9325,1.0582,11.3018,1390,1980.66
397875,-1.2582,2.5594,10.2053,1401,1980.66
397880,-0.2011,2.806,10.5393,1397,1980.72
397885,-1.336,2.1416,10.6506,1392,1980.72
397890,-2.964,0.3675,10.3022,1401,1980.72
397895,0.929,0.3136,11.9542,1391,1980.72
397900,-0.8583,0.8691,11.3186,1397,1980.72
397905,-1.2881,2.5391,10.2364,1397,1980.72
397910,-0.1963,2.8036,10.5393,1397,1980.66
397915,-1.2653,2.2446,10.6338,1403,1980.66
397920,-3.0658,0.4513,10.2436,1399,1980.66
397925,0.9325,0.3208,11.9794,1391,1980.66
397930,-0.7207,0.8092,11.3677,1396,1980.66
397935,-1.3001,2.5738,10.2077,1391,1980.66
397940,-0.1616,2.7785,10.5129,1401,1980.79
397945,-1.0762,2.3571,10.6494,1403,1980.79
397950,-3.0287,0.5303,10.3046,1391,1980.79
397955,0.8847,0.3124,11.8872,1390,1980.79
397960,-0.5507,0.7075,11.3988,1391,1980.79
397965,-1.3228,2.5151,10.2197,1401,1980.79
397970,-0.2921,2.7414,10.4483,1401,1980.72
397975,-0.9828,2.4169,10.6434,1401,1980.72
397980,-2.9437,0.5686,10.3645,1397,1980.72
397985,0.7913,0.2717,11.8489,1397,1980.72
397990,-0.4274,0.6548,11.4168,1390,1980.72
397995,-1.33,2.4469,10.2376,1400,1980.72
398000,-0.3412,2.7461,10.4387,1404,1981.11
398005,-0.8847,2.4828,10.6566,1389,1981.11
398010,-2.8659,0.6572,10.307,1397,1981.11
398015,0.6871,0.261,11.8118,1392,1981.11
398020,-0.3172,0.5818,11.4539,1397,1981.11
398025,-1.3695,2.3774,10.3022,1404,1981.11
398030,-0.4693,2.7426,10.3717,1399,1980.98
398035,-0.8308,2.6025,10.7763,1396,1980.98
398040,-2.7833,0.7087,10.24,1397,1980.98
398045,0.5291,0.2418,11.6598,1399,1980.98
398050,-0.1748,0.5279,11.4347,1397,1980.98
398055,-1.4389,2.3367,10.4016,1404,1980.98
398060,-0.571,2.739,10.3848,1402,1980.72
398065,-0.6692,2.6396,10.8098,1397,1980.72
398070,-2.6348,0.7937,10.2879,1395,1980.72
398075,0.316,0.2514,11.6442,1404,1980.72
398080,-0.0311,0.4992,11.4527,1397,1980.72
398085,-1.494,2.211,10.4016,1391,1980.72
398090,-0.6393,2.7438,10.3585,1401,1980.66
398095,-0.589,2.6635,10.7871,1391,1980.66
398100,-2.5522,0.8835,10.3657,1399,1980.66
398105,0.0383,0.2346,11.4323,1403,1980.66
398110,0.7865,0.4142,11.88,1397,1980.66
398115,-1.4868,2.1117,10.4411,1395,1980.66
398120,-0.6764,2.7545,10.3609,1401,1980.66
398125,-0.5387,2.6935,10.7655,1387,1980.66
398130,-2.4624,1.0319,10.41,1401,1980.66
398135,-0.3065,0.2095,11.4227,1403,1980.66
398140,0.8559,0.3388,11.8776,1388,3764.35
398145,-1.5179,2.0327,10.568,1399,3764.35
398150,-0.7889,2.7797,10.3513,1396,3764.35
398155,-0.5124,2.6983,10.7847,1400,4181.18
398160,-2.3703,1.1408,10.41,1402,4181.18
398165,-0.65,0.237,11.2348,1401,4181.18
398170,0.3364,0.413,11.5891,1395,4181.18
398175,-1.5263,1.9549,10.6985,1397,4181.18
398180,-0.8643,2.7653,10.313,1397,4181.18
398185,-0.486,2.7282,10.8397,1400,1981.18
398190,-2.2841,1.2186,10.3717,1399,1981.18
398195,-0.99,0.2227,11.0947,1396,1981.18
398200,0.4585,0.3615,11.6191,1391,1981.18
398205,-1.5107,1.883,10.8098,1397,1981.18
398210,-0.9601,2.7438,10.3178,1404,1981.18
398215,-0.4764,2.7617,10.8996,1407,1981.24
398220,-2.1847,1.3886,10.4651,1397,1981.24
398225,-1.3731,0.2406,10.9415,1401,1981.24
398230,0.5614,0.4453,11.6993,1388,1981.24
398235,-1.4473,1.7549,10.8421,1396,1981.24
398240,-1.0355,2.7234,10.3334,1415,1981.24
398245,-0.4238,2.788,10.8158,1401,1981.38
398250,-2.0446,1.5347,10.4399,1396,1981.38
398255,-1.7274,0.2394,10.7679,1400,1981.38
398260,0.6871,0.4393,11.746,1388,1981.38
398265,-1.4114,1.5933,10.9439,1401,1981.38
398270,-1.0965,2.6803,10.3382,1405,1981.38
398275,-0.3328,2.7797,10.7583,1397,1981.38
398280,-1.9142,1.5862,10.507,1397,1981.38
398285,-2.0842,0.2442,10.7464,1397,5758.16
398290,0.7542,0.4597,11.7914,1388,5758.16
398295,-1.3791,1.4724,11.0397,1406,5758.16
398300,-1.1648,2.7066,10.2699,1406,5758.16
398305,-0.2729,2.8347,10.7727,1400,3020.54
398310,-1.8483,1.6975,10.4339,1391,3020.54
398315,-2.3906,0.2801,10.5979,1391,3020.54
398327,0.0,3.8427,16.9318,1401,3020.54
398330,-1.1971,2.6432,10.2807,1401,3020.54
398335,-0.255,2.8491,10.6961,1403,1981.18
398340,-1.7514,1.7968,10.4447,1390,1981.18
398345,-2.6073,0.3376,10.5357,1389,1981.18
398350,0.9182,0.3352,11.9064,1397,1981.18
398355,-1.2282,1.2354,11.1929,1407,1981.18
398360,-1.1863,2.6767,10.2568,1397,1981.18
398365,-0.1844,2.8096,10.6231,1399,1980.72
398370,-1.5921,2.0004,10.5536,1391,1980.72
398375,-2.8132,0.3567,10.4387,1389,1980.72
398380,0.8978,0.3184,11.9614,1397,1980.72
398385,-1.093,1.1624,11.303,1395,1980.72
398390,-1.2246,2.6707,10.2604,1399,1980.72
398395,-0.2454,2.7952,10.6195,1391,1980.59
398400,-1.5107,2.0937,10.641,1390,1980.59
398405,-2.9413,0.3472,10.3585,1398,1980.59
398410,0.9301,0.2957,11.9171,1397,1980.59
398415,-0.9301,1.0008,11.3641,1395,1980.59
398420,-1.2354,2.6228,10.246,1400,1980.59
398425,-0.2095,2.7713,10.5405,1399,1980.66
398430,-1.3156,2.1739,10.6051,1398,1980.66
398435,-3.0382,0.3855,10.3011,1401,1980.66
398440,0.9194,0.2646,11.892,1383,1980.66
398445,-0.7985,0.9194,11.3772,1395,1980.66
398450,-1.2629,2.5558,10.2149,1399,1980.66
398455,-0.237,2.7461,10.5524,1401,1980.52
398460,-1.1923,2.2637,10.6207,1403,1980.52
398465,-3.0179,0.4118,10.3453,1397,1980.52
398470,0.8799,0.2921,11.9471,1387,1980.52
398475,-0.65,0.8679,11.406,1397,1980.52
398480,-1.3144,2.4912,10.1526,1397,1980.52
398485,-0.2849,2.7821,10.4914,1401,1980.72
398490,-1.0594,2.3583,10.6566,1397,1980.72
398495,-3.0047,0.4705,10.3046,1391,1980.72
398500,0.8332,0.2993,11.8764,1392,1980.72
398505,-0.4908,0.7578,11.4203,1395,1980.72
398510,-1.3264,2.4529,10.2711,1405,1980.72
398515,-0.2921,2.7725,10.4591,1403,1981.05
398520,-0.9625,2.3918,10.6769,1396,1981.05
398525,-2.9664,0.5626,10.3034,1392,1981.05
398530,0.7434,0.3065,11.8561,1397,1981.05
398535,-0.3651,0.6464,11.3928,1396,1981.05
398540,-1.4269,2.4169,10.2747,1399,1981.05
398545,-0.3771,2.7845,10.3992,1403,1981.38
398550,-0.8691,2.484,10.6925,1391,1981.38
398555,-2.8467,0.6333,10.3477,1400,1981.38
398560,0.65,0.3124,11.7783,1397,1981.38
398565,-0.2646,0.5578,11.4503,1391,1981.38
398570,-1.4365,2.3427,10.2759,1403,1981.38
398575,-0.4226,2.7785,10.3334,1399,1981.44
398580,-0.8356,2.5139,10.7236,1397,1981.44
398585,-2.7342,0.7482,10.3585,1399,1981.44
398590,0.4513,0.231,11.6634,1397,1981.44
398595,-0.1317,0.5219,11.4718,1397,1981.44
398600,-1.4293,2.2889,10.3657,1403,1981.44
398605,-0.5124,2.745,10.4004,1405,1981.11
398610,-0.759,2.5929,10.7344,1397,1981.11
398615,-2.5702,0.8404,10.3932,1395,1981.11
398620,0.2777,0.2179,11.546,1407,1981.11
398625,-0.0012,0.5231,11.5341,1395,1981.11
398630,-1.494,2.2254,10.3896,1387,1981.11
398635,-0.6333,2.7581,10.3382,1405,1980.92
398640,-0.6943,2.6947,10.8062,1390,1980.92
398645,-2.5067,0.8978,10.3645,1397,1980.92
398650,-0.0371,0.2334,11.4347,1407,1980.92
398655,0.1329,0.4776,11.5377,1391,1980.92
398660,-1.4988,2.1021,10.4866,1391,1980.92
398665,-0.741,2.6935,10.3705,1403,1980.72
398670,-0.5686,2.7629,10.8278,1399,1980.72
398675,-2.4493,0.984,10.3765,1400,1980.72
398680,-0.3208,0.2514,11.3749,1407,1980.72
398685,0.2538,0.4609,11.5927,1387,1980.72
398690,-1.5359,1.9848,10.586,1401,1980.72
398695,-0.808,2.7234,10.3633,1397,1980.72
398700,-0.4872,2.7892,10.8062,1403,1980.33
398705,-2.3834,1.1145,10.3813,1401,1980.33
398710,-0.668,0.2227,11.1941,1401,1980.33
398715,0.3903,0.4441,11.6262,1391,1980.33
398720,-1.5766,1.8854,10.6207,1399,1980.33
398725,-0.8583,2.7138,10.325,1392,1980.33
398730,-0.4118,2.7821,10.7428,1407,1980.2
398735,-2.2877,1.2462,10.5058,1399,1980.2
398740,-1.0726,0.243,11.0313,1403,1980.2
398752,1.9968,1.9297,46.8354,1403,1980.2
398755,-0.9756,2.7617,10.3789,1389,1980.2
398760,-0.3555,2.7916,10.7835,1405,1980.46
398765,-2.1608,1.3671,10.4196,1391,1980.46
398770,-1.4353,0.2574,10.8876,1399,1980.46
398775,0.5986,0.4645,11.7005,1387,1980.46
398780,-1.4856,1.7262,10.896,1395,1980.46
398785,-1.0211,2.733,10.3322,1404,1980.46
398790,-0.3615,2.7952,10.7919,1403,1980.07
398795,-2.077,1.5335,10.4651,1395,1980.07
398800,-1.804,0.2693,10.7619,1399,1980.07
398805,0.6297,0.4322,11.7483,1385,1980.07
398810,-1.4521,1.5862,11.0265,1401,1980.07
398815,-1.0942,2.6468,10.2627,1404,1980.07
398820,-0.334,2.8072,10.7619,1391,1979.94
398825,-1.9417,1.6723,10.4818,1396,1979.94
398830,-2.1763,0.2945,10.671,1395,1979.94
398835,0.7709,0.4274,11.7771,1389,1979.94
398840,-1.3611,1.4521,11.0708,1406,1979.94
398845,-1.148,2.6432,10.2987,1403,1979.94
398850,-0.2945,2.8,10.7392,1396,1979.87
398855,-1.7693,1.8028,10.4986,1397,1979.87
398860,-2.4972,0.3041,10.5237,1389,1979.87
398865,0.8559,0.4082,11.9028,1391,1979.87
398870,-1.2414,1.306,11.2085,1403,1979.87
398875,-1.1947,2.6408,10.2855,1398,1979.87
398880,-0.2502,2.7569,10.6781,1395,1979.94
398885,-1.6328,1.9249,10.5129,1389,1979.94
398890,-2.7653,0.2813,10.4591,1390,1979.94
398895,0.9469,0.4226,11.9159,1399,1979.94
398900,-1.1396,1.1648,11.2252,1399,1979.94
398905,-1.1875,2.6133,10.2604,1395,1979.94
398910,-0.1927,2.7904,10.6195,1397,1979.81
398915,-1.5012,2.0171,10.5046,1391,1979.81
398920,-2.9257,0.3579,10.4148,1397,1979.81
398925,0.972,0.395,11.9507,1391,1979.81
398930,-1.0187,1.0104,11.3234,1392,1979.81
398935,-1.2737,2.5893,10.2208,1395,1979.81
398940,-0.1568,2.8599,10.5584,1395,1979.81
398945,-1.3659,2.1081,10.5165,1389,1979.81
398950,-3.0203,0.3915,10.3298,1401,1979.81
398955,0.9888,0.3496,11.9279,1391,1979.81
398960,-0.8835,0.923,11.4024,1390,1979.81
398965,-1.2534,2.5953,10.2352,1396,1979.81
398970,-0.2107,2.8048,10.5141,1397,1979.87
398975,-1.2079,2.2541,10.6231,1399,1979.87
398980,-3.0849,0.4214,10.2903,1397,1979.87
398985,0.9601,0.2957,11.9339,1389,1979.87
398990,-0.7386,0.8392,11.3737,1391,1979.87
398995,-1.2881,2.5606,10.2029,1395,1979.87
399000,-0.2634,2.7653,10.5141,1397,1979.94
399005,-1.1013,2.3475,10.6398,1399,1979.94
399010,-3.037,0.4513,10.2197,1391,1979.94
399015,0.8799,0.3089,11.9207,1387,1979.94
399020,-0.589,0.7254,11.406,1385,1979.94
399025,-1.3372,2.5031,10.2232,1397,1979.94
399030,-0.3591,2.733,10.4651,1400,1980.13
399035,-0.9744,2.4181,10.6985,1391,1980.13
399040,-3.0382,0.5136,10.2448,1395,1980.13
399045,0.7865,0.2693,11.8681,1389,1980.13
399050,-0.4022,0.6584,11.4395,1385,1980.13
399055,-1.3779,2.4157,10.2149,1399,1980.13
399060,-0.3903,2.7414,10.416,1401,1980.39
399065,-0.8104,2.5295,10.7452,1387,1980.39
399070,-2.8934,0.6141,10.3166,1396,1980.39
399075,0.6692,0.2693,11.8154,1391,1980.39
399080,-0.2741,0.6393,11.4443,1391,1980.39
399085,-1.4042,2.3463,10.2711,1401,1980.39
399090,-0.4034,2.7629,10.4435,1414,1980.39
399095,-0.7051,2.5091,10.7536,1391,1980.39
399100,-2.7869,0.7386,10.2915,1399,1980.39
399105,0.4896,0.237,11.728,1396,1980.39
399110,-0.1089,0.5722,11.485,1394,1980.39
399115,-1.421,2.2649,10.313,1399,1980.39
399120,-0.4657,2.7246,10.3657,1397,1980.13
399125,-0.6967,2.5809,10.7943,1391,1980.13
399130,-2.654,0.8164,10.3082,1384,1980.13
399135,0.2873,0.255,11.6131,1400,1980.13
399140,0.7482,0.3759,11.825,1395,3766.71
399145,-1.482,2.1811,10.3741,1389,3766.71
399150,-0.6057,2.7653,10.3441,1403,4177.11
399155,-0.6357,2.6588,10.8649,1388,4177.11
399160,-2.5702,0.9313,10.3418,1391,4177.11
399165,0.0036,0.2191,11.4802,1402,4177.11
399170,0.1077,0.4322,11.4586,1389,4177.11
399175,-1.5191,2.1428,10.4698,1387,4177.11
399180,-0.6416,2.7833,10.343,1397,1980.72
399185,-0.6333,2.6803,10.8517,1388,1980.72
399190,-2.4421,1.0786,10.3789,1397,1980.72
399195,-0.31,0.2406,11.3449,1403,1980.72
399200,0.2358,0.4585,11.5401,1386,1980.72
399205,-1.5083,2.0435,10.5441,1392,1980.72
399210,-0.7841,2.7749,10.4327,1391,1980.72
399215,-0.5782,2.6851,10.8206,1399,1980.59
399220,-2.3595,1.154,10.3968,1399,1980.59
399225,-0.6656,0.1915,11.1594,1399,1980.59
399230,0.3531,0.48,11.6502,1391,1980.59
399235,-1.5275,1.9429,10.6853,1398,1980.59
399240,-0.9002,2.7557,10.3214,1391,1980.59
399245,-0.4465,2.721,10.8374,1399,1980.79
399250,-2.2338,1.2498,10.4172,1397,1980.79
399255,-1.0762,0.231,11.0852,1391,1980.79
399260,0.5279,0.5076,11.6442,1389,1980.79
399265,-1.5383,1.8076,10.811,1392,1980.79
399270,-0.9673,2.7007,10.3154,1397,1980.79
399275,-0.4034,2.7964,10.8984,1402,1980.79
399280,-2.1668,1.3228,10.4375,1395,1980.79
399285,-1.4365,0.2861,11.0002,1399,1980.79
399290,0.6381,0.4633,11.7196,1383,1980.79
399295,-1.4904,1.7047,10.8948,1391,1980.79
399300,-1.0415,2.7066,10.307,1405,1980.79
399305,-0.3268,2.8108,10.7907,1401,1980.33
399310,-2.0722,1.4413,10.4639,1395,1980.33
399315,-1.7837,0.2933,10.811,1391,5756.5
399320,0.7015,0.4381,11.795,1384,5756.5
399325,-1.4856,1.6017,10.9619,1401,5756.5
399330,-1.1037,2.6959,10.3298,1403,5756.5
399335,-0.2789,2.8228,10.6937,1391,3018.87
399340,-1.9453,1.5897,10.4734,1392,3018.87
399345,-2.9293,0.3591,10.3549,1391,5752.64
399350,0.7889,0.4393,11.8238,1387,5752.64
399355,-1.4018,1.4497,11.0911,1405,5752.64
399360,-1.1313,2.7019,10.3274,1401,5752.64
399365,-0.267,2.8252,10.6877,1397,3020.69
399370,-1.8459,1.7585,10.5261,1391,3020.69
399375,-2.4481,0.2993,10.5536,1389,3020.69
399380,0.8715,0.407,11.8764,1390,3020.69
399385,-1.3096,1.2857,11.1271,1401,3020.69
399390,-1.1732,2.7019,10.2592,1389,3020.69
399395,-0.2155,2.8264,10.6925,1397,1981.38
399400,-1.7095,1.8411,10.5512,1383,1981.38
399405,-2.6851,0.322,10.4303,1395,1981.38
399410,0.8906,0.3819,11.8645,1397,1981.38
399415,-1.1732,1.2306,11.2671,1397,1981.38
399420,-1.2007,2.5953,10.1801,1396,1981.38
399425,-0.2047,2.806,10.6769,1395,1981.51
399430,-1.5514,2.0159,10.5453,1389,1981.51
399442,0.0,-28.7723,0.1556,1396,1981.51
399445,-1.0271,1.1504,11.3102,1397,1981.51
399450,-1.2043,2.6097,10.2484,1399,1981.51
399455,-0.2227,2.8264,10.568,1391,1981.05
399460,-1.4162,2.071,10.586,1394,1981.05
399465,-2.4529,-0.0012,-0.0012,1399,5757.6
399470,0.9134,0.3508,12.0081,1392,5757.6
399475,-0.9182,0.9888,11.3222,1391,5757.6
399480,-1.3024,2.545,10.234,1401,5757.6
399485,-0.2119,2.7725,10.5213,1391,3020.39
399490,-1.2857,2.1512,10.5812,1395,3020.39
399495,-3.0083,0.3831,10.2663,1403,3020.39
399500,0.9397,0.3663,11.977,1387,3020.39
399505,-0.8045,0.899,11.333,1397,3020.39
399510,-1.2953,2.5283,10.2065,1398,3020.39
399515,-0.2215,2.7952,10.4974,1397,1981.38
399520,-1.1648,2.2721,10.6003,1395,1981.38
399525,-3.043,0.4405,10.3058,1397,1981.38
399530,0.9517,0.3376,11.9183,1391,1981.38
399535,-0.6859,0.7578,11.3844,1395,1981.38
399540,-1.3324,2.5199,10.1933,1401,1981.38
399545,-0.2239,2.8096,10.501,1401,1981.44
399550,-1.0726,2.3619,10.6398,1399,1981.44
399555,-2.9628,0.5171,10.3202,1395,1981.44
399560,0.7961,0.3029,11.892,1395,1981.44
399565,-0.5507,0.68,11.4598,1390,1981.44
399570,-1.3551,2.4373,10.2244,1398,1981.44
399575,-0.2981,2.7821,10.4471,1400,1981.31
399580,-1.0032,2.4038,10.6626,1389,1981.31
399585,-2.9221,0.5914,10.313,1391,1981.31
399590,0.7865,0.2705,11.813,1394,1981.31
399595,-0.3962,0.6464,11.4,1389,1981.31
399600,-1.3695,2.4062,10.2352,1397,1981.31
399605,-0.3759,2.794,10.4447,1404,1981.24
399610,-0.8571,2.5259,10.726,1391,1981.24
399615,-2.8599,0.6716,10.3046,1398,1981.24
399620,0.595,0.2717,11.807,1395,1981.24
399625,-0.2885,0.5914,11.4383,1397,1981.24
399630,-1.4042,2.3272,10.2544,1405,1981.24
399635,-0.5255,2.6923,10.3753,1397,1980.79
399640,-0.7242,2.5618,10.8242,1395,1980.79
399645,-2.6971,0.6943,10.3298,1386,1980.79
399650,0.4705,0.2586,11.6849,1396,1980.79
399655,-0.1149,0.5171,11.4754,1395,1980.79
399660,-1.4485,2.2565,10.3489,1399,1980.79
399665,-0.6069,2.715,10.4196,1403,1981.51
399670,-0.6381,2.6133,10.7763,1397,1981.51
399675,-2.6755,0.8284,10.3621,1391,1981.51
399680,0.2071,0.2705,11.5556,1405,1981.51
399685,0.0371,0.5435,11.5257,1399,1981.51
399690,-1.4952,2.1464,10.416,1390,1981.51
399695,-0.6632,2.7378,10.4136,1404,1981.05
399700,-0.6021,2.6252,10.732,1395,1981.05
399705,-2.5319,0.8882,10.3741,1401,1981.05
399710,-0.0718,0.243,11.4048,1404,1981.05
399715,0.8045,0.4226,11.8956,1391,1981.05
399720,-1.5311,2.065,10.4567,1397,1981.05
399725,-0.7362,2.7641,10.337,1403,1981.9
399730,-0.4812,2.6971,10.8326,1390,1981.9
399735,-2.4349,0.9888,10.3585,1399,1981.9
399740,-0.3364,0.2777,11.3162,1405,1981.9
399745,0.2622,0.504,11.576,1387,1981.9
399750,-1.4952,2.0183,10.6231,1395,1981.9
399755,-0.8284,2.7677,10.4136,1397,1981.9
399760,-0.4513,2.7438,10.8493,1401,1981.38
399765,-2.381,1.1049,10.3418,1399,1981.38
399770,-0.668,0.2526,11.1845,1399,5753.19
399775,0.3831,0.413,11.5712,1393,5753.19
399780,-1.5359,1.9285,10.6566,1395,5753.19
399785,-0.8882,2.7366,10.3286,1395,5753.19
399790,-0.48,2.7354,10.8793,1399,3022.06
399795,-2.2601,1.2246,10.4399,1382,3022.06
399800,-1.0391,0.2861,11.1019,1400,3022.06
399805,0.4788,0.4537,11.7064,1389,3022.06
399810,-1.506,1.8567,10.7667,1391,3022.06
399815,-0.9768,2.727,10.3166,1405,3022.06
399820,-0.4226,2.7414,10.8182,1405,1981.31
399825,-2.1296,1.3659,10.4495,1395,1981.31
399830,-1.409,0.2263,10.8936,1400,1981.31
399835,0.5758,0.4764,11.7807,1386,1981.31
399840,-1.4856,1.7538,10.7978,1385,1981.31
399845,-1.063,2.7521,10.3693,1405,1981.31
399850,-0.3711,2.7162,10.8254,1403,1981.05
399855,-2.0279,1.4832,10.489,1397,1981.05
399860,-1.8196,0.2059,10.8122,1399,5747.13
399865,0.7135,0.48,11.7555,1385,5747.13
399870,-1.4688,1.561,10.9379,1403,5747.13
399875,-1.0989,2.7186,10.3011,1405,5747.13
399880,-0.3376,2.8228,10.8062,1394,3021.15
399885,-1.9369,1.573,10.4639,1397,3021.15
399890,-2.156,0.249,10.6973,1397,3021.15
399895,0.7745,0.4417,11.789,1389,3021.15
399900,-1.3539,1.4605,11.0923,1405,3021.15
399905,-1.1779,2.648,10.313,1399,3021.15
399910,-0.2741,2.8299,10.7715,1397,1979.94
399915,-1.8016,1.7142,10.4686,1391,1979.94
399920,-2.4277,0.2945,10.5644,1390,1979.94
399925,0.8751,0.4214,11.8621,1395,1979.94
399930,-1.2761,1.3611,11.1247,1404,1979.94
399935,-1.1983,2.6516,10.3082,1397,1979.94
399940,-0.2358,2.8252,10.7117,1396,1980.0
399945,-1.6927,1.8423,10.5381,1389,1980.0
399950,-2.7043,0.3244,10.483,1395,1980.0
399955,0.9002,0.4022,11.9147,1397,1980.0
399960,-1.1648,1.172,11.2085,1397,1980.0
399965,-1.2594,2.6815,10.2867,1396,1980.0
399970,-0.2574,2.7952,10.5812,1395,1979.54
399975,-1.567,1.9549,10.6159,1389,1979.54
399980,-2.9377,0.3412,10.4052,1399,1979.54
399985,0.9481,0.4082,11.965,1396,1979.54
399990,-1.0558,1.0822,11.2659,1391,1979.54
399995,-1.2737,2.6324,10.252,1399,1979.54
400000,-0.2418,2.7725,10.5848,1397,1979.09
400005,-1.3599,2.1416,10.5979,1397,1979.09
400010,-3.0215,0.3771,10.3561,1401,1979.09
400015,0.9876,0.4034,11.9973,1389,1979.09
400020,-0.9038,0.9697,11.3796,1396,1979.09
400025,-1.318,2.6049,10.2065,1397,1979.09
400030,-0.2131,2.7964,10.5477,1399,1979.15
400035,-1.251,2.2075,10.5943,1401,1979.15
400040,-3.0933,0.3855,10.3693,1399,1979.15
400045,0.9433,0.3268,11.9734,1387,1979.15
400050,-0.6991,0.9194,11.4311,1395,1979.15
400055,-1.2821,2.5534,10.1861,1395,1979.15
400060,-0.2406,2.7617,10.5022,1399,1979.09
400065,-1.1037,2.235,10.635,1399,1979.09
400070,-3.0598,0.4238,10.2783,1395,1979.09
400075,0.8727,0.2945,11.9578,1391,1979.09
400080,-0.5662,0.8248,11.388,1391,1979.09
400085,-1.3372,2.4684,10.2723,1399,1979.09
400090,-0.3184,2.7414,10.4651,1403,1978.96
400095,-0.978,2.3774,10.6817,1396,1978.96
400100,-2.9269,0.5195,10.2149,1397,1978.96
400105,0.7937,0.2801,11.8764,1391,1978.96
400110,-0.4274,0.6608,11.4036,1395,1978.96
400115,-1.3623,2.4277,10.2819,1415,1978.96
400120,-0.395,2.7701,10.4327,1402,1979.15
400125,-0.929,2.4672,10.7512,1391,1979.15
400130,-2.8395,0.6081,10.2568,1399,1979.15
400135,0.6656,0.3328,11.7555,1395,1979.15
400140,-0.2993,0.5914,11.4036,1399,1979.15
400145,-1.3827,2.3798,10.2843,1401,1979.15
400150,-0.4585,2.7701,10.4052,1401,1979.15
400155,-0.8056,2.557,10.7667,1397,1979.15
400160,-2.7473,0.7697,10.3058,1391,1979.15
400165,0.4741,0.3029,11.6502,1407,1979.15
400170,-0.1413,0.565,11.467,1396,1979.15
400175,-1.4234,2.2637,10.3394,1397,1979.15
400180,-0.5375,2.7701,10.3968,1401,1979.22
400185,-0.735,2.5642,10.7978,1397,1979.22
400190,-2.6121,0.8535,10.3226,1391,1979.22
400195,0.2011,0.2753,11.57,1405,1979.22
400200,-0.0204,0.4836,11.57,1392,1979.22
400205,-1.4712,2.1967,10.4184,1391,1979.22
400210,-0.65,2.7426,10.3657,1405,1979.68
400215,-0.6704,2.6228,10.8362,1396,1979.68
400220,-2.5199,0.9505,10.3741,1397,1979.68
400225,-0.1041,0.261,11.4694,1405,1979.68
400230,0.1472,0.5016,11.5472,1387,1979.68
400235,-1.506,2.0865,10.5309,1397,1979.68
400240,-0.7434,2.7174,10.3394,1397,1979.68
400245,-0.589,2.7043,10.8649,1396,1979.61
400250,-2.3834,1.0199,10.3334,1405,1979.61
400255,-0.4429,0.2239,11.3282,1399,1979.61
400260,0.3089,0.4824,11.5556,1395,1979.61
400265,-1.5155,1.9812,10.6063,1395,1979.61
400270,-0.8547,2.6492,10.319,1397,1979.61
400275,-0.4752,2.7773,10.8613,1403,1979.74
400280,-2.2913,1.1169,10.3705,1401,1979.74
400285,-0.8236,0.2263,11.1558,1399,1979.74
400290,0.4417,0.492,11.6454,1396,1979.74
400295,-1.5071,1.9106,10.7033,1399,1979.74
400300,-0.9278,2.6971,10.3908,1405,1979.74
400305,-0.395,2.7964,10.811,1404,1979.87
400310,-2.2362,1.2665,10.3884,1395,1979.87
400315,-2.4277,0.3232,10.5644,1401,1979.87
400320,0.5567,0.5447,11.661,1387,1979.87
400325,-1.5455,1.7945,10.7847,1397,1979.87
400330,-1.0163,2.745,10.3094,1407,1979.87
400335,-0.3484,2.7988,10.7931,1399,1979.74
400340,-2.1261,1.3683,10.4591,1397,1979.74
400345,-2.6695,0.3124,10.4591,1395,5748.23
400350,0.905,0.3986,11.8896,1388,5748.23
400355,-1.476,1.6352,10.9607,1400,5748.23
400360,-1.0618,2.6875,10.2999,1398,5748.23
400365,-0.2885,2.7904,10.7787,1391,3020.84
400370,-2.0363,1.5083,10.4746,1401,3020.84
400375,-1.8962,0.3148,10.7811,1395,3020.84
400380,0.7362,0.4501,11.7041,1385,3020.84
400385,-1.4341,1.6125,11.0672,1403,3020.84
400390,-1.1408,2.6576,10.2843,1397,3020.84
400395,-0.2729,2.7964,10.7978,1401,1979.81
400400,-1.8783,1.6257,10.4531,1397,1979.81
400405,-2.2924,0.3711,10.6135,1395,1979.81
400410,0.7805,0.4094,11.8214,1399,1979.81
400415,-1.324,1.4473,11.1163,1401,1979.81
400420,-1.1887,2.636,10.2328,1398,1979.81
400425,-0.2562,2.7509,10.7344,1398,1979.74
400430,-1.8004,1.81,10.5058,1391,1979.74
400435,-2.5786,0.322,10.5141,1389,1979.74
400440,0.8392,0.4058,11.8932,1395,1979.74
400445,-1.233,1.3192,11.2049,1399,1979.74
400450,-1.1612,2.6432,10.2807,1397,1979.74
400455,-0.1927,2.7509,10.7033,1397,1979.87
400460,-1.5969,1.9357,10.5536,1397,1979.87
400465,-2.8216,0.3089,10.489,1398,1979.87
400470,0.9026,0.3807,11.959,1398,1979.87
400475,-1.1025,1.1612,11.218,1389,1979.87
400480,-1.2198,2.6528,10.2639,1397,1979.87
400485,-0.2191,2.7833,10.6243,1389,1979.54
400490,-1.4509,2.0267,10.5285,1391,1979.54
400495,-2.9676,0.3519,10.3633,1401,1979.54
400500,0.9697,0.4274,11.8968,1389,1979.54
400505,-0.99,1.0223,11.3413,1397,1979.54
400510,-1.2366,2.6037,10.1993,1407,1979.54
400515,-0.1676,2.7054,10.6494,1415,1980.66
400520,-1.3862,2.0925,10.5357,1419,1980.66
400525,-2.9437,0.5219,10.3453,1416,1980.66
400530,0.9313,0.3938,11.9219,1403,1980.66
400535,-0.9493,0.8966,11.3617,1405,1980.66
400540,-1.2605,2.5678,10.2149,1405,1980.66
400545,-0.0814,2.873,10.6338,1404,2016.13
400550,-1.2198,2.1691,10.58,1399,2016.13
400555,-3.1939,0.3053,10.4004,1403,2016.13
400560,0.7889,0.2454,11.9088,1391,2016.13
400565,-1.1636,1.0008,11.2707,1406,2016.13
400570,-1.2737,2.6695,10.1622,1403,2016.13
400575,0.0024,2.9341,10.6829,1403,2050.86
400580,-1.3838,1.9704,10.5369,1397,2050.86
400585,-2.7785,0.1867,10.5896,1395,2050.86
400590,0.6201,0.2466,11.8321,1389,2050.86
400595,-1.324,1.3934,11.1031,1405,2050.86
400600,-1.1768,2.7677,10.2412,1419,2050.86
400605,-0.0706,2.8826,10.7739,1427,2066.26
400610,-1.7741,1.4928,10.4579,1419,2066.26
400615,-1.4736,0.158,10.89,1417,2066.26
400620,0.3496,0.267,11.7076,1401,2066.26
400625,-1.5969,1.8806,10.635,1401,2066.26
400630,-0.747,2.8515,10.3011,1416,2104.08
400635,-0.1389,2.958,10.7943,1401,2104.08
400640,-2.6312,1.0259,10.3046,1400,2104.08
400645,-0.067,-0.1437,11.6717,1401,2104.08
400650,-0.2406,0.3879,11.6298,1401,2104.08
400655,-1.3587,2.545,10.24,1407,2104.08
400660,-0.2705,3.0478,10.3633,1397,2143.39
400665,-0.6189,2.5259,10.7021,1399,2143.39
400670,-3.2298,0.3029,10.392,1397,2143.39
400675,0.1305,-0.0204,11.9542,1389,2143.39
400680,-1.1887,1.172,11.2851,1397,2143.39
400685,-1.1217,2.8683,10.1634,1397,2143.39
400690,0.0431,3.1173,10.6841,1395,2161.15
400695,-1.6676,1.5143,10.4004,1399,2161.15
400700,-0.9505,-0.1173,11.2827,1397,2161.15
400705,-0.1173,0.2251,11.6598,1395,2161.15
400710,-1.2761,2.2865,10.3765,1399,2161.15
400715,-0.504,3.0394,10.3453,1400,2169.04
400720,-0.4142,2.7019,10.7009,1407,2169.04
400725,-3.2382,0.2693,10.2951,1405,2169.04
400730,0.0347,-0.0048,11.8609,1401,2169.04
400735,-1.1229,1.136,11.4,1413,2169.04
400740,-1.0798,2.8563,10.1658,1405,2169.04
400745,0.0108,3.1568,10.5512,1405,2193.22
400750,-1.5048,1.6089,10.4028,1407,2193.22
400755,-1.0439,-0.182,11.2839,1401,2193.22
400760,-0.3424,0.1448,11.6957,1401,2193.22
400765,-1.2198,2.4289,10.3286,1403,2193.22
400770,-0.3065,3.2178,10.4363,1401,2235.3
400775,-0.3771,2.6025,10.671,1399,2235.3
400780,-2.9556,0.1269,10.4986,1402,2235.3
400785,-0.4118,-0.1975,11.8309,1397,2235.3
400790,-1.3324,1.5718,10.9319,1407,2235.3
400795,-0.6871,2.9509,10.2939,1403,2256.4
400800,0.0611,3.0382,10.7057,1403,2256.4
400805,-2.7581,0.8248,10.3286,1395,2256.4
400810,-0.5124,-0.322,11.7639,1389,2256.4
400815,-1.0523,0.7673,11.4766,1397,2256.4
400820,-0.8571,2.7605,10.088,1399,2256.4
400825,0.0958,3.3363,10.732,1399,2266.55
400830,-1.3731,1.6616,10.4267,1398,2266.55
400835,-1.0702,-0.2622,11.3114,1395,2266.55
400840,-0.5986,0.1269,11.6669,1391,2266.55
400845,-1.0499,2.5367,10.2041,1398,2266.55
400850,-0.097,3.3279,10.5357,1405,2271.26
400855,-0.486,2.3331,10.5716,1404,2271.26
400860,-2.4828,-0.012,10.6985,1407,2271.26
400865,-0.492,-0.3484,11.819,1401,2271.26
400870,-1.2785,1.9237,10.574,1401,2271.26
400875,-0.486,3.0023,10.3561,1399,2273.42
400880,-0.0479,2.9078,10.7835,1397,2273.42
400885,-3.2394,0.48,10.3262,1399,2273.42
400890,-0.486,-0.2442,11.9004,1395,2273.42
400895,-1.2809,1.0546,11.1318,1398,2273.42
400900,-0.7266,2.8012,10.1011,1397,2274.8
400905,0.2322,3.2681,10.7679,1395,2274.8
400910,-2.162,1.1887,10.3238,1402,2274.8
400915,-0.6536,-0.4381,11.6035,1396,2274.8
400920,-0.899,0.4226,11.5305,1413,2274.8
400925,-0.8918,2.7342,10.0676,1405,2274.8
400930,0.1448,3.4309,10.5955,1395,2275.4
400935,-0.9481,1.9585,10.5548,1395,2275.4
400940,-1.5538,-0.2693,11.048,1391,2275.4
400945,-0.5303,0.0718,11.7196,1396,2275.4
400950,-1.1049,2.3355,10.2819,1396,2275.4
400955,-0.2382,3.231,10.4806,1398,2275.4
400960,-0.3579,2.5678,10.7943,1391,2275.4
400965,-2.4157,1.0774,10.3022,1401,2275.4
400970,-0.4896,-0.1832,11.7998,1397,2275.4
400975,-1.3695,1.6161,10.7607,1405,2275.4
400980,-0.6045,2.8958,10.2939,1395,2275.66
400985,0.1233,3.0694,10.7404,1389,2275.66
400990,-2.988,0.6919,10.2855,1391,2275.66
400995,-0.565,-0.3436,11.7986,1386,2275.66
401000,-1.1827,0.8619,11.3485,1397,2275.66
401005,-0.7578,2.8012,10.1059,1399,2275.92
401010,0.249,3.3579,10.7512,1395,2275.92
401015,-1.7358,1.4377,10.3118,1397,2275.92
401020,-0.8715,-0.3771,11.5377,1392,2275.92
401025,-0.7254,0.2682,11.6203,1403,2275.92
401030,-0.9038,2.6061,10.1107,1404,2275.92
401035,0.0204,3.3387,10.6207,1403,2276.0
401040,-0.7494,2.2015,10.6195,1403,2276.0
401045,-2.0602,-0.1041,10.9379,1397,2276.0
401050,-0.4824,-0.0503,11.7448,1390,2276.0
401055,-1.2402,2.1715,10.4447,1397,2276.0
401060,-0.3268,3.1759,10.4148,1399,2276.0
401065,-0.146,2.7318,10.7751,1401,2276.0
401070,-3.1352,0.2442,10.4076,1401,2276.0
401075,-0.498,-0.2741,11.8872,1389,2276.0
401080,-1.3324,1.3767,10.9439,1399,2276.0
401085,-0.6225,2.9365,10.2508,1407,2276.18
401090,0.1233,3.1484,10.7033,1402,2276.18
401095,-2.6432,0.9361,10.3872,1399,2276.18
401100,-0.5686,-0.3208,11.7699,1397,2276.18
401105,-1.0906,0.6033,11.4586,1395,2276.18
401110,-0.8452,2.7318,10.0688,1399,2276.18
401115,0.182,3.3794,10.6913,1397,2276.18
401120,-1.3012,1.6975,10.4256,1403,2276.18
401125,-1.1444,-0.2574,11.3342,1391,2276.18
401130,-0.6177,0.1101,11.6681,1391,2276.18
401135,-1.0594,2.5606,10.1574,1399,2276.18
401140,-0.0551,3.3579,10.5273,1401,2276.26
401145,-0.4525,2.3571,10.6219,1401,2276.26
401150,-2.4553,-0.0215,10.72,1405,6612.3
401155,-0.5351,-0.0706,11.7843,1397,6612.3
401160,-1.2797,1.962,10.5333,1391,6612.3
401165,-0.4657,3.0215,10.3585,1398,3469.81
401170,-0.0371,2.8898,10.756,1389,3469.81
401175,-3.2417,0.4944,10.4028,1399,3469.81
401180,-0.5303,-0.2274,11.91,1389,3469.81
401185,-1.3024,1.1313,11.1354,1399,3469.81
401190,-0.7685,2.818,10.1311,1395,2274.97
401195,0.2574,3.3255,10.7404,1397,2274.97
401200,-2.2386,1.1863,10.3286,1403,6604.29
401205,-0.6656,-0.4441,11.6717,1397,6604.29
401210,-0.9349,0.4154,11.5245,1401,6604.29
401215,-0.8811,2.7773,10.1335,1405,6604.29
401220,0.1413,3.4237,10.568,1395,3468.41
401225,-0.9852,1.9704,10.5189,1392,3468.41
401230,-1.506,-0.2334,11.0433,1391,3468.41
401235,-0.5291,0.0934,11.7041,1397,3468.41
401240,-1.1049,2.3535,10.2472,1395,3468.41
401245,-0.2693,3.2214,10.4806,1399,2273.76
401250,-0.3675,2.5367,10.7153,1397,2273.76
401255,-2.9449,0.1939,10.6111,1401,2273.76
401260,-0.4932,-0.1568,11.8178,1397,2273.76
401265,-1.3635,1.6568,10.7715,1407,2273.76
401270,-0.565,2.9736,10.3058,1397,2273.67
401275,0.1161,3.073,10.7763,1394,2273.67
401280,-2.9928,0.7075,10.2568,1396,2273.67
401285,-0.5818,-0.3519,11.8274,1387,2273.67
401290,-1.1971,0.8583,11.3916,1389,2273.67
401295,-0.7494,2.8156,10.1191,1405,2273.42
401300,0.1999,3.3567,10.6769,1395,2273.42
401305,-1.7226,1.4772,10.3944,1398,2273.42
401310,-0.9194,-0.3328,11.4958,1391,2273.42
401315,-0.741,0.243,11.5688,1399,2273.42
401320,-0.9505,2.6252,10.1083,1405,2273.42
401325,-0.0443,3.3196,10.6099,1404,2273.33
401330,-0.6776,2.2266,10.5824,1401,2273.33
401335,-2.0842,-0.0706,10.9259,1403,2273.33
401340,-0.4764,-0.0551,11.7136,1391,2273.33
401345,-1.2797,2.1093,10.501,1398,2273.33
401350,-0.3448,3.1208,10.4172,1399,2273.16
401355,-0.1018,2.7641,10.756,1399,2273.16
401360,-3.1651,0.2801,10.3801,1403,2273.16
401365,-0.5064,-0.2382,11.8836,1395,2273.16
401370,-1.3036,1.3312,11.0169,1391,2273.16
401375,-0.6393,2.9233,10.2747,1399,2272.99
401380,0.1448,3.1939,10.7476,1401,2272.99
401385,-2.5786,0.9972,10.3669,1396,2272.99
401390,-0.5519,-0.3424,11.7579,1398,2272.99
401395,-1.0139,0.5782,11.4515,1404,2272.99
401400,-0.838,2.727,10.1083,1397,2272.99
401405,0.1568,3.371,10.7248,1395,2273.33
401410,-1.1588,1.7585,10.507,1399,2273.33
401415,-1.2354,-0.3005,11.2025,1385,2273.33
401420,-0.6021,0.0718,11.7268,1399,2273.33
401425,-1.0702,2.4972,10.2376,1395,2273.33
401430,-0.0922,3.2944,10.5141,1401,2273.24
401435,-0.3543,2.3966,10.5812,1397,2273.24
401440,-2.6875,0.0215,10.6674,1406,2273.24
401445,-0.4968,-0.1101,11.8357,1397,2273.24
401450,-1.3527,1.8603,10.6745,1403,2273.24
401455,-0.516,2.9916,10.3262,1399,2273.33
401460,0.0383,2.9772,10.7631,1391,2273.33
401465,-3.1879,0.5638,10.3765,1395,2273.33
401470,-0.492,-0.3196,11.8238,1389,2273.33
401475,-1.2965,1.0032,11.2144,1399,2273.33
401480,-0.7578,2.8335,10.1514,1404,2273.16
401485,0.2658,3.3507,10.8242,1391,2273.16
401490,-1.9561,1.3096,10.3298,1400,2273.16
401495,-0.7518,-0.4118,11.6227,1397,2273.16
401500,-0.838,0.3232,11.5532,1407,2273.16
401505,-0.8871,2.7126,10.1191,1405,2273.16
401510,0.152,3.3794,10.5201,1406,2273.24
401515,-0.8452,2.0758,10.5596,1405,2273.24
401520,-1.7621,-0.1832,10.9942,1397,2273.24
401525,-0.4896,0.0347,11.7088,1395,2273.24
401530,-1.172,2.2553,10.3741,1403,2273.24
401535,-0.3531,3.2046,10.4399,1399,2273.33
401540,-0.237,2.6516,10.75,1401,2273.33
401545,-3.0945,0.2382,10.4615,1401,2273.33
401550,-0.5351,-0.261,11.8549,1387,2273.33
401555,-1.3527,1.4952,10.8386,1399,2273.33
401560,-0.6452,2.9269,10.3226,1397,2273.33
401565,0.2239,3.1316,10.7763,1401,2273.33
401570,-2.7988,0.8296,10.2795,1398,2273.33
401575,-0.5758,-0.3747,11.7256,1389,2273.33
401580,-1.1289,0.7661,11.3964,1397,2273.33
401585,-0.8164,2.7952,10.1203,1395,2273.33
401590,0.2179,3.3495,10.6506,1398,2273.33
401595,-1.4629,1.5945,10.4064,1399,2273.33
401600,-1.0499,-0.2849,11.3665,1391,2273.33
401605,-0.6608,0.1616,11.6095,1391,2273.33
401610,-1.0379,2.5618,10.1083,1399,2273.33
401615,-0.0766,3.3076,10.5788,1403,2273.24
401620,-0.5267,2.3272,10.6542,1399,2273.24
401625,-2.3858,-0.0335,10.7727,1406,2273.24
401630,-0.4932,-0.1245,11.7196,1398,2273.24
401635,-1.2462,1.9872,10.5536,1403,2273.24
401640,-0.4202,3.073,10.3621,1395,2273.42
401645,-0.0323,2.8982,10.8038,1391,2273.42
401650,-3.2465,0.4202,10.3441,1395,2273.42
401655,-0.5315,-0.2322,11.9147,1387,2273.42
401660,-1.2725,1.1911,11.0875,1399,2273.42
401665,-0.6823,2.8994,10.1945,1403,2273.42
401670,0.1508,3.2094,10.7883,1396,2273.42
401675,-2.2577,1.1492,10.319,1401,2273.42
401680,-0.6297,-0.3328,11.5831,1399,2273.42
401685,-0.9493,0.4812,11.5137,1405,2273.42
401690,-0.8799,2.6719,10.0999,1405,2273.42
401695,0.1472,3.3962,10.6566,1399,2273.33
401700,-0.9278,1.9201,10.5165,1395,2273.33
401705,-1.4772,-0.2143,11.1606,1397,2273.33
401710,-0.6105,0.0144,11.6993,1397,3203.42
401715,-1.1408,2.3727,10.2568,1401,3203.42
401720,-0.1688,3.2238,10.5201,1391,3203.42
401725,-0.3268,2.5223,10.6398,1395,3203.42
401730,-2.9532,0.1365,10.5524,1401,3203.42
401735,-0.5183,-0.1736,11.8992,1395,3203.42
401740,-1.318,1.6999,10.7739,1405,3203.42
401745,-0.5806,2.909,10.2915,1398,1762.22
401750,0.1269,3.067,10.7811,1395,1762.22
401755,-3.0981,0.6823,10.3789,1395,1762.22
401760,-0.5662,-0.3256,11.8298,1387,1762.22
401765,-1.2486,0.8751,11.3473,1395,1762.22
401770,-0.7398,2.7988,10.1682,1405,2274.11
401775,0.3065,3.3722,10.7715,1396,2274.11
401780,-1.7585,1.4114,10.3669,1397,2274.11
401785,-0.7985,-0.3639,11.5197,1387,2274.11
401790,-0.7362,0.2945,11.5496,1399,2274.11
401795,-0.9457,2.6384,10.1299,1405,2274.11
401800,0.0539,3.3483,10.5704,1402,2273.93
401805,-0.7542,2.2146,10.6674,1401,2273.93
401810,-2.0566,-0.1508,10.829,1403,2273.93
401815,-0.4776,0.0275,11.6909,1397,2273.93
401820,-1.2163,2.1165,10.4459,1402,2273.93
401825,-0.4058,3.1149,10.4471,1400,2273.5
401830,-0.1448,2.7402,10.7643,1397,2273.5
401835,-3.1208,0.3124,10.4148,1401,2273.5
401840,-0.504,-0.255,11.8657,1396,2273.5
401845,-1.3827,1.3647,10.999,1388,2273.5
401850,-0.6668,2.9329,10.2615,1417,2273.16
401855,0.255,3.0909,10.7548,1419,2273.16
401860,-2.6252,1.0546,10.2388,1421,2273.16
401865,-0.6632,-0.3292,11.7902,1407,2273.16
401870,-1.1935,0.6895,11.5269,1408,2273.16
401875,-0.7853,2.7593,10.0952,1405,2273.16
401880,0.3244,3.3962,10.6578,1403,2302.47
401885,-1.4748,1.658,10.4639,1405,2302.47
401890,-1.166,-0.4118,11.4,1403,2302.47
401895,-0.899,0.1808,11.6705,1417,2302.47
401900,-0.8296,2.6252,10.0377,1417,2302.47
401905,0.2227,3.5147,10.6231,1399,2337.54
401910,-0.674,2.1668,10.5943,1399,2337.54
401915,-1.6867,-0.3124,11.1761,1395,2337.54
401920,-0.8751,-0.0646,11.6586,1395,2337.54
401925,-0.8978,2.4409,10.2041,1407,2337.54
401930,0.1018,3.401,10.4758,1407,2355.25
401935,-0.3148,2.4373,10.7093,1399,2355.25
401940,-2.1572,-0.2406,10.9152,1399,2355.25
401945,-0.9146,-0.1137,11.7759,1397,2355.25
401950,-1.0487,2.296,10.2639,1401,2355.25
401955,0.0239,3.3255,10.5105,1405,2363.97
401960,-0.1125,2.5199,10.726,1403,2363.97
401965,-2.472,-0.097,10.8038,1391,2363.97
401970,-0.9242,-0.2358,11.7926,1391,2363.97
401975,-1.1169,2.132,10.3465,1397,2363.97
401980,-0.0575,3.2382,10.4351,1395,2368.27
401985,0.0551,2.6803,10.7978,1401,2368.27
401990,-2.7773,0.0263,10.7176,1403,2368.27
401995,-0.9756,-0.1903,11.7795,1391,2368.27
402000,-1.2294,1.9692,10.5034,1399,2368.27
402005,-0.1748,3.1256,10.3202,1397,2370.32
402010,0.164,2.8096,10.8804,1395,2370.32
402015,-2.9832,0.1305,10.5644,1407,2370.32
402020,-0.9673,-0.2011,11.8321,1395,4506.87
402025,-1.3515,1.81,10.6147,1397,4506.87
402030,-0.2071,3.0586,10.331,1401,5004.17
402035,0.2263,2.9377,10.835,1401,5004.17
402040,-3.1376,0.3352,10.4639,1401,5004.17
402045,-0.9637,-0.316,11.8597,1396,5004.17
402050,-1.3994,1.5718,10.659,1399,5004.17
402055,-0.2873,2.9604,10.3286,1403,2371.45
402060,0.4968,3.4165,10.7607,1399,2371.45
402065,-3.1891,0.4884,10.5105,1401,2371.45
402070,-1.0068,-0.328,11.8525,1395,2371.45
402075,-1.4688,0.8284,11.3006,1404,2371.45
402080,-0.3436,2.9066,10.1861,1401,2371.64
402085,0.4298,3.134,10.9044,1391,2371.64
402090,-3.1987,0.5842,10.3262,1401,2371.64
402095,-1.0726,-0.516,11.6478,1387,4509.24
402100,-1.4222,0.6141,11.4814,1407,4509.24
402105,-0.4812,2.7809,10.0736,1401,5003.75
402110,0.5124,3.5003,10.726,1391,5003.75
402115,-2.0446,1.3515,10.343,1399,5003.75
402120,-1.1097,-0.5028,11.6179,1397,5003.75
402125,-1.33,0.4788,11.4958,1391,5003.75
402130,-0.4944,2.745,10.0485,1407,2371.92
402135,0.4944,3.5099,10.6877,1396,2371.92
402140,-1.6712,1.5634,10.5453,1391,2371.92
402145,-1.1791,-0.5363,11.5472,1389,2371.92
402150,-1.227,0.3986,11.5831,1399,2371.92
402155,-0.5052,2.6899,10.0664,1404,2372.1
402160,0.4501,3.541,10.6398,1404,2372.1
402165,-1.3288,1.7454,10.5165,1391,2372.1
402170,-1.2965,-0.4597,11.3581,1388,2372.1
402175,-1.1959,0.249,11.5999,1399,2372.1
402180,-0.6357,2.6205,9.979,1401,2372.39
402185,0.3508,3.5051,10.6985,1401,2372.39
402190,-1.0056,1.9357,10.586,1403,2372.39
402195,-1.4138,-0.407,11.3401,1390,2372.39
402200,-1.1205,0.1065,11.6514,1403,2372.39
402205,-0.7374,2.4732,10.1107,1420,2374.45
402210,0.2753,3.4692,10.6207,1413,2374.45
402215,-0.6488,2.2003,10.5548,1419,2374.45
402220,-1.5371,-0.4381,11.2061,1395,5639.1
402225,-1.1911,-0.0431,11.6897,1405,5639.1
402230,-0.7554,2.5091,10.064,1407,4206.69
402235,0.3831,3.5829,10.5955,1405,4206.69
402240,-0.5854,2.0985,10.6626,1401,4206.69
402245,-1.64,-0.4896,11.2707,1391,4206.69
402250,-1.4246,0.0503,11.6418,1406,3434.26
402255,-0.5339,2.5738,10.0257,1407,3434.26
402260,0.5674,3.644,10.6267,1403,3434.26
402265,-0.9756,1.8806,10.6674,1398,3434.26
402270,-1.5071,-0.577,11.3473,1397,3434.26
402275,-1.6197,0.231,11.5424,1401,3434.26
402280,-0.3148,2.6803,9.9994,1403,1902.35
402285,0.7123,3.6763,10.6829,1391,1902.35
402290,-1.7837,1.5574,10.6063,1405,1902.35
402295,-1.4593,-0.6464,11.4634,1395,1902.35
402300,-1.7597,0.6153,11.3509,1400,1902.35
402305,-0.1401,2.6767,9.997,1402,2465.08
402310,0.838,3.62,10.7548,1405,2465.08
402315,-2.6624,1.1097,10.562,1405,2465.08
402320,-1.4844,-0.5902,11.5939,1402,2465.08
402325,-1.749,1.0104,11.1259,1399,2465.08
402330,-0.0515,2.7809,10.1263,1396,2469.24
402335,0.832,3.3902,10.8601,1407,2469.24
402340,-3.134,0.6776,10.483,1401,2469.24
402345,-1.6029,-0.6632,11.321,1396,2469.24
402350,-1.5921,1.476,10.7978,1396,2469.24
402355,0.0419,2.9221,10.1861,1403,2471.07
402360,0.6656,3.0418,10.8745,1398,2471.07
402365,-3.0682,0.249,10.6291,1391,2471.07
402370,-1.4664,-0.2717,11.7699,1401,2471.07
402375,-1.2785,1.9513,10.495,1415,2471.07
402380,0.1425,3.1364,10.3346,1385,2471.98
402385,0.3915,2.7031,10.9762,1398,2471.98
402390,-2.5546,-0.1018,10.8757,1397,2471.98
402395,-1.4461,-0.1281,11.7555,1405,2471.98
402400,-0.9002,2.3128,10.2771,1400,2472.19
402405,0.3424,3.3818,10.4675,1389,2472.19
402410,-0.0479,2.3954,10.8828,1399,2472.19
402415,-2.0039,-0.3687,11.0552,1387,2472.19
402420,-1.5646,0.0383,11.734,1399,2472.19
402425,-0.516,2.5163,10.0209,1397,2473.72
402430,0.5794,3.5674,10.5225,1403,2473.72
402435,-0.7793,1.9345,10.7775,1395,2473.72
402440,-1.6807,-0.5339,11.3162,1394,2473.72
402445,-1.6987,0.3124,11.5592,1403,2473.72
402450,-0.2514,2.6624,10.0066,1401,2474.02
402455,0.7302,3.5949,10.6386,1395,2474.02
402460,-1.804,1.4904,10.574,1403,2474.02
402465,-1.5455,-0.5555,11.5556,1397,4701.09
402470,-1.7681,0.7446,11.3222,1400,4701.09
402475,-0.0886,2.7366,10.0341,1391,5222.39
402480,0.8176,3.4991,10.6829,1399,5222.39
402485,-2.7641,0.9397,10.5213,1407,5222.39
402490,-1.5945,-0.6177,11.4191,1395,4703.3
402495,-1.7083,1.154,11.0421,1399,4703.3
402500,-0.0204,2.788,10.0999,1389,5218.75
402505,0.7769,3.2765,10.8816,1405,5218.75
402510,-1.142,1.7777,10.7105,1395,5218.75
402515,-1.4988,-0.3484,11.7412,1399,5218.75
402520,-1.5167,1.6376,10.7188,1405,5218.75
402525,0.091,3.0287,10.2197,1405,2473.21
402530,0.65,2.9341,10.9283,1399,7182.19
402535,-2.9844,0.1233,10.6626,1391,7182.19
402540,-1.5143,-0.237,11.7747,1404,7182.19
402545,-1.1384,2.0865,10.416,1403,7182.19
402550,0.2394,3.2298,10.3896,1397,3770.5
402555,0.3436,2.5774,10.8888,1397,3770.5
402560,-2.3439,-0.2167,10.8278,1399,3770.5
402565,-1.6352,-0.1185,11.7376,1391,3770.5
402570,-0.8392,2.4277,10.1754,1404,2472.19
402575,0.5531,3.4907,10.5297,1389,2472.19
402580,-0.2263,2.2158,10.8433,1403,2472.19
402585,-1.828,-0.5291,11.0983,1391,4699.25
402590,-1.6161,0.1269,11.6418,1401,4699.25
402595,-0.4441,2.5881,10.094,1404,5215.58
402600,0.7027,3.6595,10.6051,1396,5215.58
402605,-1.0774,1.8124,10.7332,1395,5215.58
402610,-1.5826,-0.6608,11.3006,1395,5215.58
402615,-1.749,0.4417,11.5568,1401,5215.58
402620,-0.17,2.6492,10.0245,1401,2471.98
402633,3.4764,14.6334,42.8083,1391,2471.98
402636,-1.549,-0.4154,11.6957,1397,2471.98
402641,-1.6544,1.4186,10.8266,1399,2471.98
402646,0.0455,2.8946,10.2292,1400,2471.78
402651,0.668,3.061,10.8936,1405,2471.78
402656,-1.7262,1.4988,10.5955,1404,2471.78
402661,-1.749,-0.5411,11.2384,1389,2471.78
402666,-1.3431,1.8806,10.489,1398,3092.31
402671,0.1879,3.0897,10.3489,1413,3092.31
402676,0.4429,2.7749,10.999,1396,3092.31
402681,-2.6983,-0.073,10.7967,1395,3092.31
402686,-1.4868,-0.1532,11.7184,1400,3092.31
402691,-0.9433,2.2266,10.2795,1407,2468.93
402696,0.3256,3.3243,10.3944,1395,2468.93
402701,0.0946,2.4038,10.8793,1399,2468.93
402706,-2.1249,-0.3232,11.0612,1401,2468.93
402711,-1.5203,0.0096,11.6897,1407,2468.93
402716,-0.595,2.484,10.0724,1399,2468.93
402721,0.504,3.5123,10.5812,1391,2060.3
402726,-0.5902,1.9848,10.7583,1401,2060.3
402731,-1.7286,-0.5064,11.2851,1389,2060.3
402736,-1.6712,0.2658,11.5436,1401,2060.3
402741,-0.316,2.642,10.0437,1403,2471.17
402746,0.6764,3.614,10.6961,1405,2471.17
402751,-1.6065,1.5766,10.5955,1392,2471.17
402756,-1.5131,-0.5602,11.4395,1395,2471.17
402761,-1.7238,0.6009,11.3737,1399,2471.17
402766,-0.146,2.7102,10.088,1401,2471.48
402771,0.7937,3.5362,10.7452,1395,2471.48
402776,-2.563,1.1169,10.6135,1405,2471.48
402781,-1.4521,-0.5806,11.643,1389,2471.48
402786,-1.81,1.069,11.1055,1399,2471.48
402791,-0.5315,2.5367,10.1167,1403,2776.11
402796,0.8655,3.3555,10.9008,1401,2776.11
402801,-3.2561,0.6464,10.5321,1403,2776.11
402806,-1.4724,-0.3879,11.7831,1396,2776.11
402811,-1.5838,1.5119,10.799,1399,2776.11
402816,0.0742,2.9173,10.1897,1389,2226.43
402821,0.7207,3.0239,10.8924,1406,2226.43
402826,-3.14,0.2634,10.5872,1401,4694.84
402831,-1.7059,-0.5686,11.1761,1397,4694.84
402836,-1.2809,1.962,10.4782,1396,4694.84
402841,0.1951,3.1316,10.3214,1407,5217.39
402846,0.4334,2.6372,10.8912,1397,5217.39
402851,-2.5654,-0.1077,10.8397,1395,5217.39
402856,-1.4844,-0.073,11.7005,1405,5217.39
402861,-0.9002,2.3224,10.2831,1415,5217.39
402866,0.3472,3.3387,10.4411,1390,2470.97
402871,0.0084,2.3272,10.8649,1401,2470.97
402876,-2.0123,-0.4417,11.0708,1401,2470.97
402881,-1.5562,0.1137,11.6741,1405,2470.97
402886,-0.5447,2.5175,10.1442,1399,2470.56
402891,0.6345,3.6057,10.4902,1389,2470.56
402896,-0.7183,1.9285,10.756,1403,2470.56
402901,-1.6915,-0.6201,11.242,1390,2470.56
402906,-1.7071,0.3136,11.5963,1401,2470.56
402911,-0.2801,2.6121,10.0604,1401,2471.17
402916,0.7949,3.614,10.5824,1403,2471.17
402921,-1.7131,1.4832,10.5213,1395,2471.17
402926,-1.6173,-0.6009,11.5329,1396,2471.17
402931,-1.6424,0.2358,11.6813,1398,2471.17
402936,-0.073,2.7533,10.0963,1401,2471.27
402941,0.8224,3.5446,10.7176,1392,2471.27
402946,-2.6193,1.0499,10.4543,1403,2471.27
402951,-1.5622,-0.5746,11.6203,1396,2471.27
402956,-1.7406,1.0953,11.084,1400,2471.27
402961,0.0084,2.8168,10.143,1399,2471.78
402966,0.8068,3.3435,10.8122,1399,2471.78
402971,-0.893,1.8543,10.7476,1407,7177.03
402976,-1.5071,-0.4597,11.6646,1396,7177.03
402981,-1.5886,1.6005,10.8002,1395,7177.03
402986,0.1305,3.0095,10.2208,1391,3770.27
402991,0.6991,3.0215,10.9283,1405,3770.27
402996,-3.1113,0.1377,10.6099,1401,7168.46
403001,-1.4772,-0.4393,11.7256,1401,7168.46
403006,-1.2761,2.0399,10.4806,1400,7168.46
403011,0.1963,3.2298,10.3406,1404,3772.87
403016,0.4549,2.6624,10.9092,1400,3772.87
403021,-2.5402,-0.164,10.8709,1397,3772.87
403026,-1.5036,-0.1437,11.7914,1403,3772.87
403031,-0.8547,2.3583,10.24,1405,3772.87
403036,0.4202,3.4273,10.4651,1396,2472.29
403041,0.0251,2.32,10.8421,1403,7181.33
403046,-1.9872,-0.4357,11.0923,1400,7181.33
403051,-1.5754,0.0467,11.6119,1405,7181.33
403056,-1.6807,1.081,11.06,1401,3771.45
403061,0.5997,3.6308,10.5536,1391,3771.45
403066,-0.8176,1.8974,10.7476,1404,3771.45
403071,-1.6221,-0.6357,11.2575,1389,3771.45
403076,-1.664,0.3531,11.5412,1401,3771.45
403081,-0.237,2.6312,10.0293,1399,2472.9
403086,0.7745,3.7038,10.6686,1403,2472.9
403091,-1.8687,1.4281,10.5548,1396,5798.78
403096,-1.5718,-0.6393,11.5377,1395,5798.78
403101,-1.7538,0.7242,11.3078,1401,6632.77
403106,-0.1161,2.7078,10.082,1401,6632.77
403111,0.8487,3.5578,10.7488,1397,6632.77
403116,-2.8036,0.9912,10.5285,1405,6632.77
403121,-1.5383,-0.5339,11.6657,1399,3399.24
403126,-1.6927,1.1851,11.0026,1400,3399.24
403131,-0.0646,2.7557,10.1754,1401,5219.21
403136,0.7338,3.2334,10.8445,1401,5219.21
403141,-1.136,1.7561,10.7153,1407,5219.21
403146,-1.6352,-0.6428,11.4179,1395,4696.31
403151,-1.4557,1.658,10.6757,1399,4696.31
403156,0.0335,2.9772,10.2532,1397,5218.75
403161,0.5686,2.9209,10.9666,1406,5218.75
403166,-2.9556,0.1006,10.7571,1399,5218.75
403171,-1.4664,-0.1867,11.7076,1397,5218.75
403176,-1.1588,2.0626,10.4184,1407,5218.75
403181,0.1784,3.201,10.3154,1404,2471.98
403186,0.3196,2.6193,10.9654,1401,2471.98
403191,-2.3978,-0.1963,10.9415,1395,2471.98
403196,-1.4449,-0.0539,11.7495,1405,2471.98
403201,-0.7865,2.3343,10.1514,1407,2471.98
403206,0.3819,3.48,10.4603,1397,2472.19
404218,0.0,3.8427,16.9318,1469,3774.3
404221,-0.2442,2.6552,10.0078,1407,2473.0
404226,0.82,3.5961,10.6542,1397,2473.0
404231,-1.9968,1.3731,10.6063,1401,2473.0
404236,-1.585,-0.6021,11.5484,1389,2473.0
404241,-1.7454,0.8368,11.2827,1407,2473.0
404246,-0.0311,2.7366,10.0437,1400,2473.41
404251,0.8464,3.4644,10.7823,1403,2473.41
404256,-2.8587,0.8715,10.5189,1405,2473.41
404261,-1.5562,-0.5028,11.6861,1399,2473.41
404266,-1.6065,0.1772,11.6478,1400,2473.41
404271,0.0156,2.8551,10.149,1401,2473.1
404276,0.7721,3.1783,10.8553,1406,2473.1
404281,-1.221,1.719,10.6817,1407,2473.1
404286,-1.573,-0.3496,11.7029,1395,2473.1
404291,-1.4246,1.7358,10.6602,1399,2473.1
404296,0.1317,3.0143,10.228,1407,2472.9
404301,0.6177,2.9042,10.8948,1402,2472.9
404306,-2.2865,1.2629,10.6159,1398,2472.9
404311,-1.5143,-0.2167,11.722,1395,2472.9
404316,-1.1133,2.1799,10.3669,1415,2472.9
404321,0.2586,3.2441,10.3573,1394,2472.8
404326,0.3364,2.5271,10.975,1401,2472.8
404331,-2.3643,-0.2993,10.8852,1399,2472.8
404336,-1.5347,-0.0826,11.746,1407,2472.8
404341,-0.7626,2.4229,10.1921,1399,2472.8
404346,0.5387,3.5422,10.5441,1396,2472.7
404351,-0.2538,2.1344,10.7919,1404,2472.7
404356,-1.8196,-0.5207,11.1558,1397,2472.7
404361,-1.6484,0.1053,11.6562,1395,2472.7
404366,-0.4429,2.5798,10.058,1406,2472.49
404371,0.7111,3.6631,10.5884,1405,2472.49
404376,-1.2115,1.7442,10.6602,1397,7163.32
404381,-1.555,-0.6428,11.3545,1391,7163.32
404386,-1.7059,0.4968,11.4467,1397,7163.32
404391,-0.1772,2.6516,10.0233,1403,3775.25
404396,0.9158,3.6368,10.6877,1395,3775.25
404401,-2.2398,1.2713,10.5764,1403,7174.46
404406,-1.5778,-0.6033,11.6215,1391,7174.46
404411,-1.7813,0.9373,11.2276,1403,7174.46
404416,-0.0503,2.7473,10.0892,1400,3771.92
404421,0.8715,3.4333,10.7751,1403,3771.92
404426,-3.0047,0.8104,10.4435,1405,3771.92
404431,-1.5024,-0.4908,11.637,1402,3771.92
404436,-1.6975,1.3216,10.9283,1400,3771.92
404441,-0.0239,2.8503,10.1718,1399,2472.49
404446,0.9122,3.5638,10.7967,1407,2472.49
404451,-3.1759,0.3843,10.5644,1400,2472.49
404456,-1.5143,-0.3124,11.6969,1401,2472.49
404461,-1.3467,1.822,10.5177,1395,2472.49
404466,0.0994,3.0358,10.3046,1407,2472.6
404471,0.8667,3.5614,10.6973,1397,2472.6
404476,-2.8168,-0.0383,10.7978,1397,2472.6
404481,-1.5263,-0.1532,11.6945,1403,2472.6
404486,-0.9948,2.2039,10.3226,1415,2472.6
404491,0.2777,3.2813,10.4016,1396,2472.8
404496,0.1556,2.5043,10.9008,1400,2472.8
404501,-2.2075,-0.3065,10.9954,1398,2472.8
404506,-1.5598,-0.0251,11.6538,1401,2472.8
404511,-0.68,2.4541,10.0999,1401,2472.7
404516,0.4932,3.541,10.5153,1395,2472.7
404521,-0.4836,2.1093,10.7811,1407,2472.7
404526,-1.8148,-0.5447,11.2073,1389,2472.7
404531,-1.6209,0.2191,11.6993,1397,2472.7
404536,-0.3244,2.5833,10.0054,1396,2473.31
404541,0.6847,3.626,10.6662,1406,2473.31
404546,-1.4389,1.5814,10.6458,1395,2473.31
404551,-1.6257,-0.5626,11.467,1397,2473.31
404556,-1.725,0.5686,11.4263,1401,2473.31
404561,-0.1628,2.6803,10.0185,1401,2473.0
404566,0.7949,3.535,10.7212,1392,2473.0
404571,-1.0056,1.7921,10.6614,1405,2473.0
404576,-1.5945,-0.5842,11.3629,1401,4689.7
404581,-1.7549,1.0247,11.1594,1407,4689.7
404586,-0.0311,2.7629,10.1646,1399,5229.21
404591,0.8128,3.3639,10.817,1400,5229.21
404596,-3.1017,0.674,10.5548,1407,5229.21
404601,-1.5467,-0.4154,11.6526,1398,5229.21
404606,-1.5467,1.5083,10.8146,1400,5229.21
404611,-0.0958,2.7126,10.1023,1395,2472.09
404616,0.6907,3.0454,10.9247,1405,2472.09
404621,-3.1424,0.2646,10.6362,1400,2472.09
404626,-1.4856,-0.2143,11.7543,1399,2472.09
404631,-1.3048,1.9441,10.5093,1401,2472.09
404636,0.1664,3.122,10.2903,1405,2472.09
404648,0.0,-28.7723,0.1556,1395,2472.09
404651,-1.4952,-0.1113,11.7902,1415,2472.09
404656,-0.9254,2.3236,10.2891,1413,2775.08
404661,0.3651,3.4177,10.4387,1397,2775.08
404666,0.0215,2.3296,10.8852,1401,2775.08
404671,-2.0051,-0.4058,11.0768,1401,2775.08
404676,-1.5886,0.0706,11.6634,1403,2775.08
404681,-0.571,2.5402,10.0928,1401,2229.65
404686,0.5974,3.6236,10.4866,1395,2229.65
404691,-0.6919,1.9668,10.7571,1404,2229.65
404696,-1.7119,-0.6369,11.315,1391,2229.65
404701,-1.6269,0.3603,11.5903,1401,2229.65
404706,-0.2418,2.6217,10.0293,1403,2473.0
404711,0.8128,3.6943,10.5644,1403,2473.0
404716,-1.6975,1.4928,10.6315,1400,2473.0
404721,-1.822,-0.5483,11.1953,1398,4697.04
404726,-1.7526,0.6883,11.4084,1407,4697.04
404731,-0.1065,2.7402,10.0652,1398,5225.57
404736,0.8679,3.5123,10.7823,1403,5225.57
404741,-2.6815,0.9996,10.4507,1405,5225.57
404746,-1.567,-0.5219,11.6526,1401,5225.57
404751,-1.7322,1.1265,11.0612,1395,5225.57
404756,-0.0168,2.7904,10.2077,1401,2473.72
404761,0.7937,3.2693,10.8242,1395,2473.72
404766,-3.1484,0.5243,10.5477,1415,2473.72
404771,-1.5251,-0.4166,11.6646,1395,4691.53
404776,-1.4916,1.6436,10.7416,1401,4691.53
404781,0.1065,2.97,10.24,1402,5232.41
404786,0.6895,2.9856,10.9247,1407,5232.41
404791,-3.0514,0.1041,10.6865,1399,5232.41
404796,-1.5359,-0.3029,11.7256,1396,5232.41
404801,-1.1756,2.0351,10.4459,1413,5232.41
404806,-0.0599,2.6779,10.0257,1405,2520.8
404811,0.3831,2.6432,10.9642,1399,2520.8
404816,-2.5391,-0.2227,10.8469,1399,2520.8
404821,-1.5239,-0.2825,11.7328,1415,2520.8
404826,-0.8104,2.3727,10.155,1401,2520.8
404831,0.4369,3.5099,10.4507,1399,2428.36
404836,-0.1089,2.2314,10.8014,1396,2428.36
404841,-1.9225,-0.4537,11.0421,1401,2428.36
404846,-1.6233,0.0527,11.6646,1397,2428.36
404851,-0.4824,2.5654,10.0664,1399,2473.82
404856,0.6823,3.644,10.6303,1399,2473.82
404861,-0.9661,1.8292,10.6793,1399,2473.82
404866,-1.6496,-0.6165,11.3342,1391,2473.82
404871,-1.6747,0.4429,11.4802,1399,2473.82
404876,-0.2215,2.642,10.0772,1405,2474.23
404881,0.8416,-0.0012,-0.0012,1396,2474.23
404886,-2.0913,1.3467,10.6446,1401,2474.23
404891,-1.555,-0.644,11.5245,1391,2474.23
404896,-1.7609,0.8571,11.2671,1415,2474.23
404901,-0.1101,2.6863,10.0892,1401,2522.49
404906,0.8727,3.4824,10.8625,1405,2522.49
404911,-1.743,1.5071,10.6434,1403,6791.94
404916,-1.5502,-0.4717,11.6909,1399,6791.94
404921,-1.6652,1.3036,10.9164,1399,6791.94
404926,-0.1508,2.6875,10.0245,1403,3887.77
404931,0.7649,3.146,10.8924,1407,3887.77
404936,-1.3779,1.6316,10.635,1407,3887.77
404941,-1.5347,-0.2969,11.6861,1397,3887.77
404946,-1.4329,1.8136,10.6039,1399,3887.77
404951,0.1018,3.0179,10.3094,1403,2429.44
404956,0.5531,2.8096,10.9319,1403,2429.44
404961,-2.8347,0.0227,10.75,1397,2429.44
404966,-1.4796,-0.1832,11.6813,1395,2429.44
404971,-1.0211,2.2015,10.3274,1415,2429.44
404976,0.2717,3.2202,10.41,1391,2474.43
404981,0.1736,2.5019,10.9487,1401,2474.43
404986,-2.2781,-0.2813,11.0253,1400,2474.43
404991,-1.5227,-0.006,11.6861,1407,2474.43
404996,-1.5754,1.4976,10.8362,1397,2474.43
405008,1.968,14.0923,41.8602,1395,2474.53
405012,-1.8699,-0.5231,11.2168,1391,2474.53
405016,-1.6532,0.2622,11.6478,1403,2474.53
405021,-0.34,2.5857,10.0497,1404,2474.43
405026,0.6668,3.6308,10.6326,1403,2474.43
405031,-1.385,1.5862,10.6051,1397,2474.43
405036,-1.5945,-0.571,11.4191,1399,2474.43
405041,-1.7071,0.5974,11.3725,1404,3093.26
405046,-0.1652,2.6695,10.0497,1403,3093.26
405051,0.8068,3.5183,10.7117,1399,6815.08
405056,-2.4229,1.1073,10.574,1405,6815.08
405061,-1.5275,-0.571,11.6107,1397,6815.08
405066,-1.6915,1.0834,11.1271,1403,6815.08
405071,-0.0503,2.7797,10.0425,1403,2955.67
405076,0.7805,3.3447,10.799,1402,2955.67
405081,-3.1029,0.6069,10.55,1417,2955.67
405086,-1.6747,-0.5854,11.2575,1400,2955.67
405091,-1.5407,1.5407,10.8661,1401,2955.67
405096,0.0754,2.9377,10.2101,1391,2474.12
405101,0.6847,3.0658,10.8936,1407,2474.12
405106,-3.1149,0.2191,10.6602,1399,2474.12
405111,-1.4928,-0.255,11.728,1401,2474.12
405116,-1.2617,2.0063,10.5105,1403,2474.12
405121,0.1915,3.158,10.3908,1407,2474.43
405133,0.0,-28.7723,0.1556,1384,2474.43
405137,-1.5323,-0.1233,11.7986,1406,2474.43
405141,-0.8859,2.3739,10.2197,1415,2474.43
405146,-0.0407,2.7988,10.1023,1402,2474.43
405151,0.0215,2.2589,10.8302,1403,2474.43
405156,-2.7892,-0.0383,10.8206,1403,2474.43
405161,-1.5718,0.0251,11.6729,1400,2474.43
405174,-2.1117,10.3717,40.62,1397,2474.64
405177,-0.7709,1.9034,10.7105,1397,2474.64
405182,-1.6879,-0.6321,11.2755,1394,2474.64
405187,-1.6867,0.3603,11.5879,1397,2474.64
405192,-0.2394,2.648,10.082,1404,2474.43
405197,0.8356,3.6667,10.6446,1395,2474.43
405202,-1.8783,1.4018,10.5836,1401,2474.43
405207,-1.5921,-0.668,11.5005,1395,2474.43
405212,-1.7681,0.7673,11.3353,1399,3483.92
405217,-0.0646,2.733,10.0963,1395,3483.92
405222,0.9038,3.5219,10.7057,1405,3483.92
405227,-2.7629,0.9469,10.4866,1407,3483.92
405232,-1.919,-0.5004,11.1594,1401,3483.92
405237,-1.7142,1.1768,11.0456,1400,3483.92
405242,-0.0036,2.8347,10.1789,1395,1918.47
405247,0.7458,3.2406,10.8302,1402,1918.47
405252,-3.1544,0.5088,10.568,1402,1918.47
405257,-1.5167,-0.3986,11.6466,1400,1918.47
405262,-1.5155,1.7178,10.6877,1403,1918.47
405267,0.0946,3.0047,10.3334,1407,2474.64
405272,0.8475,3.5937,10.6973,1401,2474.64
405277,-2.9616,0.1053,10.7392,1399,2474.64
405282,-1.5024,-0.2167,11.7124,1399,2474.64
405287,-1.1337,2.077,10.3681,1415,2474.64
405292,0.2526,3.2417,10.3298,1399,2474.64
405297,0.31,2.5965,10.8697,1403,2474.64
405302,-3.0993,0.1281,10.6123,1401,2474.64
405307,-1.5143,-0.103,11.801,1407,2474.64
405312,-0.7302,2.4409,10.1251,1403,2474.53
405317,0.5064,3.5243,10.5333,1397,2474.53
405322,-0.2514,2.1715,10.7823,1405,7167.6
405327,-1.8651,-0.4537,11.1175,1395,7167.6
405332,-1.6137,0.1089,11.6262,1403,7167.6
405337,-0.4118,2.5726,10.0545,1433,3779.05
405342,0.7434,3.4261,10.6877,1437,3779.05
405347,-1.4772,1.8124,10.6434,1428,3779.05
405352,-1.5682,-0.4609,11.5149,1423,3779.05
405357,-2.1069,0.5124,11.4754,1433,3779.05
405362,0.0491,2.6516,10.0353,1419,2527.7
405367,1.1911,3.6643,10.5919,1418,2527.7
405372,-1.3874,1.6939,10.7978,1425,2527.7
405377,-2.1656,-0.7171,11.23,1416,2527.7
405382,-1.8555,1.4928,10.7571,1420,2527.7
405387,0.504,2.9497,10.1299,1407,2595.72
405392,1.2857,2.909,10.9116,1406,2595.72
405397,-2.7833,-0.2167,11.0648,1405,2595.72
405402,-2.5091,-0.0467,11.4814,1413,2595.72
405407,-0.3412,2.4361,10.1766,1426,2632.16
405412,1.1408,3.6117,10.4471,1420,2632.16
405417,-0.9637,1.7669,11.0229,1423,2632.16
405422,-2.4888,-0.9182,11.4598,1415,2632.16
405427,-2.3643,1.16,10.7571,1419,2632.16
405432,0.0335,2.6624,10.1598,1405,2680.85
405437,1.7813,3.0921,10.8397,1417,2680.85
405442,-2.9951,-0.0754,11.3581,1400,2680.85
405447,-3.1735,0.1089,11.3054,1405,2680.85
405452,-0.0611,2.6492,10.1167,1407,2721.83
405457,1.646,3.6607,10.4124,1407,2721.83
405462,-1.7095,1.2534,11.3114,1405,2721.83
405467,-3.0765,-0.8308,11.5065,1415,2721.83
405472,-2.1009,1.7214,10.2256,1403,2721.83
405477,1.251,3.0023,10.386,1403,2743.61
405482,1.6005,2.3822,11.054,1403,2743.61
405487,-2.8706,-0.7147,11.7232,1403,2743.61
405492,-3.3076,0.8332,10.7164,1403,2743.61
405497,0.905,2.8276,10.228,1413,2755.83
405502,1.9872,3.3651,10.5177,1403,2755.83
405507,-3.0574,0.4405,11.6933,1403,2755.83
405512,-3.5111,-0.1568,11.2025,1406,2755.83
405517,-0.5519,2.4756,9.9934,1405,2762.18
405522,1.6532,3.4824,10.4016,1404,2762.18
405527,-0.8583,1.3108,11.3593,1413,2762.18
405532,-3.1077,-1.0439,11.6083,1391,2762.18
405537,-2.4361,1.6628,10.1059,1401,2762.18
405542,1.3264,3.0263,10.4998,1395,2766.0
405547,1.8783,2.4948,10.9379,1402,2766.0
405552,-2.8323,-0.5531,11.8752,1399,2766.0
405557,-3.4776,0.7661,10.6111,1417,2766.0
405562,0.8571,2.7078,10.2376,1423,2769.19
405567,1.8974,3.4189,10.4447,1420,2769.19
405572,-2.9999,0.5112,11.7124,1416,2769.19
405577,-3.7206,-0.395,11.2695,1415,2769.19
405582,-0.6057,2.5067,9.8773,1407,2798.77
405587,1.8543,3.5626,10.4351,1416,2798.77
405592,-0.9972,1.2737,11.4251,1402,5358.58
405597,-3.5326,-1.0295,11.8022,1406,5358.58
405602,-2.2422,1.9609,9.7911,1407,5994.01
405607,1.7478,3.3124,10.4926,1399,5994.01
405612,1.652,2.0351,11.0002,1416,5994.01
405617,-3.1723,-0.9972,12.0847,1400,5994.01
405622,-3.5338,1.3743,9.9611,1420,5994.01
405627,1.5586,3.0382,10.3238,1396,2845.76
405632,2.5833,2.7473,10.6961,1403,2845.76
405637,-3.0382,0.2717,12.129,1403,5416.63
405642,-4.0498,-0.662,11.6107,1405,5416.63
405647,0.9014,2.9149,9.9647,1415,6038.65
405652,2.0937,3.5231,10.5836,1402,6038.65
405657,-3.0263,0.2765,12.1518,1395,6038.65
405662,-4.373,0.0467,11.0708,1417,6038.65
405667,-0.0263,2.7402,9.6271,1403,2860.41
405672,2.1572,3.5111,10.6291,1403,2860.41
405677,-2.0458,0.7829,11.7819,1401,2860.41
405682,-4.0666,-0.6428,11.5843,1403,2860.41
405687,-1.2031,2.3643,9.3805,1403,2863.28
405692,2.1799,3.4393,10.55,1399,2863.28
405697,-0.0515,1.2498,11.3102,1402,2863.28
405702,-3.6883,-1.1971,12.0093,1416,2863.28
405707,-4.2485,0.8511,10.4423,1415,3581.66
405712,1.8878,3.292,10.5213,1397,3581.66
405717,1.7286,1.9585,11.0253,1416,3581.66
405722,-3.0538,0.1652,12.2284,1399,3147.62
405727,-4.2928,0.9505,10.41,1415,3147.62
405732,1.6448,3.0765,10.2783,1395,3147.62
405737,2.5905,2.6779,10.8074,1401,3147.62
405742,-3.2801,-0.5411,12.4343,1401,3147.62
405747,-4.2042,1.0008,10.3645,1405,3147.62
405752,1.1097,2.9652,9.8797,1396,2223.13
405757,2.6468,3.2166,10.6147,1408,2223.13
405762,-3.0526,0.0778,12.1673,1399,2223.13
405767,-4.379,0.2514,10.8996,1407,2223.13
405772,0.334,2.6635,9.5385,1399,2867.66
405777,2.4481,3.5015,10.5919,1406,2867.66
405782,-2.393,0.498,11.8573,1404,5447.12
405787,-4.2401,-0.5088,11.4431,1401,5447.12
405792,-0.8356,2.381,9.3518,1403,6056.94
405797,2.1739,3.5314,10.6315,1416,6056.94
405802,-0.8655,1.0211,11.4347,1399,6056.94
405807,-3.9971,-1.0499,11.8681,1407,6056.94
405812,-4.1108,1.0726,10.1789,1407,2868.34
405824,0.0,-28.7723,0.1556,1407,5446.62
405827,-3.571,-1.1504,12.2152,1426,5446.62
405832,-3.1448,1.7011,9.6594,1404,6058.16
405837,1.7573,3.2729,10.3753,1403,6058.16
405842,2.4181,2.3367,10.8745,1415,6058.16
405847,-3.0155,-0.2023,12.2978,1397,6058.16
405852,-4.1348,1.166,10.0604,1415,6058.16
405857,1.3767,3.0323,10.0652,1397,2869.17
405862,2.7749,2.9473,10.7272,1404,2869.17
405867,-3.1951,-0.243,12.3385,1395,2869.17
405872,-4.4209,0.5794,10.6674,1403,2869.17
405877,0.7147,2.8216,9.7707,1407,2868.62
405882,2.496,3.3974,10.5608,1403,2868.62
405887,-2.8276,0.3519,12.0967,1392,2868.62
405892,-4.4377,-0.1089,11.2264,1419,2868.62
405897,-0.2969,2.6121,9.4535,1404,2867.93
405902,2.3607,3.5853,10.6255,1403,2867.93
405907,-1.5969,0.8452,11.6442,1400,2867.93
405912,-4.0893,-0.7793,11.6885,1403,2867.93
405917,-1.4892,2.2266,9.3386,1400,2867.93
405922,2.2015,3.4895,10.6111,1401,2867.93
405927,0.243,1.3396,11.2527,1401,2867.93
405932,-3.7062,-1.2378,12.0919,1415,2867.93
405937,-2.7677,1.8316,9.4583,1413,2867.79
405942,1.8699,3.3255,10.5034,1395,2867.79
405947,1.8974,2.0099,11.0456,1415,2867.79
405952,-3.4273,-1.0415,12.3936,1401,2867.79
405957,-3.7661,1.4581,9.8581,1415,2867.79
405962,1.5467,3.1232,10.2843,1396,2867.79
405967,2.6288,2.721,10.7978,1399,2867.79
405972,-3.1879,-0.4693,12.4307,1403,2867.79
405977,-4.2988,0.911,10.4327,1399,2867.79
405982,1.0331,2.9568,9.8964,1397,2868.21
405987,2.6803,3.2202,10.6674,1415,2868.21
405992,-2.9509,0.0958,12.2296,1399,2868.21
405997,-4.452,0.1903,11.0097,1415,2868.21
406002,0.1915,2.6516,9.487,1399,2868.34
406007,2.4313,3.4824,10.641,1415,2868.34
406012,-2.2326,0.5363,11.7328,1403,2868.34
406017,-4.2916,-0.5662,11.5808,1400,2868.34
406022,-0.9278,2.3487,9.2692,1401,2868.34
406027,2.0027,3.4177,10.5632,1415,2868.34
406032,-0.6919,1.075,11.4108,1401,2868.34
406037,-3.9349,-1.0499,12.0273,1407,2868.34
406042,-2.1715,2.0578,9.3194,1403,2868.48
406047,2.0303,3.4512,10.5931,1400,2868.48
406052,1.2809,1.6891,11.1247,1413,2868.48
406064,-15.2475,-32.4486,0.1556,1395,2868.62
406067,1.749,3.1975,10.3549,1405,2868.62
406072,2.4421,3.5123,10.6147,1416,2868.62
406077,-3.2142,-0.7661,12.4654,1399,2868.62
406082,-4.4029,-0.322,11.388,1413,2868.62
406087,1.324,3.0275,9.9862,1391,2868.62
406092,2.6851,3.0059,10.7284,1407,2868.62
406097,-3.1603,-0.1915,12.3313,1395,2868.62
406102,-4.4005,0.5531,10.72,1405,2868.62
406107,0.65,2.8156,9.6498,1413,2869.3
406112,2.0985,3.5015,10.6087,1403,2869.3
406117,-2.6851,0.3915,11.9902,1395,5451.57
406122,-4.4855,-0.1197,11.2827,1413,5451.57
406127,-0.3519,2.5941,9.3889,1402,6059.38
406132,2.2098,3.48,10.5776,1405,6059.38
406137,-1.5479,0.8116,11.5796,1401,5452.56
406142,-3.4309,-0.9756,12.3613,1403,5452.56
406147,-1.5227,2.1727,9.3218,1401,6058.16
406152,2.1452,3.5087,10.5979,1404,6058.16
406157,2.0901,2.1189,11.0504,1403,5448.6
406162,-3.6883,-1.1779,12.1326,1417,5448.6
406167,-2.7414,1.834,9.4918,1407,6060.61
406172,1.8615,3.2681,10.4794,1399,6060.61
406177,1.9525,2.0399,11.0816,1417,6060.61
406182,-2.9329,0.2274,12.1781,1403,4037.69
406187,-3.7326,1.4688,9.8043,1413,4037.69
406192,0.0012,2.6312,9.4655,1395,4037.69
406197,2.6791,3.2441,10.6159,1402,4037.69
406202,-3.1807,-0.4465,12.4463,1401,4037.69
406207,-4.3096,0.9122,10.422,1399,2869.17
406212,1.0714,2.903,9.8857,1391,2869.17
406217,2.4265,3.4991,10.5237,1415,5288.21
406222,-2.9592,0.073,12.2032,1400,5288.21
406227,-4.446,0.1437,10.9966,1414,5288.21
406232,0.2107,2.6755,9.4954,1397,3843.69
406237,1.9477,3.3603,10.4722,1407,3843.69
406242,-0.5052,1.1097,11.4682,1399,3843.69
406254,-17.358,-2.1931,46.1219,1395,3586.37
406257,2.1799,3.5877,10.562,1405,3586.37
406262,-0.7302,1.0534,11.4742,1399,3586.37
406267,-3.9756,-1.0127,11.9698,1399,3586.37
406272,-2.1009,2.0506,9.3793,1401,2390.91
406284,0.0,-28.7723,0.1556,1403,2390.91
406287,-3.5279,-1.1253,12.2882,1405,2390.91
406292,-3.1939,1.6592,9.6211,1405,2868.89
406297,1.7358,3.2298,10.3406,1405,2868.89
406302,2.4146,2.3762,10.8577,1420,2868.89
406307,-3.213,-0.7829,12.4283,1395,2868.89
406312,-4.0522,1.16,10.0616,1415,2868.89
406317,1.2869,3.0311,10.0736,1399,2869.44
406322,2.6456,2.958,-0.0012,1401,2869.44
406327,-3.0694,-0.2023,12.3684,1400,2869.44
406332,-4.4999,0.5986,10.6518,1401,2869.44
406337,0.6416,2.879,9.7013,1407,2869.17
406342,2.0985,3.4991,10.568,1403,2869.17
406347,-2.4529,-0.0012,-0.0012,1391,5448.6
406352,-4.4317,-0.091,11.2851,1416,5448.6
406357,-0.3029,2.551,9.4152,1403,6061.83
406362,2.393,3.6188,10.5788,1401,6061.83
406367,-1.5754,0.8571,11.5987,1399,6061.83
406372,-4.0474,-0.832,11.734,1403,4637.86
406377,-1.5215,2.1883,9.244,1403,4637.86
406382,2.1165,3.5207,10.5572,1404,4637.86
406387,0.2227,1.2965,11.2444,1399,4637.86
406392,-3.7577,-1.2115,12.1793,1416,4637.86
406397,-2.7366,1.8136,9.4344,1401,2077.85
406402,1.81,3.3399,10.4818,1387,2077.85
406407,1.8794,2.0375,11.0253,1416,2077.85
406412,-2.8623,0.2298,12.1075,1402,5449.59
406417,-3.7601,1.4353,9.8689,1399,5449.59
406422,1.5933,3.1256,10.2161,1399,6063.06
406427,2.6959,2.7066,10.8469,1404,6063.06
406432,-3.2034,-0.4812,12.4367,1395,6063.06
406437,-4.2689,0.9218,10.4698,1399,6063.06
406442,1.063,2.9616,9.8282,1395,2869.85
406447,2.7366,3.219,10.7009,1415,2869.85
406452,-3.0107,0.0874,12.2236,1397,2869.85
406457,-4.4484,0.2107,11.0277,1399,2869.85
406462,0.2598,2.6827,9.5086,1404,2869.85
406467,2.4433,3.5159,10.6279,1405,2869.85
406472,-2.3343,0.5279,11.8824,1400,2869.85
406477,-4.3203,-0.5076,11.5137,1403,2869.85
406482,-0.8559,2.4385,9.3122,1403,2869.44
406487,2.0147,3.4465,10.5058,1407,2869.44
406492,2.5127,2.4876,10.9068,1398,2869.44
406497,-3.4884,-1.093,12.293,1399,4637.14
406502,-2.1404,2.0339,9.3242,1400,4637.14
406507,2.1093,3.474,10.5453,1403,4637.14
406512,2.5019,2.405,10.9223,1415,4637.14
406517,-3.5542,-1.1408,12.3026,1404,4637.14
406522,-3.1735,1.6328,9.5768,1401,2077.27
406527,1.7765,3.2477,10.3825,1403,2077.27
406532,2.4349,2.3403,10.9439,1407,2077.27
406537,-3.2932,-0.8595,12.4319,1396,2077.27
406542,-4.0342,1.1935,10.1215,1417,2077.27
406547,1.3779,3.0047,10.0616,1385,2869.3
406552,2.6995,3.1065,-0.0012,1385,2869.3
406557,-3.1161,-0.2777,12.3445,1385,2869.3
406562,-4.4412,0.6656,10.6554,1391,4027.66
406567,0.7506,2.7904,9.7648,1399,4027.66
406572,2.0865,3.3974,10.6422,1397,6266.97
406577,-2.8431,0.3831,11.91,1388,6266.97
406582,-4.0259,-0.1341,11.2731,1391,6266.97
406587,-0.5183,2.4768,9.5062,1385,3365.11
406592,2.0135,3.5829,10.5872,1404,3365.11
406597,-1.0953,1.0211,11.3988,1392,3365.11
406602,-3.4058,-0.9828,11.7507,1405,3365.11
406607,-3.7493,0.9972,10.4076,1407,2798.64
406612,1.5838,3.2477,10.5943,1397,2798.64
406617,1.4138,2.0578,10.9834,1399,2798.64
406622,-2.8742,-0.3795,12.0919,1397,2798.64
406627,-3.4417,1.1779,10.1706,1405,2798.64
406632,1.0858,2.964,10.3106,1392,2786.55
406637,2.1931,3.073,10.6769,1407,2786.55
406642,-2.9125,-0.0168,11.9806,1395,2786.55
406647,-3.699,0.3184,11.0049,1415,2786.55
406652,0.0718,2.6803,9.9611,1403,2779.58
406657,1.8064,3.5326,10.3489,1405,2779.58
406662,1.4736,2.1237,10.9331,1397,2779.58
406667,-3.4477,-0.7302,11.5305,1401,2779.58
406672,-1.7693,2.0961,9.76,1401,2775.72
406677,1.5634,-0.0012,-0.0012,1399,2775.72
406682,0.9182,1.8244,11.0852,1401,2775.72
406687,-2.8862,-0.9577,11.9459,1399,2775.72
406692,-3.1125,1.2929,10.1861,1407,2775.72
406697,1.1277,2.9904,10.3896,1400,2773.54
406702,2.1691,2.8826,10.574,1408,2773.54
406707,-2.8611,-0.1185,12.0189,1399,2773.54
406712,-3.6715,0.34,10.9116,1407,2773.54
406717,0.1137,2.7545,10.0676,1405,2772.0
406722,1.7729,3.5913,10.3884,1407,2772.0
406727,-2.3116,0.8392,11.6023,1397,5267.32
406732,-3.4321,-0.6584,11.4479,1401,5267.32
406737,-1.5407,2.1691,9.8833,1405,5851.38
406742,1.5203,3.3387,10.3549,1397,5851.38
406747,0.7242,1.7992,11.224,1415,5851.38
406752,-2.9293,0.0359,11.9243,1401,5851.38
406757,-2.9796,1.2869,10.1861,1413,5851.38
406762,1.1097,2.9688,10.3166,1399,2772.26
406767,2.1069,2.8431,10.6578,1416,2772.26
406772,-2.8264,-0.1891,11.9088,1397,2772.26
406777,-3.6691,0.4549,10.908,1407,2772.26
406782,0.2131,2.7833,10.0497,1400,2771.87
406787,1.8902,3.5686,10.4124,1390,2771.87
406792,1.1145,1.9465,11.1223,1392,2771.87
406797,-3.4429,-0.5435,11.4551,1401,3903.2
406802,-1.4533,2.2087,9.8928,1405,3903.2
406807,1.5287,3.3627,10.4543,1389,3903.2
406812,0.498,1.7274,11.2468,1421,3903.2
406817,-2.8563,-1.0989,11.8214,1399,3903.2
406822,-3.0586,1.3623,10.1562,1431,3903.2
406827,1.148,2.9688,10.3896,1396,2149.0
406832,2.1548,2.8299,10.7045,1401,2149.0
406837,-2.8395,-0.2658,11.989,1399,2149.0
406842,-3.6919,0.5207,10.8278,1407,2149.0
406847,0.3783,2.818,10.0712,1403,2772.0
406852,1.9381,3.5039,10.386,1399,2772.0
406857,-2.4565,0.7362,11.6586,1398,2772.0
406862,-3.5063,-0.5555,11.3689,1397,2772.0
406867,-1.3982,2.2398,9.8845,1407,2772.0
406872,1.6041,3.3734,10.4375,1391,2772.0
406877,0.4238,1.6532,11.2228,1413,2772.0
406882,-2.9413,-1.0499,11.7998,1400,2772.0
406887,-2.9832,1.4377,10.1658,1415,2772.0
406892,1.2186,2.9688,10.3765,1399,2772.13
406897,2.1213,2.7821,10.7512,1407,2772.13
406902,-2.8443,-0.267,11.9554,1399,2772.13
406907,-3.5817,0.5578,10.8074,1404,2772.13
406912,0.3938,2.7773,10.0437,1396,2771.75
406917,1.8914,3.4979,10.3753,1396,2771.75
406922,-2.4924,0.6919,11.6717,1400,2771.75
406927,-3.547,-0.5399,11.3952,1400,2771.75
406932,-1.3587,2.2948,9.8354,1402,2771.75
406937,1.6316,3.3938,10.4172,1399,2771.75
406942,0.3089,1.5993,11.2623,1415,2771.75
406947,-3.0047,-1.0199,11.7268,1401,2771.75
406952,-2.8599,1.4521,10.1011,1415,2771.75
406957,1.1756,3.0167,10.3729,1395,2771.75
406962,2.0877,2.7402,10.7871,1405,2771.75
406967,-2.8455,-0.3591,11.9219,1395,2771.75
406972,-3.6117,0.5734,10.7907,1403,2771.75
406977,0.4178,2.7713,10.0473,1395,2771.87
406982,1.9297,3.4776,10.4088,1399,2771.87
406987,-2.6492,0.644,11.6717,1399,2771.87
406992,-3.5135,-0.431,11.3581,1403,2771.87
406997,-1.2414,2.2936,9.9,1403,2772.13
407002,1.567,3.4417,10.41,1402,2772.13
407007,1.6771,2.1883,10.9954,1416,2772.13
407012,-3.0011,-1.0989,11.7723,1403,2772.13
407017,-2.8204,1.4832,10.0999,1407,2772.13
407022,1.2127,2.9963,10.404,1397,2772.0
407027,2.0602,2.6492,10.7943,1403,2772.0
407032,-2.8144,-0.4788,11.9351,1395,2772.0
407037,-3.6117,0.6261,10.72,1398,2772.0
407042,0.4812,2.8467,10.1454,1397,2771.87
407047,1.968,3.4656,10.4148,1401,2771.87
407052,-2.6671,0.6045,11.661,1399,2771.87
407057,-3.535,-0.3352,11.3318,1401,2771.87
407062,-1.0786,2.3308,9.9084,1399,2771.87
407067,1.5993,3.4297,10.4136,1402,2771.87
407072,-0.0515,1.4712,11.2623,1415,2771.87
407077,-3.0418,-1.1157,11.7807,1422,2771.87
407082,-2.7318,1.4808,10.0963,1414,2771.87
407087,1.2498,2.976,10.398,1398,2772.0
407092,2.0279,2.648,10.8505,1401,2772.0
407097,-2.8551,-0.4477,12.0093,1395,2772.0
407102,-3.5231,0.6764,10.6686,1399,2772.0
407107,0.5854,2.824,10.1359,1401,2771.87
407112,1.9992,3.4417,10.4686,1403,2771.87
407124,0.0,-28.7723,0.1556,1401,2771.87
407127,-0.9816,2.3834,9.8653,1401,2771.62
407132,1.5886,3.4369,10.404,1405,2771.62
407137,-0.2286,1.4234,11.321,1415,2771.62
407142,-2.8814,-0.2203,12.0081,1401,2771.62
407147,-2.6971,1.5622,10.0916,1413,2771.62
407152,1.2222,3.0694,10.4004,1396,2771.62
407157,1.9848,2.5905,10.8433,1423,2771.62
407162,-2.7892,-0.4585,11.9052,1395,2771.62
407167,-3.5482,0.735,10.6829,1401,2771.62
407172,0.6177,2.8264,10.1263,1405,2771.49
407177,2.0171,3.383,10.4806,1405,2771.49
407182,-2.8048,0.5171,11.7591,1401,2771.49
407187,-3.6224,-0.2957,11.3234,1401,2771.49
407192,-0.9409,2.3727,9.8976,1405,2771.62
407197,1.6173,3.456,10.4279,1405,2771.62
407202,-0.328,1.4174,11.2911,1415,2771.62
407207,-3.0921,-1.057,11.7495,1399,2771.62
407212,-2.6181,1.6005,10.0604,1403,2771.62
407217,1.2821,3.0777,10.4076,1395,2771.49
407222,2.0051,2.5115,10.8769,1392,2771.49
407227,-2.7857,-0.5578,11.9064,1397,2771.49
407232,-3.6009,0.735,10.5836,1399,2771.49
407237,0.6608,2.8228,10.1215,1405,2771.87
407242,2.0171,3.383,10.4603,1403,2771.87
407247,-2.8802,0.5064,11.7926,1405,2771.87
407252,-3.5997,-0.2478,11.2707,1403,2771.87
407257,-0.8128,2.4457,9.8629,1403,2771.75
407262,1.6963,3.5255,10.4399,1406,2771.75
407267,-0.4992,1.3587,11.3018,1415,2771.75
407272,-3.1149,-1.069,11.6849,1397,2771.75
407277,-2.5642,1.5909,10.064,1396,2771.75
407282,1.3144,3.0574,10.4339,1397,2771.75
407287,1.9261,2.4696,10.8924,1397,2771.75
407292,-2.8491,-0.6632,11.9219,1397,2771.75
407297,-3.5494,0.8021,10.6291,1401,2771.75
407302,0.7302,2.891,10.2232,1407,2772.13
407307,1.6305,3.4405,10.4698,1417,2772.13
407312,-2.9054,0.4824,11.7436,1401,2772.13
407317,-3.6284,-0.1891,11.2264,1405,2772.13
407322,-0.7003,2.4888,9.9228,1401,2772.64
407327,1.7095,3.5135,10.4327,1403,2772.64
407332,-0.5914,1.2953,11.3605,1407,2772.64
407337,-3.1951,-1.0726,11.7675,1397,2772.64
407342,-2.5355,1.6676,9.9288,1399,2772.64
407347,1.3707,3.0849,10.4411,1397,2772.64
407352,1.8699,2.4253,10.89,1401,2772.64
407357,-2.8527,-0.6189,11.9758,1400,2772.64
407362,-3.5027,0.8356,10.5381,1402,2772.64
407367,0.7925,2.9173,10.2232,1407,2773.16
407372,2.071,3.3459,10.4579,1407,2773.16
407377,-2.9329,0.407,11.8094,1400,2773.16
407382,-3.6859,-0.1604,11.1857,1404,2773.16
407387,-0.6428,2.4744,9.8222,1402,2773.41
407392,1.7095,3.4812,10.4064,1401,2773.41
407397,-0.8894,1.2175,11.4431,1400,2773.41
407402,-3.2262,-1.0223,11.6849,1390,2773.41
407407,-2.411,1.7514,9.9443,1400,2773.41
407412,1.4545,3.1987,10.4746,1401,2773.67
407417,1.8543,2.332,10.9798,1401,2773.67
407422,-2.806,-0.6979,11.9159,1401,2773.67
407427,-3.4943,0.893,10.477,1401,2773.67
407432,0.8332,2.8587,10.1825,1413,2774.05
407437,2.1069,3.2585,10.5584,1403,2774.05
407442,-2.9317,0.3184,11.7687,1400,2774.05
407447,-3.7625,-0.067,11.1462,1399,2774.05
407452,-0.4776,2.5678,9.9264,1400,2774.05
407457,1.7454,3.5314,10.4866,1399,2774.05
407462,-1.1133,1.1911,11.394,1399,2774.05
407467,-3.2956,-0.923,11.6909,1405,2774.05
407472,-2.2841,1.7933,9.997,1401,2774.05
407477,1.4724,3.1771,10.4471,1402,2773.8
407482,1.7035,2.1943,10.9176,1407,2773.8
407487,-2.8287,-0.8595,11.9207,1401,2773.8
407492,-3.4991,0.9361,10.422,1401,3904.98
407497,0.9146,2.909,10.2627,1401,3904.98
407502,1.7705,3.5422,10.4303,1407,3904.98
407507,-2.9928,0.2777,11.8429,1400,3904.98
407512,-3.7601,0.0527,11.0911,1391,2546.04
407517,-0.3208,2.63,9.9168,1403,2546.04
407522,1.834,3.5817,10.41,1401,2546.04
407527,-1.3431,1.1109,11.4251,1400,2546.04
407532,-3.2753,-0.9074,11.5772,1407,3386.2
407537,-2.1739,1.8411,9.8892,1398,7273.61
407542,1.4377,3.128,10.477,1413,7273.61
407547,1.5395,2.1165,11.0097,1403,7273.61
407552,-2.8754,-0.8882,11.9315,1399,7273.61
407557,-3.6847,-0.0922,11.2204,1399,7273.61
407562,0.9756,2.9078,10.307,1416,2773.03
407567,2.1727,3.1795,10.5524,1400,2773.03
407572,-3.0035,0.2167,11.8633,1397,2773.03
407577,-3.6703,0.1113,11.066,1397,2773.03
407582,-0.2083,2.6552,9.9264,1397,2772.64
407587,1.7825,3.5087,10.4016,1403,2772.64
407592,-1.5287,1.0163,11.479,1399,2772.64
407597,-3.3351,-0.9876,11.6119,1407,2772.64
407602,-2.1296,1.8854,9.8713,1401,2772.0
407607,1.4617,3.2022,10.5919,1405,2772.0
407612,1.4832,2.1237,11.0624,1407,2772.0
407617,-2.879,-0.8452,11.9112,1400,4478.28
407622,-3.3232,1.1277,10.3585,1399,4478.28
407627,1.0044,2.9832,10.2951,1405,7271.85
407632,2.1799,3.1065,10.5261,1401,7271.85
407637,-2.9509,0.1508,11.9028,1395,7271.85
407642,-3.7397,0.1041,11.0421,1401,7271.85
407647,-0.2071,2.6516,9.9503,1401,2771.23
407652,1.798,3.5326,10.4267,1406,2771.23
407657,1.8244,2.3236,10.9463,1399,2771.23
407662,-3.3986,-0.8212,11.5999,1407,2771.23
407667,-1.9333,2.0039,9.8725,1401,2771.23
407672,1.4964,3.2429,10.4603,1404,2771.23
407677,1.3922,2.0399,11.0768,1413,2771.23
407682,-2.7952,-0.3783,11.9387,1403,5262.7
407687,-3.4093,1.1049,10.3058,1399,5262.7
407692,1.0439,2.9461,10.2723,1407,5852.52
407697,2.1668,3.067,10.5596,1401,5852.52
407702,-2.9975,0.0898,11.8633,1387,5852.52
407707,-3.7314,0.1975,11.0217,1401,5852.52
407712,-0.0862,2.6827,10.0078,1400,2771.23
407717,1.6197,3.4405,10.5249,1407,2771.23
407722,-1.7717,1.0068,11.4539,1399,2771.23
407727,-3.3483,-0.8021,11.5508,1413,2771.23
407732,-1.998,1.9609,9.821,1413,2771.23
407737,1.5718,3.213,10.5345,1405,2771.23
407742,1.324,2.0063,11.0361,1407,2771.23
407747,-2.879,-1.008,11.9459,1401,2771.23
407752,-3.3243,1.1229,10.2879,1399,2771.23
407757,1.075,2.9676,10.3501,1397,2772.0
407762,2.1572,3.1101,10.6362,1401,2772.0
407767,-2.9544,0.0694,11.9566,1391,2772.0
407772,-3.7781,0.231,10.9798,1403,2772.0
407777,-0.0455,2.7186,10.0102,1403,2772.0
407782,1.9549,3.5757,10.416,1415,2772.0
407787,-1.8998,0.9661,11.5604,1395,2772.0
407792,-3.3962,-0.8559,11.4862,1406,2772.0
407797,-1.8256,1.9752,9.9012,1405,2772.26
407802,1.5107,3.1975,10.4459,1402,2772.26
407807,1.1887,1.9549,11.1378,1407,2772.26
407812,-2.9209,-0.9541,11.9135,1399,2772.26
407817,-3.2573,1.2558,10.2831,1397,2772.26
407822,1.1085,2.9676,10.3657,1396,2772.64
407827,2.2182,3.0311,10.6434,1401,2772.64
407832,-3.0035,0.0275,11.9052,1389,2772.64
407837,-3.6739,0.2634,10.9391,1407,2772.64
407842,0.0646,2.7019,9.9683,1396,2773.03
407847,1.834,3.4955,10.4088,1414,2773.03
407852,-2.0399,0.8643,11.5233,1399,2773.03
407857,-3.4477,-0.7781,11.5137,1407,2773.03
407862,-1.7538,2.0901,9.8689,1408,2773.16
407867,1.4976,3.3243,10.4962,1401,2773.16
407872,1.0499,1.8735,11.1809,1401,2773.16
407877,-2.8742,-0.9828,11.8764,1401,5265.47
407882,-3.1999,1.2845,10.1873,1397,5265.47
407887,1.1791,2.9497,10.3022,1395,5858.8
407892,2.2434,2.8874,10.6362,1403,5858.8
407897,-2.9784,-0.0982,11.9171,1392,5858.8
407902,-3.6966,0.2885,10.8852,1407,5858.8
407907,0.1209,2.7282,10.0604,1405,2773.16
407912,1.8914,3.5027,10.4184,1407,2773.16
407917,-2.1727,0.8464,11.6298,1398,2773.16
407922,-3.4536,-0.6764,11.4682,1415,2773.16
407927,-1.6269,2.1703,9.8857,1405,2773.16
407932,1.5431,3.3363,10.4698,1401,2773.16
407937,0.8978,1.7789,11.1582,1407,2773.16
407942,-2.8347,-1.0403,11.8705,1391,2773.16
407947,-3.2238,1.251,10.1598,1402,2773.16
407952,1.1696,2.9628,10.3513,1397,2773.41
407957,2.2063,2.8503,10.7224,1406,2773.41
407962,-2.9796,-0.1772,11.9207,1395,2773.41
407967,-3.7625,0.4417,10.8146,1407,2773.41
407972,0.2598,2.8323,10.0952,1406,2773.28
407977,1.98,3.559,10.4088,1415,2773.28
407982,-2.3619,0.8464,11.6442,1399,2773.28
407987,-3.4477,-0.5997,11.4263,1407,2773.28
407992,-1.4688,2.1656,9.8366,1405,2772.64
407997,1.5742,3.3184,10.4722,1399,2772.64
408002,0.6213,1.7071,11.2132,1403,2772.64
408007,-3.0143,-1.1061,11.8309,1398,2772.64
408012,-3.0454,1.3288,10.1514,1403,2772.64
408017,1.1313,2.9772,10.4447,1397,2772.64
408022,2.1416,2.8407,10.7057,1407,2772.64
408027,-2.9245,-0.1939,11.9818,1397,2772.64
408032,-3.6679,0.4729,10.799,1415,2772.64
408037,0.3819,2.8108,10.0999,1403,2772.13
408042,1.962,3.4704,10.3884,1405,2772.13
408047,-2.4325,0.7422,11.6753,1397,2772.13
408052,-3.5542,-0.6153,11.3677,1407,2772.13
408057,-1.3719,2.217,9.9036,1403,2772.0
408062,1.5742,3.3339,10.471,1396,2772.0
408067,0.5004,1.6747,11.2085,1403,2772.0
408072,-3.0634,-1.0582,11.8274,1399,2772.0
408077,-2.9628,1.4198,10.1251,1407,2772.0
408082,1.2546,3.0191,10.4136,1399,2772.52
408087,2.1859,2.788,10.7296,1407,2772.52
408092,-2.909,-0.2634,11.9363,1399,2772.52
408097,-3.6512,0.4645,10.7105,1415,2772.52
408102,0.3735,2.8048,10.0568,1405,2772.52
408107,1.9477,3.4572,10.4016,1407,2772.52
408112,-2.5905,0.6823,11.6861,1398,2772.52
408117,-3.5889,-0.5339,11.4024,1400,2772.52
408122,-1.2845,2.2446,9.8713,1401,2772.64
408127,1.6508,3.3842,10.4663,1395,2772.64
408132,0.3938,1.6568,11.2755,1407,2772.64
408137,-3.0347,-1.0918,11.7448,1398,2772.64
408142,-2.8778,1.4521,10.0676,1413,2772.64
408147,1.2163,3.0323,10.3956,1391,2773.03
408152,2.1368,2.6719,10.8086,1413,2773.03
408157,-2.8611,-0.3615,11.959,1395,5263.62
408162,-3.6871,0.571,10.6937,1406,5263.62
408167,0.4621,2.8192,10.1394,1403,5859.38
408172,1.81,3.5542,10.4052,1413,5859.38
408177,-2.6731,0.6871,11.734,1400,5267.32
408182,-3.5829,-0.3903,11.3413,1401,5267.32
408187,-1.1157,2.3715,9.8881,1403,5854.23
408192,1.64,3.3842,10.4112,1397,5854.23
408197,1.6604,2.2051,10.9774,1413,5854.23
408202,-2.9892,-0.2179,11.9088,1400,5264.08
408207,-2.8048,1.4497,10.0449,1415,5264.08
408212,1.2414,2.9497,10.3932,1398,5861.66
408217,2.1009,2.6791,10.823,1405,5861.66
408222,-2.9269,-0.4357,12.0153,1400,5861.66
408227,-3.6547,0.7015,10.7117,1407,5861.66
408232,0.6189,2.8982,10.161,1403,2772.64
408237,1.5658,3.316,10.3992,1403,2772.64
408242,-2.7545,0.5602,11.74,1398,2772.64
408247,-3.5889,-0.395,11.3042,1397,2772.64
408252,-1.0211,2.3954,9.8665,1405,2774.18
408257,1.6149,3.377,10.4232,1398,2774.18
408262,-0.0994,1.4521,11.3377,1415,2774.18
408267,-3.1532,-1.1372,11.7519,1403,2774.18
408272,-2.745,1.5838,10.0676,1417,2774.18
408277,1.2809,3.0634,10.4686,1400,2774.05
408282,2.0722,2.5989,10.8134,1407,2774.05
408287,-2.8623,-0.4609,11.9207,1399,2774.05
408292,-3.6296,0.7051,10.6111,1413,3902.69
408297,0.6476,2.8814,10.2125,1395,3902.69
408302,1.5694,3.389,10.471,1399,6135.6
408307,-2.818,0.5519,11.795,1399,6135.6
408312,-3.6727,-0.334,11.2204,1407,6135.6
408317,-0.9206,2.4026,9.906,1400,3314.37
408329,1.6424,3.4297,10.3825,1404,3314.37
408332,-2.8671,-0.3484,11.9686,1395,3314.37
408337,-2.6384,1.6412,9.9958,1407,3314.37
408342,1.3455,3.0897,10.4483,1395,2773.93
408347,2.0267,2.5259,10.8541,1395,2773.93
408352,-2.8587,-0.5746,11.9531,1387,2773.93
408357,-3.5422,0.747,10.5189,1395,2773.93
408362,0.68,2.8527,10.2017,1399,2773.41
408367,2.0435,3.2908,10.4531,1399,2773.41
408372,-2.9078,0.4585,11.8118,1399,2773.41
408377,-3.7098,-0.2358,11.2923,1399,2773.41
408382,-0.7781,2.5199,9.9144,1396,2772.77
408387,1.7226,3.5111,10.4112,1396,2772.77
408392,-0.6045,1.3503,11.3234,1403,2772.77
408397,-2.879,-0.4345,11.9076,1395,2772.77
408402,-2.4924,1.6795,9.9802,1401,2772.77
408407,1.3611,3.0598,10.4447,1385,2772.39
408412,1.8854,2.3942,10.9415,1395,2772.39
408417,-2.879,-0.7039,11.977,1392,2772.39
408422,-3.5099,0.8607,10.5225,1390,2772.39
408427,0.7949,2.885,10.2879,1403,2772.39
408432,2.071,3.3375,10.4495,1398,2772.39
408437,-2.9509,0.4417,11.8669,1414,2772.39
408442,-3.6763,-0.0922,11.1594,1398,2772.39
408447,-0.674,2.5019,9.9635,1397,2772.39
408452,1.719,3.4848,10.3825,1403,2772.39
408457,-0.7781,1.2617,11.3988,1421,2772.39
408462,-3.237,-1.1456,11.6191,1397,2772.39
408467,-2.3966,1.6975,9.9814,1397,2772.39
408472,1.3982,3.0658,10.4938,1397,2772.39
408477,1.8364,2.4074,11.0014,1395,2772.39
408482,-2.8683,-0.6907,11.9267,1394,2772.39
408487,-3.4919,0.9146,10.5429,1395,2772.39
408492,0.8511,2.9042,10.24,1403,2772.77
408497,2.1811,3.2908,10.4686,1403,2772.77
408502,-2.9269,0.3352,11.807,1405,2772.77
408507,-3.6895,-0.097,11.1414,1397,2772.77
408512,-0.5555,2.5343,9.9156,1399,2772.64
408517,1.7418,3.4884,10.3561,1403,2772.64
408522,-0.9816,1.2246,11.473,1371,2772.64
408527,-3.2944,-0.9888,11.6238,1391,2772.64
408532,-2.3451,1.7849,9.9754,1391,2772.64
408537,1.3671,3.1328,10.398,1395,2772.52
408542,1.8064,2.3559,11.0073,1397,2772.52
408547,-2.8814,-0.7171,11.9411,1391,5266.85
408552,-3.4441,0.9397,10.4447,1395,5266.85
408557,0.8595,2.9185,10.2723,1403,5855.94
408562,2.1249,3.2178,10.5369,1401,5855.94
408567,-2.9712,0.2717,11.8489,1397,5855.94
408572,-3.7733,-0.0611,11.0816,1397,5855.94
408577,-0.4705,2.5534,9.9108,1396,2772.77
408582,1.7921,3.4979,10.3669,1395,2772.77
408587,-1.1983,1.1756,11.5137,1397,2772.77
408592,-3.0227,0.0527,11.9531,1390,2772.77
408597,-2.2098,1.8435,9.9012,1390,2772.77
408602,1.4485,3.1879,10.4411,1394,2772.64
408607,1.719,2.2266,11.0229,1395,2772.64
408612,-2.8395,-0.8631,11.8501,1391,2772.64
408617,-3.4393,0.9529,10.4196,1397,2772.64
408622,0.9313,2.9054,10.2891,1403,2772.64
408627,2.1129,3.1807,10.5668,1398,2772.64
408632,-3.0347,0.2071,11.8082,1395,2772.64
408637,-3.7445,0.0826,11.1163,1395,2772.64
408642,-0.3244,2.6252,9.9695,1395,2772.39
408647,1.5993,3.3555,10.4291,1395,2772.39
408652,1.8794,2.3631,10.92,1395,2772.39
408657,-3.3124,-0.9732,11.5652,1399,2772.39
408662,-2.1524,1.834,9.9551,1389,2772.39
408667,1.4329,3.1352,10.4746,1396,2772.39
408672,1.5694,2.162,11.0277,1397,2772.39
408677,-2.9209,-0.9122,11.9159,1395,2772.39
408682,-3.4117,1.0546,10.3956,1399,2772.39
408687,1.0139,2.9305,10.307,1401,2772.39
408692,2.1955,3.1843,10.5297,1399,2772.39
408697,-2.9999,0.1903,11.8549,1395,2772.39
408702,-3.699,0.1389,11.0157,1395,2772.39
408707,-0.2442,2.642,9.9838,1395,2772.64
408712,1.5634,3.3076,10.3968,1396,2772.64
408717,-1.4664,1.0463,11.4958,1396,2772.64
408722,-3.3662,-0.9254,11.5664,1401,2772.64
408727,-2.0877,1.9058,9.8629,1396,3465.6
408732,1.4521,3.1747,10.4339,1398,3465.6
408737,1.494,2.2027,11.0768,1397,3465.6
408742,-2.9269,-0.8595,11.8872,1397,3465.6
408747,-3.3327,1.0989,10.3705,1397,3465.6
408752,1.0618,2.9473,10.2903,1403,2310.89
408757,2.2182,3.1089,10.5931,1399,2310.89
408762,-2.9975,0.1245,11.8776,1391,2310.89
408767,-3.7433,0.1448,11.0133,1390,2310.89
408772,-0.1233,2.6576,9.9766,1394,2773.16
408777,1.8328,3.4931,10.386,1399,2773.16
408782,-1.7035,0.9673,11.5233,1391,2773.16
408787,-3.4273,-0.8499,11.552,1402,2773.16
408792,-1.9285,1.9573,9.9168,1401,2772.9
408797,1.5383,3.2645,10.4363,1399,2772.9
408802,1.3779,2.0566,11.0816,1403,2772.9
408807,-2.9161,-0.9182,11.8549,1397,2772.9
408812,-3.2525,1.1277,10.3034,1395,2772.9
408817,1.063,2.909,10.2891,1401,2772.9
408822,2.2087,3.0574,10.6231,1395,2772.9
408827,-3.0119,0.0587,11.892,1382,2772.9
408832,-3.7254,0.249,10.987,1391,2772.9
408837,-0.0778,2.6803,10.0401,1397,2772.64
408842,1.9046,3.5314,10.4088,1400,2772.64
408847,-1.8914,0.9697,11.6155,1392,2772.64
408852,-3.4477,-0.7542,11.4586,1403,2772.64
408857,-1.8052,2.0518,9.8737,1395,2772.52
408862,1.5526,3.2729,10.3801,1397,2772.52
408867,1.1839,1.9632,11.1737,1401,2772.52
408872,-2.8958,-1.0618,11.8597,1399,2772.52
408877,-3.2585,1.1313,10.307,1389,2772.52
408882,1.0666,2.9293,10.3082,1406,2827.39
408887,2.1775,3.0107,10.6674,1391,2827.39
408892,-2.9844,-0.0275,11.8513,1389,2827.39
408897,-3.7685,0.3172,10.902,1399,2827.39
408902,0.073,2.7845,9.9766,1391,2720.47
408907,1.6927,3.4488,10.4076,1403,2720.47
408912,-2.0542,0.8763,11.5329,1395,2720.47
408917,-3.4441,-0.7482,11.4838,1403,2720.47
408922,-1.7059,2.0219,9.8581,1399,2773.54
408927,1.5024,3.2884,10.4902,1399,2773.54
408932,1.0355,1.8172,11.151,1403,2773.54
408937,-2.9102,-0.5459,11.9531,1398,5266.39
408942,-3.1915,1.2546,10.234,1396,5266.39
408947,1.1696,2.9449,10.3561,1391,5860.52
408952,2.2386,2.976,10.659,1386,5860.52
408957,-2.9616,-0.0599,11.9219,1385,5860.52
408962,-3.7206,0.3711,10.9188,1401,5860.52
408967,0.1879,2.7306,9.9994,1397,2773.93
408972,1.7226,3.4261,10.4184,1403,2773.93
408977,-2.2063,0.7997,11.6071,1395,2773.93
408982,-3.5087,-0.7374,11.4191,1399,2773.93
408987,-1.5921,2.0889,9.8545,1403,2773.93
408992,1.5634,3.3184,10.4902,1399,2773.93
408997,0.8368,1.8052,11.2073,1407,2773.93
409002,-2.9604,0.1018,11.8908,1404,5265.01
409007,-3.1304,1.3431,10.1742,1389,5265.01
409012,1.2426,2.9987,10.3549,1387,5861.66
409017,2.2398,2.879,10.7129,1397,5861.66
409022,-2.9425,-0.1808,11.898,1386,5861.66
409027,-3.7781,0.3795,10.8433,1403,5861.66
409032,0.2418,2.7689,10.0209,1399,2773.8
409037,1.7633,3.5123,10.4675,1401,2773.8
409042,-2.3942,0.7709,11.6047,1391,2773.8
409047,-3.5853,-0.6033,11.4179,1401,2773.8
409052,-1.488,2.2218,9.8438,1401,2773.28
409057,1.658,3.3782,10.4734,1397,2773.28
409062,0.6153,1.7238,11.23,1397,2773.28
409067,-3.0131,-1.0546,11.8166,1389,2773.28
409072,-3.0047,1.3599,10.1179,1400,2773.28
409077,1.2402,2.9724,10.3537,1381,2773.28
409082,2.2087,2.7869,10.75,1403,2773.28
409087,-2.0794,0.9074,11.6035,1389,2773.28
409092,-3.7038,0.4872,10.7967,1405,2773.28
409097,0.322,2.7916,10.1119,1399,2772.9
409102,1.9908,3.4776,10.4172,1399,2772.9
409107,-2.4948,0.741,11.6358,1385,2772.9
409112,-3.5662,-0.5088,11.3868,1400,2772.9
409117,-1.3623,2.229,9.8402,1399,2770.47
409122,1.6412,3.3794,10.4818,1391,2770.47
409127,0.4106,1.6137,11.2516,1397,2770.47
409132,-3.0275,-1.1085,11.7483,1385,2770.47
409137,-2.976,1.3563,10.161,1403,2770.47
409142,1.1923,2.9305,10.3609,1384,2768.42
409147,2.1081,2.8252,10.8206,1400,2768.42
409152,-2.9125,-0.2909,11.9112,1389,2768.42
409157,-3.6631,0.5866,10.8134,1403,2768.42
409162,0.4322,2.8287,10.0832,1398,2767.53
409167,1.962,3.5374,10.471,1399,2767.53
409172,-2.4888,0.723,11.5951,1383,2767.53
409177,-3.5243,-0.5291,11.3557,1403,2767.53
409182,-1.3132,2.1883,9.8605,1399,2767.14
409187,1.5107,3.3387,10.4926,1389,2767.14
409192,0.4752,1.6903,11.1953,1395,2767.14
409197,-3.0538,-1.0642,11.8764,1389,2767.14
409202,-2.9401,1.3647,10.1813,1399,2767.14
409207,1.1803,2.9975,10.3837,1388,2767.27
409212,2.1392,2.8168,10.7153,1400,2767.27
409217,-2.9281,-0.2095,11.9255,1375,2767.27
409222,-3.6212,0.4669,10.8409,1403,2767.27
409227,0.3807,2.8096,10.0628,1400,2767.27
409232,1.9273,3.4919,10.4064,1403,2767.27
409237,-2.4936,0.7302,11.5831,1391,2767.27
409242,-3.5314,-0.6033,11.4311,1403,2767.27
409247,-1.3874,2.2326,9.8916,1407,2767.27
409252,1.5778,3.3686,10.4483,1387,2767.27
409257,0.5195,1.7585,11.2563,1357,2767.27
409262,-3.0227,-1.0355,11.8345,1387,2767.27
409267,-2.97,1.3994,10.149,1389,2767.27
409272,1.2067,3.0382,10.4064,1391,2767.02
409277,2.1476,2.7833,10.7943,1404,2767.02
409282,-2.8838,-0.2155,11.8609,1387,2767.02
409287,-3.6751,0.4345,10.7835,1407,2767.02
409292,0.3136,2.7641,10.0521,1397,2767.14
409297,1.9668,3.5147,10.4363,1399,2767.14
409302,-2.4936,0.7626,11.6155,1391,2767.14
409307,-3.4991,-0.5543,11.4407,1407,2767.14
409312,-1.3874,2.2218,9.9156,1373,2767.27
409317,1.5981,3.3962,10.4615,1388,2767.27
409322,0.5638,1.749,11.2108,1405,2767.27
409327,-2.9425,-1.063,11.7627,1391,2767.27
409332,-2.9688,1.2749,10.1131,1391,2767.27
409337,1.1468,2.9592,10.386,1389,2767.53
409342,2.1344,2.8287,10.7141,1402,2767.53
409347,-2.9341,-0.2263,11.9483,1387,2767.53
409352,-3.7002,0.504,10.8326,1405,2767.53
409357,0.31,2.812,10.1143,1395,2768.04
409362,1.9573,3.5195,10.3789,1402,2768.04
409367,-2.4505,0.82,11.6035,1389,2768.04
409372,-3.4967,-0.571,11.3904,1405,2768.04
409377,-1.4257,2.1763,9.8881,1403,2768.29
409382,1.5167,3.2944,10.4615,1391,2768.29
409387,0.6273,1.6927,11.2635,1401,2768.29
409392,-3.0347,-1.093,11.7795,1384,2768.29
409397,-2.9963,1.3144,10.1945,1391,2768.29
409402,1.2043,2.9664,10.3501,1389,2767.91
409407,2.1632,2.8766,10.7356,1401,2767.91
409412,-2.9664,-0.182,11.9662,1380,2767.91
409417,-3.632,0.4429,10.8517,1403,2767.91
409422,0.3148,2.8132,10.0461,1397,2768.55
409427,1.9441,3.4884,10.3837,1405,2768.55
409432,-2.3846,0.7649,11.5508,1395,2768.55
409437,-3.4979,-0.668,11.3701,1406,2768.55
409442,-1.4664,2.2063,9.8354,1403,2768.55
409447,1.5239,3.298,10.5345,1395,2768.55
409452,0.6381,1.7214,11.2324,1401,2768.55
409457,-3.0095,-1.0223,11.8357,1385,2768.55
409462,-2.9916,1.3934,10.1586,1392,2768.55
409467,1.2186,3.0215,10.343,1389,2767.91
409472,2.1488,2.8671,10.7021,1397,2767.91
409477,-2.9401,-0.1532,11.9351,1387,2767.91
409482,-3.6631,0.3831,10.8314,1404,2767.91
409487,0.2825,2.7629,10.0772,1390,2768.17
409492,1.8687,3.4572,10.4363,1407,2768.17
409497,-2.393,0.8092,11.6382,1391,2768.17
409502,-3.5446,-0.65,11.4994,1413,2768.17
409507,-1.4629,2.217,9.8821,1401,2768.04
409512,1.6041,3.3387,10.4411,1395,2768.04
409517,0.6548,1.7777,11.2049,1403,2768.04
409522,-2.9628,-1.0427,11.8274,1395,2768.04
409527,-2.9987,1.3551,10.1945,1395,2768.04
409532,1.1791,2.9892,10.3585,1391,2768.29
409537,2.1751,2.7857,10.7368,1399,2768.29
409542,-2.9018,-0.2035,11.8932,1381,2768.29
409547,-3.6715,0.4118,10.8505,1403,2768.29
409552,0.2729,2.7928,10.0365,1389,2768.29
409557,1.9154,3.5506,10.4519,1404,2768.29
409562,-2.4277,0.8607,11.6574,1391,2768.29
409567,-3.5087,-0.5483,11.4084,1404,2768.29
409572,-1.4389,2.2075,9.8641,1399,2768.42
409577,1.6448,3.3435,10.4244,1395,2768.42
409582,0.6823,1.7154,11.1749,1401,2768.42
409587,-3.0035,-1.1384,11.801,1388,2768.42
409592,-3.0622,1.2857,10.1514,1394,2768.42
409597,1.1504,2.9437,10.4208,1391,2769.19
409602,2.1332,2.8683,10.7033,1396,2769.19
409607,-2.97,-0.17,11.9519,1385,2769.19
409612,-3.6883,0.504,10.8421,1403,2769.19
409617,0.3352,2.8048,10.0377,1400,2768.93
409622,1.992,3.5578,10.3741,1401,2768.93
409627,-2.3846,0.8272,11.5676,1396,2768.93
409632,-3.5422,-0.6045,11.3593,1405,2768.93
409637,-1.4593,2.2027,9.9527,1417,2769.06
409642,1.5886,3.2753,10.4938,1401,2769.06
409647,0.6644,1.7238,11.2097,1403,2769.06
409652,-2.9999,-1.0642,11.7675,1389,2769.06
409657,-3.0526,1.324,10.1323,1395,2769.06
409662,1.2127,2.9796,10.3884,1391,2769.32
409667,2.1799,2.8455,10.7296,1397,2769.32
409672,-2.9963,-0.17,11.9471,1387,2769.32
409677,-3.6895,0.4429,10.8757,1403,2769.32
409682,0.3244,2.7916,10.0568,1396,2769.19
409687,1.9405,3.4548,10.3729,1403,2769.19
409692,-2.3846,0.7494,11.6825,1392,2769.19
409697,-3.535,-0.6728,11.4168,1415,2769.19
409702,-1.4257,2.1895,9.8869,1400,2768.55
409707,1.5251,3.3196,10.4902,1390,2768.55
409712,0.5459,1.7609,11.2539,1401,2768.55
409717,-2.9856,-1.0379,11.825,1387,2768.55
409722,-2.9485,1.4162,10.1526,1395,2768.55
409727,1.1815,2.9963,10.4004,1389,2768.17
409732,2.1847,2.8216,10.6267,1397,2768.17
409737,-2.8527,-0.176,11.9303,1391,2768.17
409742,-3.6715,0.3639,10.7967,1399,2768.17
409747,0.2478,2.7857,10.1155,1398,2767.91
409752,1.9046,3.4764,10.3908,1403,2767.91
409757,-2.3894,0.8021,11.6095,1389,2767.91
409762,-3.5458,-0.6045,11.4215,1404,2767.91
409767,-1.4425,2.2505,9.9443,1401,2768.17
409772,1.561,3.3148,10.4543,1395,2768.17
409777,0.6261,1.7825,11.1785,1403,2768.17
409782,-2.9676,-1.0738,11.8082,1389,2768.17
409787,-2.9688,1.3048,10.1275,1391,2768.17
409792,1.1696,2.9341,10.337,1395,2768.17
409797,2.1967,2.8443,10.6901,1395,2768.17
409802,-2.9473,-0.2251,11.9243,1389,2768.17
409807,-3.723,0.486,10.8254,1397,2768.17
409812,0.3555,2.824,10.1059,1399,2768.55
409817,1.9573,3.5243,10.4327,1401,2768.55
409822,-2.4026,0.832,11.6298,1391,2768.55
409827,-3.4441,-0.5854,11.4132,1405,2768.55
409832,-1.4473,2.1955,9.8881,1403,2768.8
409837,1.5131,3.2573,10.4495,1395,2768.8
409842,0.6716,1.7358,11.1845,1401,2768.8
409847,-3.0646,-1.0977,11.8166,1389,2768.8
409852,-3.0047,1.3336,10.2005,1395,2768.8
409857,1.2091,2.9712,10.4291,1395,2768.93
409862,2.1476,2.8754,10.6949,1397,2768.93
409867,-2.9712,-0.158,11.9902,1386,2768.93
409872,-3.6811,0.5052,10.7835,1400,2768.93
409877,0.3065,2.8228,10.1095,1396,2768.8
409882,1.9273,3.48,10.4267,1404,2768.8
409887,-2.3391,0.7733,11.631,1395,2768.8
409892,-3.5135,-0.6153,11.3509,1413,2768.8
409897,-1.4246,2.1548,9.8581,1400,2768.68
409902,1.549,3.3255,10.4208,1398,2768.68
409907,0.6225,1.7669,11.2264,1405,2768.68
409912,-3.0095,-1.0858,11.7807,1381,2768.68
409917,-2.9521,1.403,10.2137,1396,2768.68
409922,1.239,3.0155,10.4244,1395,2768.8
409927,2.1632,2.8395,10.72,1397,2768.8
409932,-2.885,-0.1676,11.8752,1387,2768.8
409937,-3.6679,0.4022,10.7416,1397,2768.8
409942,-0.735,2.4804,9.9371,1397,2768.55
409947,1.6664,3.4465,10.3908,1403,2768.55
409952,-0.7171,1.3276,11.4168,1391,2768.55
409957,-3.2142,-1.0499,11.6526,1407,2768.55
409962,-2.4445,1.749,9.9898,1400,2768.68
409967,1.4234,3.0586,10.4148,1399,2768.68
409972,1.9704,2.405,10.9343,1401,2768.68
409977,-2.8419,-0.6692,11.8597,1385,2768.68
409982,-3.4991,0.8308,10.483,1395,2768.68
409987,0.7434,2.8395,10.1873,1391,2768.55
409992,2.0423,3.2956,10.4363,1399,2768.55
409997,-2.9772,0.4298,11.8357,1388,2768.55
410002,-3.6655,-0.1317,11.1522,1401,2768.55
410007,-0.6859,2.5127,9.979,1397,2768.42
410012,1.7286,3.4979,10.4004,1399,2768.42
410017,-0.6596,1.3443,11.3772,1391,2768.42
410022,-3.1855,-1.0463,11.6693,1407,2768.42
410027,-2.4349,1.6532,9.9922,1403,2768.8
410032,1.3216,3.0191,10.4303,1399,2768.8
410037,1.9273,2.4002,10.8924,1405,2768.8
410042,-2.8838,-0.6788,11.9279,1391,2768.8
410047,-3.5614,0.8667,10.5441,1396,2768.8
410052,0.8009,2.8802,10.2508,1396,2768.93
410057,2.071,3.3938,10.471,1399,2768.93
410062,-2.9269,0.4717,11.7603,1386,2768.93
410067,-3.6607,-0.097,11.1294,1399,2768.93
410072,-0.6464,2.5079,9.9012,1399,2768.55
410077,1.7346,3.4752,10.398,1403,2768.55
410082,-0.674,1.2833,11.3904,1394,2768.55
410087,-3.2118,-1.1169,11.6562,1407,2768.55
410092,-2.4636,1.64,10.0173,1401,2768.42
410097,1.3036,3.0442,10.4639,1401,2768.42
410102,1.8759,2.4768,10.9654,1404,2768.42
410107,-2.9221,-0.6249,11.9088,1387,2768.42
410112,-3.4884,0.9074,10.5596,1397,2768.42
410117,0.8164,2.9042,10.1742,1397,2768.55
410122,2.1201,3.3591,10.416,1397,2768.55
410127,-2.9293,0.4357,11.8286,1387,2768.55
410132,-3.6631,-0.2334,11.1833,1399,2768.55
410137,-0.6596,2.4636,9.8952,1395,2768.8
410142,1.6472,3.3998,10.4172,1421,2768.8
410147,-0.7027,1.3384,11.4144,1395,2768.8
410152,-3.2729,-1.0523,11.643,1401,2768.8
410157,-2.4624,1.7322,9.9898,1399,2768.8
410162,1.3575,3.1053,10.416,1400,2768.8
410167,1.9273,2.4804,10.9894,1401,2768.8
410172,-2.8671,-0.5997,11.91,1389,2768.8
410177,-3.4848,0.8619,10.5596,1403,2768.8
410182,0.7626,2.8287,10.1957,1400,2768.8
410187,2.0446,3.2884,10.4782,1394,2768.8
410192,-2.9616,0.3687,11.7962,1387,2768.8
410197,-3.7158,-0.2083,11.2025,1399,2768.8
410202,-0.6955,2.5103,10.0006,1397,2768.68
410207,1.6867,3.4955,10.4196,1399,2768.68
410212,-0.6907,1.3348,11.4527,1391,2768.68
410217,-3.1939,-1.0199,11.6969,1402,2768.68
410222,-2.4409,1.7334,10.0209,1403,2768.68
410227,1.3838,3.0562,10.4567,1401,2768.68
410232,1.9225,2.4074,10.9188,1403,2768.68
410237,-2.8347,-0.7063,11.8609,1391,2768.68
410242,-3.5087,0.8404,10.5405,1391,2768.68
410247,0.7913,2.8874,10.1861,1399,2768.68
410252,2.0818,3.3303,10.5046,1399,2768.68
410257,-2.9748,0.4669,11.7591,1385,2768.68
410262,-3.6715,-0.1089,11.1773,1399,2768.68
410267,-0.6153,2.5271,9.9683,1395,2769.06
410272,1.7406,3.4273,10.3908,1401,2769.06
410277,-0.6668,1.3048,11.406,1397,2769.06
410282,-3.1807,-1.1109,11.6071,1403,2769.06
410287,-2.4672,1.6783,10.0533,1402,2769.32
410292,1.306,3.0035,10.4256,1401,2769.32
410297,1.8531,2.4205,10.9906,1403,2769.32
410302,-2.8886,-0.7266,11.9064,1389,2769.32
410307,-3.5303,0.8978,10.507,1395,2769.32
410312,0.8248,2.9149,10.2137,1402,2769.7
410317,2.1392,3.3734,10.4782,1397,2769.7
410322,-2.8754,0.4501,11.7543,1389,2769.7
410327,-3.6679,-0.1365,11.1438,1397,2769.7
410332,-0.6129,2.4948,9.9132,1397,2770.59
410337,1.7597,3.4943,10.4064,1403,2770.59
410342,-0.7997,1.2582,11.412,1391,2770.59
410347,-3.286,-1.069,11.6083,1403,2770.59
410352,-2.4445,1.749,10.0365,1400,2770.47
410357,1.3707,3.0873,10.4327,1401,2770.47
410362,1.8854,2.4529,10.9463,1402,2770.47
410367,-2.9078,-0.6165,11.9351,1389,2770.47
410372,-3.4812,0.9601,10.5058,1391,2770.47
410377,0.8356,2.8539,10.222,1397,2770.21
410382,2.1512,3.2657,10.5321,1397,2770.21
410387,-2.8982,0.3316,11.789,1387,2770.21
410392,-3.7002,-0.1963,11.1845,1401,2770.21
410397,-0.6321,2.5211,9.9491,1395,2770.21
410402,1.7071,3.5003,10.3992,1400,2770.21
410407,-0.8547,1.3168,11.4527,1394,2770.21
410412,-3.2609,-0.9984,11.6705,1403,2770.21
410417,-2.4038,1.8088,10.0161,1401,2770.34
410422,1.4305,3.1053,10.4076,1395,2770.34
410427,1.8914,2.3762,10.9786,1405,2770.34
410432,-2.8347,-0.7626,11.8621,1390,2770.34
410437,-3.4728,0.8918,10.4663,1391,2770.34
410442,0.7889,2.8551,10.1897,1390,2770.47
410447,2.0566,3.3291,10.5584,1395,2770.47
410452,-2.9461,0.322,11.7855,1388,2770.47
410457,-3.8211,-0.1101,11.1282,1399,2770.47
410462,-0.5531,2.5414,9.912,1397,2770.34
410467,1.8651,3.5542,10.4088,1399,2770.34
410472,-0.9828,1.2498,11.4395,1395,2770.34
410477,-3.237,-1.0199,11.6143,1405,2770.34
410482,-2.3846,1.7549,9.9671,1403,2770.34
410487,1.4581,3.0921,10.4555,1391,2770.34
410492,1.834,2.3487,10.9762,1396,2770.34
410497,-2.8419,-0.7781,11.8549,1388,2770.34
410502,-3.5662,0.9661,10.5117,1395,2770.34
410507,0.9098,2.885,10.2316,1389,2770.59
410512,2.1703,3.3435,10.5393,1391,2770.59
410517,-2.9844,0.3472,11.8022,1387,2770.59
410522,-3.7014,-0.0012,11.1462,1400,2770.59
410527,-0.48,2.5283,9.9252,1397,2771.23
410532,1.804,3.5039,10.3872,1403,2771.23
410537,-1.0104,1.2103,11.4227,1392,2771.23
410542,-3.2848,-1.0343,11.6107,1403,2771.23
410547,-2.332,1.7573,9.9898,1403,2771.49
410552,1.3539,3.1065,10.4423,1395,2771.49
410557,1.719,2.3056,11.0337,1403,2771.49
410562,-2.897,-0.7422,11.9052,1391,2771.49
410567,-3.4919,0.9876,10.5177,1395,2771.49
410572,0.9553,2.9317,10.258,1388,2771.75
410577,2.2087,3.2801,10.5249,1399,2771.75
410582,-2.9413,0.3136,11.7603,1389,2771.75
410587,-3.735,-0.0443,11.0875,1401,2771.75
410592,-0.4238,2.5606,9.9036,1400,2771.75
410597,1.7681,3.5087,10.4363,1403,2771.75
410602,-1.2091,1.1528,11.4347,1391,2771.75
410607,-3.3866,-0.9661,11.5999,1403,2771.75
410612,-2.2601,1.8232,9.9491,1405,2771.62
410617,1.4653,3.1556,10.4722,1395,2771.62
410622,1.7226,2.2697,11.0433,1401,2771.62
410627,-2.879,-0.7733,11.8681,1390,2771.62
410632,-3.3926,0.996,10.4196,1393,2771.62
410637,0.905,2.8802,10.2771,1383,2771.49
410642,2.1272,3.1615,10.5512,1395,2771.49
410647,-3.0143,0.2131,11.8357,1387,2771.49
410652,-3.7517,-0.006,11.1342,1403,2771.49
410657,-0.3292,2.5893,9.9754,1398,2771.23
410662,1.8459,3.5542,10.3992,1403,2771.23
410667,-1.3228,1.1648,11.4622,1391,2771.23
410672,-3.3698,-0.9325,11.6406,1405,2771.23
410677,-2.15,1.8507,9.9036,1399,2771.36
410682,1.476,3.1879,10.4447,1390,2771.36
410687,1.6568,2.1919,11.078,1405,2771.36
410692,-2.8982,-0.8882,11.9554,1386,2771.36
410697,-3.4548,0.9661,10.4136,1394,2771.36
410702,0.9469,2.8503,10.2532,1389,2771.49
410707,2.1476,3.1795,10.5776,1399,2771.49
410712,-3.0323,0.2095,11.825,1387,2771.49
410717,-3.7338,0.0754,11.078,1405,2771.49
410722,-0.2801,2.6372,9.9527,1400,2771.62
410727,1.8615,3.5698,10.4136,1403,2771.62
410732,-1.4425,1.1097,11.4359,1391,2771.62
410737,-3.3351,-0.9026,11.5987,1403,2771.62
410742,-2.1344,1.8411,9.9168,1407,2771.62
410747,1.4688,3.1699,10.4734,1391,2771.62
410752,1.47,2.1261,11.0935,1399,2771.62
410757,-2.9389,-0.8882,11.9016,1387,2771.62
410762,-3.3662,1.0558,10.3825,1389,2771.62
410767,0.9864,2.909,10.307,1389,2771.49
410772,2.1871,3.128,10.5812,1403,2771.49
410777,-2.982,0.1891,11.8441,1388,2771.49
410782,-3.7553,0.1149,11.0433,1405,2771.49
410787,-0.182,2.6396,9.9587,1400,2771.49
410792,1.8352,3.5219,10.4064,1414,2771.49
410797,-1.5694,1.0355,11.4934,1396,2771.49
410802,-3.3866,-0.9361,11.5652,1403,2771.49
410807,-2.0423,1.913,9.906,1399,2771.36
410812,1.4605,3.1747,10.5297,1391,2771.36
410817,1.4748,2.1021,11.0385,1397,2771.36
410822,-2.9473,-0.9002,11.8884,1393,2771.36
410827,-3.3531,1.1396,10.3537,1396,2771.36
410832,1.0175,2.9305,10.331,1390,2771.49
410837,2.2039,3.0861,10.55,1401,2771.49
410842,-3.0119,0.1221,11.8309,1390,2771.49
410847,-3.7302,0.0982,11.0073,1403,2771.49
410852,-0.1736,2.66,9.9443,1400,2771.49
410857,1.8316,3.4991,10.4758,1399,2771.49
410862,-1.6879,0.9816,11.5077,1395,2771.49
410867,-3.4321,-0.8523,11.5329,1398,2771.49
410872,-1.9285,1.9728,9.8677,1403,2771.36
410877,1.5502,3.201,10.4806,1391,2771.36
410882,1.3671,2.0518,11.0756,1395,2771.36
410887,-2.9042,-0.8978,11.9052,1387,2771.36
410892,-3.2549,1.1229,10.3094,1405,2771.36
410897,1.0403,2.9497,10.3178,1395,2771.49
410902,2.1536,3.0526,10.6003,1403,2771.49
410907,-2.9664,0.0778,11.8561,1391,2771.49
410912,-3.784,0.1508,10.9535,1406,2771.49
410917,-0.0419,2.6683,10.0006,1400,2771.49
410922,1.919,3.5997,10.4794,1401,2771.49
410927,-1.8268,0.9996,11.558,1395,2771.49
410932,-3.4273,-0.7829,11.5748,1391,2771.49
410937,-1.8675,2.0099,9.9192,1381,2771.36
410942,1.5311,3.2501,10.4591,1391,2771.36
410947,1.2941,1.9644,11.1031,1401,2771.36
410952,-2.8922,-1.0116,11.8693,1389,2771.36
410957,-3.3339,1.1576,10.2197,1403,2771.36
410962,1.1181,2.9137,10.3465,1391,2770.98
410967,2.2302,3.0215,10.6255,1403,2770.98
410972,-3.0538,0.0323,11.886,1387,2770.98
410977,-3.735,0.2921,10.9774,1403,2770.98
410982,0.0634,2.727,9.9922,1399,2770.98
410987,1.9321,3.541,10.3908,1392,2770.98
410992,-1.9489,0.9637,11.57,1391,2770.98
410997,-3.4572,-0.7877,11.5245,1396,2770.98
411002,-1.8507,1.9609,9.8677,1396,2771.23
411007,1.5239,3.2022,10.4902,1388,2771.23
411012,1.1073,1.9309,11.1342,1399,2771.23
411017,-2.9329,-0.9864,11.8752,1389,2771.23
411022,-3.3076,1.2258,10.2508,1405,2771.23
411027,1.1708,2.9724,10.3609,1397,2771.11
411032,2.2446,3.0035,10.6207,1403,2771.11
411037,-3.037,0.0024,11.9064,1389,2771.11
411042,-3.7852,0.2251,10.9475,1403,2771.11
411047,0.0551,2.7497,10.0173,1400,2771.36
411052,1.9225,3.4872,10.4411,1398,2771.36
411057,-1.962,0.9038,11.5293,1395,2771.36
411062,-3.4716,-0.7817,11.4886,1392,2771.36
411067,-1.719,2.0518,9.9216,1397,2771.36
411072,1.5347,3.2621,10.5082,1389,2771.36
411077,1.1432,1.9549,11.133,1402,2771.36
411082,-2.9521,-0.9242,11.8405,1391,2771.36
411087,-3.1771,1.2821,10.1981,1405,2771.36
411092,1.093,2.9796,10.404,1399,2771.36
411097,2.2158,2.9832,10.6626,1401,2771.36
411102,-2.9963,-0.0168,11.9638,1391,2771.36
411107,-3.7457,0.2574,10.9247,1397,2771.36
411112,0.0874,2.7222,10.0305,1397,2771.23
411117,1.919,3.5063,10.4112,1396,2771.23
411122,-2.1093,0.9218,11.5903,1389,2771.23
411127,-3.5003,-0.7302,11.497,1396,2771.23
411132,-1.7095,2.1177,9.8366,1401,2771.23
411137,1.6041,3.3579,10.4615,1389,2771.23
411142,1.0319,1.8998,11.1833,1404,2771.23
411147,-2.9556,-1.0355,11.8872,1389,2771.23
411152,-3.1328,1.227,10.1538,1405,2771.23
411157,1.1277,2.9485,10.3406,1391,2771.11
411162,2.1811,2.9137,10.635,1403,2771.11
411167,-2.9257,-0.0838,11.9219,1397,2771.11
411172,-3.7134,0.3615,10.8685,1400,2771.11
411177,0.1556,2.7354,10.0485,1401,2770.98
411182,1.9309,3.5793,10.4088,1396,2770.98
411187,-2.1955,0.8679,11.6155,1388,2770.98
411192,-3.4895,-0.7171,11.5017,1391,2770.98
411197,-1.5993,2.1213,9.7935,1401,2770.72
411202,1.5862,3.2633,10.5129,1389,2770.72
411207,0.9098,1.8064,11.1558,1403,2770.72
411212,-3.0059,-1.0989,11.8657,1395,2770.72
411217,-3.1196,1.306,10.1861,1401,2770.72
411222,1.1492,2.9724,10.3992,1399,2770.85
411227,2.1907,2.9329,10.7176,1413,2770.85
411232,-2.9856,-0.1556,11.9914,1395,2770.85
411237,-3.6955,0.4262,10.896,1391,2770.85
411242,0.2765,2.7641,10.0784,1399,2770.59
411247,1.998,3.5099,10.4363,1399,2770.59
411252,-2.2565,0.8583,11.5879,1387,2770.59
411257,-3.5279,-0.6847,11.4108,1391,2770.59
411262,-1.5443,2.1548,9.8677,1399,2770.47
411267,1.5083,3.2525,10.4914,1389,2770.47
411272,0.7805,1.8136,11.2049,1405,2770.47
411277,-3.0179,-1.0738,11.8142,1391,2770.47
411282,-3.0885,1.3348,10.1873,1407,2770.47
411287,1.172,3.0179,10.4603,1397,2770.59
411292,2.2003,2.8826,10.7153,1395,2770.59
411297,-2.9532,-0.1305,11.9878,1397,2770.59
411302,-3.6871,0.3615,10.8362,1397,2770.59
411307,0.2801,2.7869,10.0628,1399,2770.34
411312,1.9501,3.5171,10.3693,1395,2770.34
411317,-2.3164,0.7913,11.5963,1391,2770.34
411322,-3.547,-0.6752,11.4156,1395,2770.34
411327,-1.5095,2.1955,9.918,1399,2771.11
411332,1.5766,3.3363,10.4459,1390,2771.11
411337,0.7661,1.8088,11.2276,1407,2771.11
411342,-2.9473,-1.0223,11.746,1392,2771.11
411347,-3.0287,1.3779,10.1119,1413,2771.11
411352,1.2043,2.9724,10.3956,1397,2770.72
411357,2.1739,2.8335,10.7464,1395,2770.72
411362,-2.9293,-0.1963,11.9542,1392,2770.72
411367,-3.7122,0.4322,10.8086,1400,2770.72
411372,0.316,2.8132,10.1035,1397,2770.85
411377,1.9632,3.4824,10.3753,1388,2770.85
411382,-2.4086,0.8045,11.6358,1395,2770.85
411387,-3.5434,-0.5746,11.4395,1395,2770.85
411392,-1.4222,2.2134,9.8845,1405,2770.72
411397,1.6077,3.3555,10.4315,1391,2770.72
411402,0.6141,1.743,11.2252,1403,2770.72
411407,-3.0382,-1.1157,11.825,1395,2770.72
411412,-2.9844,1.3348,10.1359,1407,2770.72
411417,1.2222,2.9102,10.3633,1389,2770.59
411422,2.1943,2.812,10.6997,1395,2770.59
411427,-2.9532,-0.2562,11.9794,1391,2770.59
411432,-3.7278,0.5028,10.7416,1391,2770.59
411437,0.3579,2.818,10.0963,1395,2771.11
411442,1.9788,3.5111,10.4303,1398,2771.11
411447,-2.4864,0.8045,11.6813,1391,2771.11
411452,-3.5721,-0.5686,11.4024,1395,2771.11
411457,-1.3264,2.2446,9.8114,1401,2771.11
411462,1.5933,3.3052,10.4866,1395,2771.11
411467,0.5183,1.7095,11.1941,1407,2771.11
411472,-3.0694,-1.1325,11.7831,1388,2771.11
411477,-3.0167,1.4078,10.1131,1405,2771.11
411482,1.2354,2.9808,10.4519,1395,2770.72
411487,2.1859,2.8048,10.6817,1390,2770.72
411492,-2.976,-0.2334,11.9698,1390,2770.72
411497,-3.7649,0.5231,10.7643,1395,2770.72
411502,0.3639,2.8359,10.1131,1387,2770.59
411507,1.9824,3.4668,10.3789,1391,2770.59
411512,-2.4936,0.6931,11.6514,1395,2770.59
411517,-3.5913,-0.6345,11.3258,1397,2770.59
411522,-1.33,2.2637,9.8521,1397,2770.21
411527,1.6448,3.3315,10.4387,1387,2770.21
411532,0.4334,1.6819,11.2264,1407,2770.21
411537,-3.0849,-1.0534,11.8298,1405,2770.21
411542,-2.9556,1.482,10.1586,1403,2770.21
411547,1.2522,3.0191,10.4052,1397,2769.96
411552,2.1763,2.7581,10.6877,1387,2769.96
411557,-2.8683,-0.237,11.9267,1396,2769.96
411562,-3.7433,0.4896,10.744,1397,2769.96
411567,0.4118,2.7689,10.1311,1391,2769.83
411572,1.9585,3.4309,10.3968,1399,2769.83
411577,-2.5726,0.7278,11.7567,1397,2769.83
411582,-3.6691,-0.5806,11.3796,1385,2769.83
411587,-1.342,2.32,9.9096,1397,2770.08
411592,1.6735,3.3878,10.4471,1395,2770.08
411597,0.3496,1.6388,11.2575,1415,2770.08
411602,-3.0167,-1.0942,11.7771,1396,2770.08
411607,-2.9293,1.4437,10.0736,1413,2770.08
411612,1.2558,2.9868,10.422,1391,2769.44
411617,2.1691,2.6899,10.7775,1391,2769.44
411622,-2.8347,-0.3232,11.9183,1397,2769.44
411627,-3.7362,0.5207,10.6997,1396,2769.44
411632,0.419,2.8395,10.0808,1392,2769.7
411637,2.0255,3.4728,10.4196,1391,2769.7
411642,-2.6109,0.7171,11.7041,1392,2769.7
411647,-3.6404,-0.492,11.2934,1391,2769.7
411652,-1.257,2.3224,9.8857,1401,2769.57
411657,1.6891,3.3399,10.4327,1395,2769.57
411662,0.3124,1.6508,11.2707,1407,2769.57
411667,-3.0598,-1.1576,11.7376,1395,2769.57
411672,-2.9568,1.4341,10.1167,1405,2769.57
411677,1.2773,2.9497,10.3825,1387,2770.08
411682,2.1404,2.7473,10.7476,1395,2770.08
411687,-2.9556,-0.328,11.9854,1397,2770.08
411692,-3.7529,0.6057,10.7188,1396,2770.08
411697,0.5016,2.8587,10.1598,1389,2770.21
411702,2.083,3.4764,10.3908,1393,2770.21
411707,-2.6157,0.7302,11.6837,1397,2770.21
411712,-3.6033,-0.4693,11.2815,1397,2770.21
411717,-1.166,2.2709,9.8677,1397,2770.85
411722,1.6723,3.2944,10.4603,1396,2770.85
411727,0.2825,1.6185,11.2994,1405,2770.85
411732,-3.0993,-1.1313,11.7675,1395,2770.85
411737,-2.8934,1.5071,10.1011,1407,2770.85
411742,1.2749,2.9999,10.4435,1385,2770.85
411747,2.1608,2.739,10.7823,1395,2770.85
411752,-2.9521,-0.2921,11.9507,1395,2770.85
411757,-3.6799,0.6093,10.6985,1396,2770.85
411762,0.5243,2.818,10.1526,1389,2770.98
411767,2.0375,3.4261,10.4531,1389,2770.98
411772,-2.6324,0.6261,11.74,1383,2770.98
411777,-3.6883,-0.5279,11.2934,1402,2770.98
411782,-1.148,2.3308,9.8833,1399,2770.47
411787,1.7119,3.4105,10.4651,1397,2770.47
411792,0.1281,1.5957,11.3342,1415,2770.47
411797,-3.0945,-1.0762,11.7843,1391,2770.47
411802,-2.8718,1.5479,10.0676,1405,2770.47
411807,1.2953,3.0155,10.4208,1388,2771.23
411812,2.1811,2.7126,10.8218,1391,2771.23
411817,-2.8587,-0.4202,11.9471,1385,2771.23
411822,-3.7098,0.6189,10.6434,1395,2771.23
411827,0.5387,2.8216,10.1861,1391,2770.59
411832,2.0279,3.389,10.4363,1397,2770.59
411837,-2.7102,0.6404,11.734,1397,2770.59
411842,-3.7134,-0.431,11.2911,1387,2770.59
411847,-1.0965,2.411,9.9347,1401,2770.47
411852,1.7238,3.4345,10.4579,1399,2770.47
411857,0.0826,1.6065,11.3353,1413,2770.47
411862,-3.1244,-1.1241,11.7831,1395,2770.47
411867,-2.8156,1.5191,10.0521,1395,2770.47
411872,1.2797,2.9604,10.4124,1391,2770.21
411877,2.1344,2.648,10.8565,1395,2770.21
411882,-2.8491,-0.5064,11.8884,1391,2770.21
411887,-3.7014,0.6823,10.6554,1391,2770.21
411892,0.6057,2.8635,10.1418,1397,2770.08
411897,2.0554,3.4836,10.4555,1396,2770.08
411902,-2.7857,0.6416,11.7448,1397,2770.08
411907,-3.6679,-0.3519,11.2946,1397,2770.08
411912,-0.9996,2.3762,9.9096,1402,2769.96
411917,1.7214,3.4201,10.4088,1397,2769.96
411922,-0.0227,1.5395,11.3449,1405,2769.96
411927,-3.1376,-1.1732,11.7364,1397,2769.96
411932,-2.8311,1.5167,10.0149,1405,2769.96
411937,1.3072,3.0179,10.4447,1388,2770.08
411942,2.1249,2.6743,10.8972,1391,2770.08
411947,-2.9281,-0.4202,11.9626,1387,2770.08
411952,-3.7098,0.6883,10.7224,1397,2770.08
411957,0.6512,2.8299,10.1442,1395,2770.85
411962,2.132,3.4093,10.4267,1395,2770.85
411967,-2.7473,0.5878,11.6897,1395,2770.85
411972,-3.6607,-0.3891,11.2575,1399,2770.85
411977,-1.0175,2.3679,9.8833,1397,2770.47
411982,1.6807,3.377,10.386,1399,2770.47
411987,-0.091,1.5048,11.3425,1403,2770.47
