timestamp_ms,ax,ay,az,acs_adc,rpm
14095,-5.0745,-1.2342,12.1554,1439,3000.3
14107,0.0,-1.0618,16.9318,1451,3000.6
14110,-0.9673,-0.1269,13.3453,1428,3000.6
14115,-5.7305,-0.2047,11.333,1436,3000.6
14120,-0.1077,2.8754,8.0565,1461,3000.6
14125,3.1603,3.7362,10.4698,1438,8734.9
14130,-1.0211,-0.1915,13.3381,1432,8734.9
14135,-5.7353,-0.2023,11.3222,1439,8734.9
14140,-0.1353,2.9173,8.0816,1462,4570.73
14145,3.1591,3.7864,10.5022,1437,4570.73
14150,-1.0056,-0.1389,13.2902,1431,4570.73
14155,-5.7928,-0.1987,11.3832,1439,4570.73
14160,-0.0802,2.8539,8.0828,1459,3000.6
14165,3.1544,3.7541,10.4926,1437,3000.6
14170,-1.0427,-0.17,13.289,1431,3000.6
14175,-5.7449,-0.1748,11.327,1445,3000.6
14180,-0.1065,2.8539,8.0697,1455,3000.6
14185,3.1053,3.729,10.4579,1439,3000.6
14190,-1.0953,-0.1341,13.3249,1431,3000.6
14195,-5.7473,-0.152,11.3844,1445,3000.6
14200,-0.0778,2.891,8.1104,1454,3000.6
14205,3.1903,3.7206,10.4196,1437,3000.6
14210,-1.0642,-0.1963,13.3477,1432,3000.6
14215,-5.8083,-0.0958,11.2946,1439,3000.6
14220,-0.0646,2.8766,8.1606,1455,3000.45
14225,3.1891,3.7026,10.507,1435,3000.45
14230,-1.1001,-0.1556,13.3932,1431,3000.45
14235,-5.7616,-0.0862,11.2731,1439,3000.45
14240,-0.0383,2.8695,8.1475,1453,3000.45
14245,3.1951,3.735,10.5093,1439,3000.45
14250,-1.0774,-0.2251,13.4027,1433,3000.45
14255,-5.7425,-0.0838,11.2863,1447,3000.45
14260,0.0168,2.8766,8.0888,1452,3000.3
14265,2.715,3.9409,10.0712,1435,3000.3
14270,-0.0072,0.6357,12.9323,1431,3000.3
14275,-5.7557,-0.0587,11.236,1445,3000.3
14280,-1.7035,2.5869,8.0469,1453,3000.3
14285,2.6827,3.9061,10.0245,1443,3000.3
14290,-0.0491,0.5734,12.9873,1431,3000.3
14295,-5.0793,-1.136,12.0764,1447,3000.3
14300,-1.7322,2.6396,8.0529,1456,3000.6
14305,2.6887,3.8714,10.0485,1439,3000.6
14310,0.0084,0.5926,12.9538,1433,3000.6
14315,-5.1332,-1.1756,12.1087,1443,3000.6
14320,-1.7107,2.5905,8.0804,1459,3000.75
14325,2.709,3.8738,10.0257,1439,3000.75
14330,-0.0251,0.5136,12.9945,1440,3000.75
14335,-5.1224,-1.1684,12.0931,1439,3000.75
14340,-1.7166,2.5941,8.0565,1454,3001.05
14345,2.648,3.9073,10.0556,1439,3001.05
14350,-0.0192,0.5399,12.9766,1430,3001.05
14355,-5.1332,-1.136,12.1087,1439,3001.05
14360,-1.67,2.63,8.0313,1449,3001.2
14365,2.7198,3.9337,10.1239,1435,3001.2
14370,-0.0646,0.5303,12.9287,1431,3001.2
14375,-5.2038,-1.1001,12.1159,1439,3001.2
14380,-1.7095,2.624,8.0613,1439,3001.2
14385,2.7138,3.9444,10.058,1439,3001.2
14390,-0.0515,0.5375,12.9802,1429,3001.2
14395,-5.1643,-1.093,12.1087,1443,3001.2
14400,-1.6831,2.6228,8.0864,1443,3001.2
14405,2.7043,3.8858,10.076,1437,3001.2
14410,-0.097,0.5507,12.9742,1429,3001.2
14415,-5.205,-1.0942,12.0895,1443,3001.2
14420,-1.6197,2.6264,8.1223,1445,3000.9
14425,2.7402,3.893,10.0628,1439,3000.9
14430,-0.079,0.5112,12.9598,1429,3000.9
14435,-5.2182,-1.0606,12.1039,1439,3000.9
14440,-1.5694,2.642,8.0768,1443,26109.66
14445,2.7653,3.8894,10.1191,1439,26109.66
14450,-0.1329,0.5255,12.9083,1431,26109.66
14455,-5.1547,-1.0163,12.0811,1439,26109.66
14460,-1.5455,2.6516,8.0936,1452,3001.05
14465,2.7617,3.9552,10.0545,1438,3001.05
14470,-0.1484,0.5722,13.0269,1431,3001.05
14475,-5.1894,-1.0116,12.0548,1443,3001.05
14480,-1.5407,2.6743,8.0601,1450,3000.15
14485,2.7904,3.8798,10.0497,1438,3000.15
14490,-0.1867,0.5195,12.961,1433,3000.15
14495,-5.1475,-1.0355,12.0871,1445,3000.15
14500,-1.567,2.6839,8.0996,1454,3000.75
14505,2.7641,3.9014,10.0509,1437,3000.75
14510,-0.0862,0.5052,13.0388,1429,3000.75
14515,-5.1787,-1.0295,12.0764,1439,3000.75
14520,-1.4928,2.636,8.0433,1461,3000.0
14525,2.788,3.9049,10.0664,1437,3000.0
14530,-0.1221,0.4669,12.979,1429,3000.0
14535,-5.2134,-1.0499,12.0895,1443,3000.0
14540,-1.5048,2.6707,8.0493,1459,3000.9
14545,2.6899,3.8966,10.0281,1439,3000.9
14550,-0.1592,0.4932,13.0053,1423,3000.9
14555,-5.223,-1.0463,12.056,1443,3000.9
14560,-1.5083,2.6228,8.0349,1459,3000.6
14565,2.7533,3.8954,10.0628,1437,3000.6
14570,-0.1317,0.4549,13.0233,1431,3000.6
14575,-5.2529,-1.0786,12.0081,1435,3000.6
14580,-1.5179,2.6456,8.0409,1461,3000.75
14585,2.7102,3.8834,10.1382,1436,3000.75
14590,-0.2203,0.5207,13.0795,1430,3000.75
14595,-5.2696,-1.0163,12.0368,1439,3000.75
14600,-1.5287,2.6444,8.0529,1463,3000.6
14605,2.7461,3.9181,10.1059,1435,3000.6
14610,-0.2107,0.4202,13.0161,1429,3000.6
14615,-5.2768,-1.0187,11.9806,1443,3000.6
14620,-1.5335,2.6827,8.0206,1455,3000.6
14625,2.7677,3.9133,10.0916,1437,3000.6
14630,-0.243,0.4764,13.0424,1431,3000.6
14635,-5.2744,-0.9565,11.989,1445,3000.6
14640,-1.4329,2.6528,8.0445,1461,3000.75
14645,2.8072,3.9349,10.161,1437,3000.75
14650,-0.2562,0.4405,13.0089,1431,3000.75
14655,-5.2361,-0.9385,12.0584,1445,3000.75
14660,-1.4281,2.6767,8.0732,1459,3000.9
14665,2.7773,3.9002,10.1442,1435,3000.9
14670,-0.2274,0.4956,13.0197,1430,3000.9
14675,-5.2696,-0.9397,11.9758,1446,3000.9
14680,-1.3934,2.6755,8.0517,1463,3001.5
14685,2.8575,3.9121,10.0832,1436,3001.5
14690,-0.2729,0.4154,13.0304,1433,3001.5
14695,-5.2589,-0.9649,11.9674,1445,3001.5
14700,-1.3683,2.654,8.108,1461,3001.8
14705,2.8407,3.9157,10.0509,1439,3001.8
14710,-0.2011,0.4764,13.0388,1429,3001.8
14715,-5.3067,-0.9337,12.0033,1436,3001.8
14720,-1.3396,2.6468,8.0589,1455,3001.95
14725,2.8551,3.8762,10.0868,1436,3001.95
14730,-0.2705,0.3424,13.0257,1431,3001.95
14735,-5.296,-0.9409,11.9686,1443,3001.95
14740,-1.2749,2.6671,8.005,1447,3002.4
14745,2.8431,3.8571,10.1047,1437,3002.4
14750,-0.2622,0.3711,13.0484,1429,3002.4
14755,-5.3103,-0.9206,11.959,1439,3002.4
14760,-1.2713,2.6516,8.0313,1449,3002.4
14772,11.2911,15.524,40.6679,1439,3002.4
14775,-5.8538,0.1844,11.0097,1435,3002.4
14780,0.4082,2.9892,8.1211,1451,3002.4
14785,3.3794,3.5518,10.6135,1443,3002.4
14790,-1.2941,-0.3687,13.4147,1433,3002.4
14795,-5.8885,0.2322,11.0026,1435,3002.4
14800,0.4274,3.0143,8.175,1453,3002.25
14805,3.3423,3.5638,10.6231,1439,3002.25
14810,-1.336,-0.4741,13.4255,1437,3002.25
14815,-5.9053,0.2263,10.9786,1437,3002.25
14820,0.4022,2.958,8.2025,1451,3002.1
14825,3.3339,3.5075,10.6805,1447,3002.1
14830,-1.3408,-0.4848,13.4925,1436,3002.1
14835,-5.9017,0.2753,11.0468,1439,3002.1
14840,0.4705,3.0191,8.1606,1451,3001.95
14845,3.3208,3.5889,10.6734,1443,3001.95
14850,-1.4569,-0.4968,13.4686,1432,3001.95
14855,-5.8885,0.2981,10.9846,1437,3001.95
14860,0.4513,2.9556,8.1726,1451,3001.5
14865,3.304,3.5566,10.6614,1439,3001.5
14870,-1.4581,-0.4489,13.477,1445,3001.5
14875,-5.9197,0.3639,10.9774,1439,3001.5
14880,0.5088,3.0179,8.2145,1452,3001.5
14885,3.3435,3.5554,10.7129,1437,3001.5
14890,-1.4868,-0.4776,13.4422,1434,3001.5
14895,-5.9209,0.3424,10.981,1440,3001.5
14900,0.5219,2.9975,8.2025,1451,3001.35
14905,3.3172,3.5554,10.6997,1439,3001.35
14910,-1.4868,-0.4561,13.4937,1433,3001.35
14915,-5.8718,0.3699,10.987,1438,3001.35
14920,0.5758,3.0406,8.1942,1449,3001.2
14925,3.383,3.5686,10.6255,1439,3001.2
14930,-1.4664,-0.5064,13.4327,1435,3001.2
14935,-5.8933,0.3543,10.9223,1437,3001.2
14940,0.5926,3.0694,8.2073,1451,3001.2
14945,3.4273,3.5063,10.7464,1437,3001.2
14950,-1.4784,-0.5004,13.4722,1434,3001.2
14955,-5.843,0.419,10.9176,1438,3001.2
14960,0.6093,3.0742,8.175,1450,3001.35
14965,3.4285,3.5662,10.7153,1439,3001.35
14970,-1.4126,-0.5171,13.4255,1435,3001.35
14975,-5.8526,0.3687,10.9271,1433,3001.35
14980,0.6297,3.0358,8.1882,1447,3001.35
14985,3.4189,3.4764,10.7069,1435,3001.35
14990,-1.4617,-0.5399,13.4339,1435,3001.35
14995,-5.8861,0.4094,10.8134,1438,3001.35
15000,0.6117,2.9963,8.2049,1449,3001.35
15005,3.4405,3.468,10.6925,1437,3001.35
15010,-1.4473,-0.571,13.4626,1434,3001.35
15015,-5.867,0.3759,10.817,1436,3001.35
15020,0.6033,3.0335,8.2672,1453,3001.2
15025,3.3998,3.486,10.7404,1439,3001.2
15030,-1.4832,-0.6201,13.4566,1433,3001.2
15035,-5.946,0.3867,10.8481,1439,3001.2
15040,0.656,3.0251,8.2349,1453,3001.05
15045,3.3998,3.4776,10.7811,1438,8723.47
15050,-1.5455,-0.6249,13.4638,1433,8723.47
15055,-5.9604,0.4226,10.8816,1437,8723.47
15060,0.662,3.0227,8.2636,1450,4574.91
15065,3.3399,3.5111,10.7571,1439,4574.91
15070,-1.567,-0.6105,13.471,1437,4574.91
15075,-5.9711,0.4645,10.8733,1439,3753.52
15080,0.6764,3.0466,8.266,1450,14966.33
15085,3.3639,3.5362,10.8062,1437,14966.33
15090,-1.6005,-0.5806,13.4937,1435,14966.33
15095,-5.9388,0.5219,10.8469,1438,14966.33
15100,0.6764,3.0526,8.2911,1451,3000.9
15105,3.322,3.5219,10.7308,1437,3000.9
15110,-1.6041,-0.5543,13.4458,1435,3000.9
15115,-5.934,0.5267,10.835,1437,3753.99
15120,0.6847,3.0981,8.2624,1452,14966.33
15125,3.4022,3.5075,10.7655,1439,14966.33
15130,-1.5706,-0.5602,13.5153,1434,14966.33
15135,-5.9496,0.5471,10.8493,1439,14966.33
15140,0.741,3.0694,8.2624,1449,3001.2
15145,3.4453,3.5171,10.7799,1437,3001.2
15150,-1.5742,-0.6081,13.4626,1433,3001.2
15155,-5.9029,0.4896,10.8505,1444,3001.2
15160,0.723,3.073,8.278,1451,3001.5
15165,3.4716,3.5039,10.7667,1437,3001.5
15170,-1.5646,-0.5974,13.447,1431,3001.5
15175,-5.879,0.5231,10.7583,1444,3001.5
15180,0.7374,3.067,8.2564,1451,3001.8
15185,3.486,3.4453,10.7212,1439,3001.8
15190,-1.5933,-0.6404,13.4434,1433,3001.8
15195,-5.9101,0.5567,10.7775,1439,3001.8
15200,0.7554,3.0909,8.2289,1465,3002.1
15205,3.4728,3.4369,10.835,1438,3002.1
15210,-1.5921,-0.7135,13.4662,1437,3002.1
15215,-5.9221,0.5411,10.7344,1435,3002.1
15220,0.753,3.0287,8.2815,1448,3002.1
15225,3.4441,3.4273,10.7811,1434,3002.1
15230,-1.579,-0.7027,13.5141,1435,3002.1
15235,-5.9843,0.5722,10.6769,1439,3002.1
15240,0.8308,3.1005,8.2959,1447,3002.25
15245,3.4297,3.4429,10.829,1439,3002.25
15250,-1.7035,-0.6931,13.4662,1432,3002.25
15255,-5.9376,0.5866,10.6913,1439,3002.25
15260,0.8332,3.0335,8.26,1449,3002.4
15265,3.4117,3.389,10.8421,1437,3002.4
15270,-1.7286,-0.7494,13.4901,1433,3002.4
15275,-5.9855,0.6177,10.7057,1435,3002.4
15280,0.8296,3.1184,8.2983,1445,3001.95
15285,3.3686,3.3686,10.8757,1437,3001.95
15290,-1.7418,-0.7219,13.5452,1433,3001.95
15295,-5.9987,0.6213,10.6506,1439,3001.95
15300,0.832,3.0825,8.3462,1447,3001.5
15305,3.3878,3.4141,10.9176,1444,3001.5
15310,-1.7861,-0.7219,13.5141,1431,3001.5
15315,-5.952,0.735,10.6805,1437,3001.5
15320,0.8607,3.1328,8.345,1444,3001.35
15325,3.4141,3.4417,10.8529,1439,3001.35
15330,-1.7705,-0.7745,13.5177,1431,3001.35
15335,-5.9364,0.729,10.6698,1438,3001.35
15340,0.8871,3.1448,8.3294,1445,3001.5
15345,3.4644,3.4046,10.9223,1439,3001.5
15350,-1.7693,-0.7386,13.5141,1430,3001.5
15355,-5.952,0.7554,10.6243,1438,3001.5
15360,0.9194,3.1771,8.3079,1443,3002.25
15365,3.5063,3.3543,10.8697,1439,3002.25
15370,-1.7214,-0.7302,13.4961,1429,5706.68
15375,-5.9029,0.7649,10.6518,1437,5706.68
15380,0.9206,3.1591,8.3438,1445,6336.47
15385,3.5338,3.3435,10.8649,1437,6336.47
15390,-1.7071,-0.7602,13.4913,1435,6336.47
15395,-5.9364,0.7398,10.5393,1437,6336.47
15400,1.0199,3.1915,8.2935,1443,3002.4
15405,3.5614,3.31,10.8828,1439,3002.4
15410,-1.7178,-0.8104,13.5117,1429,3002.4
15415,-5.8873,0.7314,10.5979,1440,3002.4
15420,0.9828,3.1556,8.3462,1445,3002.1
15425,3.535,3.2825,10.8613,1437,3002.1
15430,-1.7514,-0.7985,13.4973,1433,3002.1
15435,-5.9316,0.7566,10.5237,1435,3002.1
15440,1.0068,3.1508,8.3689,1447,3001.8
15445,3.4848,3.3184,10.9798,1438,3001.8
15450,-1.8148,-0.8464,13.5344,1430,3001.8
15455,-5.9137,0.8033,10.5548,1437,3001.8
15460,1.0319,3.1053,8.3294,1444,3001.8
15465,3.4477,3.2932,10.9439,1437,3001.8
15470,-1.8555,-0.8535,13.3872,1429,3001.8
15475,-5.9101,0.7733,10.5105,1436,3001.8
15480,1.0044,3.14,8.3905,1445,3001.8
15485,3.3806,3.3016,10.9403,1436,3001.8
15490,-1.8663,-0.8631,13.5488,1431,3001.8
15495,-5.9664,0.8236,10.5046,1435,3001.8
15500,1.0247,3.1711,8.3869,1439,3001.8
15505,3.4369,3.2801,10.9188,1435,3001.8
15510,-1.9345,-0.8811,13.5105,1431,3001.8
15515,-5.964,0.8703,10.4962,1437,3001.8
15520,1.0546,3.1675,8.4156,1440,3001.95
15525,3.4393,3.2669,10.975,1437,3001.95
15530,-1.9656,-0.8547,13.4686,1427,3001.95
15535,-5.9352,0.917,10.4686,1434,3001.95
15540,1.0882,3.1999,8.3677,1444,3001.8
15545,3.4776,3.2094,11.0109,1439,3001.8
15550,-1.9585,-0.899,13.5141,1431,3001.8
15555,-5.928,0.9325,10.4938,1435,3001.8
15560,1.1073,3.2094,8.4264,1445,3001.65
15565,3.5027,3.2669,11.0636,1438,3001.65
15570,-1.913,-0.8871,13.4758,1427,3001.65
15575,-5.8598,0.9361,10.4232,1439,3001.65
15580,1.1492,3.1687,8.4132,1443,3001.65
15585,3.5123,3.2417,11.0026,1437,3001.65
15590,-1.8771,-0.9194,13.556,1431,3001.65
15595,-5.9197,0.9086,10.4363,1437,3001.65
15600,1.1552,3.2394,8.4228,1443,3001.5
15605,3.5518,3.2346,11.048,1437,3001.5
15610,-1.889,-0.9373,13.4758,1433,3001.5
15615,-5.8849,0.9278,10.3525,1435,3001.5
15620,1.1959,3.1879,8.4432,1445,3001.35
15625,3.5051,3.1951,11.0026,1437,3001.35
15630,-1.9656,-0.9792,13.5225,1431,3001.35
15635,-5.9005,0.923,10.4279,1436,3001.35
15640,1.1684,3.2058,8.4228,1444,3001.05
15645,3.5207,3.231,11.0014,1436,3001.05
15650,-1.9537,-0.9756,13.5153,1434,3001.05
15655,-5.9316,0.9361,10.3801,1433,3001.05
15660,1.1672,3.2154,8.4635,1447,3001.05
15665,3.4716,3.1723,11.0445,1437,3001.05
15670,-1.9561,-1.0199,13.5009,1431,3001.05
15675,-5.9077,0.9433,10.4076,1435,3001.05
15680,1.1851,3.1927,8.4755,1445,3001.35
15685,3.4285,3.1591,11.0325,1437,3001.35
15690,-1.9944,-0.9876,13.5584,1433,3001.35
15695,-5.9472,1.0403,10.3681,1438,3001.35
15700,1.166,3.2274,8.4443,1444,3001.5
15705,3.4093,3.1591,11.0433,1437,3001.5
15710,-2.0794,-1.0199,13.4794,1434,3001.5
15715,-5.9604,1.0175,10.3573,1435,3001.5
15720,1.2067,3.2214,8.4443,1445,3001.65
15725,3.4572,3.2034,11.0385,1437,3001.65
15730,-2.0662,-1.0319,13.4949,1433,3001.65
15735,-5.9209,1.0798,10.3825,1436,3001.65
15740,1.1648,3.2465,8.4719,1447,3001.95
15745,3.4632,3.1675,11.0648,1435,3001.95
15750,-2.0865,-1.0379,13.4554,1434,3001.95
15755,-5.9089,1.0918,10.3238,1435,3001.95
15760,1.2617,3.2286,8.4731,1445,3002.1
15765,3.4931,3.1963,11.1163,1436,3002.1
15770,-2.0961,-0.9972,13.5189,1433,3002.1
15775,-5.9185,1.0882,10.3573,1436,3002.1
15780,1.2653,3.2501,8.4228,1447,3002.55
15785,3.5075,3.1388,11.072,1437,3002.55
15790,-2.0698,-1.0343,13.4841,1433,3002.55
15795,-5.8873,1.0678,10.3011,1435,3002.55
15800,1.318,3.2705,8.4587,1447,3003.0
15805,3.5243,3.1472,11.1211,1433,3003.0
15810,-2.1368,-1.0307,13.5596,1432,3003.0
15815,-5.8838,1.1349,10.2747,1433,3003.0
15820,1.3707,3.2561,8.4946,1447,3003.75
15825,3.5291,3.0813,11.1223,1434,8734.9
15830,-2.1584,-1.1109,13.5512,1433,8734.9
15835,-5.8251,1.1133,10.2173,1435,8734.9
15840,1.2953,3.3124,8.4348,1447,4578.75
15845,3.5171,3.1029,11.169,1435,4578.75
15850,-2.1608,-1.0953,13.4913,1436,4578.75
15855,-5.8754,1.1672,10.1658,1433,4578.75
15860,1.3731,3.2477,8.4934,1448,3004.06
15865,3.5171,3.0227,11.1725,1435,3004.06
15870,-2.2314,-1.142,13.4829,1433,3004.06
15875,-5.8407,1.1887,10.1586,1433,3004.06
15880,1.397,3.3208,8.491,1447,3003.91
15885,3.4584,3.0203,11.1725,1435,3003.91
15890,-2.2422,-1.1648,13.5069,1437,3003.91
15895,-5.849,1.2067,10.088,1434,3003.91
15900,1.4186,3.2705,8.497,1449,3003.3
15905,3.4058,2.9904,11.2156,1435,3003.3
15910,-2.2649,-1.2079,13.5081,1435,3003.3
15915,-5.8538,1.2438,10.0556,1434,3003.3
15920,1.4317,3.3064,8.5569,1447,3003.45
15925,3.4333,3.0059,11.327,1433,3003.45
15930,-2.3463,-1.1995,13.4758,1433,3003.45
15935,-5.8287,1.3156,10.0928,1432,3003.45
15940,1.4712,3.286,8.5473,1447,3003.3
15945,3.4105,2.9604,11.2719,1435,3003.3
15950,-2.4026,-1.2474,13.4734,1435,3003.3
15955,-5.8514,1.324,10.0425,1431,3003.3
15960,1.4569,3.3603,8.6323,1447,3003.6
15965,3.4093,2.9544,11.2779,1433,3003.6
15970,-2.4229,-1.2151,13.5021,1435,3003.6
15975,-5.8179,1.3707,10.0808,1435,3003.6
15980,1.4928,3.3315,8.606,1447,3003.45
15985,3.4369,2.9269,11.2863,1433,3003.45
15990,-2.4217,-1.2653,13.5057,1435,3003.45
15995,-5.7593,1.3659,10.0413,1433,3003.45
16000,1.5012,3.3998,8.6167,1444,3001.5
16005,3.4165,2.97,11.3294,1433,3001.5
16010,-2.4505,-1.227,13.4889,1433,3001.5
16015,-5.7305,1.3455,10.0401,1433,3001.5
16020,1.5155,3.3507,8.673,1447,2999.25
16025,3.4093,2.8874,11.2611,1433,2999.25
16030,-2.4074,-1.2546,13.4698,1433,2999.25
16035,-5.7078,1.3779,9.9922,1432,2999.25
16040,1.4916,3.3327,8.6323,1445,2997.45
16045,3.3974,2.9185,11.3282,1433,2997.45
16050,-2.381,-1.2653,13.4231,1437,2997.45
16055,-5.6707,1.3264,10.0329,1432,2997.45
16060,1.4928,3.3339,8.6455,1443,2995.81
16065,3.3639,2.9113,11.3318,1432,2995.81
16070,-2.3739,-1.2294,13.4494,1435,2995.81
16075,-5.6731,1.2677,10.0868,1432,2995.81
16080,1.4712,3.3232,8.6251,1444,2995.21
16085,3.3172,2.9449,11.2456,1435,2995.21
16090,-2.2817,-1.2007,13.4267,1437,2995.21
16095,-5.6874,1.2905,10.0772,1431,2995.21
16100,1.3982,3.2956,8.6514,1449,2994.76
16105,3.3435,2.9556,11.2659,1437,2994.76
16110,-2.2924,-1.221,13.3752,1437,2994.76
16115,-5.7293,1.2414,10.094,1431,2994.76
16120,1.3934,3.2705,8.6491,1439,2994.61
16125,3.3459,2.9916,11.2575,1420,2994.61
16130,-2.223,-1.1911,13.4422,1435,2994.61
16135,-5.7353,1.251,10.1347,1431,2994.61
16140,1.3755,3.2693,8.6311,1447,2994.01
16145,3.3243,3.0131,11.2156,1436,2994.01
16150,-2.2146,-1.1827,13.368,1432,2994.01
16155,-5.764,1.148,10.1801,1433,2994.01
16160,1.3587,3.3016,8.5784,1447,2993.86
16165,3.3579,3.0658,11.2037,1429,2993.86
16170,-2.1979,-1.1468,13.4099,1431,2993.86
16175,-5.788,1.0894,10.1813,1435,2993.86
16180,1.3276,3.3279,8.588,1445,2994.01
16185,3.3315,3.1472,11.139,1435,2994.01
16190,-2.1201,-1.0882,13.4626,1431,2994.01
16195,-5.7952,1.0906,10.234,1437,2994.01
16200,1.2498,3.2753,8.6012,1445,2995.36
16205,3.3866,3.1663,11.1187,1437,2995.36
16210,-2.1117,-1.0427,13.4746,1433,2995.36
16215,-5.8454,1.1181,10.2675,1435,2995.36
16220,1.3384,3.2441,8.5281,1436,2995.66
16225,3.201,3.6871,10.5441,1435,2995.66
16230,-1.087,-0.231,13.3249,1431,2995.66
16235,-5.7018,-0.0898,11.2168,1435,2995.66
16240,1.2725,3.2717,8.5772,1444,152671.75
16245,3.201,3.7242,10.5644,1439,152671.75
16250,-1.075,-0.1903,13.2914,1422,152671.75
16255,-5.6479,-0.1413,11.2563,1435,152671.75
16260,0.006,2.8407,8.0721,1440,2993.56
16265,3.1256,3.705,10.5465,1435,2993.56
16270,-1.0738,-0.1508,13.2866,1429,2993.56
16275,-5.6731,-0.1736,11.2731,1435,2993.56
16280,-0.0778,2.8766,8.1666,1440,2992.97
16285,3.061,3.7326,10.5046,1438,2992.97
16290,-1.0702,-0.1496,13.21,1431,2992.97
16295,-5.6563,-0.2095,11.2707,1436,2992.97
16300,-0.1784,2.8431,8.1594,1439,2992.97
16305,3.0574,3.7661,10.5153,1440,2992.97
16310,-1.0391,-0.1221,13.2639,1432,2992.97
16315,-5.624,-0.2622,11.3844,1437,2992.97
16320,-0.231,2.8156,8.1379,1447,2992.82
16325,3.0418,3.7697,10.4519,1439,2992.82
16330,-0.972,-0.1089,13.1992,1437,2992.82
16335,-5.6252,-0.2753,11.3952,1435,2992.82
16340,-0.2837,2.8216,8.1499,1452,2992.82
16345,3.0095,3.8092,10.483,1439,2992.82
16357,-3.8834,-0.0575,52.864,1466,2992.67
16361,0.978,3.134,8.4036,1432,2992.67
16366,3.377,3.3076,10.9702,1437,2992.67
16371,-1.822,-0.8116,13.3896,1429,2992.67
16376,-5.8538,0.7673,10.6063,1451,2992.67
16381,0.9613,3.152,8.4336,1439,2992.97
16386,3.3507,3.3375,10.9056,1439,2992.97
16391,-1.7753,-0.7805,13.447,1429,2992.97
16396,-5.8945,0.7123,10.5955,1433,2992.97
16401,0.8894,3.1508,8.3857,1440,2993.41
16406,3.3686,3.4512,10.92,1437,2993.41
16411,-1.7274,-0.723,13.4542,1431,2993.41
16416,-5.8514,0.6608,10.6482,1436,2993.41
16421,0.8871,3.1304,8.339,1445,2994.16
16426,3.4046,3.4584,10.9271,1439,2994.16
16431,-1.6927,-0.6979,13.3872,1429,2994.16
16436,-5.8299,0.6129,10.6865,1435,2994.16
16441,-0.6009,2.7737,7.9847,1445,2995.06
16446,3.3866,3.4333,10.8589,1444,2995.06
16451,-1.6688,-0.6416,13.4817,1433,2995.06
16456,-5.8347,0.6021,10.6781,1437,2995.06
16461,0.7961,3.1352,8.2827,1448,2995.36
16466,3.3674,3.4453,10.8685,1439,2995.36
16471,-1.5682,-0.662,13.4542,1433,2995.36
16483,-5.8251,0.5076,10.6937,1443,2994.61
16486,3.3363,3.3938,10.8433,1439,2994.61
16491,-1.5778,-0.6273,13.441,1432,2994.61
16496,-5.8227,0.4465,10.7571,1437,2994.61
16501,0.6967,3.0789,8.3127,1445,2994.16
16506,3.3172,3.4872,10.8254,1435,2994.16
16511,-1.5467,-0.583,13.386,1431,2994.16
16516,-5.8179,0.4597,10.7368,1437,2994.16
16521,0.6404,3.0155,8.3151,1445,2993.86
16526,3.3351,3.4692,10.7643,1437,2993.86
16531,-1.5,-0.6069,13.3908,1433,2993.86
16536,-5.843,0.4453,10.8014,1435,2993.86
16541,0.5986,3.0191,8.2863,1449,2993.71
16546,3.2801,3.5422,10.7799,1435,2993.71
16551,-1.5071,-0.5602,13.3537,1433,2993.71
16556,-5.8442,0.3747,10.811,1436,2993.71
16561,0.5447,3.0179,8.3175,1453,2993.41
16566,3.2453,3.5159,10.7548,1437,2993.41
16571,-1.4772,-0.4968,13.3608,1433,2993.41
16576,-5.8347,0.3819,10.92,1435,2993.41
16581,0.5339,3.0634,8.3067,1451,2993.71
16586,3.2681,3.5614,10.6745,1440,2993.71
16591,-1.4509,-0.4573,13.3884,1433,2993.71
16596,-5.8215,0.3041,10.9319,1433,2993.71
16601,0.4645,3.0275,8.3151,1451,2993.86
16606,3.2597,3.6009,10.7368,1439,2993.86
16611,-1.4688,-0.4094,13.4063,1433,2993.86
16616,-5.8407,0.3172,10.9583,1435,2993.86
16621,0.4369,3.0071,8.2396,1452,2994.16
16626,3.2645,3.6703,10.7296,1443,2994.16
16631,-1.3647,-0.3807,13.3908,1433,2994.16
16636,-5.7293,0.1951,11.0002,1435,2994.16
16641,0.4046,2.9772,8.1714,1451,2994.16
16646,3.2825,3.6512,10.6949,1436,2994.16
16651,-1.3611,-0.3328,13.3537,1435,2994.16
16656,-5.7317,0.176,11.06,1435,2994.16
16661,0.3508,2.9329,8.1606,1449,2994.31
16666,3.2968,3.6356,10.7081,1435,2994.31
16671,-1.2426,-0.3244,13.4279,1433,2994.31
16676,-5.7341,0.1173,11.0313,1437,2994.31
16681,0.3065,2.9066,8.1379,1451,2994.16
16686,3.2848,3.6284,10.6171,1433,2994.16
16691,-1.2546,-0.3208,13.3872,1435,2994.16
16696,-5.7341,0.0646,11.0133,1435,2994.16
16701,0.2574,2.9066,8.1199,1451,2994.31
16706,3.1951,3.614,10.6099,1431,2994.31
16711,-1.2402,-0.2526,13.4375,1435,2994.31
16716,-5.6707,-0.0227,11.0624,1436,2994.31
16721,0.1437,2.8551,8.084,1451,2994.31
16726,3.1999,3.6715,10.6303,1436,2994.31
16731,-1.1959,-0.2777,13.4051,1431,2994.31
16736,-5.6898,-0.0239,11.1187,1435,2994.31
16741,-1.5862,2.5893,8.0457,1451,2994.61
16746,3.1831,3.7026,10.6374,1435,2994.61
16751,-1.2426,-0.1891,13.4015,1433,2994.61
16756,-5.7162,-0.0587,11.2037,1439,2994.61
16761,0.0383,2.8036,7.9619,1450,2994.46
16766,3.1448,3.7038,10.6003,1437,2994.46
16771,-1.2294,-0.1544,13.3704,1432,2994.46
16776,-5.6934,-0.0742,11.1821,1439,2994.46
16781,0.0227,2.897,8.0936,1449,2994.76
16786,3.1041,3.7122,10.5776,1437,2994.76
16791,-1.2139,-0.1556,13.4578,1439,2994.76
16796,-5.6647,-0.0958,11.2228,1443,2994.76
16801,-0.0144,2.824,8.0098,1446,2995.51
16806,3.1879,3.7433,10.5656,1438,2995.51
16811,-1.1995,-0.1053,13.5236,1431,2995.51
16816,-5.6731,-0.1221,11.2061,1437,2995.51
16821,-0.0215,2.9233,8.0062,1449,2995.81
16826,3.1675,3.7828,10.507,1437,2995.81
16831,-1.1624,-0.0766,13.4039,1427,2995.81
16836,-5.6084,-0.152,11.2599,1440,2995.81
16841,-0.0527,2.8228,7.9679,1445,2995.81
16846,3.219,3.7481,10.6051,1437,2995.81
16851,-1.1001,-0.0874,13.4327,1429,2995.81
16856,-5.5773,-0.1987,11.3114,1443,2995.81
16861,-0.0922,2.8252,7.8841,1445,2995.66
16866,3.1855,3.8104,10.5333,1435,2995.66
16871,-1.0858,-0.0311,13.386,1430,2995.66
16876,-5.5773,-0.2143,11.3054,1439,2995.66
16881,-0.1437,2.8072,7.9895,1447,2995.51
16886,3.1735,3.7457,10.5309,1437,2995.51
16891,-1.0475,-0.0419,13.4087,1427,2995.51
16896,-5.6,-0.2622,11.3186,1439,2995.51
16901,-0.1772,2.8132,7.9775,1447,2995.51
16906,3.1651,3.7637,10.4722,1435,2995.51
16911,-1.0199,-0.0012,13.386,1430,2995.51
16916,-5.5569,-0.2957,11.3904,1439,2995.51
16921,-0.2586,2.7533,7.9392,1456,2995.51
16926,3.0718,3.7649,10.4663,1435,2995.51
16931,-1.0056,-0.012,13.3716,1432,2995.51
16936,-5.5234,-0.3747,11.3353,1439,2995.51
16941,-0.2729,2.7869,7.9368,1453,2995.06
16946,3.1005,3.79,10.4686,1437,2995.06
16951,-1.0307,0.0299,13.3848,1431,2995.06
16956,-5.6036,-0.3567,11.4215,1437,2995.06
16961,-0.3352,2.7773,7.9452,1437,2995.06
16966,3.0131,3.8068,10.5321,1439,2995.06
16971,-0.9924,0.0431,13.4183,1428,2995.06
16976,-5.533,-0.3663,11.4814,1445,2995.06
16981,-0.3627,2.7761,7.9679,1449,2994.76
16986,3.0275,3.8774,10.489,1437,2994.76
16991,-0.9493,0.0802,13.3788,1432,2994.76
16996,-5.5318,-0.3519,11.4718,1443,2994.76
17001,-0.419,2.7605,7.9308,1454,2994.16
17006,3.049,3.8295,10.4543,1439,2994.16
17011,-0.9744,0.1137,13.3441,1433,2994.16
17016,-5.5007,-0.4417,11.4706,1444,2994.16
17021,-0.4441,2.7617,7.9404,1449,2995.21
17026,3.0801,3.8403,10.4627,1439,2995.21
17031,-0.9266,0.1448,13.4135,1435,2995.21
17036,-5.4576,-0.4729,11.5496,1445,2995.21
17041,-0.4992,2.721,7.9069,1454,2994.91
17046,3.0957,3.869,10.4064,1436,2994.91
17051,-0.8511,0.1484,13.3261,1433,2994.91
17056,-5.436,-0.4992,11.5209,1439,2994.91
17061,-0.5231,2.7473,7.9164,1453,2995.06
17066,3.0742,3.8355,10.4483,1435,2995.06
17071,-0.8499,0.1676,13.3321,1433,2995.06
17076,-5.4312,-0.5602,11.5963,1445,2995.06
17081,-0.6093,2.7054,7.9356,1445,2995.06
17086,2.9939,3.7649,10.386,1436,2995.06
17091,-0.7829,0.1891,13.3405,1433,2995.06
17096,-5.4097,-0.6153,11.5891,1439,2995.06
17101,-0.6404,2.7162,7.908,1459,2994.76
17106,2.9939,3.8535,10.3944,1437,2994.76
17111,-0.7673,0.2406,13.368,1432,2994.76
17116,-5.375,-0.6369,11.6286,1439,2994.76
17121,-0.6979,2.6659,7.8877,1459,2994.61
17126,2.9461,3.8475,10.3645,1437,2994.61
17131,-0.7566,0.2107,13.2699,1433,2994.61
17136,-5.4253,-0.6692,11.6514,1439,2994.61
17141,-0.8068,2.6827,7.9452,1460,2994.31
17146,2.8922,3.8738,10.337,1436,2994.31
17151,-0.7326,0.2526,13.2687,1435,2994.31
17156,-5.3726,-0.6596,11.6765,1439,2994.31
17161,-0.8332,2.6815,7.8925,1461,2994.16
17166,2.879,3.8702,10.313,1433,2994.16
17171,-0.7111,0.2693,13.2567,1435,2994.16
17176,-5.3486,-0.7159,11.7256,1437,2994.16
17181,-0.9254,2.7114,8.0086,1463,2994.46
17186,2.8216,3.9169,10.252,1435,2994.46
17191,-0.6728,0.3352,13.2639,1436,2994.46
17196,-5.3702,-0.7302,11.728,1439,2994.46
17201,-0.9685,2.6612,7.9523,1459,2994.76
17206,2.8778,3.9325,10.2867,1435,2994.76
17211,-0.6069,0.3759,13.216,1433,2994.76
17216,-5.2984,-0.729,11.8046,1435,2994.76
17221,-0.9744,2.6779,7.9763,1453,27309.97
17226,2.8958,3.9444,10.2376,1433,27309.97
17231,-0.5698,0.3723,13.149,1435,27309.97
17236,-5.2589,-0.7638,11.7879,1433,27309.97
17241,-1.0499,2.6396,7.9021,1456,2995.06
17246,2.909,3.8666,10.252,1432,2995.06
17251,-0.559,0.4046,13.1897,1435,2995.06
17256,-5.2577,-0.7865,11.8477,1433,2995.06
17261,-1.0403,2.6432,7.9499,1460,2995.36
17266,2.9125,3.899,10.2292,1436,2995.36
17271,-0.5136,0.407,13.1968,1433,2995.36
17276,-5.2493,-0.8739,11.8214,1431,2995.36
17281,-1.1025,2.6252,7.9476,1455,2995.81
17286,2.8958,3.8355,10.2568,1435,2995.81
17291,-0.4573,0.4334,13.2483,1434,2995.81
17296,-5.2134,-0.9038,11.7699,1434,2995.81
17301,-1.1911,2.6947,7.9224,1455,2996.25
17306,2.879,3.893,10.1837,1438,2996.25
17311,-0.4597,0.4501,13.2256,1435,2996.25
17316,-5.2397,-0.9254,11.8836,1433,2996.25
17321,-1.2198,2.6157,7.9487,1455,2996.25
17326,2.7904,3.8571,10.1957,1432,2996.25
17331,-0.4537,0.3998,13.2124,1435,2996.25
17336,-5.2253,-0.9182,11.9016,1433,3746.02
17341,-1.2821,2.6205,7.9045,1453,14958.86
17346,2.8048,3.8894,10.2208,1439,14958.86
17351,3.4105,3.0754,11.4874,1433,14958.86
17356,-5.2289,-0.9577,11.9566,1433,14958.86
17361,-1.2893,2.6228,7.9655,1453,2995.66
17366,2.7641,3.8942,10.1586,1437,2995.66
17371,-0.4717,0.4992,13.1873,1437,2995.66
17376,-5.1978,-0.9397,11.9303,1433,2995.66
17381,-1.3216,2.6324,7.938,1453,2995.66
17386,2.7545,3.9756,10.155,1443,2995.66
17391,3.3459,3.1005,11.3533,1437,2995.66
17396,-5.187,-0.9972,11.9195,1431,2995.66
17401,-1.403,2.6384,7.9188,1455,2995.81
17406,2.806,3.9037,10.1526,1444,2995.81
17411,-0.3651,0.5243,13.1956,1443,2995.81
17416,-5.1451,-1.0116,11.9327,1436,2995.81
17421,-1.4688,2.6013,7.9703,1459,2996.1
17426,2.7857,3.9337,10.1682,1446,2996.1
17431,-0.346,0.5974,13.1418,1437,8700.7
17436,-5.1332,-1.0439,11.9554,1437,6580.39
17441,-1.4712,2.5606,7.9404,1471,14966.33
17446,2.794,3.8666,10.1323,1447,14966.33
17451,-0.2586,0.5195,13.0795,1435,14966.33
17456,-5.0996,-1.0056,12.0428,1437,14966.33
17461,-1.4976,2.5714,7.9069,1454,2995.96
17466,2.7904,3.9241,10.155,1438,2995.96
17471,-0.2502,0.589,13.1406,1435,2995.96
17476,-5.0925,-1.0858,12.0321,1435,2995.96
17481,-1.5335,2.5402,7.9883,1455,2995.81
17486,2.7318,3.8858,10.0808,1439,2995.81
17491,-0.2239,0.5758,13.1059,1436,2995.81
17496,-5.0673,-1.0786,12.0309,1437,2995.81
17501,-1.6065,2.5379,7.9966,1459,2995.66
17506,2.7306,3.9073,10.0748,1443,2995.66
17511,-0.1879,0.6297,13.1274,1435,2995.66
17516,-5.0841,-1.1157,12.0177,1435,2995.66
17521,-1.6652,2.5498,7.9859,1459,2995.66
17526,2.6935,3.8595,10.0497,1439,2995.66
17531,-0.1927,0.5986,13.0759,1435,2995.66
17536,-5.0578,-1.1768,12.1063,1436,2995.66
17541,-1.6903,2.5929,7.9895,1461,2995.81
17546,2.6803,3.9229,10.0509,1437,2995.81
17551,-0.1437,0.6668,13.0412,1435,2995.81
17556,-5.0889,-1.1384,12.0704,1439,2995.81
17561,-1.7621,2.545,7.9547,1465,2995.96
17566,2.654,3.9133,10.0221,1437,2995.96
17571,-0.1341,0.656,13.052,1435,2995.96
17576,-5.0254,-1.1624,12.1865,1435,2995.96
17581,-1.7897,2.5678,7.9823,1453,2995.96
17586,2.6312,3.8882,9.9946,1439,2995.96
17591,-0.1006,0.6788,13.0496,1431,2995.96
17596,-4.9871,-1.142,12.1302,1436,2995.96
17601,-1.7945,2.5606,8.023,1461,2996.1
17606,2.6647,3.9145,10.0592,1443,2996.1
17611,-0.0958,0.7374,13.052,1433,2996.1
17616,-4.9512,-1.2103,12.1554,1437,2996.1
17621,-1.8555,2.5391,7.993,1461,2995.96
17626,2.7019,3.9732,10.0281,1443,2995.96
17631,-0.0383,0.7422,13.1226,1431,2995.96
17636,-4.9201,-1.2414,12.1985,1439,2995.96
17641,-1.9201,2.5103,8.0254,1463,2995.66
17646,2.6528,3.948,9.9946,1445,2995.66
17651,-0.0084,0.7697,13.0484,1431,2995.66
17656,-4.9333,-1.2522,12.1649,1437,2995.66
17661,-1.9405,2.4912,7.9715,1462,2996.1
17666,2.6935,3.9037,10.0269,1443,2996.1
17671,0.0395,0.7697,13.0269,1447,2996.1
17676,-4.9356,-1.2474,12.1901,1439,2996.1
17681,-1.9573,2.5498,8.0313,1461,2996.1
17686,2.5821,3.9073,9.9371,1445,2996.1
17691,0.0263,0.7733,12.9682,1433,2996.1
17696,-4.8746,-1.2546,12.2068,1437,2996.1
17701,-2.0219,2.46,8.0062,1467,2996.1
17706,2.5869,3.881,9.9826,1440,2996.1
17711,0.1317,0.8236,12.9909,1433,2996.1
17716,-4.8914,-1.2725,12.208,1435,2996.1
17721,-2.0722,2.5163,8.0337,1465,2996.55
17726,2.6013,3.9265,9.9671,1443,2996.55
17731,0.1053,0.7673,12.9143,1434,2996.55
17736,-4.8518,-1.2941,12.2032,1435,2996.55
17741,-2.0949,2.5031,8.0732,1455,2996.55
17746,2.5462,3.8834,10.0018,1439,2996.55
17751,0.1377,0.8428,12.949,1435,8703.22
17756,-4.865,-1.3108,12.2703,1433,8703.22
17761,-2.1165,2.5115,8.0649,1464,4570.38
17766,2.5762,3.9097,9.9467,1444,4570.38
17771,0.1844,0.844,12.9706,1435,4570.38
17776,-4.8566,-1.3815,12.2906,1435,4570.38
17781,-2.1931,2.5223,8.0673,1463,2997.15
17786,2.5402,3.9109,9.9192,1445,2997.15
17791,0.2227,0.8583,12.9885,1433,2997.15
17796,-4.8518,-1.3719,12.3265,1434,2997.15
17801,-2.2039,2.4912,7.9763,1465,2997.3
17806,2.5881,3.9217,9.8964,1439,2997.3
17811,0.2777,0.8236,12.9239,1433,2997.3
17816,-4.8315,-1.3455,12.3254,1435,2997.3
17821,-2.2302,2.4888,8.0661,1465,2997.45
17826,2.5869,3.9409,9.8964,1443,2997.45
17831,0.237,0.9074,12.9335,1431,2997.45
17836,-4.7704,-1.3396,12.3289,1433,2997.45
17841,-2.2254,2.4708,8.0385,1463,2997.15
17846,2.5881,3.9109,9.9144,1447,2997.15
17851,0.2215,0.82,12.888,1433,2997.15
17856,-4.7621,-1.3611,12.3158,1433,2997.15
17861,-2.2637,2.4325,8.0816,1464,2997.15
17866,2.6157,3.9397,9.8904,1437,2997.15
17871,0.2825,0.9301,12.9933,1433,2997.15
17876,-4.792,-1.3922,12.3062,1433,2997.15
17881,-2.2649,2.4529,8.0649,1465,2997.0
17886,2.6001,3.8822,9.8402,1438,2997.0
17891,0.2813,0.9361,12.9095,1433,2997.0
17896,-4.8111,-1.342,12.3397,1429,2997.0
17901,-2.3427,2.4732,8.09,1463,2997.15
17906,2.557,3.8966,9.8916,1439,2997.15
17911,0.2945,0.9313,12.9095,1434,2997.15
17916,-4.7405,-1.3838,12.3409,1432,2997.15
17921,-2.3727,2.4768,8.0625,1465,2997.0
17926,2.5558,3.9181,9.821,1438,2997.0
17931,0.3065,0.899,12.9024,1433,2997.0
17936,-4.774,-1.4042,12.3529,1433,2997.0
17941,-2.302,2.4888,8.0565,1454,2997.0
17946,2.5175,3.8822,9.8569,1439,2997.0
17951,0.3005,0.9254,12.8976,1435,2997.0
18962,0.0,-1.0618,16.9318,1495,2995.96
18965,1.9812,3.5087,9.0465,1433,2995.96
18970,2.5235,2.2422,12.0584,1443,2995.96
18975,-3.3962,-1.6819,13.2172,1433,2995.96
18980,-4.7848,1.9609,9.1016,1455,2995.96
18985,1.9764,3.5279,9.147,1435,2995.96
18990,2.5738,2.2242,12.0488,1443,2995.96
18995,-3.3375,-1.6951,13.1705,1431,2995.96
19000,-4.8949,1.919,9.1159,1451,2996.25
19005,1.9537,3.5638,9.1255,1435,2996.25
19010,2.5714,2.2434,12.0009,1446,2996.25
19015,-3.3291,-1.6807,13.2316,1434,2996.25
19020,-4.9141,1.9704,9.1339,1449,2996.7
19025,1.9632,3.5291,9.1075,1435,2996.7
19030,2.6193,2.2374,11.9411,1443,2996.7
19035,-3.2992,-1.6496,13.2567,1432,2996.7
19040,-4.9261,1.9309,9.1698,1449,2996.7
19045,1.974,3.5841,9.0333,1437,2996.7
19050,2.6959,2.3128,12.0093,1443,2996.7
19055,-3.286,-1.6029,13.3249,1429,2996.7
19060,-4.9644,1.9046,9.1518,1449,2996.7
19065,2.0016,3.4991,8.9675,1437,2996.7
19070,2.7294,2.3008,11.9495,1443,2996.7
19075,-3.2944,-1.6137,13.2723,1428,2996.7
19080,-4.956,1.9213,9.2165,1445,2997.15
19085,2.0267,3.5458,9.0154,1435,2997.15
19090,2.7737,2.3104,11.9495,1444,2997.15
19095,-3.2214,-1.5993,13.3034,1431,2997.15
19100,-4.9907,1.8735,9.1315,1436,2996.4
19105,1.9836,3.5231,8.9974,1443,2996.4
19110,2.7569,2.32,11.9387,1439,2996.4
19115,-3.1975,-1.6125,13.2818,1433,2996.4
19120,-4.9356,1.8579,9.2572,1435,2996.4
19125,1.968,3.5111,9.0154,1450,2996.85
19130,2.7869,2.2865,11.9578,1443,2996.85
19135,-3.1675,-1.6281,13.2483,1434,2996.85
19140,-4.9979,1.8794,9.1411,1437,2996.85
19145,1.9513,3.4848,9.0118,1445,2996.7
19150,2.7869,2.3176,11.9471,1439,2996.7
19155,-3.1939,-1.6412,13.3142,1434,2996.7
19160,-5.0278,1.8627,9.2751,1437,2996.7
19165,1.9058,3.4536,8.9507,1427,2997.45
19170,2.7593,2.3607,11.8776,1445,2997.45
19175,-3.2154,-1.6388,13.2531,1435,2997.45
19180,-5.0685,1.822,9.268,1437,2997.45
19185,1.9345,3.4417,8.9256,1447,2997.6
19190,2.7677,2.3703,11.9183,1445,2997.6
19195,-3.1891,-1.6281,13.3249,1433,2997.6
19200,-5.0793,1.8771,9.238,1437,2997.6
19205,1.8747,3.5123,8.9615,1447,2997.9
19210,2.7749,2.4098,11.9016,1438,2997.9
19215,-3.1783,-1.5802,13.3022,1433,2997.9
19220,-5.114,1.8411,9.3039,1435,2997.9
19225,1.9429,3.5051,8.9639,1446,2999.25
19230,2.7928,2.405,11.9147,1443,2999.25
19235,-3.1568,-1.6149,13.3501,1435,2999.25
19240,-5.1032,1.8364,9.256,1437,2999.25
19245,1.9237,3.5231,8.9459,1447,2999.55
19250,2.8216,2.4612,11.9231,1437,2999.55
19255,-3.1687,-1.5742,13.3058,1435,2999.55
19260,-5.1068,1.8507,9.3087,1435,2999.55
19265,1.9321,3.5111,8.983,1446,2999.55
19270,2.8683,2.4193,11.9171,1439,2999.55
19275,-3.1508,-1.5502,13.3201,1434,2999.55
19280,-5.0853,1.8531,9.2692,1437,2999.55
19285,1.986,3.5123,8.9196,1449,2999.7
19290,2.8994,2.4193,11.9004,1443,2999.7
19295,-1.1803,-0.1018,13.4817,1437,2999.7
19300,-5.0901,1.8016,9.2787,1435,3752.11
19305,1.9812,3.5003,8.9531,1447,14966.33
19310,2.8922,2.4193,11.892,1439,14966.33
19315,-3.1627,-1.579,13.289,1435,4848.09
19320,-5.053,1.8316,9.1997,1436,4848.09
19325,1.9776,3.5063,8.9842,1447,7869.88
19330,2.8754,2.3547,11.8884,1435,7869.88
19335,-3.1891,-1.6245,13.3489,1433,7869.88
19340,-5.1056,1.8507,9.1925,1433,7869.88
19345,1.9441,3.5099,8.9232,1447,3000.45
19350,2.8635,2.3619,11.8764,1440,3000.45
19355,-3.14,-1.6747,13.277,1433,4227.14
19360,-5.0853,1.8639,9.1889,1433,4227.14
19365,1.9357,3.4584,8.9352,1447,10337.7
19370,2.8371,2.3176,11.9387,1439,10337.7
19375,-3.2094,-1.6436,13.2687,1433,10337.7
19380,-5.0518,1.8639,9.2811,1433,10337.7
19385,1.9261,3.5111,8.9124,1445,2999.55
19390,2.7845,2.2924,11.8609,1438,2999.55
19395,-3.1999,-1.6376,13.301,1435,2999.55
19400,-5.0374,1.8328,9.2057,1434,2999.55
19405,1.8818,3.541,8.9316,1447,2999.4
19410,2.7988,2.393,11.9195,1438,2999.4
19415,-3.2082,-1.5933,13.3189,1435,2999.4
19420,-5.0649,1.8507,9.2464,1436,3751.64
19425,1.9213,3.4512,8.9076,1445,14962.59
19430,2.8228,2.3942,11.91,1439,14962.59
19435,-3.225,-1.6388,13.2603,1436,14962.59
19440,-5.0542,1.8974,9.2285,1432,14962.59
19445,1.9465,3.541,8.9399,1447,2999.85
19450,2.7821,2.3798,11.9351,1437,2999.85
19455,-3.2178,-1.6089,13.3525,1432,2999.85
19460,-5.0793,1.8447,9.2404,1437,2999.85
19465,1.9261,3.4776,8.934,1445,2999.55
19470,2.8036,2.3715,11.8896,1437,2999.55
19475,-3.2286,-1.5862,13.3477,1433,2999.55
19480,-5.0446,1.883,9.2201,1437,2999.55
19485,1.9872,3.5338,8.9555,1444,3000.0
19490,2.7988,2.3882,11.9578,1437,3000.0
19495,-3.1939,-1.6077,13.313,1432,3000.0
19500,-5.0326,1.8699,9.2261,1432,3000.0
19505,1.9716,3.5099,8.9244,1440,2999.7
19510,2.8431,2.3487,11.8836,1439,2999.7
19515,-3.1975,-1.6077,13.3297,1433,2999.7
19520,-5.0314,1.8579,9.2344,1433,2999.7
19525,1.9848,3.5195,8.9399,1445,2999.55
19530,2.8335,2.3487,11.9411,1438,2999.55
19535,-3.2226,-1.634,13.2794,1432,2999.55
19540,-5.017,1.8699,9.1662,1435,2999.55
19545,1.9872,3.4632,8.9459,1445,2999.1
19550,2.7485,2.3439,11.9542,1437,2999.1
19555,-3.1783,-1.6807,13.3333,1435,5699.09
19560,-5.0039,1.8136,9.2009,1432,5699.09
19565,1.9656,3.4979,8.9986,1447,6328.45
19570,2.8084,2.3308,11.904,1443,6328.45
19575,-3.1843,-1.6448,13.2495,1433,6328.45
19580,-5.0386,1.8411,9.2703,1435,6328.45
19585,1.9142,3.486,8.9783,1443,2998.8
19590,2.794,2.3272,11.9088,1439,2998.8
19595,-3.1867,-1.6735,13.2651,1436,2998.8
19600,-5.0613,1.8567,9.2117,1433,2998.8
19605,1.9561,3.5374,8.9771,1447,2998.5
19610,2.7785,2.3846,11.9183,1437,2998.5
19615,-3.1891,-1.6676,13.2699,1432,2998.5
19620,-5.0721,1.8627,9.2692,1433,2998.5
19625,1.9441,3.5027,8.9615,1447,2998.95
19630,2.7857,2.4014,11.8621,1439,2998.95
19635,-3.213,-1.6257,13.307,1433,2998.95
19640,-5.053,1.8387,9.25,1433,2998.95
19645,1.9309,3.5123,8.9687,1443,2998.95
19650,2.806,2.4193,11.91,1437,2998.95
19655,-3.219,-1.6113,13.2651,1431,2998.95
19660,-5.0745,1.8447,9.2668,1432,2998.95
19665,1.9357,3.5039,8.9759,1446,2998.95
19670,2.818,2.3858,11.9231,1435,2998.95
19675,-3.1603,-1.6185,13.2519,1433,2998.95
19680,-5.0578,1.834,9.2488,1431,2998.95
19685,1.9549,3.5314,8.9651,1443,2998.65
19690,2.8635,2.393,11.886,1435,2998.65
19695,-3.1675,-1.5323,13.3525,1432,2998.65
19700,-5.0985,1.8866,9.3122,1433,2998.65
19705,1.9118,3.5111,8.9196,1439,2998.2
19710,2.8383,2.3499,11.8238,1437,2998.2
19715,-3.1244,-1.5634,13.3345,1435,2998.2
19720,-5.0781,1.804,9.2668,1433,2998.2
19725,1.9201,3.4836,8.9112,1447,2997.75
19730,2.9018,2.4122,11.9147,1437,2997.75
19735,-3.1161,-1.5897,13.3656,1433,2997.75
19740,-5.0494,1.8543,9.2883,1433,2997.75
19745,1.9405,3.5063,8.9411,1447,2997.6
19750,2.8383,2.4193,11.8944,1433,2997.6
19755,-3.0945,-1.5933,13.313,1435,2997.6
19760,-5.029,1.7968,9.2512,1433,2997.6
19765,1.9154,3.5063,8.9184,1445,2997.9
19770,2.8299,2.4146,11.8932,1435,2997.9
19775,-3.0837,-1.5993,13.2914,1433,2997.9
19780,-5.102,1.8256,9.256,1431,2997.9
19785,1.9525,3.5015,8.9292,1447,2997.75
19790,2.8778,2.4205,11.8716,1432,2997.75
19795,-3.1101,-1.5993,13.2639,1435,2997.75
19800,-5.1116,1.8076,9.3003,1435,3057.32
19805,1.9357,3.4632,8.9771,1445,155038.77
19810,2.8611,2.411,11.8573,1436,155038.77
19815,-3.1041,-1.5598,13.3046,1431,155038.77
19820,-5.1344,1.798,9.2955,1433,155038.77
19825,1.9201,3.5087,8.9459,1447,2998.2
19830,2.8766,2.4744,11.8681,1434,2998.2
19835,-3.122,-1.6101,13.3584,1437,5699.09
19840,-5.2038,1.8004,9.3063,1433,5699.09
19845,1.8974,3.4297,8.9208,1449,6329.11
19850,2.903,2.4684,11.9016,1433,6329.11
19855,-3.152,-1.5706,13.3237,1433,6329.11
19860,-5.1846,1.7933,9.3278,1433,6329.11
19865,-1.8076,2.4983,7.9918,1446,2998.95
19870,2.8982,2.4995,11.8585,1435,2998.95
19875,-3.128,-1.5443,13.3584,1431,2998.95
19880,-5.1846,1.7945,9.3721,1433,2998.95
19885,1.8591,3.5099,8.9735,1447,2998.95
19890,2.9413,2.4888,11.8262,1435,2998.95
19895,-3.1268,-1.5131,13.3297,1431,2998.95
19900,-5.1906,1.8076,9.3625,1435,2998.95
19905,1.9225,3.4967,8.9818,1447,2998.95
19910,2.9125,2.5127,11.8884,1436,2998.95
19915,-3.0837,-1.5287,13.3405,1433,2998.95
19920,-5.1942,1.8172,9.3362,1433,2998.95
19925,1.9082,3.468,8.9016,1446,2999.25
19930,2.9389,2.4553,11.8034,1435,2999.25
19935,-3.1029,-1.561,13.3656,1434,2999.25
19940,-5.1906,1.8112,9.3206,1431,2999.25
19945,1.9178,3.4967,8.91,1445,2998.95
19950,2.9113,2.4337,11.8537,1436,2998.95
19955,-1.16,-0.0754,13.4387,1435,2998.95
19960,-5.1787,1.7945,9.3182,1433,2998.95
19965,1.8854,3.4632,8.8669,1449,2998.8
19970,2.9556,2.4445,11.8621,1435,2998.8
19975,-3.0813,-1.5897,13.3441,1436,2998.8
19980,-5.1463,1.7789,9.3506,1434,2998.8
19985,1.919,3.4884,8.9016,1449,2998.65
19990,2.8958,2.4768,11.8477,1437,2998.65
19995,-3.0514,-1.5957,13.3429,1427,2998.65
20000,-5.1918,1.7514,9.2727,1435,2998.65
20005,1.9225,3.4465,8.8466,1449,2998.8
20010,2.891,2.4864,11.8094,1435,2998.8
20015,-3.0897,-1.6029,13.3668,1431,2998.8
20020,-5.1667,1.7933,9.3841,1437,2998.8
20025,1.8399,3.4991,8.8861,1439,2998.95
20030,2.976,2.5043,11.8333,1438,2998.95
20035,-3.0945,-1.6053,13.3501,1433,2998.95
20040,-5.2289,1.7418,9.3518,1437,2998.95
20045,1.8675,3.4668,8.8861,1445,2999.25
20050,2.9473,2.4876,11.8262,1439,2999.25
20055,-3.0885,-1.5622,13.2651,1431,2999.25
20060,-5.2014,1.7885,9.426,1435,2999.25
20065,1.8747,3.4848,8.825,1445,2998.95
20070,2.9161,2.5127,11.7711,1437,2998.95
20075,-3.0634,-1.5814,13.3273,1433,2998.95
20080,-5.2134,1.7621,9.3913,1437,2998.95
20085,1.889,3.4548,8.8741,1449,2999.1
20090,2.9449,2.5067,11.8932,1439,2999.1
20095,-3.1053,-1.5311,13.3824,1433,2999.1
20100,-5.2122,1.7609,9.3793,1438,2999.1
20105,1.913,3.4788,8.8789,1448,2999.1
20110,2.9461,2.4972,11.8345,1437,2999.1
20115,-3.067,-1.5371,13.3477,1429,2999.1
20120,-5.1811,1.7657,9.3134,1439,2999.1
20125,1.8567,3.5063,8.8921,1444,2999.4
20130,2.9245,2.5151,11.819,1439,2999.4
20135,-3.0418,-1.5251,13.3884,1432,2999.4
20140,-5.8179,0.8847,10.3777,1443,2999.4
20145,1.9273,3.4776,8.8717,1439,2998.95
20150,2.9544,2.5031,11.88,1439,2998.95
20155,-3.0311,-1.5275,13.3417,1431,2998.95
20160,-5.1882,1.7801,9.3829,1439,2998.95
20165,1.9237,3.4776,8.8849,1445,2998.95
20170,2.9449,2.4457,11.88,1443,2998.95
20175,-2.9987,-1.5526,13.3525,1432,2998.95
20180,-5.1607,1.743,9.4164,1443,2998.95
20185,1.9058,3.474,8.9088,1447,2997.75
20190,2.9401,2.496,11.7567,1439,2997.75
20195,-2.9892,-1.5634,13.3249,1433,2997.75
20200,-5.1858,1.7358,9.4116,1449,2997.75
20205,1.9094,3.4536,8.9076,1447,2997.9
20210,2.9664,2.4636,11.7723,1440,2997.9
20215,-2.964,-1.6077,13.3489,1432,2997.9
20220,-5.2349,1.7202,9.3601,1440,2997.9
20225,1.8914,3.4273,8.8909,1443,2998.05
20230,2.9628,2.4948,11.7783,1439,2998.05
20235,-3.0394,-1.5766,13.3896,1431,2998.05
20240,-5.2433,1.6903,9.4116,1439,2998.05
20245,1.8651,3.3962,8.8585,1444,2998.2
20250,2.9664,2.5139,11.8549,1438,2998.2
20255,-3.0239,-1.5957,13.3405,1431,2998.2
20260,-5.2601,1.7346,9.4559,1443,2998.2
20265,1.804,3.3842,8.8562,1444,2998.5
20270,2.988,2.4864,11.7579,1443,2998.5
20275,-3.0323,-1.5323,13.3644,1429,2998.5
20280,-5.2756,1.7406,9.4332,1447,2998.5
20285,1.8076,3.4297,8.8262,1440,2998.8
20290,2.9987,2.5343,11.795,1439,2998.8
20295,-3.0155,-1.5395,13.3632,1431,2998.8
20300,-5.3235,1.7705,9.4631,1439,2998.8
20305,1.8375,3.4967,8.8909,1440,2998.8
20310,2.988,2.5929,11.8106,1439,2998.8
20315,-3.0011,-1.4688,13.4291,1430,2998.8
20320,-5.2517,1.743,9.4332,1440,2998.8
20325,1.8735,3.4069,8.8143,1443,2998.8
20330,3.0418,2.5606,11.7914,1437,2998.8
20335,-2.9784,-1.4892,13.3836,1431,2998.8
20340,-5.2397,1.7657,9.4858,1443,2998.8
20345,1.8651,3.5207,8.819,1443,2998.8
20350,3.0358,2.5534,11.8214,1439,2998.8
20355,-2.9461,-1.5119,13.4111,1429,2998.8
20360,-5.2206,1.7466,9.4212,1439,2998.8
20365,1.8471,3.4477,8.8083,1445,2998.95
20370,3.0167,2.5031,11.7519,1438,2998.95
20375,-2.9293,-1.5191,13.3836,1429,2998.95
20380,-5.2146,1.7274,9.4475,1440,2998.95
20385,1.8699,3.4824,8.8023,1443,2998.35
20390,3.0251,2.551,11.7483,1437,2998.35
20395,-2.9329,-1.5,13.362,1431,2998.35
20400,-5.2409,1.6939,9.4164,1443,2998.35
20405,1.8866,3.3986,8.77,1439,2998.35
20410,3.0215,2.4936,11.7675,1437,2998.35
20415,-2.9628,-1.5323,13.3944,1429,2998.35
20420,-5.2277,1.6783,9.3913,1445,2998.35
20425,1.8531,3.4261,8.8502,1439,2998.65
20430,3.0155,2.575,11.7615,1443,2998.65
20435,-2.9628,-1.5742,13.4087,1432,2998.65
20440,-5.2984,1.6628,9.4427,1445,2998.65
20445,1.8124,3.3854,8.8059,1439,2998.8
20450,3.0191,2.5307,11.795,1439,2998.8
20455,-2.9987,-1.5538,13.4255,1429,2998.8
20460,-5.2876,1.6927,9.499,1445,2998.8
20465,1.8603,3.3866,8.7951,1446,2999.25
20470,3.0155,2.551,11.7148,1440,2999.25
20475,-2.9748,-1.5455,13.3728,1429,2999.25
20480,-5.2792,1.7083,9.426,1445,2999.25
20485,1.7957,3.4081,8.8274,1444,2999.4
20490,3.0323,2.5474,11.7902,1435,2999.4
20495,-2.9892,-1.5646,13.4195,1431,2999.4
20500,-5.3235,1.719,9.4571,1444,2999.4
20505,1.8244,3.4417,8.8083,1443,2999.1
20510,3.0095,2.5869,11.7519,1437,2999.1
20515,-3.0119,-1.488,13.4219,1431,2999.1
20520,-5.3558,1.7214,9.4966,1447,2999.1
20525,1.8088,3.4596,8.8202,1443,2998.65
20530,3.0107,2.6085,11.7962,1439,2998.65
20535,-2.9425,-1.4988,13.3884,1430,2998.65
20540,-5.2888,1.7154,9.4511,1443,2998.65
20545,1.8196,3.4824,8.8514,1440,2998.5
20550,3.0478,2.6061,11.7723,1439,2998.5
20555,-2.9365,-1.47,13.4315,1437,2998.5
20560,-5.2996,1.7549,9.4882,1444,2998.5
20565,1.8399,3.468,8.8143,1445,2998.5
20570,3.0418,2.5414,11.7172,1437,2998.5
20575,-2.8778,-1.4904,13.3692,1432,2998.5
20580,-5.2852,1.731,9.4954,1447,2998.5
20585,1.8974,3.4716,8.7879,1443,2998.5
20590,3.073,2.5893,11.7352,1437,2998.5
20595,-2.8826,-1.5323,13.4458,1428,2998.5
20600,-5.3151,1.6484,9.4739,1445,2998.5
20605,1.8507,3.4381,8.7664,1439,2998.2
20610,3.0897,2.5546,11.6873,1437,2998.2
20615,-2.9233,-1.5407,13.4087,1427,2998.2
20620,-5.302,1.6771,9.4798,1445,2998.2
20625,1.8076,3.4273,8.8071,1443,2998.5
20630,3.0849,2.6001,11.7244,1439,2998.5
20635,-2.9389,-1.5251,13.3752,1432,2998.5
20640,-5.3032,1.6664,9.5134,1445,2998.5
20645,1.816,3.3746,8.746,1443,2998.8
20650,3.0742,2.6097,11.6873,1435,2998.8
20655,-2.9329,-1.5742,13.4231,1431,2998.8
20660,-5.3618,1.6903,9.5648,1445,2998.8
20665,1.7837,3.4201,8.7484,1439,2999.1
20670,3.0933,2.6133,11.7208,1437,2999.1
20675,-2.9233,-1.4916,13.4183,1431,2999.1
20680,-5.3522,1.6652,9.5062,1437,2999.1
20685,1.7957,3.4105,8.7759,1440,2999.25
20690,3.0227,2.5977,11.7352,1439,2999.25
20695,-2.9365,-1.5107,13.3501,1431,2999.25
20700,-5.3654,1.6987,9.5409,1444,2999.25
20705,1.7825,3.4488,8.8514,1440,2999.55
20717,0.0,-29.9981,0.1556,1435,2999.55
20720,-5.3606,1.6676,9.5241,1444,2999.55
20725,-0.3244,2.7414,7.9404,1438,2999.85
20730,3.049,2.6061,11.7651,1435,2999.85
20735,-2.9317,-1.4916,13.3872,1428,2999.85
20740,-5.3283,1.7154,9.5349,1446,2999.85
20745,1.8064,3.4129,8.7843,1439,3000.0
20750,3.1029,2.6324,11.7519,1437,3000.0
20755,-2.9042,-1.4533,13.3836,1431,3000.0
20760,-5.351,1.7154,9.5122,1444,3000.0
20765,1.8387,3.4429,8.8047,1443,3000.3
20770,3.0909,2.5714,11.7807,1435,3000.3
20775,-2.9221,-1.4916,13.4351,1429,3000.3
20780,-5.3056,1.6771,9.5134,1446,3000.3
20785,1.8878,3.4752,8.8454,1440,3000.45
20790,3.0885,2.6061,11.7448,1434,3000.45
20795,-2.8994,-1.4736,13.3944,1429,3000.45
20800,-5.2948,1.6855,9.4272,1443,3000.45
20805,1.8567,3.4105,8.7436,1438,3000.9
20810,3.0885,2.545,11.7352,1435,3000.9
20815,-2.9161,-1.5347,13.3812,1431,3000.9
20820,-5.3319,1.6951,9.4535,1444,3000.9
20825,1.8603,3.4153,8.8107,1440,3000.9
20830,3.1208,2.575,11.7495,1435,3000.9
20835,-2.9233,-1.5299,13.4363,1440,3000.9
20840,-5.2672,1.664,9.4068,1443,3000.9
20845,1.8459,3.3914,8.7771,1443,3001.2
20850,3.0514,2.557,11.7759,1439,3001.2
20855,-2.9437,-1.5718,13.3836,1429,3001.2
20860,-5.2744,1.6999,9.4703,1439,3001.2
20865,1.822,3.3722,8.7173,1439,3001.2
20870,3.0358,2.5678,11.7555,1439,3001.2
20875,-2.9868,-1.5347,13.3848,1430,3001.2
20880,-5.3211,1.7298,9.4691,1446,3001.2
20885,1.8148,3.4249,8.7927,1444,3001.2
20890,3.0215,2.5175,11.7938,1435,3001.2
20895,-2.9939,-1.5514,13.4183,1431,3001.2
20900,-5.3044,1.7394,9.4092,1443,3001.2
20905,1.8447,3.4333,8.7664,1444,3001.5
20910,2.9963,2.5498,11.7675,1435,3001.5
20915,-3.0706,-1.5179,13.4243,1429,3001.5
20920,-5.29,1.7585,9.4607,1443,3001.5
20925,1.8687,3.462,8.8406,1439,3001.65
20930,2.9521,2.5343,11.8178,1439,3001.65
20935,-3.067,-1.5945,13.3764,1428,3001.65
20940,-5.2277,1.7849,9.4308,1443,3001.65
20945,1.8232,3.4895,8.7999,1440,3001.8
20950,2.964,2.5295,11.8286,1437,3001.8
20955,-3.0634,-1.5012,13.4746,1433,3001.8
20960,-5.2385,1.7968,9.4236,1445,3001.8
20965,1.8507,3.4584,8.8286,1437,3001.35
20970,2.9951,2.4876,11.8429,1435,3001.35
20975,-3.0622,-1.4976,13.3381,1431,3001.35
20980,-5.1906,1.7406,9.3362,1443,3001.35
20985,1.9118,3.4967,8.8238,1443,3001.35
20990,2.9724,2.478,11.8513,1436,3001.35
20995,-3.043,-1.5239,13.4087,1427,3001.35
21000,-5.1799,1.749,9.3781,1445,3001.35
21005,1.9082,3.5015,8.8538,1445,3001.05
21010,2.9676,2.4541,11.8238,1439,3001.05
21015,-3.0478,-1.5455,13.3764,1428,3001.05
21020,-5.126,1.7478,9.3506,1445,3001.05
21025,1.8986,3.486,8.9136,1444,3000.75
21030,2.988,2.4936,11.8465,1438,3000.75
21035,-2.0877,-0.9026,13.6098,1432,3000.75
21040,-5.1547,1.7406,9.3111,1445,3000.75
21045,1.9094,3.4345,8.7987,1443,3000.45
21050,3.3962,3.2621,11.1582,1439,3000.45
21055,-2.0853,-0.9002,13.5296,1431,3000.45
21060,-5.1463,1.7418,9.2979,1443,3000.45
21065,1.8938,3.4584,8.8418,1445,3000.6
21070,3.3878,3.2573,11.1941,1433,3000.6
21075,-2.1272,-0.9002,13.5751,1427,3000.6
21080,-5.1739,1.7561,9.3158,1446,3000.6
21085,1.9405,3.4141,8.9064,1444,3000.6
21090,3.4345,3.2274,11.2085,1437,3000.6
21095,-2.1261,-0.9026,13.6122,1433,3000.6
21100,-5.8311,0.972,10.3406,1444,3000.6
21105,1.1971,3.1771,8.3246,1437,3000.6
21110,3.4536,3.2753,11.1618,1435,3000.6
21115,-2.0985,-0.8715,13.635,1431,3000.6
21120,-5.7916,0.978,10.325,1445,3000.6
21125,1.2414,3.158,8.2863,1440,3000.6
21130,3.547,3.219,11.145,1437,3000.6
21135,-2.1177,-0.9086,13.5931,1431,3000.6
21140,-5.8227,1.0127,10.3142,1439,3000.6
21145,1.2486,3.1807,8.3007,1445,3000.9
21150,3.5506,3.2836,11.139,1435,3000.9
21155,-2.1009,-0.8942,13.544,1431,3000.9
21160,-5.8071,0.9601,10.2939,1446,3000.9
21165,1.2737,3.1603,8.3079,1445,3000.9
21170,3.5291,3.1963,11.1522,1436,3000.9
21175,-2.0746,-0.8775,13.6098,1427,3000.9
21180,-5.8059,0.9649,10.3094,1443,3000.9
21185,1.2929,3.1891,8.3438,1443,3000.9
21190,3.4991,3.1843,11.1354,1437,3000.9
21195,-2.0865,-0.9158,13.5284,1432,3000.9
21200,-5.776,0.9601,10.246,1444,3000.9
21205,1.2941,3.1568,8.3294,1447,3000.9
21210,3.5123,3.2082,11.1642,1436,3000.9
21215,-2.1488,-0.9337,13.5751,1429,3000.9
21220,-5.7904,1.0068,10.2388,1447,3000.9
21225,1.2809,3.1687,8.2947,1445,3000.6
21230,3.4931,3.2178,11.1989,1437,3000.6
21235,-2.1691,-0.9637,13.5284,1428,3000.6
21240,-5.8502,0.9768,10.325,1439,3000.6
21245,1.2761,3.1759,8.3306,1438,3000.45
21250,3.4369,3.1472,11.1845,1438,3000.45
21255,-2.1871,-1.0008,13.5308,1431,3000.45
21260,-5.8167,0.9864,10.2604,1442,3000.45
21265,1.2701,3.1735,8.339,1445,3000.45
21270,3.4524,3.1627,11.212,1439,3000.45
21275,-2.2434,-0.996,13.562,1431,3000.45
21280,-5.8347,1.0499,10.2604,1443,3000.45
21285,1.2965,3.1544,8.3426,1445,3000.45
21290,3.4213,3.1747,11.2132,1437,3000.45
21295,-2.2146,-0.9936,13.6122,1432,3000.45
21300,-5.7892,1.0714,10.2017,1443,3000.45
21305,1.2773,3.1975,8.3222,1439,3000.75
21310,3.4381,3.1807,11.1977,1436,3000.75
21315,-2.217,-0.9924,13.6685,1429,3000.75
21320,-5.8179,1.0654,10.2651,1444,3752.35
21325,1.2558,3.1855,8.3713,1444,14981.27
21330,3.4728,3.1783,11.2767,1437,14981.27
21335,-2.2398,-0.984,13.5368,1428,14981.27
21340,-5.8023,1.0798,10.2077,1445,14981.27
21345,1.3132,3.2058,8.3163,1439,3000.75
21350,3.3148,3.7134,10.5884,1439,11855.36
21355,-2.2063,-0.9804,13.5967,1429,11855.36
21360,-5.7353,1.0977,10.2472,1445,11855.36
21365,1.3264,3.1831,8.3965,1439,4017.68
21370,3.4728,3.1328,11.1929,1436,4017.68
21375,-2.217,-1.0032,13.5679,1429,4017.68
21380,-5.7581,1.0558,10.2005,1445,4017.68
21385,1.3336,3.207,8.3833,1445,3000.9
21390,3.4919,3.1651,11.2504,1436,3000.9
21395,-2.1799,-1.0008,13.6697,1429,3000.9
21400,-5.7593,1.0463,10.1742,1445,3000.9
21405,1.3635,3.1795,8.3426,1445,3000.6
21410,3.4884,3.1591,11.1917,1437,3000.6
21415,-2.1763,-1.0343,13.5153,1429,3000.6
21420,-5.7317,1.0702,10.137,1440,3000.6
21425,1.318,3.1915,8.3965,1437,3000.3
21430,3.4536,3.1783,11.2444,1435,3000.3
21435,-2.2326,-1.0163,13.562,1429,3000.3
21440,-5.7305,1.0714,10.1323,1443,3000.3
21445,1.3324,3.1639,8.3606,1443,2999.7
21450,3.4369,3.1065,11.2719,1439,2999.7
21455,-2.2673,-1.0223,13.5727,1427,2999.7
21460,-5.7569,1.1157,10.2053,1447,2999.7
21465,1.3647,3.1747,8.4072,1445,2999.7
21470,3.4213,3.1376,11.1989,1438,2999.7
21475,-2.2673,-1.0116,13.5272,1431,2999.7
21480,-5.794,1.0786,10.1011,1439,2999.7
21485,1.3216,3.1568,8.4072,1443,2999.7
21490,3.4201,3.122,11.2887,1436,2999.7
21495,-2.3427,-1.0367,13.5392,1431,2999.7
21500,-5.8239,1.1205,10.1323,1445,2999.7
21505,1.3192,3.201,8.4025,1445,3000.0
21510,3.4441,3.1603,11.2635,1439,3000.0
21515,-2.2769,-1.0989,13.5955,1430,3000.0
21520,-5.7593,1.1277,10.2137,1443,3000.0
21525,1.3396,3.158,8.4204,1437,2999.85
21530,3.4417,3.1627,11.2539,1438,2999.85
21535,-2.3104,-1.081,13.5799,1429,2999.85
21540,-5.7676,1.1432,10.1275,1437,2999.85
21545,1.3695,3.2453,8.3725,1439,3000.15
21550,3.474,3.1508,11.2731,1439,3000.15
21555,-2.2565,-1.0163,13.5464,1431,3000.15
21560,-5.7628,1.1372,10.2077,1445,3000.15
21565,1.3443,3.2034,8.357,1445,3000.75
21570,3.4237,3.1496,11.2516,1436,3000.75
21575,-2.2697,-1.0511,13.5871,1431,3000.75
21580,-5.7233,1.1193,10.1347,1445,3000.75
21585,1.3862,3.2094,8.3689,1443,3000.9
21590,3.5039,3.1292,11.2899,1438,3000.9
21595,-2.2601,-1.0558,13.6314,1431,3000.9
21600,-5.776,1.1133,10.1562,1439,3000.9
21605,1.4066,3.2082,8.3821,1445,3001.35
21610,3.4548,3.1663,11.3186,1439,3001.35
21615,-2.2984,-1.0199,13.6146,1429,3001.35
21620,-5.7269,1.093,10.0963,1444,3001.35
21625,1.3755,3.1723,8.3187,1445,3001.65
21630,3.4584,3.122,11.3353,1438,3001.65
21635,-2.3104,-1.0439,13.5428,1431,3001.65
21640,-5.7365,1.1217,10.1335,1445,3001.65
21645,1.4054,3.2202,8.345,1445,3001.35
21650,3.4441,3.0634,11.3605,1437,3001.35
21655,-2.3236,-1.063,13.5799,1427,3001.35
21660,-5.6862,1.1337,10.0724,1439,3001.35
21665,1.4545,3.2022,8.4132,1439,3001.65
21670,3.4225,3.0969,11.3365,1437,3001.65
21675,-2.32,-1.1121,13.5655,1432,3001.65
21680,-5.7197,1.1732,10.058,1443,3001.65
21685,1.4473,3.2154,8.3617,1436,3001.05
21690,3.4022,3.0825,11.3689,1435,3001.05
21695,-2.3583,-1.1301,13.5476,1432,3001.05
21700,-5.7269,1.1624,10.0185,1445,3001.05
21705,1.4784,3.2058,8.4515,1444,3000.9
21710,3.4177,3.0981,11.412,1438,3000.9
21715,-2.387,-1.1504,13.538,1434,3000.9
21720,-5.7545,1.2031,10.0772,1444,3000.9
21725,1.4389,3.2082,8.3977,1443,3000.75
21730,3.4069,3.0442,11.382,1439,3000.75
21735,-2.3966,-1.1432,13.5787,1430,3000.75
21740,-5.7305,1.1732,10.0233,1445,3000.75
21745,1.4401,3.2836,8.4252,1445,3001.2
21750,3.474,3.061,11.4156,1438,3001.2
21755,-2.3858,-1.1444,13.5584,1431,3001.2
21760,-5.7533,1.2821,10.0616,1445,3001.2
21765,1.4856,3.2669,8.4659,1444,3001.05
21770,3.4273,3.0765,11.3162,1437,8713.33
21775,-2.375,-1.1205,13.5943,1432,8713.33
21780,-5.7724,1.2067,10.0497,1436,8713.33
21785,1.4664,3.286,8.4324,1439,4578.41
21790,3.4249,3.0155,11.3772,1436,4578.41
21795,-2.3954,-1.1468,13.6218,1432,4226.54
21800,-5.7269,1.2605,9.9491,1443,4226.54
21805,1.5036,3.2262,8.406,1445,10346.61
21810,3.4692,3.037,11.3725,1437,10346.61
21815,-2.4732,-1.1444,13.5871,1432,10346.61
21820,-5.6491,1.2354,10.0473,1440,10346.61
21825,1.4736,3.2513,8.4922,1446,3000.6
21830,3.3758,3.0466,11.4287,1437,3000.6
21835,-2.4074,-1.1756,13.4722,1433,3000.6
21840,-5.6898,1.2546,10.0245,1443,3000.6
21845,1.4928,3.2561,8.4683,1443,2999.85
21850,3.3854,3.0239,11.376,1440,2999.85
21855,-2.4265,-1.1504,13.5512,1431,2999.85
21860,-5.6826,1.2701,10.0137,1439,2999.85
21865,1.4557,3.2489,8.4886,1447,2999.55
21870,3.3447,2.9772,11.3701,1437,2999.55
21875,-2.399,-1.1492,13.465,1433,2999.55
21880,-5.788,0.1329,10.9846,1443,2999.55
21885,1.4808,3.2286,8.4467,1445,2998.95
21890,3.4129,2.982,11.3964,1433,2998.95
21895,-2.375,-1.2043,13.556,1430,2998.95
21900,-5.697,1.2294,9.9874,1439,2998.95
21905,1.4401,3.1903,8.4443,1440,2998.8
21910,3.3746,2.9963,11.3892,1439,2998.8
21915,-2.4086,-1.2115,13.5368,1430,5697.46
21920,-5.6395,1.221,9.9934,1439,5697.46
21925,1.4868,3.2298,8.4587,1443,6332.45
21930,3.383,3.0562,11.4646,1437,6332.45
21935,-2.4361,-1.1887,13.532,1435,6332.45
21940,-5.6551,1.221,9.9431,1443,6332.45
21945,1.5024,3.2406,8.4013,1443,2999.25
21950,3.3639,2.9772,11.4156,1437,2999.25
21955,-2.4373,-1.1732,13.5225,1431,2999.25
21960,-5.7138,1.2677,10.009,1443,2999.25
21965,1.4653,3.2346,8.4611,1445,2999.55
21970,3.3615,3.0059,11.4539,1434,2999.55
21975,-2.3822,-1.148,13.4985,1431,2999.55
21980,-5.7197,1.2055,9.979,1445,2999.55
21985,1.4736,3.231,8.5473,1447,3000.3
21990,3.395,3.0227,11.3832,1434,3000.3
21995,-2.4277,-1.1612,13.5524,1431,3000.3
22000,-5.7221,1.2653,10.0018,1444,3000.3
22005,1.5119,3.2825,8.4886,1444,3000.45
22010,3.3926,3.0287,11.3796,1437,3000.45
22015,-2.4373,-1.1779,13.5284,1431,3000.45
22020,-5.697,1.2175,9.9958,1443,3000.45
22025,1.4952,3.2058,8.4599,1445,3000.45
22030,3.389,3.0323,11.4347,1444,3000.45
22035,-2.4349,-1.1169,13.5584,1432,3000.45
22040,-5.6874,1.2594,9.9455,1443,3000.45
22045,1.4976,3.316,8.4803,1445,3000.75
22050,3.4548,3.0299,11.4491,1438,3000.75
22055,-2.4229,-1.1384,13.5272,1431,3000.75
22060,-5.6838,1.227,9.9144,1439,3000.75
22065,1.579,3.2465,8.4575,1443,3000.9
22070,3.4165,2.9497,11.4251,1437,3000.9
22075,-2.4289,-1.1863,13.5248,1431,3000.9
22080,-5.6755,1.2857,9.9407,1439,3000.9
22085,1.5323,3.2932,8.5138,1440,3000.9
22090,3.3674,2.9808,11.3976,1439,3000.9
22095,-2.4337,-1.2103,13.544,1433,3000.9
22100,-5.6527,1.2761,9.9359,1437,3000.9
22105,1.5347,3.2274,8.4851,1445,3000.9
22110,3.3842,2.958,11.4179,1443,3000.9
22115,-2.4852,-1.2091,13.532,1433,3000.9
22120,-5.6755,1.2953,9.9419,1439,3000.9
22125,1.5598,3.231,8.4671,1446,3001.05
22130,3.3974,2.9628,11.406,1439,3001.05
22135,-2.46,-1.251,13.5189,1431,3001.05
22140,-5.618,1.312,9.894,1443,3001.05
22145,1.5263,3.2178,8.4539,1445,3000.9
22150,3.4345,2.9568,11.5269,1439,3000.9
22155,-2.5235,-1.2055,13.5177,1433,3000.9
22160,-5.685,1.3084,9.9539,1439,3000.9
22165,1.585,3.2477,8.4635,1444,3001.35
22170,2.9377,3.8583,10.1562,1439,3001.35
22175,-2.4983,-1.2677,13.5919,1433,3001.35
22180,-5.6467,1.3084,9.9311,1444,3001.35
22185,1.5634,3.2645,8.5126,1448,3001.35
22190,3.3615,2.9485,11.4311,1439,3001.35
22195,-2.5642,-1.2677,13.5847,1435,3001.35
22200,-5.6623,1.3551,9.894,1439,3001.35
22205,1.5431,3.2932,8.4707,1447,3001.35
22210,3.3651,2.9521,11.4239,1435,3001.35
22215,-2.5893,-1.257,13.5931,1434,3001.35
22220,-5.6144,1.3815,9.9347,1437,3001.35
22225,1.5766,3.2884,8.5138,1446,3001.2
22230,3.3471,2.9329,11.5161,1444,3001.2
22235,-2.551,-1.2354,13.5069,1432,3001.2
22240,-5.5833,1.3958,9.8773,1435,3001.2
22245,1.6077,3.3088,8.5234,1444,3001.05
22250,3.3196,2.9868,11.5484,1443,3001.05
22255,-2.5391,-1.2294,13.5859,1433,3001.05
22260,-5.606,1.3934,9.9048,1435,3001.05
22265,1.6029,3.3136,8.4731,1444,3001.5
22270,3.3339,2.8826,11.485,1439,3001.5
22275,-2.5618,-1.2474,13.5117,1433,3001.5
22280,-5.5809,1.4365,9.8593,1437,3001.5
22285,1.5957,3.3255,8.5114,1445,3001.35
22290,3.3363,2.903,11.5161,1436,3001.35
22295,-2.5426,-1.2546,13.5404,1433,3001.35
22300,-5.5402,1.4114,9.8126,1432,3001.35
22305,1.6376,3.2729,8.4982,1445,3000.9
22310,3.3423,2.873,11.4982,1433,3000.9
22315,-2.5821,-1.2965,13.4662,1433,3000.9
22320,-5.5976,1.3683,9.8186,1435,3000.9
22325,1.658,3.2932,8.5509,1447,3001.2
22330,3.3279,2.9197,11.5664,1437,3001.2
22335,-2.5618,-1.2869,13.5536,1434,3001.2
22340,-5.6192,1.4066,9.7624,1434,3001.2
22345,1.6448,3.2657,8.4946,1449,3001.05
22350,3.2884,2.7964,11.5389,1437,3001.05
22355,-2.6193,-1.3551,13.5081,1431,3001.05
22360,-5.5737,1.4365,9.7851,1432,3001.05
22365,1.6364,3.3363,8.5796,1449,3001.05
22370,3.3028,2.8802,11.5448,1433,3001.05
22375,-2.6169,-1.3719,13.526,1433,3001.05
22380,-5.5952,1.3803,9.7432,1435,3001.05
22385,1.6783,3.2765,8.5545,1435,2997.9
22390,3.2609,2.8695,11.5688,1438,2997.9
22395,-2.6276,-1.3503,13.5081,1433,2997.9
22400,-5.5665,1.4186,9.8234,1435,2997.9
22405,1.5754,3.3291,8.5868,1446,2995.96
22410,3.2441,2.9006,11.5604,1439,2995.96
22415,-1.6125,-0.4334,13.4925,1434,2995.96
22420,-5.4935,1.3994,9.8186,1439,2995.96
22425,1.6149,3.2813,8.6275,1439,2994.31
22430,3.2154,2.9018,11.5796,1438,2994.31
22435,-2.496,-1.227,13.5356,1429,2994.31
22440,-5.5366,1.3348,9.9108,1445,2994.31
22445,1.5622,3.3076,8.582,1443,2993.56
22450,3.2406,2.9963,11.4814,1439,2993.56
22455,-2.4457,-1.2318,13.459,1433,2993.56
22460,-5.5569,1.3156,9.9192,1444,2993.56
22465,1.5443,3.2573,8.5736,1439,2993.71
22470,3.3136,2.9712,11.4766,1437,2993.71
22475,-2.4301,-1.2019,13.5452,1432,2993.71
22480,-5.5761,1.2989,9.9467,1443,2993.71
22485,1.5024,3.322,8.5581,1445,2994.01
22490,3.3387,3.0526,11.4287,1437,2994.01
22495,-2.3499,-1.1923,13.4746,1432,2994.01
22500,-5.5988,1.2127,9.9958,1445,2994.01
22505,1.4916,3.213,8.5569,1444,2993.86
22510,3.3698,3.0131,11.4395,1435,2993.86
22515,-2.3427,-1.1791,13.4351,1432,2993.86
22520,-5.636,1.2282,9.9766,1446,2993.86
22525,1.4892,3.2477,8.4851,1443,2993.71
22530,3.3842,3.0586,11.3725,1435,2993.71
22535,-2.3164,-1.1528,13.4399,1432,2993.71
22540,-5.6312,1.166,10.0461,1445,2993.71
22545,1.4066,3.2046,8.4599,1440,2993.56
22550,3.3591,3.0598,11.3066,1437,2993.56
22555,-2.2314,-1.136,13.4662,1432,2993.56
22560,-5.6874,1.1325,10.0604,1445,2993.56
22565,1.4234,3.1795,8.4731,1443,2993.27
22570,3.3662,3.1065,11.3856,1433,2993.27
22575,-2.2494,-1.0786,13.4841,1432,2993.27
22580,-5.7102,1.0942,10.1418,1439,2993.27
22585,1.3743,3.1556,8.4324,1443,2993.56
22590,3.3232,3.1663,11.3018,1435,2993.56
22595,-2.2517,-1.0283,13.4865,1427,2993.56
22600,-5.685,1.0594,10.167,1443,2993.56
22605,1.2965,3.2046,8.4575,1435,2994.16
22610,3.3615,3.1795,11.3377,1437,2994.16
22615,-2.1991,-0.9852,13.4985,1434,2994.16
22620,-5.6946,1.0439,10.2161,1443,2994.16
22625,1.3108,3.2118,8.3845,1439,2994.46
22630,3.3794,3.2214,11.2563,1433,2994.46
22635,-2.1763,-0.9529,13.5165,1436,2994.46
22640,-5.7509,1.0259,10.2352,1438,2994.46
22645,1.2881,3.1963,8.4228,1443,2995.06
22650,3.3758,3.207,11.2767,1437,2995.06
22655,-2.0674,-0.9218,13.5572,1434,2995.06
22660,-5.7233,0.9948,10.2328,1439,2995.06
22665,1.2534,3.1855,8.4025,1437,2995.21
22670,3.4093,3.2058,11.2132,1433,2995.21
22675,-2.0399,-0.8978,13.538,1437,2995.21
22680,-5.7317,0.9337,10.228,1439,2995.21
22685,1.2342,3.1556,8.3677,1444,2995.66
22690,3.4117,3.2609,11.1929,1433,2995.66
22695,-2.0135,-0.9158,13.5644,1436,2995.66
22700,-5.7281,0.9481,10.2747,1438,2995.66
22705,1.2186,3.1196,8.3677,1448,2996.1
22710,3.4417,3.2477,11.1977,1433,2996.1
22715,-2.0195,-0.9445,13.5308,1435,2996.1
22720,-5.7521,0.8894,10.2891,1429,2996.1
22725,1.1935,3.14,8.321,1449,2996.25
22730,3.4512,3.2992,11.2073,1433,2996.25
22735,-2.0099,-0.8942,13.477,1419,2996.25
22740,-5.8035,0.8583,10.3154,1439,2996.25
22745,1.2019,3.1316,8.266,1447,2996.7
22750,3.4357,3.2382,11.0804,1434,2996.7
22755,-1.9848,-0.899,13.55,1435,2996.7
22760,-5.8119,0.8571,10.3789,1438,2996.7
22765,1.1492,3.1089,8.3019,1443,2996.55
22770,3.4069,3.3052,11.1378,1437,2996.55
22775,-1.998,-0.8571,13.5308,1435,2996.55
22780,-5.861,0.8308,10.386,1437,2996.55
22785,1.1396,3.1065,8.2337,1452,2996.55
22790,3.4429,3.2813,11.1247,1436,2996.55
22795,-2.0315,-0.8547,13.5931,1435,2996.55
22800,-5.8215,0.832,10.4256,1447,2996.55
22805,1.1109,3.1256,8.2588,1447,2996.7
22810,3.4453,3.3746,11.1749,1432,2996.7
22815,-2.0351,-0.8152,13.538,1435,2996.7
22820,-5.8071,0.8224,10.4196,1429,2996.7
22825,1.081,3.1125,8.2492,1444,2996.4
22830,3.4441,3.3627,11.139,1440,2996.4
22835,-1.9585,-0.7937,13.5416,1435,2996.4
22840,-5.7772,0.8284,10.4375,1435,2996.4
22845,1.1049,3.0969,8.2097,1439,2996.25
22850,3.4465,3.395,11.0468,1433,2996.25
22855,-1.9249,-0.7745,13.5895,1437,2996.25
22860,-5.764,0.7733,10.471,1439,2996.25
22865,1.0499,3.0945,8.2708,1446,2996.25
22870,3.4081,3.3435,11.0768,1432,2996.25
22875,-1.8567,-0.7314,13.5979,1437,2996.25
22880,-5.77,0.7434,10.4962,1435,2996.25
22885,1.008,3.1029,8.272,1445,2996.1
22890,3.5015,3.4237,11.0528,1433,2996.1
22895,-1.8076,-0.7266,13.5524,1435,2996.1
22900,-5.7425,0.6704,10.5261,1432,2996.1
22905,1.0283,3.037,8.2013,1444,2996.25
22910,3.456,3.4261,11.0409,1433,2996.25
22915,-1.7849,-0.7422,13.5057,1433,2996.25
22920,-5.7509,0.6764,10.4758,1431,2996.25
22925,0.9792,3.0742,8.1654,1445,2996.1
22930,3.4333,3.4213,11.0732,1433,2996.1
22935,-1.8399,-0.7338,13.5021,1432,2996.1
22940,-5.8287,0.6452,10.6027,1431,2996.1
22945,0.9661,3.0335,8.1726,1445,2996.4
22950,3.4225,3.3938,11.0277,1437,2996.4
22955,-1.816,-0.7518,13.5045,1437,2996.4
22960,-5.8,0.6201,10.507,1431,2996.4
22965,0.9313,3.0742,8.2133,1447,2996.25
22970,3.3722,3.474,11.0528,1439,2996.25
22975,-1.7909,-0.6584,13.5476,1435,2996.25
22980,-5.8622,0.6404,10.6123,1432,2996.25
22985,0.8859,3.0143,8.2013,1447,2995.96
22990,3.3818,3.4273,10.993,1439,2995.96
22995,-1.8124,-0.6955,13.5632,1431,2995.96
23000,-5.8083,0.5974,10.641,1430,2995.96
23005,0.8452,3.0754,8.2349,1446,2995.81
23010,3.3878,3.4943,10.9822,1433,2995.81
23015,-1.828,-0.6285,13.5452,1435,2995.81
23020,-5.8179,0.6297,10.6841,1433,2995.81
23025,0.8308,3.0167,8.1786,1445,2995.36
23030,3.4034,3.5051,10.9654,1437,2995.36
23035,-1.7514,-0.6201,13.4973,1435,2995.36
23040,-5.776,0.565,10.7069,1431,2995.36
23045,0.808,3.0454,8.2037,1445,2995.06
23050,3.4153,3.5338,10.9295,1435,2995.06
23055,-1.7214,-0.5626,13.5536,1435,2995.06
23060,-5.7425,0.5243,10.7021,1437,2995.06
23065,0.7913,3.0418,8.1942,1445,2995.21
23070,3.3758,3.5338,10.8888,1435,2995.21
23075,-1.6125,-0.5758,13.5392,1436,2995.21
23080,-5.7509,0.4884,10.7093,1433,2995.21
23085,0.7278,2.9999,8.1834,1444,2995.66
23090,3.4034,3.5171,10.8697,1437,2995.66
23095,-1.6233,-0.5315,13.5464,1434,2995.66
23100,-5.7688,0.4621,10.756,1431,2995.66
23105,0.7242,2.9844,8.1319,1443,2996.25
23110,3.4321,3.5769,10.8649,1436,2996.25
23115,-1.6448,-0.5483,13.5093,1433,2996.25
23120,-5.7353,0.4094,10.8326,1435,2996.25
23125,0.7374,2.9784,8.096,1439,2996.4
23130,3.3914,3.5422,10.8433,1438,2996.4
23135,-1.6005,-0.486,13.5332,1433,2996.4
23140,-5.7616,0.3974,10.7739,1433,2996.4
23145,0.674,2.9844,8.1068,1443,2996.55
23150,3.3662,3.5123,10.902,1437,2996.55
23155,-1.6233,-0.51,13.5368,1433,2996.55
23160,-5.7772,0.3316,10.7799,1435,2996.55
23165,0.6153,2.9868,8.1894,1445,2996.25
23170,3.3052,3.5135,10.8326,1437,2996.25
23175,-1.6113,-0.504,13.4913,1430,2996.25
23180,-5.7724,0.3472,10.7655,1435,2996.25
23185,0.5997,2.9784,8.0984,1444,2995.96
23190,3.3339,3.5698,10.8254,1437,2995.96
23195,-1.6161,-0.4441,13.5512,1432,2995.96
23200,-5.7832,0.322,10.8326,1433,2995.96
23205,0.5459,2.9149,8.0721,1447,2996.1
23210,3.3986,3.5769,10.8242,1437,2996.1
23215,-1.6113,-0.4381,13.5177,1431,2996.1
23220,-5.7844,0.328,10.9068,1435,2996.1
23225,-0.9876,2.6719,7.9895,1443,2996.4
23230,3.3279,3.6356,10.8649,1435,2996.4
23235,-1.5395,-0.395,13.4387,1433,2996.4
23240,-5.7892,0.3424,10.8386,1431,2996.4
23245,0.5602,2.9317,8.09,1444,157480.31
23250,3.3519,3.6176,10.8433,1439,157480.31
23255,-1.5071,-0.3974,13.5129,1431,157480.31
23260,-5.7581,0.2945,10.92,1435,157480.31
23265,0.516,2.988,8.1008,1444,2997.15
23270,3.3591,3.6583,10.7919,1438,2997.15
23275,-1.4401,-0.401,13.5213,1431,2997.15
23280,-5.7341,0.2813,10.8912,1433,2997.15
23285,0.4633,2.9592,8.1211,1444,2997.15
23290,3.3914,3.5925,10.756,1439,2997.15
23295,-1.4329,-0.3926,13.4961,1432,2997.15
23300,-5.7664,0.2286,10.9188,1436,2997.15
23305,0.5183,2.964,8.0469,1438,2996.85
23310,3.3531,3.6751,10.7464,1443,2996.85
23315,-1.4437,-0.4178,13.526,1435,2996.85
23320,-5.7269,0.1856,10.8936,1432,2996.85
23325,0.4597,2.9293,8.0098,1444,2996.55
23330,3.3124,3.5997,10.7392,1439,2996.55
23335,-1.4461,-0.3244,13.477,1435,2996.55
23340,-5.6958,0.1628,10.9822,1435,2996.55
23345,0.4274,2.9724,8.0254,1449,2995.96
23350,3.2872,3.6392,10.6817,1443,2995.96
23355,-1.3994,-0.3424,13.4662,1435,2995.96
23360,-5.7174,0.097,11.0026,1407,2995.96
23365,0.3651,2.897,8.0302,1450,2995.81
23370,3.298,3.6524,10.7033,1437,2995.81
23375,-1.4389,-0.3136,13.477,1435,2995.81
23380,-5.7449,0.1281,11.0648,1437,2995.81
23385,0.334,2.8886,8.0732,1449,2995.81
23390,3.2681,3.6715,10.6123,1439,2995.81
23395,-1.4162,-0.2897,13.4937,1437,2995.81
23400,-5.7341,0.1041,11.0564,1435,2995.81
23405,0.2586,2.8838,8.0349,1453,2996.25
23410,3.2465,3.6655,10.7308,1439,2996.25
23415,-1.4341,-0.2969,13.5236,1431,2996.25
23420,-5.6814,0.0958,11.0756,1433,2996.25
23425,0.267,2.9125,8.0242,1450,2996.7
23430,3.2549,3.7242,10.6458,1438,2996.7
23435,-1.3563,-0.2634,13.441,1431,2996.7
23440,-5.7197,0.1041,11.1354,1433,2996.7
23445,0.2322,2.9018,8.0816,1451,2996.4
23450,3.2884,3.6212,10.6985,1437,2996.4
23455,-1.336,-0.2693,13.4494,1436,2996.4
23460,-5.7126,0.1089,11.0768,1434,2996.4
23465,0.2227,2.9042,8.0266,1451,2995.66
23470,3.2729,3.6871,10.6614,1443,2995.66
23475,-1.336,-0.1832,13.5177,1437,2995.66
23480,-5.6276,0.0431,11.157,1433,2995.66
23485,0.2107,2.9006,8.0361,1451,2994.31
23490,2.3164,3.7649,9.5481,1445,2994.31
23495,-1.3096,-0.1736,13.4039,1436,2994.31
23500,-5.6192,-0.0192,11.1749,1433,2994.31
23505,-1.5107,2.563,8.0469,1453,2993.41
23510,3.2358,3.7278,10.6075,1443,2993.41
23515,-1.2546,-0.1927,13.4279,1437,2993.41
23520,-5.5653,-0.0718,11.1797,1435,2993.41
23525,0.0958,2.8347,7.9416,1453,156657.97
23530,3.1496,3.7733,10.5884,1437,156657.97
23535,-1.1875,-0.1018,13.3991,1434,156657.97
23540,-5.5952,-0.1867,11.2587,1435,156657.97
23545,0.0012,2.8216,8.0098,1449,2992.82
23550,3.128,3.7661,10.55,1434,2992.82
23555,-1.1181,-0.1018,13.4099,1435,2992.82
23560,-5.5905,-0.1856,11.2492,1437,2992.82
23565,-0.0311,2.8168,7.9655,1450,2992.67
23570,3.1053,3.7685,10.5524,1436,2992.67
23575,-1.1229,-0.0754,13.374,1433,2992.67
23580,-5.5557,-0.2813,11.2887,1436,2992.67
23585,-0.1317,2.8168,8.0074,1452,2992.67
23590,2.2458,3.7661,9.4751,1437,2992.67
23595,-1.0989,-0.0263,13.3716,1432,2992.67
23600,-5.5653,-0.3089,11.333,1436,4214.96
23605,-0.2167,2.7821,8.0158,1450,10319.92
23610,3.0849,3.8271,10.5225,1438,10319.92
23615,-1.0989,0.012,13.3345,1432,10319.92
23620,-5.5857,-0.3472,11.3904,1433,10319.92
23625,-0.2753,2.7749,8.0337,1447,2992.67
23630,2.2254,3.7804,9.4487,1443,18382.35
23635,-1.0846,0.0323,13.3584,1431,18382.35
23640,-5.5174,-0.346,11.4443,1435,18382.35
23645,-0.3735,2.7593,8.0421,1450,3574.41
23650,3.0789,3.8211,10.4256,1437,3574.41
23655,-0.9852,0.1508,13.3273,1429,3574.41
23660,-5.5007,-0.3795,11.4634,1434,3574.41
23665,-0.3962,2.812,8.0278,1453,2993.12
23670,3.0358,3.8846,10.3896,1439,2993.12
23682,-0.9852,0.1018,13.2986,1439,2993.12
23686,-0.4597,2.7773,7.9631,1447,2992.52
23691,3.0287,3.8762,10.4351,1435,2992.52
23696,-0.9014,0.1329,13.3225,1435,2992.52
23701,-5.4324,-0.4693,11.6023,1437,2992.52
23706,-0.5231,2.7497,7.9895,1451,2992.82
23711,2.9928,3.8822,10.3968,1436,2992.82
23716,-0.8811,0.1927,13.289,1431,2992.82
23721,-5.3726,-0.6009,11.6047,1437,2992.82
23726,-0.6345,2.6899,7.9368,1448,2992.07
23731,2.9173,3.8247,10.3573,1437,2992.07
23736,-0.8104,0.2143,13.277,1433,2992.07
23741,-5.3379,-0.6476,11.6155,1435,2992.07
23746,-0.7374,2.6851,7.9296,1451,2991.47
23751,2.8635,3.8714,10.3537,1439,2991.47
23756,-0.7997,0.2682,13.2519,1433,2991.47
23761,-5.2804,-0.7278,11.6143,1436,2991.47
23766,-0.808,2.6659,7.9942,1445,2990.58
23771,2.8647,3.8846,10.2651,1439,2990.58
23776,-0.7254,0.2801,13.204,1431,2990.58
23781,-5.2792,-0.7781,11.6729,1435,2990.58
23786,-0.9218,2.6504,7.9619,1449,2990.28
23791,2.8323,3.8846,10.2783,1439,2990.28
23796,-0.6728,0.3723,13.1909,1431,2990.28
23801,-5.266,-0.82,11.7855,1437,2990.28
23806,-1.0738,2.6073,7.9416,1456,2989.54
23811,2.7916,3.8762,10.3011,1439,2989.54
23816,-0.6404,0.4214,13.1238,1429,2989.54
23821,-5.2613,-0.8452,11.801,1439,2989.54
23826,-1.1588,2.6384,7.9883,1459,2989.54
23831,2.7773,3.9289,10.234,1443,2989.54
23836,-0.5878,0.4944,13.1406,1431,2989.54
23841,-5.1511,-0.9014,11.9638,1439,2989.54
23846,-1.2821,2.5774,8.0385,1454,2989.39
23851,2.7186,3.9145,10.2149,1437,2989.39
23856,-0.4956,0.5567,13.1106,1431,2989.39
23861,-5.102,-0.9589,11.8609,1434,2989.39
23866,-1.3946,2.6288,8.0661,1449,2988.79
23871,2.7414,3.948,10.2101,1439,2988.79
23876,-0.4166,0.6141,13.1118,1433,2988.79
23881,-5.0051,-1.008,11.9435,1439,2988.79
23886,-1.5083,2.5977,8.0325,1461,2989.69
23891,2.6827,3.9433,10.0892,1439,2989.69
23896,-0.2813,0.6081,12.9885,1443,2989.69
23901,-4.95,-1.0822,12.044,1439,2989.69
23906,-1.6472,2.5798,8.0206,1461,2989.54
23911,2.6145,3.9313,10.1227,1436,2989.54
23916,-0.1903,0.6967,12.9778,1433,2989.54
23921,-4.9237,-1.1157,12.0931,1439,2989.54
23926,-1.6891,2.5079,8.029,1464,2989.83
23931,2.5893,3.881,10.0676,1433,2989.83
23936,-0.1006,0.6812,12.9826,1432,2989.83
23941,-4.9009,-1.2151,12.0704,1435,2989.83
23946,-1.8591,2.5462,8.1151,1461,2990.13
23951,2.5654,3.893,10.0485,1433,2990.13
23956,-0.0551,0.7697,12.973,1433,2990.13
23961,-4.8602,-1.2977,12.0871,1433,2990.13
23966,-1.998,2.4792,8.0313,1454,2989.98
23971,2.5558,3.8247,10.0377,1437,2989.98
23976,0.0503,0.7649,12.9502,1437,2989.98
23981,-4.804,-1.3587,12.2308,1436,2989.98
23986,-2.1093,2.4864,8.1307,1452,2989.98
23991,2.5187,3.9133,10.0054,1437,2989.98
23996,0.1221,0.844,12.9395,1431,2989.98
24001,-4.78,-1.3527,12.2499,1437,2989.98
24006,-2.2434,2.4481,8.1068,1463,2989.98
24011,2.49,3.9205,9.9742,1437,2989.98
24016,0.176,0.8954,12.8593,1436,2989.98
24021,-4.725,-1.3695,12.3828,1439,2989.98
24026,-2.3391,2.4325,8.1523,1461,2990.28
24031,2.4924,3.9193,9.918,1440,2990.28
24036,0.2586,0.9804,12.882,1437,2990.28
24041,-4.6855,-1.3587,12.3684,1437,2990.28
24046,-2.4469,2.4517,8.1283,1455,2990.58
24051,2.4852,3.8942,9.8976,1439,2990.58
24056,0.3029,1.0307,12.8724,1435,2990.58
24061,-4.6483,-1.3767,12.4151,1448,2990.58
24066,-2.5103,2.4612,8.1977,1463,2990.88
24071,2.496,3.8822,9.8857,1439,2990.88
24076,0.413,1.0738,12.8281,1431,2990.88
24081,-4.531,-1.4317,12.3637,1437,2990.88
24086,-2.6767,2.3906,8.2301,1463,2991.33
24091,2.4529,3.8798,9.8809,1437,2991.33
24096,0.5351,1.1384,12.7623,1431,2991.33
24101,-4.4628,-1.5167,12.4774,1437,2991.33
24106,-2.7402,2.3583,8.1654,1461,2991.62
24111,2.4397,3.8403,9.7516,1439,2991.62
24116,0.6464,1.1576,12.6929,1431,2991.62
24121,-4.4652,-1.4988,12.4451,1436,2991.62
24126,-2.8216,2.3415,8.2504,1455,2991.92
24131,2.3762,3.7553,9.7839,1444,2991.92
24136,0.7434,1.1564,12.718,1435,2991.92
24141,-4.4532,-1.561,12.5205,1437,2991.92
24146,-2.909,2.32,8.2349,1455,2992.22
24151,2.3703,3.7709,9.7588,1445,2992.22
24156,0.8212,1.1779,12.7671,1435,2992.22
24161,-4.4484,-1.5969,12.56,1433,2992.22
24166,-3.0801,2.3331,8.2935,1461,2992.37
24171,2.3631,3.8188,9.7444,1443,2992.37
24176,0.905,1.1995,12.6617,1432,2992.37
24181,-4.385,-1.6209,12.5372,1435,2992.37
24186,-3.1316,2.3343,8.3809,1464,2992.37
24191,2.2996,3.8283,9.7205,1436,2992.37
24196,0.9242,1.306,12.6462,1435,2992.37
24201,-4.3048,-1.6137,12.7132,1435,2992.37
24206,-3.1831,2.3487,8.3342,1463,2992.37
24211,2.332,3.8331,9.6798,1443,2992.37
24216,1.0403,1.3288,12.5803,1436,2992.37
24221,-4.2988,-1.6017,12.6653,1431,2992.37
24226,-3.2956,2.3176,8.4001,1465,2992.07
24231,2.3415,3.8056,9.6391,1447,2992.07
24236,1.0762,1.397,12.6162,1435,2992.07
24241,-4.2653,-1.6029,12.7587,1435,2992.07
24246,-3.3926,2.3296,8.4108,1467,2992.22
24251,2.2972,3.8056,9.5708,1438,2992.22
24256,1.1516,1.47,12.6127,1435,2992.22
24261,-4.1899,-1.6257,12.724,1432,2992.22
24266,-3.5063,2.3152,8.5102,1455,2992.07
24271,2.3212,3.7769,9.578,1434,2992.07
24276,1.2773,1.4892,12.5528,1433,2992.07
24281,-4.1264,-1.6376,12.724,1433,2992.07
24286,-3.5243,2.2637,8.4096,1467,2992.07
24291,2.3427,3.7553,9.5433,1437,2992.07
24296,1.3479,1.4784,12.5121,1436,2992.07
24301,-4.0869,-1.6783,12.7443,1436,2992.07
24306,-3.5985,2.241,8.4994,1449,2992.52
24311,2.2721,3.7038,9.5193,1437,2992.52
24316,1.4246,1.561,12.4223,1433,2992.52
24321,-3.9875,-1.7382,12.7898,1435,2992.52
24326,-3.6895,2.2266,8.5317,1449,2992.82
24331,2.235,3.6332,9.4978,1438,2992.82
24336,1.5107,1.5838,12.4798,1436,2992.82
24341,-4.051,-1.7645,12.8533,1437,2992.82
24346,-3.7876,2.2266,8.5497,1452,2993.56
24351,2.2051,3.6547,9.4092,1443,2993.56
24356,1.5742,1.6245,12.4451,1435,2993.56
24361,-3.9612,-1.725,12.8688,1439,2993.56
24366,-3.863,2.1727,8.5557,1455,2993.86
24371,2.1979,3.6428,9.4355,1443,2993.86
24376,1.6017,1.6496,12.4678,1437,2993.86
24381,-3.9672,-1.6987,12.8964,1436,2993.86
24386,-3.9337,2.1967,8.6562,1467,2994.16
24391,2.1679,3.7026,9.4332,1444,2994.16
24396,1.6245,1.6783,12.475,1435,2994.16
24401,-3.9085,-1.7023,12.9024,1439,2994.16
24406,-3.972,2.2015,8.6491,1465,2994.61
24411,2.162,3.699,9.4631,1437,2994.61
24416,1.6903,1.7609,12.4151,1437,2994.61
24421,-3.9109,-1.6879,12.9646,1443,2994.61
24426,-4.0247,2.2146,8.6754,1450,2994.61
24431,2.1919,3.7541,9.3494,1447,2994.61
24436,1.7549,1.7861,12.3517,1433,2994.61
24441,-3.8666,-1.6759,12.9885,1439,2994.61
24446,-4.051,2.217,8.6742,1463,2994.76
24451,2.2685,3.7158,9.3553,1440,2994.76
24456,1.8687,1.7669,12.3696,1436,2994.76
24461,-3.8188,-1.725,12.9263,1444,2994.76
24466,-4.0881,2.1727,8.6682,1465,2995.06
24471,2.2769,3.699,9.3122,1439,2995.06
24476,1.9393,1.8256,12.3409,1435,2995.06
24481,-3.7745,-1.6987,12.9897,1443,2995.06
24486,-4.1767,2.1608,8.7221,1449,2995.06
24491,2.1931,3.6703,9.3039,1437,2995.06
24496,2.0016,1.8232,12.3062,1432,2995.06
24501,-3.7709,-1.7561,12.9921,1444,2995.06
24506,-4.1863,2.1153,8.6945,1465,2996.4
24511,2.2039,3.6727,9.3326,1443,2996.4
24516,2.0518,1.834,12.2595,1435,2996.4
24521,-3.7589,-1.7442,13.034,1440,2996.4
24526,-4.2473,2.0997,8.7472,1460,2995.21
24531,2.1548,3.6404,9.2835,1435,2995.21
24536,2.0542,1.8627,12.2727,1435,2995.21
24541,-3.6931,-1.7909,13.0101,1437,2995.21
24546,-4.3084,2.1237,8.7628,1447,2994.46
24551,2.1261,3.6033,9.2883,1439,2994.46
24556,2.0423,1.8771,12.2727,1435,2994.46
24561,-3.7038,-1.7633,13.0233,1440,2994.46
24566,-4.3323,2.0806,8.9052,1447,2994.16
24571,2.0853,3.5733,9.268,1437,2994.16
24576,2.0698,1.8878,12.2392,1437,2994.16
24581,-3.6224,-1.7214,13.0556,1444,2994.16
24586,-4.4005,2.083,8.8765,1452,2994.16
24591,2.0554,3.6188,9.1877,1437,2994.16
24596,2.1524,2.0016,12.208,1454,2994.16
24601,-3.6212,-1.7142,13.0975,1439,2994.16
24606,-4.4712,2.0734,8.8729,1463,2994.31
24611,2.1069,3.6069,9.2069,1438,2994.31
24616,2.223,1.986,12.22,1439,2994.31
24621,-3.614,-1.6831,13.0963,1439,2994.31
24626,-4.5131,2.1117,8.9208,1450,2993.71
24631,2.0961,3.6069,9.2069,1433,2993.71
24636,2.223,2.0985,12.2308,1438,2993.71
24641,-3.5303,-1.6532,13.1609,1443,2993.71
24646,-4.5382,2.0315,8.9244,1460,2994.76
24651,2.1296,3.6296,9.1782,1434,2994.76
24656,2.2769,2.0339,12.1925,1437,2994.76
24661,-3.5267,-1.6759,13.1011,1439,2994.76
24666,-4.5681,2.0063,8.9735,1468,2994.16
24671,2.1368,3.5889,9.2021,1431,2994.16
24676,2.4086,2.0961,12.1254,1439,2994.16
24681,-3.4608,-1.6556,13.1071,1438,2994.16
24686,-4.6268,1.992,8.983,1451,2994.16
24691,2.1237,3.553,9.1542,1431,2994.16
24696,2.4708,2.1272,12.0728,1439,2994.16
24701,-3.4273,-1.7561,13.1645,1438,2994.16
24706,-4.6328,1.9237,8.9795,1467,2994.01
24711,2.065,3.5314,9.092,1431,2994.01
24716,2.4995,2.1536,12.0225,1445,2994.01
24721,-3.3698,-1.7071,13.149,1433,2994.01
24726,-4.7154,1.8962,9.0237,1465,2994.01
24731,1.9836,3.4884,9.104,1433,2994.01
24736,2.5199,2.1608,12.0871,1445,2994.01
24741,-3.3842,-1.7226,13.149,1435,2994.01
24746,-4.7513,1.9597,9.0812,1459,2994.31
24751,1.9704,3.5039,9.086,1433,2994.31
24756,2.5391,2.2098,12.062,1447,2994.31
24761,-3.3363,-1.6987,13.1549,1429,2994.31
24766,-4.865,1.9225,9.1447,1463,2994.76
24771,1.9429,3.5027,9.0656,1435,2994.76
24776,2.5343,2.2565,12.0129,1461,2994.76
24781,-3.298,-1.6592,13.2256,1429,2994.76
24786,-4.8542,1.883,9.1746,1453,2994.46
24791,2.0075,3.5099,9.068,1433,2994.46
24796,2.5917,2.32,11.9746,1443,2994.46
24801,-3.3255,-1.6041,13.2363,1432,2994.46
24806,-4.9476,1.9333,9.1686,1449,2995.66
24811,1.9597,3.5422,9.0309,1435,2995.66
24816,2.6576,2.32,11.9926,1447,2995.66
24821,-3.2621,-1.5957,13.313,1431,2995.66
24826,-4.9656,1.8806,9.177,1447,2995.06
24831,1.9573,3.5314,8.9579,1433,2995.06
24836,2.7809,2.3667,11.9351,1443,2995.06
24841,-3.2346,-1.5981,13.313,1433,2995.06
24846,-4.974,1.8591,9.2392,1450,2994.61
24851,1.9656,3.4931,8.9579,1433,2994.61
24856,2.7426,2.375,11.9291,1440,2994.61
24861,-3.122,-1.5694,13.2747,1433,2994.61
24866,-4.9859,1.816,9.2093,1437,2994.76
24871,1.9465,3.4872,8.9687,1447,2994.76
24876,2.7797,2.387,11.8956,1444,2994.76
24881,-3.1029,-1.555,13.2723,1433,2994.76
24886,-5.0518,1.8364,9.244,1437,2994.76
24891,1.9369,3.5171,8.9208,1439,2994.16
24896,2.8084,2.4146,11.8752,1439,2994.16
24901,-3.0861,-1.6125,13.3118,1434,2994.16
24906,-5.0685,1.7358,9.3158,1439,2994.16
24911,1.9058,3.4357,8.9411,1445,2994.31
24916,2.8874,2.4445,11.8597,1453,2994.31
24921,-3.0358,-1.6209,13.2986,1436,2994.31
24926,-5.1308,1.7262,9.347,1437,2994.31
24931,1.8615,3.4117,8.8478,1445,2994.01
24936,2.8659,2.4828,11.8561,1439,2994.01
24941,-3.0598,-1.5802,13.3237,1434,2994.01
24946,-5.1296,1.7214,9.4164,1433,2994.01
24951,1.8387,3.3878,8.8609,1439,2994.46
24956,2.897,2.5355,11.8429,1436,2994.46
24961,-3.0167,-1.549,13.2866,1436,2994.46
24966,-5.1954,1.731,9.4044,1431,2994.46
24971,1.81,3.4093,8.8322,1447,2994.61
24976,2.891,2.5642,11.7998,1437,2994.61
24981,-2.9928,-1.5215,13.3189,1433,2994.61
24986,-5.2218,1.6963,9.4499,1435,2994.61
24991,1.7957,3.4333,8.9376,1451,2994.31
24996,2.9401,2.5989,11.8226,1435,2994.31
25001,-2.9389,-1.4593,13.3333,1433,2994.31
25006,-5.2601,1.6867,9.4966,1435,2994.31
25011,1.822,3.4093,8.7963,1445,2994.31
25016,2.9987,2.6396,11.7124,1432,2994.31
25021,-2.9113,-1.47,13.3417,1435,2994.31
25026,-5.2768,1.6783,9.56,1435,2994.31
25031,1.828,3.4441,8.7951,1449,2992.37
25036,3.0143,2.6875,11.7938,1444,2992.37
25041,-2.7964,-1.4269,13.3836,1427,2992.37
25046,-5.3079,1.6209,9.5708,1443,2992.37
25051,1.7897,3.3519,8.7783,1447,2991.18
25056,3.1065,2.7186,11.722,1443,2991.18
25061,-2.7198,-1.3874,13.3812,1433,2991.18
25066,-5.3151,1.5538,9.6187,1445,2991.18
25071,1.749,3.3926,8.7712,1443,2990.43
25076,3.1089,2.7114,11.6083,1443,2990.43
25081,-2.6564,-1.4066,13.2758,1432,2990.43
25086,-5.3451,1.5036,9.5948,1447,2990.43
25091,1.7178,3.3363,8.7652,1445,2989.83
25096,3.1065,2.8,11.5879,1443,2989.83
25101,-2.5833,-1.3946,13.3884,1432,2989.83
25106,-5.4408,1.4126,9.7432,1444,2989.83
25111,1.6508,3.2956,8.6981,1439,2990.28
25116,3.1424,2.8371,11.5269,1439,2990.28
25121,-2.563,-1.3264,13.3692,1430,2990.28
25126,-5.4612,1.3611,9.7276,1447,2990.28
25131,1.6101,3.2729,8.7305,1445,2990.43
25136,3.201,2.8874,11.5341,1437,2990.43
25141,-2.49,-1.3144,13.3872,1433,2990.43
25146,-5.5318,1.3755,9.8342,1447,2990.43
25151,1.5742,3.2765,8.6443,1444,2990.58
25156,3.2549,2.9449,11.4682,1435,2990.58
25161,-2.4828,-1.2713,13.4015,1432,2990.58
25166,-5.5845,1.3132,9.9898,1445,2990.58
25171,1.5275,3.2741,8.5509,1444,2991.03
25176,3.2489,3.0131,11.4371,1437,2991.03
25181,-2.3978,-1.1576,13.4015,1431,2991.03
25186,-5.618,1.2989,9.9934,1439,2991.03
25191,1.4952,3.286,8.5389,1447,2991.47
25196,3.3232,3.0478,11.4036,1437,2991.47
25201,-2.3355,-1.148,13.4889,1436,2991.47
25206,-5.636,1.2474,10.0413,1439,2991.47
25211,1.482,3.2513,8.5617,1445,2991.18
25216,3.3028,3.0885,11.3509,1437,2991.18
25221,-2.2745,-1.087,13.4315,1433,2991.18
25226,-5.6216,1.1504,10.076,1443,2991.18
25231,1.4066,3.2717,8.4815,1445,2990.88
25236,3.3651,3.1711,11.3509,1435,2990.88
25241,-2.1775,-1.0151,13.5021,1435,2990.88
25246,-5.6575,1.0965,10.1778,1439,2990.88
25251,1.342,3.1975,8.4479,1449,2991.03
25256,3.3878,3.1041,11.2348,1437,2991.03
25261,-2.1081,-0.9888,13.392,1437,2991.03
25266,-5.6802,1.0283,10.1837,1439,2991.03
25271,1.3539,3.201,8.4719,1448,2990.88
25276,3.3459,3.2022,11.2456,1435,2990.88
25281,-2.0171,-0.9301,13.4865,1433,2990.88
25286,-5.6743,0.9517,10.228,1437,2990.88
25291,1.2641,3.1556,8.3761,1448,2991.33
25296,3.3758,3.2609,11.1402,1434,2991.33
25301,-2.0016,-0.9242,13.4758,1433,2991.33
25306,-5.697,0.8523,10.2663,1436,2991.33
25311,1.2031,3.1161,8.3606,1448,2990.88
25316,3.3196,3.2346,11.1737,1435,2990.88
25321,-1.9848,-0.8787,13.5081,1431,2990.88
25326,-5.7413,0.838,10.3813,1435,2990.88
25331,1.148,3.0622,8.3091,1445,2990.88
25336,3.3351,3.322,11.169,1436,2990.88
25341,-1.962,-0.8368,13.4147,1435,2990.88
25346,-5.7712,0.8021,10.4363,1433,2990.88
25351,1.0786,3.0993,8.3558,1449,2990.58
25356,3.3531,3.3267,11.139,1436,2990.58
25361,-1.913,-0.7853,13.453,1433,2990.58
25366,-5.7593,0.7973,10.4639,1435,2990.58
25371,1.0127,3.1137,8.3306,1447,2990.73
25376,3.3591,3.3639,11.0217,1435,2990.73
25381,-1.8292,-0.7039,13.5248,1433,2990.73
25386,-5.7616,0.7266,10.5129,1433,2990.73
25391,0.9589,3.0789,8.3222,1445,2990.58
25396,3.371,3.4285,11.0109,1437,2990.58
25401,-1.7681,-0.7063,13.5069,1434,2990.58
25406,-5.7485,0.6225,10.5836,1435,2990.58
25411,0.9014,3.0406,8.278,1447,2990.88
25416,3.3698,3.4488,10.9583,1439,2990.88
25421,-1.7358,-0.6369,13.4973,1432,2990.88
25426,-5.7209,0.5794,10.6626,1435,2990.88
25431,0.8787,3.0909,8.2408,1443,2990.88
25436,3.401,3.4692,10.9092,1437,2990.88
25441,-1.6975,-0.5914,13.4853,1429,2990.88
25446,-5.7054,0.4657,10.7081,1437,2990.88
25451,0.7949,3.0275,8.2013,1445,2991.33
25456,3.371,3.5027,10.9235,1437,2991.33
25461,-1.6209,-0.4836,13.465,1431,2991.33
25466,-5.7245,0.4274,10.805,1439,2991.33
25471,0.7051,2.988,8.1511,1447,2991.47
25476,3.3567,3.5207,10.817,1439,2991.47
25481,-1.5646,-0.4573,13.4087,1433,2991.47
25486,-5.7006,0.3412,10.8218,1435,2991.47
25491,0.6261,2.9509,8.1846,1447,2991.77
25496,3.2968,3.5554,10.8158,1443,2991.77
25501,-1.5347,-0.4202,13.477,1434,2991.77
25506,-5.7281,0.2981,10.7536,1437,2991.77
25511,0.51,2.9054,8.1523,1453,2991.77
25516,3.3172,3.5757,10.7188,1437,2991.77
25521,-1.5467,-0.4178,13.4087,1432,2991.77
25526,-5.7676,0.2478,10.8721,1435,2991.77
25531,0.4752,2.9305,8.1618,1453,2991.92
25536,3.231,3.5901,10.7715,1437,2991.92
25541,-1.5311,-0.3292,13.4015,1433,2991.92
25546,-5.7593,0.2047,10.9678,1435,2991.92
25551,0.4178,2.9365,8.1128,1453,2991.77
25556,3.2358,3.6476,10.7236,1437,2991.77
25561,-1.4425,-0.2969,13.4363,1435,2991.77
25566,-5.7293,0.176,11.0421,1435,2991.77
25571,0.3352,2.9437,8.1211,1453,2991.62
25576,3.2106,3.6895,10.6949,1439,2991.62
25581,-1.4138,-0.2705,13.3932,1433,2991.62
25586,-5.7126,0.0922,11.0026,1437,2991.62
25591,0.3196,2.903,8.1247,1451,2991.47
25596,3.1951,3.6643,10.6841,1437,2991.47
25601,-1.3491,-0.2646,13.4853,1433,2991.47
25606,-5.6419,0.0491,11.0576,1431,2991.47
25611,0.2023,2.9161,8.0972,1451,2991.33
25616,3.2262,3.7134,10.6769,1439,2991.33
25621,-1.3324,-0.2011,13.4243,1427,2991.33
25626,-5.6288,-0.0311,11.133,1437,2991.33
25631,0.1221,2.8623,8.1056,1453,2991.18
25636,3.1939,3.7745,10.6386,1433,2991.18
25641,-1.2486,-0.1293,13.3704,1431,2991.18
25646,-5.6036,-0.0646,11.145,1436,2991.18
25651,0.0886,2.8718,8.0302,1451,2991.18
25656,3.1699,3.7397,10.5608,1438,2991.18
25661,-1.2139,-0.1125,13.3525,1431,2991.18
25666,-5.5534,-0.2131,11.2013,1437,2991.18
25671,-0.0539,2.8359,8.0744,1451,2990.73
25676,3.1041,3.7721,10.5141,1435,2990.73
25681,-1.1181,-0.0539,13.386,1430,2990.73
25686,-5.5641,-0.2083,11.2671,1437,2990.73
25691,-0.1484,2.8144,8.0325,1449,2990.88
25696,3.0921,3.7972,10.4854,1439,2990.88
25701,-1.0594,0.0036,13.3381,1431,2990.88
25706,-5.5342,-0.3531,11.3365,1437,2990.88
25711,-0.2239,2.7725,8.0697,1446,2990.73
25716,3.0323,3.7589,10.4579,1439,2990.73
25721,-1.0894,0.0611,13.2926,1431,2990.73
25726,-5.4827,-0.3687,11.3844,1437,2990.73
25731,-0.3268,2.7545,8.005,1460,2990.73
25736,3.0227,3.8199,10.4746,1435,2990.73
25741,-1.0487,0.0874,13.3525,1431,2990.73
25746,-5.5653,-0.4202,11.4323,1439,2990.73
25751,-0.4154,2.7019,8.0421,1439,2990.73
25756,3.0514,3.8475,10.4603,1437,2990.73
25761,-0.9888,0.1784,13.2878,1432,2990.73
25766,-5.4887,-0.4597,11.5041,1437,2990.73
25771,-0.5124,2.7234,7.9775,1463,2990.73
25776,2.9808,3.8487,10.3489,1439,2990.73
25781,-0.9373,0.2119,13.313,1435,2990.73
25786,-5.442,-0.4836,11.5305,1439,2990.73
25791,-0.595,2.733,8.0337,1455,2990.58
25796,2.9904,3.8355,10.3549,1440,2990.58
25801,-0.8871,0.2514,13.2663,1431,2990.58
25806,-5.3774,-0.5746,11.5688,1445,2990.58
25811,-0.6871,2.7282,7.9906,1453,2990.43
25816,2.9592,3.8762,10.3346,1436,2990.43
25821,-0.8128,0.2789,13.2615,1435,2990.43
25826,-5.3079,-0.6452,11.6741,1443,2990.43
25831,-0.7853,2.6432,7.9368,1463,2991.33
25836,2.9532,3.8654,10.2627,1439,2991.33
25841,-0.753,0.3687,13.1657,1433,2991.33
25846,-5.2816,-0.7075,11.6346,1439,2991.33
25851,-0.8523,2.6779,7.9571,1463,2991.03
25856,2.8862,3.8858,10.2687,1437,2991.03
25861,-0.7242,0.3567,13.2363,1435,2991.03
25866,-5.2277,-0.8009,11.7041,1437,2991.03
25871,-0.9493,2.6037,7.9128,1464,2990.88
25876,2.8718,3.881,10.234,1445,2990.88
25881,-0.5926,0.4082,13.1837,1435,2990.88
25886,-5.2601,-0.8428,11.825,1439,2990.88
25891,-1.0594,2.6228,8.0074,1463,2990.88
25896,2.7988,3.9037,10.2065,1435,2990.88
25901,-0.5722,0.4477,13.1968,1436,2990.88
25906,-5.1487,-0.929,11.7902,1437,2990.88
25911,-1.1923,2.5582,8.0278,1463,2991.03
25916,2.7821,3.8858,10.1658,1435,2991.03
25921,-0.4884,0.4561,13.1585,1438,2991.03
25926,-5.1415,-0.9613,11.9231,1439,2991.03
25931,-1.3048,2.5798,7.9906,1463,2991.18
25936,2.7366,3.9708,10.2508,1435,2991.18
25941,-0.4812,0.5423,13.0807,1433,2991.18
25946,-5.1475,-1.0271,11.9064,1436,2991.18
25951,-1.3934,2.5498,8.0421,1461,2991.47
25956,2.7306,3.9349,10.1646,1435,2991.47
25961,-0.3795,0.5638,13.0939,1437,2991.47
25966,-5.1092,-1.0139,11.9495,1437,2991.47
25971,-1.4916,2.575,8.0266,1463,2991.47
25976,2.7138,3.972,10.1323,1439,2991.47
25981,-0.3555,0.6165,13.0711,1439,2991.47
25986,-5.0781,-1.0475,12.0057,1453,2991.47
25991,-1.5718,2.5726,8.0613,1461,2991.47
25996,2.6671,3.9217,10.1011,1437,2991.47
26001,-0.2801,0.6357,13.0664,1437,2991.47
26006,-5.0326,-1.0822,12.0309,1434,2991.47
26011,-1.6676,2.569,8.0182,1467,2991.47
26016,2.7019,3.9157,10.0533,1438,2991.47
26021,-0.2191,0.6907,12.9909,1437,2991.47
26026,-4.9548,-1.1253,12.0847,1437,2991.47
26031,-1.7921,2.496,8.0529,1463,2991.77
26036,2.6887,3.9361,10.076,1435,2991.77
26041,-0.1209,0.735,12.9957,1439,2991.77
26046,-4.9021,-1.221,12.1218,1435,2991.77
26051,-1.8399,2.551,8.0313,1462,2991.62
26056,2.6312,3.8846,10.0054,1443,2991.62
26061,-0.0383,0.7602,12.9431,1435,2991.62
26066,-4.865,-1.2582,12.159,1437,2991.62
26071,-1.907,2.5187,8.0373,1464,2991.62
26076,2.5486,3.8367,9.9766,1437,2991.62
26081,-0.0096,0.7721,12.87,1433,2991.62
26086,-4.8339,-1.318,12.1961,1443,2991.62
26091,-2.053,2.4409,8.0385,1461,2991.62
26096,2.5857,3.8642,9.9982,1445,2991.62
26101,0.0395,0.8104,12.9251,1434,2991.62
26106,-4.8052,-1.3671,12.2667,1435,2991.62
26111,-2.1608,2.4301,8.0852,1464,2991.77
26116,2.5271,3.8702,9.9323,1443,2991.77
26121,0.0874,0.8643,12.9287,1431,2991.77
26126,-4.7345,-1.4066,12.2595,1436,2991.77
26131,-2.2529,2.4517,8.0445,1464,2991.62
26136,2.496,3.9097,9.9431,1443,2991.62
26141,0.1856,0.9505,12.9036,1437,2991.62
26146,-4.7453,-1.4198,12.3421,1431,2991.62
26151,-2.3451,2.4756,8.1355,1465,2991.18
26156,2.5175,3.8918,9.8857,1445,2991.18
26161,0.2095,1.0092,12.8748,1435,2991.18
26166,-4.6855,-1.4174,12.39,1435,2991.18
26171,-2.4828,2.4026,8.1822,1464,2990.88
26176,2.4972,3.9061,9.8821,1445,2990.88
26181,0.3352,1.0427,12.8413,1433,2990.88
26186,-4.5957,-1.4317,12.4391,1437,2990.88
26191,-2.575,2.4409,8.175,1465,2990.58
26196,2.4744,3.8678,9.845,1439,2990.58
26201,0.4537,1.0822,12.7767,1437,2990.58
26206,-4.5167,-1.4832,12.4199,1437,2990.58
26211,-2.6683,2.3966,8.193,1465,2990.73
26216,2.4576,3.8906,9.8593,1436,2990.73
26221,0.5495,1.1097,12.7719,1434,2990.73
26226,-4.4544,-1.5263,12.4762,1436,2990.73
26231,-2.7641,2.3918,8.2241,1464,2990.58
26236,2.4385,3.8547,9.8258,1436,2990.58
26241,0.674,1.1408,12.6055,1436,2990.58
26246,-4.4173,-1.5742,12.4654,1436,2990.58
26251,-2.8754,2.3595,8.2803,1449,2990.13
26256,2.3655,3.8295,9.8055,1438,2990.13
26261,0.7254,1.1851,12.6641,1433,2990.13
26266,-4.3814,-1.579,12.4906,1437,2990.13
26271,-2.9963,2.3643,8.272,1449,2991.33
26276,2.3379,3.8092,9.7372,1438,2991.33
26281,0.8487,1.2258,12.6354,1431,2991.33
26286,-4.3443,-1.6269,12.5839,1439,2991.33
26291,-3.1149,2.3547,8.3629,1461,2991.18
26296,2.3212,3.7781,9.7157,1437,2991.18
26301,0.9816,1.2809,12.5911,1435,2991.18
26306,-4.2641,-1.6664,12.6222,1439,2991.18
26311,-3.201,2.2853,8.3103,1459,2991.18
26316,2.3331,3.7888,9.6905,1439,2991.18
26321,0.972,1.3228,12.6019,1435,2991.18
26326,-4.2401,-1.6376,12.7048,1445,2991.18
26331,-3.2789,2.3331,8.3629,1460,2991.03
26336,2.2781,3.8128,9.6666,1439,2991.03
26341,1.0163,1.4114,12.5636,1433,2991.03
26346,-4.1779,-1.6568,12.7288,1443,2991.03
26351,-3.3662,2.2865,8.4264,1463,2991.47
26356,2.314,3.8259,9.6498,1440,2991.47
26361,1.148,1.4676,12.5995,1431,2991.47
26366,-4.1551,-1.6269,12.7383,1446,2991.47
26371,-3.4955,2.3475,8.4228,1453,2990.73
26376,2.2685,3.8307,9.5672,1438,2990.73
26381,1.2486,1.5179,12.451,1435,2990.73
26386,-4.0534,-1.6807,12.7814,1445,2990.73
26391,-3.5769,2.2829,8.5533,1466,2992.07
26396,2.2577,3.8056,9.6007,1439,2992.07
26401,1.4126,1.5694,12.4846,1433,2992.07
26406,-4.0259,-1.6676,12.8066,1443,2992.07
26411,-3.6547,2.2757,8.5293,1445,2991.47
26416,2.296,3.7218,9.511,1437,2991.47
26421,1.5131,1.6017,12.4498,1435,2991.47
26426,-3.9648,-1.7095,12.8796,1443,2991.47
26431,-3.7493,2.2027,8.5317,1444,2992.52
26436,2.2494,3.7266,9.4918,1435,2992.52
26441,1.5347,1.6544,12.3649,1439,2992.52
26446,-3.9133,-1.7011,12.8401,1440,2992.52
26451,-3.8355,2.1811,8.5665,1461,2992.37
26456,2.2194,3.6679,9.5086,1433,2992.37
26461,1.6149,1.6376,12.4151,1439,2992.37
26466,-3.8618,-1.7837,12.8257,1439,2992.37
26471,-3.9385,2.1656,8.6383,1449,2992.22
26476,2.2015,3.7014,9.4739,1434,2992.22
26481,1.6879,1.6999,12.3361,1437,2992.22
26486,-3.8223,-1.7573,12.8257,1437,2992.22
26491,-4.0055,2.162,8.6275,1463,2993.12
26496,2.2098,3.6871,9.4619,1427,2993.12
26501,1.7202,1.7394,12.3996,1443,2993.12
26506,-3.8499,-1.7681,13.0017,1437,2993.12
26511,-4.0546,2.1404,8.6658,1451,2992.52
26516,2.1512,3.6476,9.3925,1433,2992.52
26521,1.7502,1.7597,12.305,1443,2992.52
26526,-3.7984,-1.6963,12.9873,1449,2992.52
26531,-4.1468,2.1799,8.7496,1464,2992.52
26536,2.138,3.729,9.4511,1435,2992.52
26541,1.8447,1.8783,12.3373,1444,2992.52
26546,-3.7206,-1.7262,13.0185,1431,2992.52
26551,-4.2138,2.0734,8.7664,1453,2992.22
26556,2.156,3.6883,9.3685,1429,2992.22
26561,1.9585,1.8711,12.287,1445,2992.22
26566,-3.7146,-1.7035,12.9921,1427,2992.22
26571,-4.2701,2.138,8.8059,1465,2993.56
26576,2.1632,3.7158,9.3326,1434,2993.56
26581,2.0231,1.9501,12.2451,1445,2993.56
26586,-3.6152,-1.7047,13.0436,1428,2993.56
26591,-4.3191,2.077,8.837,1454,2992.52
26596,2.1272,3.632,9.2979,1435,2992.52
26601,2.1332,1.9357,12.1841,1443,2992.52
26606,-3.5757,-1.7119,13.0699,1429,2992.52
26611,-4.4089,2.0494,8.855,1447,2993.12
26616,2.132,3.6607,9.244,1435,2993.12
26621,2.2218,2.0518,12.1673,1446,2993.12
26626,-3.5374,-1.7274,13.0939,1431,2993.12
26631,-4.44,2.0279,8.9148,1452,2992.07
26636,2.1105,3.5745,9.1961,1435,2992.07
26641,2.2841,2.0219,12.074,1447,2992.07
26646,-3.4536,-1.7322,13.0891,1432,2992.07
26651,-4.5107,2.0027,8.9687,1435,2992.07
26656,2.0925,3.5961,9.2081,1447,2993.41
26661,2.314,2.077,12.1482,1440,2993.41
26666,-3.4872,-1.7059,13.0855,1435,2993.41
26671,-4.5813,1.998,8.9256,1435,2993.41
26676,2.0638,3.5195,9.1482,1444,2992.82
26681,2.3499,2.0614,12.1386,1440,2992.82
26686,-3.4081,-1.7023,13.1454,1431,2992.82
26691,-4.6663,1.9549,8.9914,1445,2992.82
26696,2.0267,3.5602,9.1638,1443,2992.97
26701,2.3954,2.2051,12.0213,1439,2992.97
26706,-3.3926,-1.6951,13.1226,1433,2992.97
26711,-4.7549,1.9405,9.0381,1434,2992.97
26716,2.0147,3.5458,9.1518,1447,2992.97
26721,2.4361,2.2254,12.0895,1437,2992.97
26726,-3.3603,-1.6161,13.2531,1435,2992.97
26731,-4.7585,1.9537,9.0848,1437,2992.97
26736,1.9932,3.5458,9.0776,1447,2993.27
26741,2.5103,2.2793,12.0321,1437,2993.27
26746,-3.2777,-1.5957,13.2244,1435,2993.27
26751,-4.8243,1.9357,9.1494,1435,2993.27
26756,2.0004,3.5147,9.0968,1447,2992.97
26761,2.5702,2.308,12.0261,1436,2992.97
26766,-3.2154,-1.5897,13.2148,1437,2992.97
26771,-4.8243,1.8818,9.1614,1436,2992.97
26776,2.0219,3.5231,9.0537,1448,2992.82
26781,2.6384,2.314,11.9351,1435,2992.82
26786,-3.1508,-1.6269,13.2112,1432,2992.82
26791,-4.9309,1.8495,9.2296,1437,2992.82
26796,1.9513,3.5255,9.0225,1451,2992.97
26801,2.7306,2.3152,11.9076,1439,2992.97
26806,-3.0921,-1.6005,13.2711,1431,2992.97
26811,-5.0027,1.8016,9.1794,1439,2992.97
26816,1.9788,3.4884,9.0393,1445,2992.52
26821,2.7821,2.3786,11.9064,1439,2992.52
26826,-3.0622,-1.5921,13.2615,1431,2992.52
26831,-5.0159,1.7909,9.2452,1445,2992.52
26836,1.9441,3.4237,8.9543,1445,2992.52
26841,2.8144,2.4229,11.88,1439,2992.52
26846,-3.0478,-1.5886,13.2651,1430,2992.52
26851,-5.0697,1.7573,9.3278,1445,2992.52
26856,1.8699,3.4189,8.8861,1445,2992.37
26861,2.8455,2.496,11.8669,1439,2992.37
26866,-2.9736,-1.5682,13.3154,1429,2992.37
26871,-5.1248,1.7609,9.4164,1444,2992.37
26876,1.9034,3.3926,8.855,1449,2992.52
26881,2.8706,2.5115,11.8381,1442,2992.52
26886,-2.9808,-1.5598,13.2591,1433,2992.52
26891,-5.2277,1.7442,9.4188,1448,2992.52
26896,1.816,3.4321,8.8873,1444,2992.67
26901,2.8826,2.5654,11.7938,1438,2992.67
26906,-2.897,-1.5359,13.3225,1429,2992.67
26911,-5.2265,1.6915,9.4559,1447,2992.67
26916,1.8052,3.4129,8.9028,1449,2992.97
26921,2.9784,2.5917,11.7112,1437,2992.97
26926,-2.891,-1.4413,13.4135,1431,2992.97
26931,-5.272,1.6783,9.5265,1443,2992.97
26936,1.8208,3.4165,8.8526,1445,2992.97
26941,2.9616,2.6683,11.7711,1435,2992.97
26946,-2.8311,-1.4617,13.3788,1438,2992.97
26951,-5.2744,1.6281,9.5612,1455,2992.97
26956,1.7777,3.3866,8.8059,1439,2992.67
26961,3.0526,2.66,11.728,1434,2992.67
26966,-2.788,-1.4102,13.4267,1433,2992.67
26971,-5.3295,1.5826,9.6163,1443,2992.67
26976,1.7549,3.3842,8.7472,1440,2992.67
26981,3.128,2.7102,11.6274,1433,2992.67
26986,-2.7054,-1.391,13.3537,1431,2992.67
26991,-5.3223,1.5419,9.651,1445,2992.67
26996,1.7621,3.3555,8.7891,1445,2992.82
27001,3.1376,2.7737,11.6657,1435,2992.82
27006,-2.642,-1.3288,13.4399,1433,2992.82
27011,-5.3882,1.4868,9.6654,1447,2992.82
27016,1.7035,3.3579,8.6826,1448,2992.97
27021,3.1675,2.7857,11.5915,1436,2992.97
27026,-2.6971,-1.3599,13.4327,1435,2992.97
27031,-5.5079,1.4545,9.7085,1445,2992.97
27036,1.6915,3.304,8.655,1445,2993.12
27041,3.2178,2.8216,11.5748,1434,2993.12
27046,-2.5989,-1.3563,13.4015,1433,2993.12
27051,-5.4923,1.4617,9.73,1444,2993.12
27056,1.6664,3.3196,8.6395,1447,2993.41
27061,3.1771,2.8934,11.5412,1435,2993.41
27066,-2.5546,-1.3396,13.4183,1431,2993.41
27071,-5.5019,1.4066,9.8019,1439,2993.41
27076,1.6185,3.3076,8.5784,1447,2993.41
27081,3.2382,2.8455,11.5843,1435,2993.41
27086,-2.5151,-1.2785,13.4327,1432,2993.41
27091,-5.5557,1.3994,9.8366,1440,2993.41
27096,1.6029,3.3291,8.5832,1446,2993.41
27101,3.2453,2.9329,11.4922,1435,2993.41
27106,-2.5043,-1.2617,13.4913,1439,2993.41
27111,-5.5737,1.3659,9.8521,1439,2993.41
27116,1.5251,3.2932,8.6072,1439,2993.27
27121,3.2645,2.9173,11.4586,1434,2993.27
27126,-2.4205,-1.2234,13.4542,1433,2993.27
27131,-5.5689,1.3084,9.8821,1435,2993.27
27136,1.555,3.2429,8.6024,1445,2992.97
27141,3.3124,2.9808,11.4658,1433,2992.97
27146,-2.3727,-1.1552,13.5117,1433,2992.97
27151,-5.5905,1.3455,9.9264,1432,2992.97
27156,1.494,3.2908,8.5258,1447,2993.12
27161,3.2729,3.0203,11.3689,1434,2993.12
27166,-2.3379,-1.1516,13.4434,1435,2993.12
27171,-5.5785,1.2522,9.9742,1435,2993.12
27176,1.5299,3.2429,8.5377,1444,2992.97
27181,3.3698,3.0586,11.4024,1435,2992.97
27186,-2.2853,-1.1085,13.4638,1435,2992.97
27191,-5.636,1.1839,10.0497,1433,2992.97
27196,1.4497,3.1939,8.5317,1447,2993.12
27201,3.3423,3.0969,11.3138,1437,2993.12
27206,-2.2577,-1.069,13.4865,1433,2993.12
27211,-5.6623,1.0858,10.076,1435,2993.12
27216,1.3599,3.2334,8.4934,1445,2993.12
27221,3.3471,3.1149,11.2456,1437,2993.12
27226,-2.2158,-1.0211,13.4734,1435,2993.12
27231,-5.6683,1.1145,10.0975,1436,2993.12
27236,1.3372,3.2022,8.424,1445,2993.41
27241,3.3339,3.1256,11.2575,1437,2993.41
27246,-2.2206,-1.0391,13.4674,1432,2993.41
27251,-5.7054,1.1013,10.0963,1435,2993.41
27256,1.306,3.1723,8.412,1446,2993.41
27261,3.3938,3.1987,11.2827,1437,2993.41
27266,-2.1943,-0.9708,13.4961,1432,2993.41
27271,-5.7413,1.0235,10.2663,1438,2993.41
27276,1.3216,3.1304,8.3941,1447,2993.41
27281,3.3507,3.1328,11.2324,1439,2993.41
27286,-2.0842,-0.9864,13.4686,1433,2993.41
27291,-5.7245,0.9948,10.2987,1435,2993.41
27296,1.251,3.1556,8.4192,1444,2993.71
27301,3.3854,3.2298,11.2025,1437,2993.71
27306,-2.0937,-0.9206,13.5236,1431,2993.71
27311,-5.7341,0.9589,10.2627,1437,2993.71
27316,1.257,3.1364,8.3294,1445,2993.71
27321,3.383,3.2334,11.1881,1438,2993.71
27326,-2.0387,-0.923,13.5189,1425,2993.71
27331,-5.7006,0.9409,10.2963,1443,2993.71
27336,1.1552,3.1687,8.333,1446,2993.71
27341,3.4069,3.2777,11.1127,1439,2993.71
27346,-1.9944,-0.8511,13.5153,1431,2993.71
27351,-5.6838,0.8823,10.3633,1435,2993.71
27356,1.1564,3.1544,8.3306,1439,2993.86
27361,3.3758,3.3112,11.2013,1439,2993.86
27366,-1.9513,-0.8332,13.4973,1431,2993.86
27371,-5.685,0.7997,10.4399,1435,2993.86
27376,1.093,3.1484,8.278,1451,2994.01
27381,3.4105,3.3435,11.1103,1439,2994.01
27386,-1.9273,-0.8021,13.4865,1432,2994.01
27391,-5.7437,0.8068,10.4052,1437,2994.01
27396,1.0858,3.1424,8.2875,1445,2994.01
27401,3.3579,3.3662,11.078,1437,2994.01
27406,-1.8771,-0.7039,13.5117,1433,2994.01
27411,-5.7533,0.729,10.495,1437,2994.01
27416,1.0511,3.1041,8.278,1451,2993.86
27421,3.3722,3.3734,11.0349,1439,2993.86
27426,-1.8387,-0.7266,13.4255,1433,2993.86
27431,-5.7521,0.6728,10.4854,1437,2993.86
27436,0.9697,3.0885,8.3019,1455,2993.56
27441,3.3842,3.4117,11.0971,1439,2993.56
27446,-1.8076,-0.7159,13.4925,1435,2993.56
27451,-5.7461,0.6548,10.5405,1435,2993.56
27456,0.9601,3.0275,8.2744,1453,2993.56
27461,3.4081,3.4381,10.9966,1438,2993.56
27466,-1.7897,-0.7051,13.4758,1435,2993.56
27471,-5.7545,0.6249,10.5477,1433,2993.56
27476,0.9194,3.0347,8.2169,1453,2993.56
27481,3.3758,3.4261,10.9822,1437,2993.56
27486,-1.7502,-0.6512,13.4578,1435,2993.56
27491,-5.7712,0.5423,10.5716,1437,2993.56
27496,0.8739,2.9844,8.2025,1453,2993.41
27501,3.3698,3.4369,10.9463,1438,2993.41
27506,-1.7609,-0.6057,13.441,1434,2993.41
27511,-5.7796,0.5902,10.6829,1435,2993.41
27516,0.7949,3.0179,8.2193,1453,2993.41
27521,3.3375,3.474,10.914,1437,2993.41
27526,-1.7023,-0.6045,13.5236,1435,2993.41
27531,-5.7437,0.5064,10.6841,1435,2993.41
27536,0.7949,3.0287,8.193,1451,2993.41
27541,2.9951,3.8894,10.2759,1435,2993.41
27546,-0.8021,0.2741,13.3177,1434,2993.41
27551,-5.3415,-0.6656,11.7041,1435,2993.41
27556,-0.7949,2.7246,7.9595,1449,2993.56
27561,2.9042,3.9193,10.307,1437,2993.56
27566,-0.7661,0.3077,13.2076,1432,2993.56
27571,-5.2864,-0.7171,11.6765,1437,2993.56
27576,-0.8464,2.6743,7.9069,1453,2993.71
27581,2.9102,3.8535,10.2927,1435,2993.71
27586,-0.7123,0.3448,13.2962,1432,2993.71
27591,-5.3163,-0.8068,11.7172,1437,2993.71
27596,-0.8942,2.7066,7.9356,1450,2993.86
27601,2.8635,3.9109,10.1718,1435,2993.86
27606,-0.6812,0.3448,13.1956,1429,2993.86
27611,-5.2912,-0.8164,11.7795,1437,2993.86
27616,-0.9744,2.6516,8.0098,1454,2994.01
27621,2.8264,3.863,10.2568,1437,2994.01
27626,-0.656,0.3579,13.2423,1431,2994.01
27631,-5.2385,-0.8404,11.7926,1434,2994.01
27636,-1.0523,2.6372,7.9069,1449,2994.31
27641,2.8144,3.9037,10.1754,1435,2994.31
27646,-0.6309,0.3831,13.1549,1432,2994.31
27651,-5.2828,-0.8942,11.8716,1435,2994.31
27656,-1.1624,2.6228,7.9954,1447,2994.61
27661,2.7928,3.8906,10.2089,1437,2994.61
27666,-0.6069,0.4609,13.1597,1435,2994.61
27671,-5.2457,-0.9122,11.8453,1438,2994.61
27676,-1.1732,2.5678,8.0062,1447,2994.76
27681,2.7964,3.9025,10.2304,1438,2994.76
27686,-0.5519,0.4645,13.1418,1430,2994.76
27691,-5.211,-0.9074,11.9159,1439,2994.76
27696,-1.2222,2.6396,7.9715,1449,2994.76
27701,2.7701,3.9121,10.1789,1439,2994.76
27706,-0.5555,0.5243,13.1992,1429,2994.76
27711,-5.211,-0.9313,11.8908,1443,2994.76
27716,-1.2929,2.6181,7.9703,1447,2995.36
27721,2.7833,3.8906,10.2041,1439,2995.36
27726,-0.4896,0.5303,13.1765,1431,2995.36
27731,-5.1834,-0.9194,11.9495,1437,2995.36
27736,-1.3324,2.5893,8.0218,1448,2995.21
27741,2.8132,3.9181,10.1382,1440,2995.21
27746,-0.4393,0.5351,13.0939,1429,2995.21
27751,-5.1475,-0.923,11.989,1439,2995.21
27756,-1.3455,2.6073,7.9859,1455,2995.06
27761,2.7629,3.9169,10.1813,1437,2995.06
27766,-0.4106,0.5471,13.113,1429,2995.06
27771,-5.0793,-0.9852,12.0009,1435,2995.06
27776,-1.4269,2.5809,7.9164,1461,2995.36
27781,2.7581,3.8882,10.0592,1438,2995.36
27786,-0.3855,0.5734,13.1011,1439,2995.36
27791,-5.1176,-1.0235,11.9495,1439,2995.36
27796,-1.4533,2.6049,8.0194,1440,2995.51
27801,2.7378,3.9025,10.1083,1436,2995.51
27806,-0.2789,0.589,13.1382,1431,2995.51
27811,-5.0901,-1.0714,11.983,1437,2995.51
27816,-1.5143,2.5953,7.9787,1455,2996.7
27821,2.7078,3.8954,10.1011,1439,2996.7
27826,-0.2586,0.5686,13.0951,1429,2996.7
27831,-5.1092,-1.1037,12.0536,1440,2996.7
27836,-1.5945,2.5917,7.999,1454,2996.7
27841,2.6911,3.8774,10.0784,1439,2996.7
27846,-0.2741,0.5914,13.0544,1429,2996.7
27851,-5.1032,-1.1384,12.0823,1455,2996.7
27856,-1.5598,2.5534,7.9811,1453,2996.85
27861,2.6899,3.9049,10.0209,1440,2996.85
27866,-0.267,0.6488,13.1095,1431,2996.85
27871,-5.1248,-1.1384,12.1386,1439,2996.85
27876,-1.5598,2.5762,8.0517,1437,2996.7
27881,2.6564,3.9241,10.0556,1435,2996.7
27886,-0.2861,0.6309,13.0987,1433,2996.7
27891,-5.0613,-1.1157,12.0943,1453,2996.7
27896,-1.6472,2.5522,8.0397,1445,2997.45
27901,2.6444,3.8822,10.0521,1437,2997.45
27906,-0.2574,0.662,13.131,1433,2997.45
27911,-5.0949,-1.087,12.0895,1443,2997.45
27916,-1.6616,2.6133,8.0026,1453,2997.3
27921,2.7318,3.9301,10.0604,1439,2997.3
27926,-0.2741,0.6416,13.0604,1432,2997.3
27931,-5.0673,-1.0714,12.1183,1443,2997.3
27936,-1.6532,2.5702,8.0098,1451,2997.75
27941,2.7414,3.9373,10.0185,1439,2997.75
27946,-0.2107,0.6919,13.1202,1432,2997.75
27951,-5.0398,-1.1049,12.1841,1443,2997.75
27956,-1.6927,2.5534,8.0206,1458,2998.05
27961,2.7222,3.9313,9.9826,1437,2998.05
27966,-0.1939,0.7027,13.0304,1432,2998.05
27971,-5.047,-1.1349,12.0967,1445,2998.05
27976,-1.7166,2.5558,7.9751,1456,2998.2
27981,2.7078,3.8966,10.0114,1437,2998.2
27986,-0.2191,0.6943,13.0424,1435,2998.2
27991,-4.9787,-1.136,12.0823,1443,2998.2
27996,-1.7023,2.5582,7.9727,1459,2997.75
28001,2.7007,3.9002,9.9719,1439,2997.75
28006,-0.1556,0.6955,13.0915,1431,2997.75
28011,-5.0147,-1.1947,12.0799,1445,2997.75
28016,-1.7933,2.5283,7.999,1449,2996.85
28021,2.6695,3.8583,9.9802,1439,2996.85
28026,-0.1281,0.6632,13.0951,1431,2996.85
28031,-4.9955,-1.2007,12.0752,1440,2996.85
28036,-1.7526,2.5283,7.9799,1445,2998.35
28041,2.6564,3.8666,9.9778,1439,2998.35
28046,-0.1484,0.6596,13.0173,1425,2998.35
28051,-4.9991,-1.2414,12.1733,1445,2998.35
28056,-1.8316,2.4983,7.993,1459,2997.75
28061,2.6145,3.863,10.003,1443,2997.75
28066,-0.0862,0.7207,13.0269,1433,2997.75
28071,-5.017,-1.2091,12.1937,1439,2997.75
28076,-1.8148,2.5438,8.011,1455,2997.9
28081,2.6444,3.9025,10.0329,1439,2997.9
28086,-0.1269,0.7302,13.0376,1432,2997.9
28091,-5.0613,-1.1935,12.1985,1443,2997.9
28096,-1.8818,2.5666,8.0469,1456,2997.75
28101,2.6121,3.9073,9.9707,1439,2997.75
28106,-0.1401,0.7374,13.0472,1435,2997.75
28111,-5.0123,-1.1744,12.159,1439,2997.75
28116,-1.8974,2.563,8.0349,1464,2997.3
28121,2.6588,3.9169,9.985,1437,2997.3
28126,-0.103,0.7733,13.0292,1430,2997.3
28131,-4.9871,-1.1899,12.2068,1443,2997.3
28136,-1.8914,2.5355,8.0038,1463,2997.15
28141,2.6875,3.9109,9.9443,1438,2997.15
28146,-0.1197,0.7793,12.9778,1435,2997.15
28151,-4.9177,-1.1696,12.2152,1440,2997.15
28156,-1.8651,2.5438,8.0529,1462,2996.85
28161,2.6647,3.9528,9.9874,1437,2996.85
28166,-0.0527,0.8356,12.9371,1435,2996.85
28171,-4.9344,-1.2342,12.2416,1437,2996.85
28176,-1.9082,2.5486,7.9799,1462,2996.7
28181,2.6863,3.8906,9.8916,1439,2996.7
28186,-0.0599,0.753,12.9754,1435,2996.7
28191,-4.9033,-1.2701,12.2308,1439,2996.7
28196,-1.9632,2.5235,8.0565,1463,2996.85
28201,2.642,3.9097,9.8976,1435,2996.85
28206,0.012,0.7985,12.9658,1433,2996.85
28211,-4.8638,-1.3144,12.1781,1439,2996.85
28216,-1.9812,2.5031,8.0194,1464,2996.4
28221,2.6025,3.8954,9.918,1436,2996.4
28226,0.0275,0.7721,13.0209,1436,2996.4
28231,-4.877,-1.3036,12.2439,1440,2996.4
28236,-2.0255,2.4804,8.0086,1462,2996.55
28241,2.5941,3.8954,9.8797,1435,2996.55
28246,0.0084,0.8368,12.9454,1435,2996.55
28251,-4.8602,-1.3491,12.2032,1439,2996.55
28256,-2.0985,2.4565,8.0158,1467,2996.4
28261,2.5391,3.8714,9.93,1437,2996.4
28266,0.0551,0.832,13.0053,1437,2996.4
28271,-4.889,-1.3467,12.2739,1435,2996.4
28276,-2.1201,2.4816,8.0373,1449,2996.25
28281,2.5462,3.875,9.9383,1453,2996.25
28286,0.0575,0.8631,12.9646,1435,2996.25
28291,-4.8722,-1.3515,12.3481,1435,2996.25
28296,-2.2278,2.49,8.0721,1454,2996.4
28301,2.5163,3.8858,10.0018,1435,2996.4
28306,0.0946,0.8859,12.9802,1437,2996.4
28311,-4.8854,-1.3072,12.2942,1429,2996.4
28316,-2.2254,2.4852,8.0924,1463,2995.81
28321,2.5402,3.9133,9.9527,1436,2995.81
28326,0.1221,0.9301,12.8964,1435,2995.81
28331,-4.8171,-1.3264,12.3242,1435,2995.81
28336,-2.2122,2.472,8.1211,1461,2995.81
28341,2.557,3.9588,9.9371,1435,2995.81
28346,0.158,0.9493,12.8964,1437,2995.81
28351,-4.7417,-1.3503,12.3984,1433,2995.81
28356,-2.2841,2.4684,8.0649,1463,2995.36
28361,2.5714,3.9085,9.9048,1433,2995.36
28366,0.2466,0.9732,12.9047,1439,2995.36
28371,-4.7645,-1.3707,12.3768,1436,2995.36
28376,-2.3068,2.4648,8.1343,1454,2995.66
28381,2.5809,3.8595,9.8749,1436,2995.66
28386,0.2801,0.9744,12.8401,1438,2995.66
28391,-4.7309,-1.3982,12.3218,1439,2995.66
28396,-2.3978,2.4576,8.0697,1459,2995.51
28401,2.5223,3.8798,9.8402,1435,2995.51
28406,0.3304,0.9457,12.8736,1439,2995.51
28411,-4.6555,-1.4114,12.4211,1438,2995.51
28416,-2.4086,2.4349,8.1594,1455,2996.1
28421,2.5307,3.814,9.7935,1437,2996.1
28426,0.3903,0.9349,12.785,1438,2996.1
28431,-4.7094,-1.4772,12.3804,1437,2996.1
28436,-2.4972,2.472,8.175,1461,2996.55
28441,2.4481,3.8391,9.839,1439,2996.55
28446,0.3675,0.9577,12.8808,1437,2996.55
28451,-4.6878,-1.4712,12.4415,1435,2996.55
28456,-2.4983,2.3739,8.0996,1459,2996.7
28461,2.4876,3.8726,9.8258,1434,2996.7
28466,0.3903,1.0379,12.8772,1439,2996.7
28471,-4.6986,-1.4988,12.475,1439,2996.7
28476,-2.6145,2.4385,8.175,1461,2996.7
28481,2.4505,3.8834,9.7839,1439,2996.7
28486,0.4202,1.0343,12.8605,1436,2996.7
28491,-4.6998,-1.5215,12.463,1437,2996.7
28496,-2.6037,2.4193,8.1618,1454,2996.7
28501,2.4277,3.8678,9.7719,1437,2996.7
28506,0.4393,1.0523,12.8257,1436,2996.7
28511,-4.6531,-1.4676,12.5241,1435,2996.7
28516,-2.6779,2.4804,8.2217,1459,2996.4
28521,2.4253,3.9157,9.7995,1451,2996.4
28526,0.4693,1.0714,12.8365,1436,2996.4
28531,-4.5993,-1.4868,12.5049,1431,2996.4
28536,-2.6408,2.4157,8.2085,1463,2995.96
28541,2.5331,3.8726,9.7743,1439,2995.96
28546,0.5088,1.1013,12.7479,1437,2995.96
28551,-4.5813,-1.4796,12.5073,1437,2995.96
28556,-2.6468,2.4481,8.1882,1461,2995.51
28561,2.4804,3.8954,9.7324,1437,2995.51
28566,0.5471,1.142,12.7946,1435,2995.51
28571,-4.4963,-1.5179,12.5049,1437,2995.51
28576,-2.7174,2.3822,8.1965,1463,2994.76
28581,2.4972,3.8199,9.7336,1437,2994.76
28586,0.6069,1.136,12.7419,1436,2994.76
28591,-4.5047,-1.5323,12.5001,1429,2994.76
28596,-2.7737,2.393,8.2013,1459,2994.61
28601,2.4816,3.875,9.7695,1437,2994.61
28606,0.6488,1.2151,12.6761,1435,2994.61
28611,-4.464,-1.5311,12.5205,1439,2994.61
28616,-2.8718,2.3547,8.2325,1462,2994.46
28621,2.393,3.7912,9.809,1439,2994.46
28626,0.7207,1.1648,12.7252,1432,2994.46
28631,-4.4544,-1.5933,12.5779,1437,2994.46
28636,-2.9209,2.3355,8.2408,1456,2994.61
28641,2.411,3.8056,9.6929,1438,2994.61
28646,0.7578,1.2151,12.6701,1431,2994.61
28651,-4.4257,-1.6113,12.6366,1435,2994.61
28656,-3.0143,2.3667,8.2851,1461,2994.61
28661,2.2984,3.7649,9.736,1442,2994.61
28666,0.7626,1.2318,12.7252,1432,2994.61
28671,-4.4736,-1.6197,12.5935,1435,2994.61
28676,-3.0801,2.3703,8.3019,1463,2994.76
28681,2.3212,3.7816,9.6726,1440,2994.76
28686,0.8547,1.257,12.6881,1435,2994.76
28691,-4.4209,-1.6077,12.6115,1433,2994.76
28696,-3.14,2.3499,8.3665,1461,2994.61
28701,2.2901,3.802,9.6881,1440,2994.61
28706,0.9086,1.3072,12.6941,1433,2994.61
28711,-4.3467,-1.6161,12.6845,1433,2994.61
28716,-3.2106,2.3727,8.3582,1467,2994.16
28721,2.3272,3.8403,9.6355,1443,2994.16
28726,0.9589,1.3743,12.6617,1435,2994.16
28731,-4.3371,-1.5933,12.6893,1432,2994.16
28736,-3.2513,2.3355,8.3749,1463,2993.86
28741,2.3499,3.8199,9.6379,1443,2993.86
28746,0.99,1.3755,12.6342,1435,2993.86
28751,-4.2904,-1.6305,12.7096,1432,2993.86
28756,-3.2717,2.3248,8.3797,1463,2993.56
28761,2.3739,3.8032,9.5828,1443,2993.56
28766,1.0977,1.4281,12.6258,1435,2993.56
28771,-4.1982,-1.6652,12.7372,1431,2993.56
28776,-3.3555,2.3343,8.4527,1465,2992.97
28781,2.326,3.7757,9.5505,1439,2992.97
28786,1.1205,1.4257,12.5408,1435,2992.97
28791,-4.1396,-1.6843,12.706,1432,2992.97
28796,-3.3639,2.2733,8.4013,1466,2992.97
28801,2.3451,3.79,9.5505,1437,2992.97
28806,1.1851,1.482,12.5636,1437,2992.97
28811,-4.0965,-1.7166,12.7048,1433,2992.97
28816,-3.468,2.2482,8.4695,1467,2993.12
28821,2.302,3.7469,9.5205,1437,2993.12
28826,1.2749,1.4952,12.4463,1436,2993.12
28831,-4.0941,-1.7298,12.7324,1431,2993.12
28836,-3.5769,2.2206,8.4815,1449,2992.52
28841,2.241,3.7589,9.5122,1434,2992.52
28846,1.3443,1.5598,12.5169,1435,2992.52
28851,-4.0713,-1.7454,12.815,1433,2992.52
28856,-3.6751,2.2362,8.5198,1462,2993.71
28861,2.1907,3.6883,9.5074,1435,2993.71
28866,1.3587,1.5874,12.487,1435,2993.71
28871,-4.0103,-1.719,12.8317,1435,2993.71
28876,-3.7781,2.223,8.5736,1448,2992.52
28881,2.1691,3.7182,9.5014,1436,2992.52
28886,1.4653,1.6257,12.5037,1435,2992.52
28891,-4.0199,-1.725,12.8688,1435,2992.52
28896,-3.8391,2.247,8.5892,1445,2993.27
28901,2.1895,3.7194,9.4954,1439,2993.27
28906,1.5371,1.6424,12.4199,1433,2993.27
28911,-3.9624,-1.6855,12.8808,1435,2993.27
28916,-3.9385,2.2206,8.6143,1461,2993.12
28921,2.2122,3.7613,9.4475,1443,2993.12
28926,1.6281,1.7202,12.4463,1437,2993.12
28931,-3.8942,-1.7095,12.9431,1436,2993.12
28936,-3.9169,2.1871,8.6311,1467,2992.67
28941,2.2589,3.6847,9.3757,1439,2992.67
28946,1.7131,1.7442,12.3912,1433,2992.67
28951,-3.8702,-1.7142,12.9682,1437,2992.67
28956,-4.0127,2.223,8.6993,1450,2992.67
28961,2.2338,3.6811,9.4044,1439,2992.67
28966,1.7861,1.7861,12.3074,1435,2992.67
28971,-3.7613,-1.7131,12.9167,1439,2992.67
28976,-4.0522,2.1536,8.6622,1463,2991.77
28981,2.2326,3.6763,9.4008,1439,2991.77
28986,1.889,1.804,12.3325,1433,2991.77
28991,-3.6955,-1.7346,12.9909,1443,2991.77
28996,-4.1503,2.1105,8.74,1461,2992.07
29001,2.2015,3.644,9.3146,1443,2992.07
29006,1.9561,1.8567,12.2344,1433,2992.07
29011,-3.6392,-1.7813,12.9658,1443,2992.07
29016,-4.2198,2.0758,8.7747,1461,2991.47
29021,2.1679,3.6356,9.3134,1443,2991.47
29026,1.9776,1.9046,12.1745,1431,2991.47
29031,-3.6284,-1.7549,13.04,1435,2991.47
29036,-4.3167,2.059,8.8214,1461,2991.47
29041,2.1117,3.5913,9.2452,1437,2991.47
29046,2.0602,1.974,12.1685,1433,2991.47
29051,-3.6009,-1.7454,13.0723,1438,2991.47
29056,-4.4005,2.0853,8.9483,1447,2990.13
29061,2.0698,3.571,9.2871,1435,2990.13
29066,2.1117,2.0506,12.2332,1433,2990.13
29071,-3.5482,-1.7274,13.0735,1437,2990.13
29076,-4.4867,2.0219,8.922,1452,2990.73
29081,2.0075,3.5757,9.2105,1435,2990.73
29086,2.1763,2.077,12.1254,1443,2990.73
29091,-3.4979,-1.7035,13.1394,1440,2990.73
29096,-4.5562,1.974,9.0429,1455,2989.98
29101,2.0087,3.6152,9.153,1433,2989.98
29106,2.3044,2.1356,12.0991,1436,2989.98
29111,-3.3986,-1.6556,13.0903,1437,2989.98
29116,-4.7142,1.9513,8.9926,1463,2989.69
29121,1.9944,3.5494,9.1459,1435,2989.69
29126,2.4074,2.1596,12.0141,1449,2989.69
29131,-3.3148,-1.6436,13.216,1434,2989.69
29136,-4.7429,1.9249,9.0728,1464,2989.24
29141,2.0075,3.5626,9.1375,1433,2989.24
29146,2.4948,2.2529,12.0117,1439,2989.24
29151,-3.2142,-1.6281,13.1705,1432,2989.24
29156,-4.8064,1.8567,9.1578,1453,2988.05
29161,1.9668,3.5398,9.0345,1432,2988.05
29166,2.5642,2.3308,12.0117,1445,2988.05
29171,-3.1268,-1.6005,13.1944,1431,2988.05
29176,-4.8937,1.8675,9.2464,1463,2989.24
29181,1.9369,3.4884,9.0477,1435,2989.24
29186,2.6276,2.3379,11.8824,1445,2989.24
29191,-3.067,-1.6053,13.2268,1431,2989.24
29196,-4.9488,1.8244,9.3326,1447,2988.49
29201,1.9369,3.4728,9.0082,1435,2988.49
29206,2.6947,2.4421,11.8321,1445,2988.49
29211,-2.9413,-1.6101,13.2136,1432,2988.49
29216,-5.1008,1.7011,9.3075,1439,2988.79
29221,1.8723,3.4429,8.9447,1448,2988.79
29226,2.7845,2.5007,11.7543,1443,2988.79
29231,-2.8862,-1.5646,13.2938,1433,2988.79
29236,-5.1655,1.646,9.4619,1435,2988.79
29241,1.81,3.4129,8.928,1445,2988.94
29246,2.8766,2.5726,11.7184,1439,2988.94
29251,-2.8706,-1.4964,13.3022,1434,2988.94
29256,-5.2672,1.6209,9.4978,1433,2988.94
29261,1.7777,3.3794,8.8442,1447,2989.39
29266,2.9401,2.6061,11.7316,1437,2989.39
29271,-2.8371,-1.482,13.3034,1434,2989.39
29276,-5.3235,1.6448,9.5984,1433,2989.39
29281,1.7873,3.4213,8.8609,1447,2989.39
29286,2.9844,2.6803,11.6514,1433,2989.39
29291,-2.7378,-1.4234,13.2747,1431,2989.39
29296,-5.357,1.5646,9.651,1435,2989.39
29301,1.7095,3.3339,8.8322,1451,2989.39
29306,3.0849,2.7366,11.6298,1435,2989.39
29311,-2.6372,-1.3491,13.3656,1433,2989.39
29316,-5.3846,1.5083,9.6977,1437,2989.39
29321,1.7454,3.395,8.8166,1446,2989.09
29326,3.1627,2.8407,11.5544,1439,2989.09
29331,-2.5941,-1.2845,13.4075,1427,2989.09
29336,-5.4289,1.4437,9.7695,1440,2989.09
29341,1.64,3.3148,8.6957,1445,2988.94
29346,3.1651,2.8563,11.5448,1439,2988.94
29351,-2.5402,-1.245,13.3968,1429,2988.94
29356,-5.4827,1.409,9.7384,1445,2988.94
29361,1.6257,3.2848,8.6203,1445,2989.09
29366,3.2094,2.9317,11.4802,1437,2989.09
29371,-2.472,-1.2258,13.3465,1433,2989.09
29376,-5.5031,1.3084,9.839,1447,2989.09
29381,1.555,3.2585,8.5964,1443,2990.13
29386,3.2334,2.8922,11.4491,1437,2990.13
29391,-2.3691,-1.1983,13.3656,1431,2990.13
29396,-5.5713,1.2594,9.9383,1446,2990.13
29401,1.5203,3.2358,8.6024,1444,2989.98
29406,3.2501,2.9341,11.4239,1437,2989.98
29411,-2.308,-1.1839,13.4434,1433,2989.98
29416,-5.6108,1.227,10.0126,1445,2989.98
29421,1.421,3.2154,8.5641,1445,2989.98
29426,3.2705,3.037,11.3497,1436,2989.98
29431,-2.2841,-1.1444,13.4554,1434,2989.98
29436,-5.6371,1.1444,10.0173,1447,2989.98
29441,1.3755,3.1975,8.5269,1447,2989.98
29446,3.286,3.0658,11.3665,1435,2989.98
29451,-2.2505,-1.075,13.4638,1404,2989.98
29456,-5.6371,1.1001,10.1526,1445,2989.98
29461,1.3743,3.2094,8.497,1448,2990.28
29466,3.2944,3.1424,11.3102,1435,2990.28
29471,-2.1715,-1.0235,13.4267,1435,2990.28
29476,-5.6228,1.0546,10.1622,1439,2990.28
29481,1.3132,3.1795,8.4336,1446,2990.58
29486,3.2944,3.1819,11.2934,1435,2990.58
29491,-2.0782,-0.9493,13.5201,1435,2990.58
29496,-5.697,1.0044,10.2807,1439,2990.58
29501,1.2474,3.2166,8.4527,1447,2990.43
29506,3.3615,3.2525,11.1558,1431,2990.43
29511,-2.0327,-0.893,13.471,1435,2990.43
29516,-5.6539,0.9194,10.3094,1445,2990.43
29521,1.2139,3.1843,8.3641,1448,2990.58
29526,3.4022,3.2801,11.2001,1435,2990.58
29531,-1.9776,-0.8248,13.4626,1435,2990.58
29536,-5.6814,0.8464,10.3094,1434,2990.58
29541,1.1217,3.134,8.333,1446,2990.58
29546,3.3555,3.31,11.1031,1434,2990.58
29551,-1.9094,-0.7566,13.5153,1435,2990.58
29556,-5.7114,0.7638,10.3837,1435,2990.58
29561,1.0511,3.0993,8.3199,1447,2990.58
29566,3.3435,3.322,11.0852,1437,2990.58
29571,-1.8268,-0.7769,13.453,1435,2990.58
29576,-5.7162,0.7147,10.4375,1433,2990.58
29581,0.9984,3.0478,8.2839,1445,2990.28
29586,3.3507,3.3914,10.999,1435,2990.28
29591,-1.81,-0.7374,13.4434,1437,2990.28
29596,-5.715,0.6393,10.5644,1433,2990.28
29601,0.911,3.0263,8.2768,1447,2990.13
29606,3.322,3.3866,10.9367,1435,2990.13
29611,-1.7214,-0.6668,13.4482,1433,2990.13
29616,-5.7712,0.5626,10.5943,1429,2990.13
29621,0.8511,3.0143,8.2468,1445,2990.13
29626,3.3327,3.3962,10.9379,1437,2990.13
29631,-1.7142,-0.6381,13.4638,1433,2990.13
29636,-5.7616,0.5399,10.6757,1433,2990.13
29641,0.7817,2.9963,8.2432,1440,2990.28
29646,3.2813,3.4943,10.9403,1437,2990.28
29651,-1.6759,-0.6057,13.4722,1435,2990.28
29656,-5.703,0.4836,10.7117,1437,2990.28
29661,0.7099,3.0155,8.2049,1439,2990.43
29666,3.3088,3.5506,10.9235,1432,2990.43
29671,-1.6532,-0.5459,13.4985,1431,2990.43
29676,-5.7389,0.4154,10.8194,1437,2990.43
29681,0.6524,3.0179,8.2109,1444,2990.43
29686,3.3004,3.5398,10.8745,1437,2990.43
29691,-1.6029,-0.4417,13.4698,1432,2990.43
29696,-5.697,0.3735,10.8745,1437,2990.43
29701,0.5974,2.9975,8.1558,1446,2990.73
29706,3.31,3.5877,10.8338,1438,2990.73
29711,-1.5155,-0.3903,13.4375,1429,2990.73
29716,-5.6755,0.2849,10.9008,1433,2990.73
29721,0.4932,2.9556,8.0792,1447,2990.58
29726,3.2429,3.6129,10.7548,1444,2990.58
29731,-1.4904,-0.322,13.4351,1435,2990.58
29736,-5.6192,0.1844,10.9355,1437,2990.58
29741,0.3962,2.9712,8.1582,1450,2990.43
29746,3.2465,3.6524,10.7428,1445,2990.43
29751,-1.4126,-0.3148,13.4303,1433,2990.43
29756,-5.6324,0.0658,10.9846,1436,2990.43
29761,0.3148,2.8539,8.0481,1449,2989.98
29766,3.1999,3.5961,10.6901,1440,2989.98
29771,-1.33,-0.255,13.4099,1431,2989.98
29776,-5.6407,0.0239,11.0361,1434,2989.98
29781,0.2274,2.8443,8.1175,1459,2989.98
29786,3.1759,3.6655,10.6937,1437,2989.98
29791,-1.3012,-0.2131,13.4243,1436,2989.98
29796,-5.6048,-0.1041,11.078,1437,2989.98
29801,0.1293,2.8048,8.0697,1453,2989.69
29806,3.1232,3.6272,10.6315,1437,2989.69
29811,-1.2426,-0.1317,13.4506,1447,2989.69
29816,-5.5929,-0.1317,11.1761,1435,2989.69
29821,0.0168,2.8455,8.0804,1452,2989.69
29826,3.0921,3.6823,10.6231,1433,2989.69
29831,-1.2294,-0.1329,13.38,1433,2989.69
29836,-5.5617,-0.1963,11.1917,1439,2989.69
29841,-0.0754,2.8228,8.1032,1453,2989.83
29846,3.0466,3.7433,10.586,1438,2989.83
29851,-1.1684,-0.0108,13.3704,1432,2989.83
29856,-5.5557,-0.2131,11.3114,1437,2989.83
29861,-0.1712,2.812,8.0649,1453,2989.54
29866,3.0251,3.7888,10.5285,1435,2989.54
29871,-1.1169,0.0335,13.3273,1432,2989.54
29876,-5.5126,-0.261,11.3138,1439,2989.54
29881,-0.2239,2.8264,8.0721,1451,2989.69
29886,3.0155,3.8247,10.562,1438,2989.69
29891,-1.0606,0.085,13.3441,1427,2989.69
29896,-5.4851,-0.34,11.3832,1436,2989.69
29901,-0.2909,2.8192,7.9883,1451,2990.13
29906,3.0167,3.8487,10.4232,1437,2990.13
29911,-0.9948,0.1496,13.2902,1428,2990.13
29916,-5.4001,-0.4286,11.4958,1439,2990.13
29921,-0.4705,2.7713,8.0182,1444,2990.43
29926,3.0239,3.814,10.398,1440,2990.43
29931,-0.9002,0.1915,13.3058,1431,2990.43
29936,-5.3917,-0.5195,11.4539,1438,2990.43
29941,-0.5435,2.7162,7.9811,1464,2990.28
29946,2.9748,3.8188,10.4028,1439,2990.28
29951,-0.8727,0.1784,13.2268,1433,2990.28
29956,-5.3199,-0.6057,11.5831,1437,2990.28
29961,-0.6273,2.6635,7.9595,1443,2989.69
29966,2.9341,3.8331,10.3178,1438,2989.69
29971,-0.8212,0.2478,13.2184,1429,2989.69
29976,-5.3032,-0.6823,11.5568,1440,2989.69
29981,-0.7518,2.6312,8.0553,1459,2990.88
29986,2.8683,3.8427,10.3501,1438,2990.88
29991,-0.7661,0.2921,13.2579,1431,2990.88
29996,-5.2924,-0.735,11.6885,1443,2990.88
30001,-0.8487,2.6384,7.9895,1461,2990.28
30006,2.8575,3.9002,10.2975,1439,2990.28
30011,-0.735,0.3795,13.1801,1431,2990.28
30016,-5.3163,-0.7733,11.7292,1443,2990.28
30021,-0.984,2.6252,8.0218,1454,2990.58
30026,2.8168,3.9253,10.2747,1439,2990.58
30031,-0.6943,0.4106,13.2184,1432,2990.58
30036,-5.2792,-0.814,11.7807,1445,2990.58
30041,-1.0953,2.6312,8.0158,1461,2991.03
30046,2.7797,3.9049,10.2304,1439,2991.03
30051,-0.6237,0.4202,13.1525,1434,2991.03
30056,-5.2086,-0.8104,11.825,1439,2991.03
30061,-1.1803,2.6671,8.0254,1465,2990.73
30066,2.7809,3.9564,10.2639,1437,2990.73
30071,-0.5818,0.5028,13.1142,1437,2990.73
30076,-5.1463,-0.8918,11.8286,1438,2990.73
30081,-1.251,2.6061,8.011,1463,2991.33
30086,2.8,3.9409,10.24,1436,2991.33
30091,-0.4669,0.5674,13.1035,1432,2991.33
30096,-5.0877,-0.9349,11.9375,1439,2991.33
30101,-1.336,2.6372,8.0457,1461,2991.33
30106,2.7198,3.9025,10.1837,1430,2991.33
30111,-0.4154,0.5698,13.0664,1435,2991.33
30116,-5.0733,-1.0199,11.8178,1437,2991.33
30121,-1.47,2.5798,8.017,1463,2991.62
30126,2.7306,3.8559,10.1478,1439,2991.62
30131,-0.2466,0.5842,13.0628,1437,2991.62
30136,-5.0147,-1.0666,11.9614,1432,2991.62
30141,-1.5347,2.5522,7.9871,1462,2991.47
30146,2.6815,3.8487,10.0999,1437,2991.47
30151,-0.2598,0.6021,12.9802,1435,2991.47
30156,-4.9967,-1.1564,12.0392,1437,2991.47
30161,-1.6616,2.5283,8.0074,1459,2991.62
30166,2.642,3.8391,10.1299,1436,2991.62
30171,-0.1987,0.6369,13.0233,1437,2991.62
30176,-4.9919,-1.1971,12.062,1435,2991.62
30181,-1.7645,2.5402,8.0445,1459,2991.47
30186,2.5893,3.8714,10.0688,1435,2991.47
30191,-0.1748,0.7195,12.979,1437,2991.47
30196,-4.9572,-1.2414,12.0967,1432,2991.47
30201,-1.8866,2.478,8.0984,1463,2991.92
30206,2.5534,3.8726,10.0365,1440,2991.92
30211,-0.1401,0.7242,13.0113,1440,2991.92
30216,-4.9572,-1.2282,12.1937,1439,2991.92
30221,-1.9597,2.5343,8.0936,1456,2991.77
30226,2.5486,3.9097,10.0712,1438,2991.77
30231,-0.0862,0.7434,12.949,1437,2991.77
30236,-4.9069,-1.2282,12.1841,1437,2991.77
30241,-2.0662,2.5127,8.1151,1461,2991.92
30246,2.5857,3.9397,9.997,1437,2991.92
30251,0.0204,0.8296,12.8988,1435,2991.92
30256,-4.8758,-1.2629,12.2176,1435,2991.92
30261,-2.1213,2.4852,8.0756,1460,2992.07
30266,2.5786,3.9337,9.9946,1438,2992.07
30271,0.0802,0.9014,12.9083,1435,2992.07
30276,-4.7681,-1.3024,12.2607,1439,2992.07
30281,-2.1883,2.4995,8.0721,1465,2992.22
30286,2.5642,3.9181,9.9383,1437,2992.22
30291,0.2203,0.9254,14.704,1433,2992.22
30296,-4.6807,-1.3455,12.2571,1435,2992.22
30301,-2.2901,2.4565,8.1762,1463,2992.07
30306,2.5307,3.8607,9.8952,1439,2992.07
30311,0.2777,0.9828,12.8605,1433,2992.07
30316,-4.6543,-1.385,12.317,1434,2992.07
30321,-2.3511,2.4169,8.1954,1463,2992.22
30326,2.5355,3.8331,9.9335,1444,2992.22
30331,0.3855,0.9397,12.8593,1433,2992.22
30336,-4.6196,-1.4928,12.3553,1433,2992.22
30341,-2.5007,2.3762,8.1798,1453,2992.22
30346,2.466,3.8415,9.8749,1445,2992.22
30351,0.4477,1.0127,12.815,1434,2992.22
30356,-4.5957,-1.5048,12.384,1435,2992.22
30361,-2.5833,2.3978,8.2061,1463,2992.52
30366,2.4313,3.7972,9.8809,1440,2992.52
30371,0.4573,1.0403,12.7743,1435,2992.52
30376,-4.5562,-1.4784,12.3206,1432,2992.52
30381,-2.6911,2.4409,8.1678,1462,2992.22
30386,2.3655,3.8427,9.9323,1445,2992.22
30391,0.516,1.0989,12.7383,1435,2992.22
30396,-4.5035,-1.5227,12.451,1433,2992.22
30401,-2.7701,2.387,8.2049,1465,2992.22
30406,2.3212,3.8367,9.8462,1439,2992.22
30411,0.5231,1.1301,12.7563,1435,2992.22
30416,-4.5035,-1.5622,12.4439,1433,2992.22
30421,-2.879,2.4134,8.3103,1465,2991.92
30426,2.3523,3.8223,9.8174,1439,2991.92
30431,0.6656,1.1863,12.7443,1435,2991.92
30436,-4.44,-1.5383,12.5432,1432,2991.92
30441,-2.9401,2.3882,8.2744,1465,2991.62
30446,2.4038,3.9061,9.7791,1438,2991.62
30451,0.7841,1.2474,12.6629,1431,2991.62
30456,-4.385,-1.567,12.5791,1435,2991.62
30461,-3.0023,2.3798,8.3378,1460,2991.62
30466,2.3762,3.875,9.7695,1436,2991.62
30471,0.8583,1.2845,12.6462,1435,2991.62
30476,-4.2928,-1.5562,12.5947,1433,2991.62
30481,-3.0873,2.3391,8.327,1463,2991.03
30486,2.3822,3.8355,9.7025,1437,2991.03
30491,0.9888,1.3024,12.5875,1437,2991.03
30496,-4.2282,-1.6376,12.6043,1435,2991.03
30501,-3.2082,2.3296,8.3665,1445,2992.07
30506,2.3451,3.7804,9.6738,1444,2992.07
30511,1.075,1.3288,12.5935,1435,2992.07
30516,-4.1994,-1.6795,12.621,1437,2992.07
30521,-3.2992,2.32,8.3689,1461,2991.92
30526,2.296,3.7266,9.6403,1443,2991.92
30531,1.1253,1.3755,12.5516,1436,2991.92
30536,-4.1587,-1.6604,12.6162,1437,2991.92
30541,-3.4249,2.3355,8.4372,1463,2991.77
30546,2.2386,3.7469,9.6079,1439,2991.77
30551,1.2258,1.4389,12.481,1435,2991.77
30556,-4.1228,-1.7274,12.6881,1444,2991.77
30561,-3.486,2.2039,8.4252,1467,2992.52
30566,2.2541,3.7493,9.6247,1443,2992.52
30571,1.2558,1.4736,12.5432,1435,2992.52
30576,-4.1384,-1.6879,12.7324,1440,2992.52
30581,-3.5865,2.241,8.503,1453,2991.47
30586,2.217,3.7098,9.6031,1439,2991.47
30591,1.2677,1.5191,12.5121,1435,2991.47
30596,-4.0677,-1.6987,12.809,1444,2991.47
30601,-3.6392,2.2206,8.5281,1467,2992.07
30606,2.1991,3.729,9.59,1438,2992.07
30611,1.324,1.6041,12.5324,1436,2992.07
30616,-4.0522,-1.6688,12.8257,1440,2992.07
30621,-3.7326,2.2577,8.5533,1450,2991.47
30626,2.2063,3.7074,9.5313,1439,2991.47
30631,1.4473,1.6328,12.3996,1436,2991.47
30636,-3.8966,-1.6592,12.797,1445,2991.47
30641,-3.8595,2.2218,8.6227,1455,2991.47
30646,2.1991,3.7685,9.5134,1437,2991.47
30651,1.5969,1.6604,12.3756,1434,2991.47
30656,-3.8738,-1.6628,12.8174,1444,2991.47
30661,-3.9205,2.1871,8.6203,1449,2991.47
30666,2.2685,3.7194,9.4751,1436,2991.47
30671,1.7681,1.67,12.2942,1435,2991.47
30676,-3.8595,-1.6867,12.9371,1439,2991.47
30681,-3.9421,2.1943,8.6778,1450,2992.07
30686,2.2182,3.6739,9.4344,1436,2992.07
30691,1.8567,1.7837,12.3242,1437,2992.07
30696,-3.7541,-1.7418,12.8724,1437,2992.07
30701,-4.0666,2.1368,8.7029,1463,2991.92
30706,2.1835,3.6823,9.4499,1435,2991.92
30711,1.8986,1.7885,12.3445,1437,2991.92
30716,-3.7074,-1.7597,12.9119,1438,2991.92
30721,-4.1432,2.1009,8.7209,1449,2992.22
30726,2.1488,3.6464,9.3673,1431,2992.22
30731,1.9788,1.8172,12.2571,1439,2992.22
30736,-3.6392,-1.7992,12.9143,1439,2992.22
30741,-4.2689,2.0602,8.7652,1464,2992.22
30746,2.1213,3.6392,9.3625,1431,2992.22
30751,2.0291,1.8854,12.2272,1439,2992.22
30756,-3.6284,-1.7681,13.0137,1437,2992.22
30761,-4.3395,2.0794,8.8597,1463,2992.37
30766,2.1009,3.6152,9.3302,1433,2992.37
30771,2.0399,1.9405,12.208,1439,2992.37
30776,-3.6188,-1.7406,13.0185,1433,2992.37
30781,-4.4041,2.0758,8.8597,1467,2992.67
30786,2.0494,3.5961,9.2799,1435,2992.67
30791,2.1069,1.98,12.202,1445,2992.67
30796,-3.6045,-1.7238,13.0652,1433,2992.67
30801,-4.4592,2.065,8.9112,1451,2992.82
30806,2.0423,3.6105,9.2871,1436,2992.82
30811,2.15,2.0375,12.1637,1447,2992.82
30816,-3.5626,-1.6735,13.0771,1431,2992.82
30821,-4.5382,2.0614,9.0022,1464,2992.67
30826,2.0458,3.6045,9.2668,1433,2992.67
30831,2.2553,2.0782,12.1314,1445,2992.67
30836,-3.4536,-1.6233,13.1083,1431,2992.67
30841,-4.6088,2.0171,8.9579,1445,2992.52
30846,2.059,3.5566,9.2285,1433,2992.52
30851,2.3511,2.0794,12.0907,1443,2992.52
30856,-3.4417,-1.6759,13.1226,1430,2992.52
30861,-4.6388,1.9992,8.9818,1449,2992.97
30866,2.0375,3.5997,9.2117,1435,2992.97
30871,2.4122,2.1548,12.0069,1445,2992.97
30876,-3.4117,-1.64,13.1693,1432,2992.97
30881,-4.7154,1.9812,9.0106,1435,2992.67
30886,2.0387,3.5267,9.1554,1436,2992.67
30891,2.4948,2.1644,12.0189,1440,2992.67
30896,-3.3136,-1.6963,13.1825,1431,2992.67
30901,-4.7357,1.9213,9.0896,1436,2992.67
30906,2.0315,3.5075,9.0956,1445,2992.22
30911,2.5786,2.2314,11.983,1439,2992.22
30916,-3.2896,-1.6999,13.0628,1436,2992.22
30921,-4.8195,1.8783,9.0848,1436,2992.22
30926,1.9956,3.5123,9.1183,1447,2990.58
30931,2.5965,2.2158,11.9698,1442,2990.58
30936,-3.1412,-1.6388,13.1693,1435,2990.58
30941,-4.865,1.8579,9.1267,1433,2990.58
30946,1.9896,3.4417,9.0848,1447,2990.13
30951,2.6193,2.3487,11.9291,1437,2990.13
30956,-3.1328,-1.6209,13.2316,1435,2990.13
30961,-4.9297,1.8411,9.2141,1428,2990.13
30966,1.9261,3.4584,9.0728,1443,2990.28
30971,2.6348,2.393,11.8896,1434,2990.28
30976,-3.1137,-1.6137,13.2304,1433,2990.28
30981,-5.023,1.822,9.2943,1436,2990.28
30986,1.8818,3.4716,9.0417,1449,2990.13
30991,2.7366,2.5139,11.9016,1432,2990.13
30996,-3.0131,-1.573,13.2902,1433,2990.13
31001,-5.0841,1.7909,9.3625,1437,2990.13
31006,1.9022,3.4105,8.9807,1447,2989.54
31011,2.8132,2.5115,11.7986,1439,2989.54
31016,-2.9568,-1.5155,13.2806,1432,2989.54
31021,-5.1427,1.719,9.4164,1445,2989.54
31026,1.8435,3.45,8.9675,1449,2989.39
31031,2.8659,2.5809,11.7531,1439,2989.39
31036,-2.8766,-1.4461,13.3118,1431,2989.39
31041,-5.2098,1.6604,9.493,1445,2989.39
31046,1.8088,3.4117,8.8885,1447,2988.79
31051,2.9473,2.5989,11.7567,1440,2988.79
31056,-2.7845,-1.4341,13.3489,1430,2988.79
31061,-5.2852,1.5718,9.5397,1443,2988.79
31066,1.822,3.3734,8.8621,1447,2989.24
31071,3.0574,2.6827,11.6825,1440,2989.24
31076,-2.7066,-1.4138,13.3046,1431,2989.24
31081,-5.3295,1.5514,9.6522,1445,2989.24
31086,1.7502,3.371,8.843,1445,2989.24
31091,3.073,2.7174,11.5724,1437,2989.24
31096,-2.63,-1.3922,13.2675,1431,2989.24
31101,-5.3858,1.4784,9.7229,1447,2989.24
31106,1.7502,3.322,8.7747,1449,2989.39
31111,3.14,2.7581,11.5604,1437,2989.39
31116,-2.6013,-1.3479,13.3177,1433,2989.39
31121,-5.4708,1.4748,9.7911,1447,2989.39
31126,1.6628,3.2968,8.6694,1448,2989.98
31131,3.1831,2.8323,11.4898,1437,2989.98
31136,-2.5223,-1.324,13.3991,1432,2989.98
31141,-5.5162,1.4353,9.8497,1445,2989.98
31146,1.6376,3.2777,8.6969,1447,2991.03
31151,3.2082,2.9113,11.5281,1437,2991.03
31156,-2.4768,-1.2905,13.4399,1435,2991.03
31161,-5.5833,1.3587,9.8605,1443,2991.03
31166,1.561,3.2573,8.5928,1449,2991.18
31171,3.2286,2.9137,11.5053,1433,2991.18
31176,-2.46,-1.2438,13.447,1435,2991.18
31181,-5.5725,1.318,9.9539,1433,2991.18
31186,1.5694,3.3124,8.6419,1445,2990.58
31191,3.2705,3.0131,11.4527,1433,2990.58
31196,-2.4038,-1.172,13.4099,1439,2990.58
31201,-5.5474,1.2402,9.9623,1445,2990.58
31206,1.4964,3.2358,8.5808,1449,2990.28
31211,3.2382,3.0287,11.3689,1434,2990.28
31216,-2.3212,-1.1265,13.4171,1433,2990.28
31221,-5.6,1.1839,10.0832,1440,2990.28
31226,1.4545,3.2489,8.5461,1449,2990.13
31231,3.3004,3.1053,11.3473,1433,2990.13
31236,-2.2218,-1.0846,13.4949,1433,2990.13
31241,-5.5988,1.1001,10.0473,1431,2990.13
31246,1.4078,3.213,8.4958,1447,2990.13
31251,3.3291,3.1232,11.2839,1432,2990.13
31256,-2.144,-0.9924,13.4758,1433,2990.13
31261,-5.6036,1.0487,10.167,1434,2990.13
31266,1.336,3.2094,8.4946,1447,2989.83
31271,3.3112,3.2465,11.2456,1437,2989.83
31276,-2.1153,-0.9553,13.4303,1433,2989.83
31281,-5.6671,0.9888,10.1849,1431,2989.83
31286,1.2977,3.1184,8.4862,1447,2989.69
31291,3.3363,3.2154,11.1857,1438,2989.69
31296,-2.0399,-0.9194,13.3944,1433,2989.69
31301,-5.6503,0.9457,10.3022,1435,2989.69
31306,1.221,3.1364,8.4084,1447,2989.54
31311,3.322,3.2394,11.1438,1438,2989.54
31316,-1.9453,-0.8356,13.4087,1435,2989.54
31321,-5.7066,0.8703,10.3394,1436,2989.54
31326,1.154,3.1232,8.3953,1447,2989.83
31331,3.316,3.2573,11.1869,1437,2989.83
31336,-1.9537,-0.8619,13.4039,1435,2989.83
31341,-5.7305,0.8296,10.4004,1433,2989.83
31346,1.075,3.1436,8.3534,1447,2990.28
31351,3.3399,3.3447,11.0576,1435,2990.28
31356,-1.883,-0.7949,13.4566,1432,2990.28
31361,-5.7353,0.7398,10.4962,1435,2990.28
31366,1.0463,3.0706,8.3318,1445,2990.73
31371,3.3315,3.3686,11.0337,1433,2990.73
31376,-1.8567,-0.723,13.4997,1432,2990.73
31381,-5.7114,0.7278,10.5608,1437,2990.73
31386,0.9864,3.0837,8.254,1446,2990.73
31391,3.3914,3.4297,11.1139,1438,2990.73
31396,-1.8004,-0.6381,13.4566,1431,2990.73
31401,-5.7221,0.6237,10.5979,1435,2990.73
31406,0.8751,3.0442,8.2863,1447,2991.18
31411,3.3387,3.4417,10.9499,1435,2991.18
31416,-1.7621,-0.6345,13.4494,1435,2991.18
31421,-5.7389,0.5578,10.6243,1439,2991.18
31426,0.8248,3.0945,8.2384,1454,2991.18
31431,3.3339,3.4788,10.9475,1439,2991.18
31436,-1.6735,-0.5303,13.5356,1435,2991.18
31441,-5.7126,0.4752,10.7176,1435,2991.18
31446,0.7949,3.0358,8.2049,1453,2991.18
31451,3.2765,3.5123,10.9008,1437,2991.18
31456,-1.6125,-0.5016,13.4351,1435,2991.18
31461,-5.6731,0.4369,10.7284,1435,2991.18
31466,0.6668,3.0275,8.1762,1455,2990.73
31471,3.2908,3.5518,10.8828,1439,2990.73
31476,-1.5754,-0.4357,13.4638,1433,2990.73
31481,-5.6671,0.3771,10.7907,1435,2990.73
31486,0.6381,2.9245,8.0972,1455,2990.88
31491,3.2753,3.5338,10.8338,1440,2990.88
31496,-1.549,-0.4405,13.3908,1436,2990.88
31501,-5.6755,0.2442,10.8218,1437,2990.88
31506,0.5351,2.9317,8.1702,1455,2991.18
31511,3.286,3.5901,10.8146,1438,2991.18
31516,-1.5071,-0.3867,13.3932,1433,2991.18
31521,-5.6647,0.2418,10.8769,1435,2991.18
31526,0.4238,2.9197,8.1307,1455,2991.03
31531,3.225,3.5686,10.8242,1435,2991.03
31536,-1.4078,-0.3759,13.4315,1432,2991.03
31541,-5.6934,0.1437,10.9583,1439,2991.03
31546,0.4034,2.9066,8.1427,1454,2991.03
31551,3.2238,3.6224,10.7404,1437,2991.03
31556,-1.4174,-0.2658,13.4434,1432,2991.03
31561,-5.6946,0.1401,10.969,1437,2991.03
31566,0.3029,2.9149,8.0996,1453,2991.03
31571,3.1819,3.6547,10.7488,1439,2991.03
31576,-1.3707,-0.249,13.3908,1433,2991.03
31581,-5.6503,0.0838,11.0409,1437,2991.03
31586,0.2322,2.8898,8.0948,1455,2991.47
31591,3.1771,3.6978,10.6602,1437,2991.47
31596,-1.3288,-0.1808,13.3692,1431,2991.47
31601,-5.6503,0.0587,11.0768,1437,2991.47
31606,0.1796,2.8683,8.0613,1451,2991.77
31611,3.1532,3.7302,10.6973,1437,2991.77
31616,-1.3384,-0.1113,13.3968,1432,2991.77
31621,-5.6144,-0.0323,11.1666,1436,2991.77
31626,0.0994,2.8503,8.0517,1450,2991.77
31631,3.1639,3.7038,10.6434,1438,2991.77
31636,-1.2677,-0.0946,13.3848,1431,2991.77
31641,-5.5833,-0.1053,11.2001,1437,2991.77
31646,0.0587,2.8395,8.0948,1455,2991.92
31651,3.1687,3.7302,10.6219,1438,2991.92
31656,-1.1983,-0.0946,13.3573,1430,2991.92
31661,-5.5426,-0.1784,11.2551,1439,2991.92
31666,-0.0419,2.8132,8.0697,1463,2992.07
31671,3.128,3.723,10.5261,1439,2992.07
31676,-1.1396,0.0036,13.3728,1429,2992.07
31681,-5.533,-0.2586,11.315,1439,2992.07
31686,-0.1089,2.788,8.0242,1453,2991.92
31691,3.0885,3.7373,10.5093,1437,2991.92
31696,-1.0918,-0.0287,13.3477,1429,2991.92
31701,-5.4995,-0.3615,11.3473,1443,2991.92
31706,-0.1891,2.7497,8.0074,1445,2991.62
31711,3.0754,3.7661,10.4722,1436,2991.62
31716,-1.0558,0.0347,13.2375,1433,2991.62
31721,-5.4696,-0.3651,11.4455,1439,2991.62
31726,-0.2861,2.7557,8.0637,1456,2991.47
31731,3.0047,3.7505,10.4806,1439,2991.47
31736,-1.0331,0.0766,13.2507,1433,2991.47
31741,-5.4971,-0.419,11.4299,1445,2991.47
31746,-0.4286,2.7414,8.0385,1451,2991.03
31751,3.0107,3.7936,10.4411,1437,2991.03
31756,-0.9936,0.1341,13.3249,1432,2991.03
31761,-5.4743,-0.4334,11.4539,1443,2991.03
31766,-0.4369,2.7438,8.017,1466,2992.52
31771,2.9712,3.8211,10.4052,1439,2992.52
31776,-0.9744,0.1915,13.2423,1423,2992.52
31781,-5.4396,-0.4992,11.5353,1443,2992.52
31786,-0.5734,2.6827,7.9583,1465,2992.22
31791,2.958,3.8439,10.4064,1437,2992.22
31796,-0.9254,0.2478,13.2974,1435,2992.22
31801,-5.4492,-0.5052,11.6143,1443,2992.22
31806,-0.6069,2.739,8.0074,1465,2992.22
31811,2.9544,3.8583,10.3825,1433,2992.22
31816,-0.905,0.2753,13.2351,1434,2992.22
31821,-5.3319,-0.6057,11.625,1435,2992.22
31826,-0.6919,2.6887,7.9895,1463,2992.22
31831,2.9245,3.8583,10.3082,1437,2992.22
31836,-0.7865,0.3531,13.222,1435,2992.22
31841,-5.3115,-0.6393,11.5951,1436,2992.22
31846,-0.7626,2.7054,7.9559,1461,2992.37
31851,2.8934,3.8798,10.3058,1437,2992.37
31856,-0.7362,0.2741,13.1609,1433,2992.37
31861,-5.272,-0.7147,11.6286,1435,2992.37
31866,-0.8464,2.6983,8.005,1461,2992.67
31871,2.9078,3.869,10.3286,1435,2992.67
31876,-0.7207,0.3436,13.1609,1437,2992.67
31881,-5.2253,-0.7745,11.7328,1432,2992.67
31886,-0.9433,2.6612,7.9559,1462,2992.82
31891,2.8695,3.802,10.2208,1437,2992.82
31896,-0.6093,0.346,13.131,1434,2992.82
31901,-5.2708,-0.8739,11.7591,1435,2992.82
31906,-1.0439,2.6408,7.9906,1463,2992.97
31911,2.806,3.8523,10.2544,1439,2992.97
31916,-0.6141,0.3974,13.1322,1437,2992.97
31921,-5.2493,-0.8655,11.795,1436,2992.97
31926,-1.0918,2.6312,7.9895,1455,2992.97
31931,2.7713,3.8223,10.2208,1438,2992.97
31936,-0.5986,0.4262,13.1358,1439,2992.97
31941,-5.2397,-0.9038,11.8681,1439,2992.97
31946,-1.2007,2.6264,8.0613,1463,2993.12
31951,2.7581,3.8642,10.2232,1437,2993.12
31956,-0.4872,0.4657,13.1095,1437,2993.12
31961,-5.2158,-0.923,11.8537,1439,2993.12
31966,-1.2797,2.6001,8.0266,1461,2993.27
31971,2.7665,3.8774,10.222,1435,2993.27
31976,-0.5459,0.4764,13.1442,1437,2993.27
31981,-5.193,-0.9505,11.9303,1436,2993.27
31986,-1.3348,2.5786,8.0206,1461,2992.97
31991,2.7497,3.9049,10.1586,1438,2992.97
31996,-0.4597,0.5938,13.0963,1436,2992.97
32001,-5.1068,-0.9685,11.9866,1438,2992.97
32006,-1.403,2.6109,8.029,1463,2993.12
32011,2.7354,3.8894,10.2101,1437,2993.12
32016,-0.4166,0.6309,13.0592,1437,2993.12
32021,-5.0973,-1.0151,11.965,1437,2993.12
32026,-1.4425,2.5606,8.0098,1461,2993.41
32031,2.7689,3.8463,10.082,1437,2993.41
32036,-0.3376,0.6297,13.0652,1435,2993.41
32041,-5.0733,-1.0594,11.9806,1437,2993.41
32046,-1.5479,2.5786,8.0014,1463,2993.56
32051,2.7366,3.8714,10.1131,1438,2993.56
32056,-0.3136,0.6201,13.0496,1435,2993.56
32061,-5.0087,-1.063,11.9842,1436,2993.56
32066,-1.5957,2.5067,7.9966,1464,2993.56
32071,2.7102,3.8607,10.0509,1443,2993.56
32076,-0.2358,0.6428,13.0065,1435,2993.56
32081,-5.0111,-1.1815,12.0991,1431,2993.56
32086,-1.6939,2.5235,7.9918,1463,2993.56
32091,2.6707,3.8475,10.0628,1443,2993.56
32096,-0.1736,0.7183,12.9742,1435,2993.56
32101,-4.9847,-1.1732,12.0668,1433,2993.56
32106,-1.7789,2.5522,7.9871,1465,2993.41
32111,2.6252,3.8559,10.0509,1444,2993.41
32116,-0.1269,0.7027,12.9742,1433,2993.41
32121,-4.9668,-1.233,12.147,1435,2993.41
32126,-1.8519,2.5115,8.0972,1455,2993.71
32131,2.6013,3.8331,10.0018,1445,2993.71
32136,-0.0802,0.735,13.0209,1436,2993.71
32141,-4.9344,-1.2833,12.1494,1433,2993.71
32146,-1.9728,2.5151,8.0649,1464,2993.56
32151,2.551,3.8954,10.0149,1443,2993.56
32156,-0.0251,0.8308,12.967,1434,2993.56
32161,-4.9009,-1.2234,12.1973,1434,2993.56
32166,-1.9501,2.5031,8.1068,1465,2993.71
32171,2.5678,3.8894,9.9659,1445,2993.71
32176,-0.0371,0.8009,12.9143,1435,2993.71
32181,-4.859,-1.2522,12.2344,1436,2993.71
32186,-2.077,2.5091,8.1104,1456,2993.86
32191,2.5774,3.887,10.0257,1446,2993.86
32196,0.0491,0.8452,12.9215,1433,2993.86
32201,-4.8399,-1.2594,12.2535,1435,2993.86
32206,-2.1392,2.4588,8.1163,1466,2993.71
32211,2.5917,3.875,10.0161,1443,2993.71
32216,0.1089,0.9182,12.9024,1436,2993.71
32221,-4.8291,-1.2905,12.2679,1435,2993.71
32226,-2.162,2.4864,8.1355,1463,2993.86
32231,2.5786,3.899,9.9359,1439,2993.86
32236,0.1808,0.9481,12.8509,1435,2993.86
32241,-4.7692,-1.3324,12.1937,1433,2993.86
32246,-2.2338,2.4924,8.1307,1463,2993.71
32251,2.5654,3.8475,9.8773,1436,2993.71
32256,0.2167,0.9517,12.8437,1433,2993.71
32261,-4.701,-1.3982,12.2942,1433,2993.71
32266,-2.3559,2.4612,8.1056,1450,2993.27
32271,2.5283,3.8439,9.8533,1435,2993.27
32276,0.2598,0.9409,12.7707,1437,2993.27
32281,-4.6112,-1.4317,12.3086,1436,2993.27
32286,-2.375,2.3834,8.1116,1463,2992.82
32291,2.496,3.8415,9.894,1437,2992.82
32296,0.3041,0.9996,12.8198,1435,2992.82
32301,-4.6483,-1.4868,12.3924,1431,2992.82
32306,-2.4828,2.3942,8.1499,1449,2992.37
32311,2.4337,3.8499,9.8749,1439,2992.37
32316,0.3759,1.0415,12.7958,1435,2992.37
32321,-4.6328,-1.4688,12.3661,1435,2992.37
32326,-2.5869,2.4217,8.163,1449,2992.37
32331,2.411,3.8223,9.8342,1439,2992.37
32336,0.3855,1.0618,12.803,1436,2992.37
32341,-4.5777,-1.5024,12.4642,1431,2992.37
32346,-2.7031,2.399,8.1774,1459,2992.97
32351,2.4134,3.8104,9.7911,1440,2992.97
32356,0.5183,1.1157,12.7467,1435,2992.97
32361,-4.5885,-1.5071,12.4798,1440,2992.97
32366,-2.7521,2.3894,8.2289,1461,2992.07
32371,2.3966,3.8678,9.8438,1439,2992.07
32376,0.5758,1.1732,12.6845,1434,2992.07
32381,-4.4736,-1.5143,12.5241,1439,2992.07
32386,-2.806,2.3439,8.2492,1463,2992.37
32391,2.4301,3.8654,9.7923,1439,2992.37
32396,0.6584,1.2139,12.6558,1433,2992.37
32401,-4.4544,-1.5239,12.5408,1443,2992.37
32406,-2.8611,2.4157,8.2373,1449,2991.92
32411,2.4169,3.8822,9.8318,1439,2991.92
32416,0.7829,1.2653,12.651,1433,2991.92
32421,-4.3862,-1.5718,12.5169,1439,2991.92
32426,-2.9652,2.3463,8.2899,1463,2992.37
32431,2.4289,3.7733,9.7408,1437,2992.37
32436,0.8296,1.257,12.6055,1435,2992.37
32441,-4.288,-1.5993,12.5827,1439,2992.37
32446,-3.049,2.3487,8.3306,1447,2991.92
32451,2.393,3.7816,9.7037,1437,2991.92
32456,0.9266,1.3491,12.5839,1435,2991.92
32461,-4.2737,-1.6448,12.6294,1445,2991.92
32466,-3.1603,2.2637,8.3486,1463,2992.97
32471,2.4193,3.7625,9.6786,1437,2992.97
32476,2.4612,2.2374,11.9782,1437,2992.97
32481,-3.2753,-1.6747,13.1789,1446,2992.97
32486,-3.2908,2.2613,8.4036,1447,2992.67
32491,1.9944,3.5422,9.1051,1435,2992.67
32496,2.5402,2.3128,11.9231,1435,2992.67
32501,-3.2489,-1.658,13.2423,1445,2992.67
32506,-4.8722,1.8938,9.2093,1447,2992.82
32511,1.9525,3.5279,9.0728,1435,2992.82
32516,2.5989,2.3499,11.9315,1437,2992.82
32521,-3.2226,-1.6137,13.2435,1443,2992.82
32526,-4.9213,1.8615,9.2763,1463,2993.41
32531,1.962,3.5374,9.0872,1434,2993.41
32536,2.6205,2.4026,11.9483,1440,2993.41
32541,-3.1603,-1.5814,13.2304,1437,2993.41
32546,-4.9979,1.8423,9.2344,1453,2992.52
32551,1.8794,3.4967,9.0297,1436,2992.52
32556,2.733,2.3762,11.9052,1439,2992.52
32561,-3.0658,-1.4976,13.2603,1443,2992.52
32566,-5.0494,1.8016,9.3051,1461,2993.41
32571,1.9429,3.4836,9.0537,1433,2993.41
32576,2.8347,2.4505,11.8333,1437,2993.41
32581,-3.0526,-1.5359,13.3357,1439,2993.41
32586,-5.0757,1.7633,9.3494,1463,2992.67
32591,1.9836,3.4728,8.9866,1431,2992.67
32596,2.8706,2.5211,11.8214,1438,2992.67
32601,-2.9628,-1.5107,13.2663,1435,2992.67
32606,-5.0685,1.7274,9.3302,1467,2992.07
32611,1.8914,3.4213,8.8933,1433,2992.07
32616,2.8994,2.5319,11.7483,1443,2992.07
32621,-2.9532,-1.5239,13.2711,1433,2992.07
32626,-5.1535,1.6795,9.4535,1469,2992.07
32631,1.8974,3.3986,8.8729,1435,2992.07
32636,2.9209,2.5702,11.7232,1445,2992.07
32641,-2.8766,-1.5251,13.2938,1432,2992.07
32646,-5.2086,1.6652,9.4487,1465,2991.92
32651,1.8423,3.371,8.8873,1433,2991.92
32656,2.9449,2.6408,11.7268,1446,2991.92
32661,-2.8491,-1.5239,13.3668,1431,2991.92
32666,-5.2433,1.6484,9.5002,1452,2991.47
32671,1.7945,3.3962,8.8478,1433,2991.47
32676,2.9353,2.642,11.716,1445,2991.47
32681,-2.8108,-1.4497,13.3848,1432,2991.47
32686,-5.2936,1.5754,9.5409,1451,2992.22
32691,1.7921,3.3878,8.8609,1435,2992.22
32696,2.9784,2.6887,11.6753,1445,2992.22
32701,-2.7222,-1.4868,13.3549,1433,2992.22
32706,-5.3331,1.5502,9.6079,1445,2992.22
32711,1.7334,3.3758,8.7999,1434,2992.22
32716,3.0227,2.7904,11.6406,1443,2992.22
32721,-2.727,-1.3719,13.3704,1432,2992.22
32726,-5.3582,1.5455,9.6869,1437,2992.22
32731,1.7418,3.3591,8.8071,1445,2992.37
32736,3.0598,2.8096,11.6059,1443,2992.37
32741,-2.6384,-1.3563,13.4219,1433,2992.37
32746,-5.3941,1.4641,9.7025,1438,2992.37
32751,1.7107,3.3627,8.7664,1444,2992.37
32756,3.1472,2.8623,11.4994,1439,2992.37
32761,-2.5355,-1.3096,13.3716,1432,2992.37
32766,-5.4492,1.4557,9.7767,1435,2992.37
32771,1.6807,3.3854,8.7448,1445,2992.22
32776,3.1675,2.9078,11.4994,1443,2992.22
32781,-2.4924,-1.2833,13.4363,1436,2992.22
32786,-5.4708,1.403,9.7683,1433,2992.22
32791,1.6676,3.2956,8.7101,1446,2992.22
32796,3.2406,2.9018,11.4467,1436,2992.22
32801,-2.4912,-1.2534,13.3944,1433,2992.22
32806,-5.4719,1.3491,9.8869,1437,2992.22
32811,1.6221,3.2872,8.6754,1449,2991.77
32816,3.2202,2.9329,11.4144,1436,2991.77
32821,-2.4553,-1.2151,13.4207,1429,2991.77
32826,-5.5569,1.3096,9.8569,1436,2991.77
32831,1.5718,3.2322,8.6503,1450,2992.07
32836,3.2417,2.9377,11.4359,1435,2992.07
32841,-2.4014,-1.2031,13.4159,1433,2992.07
32846,-5.5869,1.2414,9.9407,1435,2992.07
32851,1.5143,3.2932,8.6598,1448,2991.62
32856,3.2022,3.0418,11.3473,1437,2991.62
32861,-2.3008,-1.1863,13.4614,1433,2991.62
32866,-5.6383,1.2031,9.9886,1440,2991.62
32871,1.4664,3.2034,8.5617,1449,2991.77
32876,3.2585,3.0119,11.2994,1443,2991.77
32881,-2.3176,-1.1217,13.4434,1433,2991.77
32886,-5.6252,1.2294,10.0748,1443,2991.77
32891,1.4162,3.2741,8.5808,1447,2991.77
32896,3.2884,3.1173,11.3126,1439,2991.77
32901,-2.2984,-1.0678,13.4865,1432,2991.77
32906,-5.6599,1.1528,10.1215,1447,2991.77
32911,1.3779,3.225,8.5389,1448,2992.22
32916,3.2896,3.1161,11.2911,1439,2992.22
32921,-2.1823,-1.0199,13.5284,1431,2992.22
32926,-5.6587,1.1408,10.2089,1447,2992.22
32931,1.3719,3.2549,8.5018,1439,2992.52
32936,3.3447,3.1735,11.1666,1439,2992.52
32941,-2.1572,-0.9373,13.4806,1433,2992.52
32946,-5.6958,1.0355,10.2053,1445,2992.52
32951,1.3096,3.2166,8.5186,1446,2992.82
32956,3.3495,3.1627,11.1797,1438,2992.82
32961,-2.0722,-0.9457,13.4602,1433,2992.82
32966,-5.6527,0.9744,10.2208,1447,2992.82
32971,1.3024,3.2358,8.4743,1446,2992.67
32976,3.3543,3.2477,11.1199,1436,2992.67
32981,-2.0518,-0.8799,13.5105,1426,2992.67
32986,-5.6802,0.917,10.3022,1447,2992.67
32991,1.2282,3.1304,8.4144,1447,2992.67
32996,3.3351,3.237,11.1282,1434,2992.67
33001,-1.9932,-0.8739,13.4698,1434,2992.67
33006,-5.7066,0.8942,10.2879,1446,2992.67
33011,1.1744,3.1603,8.3893,1447,2992.52
33016,3.3579,3.2537,11.1055,1437,2992.52
33021,-1.9465,-0.8224,13.5129,1431,2992.52
33026,-5.7126,0.8308,10.3729,1447,2992.52
33031,1.1337,3.1101,8.4096,1447,2992.37
33036,3.3315,3.2645,11.0349,1435,2992.37
33041,-1.9477,-0.8212,13.477,1427,2992.37
33046,-5.7533,0.7685,10.392,1447,2992.37
33051,1.0642,3.1244,8.412,1447,2992.52
33056,3.3315,3.2848,11.1151,1437,2992.52
33061,-1.8675,-0.7949,13.5069,1433,2992.52
33066,-5.7329,0.7913,10.4256,1447,2992.52
33071,1.0355,3.0981,8.3606,1447,2992.37
33076,3.3148,3.3471,11.0696,1435,2992.37
33081,-1.8364,-0.7159,13.4782,1433,2992.37
33086,-5.7473,0.7111,10.4938,1445,2992.37
33091,1.002,3.0718,8.3498,1449,2992.22
33096,3.3387,3.3818,11.0073,1432,2992.22
33101,-1.81,-0.6883,13.5129,1433,2992.22
33106,-5.7664,0.6632,10.5405,1444,2992.22
33111,0.929,3.0825,8.248,1447,2992.22
33116,3.3208,3.4165,10.9535,1436,2992.22
33121,-1.7286,-0.6237,13.4231,1435,2992.22
33126,-5.7413,0.5997,10.6015,1443,2992.22
33131,0.8487,3.0825,8.3306,1445,2992.52
33136,3.3555,3.4608,10.9331,1435,2992.52
33141,-1.6592,-0.5626,13.465,1435,2992.52
33146,-5.7473,0.571,10.6674,1440,2992.52
33151,0.838,3.067,8.2995,1449,2992.97
33156,3.3567,3.4991,10.8134,1433,2992.97
33161,-1.6723,-0.5291,13.4638,1435,2992.97
33166,-5.7341,0.5148,10.7021,1437,2992.97
33171,0.7638,3.0825,8.2289,1451,2993.12
33176,3.3447,3.5303,10.8302,1435,2993.12
33181,-1.6089,-0.5112,13.447,1435,2993.12
33186,-5.7293,0.4214,10.6973,1433,2993.12
33191,0.7266,2.9664,8.1726,1447,2993.41
33196,3.3208,3.5183,10.7943,1437,2993.41
33201,-1.5957,-0.5004,13.5225,1437,2993.41
33206,-5.7042,0.4106,10.7871,1435,2993.41
33211,0.6752,3.0131,8.2193,1448,2993.27
33216,3.3076,3.5542,10.8098,1435,2993.27
33221,-1.5646,-0.4238,13.4518,1437,2993.27
33226,-5.7401,0.3412,10.829,1434,2993.27
33231,0.5986,2.9568,8.1798,1447,2993.27
33236,3.286,3.5183,10.8505,1439,2993.27
33241,-1.5143,-0.4298,13.453,1432,2993.27
33246,-5.7257,0.2969,10.8721,1432,2993.27
33251,0.5411,2.9796,8.1702,1447,2993.27
33256,3.2944,3.5362,10.6937,1436,2993.27
33261,-1.506,-0.3974,13.4387,1435,2993.27
33266,-5.7616,0.2406,10.8888,1438,2993.27
33271,0.4729,2.9497,8.1511,1447,2993.27
33276,3.2142,3.5554,10.7105,1439,2993.27
33281,-1.5251,-0.3723,13.4482,1435,2993.27
33286,-5.7102,0.2729,10.9463,1437,2993.27
33291,0.4345,2.9018,8.1391,1445,2993.71
33296,3.2358,3.5662,10.7655,1437,2993.71
33301,-1.4844,-0.328,13.5165,1435,2993.71
33306,-5.709,0.2286,10.9774,1437,2993.71
33311,0.395,2.9209,8.0984,1451,2993.56
33316,3.2262,3.6488,10.7033,1436,2993.56
33321,-1.4269,-0.3316,13.4578,1433,2993.56
33326,-5.7042,0.1221,11.0026,1417,2993.56
33331,0.3555,2.9197,8.0984,1446,2993.71
33336,3.2322,3.6188,10.6745,1438,2993.71
33341,-1.4341,-0.2107,13.4782,1433,2993.71
33346,-5.6491,0.1245,11.0349,1437,2993.71
33351,0.2957,2.9939,8.1235,1445,2993.86
33356,3.2489,3.6727,10.6386,1437,2993.86
33361,-1.3503,-0.2239,13.4303,1431,2993.86
33366,-5.6467,0.0694,11.0373,1437,2993.86
33371,0.2705,2.9233,8.1247,1447,2994.01
33376,3.1963,3.6308,10.6338,1437,2994.01
33381,-1.2809,-0.243,13.4865,1430,2994.01
33386,-5.6324,0.0048,11.1175,1449,2994.01
33391,0.231,2.9054,8.017,1447,2994.16
33396,3.1855,3.7026,10.5548,1444,2994.16
33401,-1.2869,-0.1676,13.4255,1431,2994.16
33406,-5.6144,-0.0826,11.1055,1438,2994.16
33411,0.1796,2.8479,8.0864,1445,2994.16
33416,3.1699,3.6943,10.6027,1447,2994.16
33421,-1.2402,-0.1425,13.3968,1445,2994.16
33426,-5.5785,-0.091,11.2108,1435,2994.16
33431,0.1113,2.8359,8.0457,1451,2994.16
33436,3.1855,3.6404,10.4926,1443,2994.16
33441,-1.1768,-0.1353,13.3608,1433,2994.16
33446,-5.6563,-0.1508,11.1785,1437,2994.16
33451,0.0371,2.8754,8.0816,1453,2994.01
33456,3.128,3.6847,10.5644,1433,2994.01
33461,-1.2091,-0.0611,13.4159,1435,2994.01
33466,-5.6515,-0.1652,11.2073,1435,2994.01
33471,-0.0467,2.7892,8.0828,1448,2993.86
33476,3.0813,3.7194,10.507,1445,2993.86
33481,-1.1923,-0.0622,13.3644,1434,2993.86
33486,-5.6778,-0.1796,11.2803,1437,2993.86
33491,-0.1173,2.8587,8.0361,1451,2993.71
33496,3.1089,3.7266,10.489,1443,2993.71
33501,-1.1779,-0.0036,13.3166,1432,2993.71
33506,-5.6108,-0.2071,11.2827,1435,2993.71
33511,-0.1233,2.8012,8.0433,1451,2993.71
33516,3.0562,3.7254,10.4914,1443,2993.71
33521,-1.1827,-0.0192,13.3417,1439,2993.71
33526,-5.5534,-0.2215,11.3521,1437,2993.71
33531,-0.1748,2.8647,8.0278,1453,2994.01
33536,3.049,3.7864,10.4591,1439,2994.01
33541,-1.0965,0.0443,13.3489,1435,2994.01
33546,-5.5043,-0.2634,11.3844,1439,2994.01
33551,-0.2658,2.8599,8.0721,1469,2994.01
33556,3.0574,3.7685,10.4244,1437,2994.01
33561,-1.0834,0.0646,13.3716,1433,2994.01
33566,-5.5162,-0.3077,11.388,1435,2994.01
33571,-0.31,2.8108,7.9883,1454,2993.27
33576,3.0861,3.8044,10.4639,1437,2993.27
33581,-0.9864,0.1173,13.3201,1429,2993.27
33586,-5.4396,-0.401,11.3976,1436,2993.27
33591,-0.3735,2.739,8.0062,1453,2992.97
33596,2.9999,3.7864,10.4016,1435,2992.97
33601,-1.0044,0.1365,13.3417,1433,2992.97
33606,-5.436,-0.4752,11.4634,1437,2992.97
33611,-0.4345,2.7497,8.0074,1449,2992.97
33616,2.9856,3.7864,10.3657,1437,2992.97
33621,-0.9122,0.158,13.2148,1432,2992.97
33626,-5.4241,-0.5507,11.5113,1437,2992.97
33631,-0.5219,2.7019,7.9895,1451,2993.12
33636,2.9125,3.7709,10.3609,1437,2993.12
33641,-0.8894,0.2047,13.2627,1427,2993.12
33646,-5.4013,-0.6009,11.5616,1437,2993.12
33651,-0.5997,2.6983,7.9966,1455,2993.41
33656,2.9221,3.7912,10.3011,1438,2993.41
33661,-0.844,0.1736,13.2866,1427,2993.41
33666,-5.4636,-0.5902,11.6789,1437,2993.41
33671,-0.7159,2.7126,8.0589,1452,2993.56
33676,2.8838,3.79,10.3274,1439,2993.56
33681,-0.8679,0.2813,13.2663,1429,2993.56
33686,-5.4001,-0.6201,11.558,1449,2993.56
33691,-0.735,2.6923,8.0278,1451,2993.41
33696,2.9113,3.8295,10.325,1437,2993.41
33701,-0.7781,0.3124,13.2675,1428,2993.41
33706,-5.3834,-0.6189,11.6753,1437,2993.41
33711,-0.7937,2.7114,8.0852,1449,2993.56
33716,2.8862,3.8762,10.3202,1439,2993.56
33721,-0.8033,0.3268,13.2483,1431,2993.56
33726,-5.3474,-0.656,11.7256,1439,2993.56
33731,-0.8452,2.7234,8.0194,1449,2993.27
33736,2.8838,3.8738,10.24,1435,2993.27
33741,-0.7482,0.3795,13.2531,1429,2993.27
33746,-5.2984,-0.6955,11.7232,1439,2993.27
33751,-0.8703,2.7174,7.9847,1453,2993.41
33756,2.8814,3.8571,10.2185,1436,2993.41
33761,-0.6895,0.3938,13.1956,1427,2993.41
33766,-5.2577,-0.7446,11.7053,1438,2993.41
33771,-0.9936,2.6971,8.0038,1453,2993.27
33776,2.8671,3.8726,10.2292,1439,2993.27
33781,-0.6261,0.4202,13.2268,1432,2993.27
33786,-5.1751,-0.7949,11.8082,1439,2993.27
33791,-1.0774,2.6456,7.9918,1439,2993.41
33796,2.8383,3.8367,10.1682,1439,2993.41
33801,-0.5567,0.4298,13.1214,1425,2993.41
33806,-5.1834,-0.8918,11.819,1437,2993.41
33811,-1.1277,2.5786,7.9895,1460,2993.27
33816,2.7737,3.8559,10.1574,1439,2993.27
33821,-0.5231,0.4417,13.1621,1435,2993.27
33826,-5.1595,-0.9409,11.8405,1437,2993.27
33831,-1.2115,2.5762,7.9942,1437,2993.27
33836,2.7354,3.8211,10.094,1431,2993.27
33841,-0.498,0.4681,13.1693,1431,2993.27
33846,-5.1404,-0.9469,11.9004,1443,2993.27
33851,-1.3683,2.6073,8.0002,1455,2993.27
33856,2.7354,3.8523,10.143,1442,2993.27
33861,-0.4549,0.5471,13.1382,1435,2993.27
33866,-5.1691,-1.0104,11.9147,1439,2993.27
33871,-1.3803,2.5941,8.0313,1455,2992.67
33876,2.745,3.8774,10.1263,1437,2992.67
33881,-0.4537,0.5076,13.1825,1431,2992.67
33886,-5.1248,-1.0151,11.9938,1443,2992.67
33891,-1.4569,2.5869,8.023,1459,2993.71
33896,2.6851,3.9145,10.1562,1440,2993.71
33901,-0.4549,0.6345,13.1274,1432,2993.71
33906,-5.1044,-1.0211,12.0093,1444,2993.71
33911,-1.5143,2.557,8.1211,1465,2993.56
33916,2.7138,3.9468,10.1119,1437,2993.56
33921,-0.3424,0.656,13.0939,1433,2993.56
33926,-5.0961,-1.0463,11.9782,1433,2993.56
33931,-1.5886,2.6061,7.999,1461,2994.01
33936,2.727,3.8894,10.0533,1439,2994.01
33941,-0.3005,0.6967,13.0771,1433,2994.01
33946,-5.0123,-1.1013,12.0644,1439,2994.01
33951,-1.6376,2.5869,8.0613,1463,2994.46
33956,2.6516,3.8798,10.0485,1443,2994.46
33961,-0.1963,0.6871,13.0807,1435,2994.46
33966,-4.9692,-1.1109,12.0225,1438,2994.46
33971,-1.7166,2.5402,8.1116,1464,2995.06
33976,2.7043,3.9121,10.009,1439,2995.06
33981,-0.1867,0.6955,13.0412,1438,2995.06
33986,-4.9488,-1.1492,12.0716,1437,2995.06
33991,-1.7549,2.5343,8.0876,1461,2995.66
33996,2.6683,3.8152,10.0066,1435,2995.66
34001,-0.1065,0.6704,12.9646,1435,2995.66
34006,-4.8782,-1.1839,12.1015,1437,2995.66
34011,-1.7957,2.545,8.0553,1456,2996.1
34016,2.6384,3.8427,9.9707,1435,2996.1
34021,-0.0371,0.7159,13.0077,1434,2996.1
34026,-4.9428,-1.2558,12.1386,1437,2996.1
34031,-1.8423,2.5139,8.0613,1463,2996.25
34036,2.575,3.8355,10.0054,1435,2996.25
34041,-0.079,0.741,12.9969,1436,2996.25
34046,-4.9153,-1.2677,12.0895,1436,2996.25
34051,-1.9381,2.5211,8.0553,1461,2996.25
34056,2.5893,3.8511,9.9228,1435,2996.25
34061,-0.0227,0.7733,13.0209,1437,2996.25
34066,-4.9955,-1.2402,12.1769,1435,2996.25
34071,-1.9453,2.5079,8.0158,1461,2995.96
34076,2.6228,3.8918,9.9826,1433,2995.96
34081,-0.0503,0.7889,13.0197,1439,2995.96
34086,-4.9536,-1.245,12.226,1433,2995.96
34091,-2.0219,2.5067,8.078,1461,2995.66
34096,2.6121,3.9121,9.9898,1435,2995.66
34101,-0.1197,0.8368,13.0209,1435,2995.66
34106,-4.9117,-1.2234,12.2679,1431,2995.66
34111,-2.0147,2.5115,8.1128,1450,2995.06
34116,2.6061,3.9289,9.9623,1438,2995.06
34121,0.0084,0.8511,12.9766,1435,2995.06
34126,-4.8782,-1.2438,12.1997,1433,2995.06
34131,-2.0746,2.5259,8.0457,1461,2995.21
34136,2.6001,3.9097,9.9192,1435,2995.21
34141,0.0132,0.9218,12.9443,1437,2995.21
34146,-4.8303,-1.2534,12.2296,1436,2995.21
34151,-2.065,2.5211,8.1271,1456,2995.36
34156,2.5989,3.9145,9.9264,1436,2995.36
34161,0.103,0.899,12.9502,1437,2995.36
34166,-4.7908,-1.3336,12.2344,1433,2995.36
34171,-2.1452,2.484,8.0804,1456,2995.81
34176,2.6252,3.8762,9.9024,1434,2995.81
34181,0.1832,0.8775,12.8952,1439,2995.81
34186,-4.7597,-1.3216,12.2679,1435,2995.81
34191,-2.1787,2.4696,8.1128,1463,2996.25
34196,2.5833,3.8283,9.8785,1437,2996.25
34201,0.176,0.8918,12.8976,1436,2996.25
34206,-4.7369,-1.4006,12.3014,1435,2996.25
34211,-2.2158,2.46,8.0828,1455,2996.7
34216,2.5367,3.8259,9.8617,1435,2996.7
34221,0.2765,0.9038,12.8928,1437,2996.7
34226,-4.7681,-1.4006,12.2918,1436,2996.7
34231,-2.2458,2.4421,8.0732,1455,2996.85
34236,2.5091,3.8152,9.8964,1437,2996.85
34241,0.2322,0.8835,12.9371,1437,2996.85
34246,-4.7549,-1.4425,12.3182,1437,2996.85
34251,-2.3308,2.4337,8.163,1459,2996.7
34256,2.484,3.7972,9.8474,1434,2996.7
34261,0.2346,0.917,12.8964,1435,2996.7
34266,-4.8004,-1.3934,12.2954,1437,2996.7
34271,-2.4062,2.4732,8.1044,1461,2996.85
34276,2.5235,3.899,9.8749,1437,2996.85
34281,0.2993,0.9433,12.9395,1435,2996.85
34286,-4.7956,-1.3779,12.3505,1437,2996.85
34291,-2.4265,2.4457,8.1451,1459,2997.0
34296,2.5151,3.8618,9.8904,1438,2997.0
34301,0.261,0.9553,12.8437,1437,2997.0
34306,-4.7501,-1.3898,12.3744,1437,2997.0
34311,-2.399,2.49,8.1391,1463,2997.0
34316,2.5175,3.9037,9.8378,1439,2997.0
34321,0.328,1.0104,12.9179,1433,2997.0
34326,-4.7309,-1.4054,12.3816,1437,2997.0
34331,-2.4421,2.4744,8.1032,1465,2996.85
34336,2.5343,3.9492,9.8007,1440,2996.85
34341,0.3675,1.0379,12.8784,1433,2996.85
34346,-4.6723,-1.397,12.384,1436,2996.85
34351,-2.4744,2.4648,8.1331,1463,2996.7
34356,2.5367,3.8762,9.7923,1439,2996.7
34361,0.3962,1.0163,12.8605,1435,2996.7
34366,-4.616,-1.4605,12.3684,1436,2996.7
34371,-2.4816,2.4217,8.1391,1463,2996.85
34376,2.5426,3.8283,9.8162,1437,2996.85
34381,0.4441,1.0331,12.8377,1433,2996.85
34386,-4.6316,-1.4281,12.4139,1435,2996.85
34391,-2.5115,2.4493,8.1798,1451,2996.7
34396,2.5079,3.8571,9.7983,1437,2996.7
34401,0.4214,1.0163,12.7491,1433,2996.7
34406,-4.5502,-1.5275,12.4068,1435,2996.7
34411,-2.6001,2.3954,8.1139,1466,2996.7
34416,2.4684,3.8343,9.7959,1436,2996.7
34421,0.5028,1.0463,12.8389,1433,2996.7
34426,-4.5921,-1.4832,12.3936,1436,2996.7
34431,-2.624,2.4205,8.1618,1464,2996.7
34436,2.4612,3.8259,9.7923,1437,2996.7
34441,0.4717,1.081,12.8245,1432,2996.7
34446,-4.6208,-1.5071,12.4175,1435,2996.7
34451,-2.6252,2.381,8.1786,1461,2996.7
34456,2.4301,3.7804,9.8126,1436,2996.7
34461,0.4944,1.0965,12.8341,1432,2996.7
34466,-4.5849,-1.4653,12.4858,1435,2996.7
34471,-2.6803,2.4672,8.1977,1463,2996.55
34476,2.4325,3.8499,9.748,1445,2996.55
34481,0.5507,1.0989,12.8162,1431,2996.55
34486,-4.622,-1.4796,12.4618,1429,2996.55
34491,-2.7318,2.3942,8.2085,1461,2996.25
34496,2.411,3.8978,9.7815,1444,2996.25
34501,0.5339,1.1013,12.7838,1433,2996.25
34506,-4.5466,-1.4748,12.4977,1435,2996.25
34511,-2.7438,2.4229,8.1738,1461,2996.1
34516,2.4493,3.8822,9.7815,1443,2996.1
34521,0.6045,1.1205,12.8042,1433,2996.1
34526,-4.5322,-1.4664,12.56,1431,2996.1
34531,-2.7593,2.4181,8.1786,1453,2995.66
34536,2.4684,3.9014,9.7504,1444,2995.66
34541,0.6345,1.2258,12.797,1431,2995.66
34546,-4.476,-1.4904,12.4714,1432,2995.66
34551,-2.7857,2.4481,8.2576,1455,2995.51
34556,2.4983,3.8678,9.7264,1448,2995.51
34561,0.6704,1.136,12.7407,1432,2995.51
34566,-4.4221,-1.5526,12.5013,1433,2995.51
34571,-2.8802,2.3643,8.2157,1461,2995.51
34576,2.4517,3.8607,9.7001,1445,2995.51
34581,0.7985,1.2186,12.7,1433,2995.51
34586,-4.3874,-1.6221,12.5456,1432,2995.51
34591,-2.9113,2.3296,8.2217,1463,2995.66
34596,2.466,3.8044,9.6893,1443,2995.66
34601,0.7973,1.1971,12.6988,1433,2995.66
34606,-4.3754,-1.6005,12.5791,1432,2995.66
34611,-2.9365,2.32,8.2768,1456,2995.96
34616,2.4122,3.7577,9.7145,1443,2995.96
34621,0.8308,1.1851,12.651,1435,2995.96
34626,-4.3802,-1.6388,12.5564,1434,2995.96
34631,-3.0239,2.3607,8.2875,1460,2995.81
34636,2.375,3.7721,9.7516,1444,2995.81
34641,0.8176,1.2737,12.73,1433,2995.81
34646,-4.4233,-1.6161,12.615,1436,2995.81
34651,-3.0861,2.2984,8.3366,1461,2995.36
34656,2.3284,3.7625,9.6702,1439,2995.36
34661,0.8511,1.2438,12.6773,1433,2995.36
34666,-4.4053,-1.6017,12.572,1433,2995.36
34671,-3.1125,2.3451,8.3282,1467,2995.36
34676,2.3164,3.7948,9.7372,1440,2995.36
34681,0.9122,1.3216,12.6366,1437,2995.36
34686,-4.3934,-1.6173,12.6498,1431,2995.36
34691,-3.1436,2.3164,8.3378,1463,2994.91
34696,2.3343,3.7888,9.6965,1436,2994.91
34701,0.9062,1.3264,12.6043,1433,2994.91
34706,-4.3539,-1.585,12.7336,1435,2994.91
34711,-3.2417,2.3511,8.3917,1463,2994.46
34716,2.3188,3.8319,9.6642,1435,2994.46
34721,0.9397,1.3874,12.56,1435,2994.46
34726,-4.3036,-1.6149,12.6953,1436,2994.46
34731,-3.2825,2.3152,8.3522,1453,2994.16
34736,2.3559,3.8032,9.6163,1437,2994.16
34741,1.0858,1.3946,12.615,1433,2994.16
34746,-4.2533,-1.6376,12.6857,1433,2994.16
34751,-3.316,2.3511,8.4132,1461,2994.16
34756,2.3547,3.8427,9.56,1437,2994.16
34761,1.1205,1.4305,12.5576,1435,2994.16
34766,-4.1551,-1.652,12.6941,1436,2994.16
34771,-3.3926,2.2865,8.4108,1447,2993.27
34776,2.3415,3.7924,9.578,1439,2993.27
34781,1.2139,1.4664,12.5073,1436,2993.27
34786,-4.1444,-1.6747,12.73,1433,2993.27
34791,-3.4453,2.2541,8.4563,1446,2994.16
34796,2.3487,3.802,9.5589,1443,2994.16
34801,1.2474,1.5191,12.4714,1433,2994.16
34806,-4.0893,-1.7238,12.6893,1435,2994.16
34811,-3.5123,2.2206,8.4851,1455,2993.71
34816,2.2745,3.7397,9.578,1437,2993.71
34821,1.2989,1.5119,12.5037,1434,2993.71
34826,-4.0725,-1.7418,12.7814,1436,2993.71
34831,-3.6272,2.2266,8.4922,1464,2993.41
34836,2.2146,3.7194,9.5349,1443,2993.41
34841,1.3719,1.5658,12.4906,1435,2993.41
34846,-4.0582,-1.7681,12.7372,1436,2993.41
34851,-3.6931,2.2434,8.5365,1449,2993.41
34856,2.1967,3.7026,9.5289,1439,2993.41
34861,1.4174,1.5933,12.4451,1435,2993.41
34866,-4.0354,-1.7107,12.7934,1439,2993.41
34871,-3.7601,2.2075,8.5485,1463,2992.97
34876,2.1668,3.7278,9.505,1439,2992.97
34881,1.4341,1.6173,12.4463,1436,2992.97
34886,-3.9552,-1.7394,12.8509,1443,2992.97
34891,-3.8726,2.1835,8.6179,1451,2992.22
34896,2.1715,3.723,9.4439,1443,2992.22
34901,1.5299,1.6783,12.3816,1432,2992.22
34906,-3.948,-1.6879,12.8676,1439,2992.22
34911,-3.9145,2.2158,8.6754,1461,2991.77
34916,2.2039,3.7469,9.5409,1437,2991.77
34921,1.6209,1.7621,12.3708,1433,2991.77
34926,-3.8056,-1.7298,12.9215,1443,2991.77
34931,-3.9971,2.1871,8.7113,1447,2991.33
34936,2.2158,3.7206,9.4535,1449,2991.33
34941,1.7801,1.7585,12.378,1435,2991.33
34946,-3.7505,-1.7382,12.9,1439,2991.33
34951,-4.0426,2.1656,8.7173,1460,2990.73
34956,2.1967,3.7182,9.3793,1431,2990.73
34961,1.8184,1.816,12.311,1434,2990.73
34966,-3.6883,-1.7262,12.9826,1439,2990.73
34971,-4.118,2.1272,8.7903,1445,2990.73
34976,2.1919,3.6691,9.3218,1435,2990.73
34981,1.9058,1.834,12.238,1435,2990.73
34986,-3.6093,-1.7478,13.0053,1435,2990.73
34991,-4.2054,2.0806,8.8071,1463,2990.43
34996,2.1895,3.6547,9.329,1433,2990.43
35001,2.0039,1.895,12.2475,1437,2990.43
35006,-3.5733,-1.7633,12.9538,1437,2990.43
35011,-4.3323,2.0722,8.8406,1451,2990.73
35016,2.1093,3.5997,9.3087,1435,2990.73
35021,2.0674,1.9273,12.1506,1437,2990.73
35026,-3.5123,-1.7825,12.9873,1435,2990.73
35031,-4.3886,2.0303,8.9052,1467,2990.58
35036,2.0674,3.6224,9.2943,1433,2990.58
35041,2.1584,2.0303,12.1661,1438,2990.58
35046,-3.4668,-1.7765,13.0017,1437,2990.58
35051,-4.549,2.0123,8.9627,1464,2990.13
35056,2.0387,3.5745,9.1949,1434,2990.13
35061,2.2374,2.1045,12.0979,1445,2990.13
35066,-3.4189,-1.7083,13.1142,1433,2990.13
35071,-4.6471,2.0111,9.0561,1451,2990.28
35076,2.0243,3.5889,9.2237,1433,2990.28
35081,2.2853,2.1703,12.0847,1445,2990.28
35086,-3.3531,-1.7035,13.0975,1431,2990.28
35091,-4.689,1.9345,9.0477,1465,2989.39
35096,2.0063,3.5243,9.1997,1435,2989.39
35101,2.4205,2.2027,12.0297,1439,2989.39
35106,-3.3028,-1.6532,13.1466,1429,2989.39
35111,-4.7573,1.9549,9.1231,1445,2989.09
35116,1.9297,3.5506,9.1602,1435,2989.09
35121,2.4217,2.2877,11.9878,1445,2989.09
35126,-3.2034,-1.6137,13.0807,1431,2989.09
35131,-4.8219,1.8818,9.1686,1440,2988.94
35136,1.9668,3.541,9.1494,1439,2988.94
35141,2.563,2.3236,11.9495,1443,2988.94
35146,-3.0718,-1.5957,13.2328,1435,2988.94
35151,-4.9105,1.8735,9.2488,1437,2988.94
35156,1.9788,3.5434,9.0956,1445,2990.28
35161,2.6923,2.3655,11.8465,1439,2990.28
35166,-3.0287,-1.5862,13.1681,1434,2990.28
35171,-4.9967,1.7897,9.2608,1432,2990.28
35176,1.9142,3.4907,9.0477,1439,2989.54
35181,2.7306,2.4038,11.8561,1435,2989.54
35186,-2.976,-1.561,13.2304,1429,2989.54
35191,-5.0661,1.7334,9.329,1433,2989.54
35196,1.8866,3.4895,8.9711,1449,2987.9
35201,2.8359,2.5067,11.7376,1433,2987.9
35206,-2.9018,-1.5646,13.2292,1429,2987.9
35211,-5.1487,1.7095,9.505,1432,2987.9
35216,1.8364,3.3746,9.0297,1447,2986.86
35221,2.8647,2.5402,11.734,1435,2986.86
35226,-2.8192,-1.5395,13.1921,1435,2986.86
35231,-5.2313,1.6496,9.5146,1439,2986.86
35236,1.804,3.4201,8.9687,1446,2986.26
35241,2.8898,2.648,11.6729,1438,2986.26
35246,-2.6983,-1.4545,13.2292,1433,2986.26
35251,-5.284,1.567,9.6091,1445,2986.26
35256,1.737,3.3794,8.9543,1445,2985.97
35261,2.9676,2.7366,11.6155,1439,2985.97
35266,-2.6097,-1.4102,13.3094,1431,2985.97
35271,-5.3917,1.5167,9.6618,1447,2985.97
35276,1.7262,3.3926,8.8526,1445,2985.67
35281,3.037,2.8168,11.5712,1444,2985.67
35286,-2.5414,-1.3168,13.3465,1439,2985.67
35291,-5.3941,1.4653,9.8055,1445,2985.67
35296,1.6245,3.3363,8.7867,1440,2985.22
35301,3.1029,2.8982,11.4467,1437,2985.22
35306,-2.4612,-1.2175,13.3154,1431,2985.22
35311,-5.4875,1.3767,9.8485,1445,2985.22
35316,1.561,3.3255,8.7352,1445,2985.22
35321,3.1568,2.9497,11.4096,1437,2985.22
35326,-2.3391,-1.1528,13.3501,1431,2985.22
35331,-5.4875,1.2366,9.9264,1445,2985.22
35336,1.482,3.2992,8.6347,1444,2985.07
35341,3.1807,3.0382,11.3605,1435,2985.07
35346,-2.1943,-1.1169,13.3716,1435,2985.07
35351,-5.5318,1.1492,10.0209,1443,2985.07
35356,1.3815,3.2489,8.661,1446,2985.22
35361,3.2298,3.1244,11.2839,1431,2985.22
35366,-2.1069,-1.0223,13.3417,1433,2985.22
35371,-5.6096,1.0307,10.143,1443,2985.22
35376,1.3276,3.1675,8.5557,1446,2985.07
35381,3.2441,3.1137,11.2156,1434,2985.07
35386,-2.0458,-0.9876,13.3261,1433,2985.07
35391,-5.6168,0.9026,10.222,1435,2985.07
35396,1.1995,3.1675,8.5281,1448,2985.37
35401,3.2741,3.207,11.1797,1437,2985.37
35406,-1.9261,-0.8691,13.3632,1432,2985.37
35411,-5.6599,0.9062,10.2472,1435,2985.37
35416,1.1504,3.1208,8.4587,1447,2985.22
35421,3.225,3.2645,11.163,1434,2985.22
35426,-1.9429,-0.8356,13.392,1433,2985.22
35431,-5.6695,0.7949,10.4016,1435,2985.22
35436,1.0678,3.134,8.4396,1447,2985.52
35441,3.231,3.3698,11.0708,1439,2985.52
35446,-1.8699,-0.7685,13.3525,1433,2985.52
35451,-5.6982,0.7063,10.5261,1435,2985.52
35456,0.9529,3.1149,8.3989,1444,2985.67
35461,3.2262,3.4153,11.0097,1435,2985.67
35466,-1.7418,-0.644,13.4099,1433,2985.67
35471,-5.7317,0.6404,10.5848,1436,2985.67
35476,0.8679,3.1268,8.3474,1443,2986.26
35481,3.2034,3.474,10.9463,1437,2986.26
35486,-1.6903,-0.5303,13.3716,1432,2986.26
35491,-5.679,0.4896,10.6853,1427,2986.26
35496,0.7973,3.0155,8.327,1447,2986.11
35501,3.219,3.5051,10.8781,1440,2986.11
35506,-1.6508,-0.4872,13.4075,1431,2986.11
35511,-5.6778,0.4022,10.738,1437,2986.11
35516,0.6428,2.9928,8.2229,1453,2985.97
35521,3.231,3.5745,10.811,1432,2985.97
35526,-1.4844,-0.4106,13.3668,1433,2985.97
35531,-5.6144,0.2861,10.8194,1435,2985.97
35536,0.5375,2.9712,8.2636,1453,2985.82
35541,3.1663,3.5841,10.8086,1444,2985.82
35546,-1.4449,-0.2945,13.3058,1434,2985.82
35551,-5.6072,0.1688,10.9164,1435,2985.82
35556,0.4393,2.9521,8.1965,1453,2985.52
35561,3.1687,3.6272,10.6829,1431,2985.52
35566,-1.3563,-0.2454,13.3225,1433,2985.52
35571,-5.5964,0.067,11.0217,1432,2985.52
35576,0.2478,2.897,8.2097,1454,2985.52
35581,3.0909,3.644,10.6793,1433,2985.52
35586,-1.3156,-0.1879,13.2986,1432,2985.52
35591,-5.5641,-0.0634,11.0576,1435,2985.52
35596,0.1568,2.8623,8.1475,1453,2985.52
35601,3.0861,3.6966,10.6662,1437,2985.52
35606,-1.2989,-0.097,13.2998,1427,2985.52
35611,-5.527,-0.1137,11.2132,1437,2985.52
35616,-0.0419,2.7952,8.1523,1451,2985.37
35621,3.0358,3.717,10.5656,1437,2985.37
35626,-1.2055,-0.0443,13.2495,1429,2985.37
35631,-5.5103,-0.2083,11.2791,1438,2985.37
35636,-0.1317,2.8108,8.0912,1455,2985.52
35641,2.9951,3.7529,10.5752,1443,2985.52
35646,-1.1504,0.0754,13.301,1432,2985.52
35651,-5.4372,-0.2957,11.4227,1437,2985.52
35656,-0.2646,2.806,8.0852,1459,2985.67
35661,2.9748,3.7709,10.5189,1436,2985.67
35666,-1.081,0.1077,13.2806,1432,2985.67
35671,-5.4037,-0.3998,11.4371,1439,2985.67
35676,-0.4357,2.8299,8.1139,1453,2985.82
35681,2.9413,3.8583,10.4615,1437,2985.82
35686,-0.9816,0.2418,13.2507,1431,2985.82
35691,-5.3211,-0.4896,11.4383,1440,2985.82
35696,-0.565,2.7701,8.0385,1452,2985.52
35701,2.8706,3.8271,10.3633,1437,2985.52
35706,-0.838,0.2741,13.2232,1435,2985.52
35711,-5.2433,-0.6201,11.5556,1443,2985.52
35716,-0.7649,2.7019,8.0661,1465,2985.37
35721,2.8635,3.8188,10.3741,1435,2985.37
35726,-0.7506,0.3448,13.1478,1432,2985.37
35731,-5.2194,-0.7649,11.6262,1443,2985.37
35736,-0.8715,2.6444,8.0122,1460,2985.37
35741,2.8072,3.8618,10.2759,1435,2985.37
35746,-0.6764,0.4166,13.0915,1445,2985.37
35751,-5.1392,-0.8799,11.7771,1437,2985.37
35756,-1.057,2.6097,8.0697,1461,2985.37
35761,2.7426,3.8259,10.2819,1437,2985.37
35766,-0.5806,0.4489,13.0867,1439,2985.37
35771,-5.1128,-0.9182,11.7962,1439,2985.37
35776,-1.2582,2.5869,8.0361,1460,2985.52
35781,2.6767,3.8343,10.2388,1435,2985.52
35786,-0.4944,0.5064,13.0508,1437,2985.52
35791,-5.102,-1.0116,11.8932,1435,2985.52
35796,-1.3934,2.5857,8.0804,1462,2985.52
35801,2.6432,3.8954,10.1969,1433,2985.52
35806,-0.4381,0.5997,13.0532,1437,2985.52
35811,-5.0326,-1.0738,11.9351,1435,2985.52
35816,-1.5838,2.5654,8.0852,1461,2985.82
35821,2.5989,3.8738,10.1945,1439,2985.82
35826,-0.3029,0.7207,12.9766,1439,2985.82
35831,-4.9368,-1.1181,12.0811,1435,2985.82
35836,-1.7238,2.551,8.1175,1451,2985.67
35841,2.63,3.9073,10.1131,1436,2985.67
35846,-0.176,0.7913,12.9514,1433,2985.67
35851,-4.8842,-1.148,12.1338,1439,2985.67
35856,-1.883,2.5259,8.0924,1461,2985.97
35861,2.5917,3.9241,10.0688,1445,2985.97
35866,-0.0994,0.8487,12.9299,1433,2985.97
35871,-4.7501,-1.2186,12.159,1437,2985.97
35876,-2.0375,2.484,8.1008,1461,2985.82
35881,2.5187,3.8714,10.0437,1444,2985.82
35886,0.0658,0.9038,12.9,1432,2985.82
35891,-4.707,-1.3204,12.2284,1435,2985.82
35896,-2.2146,2.4696,8.1415,1462,2985.97
35901,2.5259,3.8463,9.9551,1437,2985.97
35906,0.1748,0.9194,12.8126,1432,2985.97
35911,-4.5765,-1.4305,12.2667,1435,2985.97
35916,-2.3463,2.4253,8.1666,1463,2985.97
35921,2.4505,3.8367,9.9551,1445,2985.97
35926,0.3268,1.0056,12.7252,1433,2985.97
35931,-4.5215,-1.4473,12.3134,1433,2985.97
35936,-2.5343,2.4062,8.2301,1463,2986.26
35941,2.393,3.7541,9.9144,1438,2986.26
35946,0.3843,1.0546,12.7707,1433,2986.26
35951,-4.5119,-1.5335,12.3768,1435,2986.26
35956,-2.7222,2.3631,8.254,1447,2986.11
35961,2.3918,3.7924,9.845,1435,2986.11
35966,0.5483,1.1432,12.7276,1435,2986.11
35971,-4.4436,-1.5395,12.4546,1435,2986.11
35976,-2.8718,2.3978,8.3306,1463,2986.26
35981,2.332,3.796,9.8605,1443,2986.26
35986,0.6812,1.2222,12.6773,1436,2986.26
35991,-4.373,-1.5826,12.5037,1435,2986.26
35996,-3.0502,2.3643,8.3282,1461,2987.01
36001,2.3236,3.8355,9.7863,1437,2987.01
36006,0.7949,1.2953,12.6103,1435,2987.01
36011,-4.276,-1.573,12.6127,1437,2987.01
36016,-3.2334,2.3152,8.4084,1439,2986.41
36021,2.3571,3.8642,9.7492,1440,2986.41
36026,0.9637,1.4114,12.5253,1433,2986.41
36031,-4.1599,-1.6448,12.639,1439,2986.41
36036,-3.3483,2.3044,8.4803,1449,2986.41
36041,2.3284,3.8259,9.7217,1437,2986.41
36046,1.1779,1.4832,12.5324,1433,2986.41
36051,-4.0677,-1.664,12.6893,1443,2986.41
36056,-3.4632,2.2494,8.4743,1450,2986.41
36061,2.2948,3.7565,9.6786,1439,2986.41
36066,1.2977,1.5431,12.4163,1435,2986.41
36071,-3.9516,-1.6855,12.7252,1439,2986.41
36076,-3.6416,2.2422,8.5712,1451,2986.26
36081,2.2398,3.7278,9.6307,1437,2986.26
36086,1.4988,1.5886,12.3397,1437,2986.26
36091,-3.8654,-1.7861,12.7527,1439,2986.26
36096,-3.7685,2.1284,8.6155,1451,2986.56
36101,2.2721,3.6679,9.5852,1435,2986.56
36106,1.6065,1.6352,12.3265,1437,2986.56
36111,-3.8343,-1.7609,12.7898,1437,2986.56
36116,-3.9337,2.1464,8.6802,1447,2986.71
36121,2.1943,3.6392,9.4763,1434,2986.71
36126,1.6592,1.7023,12.208,1437,2986.71
36131,-3.7529,-1.7382,12.8628,1433,2986.71
36136,-4.0689,2.1249,8.6742,1448,2986.86
36141,2.1332,3.6009,9.4786,1433,2986.86
36146,1.8028,1.8076,12.2799,1439,2986.86
36151,-3.6955,-1.7298,12.9287,1433,2986.86
36156,-4.203,2.1009,8.819,1465,2987.01
36161,2.0722,3.6284,9.4523,1435,2987.01
36166,1.8986,1.9309,12.1937,1445,2987.01
36171,-3.6152,-1.7262,12.9251,1429,2987.01
36176,-4.3215,2.0853,8.91,1463,2987.45
36181,2.0554,3.6332,9.4044,1435,2987.45
36186,2.0554,1.986,12.2104,1443,2987.45
36191,-3.5314,-1.6712,13.0101,1433,2987.45
36196,-4.452,2.0375,8.904,1448,2987.45
36201,2.077,3.6476,9.3482,1433,2987.45
36206,2.1967,2.0638,12.0728,1447,2987.45
36211,-3.4297,-1.6257,13.0723,1431,2987.45
36216,-4.5693,1.998,8.995,1435,2987.45
36221,2.0722,3.6117,9.2883,1451,2987.75
36226,2.3008,2.144,12.0596,1438,2987.75
