timestamp_ms,ax,ay,az,acs_adc,rpm
19689,-2.065,-1.3503,12.1602,1461,2814.79
19694,-3.5853,1.4712,9.8138,1455,2814.79
19699,1.2905,3.2884,10.1059,1471,2814.92
19704,1.6065,2.7557,10.9247,1467,2814.92
19709,-1.2857,-0.8583,12.1721,1451,2814.92
19714,-4.2413,0.4932,10.5584,1455,2814.92
19719,0.492,2.9173,9.7181,1461,2815.32
19724,2.1632,3.5662,10.5405,1461,2815.32
19729,-1.664,0.1867,12.0512,1449,2815.32
19734,-3.9911,-0.4226,11.3808,1459,2815.32
19739,-0.7757,2.5426,9.4128,1481,2815.71
19744,1.9453,3.8918,10.3501,1455,2815.71
19749,-1.8435,1.1289,11.6538,1455,2815.71
19754,-3.1089,-1.1097,11.9363,1443,2815.71
19759,-2.3703,2.1548,9.4571,1477,2815.71
19764,1.7358,3.6978,10.2532,1463,2815.71
19769,-0.0084,1.9381,11.1642,1459,2815.71
19774,-1.8507,-1.3336,12.1793,1449,2815.71
19779,-3.729,1.2761,9.8928,1451,2815.71
19784,1.2031,3.1927,10.0401,1465,2815.84
19789,1.883,2.8599,10.8014,1454,2815.84
19794,-1.2665,-0.7362,12.2428,1455,2815.84
19799,-4.3167,0.3771,10.6554,1455,2815.84
19804,0.3352,2.8395,9.7348,1472,2815.98
19809,2.1284,3.6571,10.5512,1452,2815.98
19814,-1.895,0.3879,11.9985,1451,2815.98
19819,-3.9037,-0.4405,11.5341,1463,2815.98
19824,-1.0127,2.5402,9.4463,1477,2816.24
19829,1.9393,3.9085,10.3214,1461,2816.24
19834,-1.7274,1.2761,11.5137,1449,2816.24
19839,-2.8132,-1.2031,12.0105,1459,2816.24
19844,-2.6169,1.9561,9.4655,1485,2815.98
19849,1.7095,3.5207,10.2723,1459,2815.98
19854,0.3244,2.0279,11.1594,1465,2815.98
19859,-1.7083,-1.342,12.2164,1453,2815.98
19864,-3.8918,1.1684,10.0963,1467,2815.98
19869,1.0487,3.1232,10.0281,1461,2815.71
19874,1.9609,3.1137,10.8002,1451,2815.71
19879,-1.312,-0.5483,12.1841,1455,2815.71
19884,-4.306,0.2717,10.8781,1455,2815.71
19889,0.2035,2.8096,9.6762,1479,2816.11
19894,2.1572,3.7314,10.4627,1454,2816.11
19899,-1.986,0.5124,11.886,1449,2816.11
19904,-3.6907,-0.6393,11.6203,1455,2816.11
19909,-1.2462,2.4457,9.4116,1483,2815.98
19914,1.8794,3.7721,10.2783,1464,2815.98
19919,-1.4449,1.3384,11.4802,1453,2815.98
19924,-2.7222,-1.3012,12.0464,1461,2815.98
19929,-2.9185,1.883,9.5864,1485,2815.58
19934,1.5909,3.4979,10.2352,1451,2815.58
19939,0.7302,2.2709,11.0684,1461,2815.58
19944,-1.5957,-1.2163,12.2811,1451,2815.58
19949,-3.9923,1.0008,10.2161,1467,2815.58
19954,0.9385,3.0754,9.9671,1469,2816.24
19959,2.0842,3.1903,10.6841,1451,2816.24
19964,-1.3731,-0.4202,12.1075,1458,2816.24
19969,-4.1887,0.0299,11.0169,1455,2816.24
19974,-0.0682,2.7222,9.578,1471,2816.24
19979,2.0243,3.8032,10.3908,1455,2816.24
19984,-1.9872,0.6644,11.9279,1459,2816.24
19989,-3.7433,-0.7901,11.7603,1455,2816.24
19994,-1.5119,2.3942,9.3625,1484,2816.24
19999,1.9166,3.8499,10.3154,1461,2816.24
20004,-1.2653,1.5155,11.4359,1452,2816.24
20009,-2.4169,-1.2857,12.1171,1464,2816.24
20014,-3.0981,1.7693,9.6367,1486,2816.11
20019,1.4952,3.4213,10.1801,1453,2816.11
20024,1.0594,2.3774,11.0253,1453,2816.11
20029,-1.4353,-1.2198,12.1769,1452,2816.11
20034,-4.1587,0.8739,10.2615,1461,2816.11
20039,0.8416,3.0394,9.894,1465,2815.98
20044,2.1237,3.2896,10.7009,1453,2815.98
20049,-1.4688,-0.2478,12.123,1453,2815.98
20054,-4.2222,-0.006,11.1881,1469,2815.98
20059,-0.2071,2.7773,9.5636,1461,2815.84
20064,2.0734,3.8738,10.3597,1459,2815.84
20069,-2.071,0.8475,11.7962,1461,2815.84
20074,-3.4441,-0.8212,11.819,1458,2815.84
20079,-1.7717,2.3236,9.4056,1484,2816.24
20084,1.8148,3.7828,10.2544,1452,2816.24
20089,-0.8619,1.6424,11.3294,1451,2816.24
20094,-2.2541,-1.3815,12.1111,1462,2816.24
20099,-3.322,1.5969,9.748,1485,2816.37
20104,1.391,3.3267,10.1574,1463,2816.37
20109,1.3815,2.5355,10.9571,1461,2816.37
20114,-1.4664,-1.0534,12.2715,1449,2816.37
20119,-4.2461,0.7973,10.4447,1459,2816.37
20124,0.7398,2.9856,9.8653,1467,2816.5
20129,2.2278,3.4429,10.5632,1465,2816.5
20134,-1.6053,-0.0156,12.1159,1459,2816.5
20139,-4.0378,-0.1891,11.2276,1455,2816.5
20144,-0.492,2.6659,9.4499,1469,2816.64
20149,2.0087,3.8355,10.2963,1453,2816.64
20154,-1.8866,0.923,11.7938,1461,2816.64
20159,-3.3878,-1.0151,11.8381,1461,2816.64
20164,-2.0207,2.1895,9.3948,1483,2817.17
20169,1.8352,3.7182,10.3094,1464,2817.17
20174,-0.5746,1.7035,11.3533,1453,2817.17
20179,-2.1213,-1.3623,12.1649,1452,2817.17
20184,-3.5291,1.5359,9.7636,1455,2817.17
20189,1.342,3.3507,10.1059,1467,2817.56
20194,1.5969,2.6683,10.9212,1461,2817.56
20199,-1.2558,-0.929,12.1853,1453,2817.56
20204,-4.3,0.583,10.4722,1453,2817.56
20209,0.6213,2.8946,9.7671,1461,2817.56
20214,2.229,3.4836,10.5536,1461,2817.56
20219,-1.6999,0.1065,12.0632,1449,2817.56
20224,-4.0689,-0.3029,11.376,1461,2817.56
20229,-0.7254,2.5893,9.4763,1481,2817.7
20234,2.0027,3.8966,10.307,1455,2817.7
20239,-1.9357,1.0235,11.7292,1453,2817.7
20244,-3.1951,-1.0487,11.9638,1453,2817.7
20249,-2.2553,2.1344,9.4739,1477,2818.09
20254,1.7633,3.7673,10.2699,1461,2818.09
20259,-0.1616,1.8292,11.2444,1462,2818.09
20264,-2.0123,-1.3623,12.2344,1448,2818.09
20269,-3.6739,1.3862,9.7839,1453,2818.09
20274,1.2869,3.2262,9.9994,1467,2818.22
20279,1.7681,2.7031,10.8577,1454,2818.22
20284,-1.3431,-0.8583,12.2571,1456,2818.22
20289,-4.2569,0.4824,10.6997,1453,2818.22
20294,0.4022,2.9377,9.7875,1464,2818.09
20299,2.1129,3.638,10.5429,1454,2818.09
20304,-1.7394,0.2693,12.0656,1448,2818.09
20309,-4.0378,-0.3675,11.3497,1464,2818.09
20314,-0.7877,2.5917,9.3793,1485,2818.22
20319,2.0363,3.863,10.3274,1461,2818.22
20324,-1.8759,1.1444,11.6502,1451,2818.22
20329,-3.0035,-1.1277,11.9614,1453,2818.22
20334,-2.4385,2.0147,9.4559,1490,2818.49
20339,1.67,3.6009,10.24,1459,2818.49
20344,0.0922,1.8914,11.23,1463,2818.49
20349,-1.9465,-1.3886,12.2009,1451,2818.49
20354,-3.8654,1.2833,9.8976,1455,2818.49
20359,1.2139,3.2429,10.0449,1461,2818.89
20364,1.8579,2.9317,10.8026,1455,2818.89
20369,-1.3886,-0.6991,12.2511,1455,2818.89
20374,-4.2186,0.4214,10.7595,1455,2818.89
20379,0.3412,2.9125,9.6379,1479,2819.15
20384,2.1991,3.6547,10.4591,1453,2819.15
20389,-1.8208,0.3448,11.9219,1448,2819.15
20394,-3.8499,-0.5136,11.4886,1461,2819.15
20399,-1.0056,2.4816,9.4236,1483,2819.28
20404,1.9094,3.8247,10.3154,1461,2819.28
20409,-1.6891,1.1875,11.6274,1453,2819.28
20414,-2.9904,-1.1911,12.044,1459,2819.28
20419,-2.5929,1.9896,9.4128,1469,2819.02
20424,1.6927,3.6452,10.2197,1454,2819.02
20429,0.2634,2.0219,11.2432,1464,2819.02
20434,-1.7753,-1.2917,12.2715,1453,2819.02
20439,-3.8642,1.2653,9.9371,1467,2819.02
20444,1.166,3.1855,9.9611,1461,2819.95
20449,2.0446,2.9293,10.8122,1451,2819.95
20454,-1.2617,-0.644,12.2092,1460,2819.95
20459,-4.3682,0.31,10.7332,1455,2819.95
20464,0.2658,2.7797,9.6654,1471,2819.81
20469,2.1404,3.6751,10.5082,1455,2819.81
20474,-1.8555,0.4154,12.0201,1449,2819.81
20479,-3.9433,-0.4848,11.5616,1458,2819.81
20484,-1.0271,2.5151,9.4008,1483,2819.68
20489,1.9345,3.9361,10.2173,1461,2819.68
20494,-1.6508,1.2905,11.6047,1451,2819.68
20499,-2.8323,-1.1947,12.0177,1463,2819.68
20504,-2.6791,1.9716,9.4858,1467,2819.42
20509,1.6305,3.5314,10.2077,1455,2819.42
20514,0.5076,2.0458,11.2336,1467,2819.42
20519,-1.7358,-1.3886,12.2392,1455,2819.42
20524,-3.9899,1.1229,9.9994,1469,2819.42
20529,1.075,3.1113,9.9934,1465,2819.15
20534,2.0387,3.0107,10.7488,1451,2819.15
20539,-1.3671,-0.5734,12.2248,1451,2819.15
20544,-4.367,0.3148,10.8936,1456,2819.15
20549,0.2346,2.8862,9.6666,1469,2819.02
20554,2.1787,3.7996,10.4471,1455,2819.02
20559,-1.8328,0.5495,12.0129,1451,2819.02
20564,-3.8128,-0.6249,11.5796,1454,2819.02
20569,-1.1791,2.4672,9.3577,1479,2819.28
20574,1.9525,3.8319,10.2831,1463,2819.28
20579,-1.4952,1.2881,11.5412,1452,2819.28
20584,-2.7821,-1.3312,12.0524,1463,2819.28
20589,-2.8347,1.8567,9.5002,1464,2819.15
20594,1.5658,3.5183,10.2125,1454,2819.15
20599,0.5997,2.156,11.1666,1463,2819.15
20604,-1.6915,-1.245,12.2056,1452,2819.15
20609,-4.0211,1.1372,10.0808,1465,2819.15
20614,1.0343,3.1544,9.9802,1469,2819.28
20619,2.1165,3.1196,10.7488,1454,2819.28
20624,-1.3491,-0.4741,12.1889,1449,2819.28
20629,-4.3084,0.1616,10.9092,1455,2819.28
20634,0.0862,2.7809,9.5385,1477,2819.28
20639,2.1177,3.7086,10.3765,1459,2819.28
20644,-1.9728,0.5662,11.9746,1458,2819.28
20649,-3.7433,-0.729,11.655,1455,2819.28
20654,-1.3599,2.4313,9.3889,1481,2819.02
20659,1.8651,3.8535,10.3022,1463,2819.02
20664,-1.4222,1.4162,11.4922,1453,2819.02
20669,-2.648,-1.2689,12.0919,1465,2819.02
20674,-2.9975,1.8926,9.5553,1470,2818.89
20679,1.5658,3.5614,10.1466,1453,2818.89
20684,0.893,2.223,11.0792,1451,2818.89
20689,-1.5538,-1.2773,12.2392,1451,2818.89
20694,-4.0354,0.978,10.1287,1464,2818.89
20699,0.9972,2.9999,9.9431,1465,2818.49
20704,2.1572,3.146,10.6925,1452,2818.49
20709,-1.3791,-0.3986,12.1374,1454,2818.49
20714,-4.3646,0.0646,10.9774,1451,2818.49
20719,0.0144,2.7869,9.6283,1467,2818.22
20724,2.0482,3.8152,10.416,1455,2818.22
20729,-2.1225,0.723,11.8705,1469,2818.22
20734,-3.632,-0.6931,11.7041,1459,2818.22
20739,-1.5167,2.4217,9.3721,1481,2818.22
20744,1.8818,3.8188,10.2867,1455,2818.22
20749,-1.1001,1.4832,11.4168,1451,2818.22
20754,-2.5462,-1.3671,12.141,1463,2818.22
20759,-3.1244,1.7083,9.6115,1491,2818.22
20764,1.579,3.4165,10.1885,1451,2818.22
20769,1.0738,2.3056,11.0409,1461,2818.22
20774,-1.5479,-1.2127,12.2978,1451,2818.22
20779,-4.1288,0.8775,10.2532,1466,2818.22
20784,0.8188,3.0598,9.9431,1465,2818.36
20789,2.1225,3.2872,10.6722,1455,2818.36
20794,-1.5802,-0.1891,12.1721,1443,2818.36
20799,-4.1755,0.0431,11.0708,1455,2818.36
20804,-0.2215,2.7857,9.5217,1465,2818.62
20809,2.1057,3.8319,10.3525,1453,2818.62
20814,-1.9537,0.7626,11.8226,1460,2818.62
20819,-3.4931,-0.8787,11.7029,1459,2818.62
20824,-1.7083,2.2673,9.3518,1485,2818.75
20829,1.8328,3.7338,10.3322,1461,2818.75
20834,-0.9182,1.5107,11.3964,1449,2818.75
20839,-2.496,-1.3659,12.135,1464,2818.75
20844,-3.2896,1.7214,9.6391,1467,2819.02
20849,1.5502,3.4141,10.1682,1459,2819.02
20854,1.2749,2.4565,10.9463,1461,2819.02
20859,-1.8962,0.4034,11.8609,1451,2819.02
20864,-4.1013,0.826,10.331,1459,2819.02
20869,0.7566,3.0167,9.8593,1465,2819.02
20874,2.1859,3.2968,10.6087,1461,2819.02
20879,-1.4868,-0.1664,12.1063,1451,2819.02
20884,-4.2365,-0.176,11.1582,1459,2819.02
20889,-0.328,2.6432,9.5241,1469,2818.89
20894,2.0506,3.8176,10.4016,1455,2818.89
20899,-2.0411,0.7973,11.8333,1455,2818.89
20904,-3.4644,-0.8428,11.8298,1453,2818.89
20909,-1.8507,2.3152,9.426,1483,2819.55
20914,1.8663,3.8487,10.307,1465,2819.55
20919,-0.729,1.6388,11.3401,1453,2819.55
20924,-2.381,-1.3479,12.1206,1452,2819.55
20929,-3.377,1.6472,9.6726,1459,2819.55
20934,1.4832,3.3387,10.1442,1468,2819.15
20939,1.4688,2.4912,10.9379,1461,2819.15
20944,-1.4305,-1.0989,12.2739,1451,2819.15
20949,-4.1958,0.6764,10.3992,1453,2819.15
20954,0.6452,2.9509,9.8737,1463,2819.28
20959,2.1225,3.4141,10.6171,1459,2819.28
20964,-1.6041,-0.067,12.1494,1451,2819.28
20969,-4.2389,-0.1125,11.248,1460,2819.28
20974,-0.3472,2.7306,9.5277,1470,2819.68
20979,2.0818,3.8942,10.3382,1455,2819.68
20984,-2.0554,0.9218,11.7268,1456,2819.68
20989,-3.2836,-0.9218,11.8058,1454,2819.68
20994,-1.9537,2.1955,9.414,1463,2819.95
20999,1.8136,3.6871,10.2855,1463,2819.95
21004,-0.5207,1.6484,11.3318,1461,2819.95
21009,-2.229,-1.4102,12.1793,1451,2819.95
21014,-3.5362,1.5574,9.7791,1455,2819.95
21019,1.3288,3.2896,10.1981,1467,2820.21
21024,1.5299,2.5606,10.9271,1458,2820.21
21029,-1.4748,-0.9445,12.2487,1453,2820.21
21034,-4.2916,0.7434,10.4531,1453,2820.21
21039,0.7242,3.0083,9.7911,1464,2820.61
21044,2.2781,3.4548,10.5512,1461,2820.61
21049,-1.6891,0.0646,12.1111,1448,2820.61
21054,-4.0773,-0.2059,11.2456,1461,2820.61
21059,-0.5076,2.6181,9.4272,1465,2820.74
21064,2.0039,3.7757,10.2999,1455,2820.74
21069,-1.8926,0.8978,11.7232,1453,2820.74
21074,-3.395,-1.063,11.8321,1452,2820.74
21079,-2.0458,2.2302,9.3865,1465,2820.74
21084,1.804,3.7242,10.319,1462,2820.74
21089,-0.4453,1.7226,11.3641,1461,2820.74
21094,-2.1691,-1.3396,12.2128,1449,2820.74
21099,-3.5362,1.5754,9.7683,1454,2820.74
21104,1.3827,3.3471,10.1083,1465,2821.14
21109,1.6496,2.6121,10.9415,1455,2821.14
21114,-1.3515,-0.9517,12.2068,1459,2821.14
21119,-4.2593,0.6321,10.4291,1458,2821.14
21124,0.6021,2.9628,9.8007,1463,2821.27
21129,2.1739,3.4225,10.5955,1459,2821.27
21134,-1.6388,0.0192,12.135,1451,2821.27
21139,-4.1875,-0.2813,11.2803,1463,2821.27
21144,-0.6273,2.6612,9.4894,1493,2821.01
21149,2.0027,3.8535,10.3513,1454,2821.01
21154,-1.9788,1.0439,11.7615,1451,2821.01
21159,-3.3232,-0.9146,11.9124,1452,2821.01
21164,-2.0985,2.2553,9.4212,1480,2821.01
21169,1.8711,3.7445,10.2651,1461,2821.01
21174,-0.328,1.7154,11.242,1463,2821.01
21179,-2.0423,-1.3874,12.1578,1453,2821.01
21184,-3.5853,1.4569,9.7875,1456,2821.01
21189,1.3384,3.2202,10.1538,1463,2820.87
21194,1.7119,2.6109,10.8457,1453,2820.87
21199,-1.4377,-0.9122,12.2332,1461,2820.87
21204,-4.3934,0.6345,10.4818,1454,2820.87
21209,0.6632,2.9796,9.7755,1471,2821.41
21214,2.1871,3.5291,10.4962,1455,2821.41
21219,-1.8136,0.1604,12.135,1449,2821.41
21224,-4.0953,-0.2263,11.3389,1466,2821.41
21229,-0.589,2.6911,9.3901,1481,2821.41
21234,2.0255,3.8846,10.2903,1461,2821.41
21239,-1.8507,1.0295,11.0313,1454,2821.41
21244,-3.2406,-1.0403,11.88,1453,2821.41
21249,-2.2027,2.1045,9.3709,1493,2821.01
21254,1.7741,3.6308,10.2687,1460,2821.01
21259,-0.2634,1.7334,11.2839,1463,2821.01
21264,-2.0782,-1.3539,12.2176,1455,2821.01
21269,-3.6607,1.4329,9.8138,1459,2821.01
21274,1.245,3.3184,10.1406,1462,2821.54
21279,1.7178,2.7306,10.896,1453,2821.54
21284,-1.3755,-0.8152,12.2009,1459,2821.54
21289,-4.2605,0.5758,10.5046,1455,2821.54
21294,0.5555,2.9544,9.742,1477,2821.27
21299,2.2386,3.4895,10.5129,1459,2821.27
21304,-1.7322,0.146,12.0907,1449,2821.27
21309,-4.057,-0.407,11.3545,1460,2821.27
21314,-0.7075,2.5881,9.3769,1471,2821.14
21319,1.998,3.8343,10.3597,1455,2821.14
21324,-1.9178,1.0235,11.6957,1452,2821.14
21329,-3.225,-1.0307,11.995,1455,2821.14
21334,-2.2613,2.2003,9.4774,1486,2820.87
21339,1.7549,3.7278,10.2855,1455,2820.87
21344,-0.1401,1.8316,11.2587,1463,2820.87
21349,-2.0039,-1.2965,12.1937,1455,2820.87
21354,-3.6703,1.4018,9.8078,1469,2820.87
21359,1.2713,3.2441,10.0975,1463,2820.74
21364,1.8471,2.7007,10.8804,1455,2820.74
21369,-1.3862,-0.8607,12.2667,1459,2820.74
21374,-4.3251,0.4729,10.6243,1451,2820.74
21379,0.4944,2.8659,9.7755,1472,2821.41
21384,2.1536,3.5243,10.5297,1459,2821.41
21389,-1.8591,0.1688,12.0931,1452,2821.41
21394,-4.0905,-0.2933,11.4515,1461,2821.41
21399,-0.7494,2.63,9.4727,1484,2821.41
21404,2.0016,3.9361,10.3681,1461,2821.41
21409,-1.8519,1.0918,11.7029,1449,2821.41
21414,-3.122,-1.069,11.9554,1461,2821.41
21419,-2.2805,2.1392,9.402,1480,2821.8
21424,1.7945,3.6859,10.2376,1453,2821.8
21429,-0.0359,1.7837,11.2671,1465,2821.8
21434,-1.9728,-1.421,12.2176,1459,2821.8
21439,-3.7481,1.3599,9.8857,1467,2821.8
21444,1.2641,3.2609,10.1191,1461,2821.8
21449,1.7873,2.7952,10.8721,1453,2821.8
21454,-1.4353,-0.7961,12.232,1455,2821.8
21459,-4.276,0.5339,10.6386,1461,2821.8
21464,0.4705,2.9676,9.7252,1480,2821.94
21469,2.2374,3.5889,10.5046,1455,2821.94
21474,-1.8411,0.2083,11.995,1449,2821.94
21479,-3.9361,-0.3591,11.4,1458,2821.94
21484,-0.7901,2.5857,9.426,1483,2822.2
21489,1.9872,3.8188,10.3418,1468,2822.2
21494,-1.8352,1.0295,11.6203,1452,2822.2
21499,-3.0694,-1.1157,11.9064,1459,2822.2
21504,-2.4122,2.0758,9.4092,1485,2822.33
21509,1.743,3.6655,10.2759,1451,2822.33
21514,0.0251,1.8483,11.2623,1464,2822.33
21519,-2.0303,-1.3431,12.2344,1455,2822.33
21524,-3.7589,1.4234,9.9216,1469,2822.33
21529,1.2749,3.3064,10.0916,1464,2822.33
21534,1.9106,2.8012,10.7811,1452,2822.33
21539,-1.3946,-0.7805,12.2236,1459,2822.33
21544,-4.3144,0.4633,10.6123,1459,2822.33
21549,0.486,2.8994,9.6594,1478,2822.33
21554,2.2063,3.547,10.495,1455,2822.33
21559,-1.8172,0.1676,12.0847,1452,2822.33
21564,-4.0666,-0.4034,11.3916,1459,2822.33
21569,-0.7697,2.5869,9.3853,1481,2822.33
21574,1.9836,3.9325,10.3322,1469,2822.33
21579,-1.895,1.0786,11.6873,1454,2822.33
21584,-3.1639,-1.0822,12.0009,1461,2822.33
21589,-2.3894,2.1284,9.4355,1471,2822.33
21594,1.8435,3.6715,10.2256,1452,2822.33
21599,0.0922,1.8591,11.3018,1464,2822.33
21604,-1.9573,-1.3539,12.1542,1455,2822.33
21609,-3.7314,1.3731,9.8102,1469,2822.33
21614,1.2893,3.2394,10.0808,1463,2822.87
21619,1.8687,2.7797,10.8828,1451,2822.87
21624,-1.4006,-0.8691,12.2032,1455,2822.87
21629,-4.3742,0.504,10.6291,1459,2822.87
21634,0.4812,2.9102,9.7444,1471,2823.13
21639,2.1943,3.5698,10.5273,1453,2823.13
21644,-1.8735,0.2514,12.0596,1451,2823.13
21649,-4.0354,-0.3639,11.4108,1461,2823.13
21654,-0.7841,2.6396,9.4224,1485,2823.13
21659,2.0482,3.8618,10.3214,1465,2823.13
21664,-1.8375,1.0977,11.6789,1452,2823.13
21669,-3.0981,-1.1325,11.8932,1462,2823.13
21674,-2.4205,2.0542,9.4032,1463,2823.26
21679,1.7573,3.632,10.2352,1453,2823.26
21684,0.0335,1.804,11.2408,1467,2823.26
21689,-2.0542,-1.4353,12.1853,1453,2823.26
21694,-3.7709,1.3898,9.8713,1469,2823.26
21699,1.2366,3.2968,10.088,1462,2823.4
21704,1.8663,2.7892,10.8769,1453,2823.4
21709,-1.47,-0.7865,12.2439,1458,2823.4
21714,-4.3682,0.5423,10.6015,1461,2823.4
21719,0.5112,2.9509,9.6893,1471,2823.66
21724,2.2374,3.553,10.4423,1455,2823.66
21729,-1.8208,0.1927,12.1087,1453,2823.66
21734,-4.0378,-0.4262,11.3737,1462,2823.66
21739,-0.7661,2.5893,9.4236,1483,2823.8
21744,1.98,3.8188,10.3585,1463,2823.8
21749,-1.8268,1.0319,11.7304,1453,2823.8
21754,-3.1544,-1.1396,11.9375,1455,2823.8
21759,-2.3942,2.1296,9.414,1464,2823.66
21764,1.7454,3.6811,10.3238,1453,2823.66
21769,-0.0251,1.8399,11.327,1466,2823.66
21774,-1.9884,-1.3132,12.1542,1455,2823.66
21779,-3.717,1.415,9.8366,1469,2823.66
21784,1.2977,3.2968,10.0568,1465,2823.8
21789,1.8543,2.6995,10.8469,1452,2823.8
21794,-1.3515,-0.7817,12.232,1453,2823.8
21799,-4.3275,0.4741,10.5632,1459,2823.8
21804,0.4609,2.9521,9.8007,1479,2824.06
21809,2.1883,3.5159,10.5213,1461,2824.06
21814,-1.7885,0.176,12.0644,1451,2824.06
21819,-4.1444,-0.3531,11.3473,1459,2824.06
21824,-0.7542,2.642,9.5074,1479,2824.46
21829,2.0171,3.9492,10.3633,1460,2824.46
21834,-1.8914,1.0642,11.7064,1455,2824.46
21839,-3.1496,-1.0523,12.0129,1463,2824.46
21844,-2.3379,2.0913,9.4152,1485,2824.99
21849,1.8136,3.6799,10.2352,1454,2824.99
21854,0.0311,1.7693,11.2516,1465,2824.99
21859,-2.1177,-1.4377,12.1637,1453,2824.99
21864,-3.7661,1.409,9.7959,1469,2824.99
21869,1.3527,3.2501,10.0353,1463,2825.39
21874,1.8304,2.6647,10.9032,1453,2825.39
21879,-1.4569,-0.9074,12.2739,1459,2825.39
21884,-4.3467,0.589,10.5919,1461,2825.39
21889,0.5411,2.9616,9.7827,1470,2825.39
21894,2.235,3.5326,10.4962,1453,2825.39
21899,-1.8028,0.176,12.0752,1450,2825.39
21904,-4.1073,-0.2717,11.3234,1461,2825.39
21909,-0.6776,2.6767,9.408,1481,2825.39
21914,2.0518,3.881,10.3753,1460,2825.39
21919,-1.8591,1.008,11.722,1451,2825.39
21924,-3.2573,-1.0882,11.8944,1460,2825.39
21929,-2.2027,2.1057,9.3099,1481,2825.12
21934,1.8148,3.6715,10.3022,1455,2825.12
21939,-0.2514,1.7502,11.3365,1468,2825.12
21944,-2.1428,-1.3755,12.2176,1456,2825.12
21949,-3.6464,1.4712,9.8246,1467,2825.12
21954,1.3024,3.3148,10.1526,1463,2825.52
21959,1.7777,2.715,10.8924,1451,2825.52
21964,-1.4724,-0.8739,12.2308,1459,2825.52
21969,-4.2952,0.6333,10.5249,1461,2825.52
21974,0.565,2.9652,9.7887,1472,2825.52
21979,2.2266,3.474,10.5848,1453,2825.52
21984,-1.7286,0.0922,12.0728,1453,2825.52
21989,-4.1096,-0.3089,11.3066,1461,2825.52
21994,-0.5698,2.6085,9.4547,1484,2825.66
21999,2.0051,3.8523,10.3633,1459,2825.66
22004,-1.962,0.9337,11.7232,1455,2825.66
22009,-3.2825,-1.0032,11.9578,1459,2825.66
22014,-2.132,2.1979,9.4056,1491,2825.52
22019,1.8184,3.7589,10.2795,1455,2825.52
22024,-0.2993,1.7154,11.2815,1466,2825.52
22029,-2.1775,-1.3611,12.1422,1455,2825.52
22034,-3.5446,1.549,9.7133,1464,2825.52
22039,1.4102,3.3255,10.0916,1461,2825.39
22044,1.7023,2.569,10.914,1459,2825.39
22049,-1.4844,-0.99,12.2882,1455,2825.39
22054,-4.276,0.6823,10.4567,1459,2825.39
22059,0.6321,2.9365,9.7983,1471,2825.39
22064,2.1955,3.4536,10.5884,1456,2825.39
22069,-1.7585,0.0371,12.1135,1449,2825.39
22074,-4.1958,-0.1712,11.2575,1464,2825.39
22079,-0.5255,2.63,9.4822,1469,2825.26
22084,2.0758,3.8942,10.3717,1471,2825.26
22089,-1.9597,0.9313,11.7675,1449,2825.26
22094,-3.4213,-0.9266,11.8752,1453,2825.26
22099,-2.0195,2.2553,9.3733,1479,2824.99
22104,1.8711,3.6895,10.2999,1459,2824.99
22109,-0.4621,1.6233,11.3665,1465,2824.99
22114,-2.2661,-1.4198,12.147,1455,2824.99
22119,-3.4955,1.5395,9.6869,1459,2824.99
22124,1.4174,3.3279,10.1466,1465,2824.46
22129,1.5886,2.5414,11.0109,1455,2824.46
22134,-1.5383,-1.0056,12.2368,1459,2824.46
22139,-4.3622,0.7913,10.4627,1459,2824.46
22144,0.7805,2.9832,9.8378,1471,2823.66
22149,2.2733,3.4345,10.5489,1455,2823.66
22154,-1.7382,-0.018,12.1386,1451,2823.66
22159,-4.1264,-0.164,11.2958,1463,2823.66
22164,-0.3915,2.7031,9.4763,1483,2823.13
22169,2.0566,3.8367,10.3633,1461,2823.13
22174,-1.9513,0.8356,11.7639,1448,2823.13
22179,-3.4357,-0.9876,11.807,1452,2823.13
22184,-1.9848,2.2541,9.3613,1480,2823.0
22189,1.8471,3.7182,10.3046,1455,2823.0
22194,-0.5076,1.6209,11.4072,1465,2823.0
22199,-2.3008,-1.4078,12.1973,1455,2823.0
22204,-3.5063,1.6173,9.7468,1461,2823.0
22209,1.4605,3.3291,10.1861,1461,2823.0
22214,1.579,2.557,10.9427,1455,2823.0
22219,-1.4533,-0.9421,12.2787,1453,2823.0
22224,-4.2222,0.7183,10.4256,1455,2823.0
22229,0.6512,3.0023,9.839,1471,2823.26
22234,2.2446,3.3579,10.6338,1451,2823.26
22239,-1.6652,-0.0263,12.1194,1451,2823.26
22244,-4.1551,-0.1963,11.236,1461,2823.26
22249,-0.4549,2.6504,9.4571,1479,2823.4
22254,2.0255,3.8439,10.3765,1459,2823.4
22259,-1.9836,0.8763,11.7795,1449,2823.4
22264,-3.4824,-0.996,11.8369,1453,2823.4
22269,-1.9872,2.2541,9.3302,1485,2823.53
22274,1.9046,3.7888,10.2939,1455,2823.53
22279,-0.5878,1.6041,11.4048,1465,2823.53
22284,-2.2182,-1.3958,12.1506,1459,2823.53
22289,-3.4345,1.5897,9.6462,1461,2823.53
22294,1.47,3.3854,10.1143,1463,2823.8
22299,1.5981,2.5199,10.9499,1455,2823.8
22304,-1.4712,-1.0211,12.2846,1459,2823.8
22309,-4.3335,0.7314,10.4351,1459,2823.8
22314,0.6919,2.9939,9.8533,1479,2823.8
22319,2.2541,3.4081,10.5644,1455,2823.8
22324,-1.6508,-0.0431,12.1637,1451,2823.8
22329,-4.1755,-0.0599,11.2504,1463,2823.8
22334,-0.4178,2.7222,9.4834,1481,2823.8
22339,2.0937,3.8738,10.3501,1461,2823.8
22344,-1.9561,0.8404,11.8082,1453,2823.8
22349,-3.4058,-0.9409,11.8728,1459,2823.8
22354,-1.9369,2.241,9.3422,1481,2823.66
22359,1.9249,3.7445,10.3094,1454,2823.66
22364,-0.5734,1.5275,11.3006,1463,2823.66
22369,-2.3068,-1.3803,12.135,1459,2823.66
22374,-3.4393,1.6029,9.7492,1461,2823.66
22379,1.4174,3.3148,10.1526,1461,2823.4
22384,1.5,2.5103,10.9762,1455,2823.4
22389,-1.5263,-0.9912,12.305,1455,2823.4
22394,-4.2713,0.7817,10.3489,1459,2823.4
22399,0.7482,3.043,9.8294,1480,2823.0
22404,2.2541,3.4129,10.5824,1455,2823.0
22409,-1.6867,-0.0227,12.1781,1451,2823.0
22414,-4.148,-0.1281,11.2312,1463,2823.0
22419,-0.3843,2.6767,9.4774,1477,2823.0
22424,2.0602,3.8176,10.3884,1460,2823.0
22429,-2.0411,0.8128,11.7675,1452,2823.0
22434,-3.389,-0.9373,11.8309,1455,2823.0
22439,-1.9728,2.2039,9.3745,1485,2823.13
22444,1.8148,3.7266,10.3525,1446,2823.13
22449,-0.5902,1.6149,11.3593,1464,2823.13
22454,-2.2781,-1.3001,12.1745,1455,2823.13
22459,-3.4536,1.6556,9.7324,1462,2823.13
22464,1.4257,3.3986,10.1478,1459,2822.87
22469,1.5718,2.5055,10.908,1458,2822.87
22474,-1.4772,-1.0259,12.1841,1453,2822.87
22479,-4.2904,0.7757,10.3358,1456,2822.87
22484,0.7159,2.9461,9.821,1471,2823.93
22489,2.2577,3.3519,10.5967,1454,2823.93
22494,-1.7274,-0.1065,12.1051,1451,2823.93
22499,-4.1587,-0.1736,11.2108,1463,2823.93
22504,-0.4537,2.66,9.4643,1467,2823.4
22509,1.9968,3.8678,10.3585,1461,2823.4
22514,-1.968,0.8559,11.7759,1453,2823.4
22519,-3.5087,-0.917,11.8728,1455,2823.4
22524,-1.9321,2.2733,9.3434,1484,2823.93
22529,1.8938,3.7996,10.3094,1462,2823.93
22534,-0.6381,1.5862,11.3413,1463,2823.93
22539,-2.2649,-1.3336,12.159,1455,2823.93
22544,-3.3866,1.5897,9.6498,1463,2823.93
22549,1.4317,3.3315,10.1035,1463,2824.33
22554,1.5359,2.4565,10.9379,1453,2824.33
22559,-1.5227,-1.1085,12.287,1455,2824.33
22564,-4.3287,0.8056,10.331,1455,2824.33
22569,0.8068,3.0251,9.8497,1471,2824.46
22574,2.2326,3.3651,10.6446,1455,2824.46
22579,-1.6831,-0.0826,12.1901,1451,2824.46
22584,-4.2665,-0.0204,11.1306,1464,2824.46
22589,-0.2454,2.7461,9.4834,1485,2824.59
22594,2.1069,3.8439,10.4363,1462,2824.59
22599,-2.1093,0.8009,11.8178,1453,2824.59
22604,-3.4081,-0.8643,11.8046,1458,2824.59
22609,-1.8507,2.2673,9.341,1471,2824.33
22614,1.8495,3.7326,10.2867,1460,2824.33
22619,-0.6716,1.5191,11.4215,1465,2824.33
22624,-2.3691,-1.3731,12.1063,1455,2824.33
22629,-3.3986,1.6604,9.6989,1453,2824.33
22634,1.4389,3.3878,10.1825,1465,2825.26
22639,1.3815,2.4816,11.0696,1453,2825.26
22644,-1.5311,-1.0534,12.208,1459,2825.26
22649,-4.2018,0.8906,10.325,1459,2825.26
22654,0.7661,3.0706,9.8186,1471,2824.99
22659,2.2541,3.3064,10.6075,1455,2824.99
22664,-1.5514,-0.164,12.1661,1450,2824.99
22669,-4.3108,-0.0694,11.1306,1465,2824.99
22674,-0.2514,2.739,9.5026,1485,2824.86
22679,2.1536,3.7828,10.4004,1459,2824.86
22684,-2.071,0.7566,11.8345,1451,2824.86
22689,-3.5542,-0.8906,11.7531,1459,2824.86
22694,-1.8064,2.3511,9.3506,1492,2824.73
22699,1.8196,3.7733,10.331,1455,2824.73
22704,-0.8619,1.5526,11.4958,1461,2824.73
22709,-2.4828,-1.3276,12.1685,1451,2824.73
22714,-3.304,1.7131,9.6151,1455,2824.73
22719,1.5838,3.4034,10.1227,1461,2824.46
22724,1.3803,2.3727,10.981,1455,2824.46
22729,-1.5012,-1.081,12.2104,1459,2824.46
22734,-4.227,0.8428,10.2759,1455,2824.46
22739,0.8128,3.0239,9.8509,1471,2824.46
22744,2.2051,3.231,10.6614,1455,2824.46
22749,-1.488,-0.2251,12.1673,1451,2824.46
22754,-4.3622,0.0192,11.0277,1467,2824.46
22759,-0.2155,2.7557,9.5325,1491,2824.59
22764,2.15,3.8523,10.416,1461,2824.59
22769,-2.0482,0.7805,11.9112,1451,2824.59
22774,-3.5901,-0.8164,11.7436,1453,2824.59
22779,-1.7023,2.3834,9.3458,1485,2824.33
22784,1.9477,3.7385,10.319,1461,2824.33
22789,-0.8511,1.4712,11.4191,1464,2824.33
22794,-2.4445,-1.3838,12.0931,1453,2824.33
22799,-3.2848,1.6903,9.6043,1461,2824.33
22804,1.5694,3.4022,10.137,1465,2824.19
22809,1.2522,2.3176,11.0121,1458,2824.19
22814,-1.5574,-1.1253,12.2763,1459,2824.19
22819,-4.1863,0.9266,10.2735,1459,2824.19
22824,0.8164,3.0586,9.9108,1469,2824.06
22829,2.2278,3.31,10.6219,1453,2824.06
22834,-1.5431,-0.17,12.1793,1449,2824.06
22839,-4.3311,0.0838,11.1139,1465,2824.06
22844,-0.1185,2.8036,9.5134,1485,2823.8
22849,2.1632,3.8331,10.3693,1459,2823.8
22854,-2.0853,0.7135,11.8321,1455,2823.8
22859,-3.5015,-0.7769,11.789,1455,2823.8
22864,-1.6831,2.3164,9.335,1479,2823.93
22869,1.8878,3.7433,10.3094,1461,2823.93
22874,-0.9445,1.4222,11.4994,1465,2823.93
22879,-2.478,-1.3312,12.1793,1445,2823.93
22884,-3.2441,1.7597,9.6319,1453,2823.93
22889,1.5215,3.4728,10.234,1463,2824.19
22894,1.2641,2.3463,11.0756,1455,2824.19
22899,-1.6041,-1.0714,12.2523,1461,2824.19
22904,-4.209,0.9242,10.2041,1455,2824.19
22909,0.9457,3.0921,9.8821,1465,2824.73
22914,2.2781,3.1915,10.6578,1456,2824.73
22919,-1.5251,-0.2634,12.2284,1451,2824.73
22924,-4.3048,-0.0132,11.0301,1461,2824.73
22929,-0.1221,2.7402,9.5349,1487,2824.59
22934,2.0794,3.7828,10.4256,1459,2824.59
22939,-2.1057,0.6476,11.886,1451,2824.59
22944,-3.6368,-0.7518,11.6969,1455,2824.59
22949,-1.6544,2.381,9.3781,1467,2824.46
22954,1.9058,3.8271,10.325,1459,2824.46
22959,-1.008,1.4509,11.4275,1461,2824.46
22964,-2.5331,-1.2617,12.1087,1453,2824.46
22969,-3.2058,1.7717,9.5696,1458,2824.46
22974,1.5969,3.4369,10.1622,1467,2824.33
22979,1.2498,2.2637,11.0217,1455,2824.33
22984,-1.5909,-1.2043,12.226,1459,2824.33
22989,-4.221,0.984,10.2077,1454,2824.33
22994,0.9182,3.0466,9.9563,1463,2824.59
22999,2.1835,3.1735,10.7212,1455,2824.59
23004,-1.5909,-0.3184,12.2128,1451,2824.59
23009,-4.2808,0.1209,11.0289,1461,2824.59
23014,-0.103,2.8323,9.5804,1487,2824.59
23019,2.1069,3.8487,10.4459,1461,2824.59
23024,-2.0435,0.7027,11.9219,1453,2824.59
23029,-3.6595,-0.741,11.7256,1447,2824.59
23034,-1.5347,2.3774,9.3218,1467,2824.06
23039,1.9692,3.7601,10.3513,1461,2824.06
23044,-1.1157,1.3348,11.4275,1461,2824.06
23049,-2.5786,-1.3743,12.129,1453,2824.06
23054,-3.1184,1.7358,9.5636,1454,2824.06
23059,1.5526,3.4201,10.2208,1466,2823.8
23064,1.0391,2.2482,11.1091,1459,2823.8
23069,-1.658,-1.1923,12.2487,1455,2823.8
23074,-4.13,0.9816,10.161,1455,2823.8
23079,0.9469,3.0765,9.9515,1465,2823.4
23084,2.2003,3.1963,10.7428,1460,2823.4
23089,-1.5347,-0.2837,12.214,1451,2823.4
23094,-4.3024,0.164,11.0073,1465,2823.4
23099,-0.0419,2.8168,9.5529,1483,2823.26
23104,2.1644,3.7625,10.3837,1459,2823.26
23109,-2.0123,0.5926,11.8405,1451,2823.26
23114,-3.7266,-0.7877,11.6382,1455,2823.26
23119,-1.5311,2.4217,9.3625,1465,2822.87
23124,1.9285,3.8319,10.2639,1459,2822.87
23129,-1.172,1.3827,11.5137,1465,2822.87
23134,-2.5953,-1.2953,12.1518,1438,2822.87
23139,-3.067,1.8675,9.6582,1453,2822.87
23144,1.5945,3.4943,10.1837,1465,2823.26
23149,1.0666,2.2625,11.0875,1459,2823.26
23154,-1.6209,-1.1768,12.2236,1455,2823.26
23159,-4.1743,1.0127,10.1347,1454,2823.26
23164,1.008,3.0634,9.8916,1459,2823.0
23169,2.2565,3.128,10.6614,1458,2823.0
23174,-1.5323,-0.3472,12.1673,1449,2823.0
23179,-4.2976,0.085,10.9834,1464,2823.0
23184,-0.1089,2.7869,9.5313,1487,2823.0
23189,2.0806,3.784,10.4315,1459,2823.0
23194,-2.0482,0.6213,11.9554,1453,2823.0
23199,-3.7421,-0.7386,11.6921,1453,2823.0
23204,-1.5119,2.4265,9.317,1465,2822.87
23209,1.9764,3.8164,10.3453,1461,2822.87
23214,-1.1313,1.3683,11.4263,1465,2822.87
23219,-2.5857,-1.3312,12.062,1453,2822.87
23224,-3.0765,1.804,9.5253,1455,2822.87
23229,1.6197,3.4117,10.1897,1464,2822.73
23234,1.0642,2.1715,11.0325,1459,2822.73
23239,-1.6173,-1.2677,12.202,1461,2822.73
23244,-4.1671,0.9876,10.1454,1455,2822.73
23249,0.9062,3.0765,9.9407,1468,2822.47
23254,2.1141,3.1544,10.756,1455,2822.47
23259,-1.5526,-0.3316,12.147,1450,2822.47
23264,-4.2653,0.1891,10.9619,1463,2822.47
23269,-0.0682,2.8216,9.5636,1492,2822.87
23274,2.1703,3.7972,10.4507,1462,2822.87
23279,-2.0482,0.6536,11.9088,1452,2822.87
23284,-3.6428,-0.7434,11.6813,1455,2822.87
23289,-1.5263,2.4086,9.3278,1477,2822.87
23294,1.919,3.7493,10.2987,1465,2822.87
23299,-1.1157,1.3623,11.461,1462,2822.87
23304,-2.6097,-1.3467,12.062,1453,2822.87
23309,-3.1376,1.8256,9.5732,1455,2822.87
23314,1.5191,3.4848,10.1742,1461,2823.13
23319,1.0882,2.2661,11.1031,1460,2823.13
23324,-1.6807,-1.1899,12.2966,1459,2823.13
23329,-4.1791,1.0259,10.143,1453,2823.13
23334,0.9864,3.1316,9.9311,1471,2822.73
23339,2.2446,3.1424,10.7105,1459,2822.73
23344,-1.4796,-0.2897,12.1829,1450,2822.73
23349,-4.3108,0.0706,10.9714,1467,2822.73
23354,-0.0371,2.7665,9.5421,1491,2822.6
23359,2.1608,3.7302,10.3813,1460,2822.6
23364,-2.0662,0.6045,11.8716,1451,2822.6
23369,-3.6811,-0.7697,11.6837,1459,2822.6
23374,-1.5838,2.4074,9.341,1487,2822.6
23379,1.8974,3.8475,10.392,1461,2822.6
23384,-1.1337,1.3767,11.5341,1466,2822.6
23389,-2.6312,-1.2534,12.1542,1452,2822.6
23394,-3.1017,1.8794,9.572,1455,2822.6
23399,1.6149,3.4728,10.1778,1467,2822.6
23404,1.1313,2.223,11.0289,1459,2822.6
23409,-1.6185,-1.2115,12.2152,1463,2822.6
23414,-4.0773,0.923,10.0772,1459,2822.6
23419,0.9146,3.0801,9.9407,1479,2822.6
23424,2.1452,3.1364,10.6829,1455,2822.6
23429,-1.5083,-0.2993,12.1889,1451,2822.6
23434,-4.3551,0.0874,10.9595,1465,2822.6
23439,-0.0898,2.8335,9.5972,1485,2822.47
23444,2.1284,3.808,10.4136,1459,2822.47
23449,-2.0698,0.6704,11.9219,1455,2822.47
23454,-3.7397,-0.7063,11.7136,1453,2822.47
23459,-1.5155,2.4241,9.3601,1487,2822.33
23464,2.0027,3.8056,10.3585,1458,2822.33
23469,-1.154,1.3886,11.4311,1466,2822.33
23474,-2.5019,-1.3372,12.0823,1454,2822.33
23479,-3.1639,1.7442,9.596,1455,2822.33
23484,1.5431,3.4369,10.2268,1459,2822.2
23489,1.1265,2.2266,11.0875,1459,2822.2
23494,-1.6556,-1.2019,12.2428,1461,2822.2
23499,-4.2138,1.0427,10.2137,1461,2822.2
23504,0.9493,3.134,9.9012,1477,2822.33
23509,2.1847,3.213,10.6841,1455,2822.33
23514,-1.5993,-0.2753,12.1625,1450,2822.33
23519,-4.2964,0.1508,11.0409,1463,2822.33
23524,-0.0335,2.745,9.5229,1481,2822.33
23529,2.1763,3.7649,10.3789,1451,2822.33
23534,-2.0087,0.6261,11.8417,1453,2822.33
23539,-3.6176,-0.7614,11.6705,1453,2822.33
23544,-1.5299,2.3786,9.3242,1469,2822.2
23549,1.9201,3.7637,10.3298,1458,2822.2
23554,-1.081,1.4042,11.5005,1465,2822.2
23559,-2.6576,-1.3048,12.0608,1456,2822.2
23564,-3.1412,1.8124,9.5828,1457,2822.2
23569,1.5526,3.4824,10.2029,1461,2822.2
23574,1.093,2.2517,11.1163,1455,2822.2
23579,-1.4198,-0.4705,12.1985,1455,2822.2
23584,-4.1527,1.0116,10.1778,1459,2822.2
23589,0.1856,2.8718,9.5888,1477,2822.2
23594,2.1811,3.6966,10.4423,1459,2822.2
23599,-1.9908,0.4609,11.9495,1449,2822.2
23604,-4.2701,0.073,11.0313,1459,2822.2
23609,-1.2677,2.4816,9.3972,1483,2822.33
23614,1.962,3.869,10.3298,1461,2822.33
23619,-1.4449,1.2725,11.5496,1458,2822.33
23624,-2.733,-1.2019,12.0213,1459,2822.33
23629,-2.8647,1.9812,9.5325,1491,2822.47
23634,1.6723,3.5374,10.1849,1460,2822.47
23639,0.8272,2.1057,11.139,1469,2822.47
23644,-1.6927,-1.2869,12.214,1455,2822.47
23649,-4.0031,1.1313,10.0269,1465,2822.47
23654,1.069,3.1256,9.9371,1465,2822.6
23659,2.1739,2.9999,10.7212,1455,2822.6
23664,-1.4832,-0.5231,12.2044,1458,2822.6
23669,-4.3922,0.316,10.9307,1453,2822.6
23674,0.17,2.8802,9.645,1481,2823.0
23679,2.1931,3.7362,10.5213,1459,2823.0
23684,-2.0901,0.5004,11.9674,1451,2823.0
23689,-3.7733,-0.5243,11.6406,1465,2823.0
23694,-1.2725,2.4732,9.3601,1479,2822.73
23699,1.9896,3.8211,10.3214,1459,2822.73
23704,-1.3755,1.2821,11.5508,1455,2822.73
23709,-2.8419,-1.2594,12.0823,1460,2822.73
23714,-2.879,1.907,9.487,1491,2822.6
23719,1.7214,3.5063,10.2065,1459,2822.6
23724,0.7422,2.1009,11.2073,1467,2822.6
23729,-1.7334,-1.3204,12.214,1459,2822.6
23734,-4.0558,1.1193,10.0317,1465,2822.6
23739,1.0175,3.134,10.0018,1461,2822.47
23744,2.1033,3.0646,10.7919,1458,2822.47
23749,-1.4641,-0.4513,12.2212,1459,2822.47
23754,-4.2964,0.2933,10.9056,1456,2822.47
23759,0.1353,2.812,9.6163,1477,2822.47
23764,2.211,3.6679,10.4064,1451,2822.47
23769,-2.0123,0.4824,11.9686,1451,2822.47
23774,-3.7661,-0.6141,11.5903,1465,2822.47
23779,-1.3455,2.4816,9.3817,1480,2822.47
23784,1.9429,3.7637,10.3525,1463,2822.47
23789,-1.3491,1.3012,11.5808,1453,2822.47
23794,-2.7952,-1.2414,12.0476,1455,2822.47
23799,-2.9497,1.9501,9.5768,1471,2822.07
23804,1.646,3.5147,10.2197,1453,2822.07
23809,0.8499,2.1392,11.1462,1467,2822.07
23814,-1.7166,-1.1971,12.2224,1461,2822.07
23819,-4.057,1.1432,10.1023,1469,2822.07
23824,1.0247,3.158,9.9766,1455,2823.0
23829,2.1907,3.0251,10.7835,1461,2823.0
23834,-1.4413,-0.4752,12.147,1458,2823.0
23839,-4.3407,0.2263,10.8793,1461,2823.0
23844,0.1113,2.8287,9.5816,1479,2823.26
23849,2.1715,3.7098,10.4208,1459,2823.26
23854,-2.1057,0.5219,12.0069,1452,2823.26
23859,-3.7852,-0.6225,11.6167,1462,2823.26
23864,-1.3132,2.4744,9.3446,1486,2823.26
23869,1.968,3.8535,10.3382,1461,2823.26
23874,-1.3324,1.2617,11.5544,1451,2823.26
23879,-2.7162,-1.2522,12.056,1459,2823.26
23884,-2.9113,1.8878,9.4439,1469,2823.0
23889,1.7059,3.456,10.2424,1456,2823.0
23894,0.8272,2.0853,11.151,1467,2823.0
23899,-1.7514,-1.3336,12.214,1459,2823.0
23904,-4.0785,1.1444,10.0066,1467,2823.0
23909,1.1109,3.1436,9.9599,1461,2822.47
23914,2.1105,2.9844,10.7452,1453,2822.47
23919,-1.4856,-0.4788,12.2116,1459,2822.47
23924,-4.3132,0.2574,10.8864,1459,2822.47
23929,0.0886,2.8563,9.6678,1481,2822.33
23934,2.1811,3.7421,10.4663,1461,2822.33
23939,-1.9513,0.5614,11.989,1453,2822.33
23944,-3.875,-0.6021,11.6358,1463,2822.33
23949,-1.2701,2.4744,9.3817,1487,2822.2
23954,2.0542,3.8415,10.3011,1471,2822.2
23959,-1.3695,1.2953,11.5568,1455,2822.2
23964,-2.7665,-1.2641,12.0859,1455,2822.2
23969,-2.8922,1.907,9.4966,1481,2822.07
23974,1.6771,3.4596,10.2161,1456,2822.07
23979,0.8021,2.0973,11.1282,1467,2822.07
23984,-1.7142,-1.233,12.2451,1459,2822.07
23989,-4.0247,1.1612,10.1119,1469,2822.07
23994,1.0151,3.1771,9.9503,1465,2822.07
23999,2.1715,3.0801,10.7763,1432,2822.07
24004,-1.506,-0.4417,12.2032,1455,2822.07
24009,-4.3167,0.2155,10.8912,1461,2822.07
24014,0.1018,2.8276,9.5577,1480,2822.33
24019,2.1488,3.711,10.4675,1459,2822.33
24024,-2.0698,0.5327,11.8968,1448,2822.33
24029,-3.7278,-0.6835,11.631,1460,2822.33
24034,-1.336,2.4588,9.3482,1479,2822.47
24039,1.9261,3.8152,10.3633,1463,2822.47
24044,-1.3072,1.2737,11.5999,1453,2822.47
24049,-2.7521,-1.257,12.0716,1461,2822.47
24054,-2.982,1.8998,9.511,1490,2822.6
24059,1.6448,3.5303,10.2412,1454,2822.6
24064,0.9086,2.1177,11.0708,1467,2822.6
24069,-1.7119,-1.2282,12.1961,1465,2822.6
24074,-4.0079,1.0858,10.1191,1471,2822.6
24079,0.9924,3.0993,9.9575,1465,2822.73
24084,2.1296,3.0227,10.7835,1455,2822.73
24089,-1.4449,-0.4932,12.1961,1455,2822.73
24094,-4.3359,0.1724,10.8338,1461,2822.73
24099,0.0407,2.7964,9.6223,1479,2823.0
24104,2.1715,3.7373,10.4758,1461,2823.0
24109,-2.0674,0.5447,11.977,1451,2823.0
24114,-3.8235,-0.6524,11.6646,1461,2823.0
24119,-1.336,2.4744,9.3817,1483,2823.13
24124,1.9752,3.8223,10.2627,1463,2823.13
24129,-1.3707,1.33,11.5269,1451,2823.13
24134,-2.642,-1.2522,12.0333,1461,2823.13
24139,-2.9102,1.9118,9.5289,1471,2822.73
24144,1.6113,3.4931,10.1825,1450,2822.73
24149,0.8918,2.1404,11.1989,1469,2822.73
24154,-1.7023,-1.3001,12.2356,1459,2822.73
24159,-4.0785,1.1037,10.0592,1469,2822.73
24164,1.0403,3.1041,9.9491,1465,2823.93
24169,2.1237,3.0682,10.7224,1453,2823.93
24174,-1.5371,-0.4848,12.1793,1455,2823.93
24179,-4.2892,0.2813,10.9104,1460,2823.93
24184,0.0838,2.8216,9.6079,1471,2823.53
24189,2.1883,3.7326,10.4363,1462,2823.53
24194,-1.974,0.5327,11.9279,1453,2823.53
24199,-3.7757,-0.5997,11.6131,1459,2823.53
24204,-1.2677,2.4301,9.3051,1485,2823.66
24209,2.0207,3.8199,10.3525,1463,2823.66
24214,-1.3527,1.2809,11.546,1455,2823.66
24219,-2.7186,-1.2582,12.038,1463,2823.66
24224,-2.9353,1.8854,9.4906,1480,2823.53
24229,1.5862,3.5314,10.2544,1453,2823.53
24234,0.826,2.1141,11.145,1453,2823.53
24239,-1.7166,-1.2689,12.2284,1449,2823.53
24244,-4.0965,1.1827,10.0868,1468,2823.53
24249,1.0451,3.128,10.0341,1465,2823.66
24254,2.1775,3.0873,10.7512,1455,2823.66
24259,-1.4688,-0.4513,12.153,1453,2823.66
24264,-4.3299,0.2167,10.8577,1463,2823.66
24269,0.1688,2.8144,9.6091,1479,2823.66
24274,2.2146,3.6631,10.4698,1459,2823.66
24279,-2.0518,0.4848,11.9159,1455,2823.66
24284,-3.7649,-0.6476,11.643,1461,2823.66
24289,-1.3192,2.4816,9.4248,1487,2823.93
24294,1.9273,3.808,10.3178,1469,2823.93
24299,-1.3803,1.2881,11.5652,1455,2823.93
24304,-2.7785,-1.2043,12.0057,1464,2823.93
24309,-2.9389,1.9477,9.5062,1485,2823.93
24314,1.67,3.5458,10.2053,1453,2823.93
24319,0.844,2.132,11.2168,1467,2823.93
24324,-1.7059,-1.2857,12.2511,1459,2823.93
24329,-4.0151,1.1396,10.0628,1471,2823.93
24334,1.0534,3.1077,9.9288,1465,2823.53
24339,2.1488,3.0095,10.7763,1455,2823.53
24344,-1.4617,-0.4956,12.1745,1459,2823.53
24349,-4.3467,0.2071,10.7895,1461,2823.53
24354,0.0515,2.8515,9.6546,1479,2823.13
24359,2.144,3.7098,10.4974,1460,2823.13
24364,-2.0267,0.5291,11.9806,1452,2823.13
24369,-3.869,-0.559,11.5448,1461,2823.13
24374,-1.2701,2.5115,9.3446,1485,2823.13
24379,2.0099,3.8654,10.3106,1465,2823.13
24384,-1.4497,1.2773,11.5616,1455,2823.13
24389,-2.7378,-1.2641,12.0357,1463,2823.13
24394,-2.8479,1.9285,9.499,1471,2822.33
24399,1.6604,3.5422,10.2328,1453,2822.33
24404,0.729,2.059,11.163,1465,2822.33
24409,-1.7717,-1.3611,12.2583,1458,2822.33
24414,-4.0534,1.1145,10.064,1469,2822.33
24419,1.0714,3.1053,9.9958,1465,2823.13
24424,2.083,2.9939,10.7488,1453,2823.13
24429,-1.5179,-0.4549,12.2404,1459,2823.13
24434,-4.3527,0.3112,10.884,1462,2823.13
24439,0.2047,2.9102,9.6534,1477,2822.73
24444,2.229,3.705,10.4423,1463,2822.73
24449,-2.0171,0.486,11.9147,1453,2822.73
24454,-3.7876,-0.6081,11.5496,1461,2822.73
24459,-1.2929,2.4828,9.3434,1483,2823.0
24464,1.9441,3.7852,10.2663,1465,2823.0
24469,-1.3635,1.2186,11.5927,1455,2823.0
24474,-2.7557,-1.2534,12.038,1464,2823.0
24479,-2.9197,1.9166,9.5684,1464,2823.26
24484,1.5921,3.4895,10.2149,1457,2823.26
24489,0.7913,2.1081,11.1594,1464,2823.26
24494,-1.7957,-1.2198,12.2236,1456,2823.26
24499,-4.0462,1.1815,10.0413,1471,2823.26
24504,1.1301,3.2178,9.9838,1464,2823.26
24509,2.1428,2.9916,10.8014,1452,2823.26
24514,-1.4569,-0.4764,12.1733,1461,2823.26
24519,-4.2581,0.1975,10.8146,1460,2823.26
24524,0.1113,2.7892,9.5493,1479,2823.53
24529,2.162,3.6787,10.4686,1460,2823.53
24534,-1.9261,0.4872,12.0177,1451,2823.53
24539,-3.9157,-0.6237,11.5939,1461,2823.53
24544,-1.2677,2.4888,9.4056,1483,2823.8
24549,2.0135,3.863,10.3238,1466,2823.8
24554,-1.5467,1.2582,11.5113,1453,2823.8
24559,-2.7414,-1.1935,12.0536,1465,2823.8
24564,-2.8419,1.9417,9.5098,1477,2823.53
24569,1.6975,3.547,10.2795,1451,2823.53
24574,0.7314,2.0291,11.145,1465,2823.53
24579,-1.7454,-1.3168,12.2463,1455,2823.53
24584,-4.0366,1.1372,9.9838,1470,2823.53
24589,1.1301,3.1532,9.997,1465,2823.26
24594,2.1332,2.9796,10.7464,1459,2823.26
24599,-1.4952,-0.5195,12.2511,1451,2823.26
24604,-4.3981,0.2957,10.8733,1459,2823.26
24609,0.1856,2.9113,9.7001,1479,2823.0
24614,2.1895,3.723,10.4172,1459,2823.0
24619,-2.0638,0.4597,11.9207,1454,2823.0
24624,-3.8499,-0.5243,11.5879,1455,2823.0
24629,-1.2055,2.4924,9.432,1483,2822.33
24634,1.9944,3.8523,10.3142,1465,2822.33
24639,-1.4162,1.2079,11.5796,1455,2822.33
24644,-2.7461,-1.2474,12.0392,1463,2822.33
24649,-2.8252,1.8842,9.5433,1483,2821.8
24654,1.6221,3.4776,10.2412,1454,2821.8
24659,0.7207,2.0794,11.2204,1464,2821.8
24664,-1.8136,-1.3096,12.2308,1455,2821.8
24669,-4.0582,1.1672,10.1203,1468,2821.8
24674,1.081,3.1304,9.9922,1467,2821.54
24679,2.0674,3.0311,10.7967,1455,2821.54
24684,-1.5287,-0.4788,12.2416,1454,2821.54
24689,-4.2784,0.3136,10.914,1460,2821.54
24694,0.1209,2.8671,9.5888,1478,2821.67
24699,2.2194,3.6907,10.4627,1455,2821.67
24704,-1.9333,0.4657,11.9447,1453,2821.67
24709,-3.8511,-0.6069,11.6107,1451,2821.67
24714,-1.2354,2.4852,9.3494,1483,2821.94
24719,1.9609,3.8199,10.3406,1463,2821.94
24724,-1.4844,1.2043,11.5784,1449,2821.94
24729,-2.7485,-1.2127,12.0464,1467,2821.94
24734,-2.9317,1.9261,9.5361,1469,2821.54
24739,1.6065,3.5865,10.2232,1455,2821.54
24744,0.7901,2.1272,11.1582,1463,2821.54
24749,-1.7454,-1.2486,12.226,1453,2821.54
24754,-4.0725,1.1408,10.0772,1469,2821.54
24759,1.1468,3.1484,9.9934,1467,2822.47
24764,2.2122,3.0071,10.7236,1461,2822.47
24769,-1.4617,-0.5028,12.1422,1450,2822.47
24774,-4.2772,0.1664,10.8745,1455,2822.47
24779,0.0443,2.8048,9.6235,1479,2822.2
24784,2.1105,3.6811,10.4291,1460,2822.2
24789,-2.0243,0.5255,11.9734,1452,2822.2
24794,-3.8846,-0.5614,11.6442,1455,2822.2
24799,-1.2785,2.5055,9.4164,1483,2822.2
24804,1.9932,3.8834,10.2963,1463,2822.2
24809,-1.4114,1.3336,11.5712,1455,2822.2
24814,-2.6839,-1.2175,12.0201,1467,2822.2
24819,-2.9269,1.9309,9.5098,1467,2822.2
24824,1.6472,3.5063,10.1502,1452,2822.2
24829,0.8511,2.0877,11.1127,1461,2822.2
24834,-1.7346,-1.318,12.2032,1454,2822.2
24839,-4.0546,1.0906,10.1275,1467,2822.2
24844,1.057,3.1029,9.9683,1465,2822.6
24849,2.0949,3.0622,10.7536,1453,2822.6
24854,-1.5467,-0.5183,12.2212,1449,2822.6
24859,-4.2988,0.2442,10.9188,1455,2822.6
24864,0.079,2.8683,9.6163,1467,2822.47
24869,2.1656,3.7972,10.404,1453,2822.47
24874,-1.9692,0.5567,11.9626,1451,2822.47
24879,-3.7505,-0.6033,11.5329,1451,2822.47
24884,-1.2797,2.4505,9.2548,1471,2822.47
24889,1.9752,3.7876,10.2951,1459,2822.47
24894,-1.3372,1.2725,11.5532,1455,2822.47
24899,-2.7797,-1.324,12.0261,1467,2822.47
24904,-2.9521,1.9022,9.5553,1467,2822.73
24909,1.6089,3.474,10.2484,1453,2822.73
24914,0.7673,2.0949,11.0947,1455,2822.73
24919,-1.7502,-1.2186,12.1805,1453,2822.73
24924,-4.0546,1.1025,10.137,1465,2822.73
24929,1.008,3.1759,10.0317,1465,2823.26
24934,2.1979,3.0837,10.6925,1455,2823.26
24939,-1.4234,-0.4034,12.1997,1449,2823.26
24944,-4.2796,0.2286,10.829,1439,2823.26
24949,0.0646,2.8479,9.5816,1471,2823.66
24954,2.2158,3.6655,10.4124,1459,2823.66
24959,-1.9297,0.516,11.9698,1453,2823.66
24964,-3.8726,-0.7338,11.6179,1453,2823.66
24969,-1.3695,2.4469,9.3565,1471,2823.8
24974,1.9501,3.8211,10.3274,1460,2823.8
24979,-1.4341,1.3348,11.5843,1453,2823.8
24984,-2.7198,-1.1815,12.1099,1465,2823.8
24989,-2.9185,1.9249,9.4978,1467,2824.06
24994,1.6723,3.5829,10.1778,1449,2824.06
24999,0.8727,2.1308,11.1941,1462,2824.06
25004,-1.6831,-1.2115,12.2284,1459,2824.06
25009,-4.0354,1.0882,10.1107,1467,2824.06
25014,1.008,3.0981,9.9611,1466,2823.66
25019,2.1129,2.976,10.7392,1459,2823.66
25024,-1.4653,-0.504,12.1889,1449,2823.66
25029,-4.3455,0.2191,10.8505,1455,2823.66
25034,0.0551,2.8168,9.5888,1477,2823.53
25039,2.1715,3.7505,10.5082,1461,2823.53
25044,-2.1201,0.5363,12.0033,1455,2823.53
25049,-3.7769,-0.5578,11.5975,1453,2823.53
25054,-1.3252,2.5043,9.3601,1489,2823.53
25059,1.9944,3.8786,10.3418,1464,2823.53
25064,-1.3707,1.2186,11.485,1452,2823.53
25069,-2.6803,-1.2426,12.0261,1465,2823.53
25074,-2.8683,1.8651,9.4739,1467,2823.53
25079,1.6496,3.5123,10.258,1460,2823.53
25084,0.7805,2.0243,11.1438,1464,2823.53
25089,-1.7897,-1.3491,12.1997,1453,2823.53
25094,-4.1168,1.1145,10.0556,1467,2823.53
25099,1.081,3.1316,9.9826,1467,2823.53
25104,2.083,3.0658,10.744,1454,2823.53
25109,-1.5742,-0.4657,12.2416,1455,2823.53
25114,-4.2677,0.3089,10.9152,1459,2823.53
25119,0.097,2.8611,9.5816,1476,2823.93
25124,2.2254,3.6775,10.4088,1455,2823.93
25129,-1.9525,0.5339,11.9985,1453,2823.93
25134,-3.8439,-0.6081,11.5544,1451,2823.93
25139,-1.2977,2.4529,9.3063,1485,2824.19
25144,2.0099,3.7517,10.2963,1465,2824.19
25149,-1.4533,1.2318,11.6238,1452,2824.19
25154,-2.8443,-1.2665,12.0536,1466,2824.19
25159,-2.8826,1.9249,9.493,1468,2823.93
25164,1.6544,3.5362,10.1921,1453,2823.93
25169,0.6536,2.0937,11.2372,1463,2823.93
25174,-1.8208,-1.2462,12.2416,1457,2823.93
25179,-4.0294,1.1863,10.0126,1467,2823.93
25184,1.1444,3.1651,9.973,1469,2824.19
25189,2.1656,3.0059,10.8266,1455,2824.19
25194,-1.4449,-0.4956,12.2212,1449,2824.19
25199,-4.3,0.1987,10.8386,1459,2824.19
25204,0.1389,2.8228,9.5589,1467,2824.19
25209,2.1775,3.6296,10.471,1459,2824.19
25214,-1.9309,0.5028,11.9734,1453,2824.19
25219,-3.9361,-0.565,11.5927,1454,2824.19
25224,-1.1887,2.4888,9.3518,1483,2824.46
25229,2.0219,3.8906,10.3825,1463,2824.46
25234,-1.5586,1.2546,11.5999,1455,2824.46
25239,-2.7928,-1.1432,12.0632,1462,2824.46
25244,-2.8024,1.9573,9.4822,1471,2824.59
25249,1.7454,3.5781,10.2077,1451,2824.59
25254,0.7242,2.0183,11.2097,1465,2824.59
25259,-1.7789,-1.3443,12.2799,1459,2824.59
25264,-3.9828,1.1528,9.9527,1469,2824.59
25269,1.1779,3.122,9.9575,1466,2824.33
25274,2.1105,2.9509,10.7978,1454,2824.33
25279,-1.5251,-0.577,12.2009,1452,2824.33
25284,-4.4041,0.3268,10.8302,1459,2824.33
25289,0.2083,2.8515,9.5984,1467,2824.46
25294,2.1548,3.7577,10.5082,1461,2824.46
25299,-2.0818,0.4848,11.9926,1455,2824.46
25304,-3.8463,-0.48,11.5939,1454,2824.46
25309,-1.136,2.5223,9.2871,1487,2824.19
25314,2.0458,3.8343,10.2939,1465,2824.19
25319,-1.476,1.2198,11.6466,1455,2824.19
25324,-2.9281,-1.2713,12.0357,1464,2824.19
25329,-2.7605,1.9154,9.4715,1471,2823.93
25334,1.7166,3.4848,10.2424,1451,2823.93
25339,0.486,2.0506,11.2839,1479,2823.93
25344,-1.8675,-1.3192,12.1901,1455,2823.93
25349,-3.96,1.2067,9.9922,1471,2823.93
25354,1.0451,3.158,9.9838,1469,2824.06
25359,2.0458,3.0083,10.8577,1459,2824.06
25364,-1.4641,-0.5112,12.2356,1453,2824.06
25369,-4.3515,0.3986,10.7943,1456,2824.06
25374,0.3089,2.8826,9.5433,1471,2823.93
25379,2.2529,3.6751,10.5357,1461,2823.93
25384,-1.9118,0.4178,11.9614,1453,2823.93
25389,-3.9002,-0.5806,11.5245,1455,2823.93
25394,-1.1289,2.5199,9.3386,1483,2823.8
25399,1.9776,3.8295,10.3777,1464,2823.8
25404,-1.5862,1.221,11.6957,1454,2823.8
25409,-2.9856,-1.221,11.983,1465,2823.8
25414,-2.7402,2.0243,9.3709,1471,2823.53
25419,1.7538,3.5997,10.24,1447,2823.53
25424,0.5148,1.9501,11.2575,1462,2823.53
25429,-1.895,-1.3216,12.2092,1459,2823.53
25441,0.0,-29.9981,0.1556,1468,2824.33
25445,2.0865,2.9269,10.8529,1459,2824.33
25450,-1.4114,-0.6177,12.2116,1461,2824.33
25455,-4.2677,0.3304,10.7212,1445,2824.33
25460,0.1856,2.8156,9.572,1477,2823.8
25465,2.15,3.6272,10.4902,1459,2823.8
25470,-1.9417,0.4393,12.1123,1455,2823.8
25475,-4.0378,-0.4717,11.552,1459,2823.8
25480,-1.0451,2.5857,9.3889,1486,2824.46
25485,2.0638,3.893,10.3813,1463,2824.46
25490,-1.6939,1.221,11.6418,1455,2824.46
25495,-2.8754,-1.1624,12.0129,1461,2824.46
25500,-2.6731,1.9824,9.3745,1469,2824.33
25505,1.737,3.5482,10.2316,1459,2824.33
25510,0.5064,1.9501,11.2934,1467,2824.33
25515,-1.919,-1.421,12.2236,1461,2824.33
25520,-3.9528,1.1923,9.9072,1463,2824.33
25525,1.239,3.1867,10.058,1459,2824.33
25530,2.0255,2.9281,10.9044,1460,2824.33
25535,-1.5131,-0.6345,12.2428,1463,2824.33
25540,-4.3275,0.4369,10.7751,1461,2824.33
25545,0.2921,2.9042,9.6642,1481,2824.06
25550,2.2182,3.6559,10.5548,1459,2824.06
25555,-1.8902,0.4142,12.0129,1455,2824.06
25560,-3.9337,-0.4621,11.4275,1465,2824.06
25565,-0.9888,2.5702,9.3326,1482,2823.66
25570,2.0806,3.814,10.3382,1463,2823.66
25575,-1.6783,1.1145,11.655,1455,2823.66
25580,-2.9461,-1.2043,11.9806,1459,2823.66
25585,-2.6624,1.9597,9.4511,1479,2823.4
25590,1.7107,3.5745,10.2544,1463,2823.4
25595,0.3759,1.9429,11.2767,1471,2823.4
25600,-1.962,-1.3168,12.1697,1461,2823.4
25605,-3.9181,1.3108,9.8952,1469,2823.4
25610,1.2474,3.2214,10.058,1463,2823.8
25615,2.0865,2.9616,10.8697,1461,2823.8
25620,-1.4257,-0.6165,12.2248,1461,2823.8
25625,-4.3443,0.3663,10.6554,1461,2823.8
25630,0.3388,2.8491,9.5852,1479,2824.19
25635,2.2482,3.614,10.507,1459,2824.19
25640,-1.9285,0.3376,12.0045,1449,2824.19
25645,-3.9313,-0.5028,11.479,1467,2824.19
25650,-1.0116,2.5534,9.3673,1491,2824.33
25655,2.0183,3.8607,10.3765,1459,2824.33
25660,-1.6819,1.1911,11.7388,1455,2824.33
25665,-3.0694,-1.1516,11.9662,1455,2824.33
25670,-2.5821,2.0147,9.3661,1493,2824.46
25675,1.8411,3.6356,10.2711,1463,2824.46
25680,0.3196,1.9417,11.2827,1465,2824.46
25685,-1.8998,-1.3431,12.2392,1459,2824.46
25690,-3.8726,1.2641,9.8581,1463,2824.46
25695,1.2043,3.2034,10.003,1464,2824.59
25700,1.9692,2.7904,10.8912,1461,2824.59
25705,-1.4186,-0.7578,12.1901,1461,2824.59
25710,-4.3515,0.425,10.6602,1459,2824.59
25715,0.3579,2.9269,9.7001,1479,2824.86
25720,2.2314,3.638,10.5991,1461,2824.86
25725,-1.9956,0.3699,12.0704,1453,2824.86
25730,-3.9792,-0.3747,11.5029,1466,2824.86
25735,-0.9493,2.569,9.3589,1491,2824.73
25740,2.0446,3.8547,10.3418,1462,2824.73
25745,-1.7741,1.1145,11.631,1453,2824.73
25750,-2.9329,-1.1277,11.9818,1459,2824.73
25755,-2.5522,1.9944,9.3769,1492,2824.99
25760,1.7298,3.5698,10.2699,1469,2824.99
25765,0.2705,1.8962,11.315,1467,2824.99
25770,-1.9417,-1.3922,12.2068,1459,2824.99
25775,-3.8463,1.318,9.8605,1455,2824.99
25780,1.2366,3.2166,10.0221,1463,2825.26
25785,1.9381,2.8431,10.9164,1461,2825.26
25790,-1.4676,-0.6943,12.2811,1461,2825.26
25795,-4.4233,0.5387,10.6722,1461,2825.26
25800,0.4633,2.9377,9.6857,1481,2825.39
25805,2.2913,3.6069,10.5129,1461,2825.39
25810,-1.9381,0.2658,12.0656,1453,2825.39
25815,-3.9253,-0.413,11.4048,1465,2825.39
25820,-0.8428,2.5666,9.268,1485,2825.12
25825,2.0482,3.7685,10.4004,1461,2825.12
25830,-1.7741,1.057,11.7663,1452,2825.12
25835,-3.158,-1.1815,11.9195,1459,2825.12
25840,-2.46,2.1524,9.3625,1491,2824.73
25845,1.8232,3.6488,10.3118,1461,2824.73
25850,0.1173,1.901,11.4203,1471,2824.73
25855,-2.077,-1.3671,12.1374,1453,2824.73
25860,-3.7828,1.4425,9.8067,1460,2824.73
25865,1.3994,3.2609,10.0604,1465,2825.12
25870,1.919,2.7761,10.9666,1461,2825.12
25875,-1.415,-0.7578,12.2116,1461,2825.12
25880,-4.2844,0.5327,10.5333,1460,2825.12
25885,0.4417,2.9353,9.6953,1471,2825.39
25890,2.2266,3.5135,10.5632,1460,2825.39
25895,-1.816,0.2095,12.0584,1453,2825.39
25900,-4.136,-0.3519,11.3892,1469,2825.39
25905,-0.7865,2.6025,9.4272,1487,2825.92
25910,2.0566,3.8666,10.3729,1461,2825.92
25915,-1.8627,1.0558,11.7615,1455,2825.92
25920,-3.2513,-1.087,11.88,1459,2825.92
25925,-2.3128,2.1679,9.3721,1480,2826.59
25930,1.8902,3.6811,10.2711,1463,2826.59
25935,-0.0263,1.7945,11.321,1465,2826.59
25940,-2.0458,-1.4066,12.1985,1459,2826.59
25945,-3.6847,1.4449,9.7815,1459,2826.59
25950,1.2869,3.2322,10.0509,1467,2827.12
25955,1.8016,2.6959,11.0002,1464,2827.12
25960,-1.4844,-0.9134,12.1901,1460,2827.12
25965,-4.3862,0.6273,10.4303,1461,2827.12
25970,0.589,2.9473,9.7181,1469,2827.79
25975,2.2745,3.541,10.6386,1463,2827.79
25980,-1.8806,0.1365,12.141,1455,2827.79
25985,-4.1276,-0.1927,11.3509,1464,2827.79
25990,-0.5878,2.6576,9.3805,1471,2827.92
25995,2.1045,3.8211,10.3202,1459,2827.92
26000,-1.8998,1.0104,11.7926,1451,2827.92
26005,-3.3303,-1.0606,11.9052,1459,2827.92
26010,-2.1668,2.1799,9.3194,1479,2827.39
26015,1.9178,3.6416,10.325,1465,2827.39
26020,-0.2981,1.6568,11.4323,1465,2827.39
26025,-2.2865,-1.5012,12.1829,1455,2827.39
26030,-3.5877,1.4952,9.6414,1455,2827.39
26035,1.4186,3.31,10.1023,1471,2826.86
26040,1.6592,2.6121,10.9978,1465,2826.86
26045,-1.5586,-0.9038,12.2643,1455,2826.86
26050,-4.3144,0.7602,10.471,1455,2826.86
26055,0.7326,3.0382,9.8138,1464,2826.59
26060,2.2781,3.4644,10.6219,1455,2826.59
26065,-1.7741,0.0706,12.1338,1458,2826.59
26070,-4.1647,-0.2227,11.1486,1460,2826.59
26075,-0.4717,2.6671,9.3518,1481,2826.59
26080,2.0901,3.7637,10.3669,1459,2826.59
26085,-1.9561,0.8559,11.8681,1461,2826.59
26090,-3.4572,-0.9804,11.8226,1459,2826.59
26095,-1.962,2.2326,9.3099,1493,2826.46
26100,1.9297,3.7302,10.3214,1465,2826.46
26105,-0.5231,1.6161,11.4227,1459,2826.46
26110,-2.3188,-1.385,12.1877,1456,2826.46
26115,-3.4273,1.6053,9.6151,1463,2826.46
26120,1.5119,3.3483,10.1059,1471,2826.32
26125,1.5694,2.4852,11.0887,1461,2826.32
26130,-1.5131,-1.0319,12.1997,1455,2826.32
26135,-4.2665,0.7506,10.313,1459,2826.32
26140,0.7949,2.9975,9.7923,1465,2826.99
26145,2.2218,3.3531,10.6267,1465,2826.99
26150,-1.7382,-0.0802,12.1494,1459,2826.99
26155,-4.2713,-0.1041,11.1606,1461,2826.99
26160,-0.3699,2.709,9.4499,1485,2826.59
26165,2.1452,3.8487,10.4375,1455,2826.59
26170,-2.0698,0.832,11.8369,1463,2826.59
26175,-3.5614,-0.8571,11.7795,1459,2826.59
26180,-1.8435,2.32,9.25,1470,2825.92
26185,1.9489,3.7792,10.2975,1467,2825.92
26190,-0.7266,1.5119,11.4551,1461,2825.92
26195,-2.411,-1.4222,12.1458,1464,2825.92
26200,-3.3651,1.6257,9.5349,1478,2824.46
26205,1.5251,3.3291,10.1382,1465,2824.46
26210,1.3755,2.4349,11.0564,1465,2824.46
26215,-1.6113,-1.1301,12.2487,1455,2824.46
26220,-4.2629,0.8464,10.3094,1463,2824.46
26225,0.893,3.0454,9.8881,1468,2826.06
26230,2.2278,3.3567,10.7141,1465,2826.06
26235,-1.6819,-0.1389,12.1602,1461,2826.06
26240,-4.2497,0.0323,11.1091,1461,2826.06
26245,-0.2143,2.7821,9.4703,1491,2824.99
26250,2.1763,3.7721,10.3693,1455,2824.99
26255,-1.998,0.7578,11.8609,1463,2824.99
26260,-3.5398,-0.8703,11.7388,1461,2824.99
26265,-1.7621,2.2829,9.2751,1487,2824.73
26270,1.9118,3.7026,10.3046,1465,2824.73
26275,-0.8392,1.482,11.5053,1461,2824.73
26280,-2.4708,-1.3755,12.0859,1463,2824.73
26285,-3.2956,1.6807,9.5876,1467,2824.33
26290,1.567,3.395,10.1658,1463,2824.33
26295,1.3431,2.46,11.1199,1467,2824.33
26300,-1.6305,-1.0822,12.2308,1451,2824.33
26305,-4.1982,0.8966,10.307,1461,2824.33
26310,0.9086,3.0454,9.7827,1471,2824.33
26315,2.2685,3.2609,10.6877,1465,2824.33
26320,-1.6017,-0.2227,12.1111,1463,2824.33
26325,-4.288,-0.0383,11.0253,1460,2824.33
26330,-0.1879,2.7509,9.5014,1480,2824.46
26335,2.1249,3.8415,10.4746,1461,2824.46
26340,-2.0842,0.747,11.9124,1465,2824.46
26345,-3.6308,-0.7889,11.7555,1455,2824.46
26350,-1.7202,2.3631,9.3194,1487,2824.59
26355,1.9788,3.7721,10.3011,1465,2824.59
26360,-0.9445,1.4856,11.5149,1455,2824.59
26365,-2.563,-1.3767,12.0883,1466,2824.59
26370,-3.2274,1.7693,9.59,1477,2824.59
26375,1.6436,3.4405,10.1538,1464,2824.59
26380,1.2641,2.3248,11.1031,1471,2824.59
26385,-1.5957,-1.2007,12.1781,1455,2824.59
26390,-4.1946,0.9062,10.1251,1463,2824.59
26395,0.9361,3.0203,9.9048,1471,2824.86
26400,2.2254,3.2465,10.7655,1461,2824.86
26405,-1.5646,-0.2179,12.2068,1459,2824.86
26410,-4.3443,0.0622,11.0097,1460,2824.86
26415,-0.1221,2.8204,9.5517,1461,2824.99
26420,2.156,3.8379,10.4375,1461,2824.99
26425,-2.0997,0.7518,11.9219,1463,2824.99
26430,-3.5985,-0.7578,11.7531,1465,2824.99
26435,-1.6305,2.3679,9.3601,1487,2825.12
26440,1.9178,3.7733,10.3118,1463,2825.12
26445,-0.9637,1.4126,11.5317,1451,2825.12
26450,-2.5774,-1.3838,12.1015,1465,2825.12
26455,-3.1316,1.7705,9.5469,1493,2825.26
26460,1.5897,3.383,10.1478,1459,2825.26
26465,1.1708,2.2745,11.1713,1465,2825.26
26470,-1.7274,-1.2139,12.1961,1453,2825.26
26475,-4.2246,0.9565,10.1969,1466,2825.26
26480,0.9756,3.1208,9.8665,1468,2824.99
26485,2.1967,3.2417,10.7775,1460,2824.99
26490,-1.5814,-0.2502,12.1889,1463,2824.99
26495,-4.2557,0.1161,10.9535,1459,2824.99
26500,-0.0227,2.8575,9.5074,1465,2824.73
26505,2.1715,3.7996,10.4627,1461,2824.73
26510,-2.0207,0.6416,11.8812,1451,2824.73
26515,-3.711,-0.7973,11.6669,1463,2824.73
26520,-1.555,2.3858,9.3458,1486,2824.86
26525,1.9752,3.7409,10.3645,1461,2824.86
26530,-1.1217,1.3874,11.5736,1454,2824.86
26535,-2.6707,-1.3551,12.0632,1465,2824.86
26540,-3.1053,1.8124,9.5325,1491,2824.99
26545,1.6616,3.4429,10.2137,1455,2824.99
26550,1.0894,2.2386,11.1618,1467,2824.99
26555,-1.6987,-1.2151,12.2212,1450,2824.99
26560,-4.1456,0.9828,10.1059,1467,2824.99
26565,1.0331,3.0861,9.9347,1468,2825.39
26570,2.2458,3.1292,10.7428,1461,2825.39
26575,-1.5203,-0.3065,12.1578,1461,2825.39
26580,-4.306,0.1317,10.9343,1456,2825.39
26585,-0.067,2.7785,9.5565,1465,2825.79
26590,2.1344,3.7541,10.4686,1463,2825.79
26595,-2.0435,0.65,11.9973,1455,2825.79
26600,-3.8152,-0.6943,11.6095,1463,2825.79
26605,-1.4365,2.4624,9.3326,1491,2825.79
26610,2.0279,3.8786,10.3202,1455,2825.79
26615,-1.2677,1.3838,11.576,1453,2825.79
26620,-2.6659,-1.2785,12.0787,1465,2825.79
26625,-3.0047,1.8208,9.4739,1491,2825.92
26630,1.6305,3.4848,10.1406,1459,2825.92
26635,0.9685,2.156,11.1941,1463,2825.92
26640,-1.7358,-1.2929,12.208,1455,2825.92
26645,-4.124,1.0427,10.0233,1467,2825.92
26650,1.0618,3.1244,9.9575,1477,2825.79
26655,2.1799,3.0969,10.8266,1461,2825.79
26660,-1.5718,-0.3855,12.2212,1463,2825.79
26665,-4.3407,0.2538,10.9176,1455,2825.79
26670,0.0898,2.8718,9.5421,1471,2826.46
26675,2.217,3.7697,10.4698,1461,2826.46
26680,-2.0075,0.6081,11.9626,1465,2826.46
26685,-3.8379,-0.6524,11.5772,1463,2826.46
26690,-1.312,2.4744,9.3075,1481,2826.86
26695,2.0458,3.8176,10.3465,1460,2826.86
26700,-1.3324,1.2785,11.5951,1458,2826.86
26705,-2.8299,-1.2869,11.9866,1467,2826.86
26710,-2.9221,1.8603,9.4224,1495,2827.39
26715,1.6771,3.4764,10.2364,1459,2827.39
26720,0.7518,2.1249,11.1797,1459,2827.39
26725,-1.9154,-1.2833,12.2811,1455,2827.39
26730,-4.0474,1.1564,10.0509,1467,2827.39
26735,1.1624,3.1891,9.9719,1471,2826.99
26740,2.1261,3.0801,10.8254,1455,2826.99
26745,-1.5407,-0.4645,12.2667,1453,2826.99
26750,-4.3682,0.3136,10.7464,1459,2826.99
26755,0.2382,2.8084,9.5265,1471,2826.32
26760,2.2458,3.6823,10.4543,1461,2826.32
26765,-2.0123,0.4046,12.0632,1459,2826.32
26770,-3.9361,-0.6033,11.5484,1457,2826.32
26775,-1.1552,2.4505,9.3051,1483,2826.46
26780,2.0016,3.8547,10.3884,1465,2826.46
26785,-1.5778,1.2761,11.6634,1460,2826.46
26790,-3.0059,-1.2007,11.977,1471,2826.46
26795,-2.7869,1.992,9.4116,1494,2826.72
26800,1.8292,3.565,10.2448,1459,2826.72
26805,0.5315,2.0578,11.2635,1464,2826.72
26810,-1.8926,-1.2989,12.1973,1454,2826.72
26815,-3.8918,1.2246,9.8916,1469,2826.72
26820,1.2342,3.1687,9.9599,1470,2826.59
26825,2.0758,2.9185,10.8457,1459,2826.59
26830,-1.4617,-0.6488,12.2104,1453,2826.59
26835,-4.2976,0.3436,10.6925,1460,2826.59
26840,0.2514,2.8311,9.6558,1479,2826.72
26845,2.1644,3.6955,10.5955,1461,2826.72
26850,-2.0016,0.3843,12.0201,1455,2826.72
26855,-3.9875,-0.4681,11.4898,1455,2826.72
26860,-0.9912,2.5486,9.3218,1479,2826.86
26865,2.083,3.9085,10.3549,1463,2826.86
26870,-1.7035,1.1827,11.6657,1451,2826.86
26875,-2.8994,-1.2019,11.9566,1467,2826.86
26880,-2.6228,1.9537,9.3721,1469,2826.99
26885,1.7526,3.5087,10.2484,1451,2826.99
26890,0.4477,1.9082,11.2755,1465,2826.99
26895,-1.9872,-1.397,12.123,1459,2826.99
26900,-3.9636,1.2953,9.8665,1480,2826.99
26905,1.312,3.1987,10.0509,1465,2827.25
26910,1.9776,2.897,10.8816,1456,2827.25
26915,-1.5443,-0.6979,12.2703,1452,2827.25
26920,-4.3539,0.5148,10.6745,1459,2827.25
26925,0.4034,2.9042,9.6534,1479,2827.12
26930,2.2697,3.6476,10.556,1461,2827.12
26935,-2.0051,0.3328,12.1051,1439,2827.12
26940,-3.9444,-0.3915,11.4036,1459,2827.12
26945,-0.9194,2.5678,9.323,1486,2826.86
26950,2.0818,3.7685,10.3693,1467,2826.86
26955,-1.7011,1.0702,11.7519,1459,2826.86
26960,-3.1903,-1.221,11.8848,1465,2826.86
26965,-2.4541,2.0674,9.3422,1487,2826.86
26970,1.8878,3.6224,10.3142,1454,2826.86
26975,0.0922,1.8974,11.4084,1464,2826.86
26980,-2.0794,-1.3707,12.2272,1460,2826.86
26985,-3.7745,1.4521,9.7971,1467,2826.86
26990,1.3515,3.2729,10.088,1466,2826.86
26995,1.9704,2.7928,10.9439,1458,2826.86
27000,-1.4617,-0.7446,12.1973,1460,2826.86
27005,-4.3515,0.5112,10.4902,1460,2826.86
27010,0.5004,2.9221,9.6941,1481,2827.12
27015,2.2745,3.5027,10.5836,1461,2827.12
27020,-1.8639,0.2203,12.1218,1454,2827.12
27025,-4.1156,-0.4046,11.3437,1463,2827.12
27030,-0.7925,2.5881,9.4152,1487,2827.39
27035,2.0518,3.8894,10.3537,1463,2827.39
27040,-1.8818,1.0403,11.8118,1455,2827.39
27045,-3.3411,-1.0726,11.9339,1461,2827.39
27050,-2.3391,2.15,9.3637,1479,2827.52
27055,1.9022,3.723,10.3561,1455,2827.52
27060,-0.073,1.798,11.3401,1465,2827.52
27065,-2.0913,-1.3862,12.2344,1455,2827.52
27070,-3.6775,1.4605,9.7037,1464,2827.52
27075,1.3922,3.2669,10.0748,1464,2827.92
27080,1.8328,2.5941,10.9607,1461,2827.92
27085,-1.4916,-0.9397,12.2775,1459,2827.92
27090,-4.3299,0.5914,10.4663,1463,2827.92
27095,0.583,2.9509,9.7947,1481,2827.92
27100,2.2302,3.5063,10.6291,1461,2827.92
27105,-1.8866,0.1197,12.22,1453,2827.92
27110,-4.1228,-0.164,11.2348,1467,2827.92
27115,-0.5722,2.7126,9.4128,1485,2827.65
27120,2.1225,3.9073,10.386,1460,2827.65
27125,-1.9213,0.9457,11.874,1455,2827.65
27130,-3.3208,-1.0511,11.8728,1458,2827.65
27135,-2.0494,2.1668,9.2991,1471,2826.99
27140,1.9118,3.6404,10.3202,1439,2826.99
27145,-0.4046,1.6305,11.4227,1467,2826.99
27150,-2.2565,-1.415,12.1039,1459,2826.99
27155,-3.5602,1.5359,9.6845,1459,2826.99
27160,1.4042,3.3399,10.1538,1463,2826.86
27165,1.5897,2.6061,11.0588,1460,2826.86
27170,-1.5622,-0.9385,12.2092,1463,2826.86
27175,-4.2737,0.7733,10.3465,1461,2826.86
27180,0.7434,3.0011,9.8354,1479,2826.86
27185,2.326,3.4584,10.6063,1459,2826.86
27190,-1.7538,-0.006,12.1194,1453,2826.86
27195,-4.0881,-0.1784,11.2108,1467,2826.86
27200,-0.4657,2.6695,9.4152,1485,2827.12
27205,2.0997,3.7948,10.4244,1459,2827.12
27210,-2.0315,0.8152,11.7771,1455,2827.12
27215,-3.45,-0.9697,11.7843,1460,2827.12
27220,-2.0016,2.2661,9.323,1479,2826.86
27225,1.8531,3.7577,10.3106,1460,2826.86
27230,-0.6129,1.6316,11.4838,1465,2826.86
27235,-2.4193,-1.3384,12.1781,1455,2826.86
27240,-3.4069,1.6915,9.675,1464,2826.86
27245,1.5718,3.4237,10.1191,1469,2827.12
27250,1.4988,2.4912,11.0708,1465,2827.12
27255,-1.5335,-1.0738,12.2344,1465,2827.12
27260,-4.2006,0.8188,10.2627,1459,2827.12
27265,0.7925,3.0023,9.7815,1467,2827.65
27270,2.2541,3.31,10.7021,1465,2827.65
27275,-1.6939,-0.1772,12.2044,1453,2827.65
27280,-4.2473,-0.0718,11.1127,1463,2827.65
27285,-0.3292,2.7473,9.4236,1469,2827.65
27290,2.1656,3.8547,10.4579,1455,2827.65
27295,-2.0602,0.7614,11.9243,1459,2827.65
27300,-3.5769,-0.8332,11.7424,1461,2827.65
27305,-1.7166,2.3427,9.2715,1488,2827.65
27310,2.0135,3.7757,10.2807,1466,2827.65
27315,-0.7841,1.5299,11.4874,1465,2827.65
27320,-2.4181,-1.3755,12.0548,1455,2827.65
27325,-3.2585,1.6712,9.5122,1461,2827.65
27330,1.5419,3.3495,10.1323,1469,2827.39
27335,1.318,2.3655,11.0995,1462,2827.39
27340,-1.6975,-1.2139,12.2056,1459,2827.39
27345,-4.2401,0.9445,10.2735,1459,2827.39
27350,0.9409,3.0394,9.8881,1467,2827.92
27355,2.2553,3.2968,10.7464,1465,2827.92
27360,-1.6951,-0.1939,12.1446,1455,2827.92
27365,-4.2593,0.1185,11.0014,1459,2827.92
27370,-0.1245,2.806,9.4427,1483,2827.79
27375,2.2278,3.8367,10.4639,1454,2827.79
27380,-1.9609,0.6907,11.8645,1465,2827.79
27385,-3.6571,-0.7865,11.7436,1461,2827.79
27390,-1.579,2.3331,9.2225,1491,2827.92
27395,1.9728,3.7409,10.3262,1465,2827.92
27400,-1.0965,1.3707,11.5029,1459,2827.92
27405,-2.7019,-1.3443,12.0249,1461,2827.92
27410,-3.0825,1.7861,9.5062,1469,2826.86
27415,1.6077,3.4477,10.2436,1465,2826.86
27420,1.0379,2.2685,11.2408,1465,2826.86
27425,-1.7813,-1.166,12.2308,1453,2826.86
27430,-4.1887,1.0762,10.0688,1461,2826.86
27435,1.0343,3.1113,9.8809,1466,2827.52
27440,2.229,3.1556,10.7452,1462,2827.52
27445,-1.5706,-0.3615,12.2009,1459,2827.52
27450,-4.2725,0.067,10.908,1453,2827.52
27455,-0.0491,2.7964,9.5241,1483,2826.72
27460,2.1524,3.711,10.4459,1455,2826.72
27465,-2.065,0.5914,11.995,1463,2826.72
27470,-3.7469,-0.7075,11.6466,1463,2826.72
27475,-1.4605,2.4684,9.329,1485,2826.19
27480,1.98,3.8487,10.3549,1463,2826.19
27485,-1.2318,1.3862,11.6442,1459,2826.19
27490,-2.7797,-1.2749,12.0297,1467,2826.19
27495,-2.9628,1.9094,9.4763,1477,2826.46
27500,1.7753,3.4943,10.2532,1464,2826.46
27505,0.9697,2.1476,11.2061,1463,2826.46
27510,-1.7047,-1.3204,12.1961,1453,2826.46
27515,-4.045,1.1061,10.0281,1464,2826.46
27520,1.0511,3.1125,9.8845,1467,2827.12
27525,2.1344,3.0742,10.7787,1461,2827.12
27530,-1.5778,-0.431,12.2224,1459,2827.12
27535,-4.3754,0.2382,10.8014,1467,2827.12
27540,0.1341,2.8383,9.6175,1464,2827.52
27545,2.2122,3.7314,10.4794,1462,2827.52
27550,-2.0482,0.5399,11.9806,1461,2827.52
27555,-3.8774,-0.5578,11.5915,1461,2827.52
27560,-1.2258,2.4936,9.3111,1483,2827.65
27565,2.0638,3.8415,10.3346,1461,2827.65
27570,-1.4856,1.2378,11.6143,1455,2827.65
27575,-2.7509,-1.2965,12.0225,1467,2827.65
27580,-2.8503,1.8938,9.3817,1471,2827.79
27585,1.6783,3.5111,10.2173,1461,2827.79
27590,0.6859,2.0423,11.2468,1464,2827.79
27595,-1.9082,-1.3384,12.2811,1453,2827.79
27600,-4.039,1.2198,9.9874,1465,2827.79
27605,1.2163,3.1735,9.9994,1469,2827.65
27610,2.1033,3.0179,10.8134,1459,2827.65
27615,-1.5622,-0.5028,12.2152,1461,2827.65
27620,-4.3227,0.3687,10.7404,1459,2827.65
27625,0.2586,2.9197,9.5996,1469,2827.25
27630,2.2577,3.6835,10.5692,1463,2827.25
27635,-1.9417,0.4094,12.05,1463,2827.25
27640,-3.8846,-0.5171,11.4622,1463,2827.25
27645,-1.0594,2.5247,9.2715,1485,2826.32
27650,2.0423,3.796,10.3202,1456,2826.32
27655,-1.6532,1.1564,11.6693,1455,2826.32
27660,-2.9939,-1.2103,12.0105,1465,2826.32
27665,-2.6851,2.0087,9.4391,1479,2825.79
27670,1.749,3.6117,10.2939,1453,2825.79
27675,0.4585,1.9668,11.2911,1459,2825.79
27680,-1.9321,-1.3204,12.1841,1454,2825.79
27685,-3.8798,1.2977,9.8809,1467,2825.79
27690,1.2953,3.213,10.0161,1471,2825.66
27695,2.077,2.8778,10.8661,1463,2825.66
27700,-1.4365,-0.6488,12.1865,1461,2825.66
27705,-4.3191,0.3663,10.7356,1455,2825.66
27710,0.3172,2.8383,9.5996,1471,2826.32
27715,2.1883,3.6547,10.4806,1462,2826.32
27720,-2.0279,0.3472,12.0297,1463,2826.32
27725,-3.9971,-0.4357,11.5257,1463,2826.32
27730,-0.9804,2.5881,9.3781,1485,2827.12
27735,2.0638,3.869,10.3884,1461,2827.12
27740,-1.7178,1.1624,11.7376,1451,2827.12
27745,-3.0837,-1.1576,11.977,1467,2827.12
27750,-2.4553,2.0865,9.3362,1467,2827.25
27755,1.8591,3.6368,10.2065,1455,2827.25
27760,0.2622,1.8759,11.2779,1461,2827.25
27765,-1.9345,-1.4066,12.1973,1453,2827.25
27770,-3.7828,1.2869,9.8102,1466,2827.25
27775,1.2546,3.1807,10.0425,1465,2827.79
27780,1.9357,2.8192,10.9702,1455,2827.79
27785,-1.5586,-0.7326,12.2835,1455,2827.79
27790,-4.379,0.5758,10.5692,1459,2827.79
27795,0.5375,2.9425,9.6857,1479,2828.32
27800,2.2661,3.62,10.6087,1461,2828.32
27805,-2.0423,0.231,12.0548,1459,2828.32
27810,-3.9863,-0.328,11.4036,1463,2828.32
27815,-0.7913,2.6145,9.3829,1479,2828.99
27820,2.0734,3.8786,10.3597,1463,2828.99
27825,-1.822,1.0104,11.7376,1459,2828.99
27830,-3.1783,-1.1145,11.8752,1465,2828.99
27835,-2.326,2.1069,9.3889,1467,2829.12
27840,1.8364,3.6272,10.2699,1453,2829.12
27845,-0.0682,1.7992,11.4179,1466,2829.12
27850,-2.2158,-1.3982,12.1661,1455,2829.12
27855,-3.7002,1.4832,9.7887,1469,2829.12
27860,1.3886,3.3255,10.0545,1466,2829.12
27865,1.8004,2.7198,10.9918,1455,2829.12
27870,-1.5407,-0.8691,12.2631,1455,2829.12
27875,-4.3395,0.6871,10.4471,1461,2829.12
27880,0.6309,2.9568,9.7528,1477,2828.99
27885,2.2913,3.4836,10.6781,1463,2828.99
27890,-1.8507,0.0754,12.0955,1456,2828.99
27895,-4.118,-0.261,11.303,1462,2828.99
27900,-0.5555,2.6073,9.3817,1485,2829.79
27905,2.0722,3.8391,10.398,1459,2829.79
27910,-1.9106,0.9254,11.8788,1459,2829.79
27915,-3.4488,-1.0271,11.8573,1483,2829.79
27920,-2.0375,2.2577,9.347,1477,2831.26
27925,1.9142,3.7194,10.2723,1460,2831.26
27930,-0.4334,1.6412,11.4503,1465,2831.26
27935,-2.2733,-1.3803,12.159,1461,2831.26
27940,-3.4716,1.5778,9.6414,1471,2831.26
27945,1.5083,3.3555,10.0389,1460,2832.19
27950,1.6759,2.496,11.0792,1435,2832.19
27955,-1.6328,-1.0606,12.3026,1459,2832.19
27960,-4.3155,0.7865,10.2711,1458,2832.19
27965,0.8631,3.0107,9.7779,1479,2832.99
27970,2.2601,3.3184,10.732,1455,2832.99
27975,-1.7418,-0.1975,12.1997,1453,2832.99
27980,-4.2701,-0.0383,11.0732,1465,2832.99
27985,-0.2921,2.7869,9.4559,1487,2832.73
27990,2.1404,3.8295,10.4686,1460,2832.73
27995,-2.0075,0.8128,11.9519,1459,2832.73
28000,-3.6392,-0.8332,11.7256,1455,2832.73
28005,-1.6676,2.3583,9.2979,1465,2833.13
28010,2.0135,3.7266,10.3154,1462,2833.13
28015,-0.9122,1.4449,11.485,1465,2833.13
28020,-2.5809,-1.4198,12.0835,1459,2833.13
28025,-3.213,1.7633,9.4739,1460,2833.13
28030,1.6077,3.4297,10.1766,1467,2832.99
28035,1.1648,2.2398,11.1534,1463,2832.99
28040,-1.7573,-1.2342,12.2392,1459,2832.99
28045,-4.1731,1.0511,10.0425,1455,2832.99
28050,1.0092,3.1376,9.8533,1465,2832.59
28055,2.2434,3.207,10.7631,1463,2832.59
28060,-1.5981,-0.3879,12.2858,1455,2832.59
28065,-4.2892,0.1987,10.9427,1453,2832.59
28070,0.0706,2.8264,9.4451,1485,2831.52
28075,2.2745,3.784,10.422,1458,2831.52
28080,-2.0638,0.5662,11.977,1463,2831.52
28085,-3.7433,-0.6261,11.5784,1459,2831.52
28090,-1.3467,2.4445,9.2907,1471,2830.32
28095,2.0039,3.8068,10.3597,1467,2830.32
28100,-1.3635,1.2677,11.6478,1459,2830.32
28105,-2.7904,-1.2713,12.0632,1465,2830.32
28110,-2.8778,1.9429,9.3865,1471,2829.79
28115,1.67,3.5159,10.2173,1463,2829.79
28120,0.7673,2.0818,11.2468,1465,2829.79
28125,-1.8028,-1.2761,12.2116,1446,2829.79
28130,-3.9504,1.1576,9.9802,1463,2829.79
28135,1.1372,3.1771,9.9311,1469,2828.72
28140,2.1416,2.9868,10.8242,1467,2828.72
28145,-1.4964,-0.5303,12.2056,1461,2828.72
28150,-4.3,0.3172,10.7583,1455,2828.72
28155,0.1915,2.8599,9.6007,1459,2828.19
28160,2.2098,3.6583,10.5345,1461,2828.19
28165,-2.0267,0.4274,12.0057,1462,2828.19
28170,-3.9289,-0.5303,11.5197,1459,2828.19
28175,-1.1396,2.5163,9.3673,1491,2828.05
28180,2.0039,3.8618,10.3537,1461,2828.05
28185,-1.6257,1.1815,11.6646,1455,2828.05
28190,-2.9257,-1.1696,12.0584,1456,2828.05
28195,-2.6635,1.9956,9.4032,1471,2827.92
28200,1.7968,3.5877,10.2197,1465,2827.92
28205,0.4621,1.9273,11.2755,1465,2827.92
28210,-1.8998,-1.3743,12.2392,1453,2827.92
28215,-3.8846,1.2366,9.9252,1467,2827.92
28220,1.2366,3.2058,9.9886,1467,2827.79
28225,2.0099,2.879,10.8972,1455,2827.79
28230,-1.549,-0.7135,12.2643,1461,2827.79
28235,-4.3335,0.4513,10.6781,1459,2827.79
28240,0.3484,2.9173,9.6498,1467,2827.25
28245,2.2482,3.6428,10.6267,1461,2827.25
28250,-1.9848,0.328,12.1123,1460,2827.25
28255,-3.9899,-0.346,11.4335,1461,2827.25
28260,-0.9266,2.5462,9.3158,1484,2827.12
28265,2.0722,3.8642,10.3813,1459,2827.12
28270,-1.8124,1.0846,11.6885,1455,2827.12
28275,-3.0658,-1.1444,11.9483,1469,2827.12
28280,-2.4433,2.0698,9.4176,1469,2826.72
28285,1.7873,3.5602,10.2005,1453,2826.72
28290,0.1365,1.8232,11.3042,1455,2826.72
28295,-2.0842,-1.4102,12.1781,1449,2826.72
28300,-3.7924,1.3264,9.8318,1465,2826.72
28305,1.2869,3.2489,10.1311,1469,2826.86
28310,1.9405,2.8072,10.9858,1459,2826.86
28315,-1.5586,-0.7398,12.2619,1459,2826.86
28320,-4.3144,0.5698,10.6051,1459,2826.86
28325,0.4968,2.9688,9.7025,1469,2826.59
28330,2.2661,3.5997,10.5417,1463,2826.59
28335,-1.8902,0.2059,12.0692,1459,2826.59
28340,-4.033,-0.3591,11.3401,1460,2826.59
28345,-0.7578,2.6181,9.4104,1485,2826.46
28350,2.1009,3.8439,10.3884,1463,2826.46
28355,-1.8471,0.984,11.7759,1460,2826.46
28360,-3.2058,-1.1109,11.8669,1469,2826.46
28365,-2.3762,2.1452,9.335,1466,2826.19
28370,1.8064,3.6607,10.2197,1455,2826.19
28375,0.0096,1.7621,11.4263,1463,2826.19
28380,-2.1416,-1.3707,12.1841,1452,2826.19
28385,-3.7146,1.4569,9.8174,1463,2826.19
28390,1.3479,3.2765,10.0892,1469,2826.46
28395,1.8842,2.7019,11.0301,1454,2826.46
28400,-1.4653,-0.8332,12.2152,1453,2826.46
28405,-4.2509,0.5782,10.4531,1459,2826.46
28410,0.492,2.9233,9.6462,1478,2826.59
28415,2.2302,3.4931,10.6159,1464,2826.59
28420,-1.8447,0.1544,12.1841,1459,2826.59
28425,-4.1755,-0.2789,11.3342,1461,2826.59
28430,-0.6297,2.6779,9.4092,1485,2826.72
28435,2.1117,3.9241,10.4064,1465,2826.72
28440,-2.0147,0.9936,11.8274,1454,2826.72
28445,-3.2238,-0.9888,11.8716,1467,2826.72
28450,-2.2027,2.1895,9.3338,1481,2826.86
28455,1.8818,3.6763,10.2651,1452,2826.86
28460,-0.2251,1.6652,11.4359,1463,2826.86
28465,-2.1859,-1.4281,12.1183,1459,2826.86
28470,-3.6176,1.4748,9.6582,1469,2826.86
28475,1.4138,3.2561,10.0413,1465,2826.72
28480,1.7526,2.6276,11.0253,1459,2826.72
28485,-1.5455,-0.9864,12.2799,1455,2826.72
28490,-4.3239,0.6991,10.477,1460,2826.72
28495,0.7075,3.0131,9.8294,1471,2826.72
28500,2.2817,3.4919,10.5237,1465,2826.72
28505,-1.8567,0.073,12.1218,1452,2826.72
28510,-4.13,-0.1209,11.1881,1455,2826.72
28515,-0.492,2.7342,9.4128,1486,2826.86
28520,2.0961,3.8128,10.4184,1465,2826.86
28525,-1.9369,0.8679,11.8226,1457,2826.86
28530,-3.3842,-0.9888,11.8142,1464,2826.86
28535,-2.0279,2.2242,9.2919,1487,2826.32
28540,1.9058,3.6643,10.2687,1454,2826.32
28545,-0.4381,1.579,11.4036,1469,2826.32
28550,-2.3248,-1.4246,12.1554,1461,2826.32
28555,-3.4824,1.5682,9.7037,1467,2826.32
28560,1.4054,3.3483,10.1514,1465,2827.12
28565,1.5909,2.5786,11.0648,1453,2827.12
28570,-1.6173,-0.9649,12.2212,1455,2827.12
28575,-4.276,0.7602,10.3561,1461,2827.12
28580,0.7997,3.0047,9.7504,1477,2826.86
28585,2.3224,3.3579,10.659,1461,2826.86
28590,-1.7657,-0.0192,12.1183,1452,2826.86
28595,-4.1456,-0.158,11.1558,1461,2826.86
28600,-0.3926,2.7054,9.4403,1484,2826.99
28605,2.0877,3.8128,10.4303,1463,2826.99
28610,-2.0399,0.8152,11.91,1455,2826.99
28615,-3.4728,-0.9421,11.7771,1465,2826.99
28620,-1.8316,2.2841,9.3027,1479,2826.99
28625,1.9345,3.802,10.3202,1454,2826.99
28630,-0.6847,1.5419,11.4742,1467,2826.99
28635,-2.4373,-1.3898,12.1422,1462,2826.99
28640,-3.3136,1.7119,9.6055,1467,2826.99
28645,1.5718,3.4177,10.1359,1461,2826.86
28650,1.4329,2.3894,11.0864,1455,2826.86
28655,-1.6029,-1.1085,12.208,1455,2826.86
28660,-4.203,0.8272,10.2029,1461,2826.86
28665,0.8308,3.0382,9.8725,1469,2827.12
28670,2.2003,3.3028,10.7188,1459,2827.12
28675,-1.6963,-0.1377,12.1817,1449,2827.12
28680,-4.2748,-0.0024,11.0732,1463,2827.12
28685,-0.2059,2.7605,9.511,1484,2827.12
28690,2.1691,3.8427,10.4303,1480,2827.12
28695,-2.0638,0.7602,11.9447,1456,2827.12
28700,-3.5626,-0.8033,11.7388,1460,2827.12
28705,-1.6556,2.3367,9.3111,1489,2826.86
28710,2.0159,3.7709,10.3034,1463,2826.86
28715,-0.8894,1.4341,11.5341,1471,2826.86
28720,-2.569,-1.3815,12.0919,1460,2826.86
28725,-3.201,1.7214,9.5984,1463,2826.86
28730,1.5862,3.3375,10.1921,1460,2826.99
28735,1.233,2.2889,11.1103,1459,2826.99
28740,-1.7011,-1.1827,12.2619,1460,2826.99
28745,-4.2102,0.9637,10.2017,1461,2826.99
28750,0.9517,3.1053,9.9288,1477,2827.39
28755,2.2374,3.2705,10.7368,1461,2827.39
28760,-1.6939,-0.2322,12.1685,1454,2827.39
28765,-4.2401,0.1149,10.9882,1465,2827.39
28770,-0.0467,2.806,9.4715,1485,2827.52
28775,2.2146,3.7685,10.3848,1461,2827.52
28780,-2.1057,0.6524,11.9076,1459,2827.52
28785,-3.6308,-0.7614,11.6657,1455,2827.52
28790,-1.5586,2.3834,9.3589,1485,2827.92
28795,1.9561,3.8008,10.3202,1463,2827.92
28800,-1.1528,1.3551,11.6023,1464,2827.92
28805,-2.6252,-1.3288,12.1015,1455,2827.92
28810,-3.1005,1.81,9.5026,1459,2827.92
28815,1.6316,3.4584,10.2029,1467,2828.19
28820,1.0487,2.235,11.2348,1461,2828.19
28825,-1.7454,-1.2139,12.2715,1460,2828.19
28830,-4.0977,1.0499,10.1191,1462,2828.19
28835,1.0487,3.0754,9.845,1467,2828.32
28840,2.2841,3.1328,10.7883,1460,2828.32
28845,-1.5095,-0.4429,12.1961,1455,2828.32
28850,-3.96,-0.5567,11.5484,1460,2828.32
28855,-1.1097,2.5247,9.3972,1483,2828.32
28860,2.1751,3.7397,10.4399,1458,2828.32
28865,-1.6891,1.1959,11.6945,1459,2828.32
28870,-2.9724,-1.1588,11.9818,1455,2828.32
28875,-2.6647,2.0279,9.4212,1485,2828.59
28880,1.7561,3.5674,10.1622,1464,2828.59
28885,0.4752,1.9644,11.2875,1461,2828.59
28890,-1.9632,-1.3982,12.2116,1457,2828.59
28895,-3.8738,1.257,9.8521,1455,2828.59
28900,1.251,3.1448,9.9778,1471,2828.59
28905,2.0315,2.8431,10.9403,1463,2828.59
28910,-1.5107,-0.7721,12.2068,1453,2828.59
28915,-4.3395,0.4393,10.6315,1459,2828.59
28920,0.3603,2.9449,9.6606,1463,2828.59
28925,2.2494,3.6607,10.5919,1460,2828.59
28930,-2.0004,0.3244,12.0644,1454,2828.59
28935,-3.9863,-0.3567,11.4156,1459,2828.59
28940,-0.8068,2.5953,9.3398,1477,2828.59
28945,2.1356,3.8666,10.3501,1459,2828.59
28950,-1.81,1.0487,11.7472,1460,2828.59
28955,-3.067,-1.166,11.9135,1459,2828.59
28960,-2.4433,2.1045,9.402,1485,2828.72
28965,1.7777,3.5937,10.2951,1467,2828.72
28970,0.0766,1.798,11.4239,1455,2828.72
28975,-2.0806,-1.4281,12.214,1455,2828.72
28980,-3.7697,1.4293,9.7959,1461,2828.72
28985,1.3228,3.2525,10.0616,1464,2828.72
28990,1.889,2.7665,10.9343,1465,2828.72
28995,-1.5191,-0.8045,12.2823,1451,2828.72
29000,-4.3407,0.6165,10.5405,1461,2828.72
29005,0.5938,2.9975,9.7516,1468,2828.59
29010,2.3092,3.5039,10.5668,1463,2828.59
29015,-1.8316,0.176,12.044,1460,2828.59
29020,-4.0785,-0.3304,11.2767,1459,2828.59
29025,-0.6919,2.5977,9.3661,1471,2828.32
29030,2.1141,3.8044,10.3872,1461,2828.32
29035,-1.9094,0.9876,11.874,1461,2828.32
29040,-3.3136,-1.0558,11.9028,1463,2828.32
29045,-2.2039,2.1763,9.3565,1485,2828.72
29050,1.8352,3.6619,10.2675,1463,2828.72
29055,-0.2586,1.7226,11.406,1451,2828.72
29060,-2.2266,-1.3575,12.2104,1461,2828.72
29065,-3.6129,1.5574,9.7576,1494,2828.85
29070,1.4341,3.3543,10.1143,1456,2828.85
29075,1.7885,2.5857,11.0193,1464,2828.85
29080,-1.5191,-0.9242,12.2607,1451,2828.85
29085,-4.2485,0.68,10.343,1465,2828.85
29090,0.7302,2.9736,9.7456,1470,2828.45
29095,2.2781,3.4345,10.6338,1461,2828.45
29100,-1.8004,0.0084,12.1901,1463,2828.45
29105,-4.1767,-0.1568,11.1809,1455,2828.45
29110,-0.5004,2.6959,9.3853,1467,2828.05
29115,2.1332,3.8367,10.4052,1465,2828.05
29120,-2.0566,0.9649,11.8309,1477,2828.05
29125,-3.4441,-0.9361,11.8681,1460,2828.05
29130,-1.9716,2.2673,9.329,1485,2827.92
29135,1.9728,3.7433,10.2508,1459,2827.92
29140,-0.5327,1.5862,11.4598,1459,2827.92
29145,-2.2589,-1.4186,12.1602,1468,2827.92
29150,-3.4201,1.5778,9.596,1487,2828.05
29155,1.5048,3.3088,10.1263,1455,2828.05
29160,1.4796,2.46,11.0456,1455,2828.05
29165,-1.6161,-1.1133,12.226,1455,2828.05
29170,-4.2665,0.8368,10.3394,1469,2828.05
29175,0.8248,3.0718,9.8593,1468,2827.79
29180,2.2254,3.4405,10.7452,1461,2827.79
29185,-1.7741,-0.0886,12.1518,1456,2827.79
29190,-4.2198,0.0036,11.0828,1453,2827.79
29195,-0.2849,2.7521,9.4607,1471,2827.79
29200,2.2194,3.8487,10.4411,1461,2827.79
29205,-2.0542,0.8128,11.7962,1463,2827.79
29210,-3.5051,-0.8787,11.7843,1462,2827.79
29215,-1.7585,2.2805,9.2871,1485,2828.05
29220,1.9345,3.6978,10.2855,1463,2828.05
29225,-0.8859,1.4485,11.4658,1468,2828.05
29230,-2.5199,-1.3587,12.0799,1465,2828.05
29235,-3.3232,1.7059,9.5804,1493,2828.59
29240,1.5455,3.3794,10.1586,1452,2828.59
29245,1.2821,2.4481,11.1678,1464,2828.59
29250,-1.7119,-1.0714,12.2942,1459,2828.59
29255,-4.1551,0.9792,10.2544,1467,2828.59
29260,0.893,3.0239,9.7971,1469,2828.72
29265,2.3535,3.2226,10.6889,1454,2828.72
29270,-1.5993,-0.2646,12.1458,1452,2828.72
29275,-4.221,-0.0096,11.0109,1459,2828.72
29280,-0.1185,2.739,9.4942,1470,2828.85
29285,2.1931,3.7733,10.5201,1459,2828.85
29290,-2.1368,0.6357,11.9327,1453,2828.85
29295,-3.6547,-0.7626,11.7005,1455,2828.85
29300,-1.6089,2.3966,9.2955,1487,2828.85
29305,1.9656,3.8211,10.3501,1463,2828.85
29310,-1.1013,1.4162,11.5736,1453,2828.85
29315,-2.648,-1.2857,12.0776,1467,2828.85
29320,-3.1244,1.8555,9.5505,1487,2828.32
29325,1.6652,3.474,10.1406,1455,2828.32
29330,1.1396,2.2218,11.1905,1467,2828.32
29335,-1.7322,-1.306,12.1793,1459,2828.32
29340,-4.1324,1.0307,10.1287,1464,2828.32
29345,1.0594,3.0562,9.8916,1467,2828.85
29350,2.1823,3.1244,10.8314,1455,2828.85
29355,-1.6113,-0.4381,12.1913,1455,2828.85
29360,-4.3227,0.1915,10.9283,1461,2828.85
29365,0.0419,2.8491,9.5373,1479,2828.05
29370,2.1967,3.7876,10.5273,1462,2828.05
29375,-2.0806,0.6069,11.9566,1453,2828.05
29380,-3.8307,-0.6009,11.6406,1460,2828.05
29385,-1.2785,2.4936,9.3506,1485,2828.19
29390,2.1093,3.8188,10.3477,1464,2828.19
29395,-1.3731,1.2833,11.5939,1455,2828.19
29400,-2.7246,-1.3192,12.0189,1461,2828.19
29405,-2.9006,1.8938,9.4643,1485,2828.05
29410,1.658,3.4297,10.1718,1459,2828.05
29415,0.753,2.0638,11.2468,1467,2828.05
29420,-1.8878,-1.3743,12.2428,1461,2828.05
29425,-4.0941,1.1815,10.0006,1467,2828.05
29430,1.1061,3.1651,10.0054,1459,2827.79
29435,2.1416,3.0442,10.8362,1459,2827.79
29440,-1.5838,-0.4597,12.2451,1455,2827.79
29445,-4.3371,0.3304,10.7691,1459,2827.79
29450,0.267,2.8874,9.5277,1478,2827.92
29455,2.2805,3.6739,10.5058,1459,2827.92
29460,-1.9872,0.5016,11.9878,1452,2827.92
29465,-3.8798,-0.5878,11.491,1461,2827.92
29470,-1.1241,2.5187,9.3039,1485,2827.92
29475,2.0039,3.7589,10.3561,1459,2827.92
29480,-1.5586,1.2175,11.7017,1454,2827.92
29485,-3.0131,-1.2222,11.9985,1461,2827.92
29490,-2.7438,2.0063,9.4367,1468,2828.05
29495,1.7705,3.5853,10.2699,1459,2828.05
29500,0.5016,2.0315,11.3186,1467,2828.05
29505,-1.9225,-1.306,12.2176,1455,2828.05
29510,-3.9313,1.2869,9.9204,1453,2828.05
29515,1.2773,3.1699,9.9671,1465,2828.32
29520,2.1045,2.8982,10.8397,1463,2828.32
29525,-1.4904,-0.6381,12.1602,1456,2828.32
29530,-4.3862,0.3627,10.6722,1456,2828.32
29535,0.395,2.8742,9.6007,1471,2828.72
29540,2.2613,3.6224,10.5261,1461,2828.72
29545,-2.0686,0.3436,12.05,1455,2828.72
29550,-3.9851,-0.4812,11.4563,1465,2828.72
29555,-0.9697,2.6049,9.3841,1487,2828.72
29560,2.0806,3.9061,10.398,1459,2828.72
29565,-1.7538,1.1456,11.7519,1453,2828.72
29570,-3.1125,-1.1432,11.9782,1459,2828.72
29575,-2.5079,2.0842,9.3721,1467,2828.59
29580,1.8723,3.6248,10.1909,1464,2828.59
29585,0.2155,1.8507,11.309,1465,2828.59
29590,-2.0399,-1.4389,12.232,1453,2828.59
29595,-3.8295,1.318,9.7839,1451,2828.59
29600,1.2653,3.207,10.0556,1469,2828.72
29605,1.8771,2.7569,10.9702,1463,2828.72
29610,-1.5574,-0.7745,12.2475,1459,2828.72
29615,-4.379,0.5794,10.5884,1455,2828.72
29620,0.5339,3.0059,9.7121,1464,2828.72
29625,2.2769,3.5805,10.5943,1464,2828.72
29630,-1.9142,0.2023,12.1015,1455,2828.72
29635,-4.0833,-0.2981,11.3018,1461,2828.72
29640,-0.6847,2.6468,9.3398,1485,2828.72
29645,2.1668,3.8415,10.4267,1466,2828.72
29650,-1.9201,0.9948,11.7819,1463,2828.72
29655,-3.1939,-1.1313,11.9255,1465,2828.72
29660,-2.2936,2.1081,9.3733,1487,2828.72
29665,1.8088,3.6416,10.2807,1465,2828.72
29670,-0.1532,1.6783,11.3928,1459,2828.72
29675,-2.2601,-1.4126,12.2032,1455,2828.72
29680,-3.6847,1.5083,9.7648,1461,2828.72
29685,1.4126,3.3088,10.0963,1470,2828.59
29690,1.7621,2.6839,11.0169,1463,2828.59
29695,-1.5886,-0.8751,12.2104,1453,2828.59
29700,-4.2988,0.6835,10.4435,1453,2828.59
29705,0.6381,2.9461,9.6917,1467,2828.59
29710,2.3379,3.4488,10.6075,1463,2828.59
29715,-1.7825,0.0467,12.0835,1456,2828.59
29720,-4.142,-0.2693,11.1785,1453,2828.59
29725,-0.5339,2.6552,9.3338,1481,2828.72
29730,2.1117,3.8583,10.4064,1455,2828.72
29735,-2.0195,0.8942,11.8321,1463,2828.72
29740,-3.4357,-0.9661,11.8142,1461,2828.72
29745,-1.9992,2.2302,9.2656,1487,2828.59
29750,1.9357,3.7661,10.2975,1465,2828.59
29755,-0.4657,1.6352,11.4395,1455,2828.59
29760,-2.2661,-1.3479,12.2068,1464,2828.59
29765,-3.4273,1.5862,9.6235,1471,2828.45
29770,1.4664,3.3016,10.0987,1461,2828.45
29775,1.6017,2.4576,11.078,1466,2828.45
29780,-1.5598,-1.0798,12.2392,1455,2828.45
29785,-4.2713,0.7518,10.3394,1463,2828.45
29790,0.7374,2.982,9.8246,1468,2829.25
29795,2.2649,3.3698,10.7416,1463,2829.25
29800,-1.7813,-0.0934,12.1637,1461,2829.25
29805,-4.2737,-0.0587,11.1366,1459,2829.25
29810,-0.3112,2.7426,9.4691,1465,2828.99
29815,2.1739,3.8499,10.3992,1461,2828.99
29820,-2.1177,0.8511,11.8908,1461,2828.99
29825,-3.4512,-0.832,11.789,1461,2828.99
29830,-1.7885,2.296,9.3625,1485,2828.72
29835,1.9932,3.735,10.3322,1460,2828.72
29840,-0.729,1.506,11.491,1454,2828.72
29845,-2.4289,-1.47,12.1003,1463,2828.72
29850,-3.2848,1.658,9.5732,1480,2828.19
29855,1.5323,3.3232,10.1742,1455,2828.19
29860,1.3096,2.3427,11.2013,1455,2828.19
29865,-1.6903,-1.154,12.2428,1453,2828.19
29870,-4.2677,0.917,10.2376,1465,2828.19
29875,0.8679,3.067,9.821,1470,2827.92
29880,2.2649,3.2896,10.7332,1458,2827.92
29885,-1.6508,-0.2107,12.1602,1459,2827.92
29890,-4.2126,0.103,11.048,1458,2827.92
29895,-0.1113,2.7976,9.4236,1467,2827.52
29900,2.217,3.7924,10.4627,1463,2827.52
29905,-2.0542,0.6931,11.8908,1455,2827.52
29910,-3.6021,-0.8475,11.7208,1461,2827.52
29915,-1.6041,2.3942,9.2907,1483,2826.99
29920,1.9381,3.7888,10.2855,1461,2826.99
29925,-1.0307,1.4521,11.5963,1454,2826.99
29930,-2.6695,-1.3647,12.0764,1465,2826.99
29935,-3.1615,1.7909,9.5828,1485,2826.59
29940,1.6209,3.4608,10.1969,1454,2826.59
29945,1.1349,2.2936,11.1785,1460,2826.59
29950,-1.6676,-1.1815,12.2009,1453,2826.59
29955,-4.1288,0.9816,10.1167,1465,2826.59
29960,0.9625,3.0933,9.9096,1467,2826.46
29965,2.2422,3.1807,10.744,1460,2826.46
29970,-1.5479,-0.3148,12.1793,1452,2826.46
29975,-4.3455,0.1065,10.9654,1463,2826.46
29980,-0.0419,2.8192,9.5074,1471,2826.19
29985,2.1703,3.7685,10.4196,1461,2826.19
29990,-2.1296,0.6309,11.9339,1455,2826.19
29995,-3.7673,-0.7302,11.6131,1455,2826.19
30000,-1.4629,2.4505,9.3529,1485,2826.32
30005,2.0159,3.8391,10.2891,1463,2826.32
30010,-1.2318,1.3623,11.6095,1455,2826.32
30015,-2.636,-1.3132,12.0488,1469,2826.32
30020,-3.0275,1.8375,9.487,1491,2826.32
30025,1.6616,3.4608,10.1394,1454,2826.32
30030,1.0104,2.1476,11.139,1463,2826.32
30035,-1.7274,-1.2929,12.2439,1455,2826.32
30040,-4.1192,1.0379,10.094,1467,2826.32
30045,1.0259,3.0706,9.8964,1468,2826.32
30050,2.1608,3.0526,10.8553,1459,2826.32
30055,-2.0446,0.4597,12.0357,1451,5863.38
30060,-4.3407,0.2586,10.8062,1455,5863.38
30065,0.073,2.8479,9.5181,1471,5457.03
30070,2.2685,3.7721,10.5201,1461,5457.03
30075,-2.0973,0.5698,11.9818,1455,5457.03
30080,-3.7565,-0.6189,11.6215,1452,5457.03
30085,-1.3216,2.4588,9.2847,1483,2826.72
30090,2.053,3.7948,10.3346,1463,2826.72
30095,-1.3623,1.2677,11.5412,1454,2826.72
30100,-2.8264,-1.3216,11.9686,1460,2826.72
30105,-2.9269,1.8663,9.426,1471,2826.99
30110,1.6975,3.5219,10.2448,1452,2826.99
30115,0.7614,2.1332,11.2312,1463,2826.99
30120,-1.8471,-1.2725,12.2188,1460,2826.99
30125,-4.0366,1.148,10.0102,1469,2826.99
30130,1.093,3.1807,9.9084,1469,2826.99
30135,2.1859,3.0514,10.8062,1455,2826.99
30140,-1.5443,-0.4908,12.2272,1455,2826.99
30145,-4.2784,0.2717,10.8481,1459,2826.99
30150,0.1652,2.8826,9.5828,1477,2827.25
30155,2.2494,3.6919,10.4842,1455,2827.25
30160,-2.0387,0.4597,11.9818,1456,2827.25
30165,-3.8319,-0.595,11.5005,1461,2827.25
30170,-1.2234,2.4708,9.3254,1482,2827.25
30175,1.9944,3.8176,10.3621,1465,2827.25
30180,-1.5538,1.2139,11.6861,1455,2827.25
30185,-2.8587,-1.2306,11.9806,1463,2827.25
30190,-2.7725,1.9573,9.4152,1469,2827.25
30195,1.7274,3.5853,10.143,1455,2827.25
30200,0.6512,1.9776,11.2791,1465,2827.25
30205,-1.8459,-1.3372,12.2344,1461,2827.25
30210,-3.9385,1.2175,9.8677,1468,2827.25
30215,1.1768,3.128,9.9683,1464,2827.39
30220,2.1165,2.9401,10.8649,1455,2827.39
30225,-1.5359,-0.6333,12.1973,1455,2827.39
30230,-4.3515,0.3639,10.7284,1459,2827.39
30235,0.2765,2.8204,9.651,1478,2827.25
30240,2.2458,3.65,10.5967,1460,2827.25
30245,-2.0207,0.3508,12.0309,1453,2827.25
30250,-4.027,-0.4681,11.5436,1461,2827.25
30255,-1.0163,2.563,9.3218,1491,2827.39
30260,2.1177,3.9241,10.3298,1461,2827.39
30265,-1.7107,1.1875,11.6669,1451,2827.39
30270,-3.0227,-1.1995,11.9782,1463,2827.39
30275,-2.5606,1.986,9.3745,1479,2827.12
30280,1.8232,3.5686,10.2783,1455,2827.12
30285,0.3268,1.8771,11.333,1466,2827.12
30290,-2.0159,-1.4305,12.2032,1461,2827.12
30295,-3.899,1.2641,9.8426,1465,2827.12
30300,1.2486,3.201,10.0197,1461,2827.52
30305,1.9549,2.879,10.9188,1456,2827.52
30310,-1.5622,-0.7817,12.2128,1459,2827.52
30315,-4.3946,0.4968,10.635,1456,2827.52
30320,0.4381,2.9209,9.6642,1477,2827.25
30325,2.2841,3.65,10.5536,1451,2827.25
30330,-1.9369,0.2849,12.1218,1453,2827.25
30335,-3.9887,-0.3304,11.3916,1464,2827.25
30340,-0.7913,2.6336,9.3625,1471,2827.25
30345,2.1093,3.8056,10.307,1460,2827.25
30350,-1.798,1.0822,11.6993,1452,2827.25
30355,-3.152,-1.1911,11.9303,1461,2827.25
30360,-2.411,2.0782,9.4164,1491,2827.52
30365,1.7909,3.5793,10.2915,1461,2827.52
30370,0.0622,1.828,11.3796,1467,2827.52
30375,-2.1129,-1.391,12.1793,1454,2827.52
30380,-3.7541,1.4521,9.833,1455,2827.52
30385,1.3228,3.237,10.0305,1465,2827.79
30390,1.9273,2.7845,11.0073,1459,2827.79
30395,-1.5263,-0.7961,12.238,1465,2827.79
30400,-4.306,0.571,10.5441,1455,2827.79
30405,0.5207,2.9568,9.6498,1469,2827.79
30410,2.3068,3.5135,10.586,1461,2827.79
30415,-1.889,0.1808,12.0716,1454,2827.79
30420,-4.1049,-0.3555,11.3234,1465,2827.79
30425,-0.6847,2.6145,9.3781,1482,2828.05
30430,2.0889,3.8367,10.3597,1459,2828.05
30435,-1.9405,1.0199,11.7615,1465,2828.05
30440,-3.2992,-1.057,11.9195,1461,2828.05
30445,-2.1727,2.2134,9.341,1467,2828.19
30450,1.9154,3.6655,10.3058,1465,2828.19
30455,-0.2107,1.7585,11.3581,1461,2828.19
30460,-2.2302,-1.4317,12.1566,1451,2828.19
30465,-3.5937,1.5119,9.6762,1455,2828.19
30470,1.4892,3.286,10.0999,1467,2828.85
30475,1.8016,2.5821,11.0061,1459,2828.85
30480,-1.5347,-0.9409,12.2451,1459,2828.85
30485,-4.3179,0.6476,10.3729,1459,2828.85
30490,0.656,2.9951,9.7504,1465,2828.59
30495,2.2733,3.468,10.5943,1463,2828.59
30500,-1.8052,0.0838,12.1649,1449,2828.59
30505,-4.2473,-0.097,11.2516,1459,2828.59
30510,-0.4549,2.7557,9.4751,1483,2828.19
30515,2.1608,3.8283,10.4004,1461,2828.19
30520,-1.9932,0.8954,11.8106,1465,2828.19
30525,-3.4189,-0.9661,11.8333,1459,2828.19
30530,-1.9716,2.2601,9.323,1487,2827.65
30535,1.9644,3.6811,10.2759,1469,2827.65
30540,-0.4788,1.573,11.4335,1461,2827.65
30545,-2.4014,-1.3791,12.1266,1456,2827.65
30550,-3.486,1.5383,9.6391,1461,2827.65
30555,1.5131,3.3064,10.0892,1471,2827.65
30560,1.5143,2.4948,11.1031,1465,2827.65
30565,-1.6352,-1.0259,12.214,1451,2827.65
30570,-4.2581,0.8188,10.3226,1455,2827.65
30575,0.7685,3.0682,9.8342,1455,2827.79
30580,2.2889,3.3782,10.6566,1464,2827.79
30585,-1.7561,-0.0299,12.1673,1455,2827.79
30590,-4.1503,-0.0826,11.151,1459,2827.79
30595,-0.3184,2.7473,9.4308,1469,2827.65
30600,2.1895,3.7613,10.41,1455,2827.65
30605,-2.0267,0.7841,11.8884,1461,2827.65
30610,-3.5733,-0.9254,11.795,1459,2827.65
30615,-1.8136,2.3152,9.2907,1485,2827.65
30620,1.919,3.7362,10.3549,1464,2827.65
30625,-0.8332,1.5203,11.4563,1453,2827.65
30630,-2.4732,-1.3168,12.1278,1465,2827.65
30635,-3.3243,1.7358,9.6055,1468,2827.52
30640,1.5395,3.4213,10.1825,1461,2827.52
30645,1.3994,2.4157,11.0935,1463,2827.52
30650,-1.6089,-1.0822,12.2846,1452,2827.52
30655,-4.1515,0.9266,10.2185,1463,2827.52
30660,0.8475,3.0538,9.8557,1465,2827.39
30665,2.2984,3.2382,10.7057,1465,2827.39
30670,-1.6149,-0.255,12.1661,1461,2827.39
30675,-4.367,-0.0036,11.0061,1456,2827.39
30680,-0.1808,2.7426,9.5337,1459,2826.99
30685,2.1979,3.7733,10.4076,1461,2826.99
30690,-2.2374,0.6979,11.9554,1465,2826.99
30695,-3.5829,-0.7434,11.7244,1464,2826.99
30700,-1.6592,2.3858,9.335,1487,2826.59
30705,1.9968,3.8379,10.3358,1454,2826.59
30710,-0.9517,1.4712,11.5221,1456,2826.59
30715,-2.6037,-1.3491,12.1171,1464,2826.59
30720,-3.158,1.7298,9.4954,1493,2825.92
30725,1.6903,3.3842,10.1778,1461,2825.92
30730,1.2115,2.2565,11.1486,1467,2825.92
30735,-1.6879,-1.2474,12.2164,1451,2825.92
30740,-4.1348,0.9697,10.2041,1462,2825.92
30745,0.9122,3.0574,9.8557,1451,2825.12
30750,2.2015,3.2346,10.7847,1459,2825.12
30755,-1.658,-0.2801,12.1889,1459,2825.12
30760,-4.2952,0.1496,11.0265,1459,2825.12
30765,-0.0084,2.8168,9.4942,1464,2824.99
30770,2.2374,3.8367,10.4782,1462,2824.99
30775,-2.0865,0.6692,11.8298,1461,2824.99
30780,-3.6751,-0.741,11.6705,1455,2824.99
30785,-1.4856,2.399,9.2632,1483,2824.99
30790,2.0039,3.7936,10.3633,1460,2824.99
30795,-1.1372,1.3755,11.5161,1449,2824.99
30800,-2.569,-1.3743,12.0979,1466,2824.99
30805,-3.1184,1.7585,9.5313,1484,2824.59
30810,1.5371,3.4177,10.2149,1457,2824.59
30815,1.1061,2.2517,11.1809,1463,2824.59
30820,-1.8292,-1.1624,12.2128,1453,2824.59
30825,-4.1875,1.0774,10.1251,1467,2824.59
30830,1.0295,3.1472,9.9216,1469,2825.39
30835,2.2817,3.2118,10.7512,1459,2825.39
30840,-1.5981,-0.3256,12.1817,1461,2825.39
30845,-4.2054,0.1329,10.9427,1455,2825.39
30850,-0.0036,2.7773,9.4715,1469,2825.39
30855,2.2134,3.7014,10.398,1462,2825.39
30860,-2.083,0.6237,11.9327,1469,2825.39
30865,-3.7146,-0.6895,11.6861,1459,2825.39
30870,-1.4796,2.4541,9.3039,1486,2825.52
30875,1.9573,3.808,10.2663,1455,2825.52
30880,-1.2665,1.3767,11.6286,1455,2825.52
30885,-2.7186,-1.3012,12.0656,1467,2825.52
30890,-3.0275,1.8627,9.5158,1486,2825.79
30895,1.6879,3.5075,10.1466,1453,2825.79
30900,0.99,2.2075,11.2348,1456,2825.79
30905,-1.731,-1.2294,12.2104,1454,2825.79
30910,-4.0546,1.0678,10.1107,1468,2825.79
30915,1.0163,3.0813,9.8845,1477,2826.06
30920,2.2242,3.0801,10.7763,1459,2826.06
30925,-1.5419,-0.492,12.1482,1455,2826.06
30930,-4.3718,0.1341,10.9259,1461,2826.06
30935,0.0479,2.8276,9.56,1471,2826.19
30940,2.0985,3.7948,10.5273,1461,2826.19
30945,-2.1057,0.6213,11.9914,1459,2826.19
30950,-3.8762,-0.595,11.637,1464,2826.19
30955,-1.2653,2.4792,9.3326,1483,2826.59
30960,2.1009,3.8331,10.3011,1459,2826.59
30965,-1.3228,1.3036,11.6023,1455,2826.59
30970,-2.7174,-1.2977,12.062,1465,2826.59
30975,-2.8575,1.8842,9.4786,1487,2827.12
30980,1.6592,3.4488,10.1921,1457,2827.12
30985,0.8475,2.0889,11.2252,1451,2827.12
30990,-1.8794,-1.3396,12.2176,1453,2827.12
30995,-4.0809,1.1265,10.0293,1467,2827.12
31000,1.1468,3.1256,9.997,1471,2827.25
31005,2.15,3.0514,10.817,1459,2827.25
31010,-1.6867,-0.4585,12.3014,1452,2827.25
31015,-4.3359,0.3304,10.8529,1455,2827.25
31020,0.2286,2.8982,9.5864,1472,2827.52
31025,2.2889,3.711,10.4435,1461,2827.52
31030,-2.0722,0.4585,12.0129,1447,2827.52
31035,-3.7972,-0.5997,11.5401,1461,2827.52
31040,-1.1791,2.4565,9.2883,1484,2827.79
31045,1.986,3.814,10.2975,1459,2827.79
31050,-1.5083,1.1815,11.71,1458,2827.79
31055,-2.9257,-1.2534,11.9674,1465,2827.79
31060,-2.7892,1.9417,9.426,1483,2828.05
31065,1.7083,3.5434,10.2627,1453,2828.05
31070,0.5926,2.0075,11.3437,1463,2828.05
31075,-1.9537,-1.3084,12.2224,1459,2828.05
31080,-3.9588,1.3192,9.9204,1470,2828.05
31085,1.2462,3.2477,9.9742,1467,2827.92
31090,2.1201,2.8922,10.8505,1455,2827.92
31095,-1.4856,-0.6045,12.2068,1452,2827.92
31100,-4.2916,0.3364,10.6698,1460,2827.92
31105,0.3017,2.8539,9.5984,1479,2827.25
31110,2.2505,3.5686,10.5465,1455,2827.25
31115,-1.9178,0.3579,12.0692,1454,2827.25
31120,-4.0606,-0.5064,11.5185,1447,2827.25
31125,-0.9864,2.557,9.3841,1484,2826.99
31130,2.0746,3.9061,10.398,1463,2826.99
31135,-1.7466,1.1384,11.6394,1454,2826.99
31140,-3.0311,-1.1157,11.9507,1465,2826.99
31145,-2.5391,2.065,9.4248,1485,2826.86
31150,1.8783,3.6452,10.24,1455,2826.86
31155,0.3639,1.8579,11.2539,1466,2826.86
31160,-1.962,-1.3731,12.2032,1459,2826.86
31165,-3.8379,1.2785,9.8031,1470,2826.86
31170,1.2354,3.1687,10.0078,1465,2826.99
31175,1.998,2.794,10.8828,1454,2826.99
31180,-1.579,-0.7661,12.2799,1455,2826.99
31185,-4.3155,0.4693,10.671,1461,2826.99
31190,0.4166,2.9317,9.6965,1478,2827.25
31195,2.2398,3.6571,10.5213,1461,2827.25
31200,-1.9644,0.2813,12.0811,1453,2827.25
31205,-4.0917,-0.3292,11.3545,1459,2827.25
31210,-0.7398,2.5917,9.3518,1485,2827.25
31215,2.1955,3.9169,10.3358,1463,2827.25
31220,-1.8148,1.0415,11.7436,1455,2827.25
31225,-3.073,-1.1217,11.9147,1465,2827.25
31230,-2.3918,2.0626,9.3673,1487,2827.52
31235,1.7669,3.5973,10.1813,1459,2827.52
31240,0.0479,1.8208,11.382,1469,2827.52
31245,-2.1871,-1.4449,12.1266,1460,2827.52
31250,-3.7984,1.4114,9.7707,1469,2827.52
31255,1.3503,3.3004,10.0963,1463,2827.65
31260,1.8687,2.8144,11.0241,1453,2827.65
31265,-1.5874,-0.7578,12.2439,1459,2827.65
31270,-4.3419,0.6823,10.5309,1459,2827.65
31275,0.6117,2.9664,9.7049,1479,2827.79
31280,2.3691,3.5159,10.5489,1459,2827.79
31285,-1.9094,0.1149,12.0764,1455,2827.79
31290,-4.045,-0.3053,11.3413,1461,2827.79
31295,-0.6919,2.6444,9.3877,1484,2827.52
31300,2.0686,3.8451,10.4004,1453,2827.52
31305,-1.907,0.9649,11.8022,1455,2827.52
31310,-3.3435,-1.0463,11.9243,1455,2827.52
31315,-2.1979,2.1883,9.3338,1483,2827.65
31320,1.8567,3.6931,10.2903,1460,2827.65
31325,-0.2155,1.7083,11.3796,1465,2827.65
31330,-2.2625,-1.3635,12.1482,1453,2827.65
31335,-3.5889,1.5419,9.7516,1461,2827.65
31340,1.4748,3.2573,10.0389,1461,2827.39
31345,1.7741,2.5941,10.987,1457,2827.39
31350,-1.5095,-0.9708,12.2631,1459,2827.39
31355,-4.3024,0.6237,10.404,1455,2827.39
31360,0.6165,2.9161,9.7324,1478,2827.79
31365,2.235,3.401,10.6674,1451,2827.79
31370,-1.895,0.0024,12.1602,1447,2827.79
31375,-4.1946,-0.146,11.2408,1461,2827.79
31380,-0.5112,2.7066,9.3817,1491,2827.65
31385,2.1045,3.8954,10.3609,1459,2827.65
31390,-2.0578,0.9421,11.8633,1453,2827.65
31395,-3.4824,-0.9481,11.9052,1453,2827.65
31400,-1.9956,2.2338,9.317,1469,2827.65
31405,1.968,3.6536,10.2807,1463,2827.65
31410,-0.4752,1.5862,11.4335,1464,2827.65
31415,-2.3092,-1.4748,12.0967,1455,2827.65
31420,-3.468,1.5467,9.6582,1459,2827.65
31425,1.4712,3.2777,10.1131,1464,2827.65
31430,1.5239,2.5199,11.0959,1461,2827.65
31435,-1.6281,-1.0558,12.2212,1455,2827.65
31440,-4.3742,0.8475,10.3693,1453,2827.65
31445,0.8452,3.0358,9.8378,1467,2827.65
31450,2.326,3.3746,10.6841,1465,2827.65
31455,-1.81,-0.0479,12.1661,1451,2827.65
31460,-4.1444,-0.0299,11.1809,1465,2827.65
31465,-0.346,2.7569,9.4822,1469,2827.39
31470,2.1991,3.7912,10.3956,1463,2827.39
31475,-1.9513,0.8248,11.8752,1455,2827.39
31480,-3.5338,-0.9122,11.7412,1459,2827.39
31485,-1.8184,2.2673,9.3051,1484,2828.59
31490,1.9381,3.7182,10.2891,1461,2828.59
31495,-0.7757,1.4952,11.4563,1463,2828.59
31500,-2.4708,-1.3623,12.1625,1461,2828.59
31505,-3.3806,1.7394,9.6151,1463,2828.59
31510,1.5335,3.377,10.1766,1468,2828.05
31515,1.3647,2.4385,11.1115,1454,2828.05
31520,-1.6891,-1.0295,12.2775,1459,2828.05
31525,-4.2593,0.9122,10.246,1453,2828.05
31530,0.9038,3.0454,9.833,1465,2827.79
31535,2.3331,3.2142,10.659,1461,2827.79
31540,-1.7023,-0.1879,12.1446,1459,2827.79
31545,-4.2054,-0.012,11.0708,1455,2827.79
31550,-0.1951,2.7797,9.487,1487,2827.12
31555,2.1225,3.7733,10.4627,1452,2827.12
31560,-2.1272,0.7219,11.9399,1460,2827.12
31565,-3.6811,-0.7805,11.6502,1459,2827.12
31570,-1.6508,2.3499,9.2979,1491,2827.92
31575,2.0339,3.8319,10.2687,1465,2827.92
31580,-0.9637,1.4353,11.5401,1455,2827.92
31585,-2.5798,-1.2713,12.1326,1459,2827.92
31590,-3.1496,1.7657,9.5098,2111,2826.86
31595,1.6376,3.4321,10.1406,1465,2826.86
31600,1.2318,2.2338,11.1438,1464,2826.86
31605,-1.634,-1.227,12.1829,1454,2826.86
31610,-4.1348,0.9433,10.1107,1459,2826.86
31615,0.9445,3.0502,9.9323,1469,2829.39
31620,2.2027,3.1639,10.8302,1463,2829.39
31625,-1.6305,-0.3065,12.1709,1462,2829.39
31630,-4.4065,0.164,10.9678,1455,2829.39
31635,0.0239,2.8036,9.5612,1481,2828.85
31640,2.2565,3.8092,10.4902,1463,2828.85
31645,-2.156,0.6237,11.9243,1463,2828.85
31650,-3.6978,-0.6201,11.6586,1463,2828.85
31655,-1.4018,2.411,9.2715,1489,2829.12
31660,2.0925,3.8008,10.3034,1465,2829.12
31665,-1.2222,1.2953,11.5221,1452,2829.12
31670,-2.6863,-1.3443,12.0153,1464,2829.12
31675,-2.9844,1.8543,9.4595,1491,2829.52
31680,1.634,3.4441,10.1957,1459,2829.52
31685,0.9014,2.1368,11.1642,1463,2829.52
31690,-1.8771,-1.2821,12.3062,1454,2829.52
31695,-4.1324,1.16,10.064,1465,2829.52
31700,1.1013,3.1891,9.9311,1467,2829.92
31705,2.1548,3.0754,10.8146,1457,2829.92
31710,-1.6257,-0.4657,12.2404,1459,2829.92
31715,-4.3239,0.3124,10.8685,1456,2829.92
31720,0.2286,2.8443,9.5349,1471,2830.06
31725,2.3272,3.6775,10.4698,1463,2830.06
31730,-2.0399,0.4896,11.9902,1461,2830.06
31735,-3.8966,-0.6105,11.5305,1465,2830.06
31746,-4.5059,9.9168,37.1915,1487,2830.19
31750,-1.5299,1.2163,11.6765,1452,2830.19
31755,-3.0622,-1.2462,12.0357,1467,2830.19
31760,-2.7318,1.9872,9.4379,1477,2830.46
31765,1.7897,3.5769,10.2532,1455,2830.46
31770,0.4956,1.9716,11.3198,1465,2830.46
31775,-1.9944,-1.3372,12.2463,1459,2830.46
31780,-3.9157,1.2965,9.9551,1468,2830.46
31785,1.2845,3.1795,9.9575,1470,2830.86
31790,2.0949,2.8802,10.8709,1459,2830.86
31795,-1.9345,0.1317,12.0907,1459,2830.86
31800,-4.3227,0.4202,10.738,1461,2830.86
31805,0.4022,2.8527,9.5984,1479,2830.86
31810,2.2505,3.5949,10.5453,1461,2830.86
31815,-1.968,0.2705,12.0345,1454,2830.86
31820,-4.1073,-0.3843,11.4551,1461,2830.86
31825,-0.8571,2.6049,9.3685,1487,2831.12
31830,2.1572,3.9133,10.3884,1463,2831.12
31835,-1.7705,1.1576,11.7472,1456,2831.12
31840,-3.1591,-1.1061,11.9698,1463,2831.12
31845,-2.3547,2.1057,9.3541,1487,2830.59
31850,1.9166,3.5913,10.24,1460,2830.59
31855,0.091,1.7502,11.3389,1467,2830.59
31860,-2.1261,-1.4868,12.1985,1461,2830.59
31865,-3.7362,1.409,9.7731,1467,2830.59
31870,1.3731,3.2334,10.1299,1461,2830.06
31875,1.8292,2.6971,11.0217,1459,2830.06
31880,-1.5921,-0.9182,12.2308,1461,2830.06
31885,-4.3443,0.6644,10.5309,1459,2830.06
31890,0.6704,2.9664,9.7324,1481,2829.79
31895,2.2781,3.5279,10.6243,1459,2829.79
31900,-1.889,0.1281,12.1087,1451,2829.79
31905,-4.1073,-0.1879,11.2623,1465,2829.79
31910,-0.5746,2.7031,9.4068,1484,2829.79
31915,2.1524,3.802,10.3573,1459,2829.79
31920,-1.9525,0.929,11.7998,1459,2829.79
31925,-3.3339,-1.0499,11.8381,1455,2829.79
31930,-2.1871,2.2003,9.3218,1481,2829.25
31935,1.8435,3.6607,10.319,1464,2829.25
31940,-0.3364,1.6616,11.4335,1468,2829.25
31945,-2.2924,-1.3994,12.0776,1455,2829.25
31950,-3.5674,1.6233,9.73,1455,2829.25
31955,1.4126,3.3136,10.1179,1465,2828.85
31960,1.7011,2.5977,11.0241,1462,2828.85
31965,-1.5886,-0.9421,12.226,1461,2828.85
31970,-4.3036,0.723,10.3908,1459,2828.85
31975,0.7542,2.9928,9.7336,1469,2828.72
31980,2.3391,3.4022,10.6123,1462,2828.72
31985,-1.7514,-0.0204,12.1649,1453,2828.72
31990,-4.2449,-0.2011,11.1881,1463,2828.72
31995,-0.3519,2.6935,9.4044,1483,2828.72
32000,2.0937,3.8295,10.3226,1459,2828.72
32005,-2.0901,0.814,11.8537,1459,2828.72
32010,-3.4919,-0.9254,11.8561,1459,2828.72
32015,-1.901,2.3296,9.3529,1486,2829.12
32020,1.9549,3.8044,10.3214,1468,2829.12
32025,-0.6009,1.5634,11.4766,1463,2829.12
32030,-2.4301,-1.3647,12.1314,1453,2829.12
32035,-3.3555,1.7023,9.5193,1455,2829.12
32040,1.5862,3.3842,10.1658,1467,2829.25
32045,1.4724,2.3511,11.072,1462,2829.25
32050,-1.5957,-1.1516,12.3086,1459,2829.25
32055,-4.2102,0.808,10.2101,1455,2829.25
32060,0.7973,3.0155,9.8162,1467,2829.52
32065,2.2541,3.2693,10.6913,1463,2829.52
32070,-1.6939,-0.1544,12.1793,1459,2829.52
32075,-4.3179,0.067,11.1115,1461,2829.52
32080,-0.1736,2.8096,9.5493,1484,2829.52
32085,2.2338,3.808,10.4232,1459,2829.52
32090,-2.0554,0.7949,11.9135,1455,2829.52
32095,-3.65,-0.7578,11.7591,1460,2829.52
32100,-1.6723,2.3487,9.3051,1486,2828.85
32105,2.053,3.7745,10.3501,1469,2828.85
32110,-0.9972,1.4138,11.485,1463,2828.85
32115,-2.5881,-1.3803,12.0608,1463,2828.85
32120,-3.2058,1.7131,9.5565,1471,2828.72
32125,1.5862,3.3734,10.2125,1465,2828.72
32130,1.2103,2.2709,11.1725,1467,2828.72
32135,-1.7334,-1.233,12.2823,1453,2828.72
32140,-4.1551,1.0331,10.173,1463,2828.72
32145,0.9924,3.1328,9.8761,1469,2828.99
32150,2.2697,3.1939,10.7296,1465,2828.99
32155,-1.6484,-0.3184,12.1889,1460,2828.99
32160,-4.3527,0.2155,10.9858,1459,2828.99
32165,0.0646,2.8311,9.4798,1461,2828.59
32170,2.2589,3.7314,10.3789,1459,2828.59
32175,-2.0662,0.5507,11.9447,1459,2828.59
32180,-3.7385,-0.7135,11.5927,1463,2828.59
32185,-1.4078,2.387,9.2368,1479,2828.59
32190,2.0016,3.7804,10.3705,1463,2828.59
32195,-1.2881,1.3024,11.6095,1455,2828.59
32200,-2.7677,-1.239,12.0476,1467,2828.59
32205,-2.9521,1.8723,9.4667,1483,2828.32
32210,1.6221,3.4955,10.2328,1455,2828.32
32215,0.9493,2.1799,11.2132,1467,2828.32
32220,-1.7418,-1.2689,12.238,1452,2828.32
32225,-4.0498,1.1265,10.0449,1469,2828.32
32230,1.0151,3.1304,9.9623,1471,2828.59
32235,2.2505,3.0394,10.7943,1459,2828.59
32240,-1.5179,-0.4429,12.232,1461,2828.59
32245,-4.3574,0.2705,10.8086,1455,2828.59
32250,0.1437,2.8359,9.5553,1471,2829.12
32255,2.2158,3.7254,10.471,1463,2829.12
32260,-2.1237,0.4453,11.9938,1464,2829.12
32265,-3.8846,-0.5602,11.5939,1461,2829.12
32270,-1.2234,2.5199,9.3781,1483,2829.52
32275,2.0255,3.9049,10.325,1461,2829.52
32280,-1.4389,1.2653,11.6502,1459,2829.52
32285,-2.9257,-1.2797,11.9878,1467,2829.52
32290,-2.7438,1.9752,9.3733,1493,2829.92
32295,1.7897,3.5243,10.1837,1453,2829.92
32300,0.6153,1.9585,11.2348,1461,2829.92
32305,-1.9704,-1.3958,12.2236,1455,2829.92
32310,-3.9552,1.2641,9.9527,1468,2829.92
32315,1.2043,3.1903,10.0102,1471,2829.65
32320,2.0853,2.9317,10.8589,1455,2829.65
32325,-1.6233,-0.6512,12.2164,1453,2829.65
32330,-4.3455,0.4357,10.7488,1459,2829.65
32335,0.3639,2.9604,9.6067,1471,2829.39
32340,2.2865,3.6751,10.5417,1462,2829.39
32345,-2.0279,0.346,12.1183,1459,2829.39
32350,-3.9397,-0.3747,11.4275,1455,2829.39
32355,-0.9158,2.5726,9.323,1486,2828.72
32360,2.0949,3.8343,10.3561,1463,2828.72
32365,-1.6759,1.1061,11.716,1460,2828.72
32370,-3.1053,-1.2103,11.9602,1463,2828.72
32375,-2.4924,2.1105,9.3757,1469,2827.65
32380,1.7729,3.5913,10.2891,1453,2827.65
32385,0.1927,1.8615,11.3605,1468,2827.65
32390,-2.1201,-1.3647,12.1386,1461,2827.65
32395,-3.8535,1.3862,9.845,1467,2827.65
32400,1.3144,3.2513,10.0221,1469,2828.19
32405,1.9549,2.8024,10.9283,1459,2828.19
32410,-1.5778,-0.7602,12.2906,1453,2828.19
32415,-4.3335,0.5171,10.6171,1459,2828.19
32420,0.4657,2.9832,9.681,1479,2827.65
32425,2.2757,3.5267,10.4962,1454,2827.65
32430,-1.8423,0.2418,12.0728,1453,2827.65
32435,-4.1659,-0.3711,11.3258,1459,2827.65
32440,-0.729,2.6133,9.4308,1485,2827.79
32445,2.0542,3.796,10.4076,1470,2827.79
32450,-1.9477,1.008,11.8309,1459,2827.79
32455,-3.2022,-1.1097,11.9483,1465,2827.79
32460,-2.3367,2.1584,9.396,1471,2827.79
32465,1.8028,3.6667,10.1718,1459,2827.79
32470,-0.0096,1.7873,11.4024,1471,2827.79
32475,-2.15,-1.3922,12.2092,1463,2827.79
32480,-3.6871,1.5131,9.7887,1469,2827.79
32485,1.4329,3.292,10.0628,1465,2827.79
32490,1.9034,2.6324,10.9535,1460,2827.79
32495,-1.5323,-0.8763,12.1853,1453,2827.79
32500,-4.3012,0.6237,10.4938,1463,2827.79
32505,0.6201,2.9293,9.7157,1479,2827.79
32510,2.2889,3.4752,10.5955,1463,2827.79
32515,-1.8304,0.1377,12.1218,1451,2827.79
32520,-4.1922,-0.1963,11.2958,1463,2827.79
32525,-0.5567,2.7234,9.4535,1485,2827.65
32530,2.1679,3.8595,10.3549,1463,2827.65
32535,-1.9956,0.9541,11.8022,1455,2827.65
32540,-3.3136,-1.0008,11.8345,1461,2827.65
32545,-2.1261,2.2051,9.3027,1469,2827.39
32550,1.9561,3.6955,10.2556,1461,2827.39
32555,-0.2753,1.6281,11.4263,1469,2827.39
32560,-2.241,-1.4413,12.1566,1461,2827.39
32565,-3.5781,1.5083,9.7252,1467,2827.39
32570,1.4042,3.292,10.1155,1463,2828.32
32575,1.6927,2.5546,11.0205,1462,2828.32
32580,-1.5969,-0.9744,12.2248,1461,2828.32
32585,-4.3574,0.7877,10.3585,1459,2828.32
32590,0.7578,3.0765,9.8067,1472,2828.32
32595,2.3176,3.4524,10.6698,1459,2828.32
32600,-1.8244,0.0646,12.1781,1455,2828.32
32605,-4.1396,-0.0455,11.1797,1465,2828.32
32610,-0.3579,2.7605,9.3984,1484,2828.45
32615,2.1644,3.8295,10.3609,1463,2828.45
32620,-1.9716,0.8188,11.819,1448,2828.45
32625,-3.5063,-0.978,11.7639,1458,2828.45
32630,-1.883,2.2661,9.3338,1487,2828.45
32635,1.9213,3.6835,10.2879,1463,2828.45
32640,-0.6033,1.5203,11.4359,1465,2828.45
32645,-2.472,-1.3623,12.1434,1452,2828.45
32650,-3.4129,1.6688,9.6917,1454,2828.45
32655,1.5119,3.3698,10.1562,1466,2828.45
32660,1.4377,2.4277,11.0959,1463,2828.45
32665,-1.6616,-1.0355,12.1973,1461,2828.45
32670,-4.2509,0.9038,10.2939,1462,2828.45
32675,0.8643,3.0287,9.7636,1467,2828.72
32680,2.296,3.2813,10.6841,1459,2828.72
32685,-1.7262,-0.1532,12.1625,1455,2828.72
32690,-4.2114,-0.0192,11.0804,1455,2828.72
32695,-0.2622,2.7043,9.4547,1479,2829.12
32700,2.1596,3.796,10.4675,1460,2829.12
32705,-2.0686,0.7458,11.9124,1455,2829.12
32710,-3.7002,-0.814,11.7555,1460,2829.12
32715,-1.6819,2.4157,9.3697,1483,2829.25
32720,1.974,3.8188,10.3142,1467,2829.25
32725,-1.0367,1.4916,11.5161,1463,2829.25
32730,-2.5905,-1.3587,12.1015,1453,2829.25
32735,-3.1807,1.7729,9.596,1459,2829.25
32740,1.6005,3.4237,10.1646,1469,2829.65
32745,1.2342,2.2577,11.1785,1465,2829.65
32750,-1.7071,-1.2318,12.1865,1459,2829.65
32755,-4.1551,0.9996,10.1227,1455,2829.65
32760,0.9625,3.0646,9.8545,1465,2829.92
32765,2.2446,3.1675,10.7212,1467,2829.92
32770,-1.6759,-0.3376,12.1877,1455,2829.92
32775,-4.3598,0.146,10.9966,1458,2829.92
32780,0.0263,2.8156,9.5098,1485,2829.65
32785,2.2266,3.796,10.4483,1455,2829.65
32790,-2.0387,0.6069,11.9171,1463,2829.65
32795,-3.8188,-0.6357,11.6274,1459,2829.65
32800,-1.3563,2.4481,9.3158,1486,2829.25
32805,2.0255,3.7852,10.3166,1463,2829.25
32810,-1.2905,1.2941,11.5544,1459,2829.25
32815,-2.6983,-1.3216,12.068,1465,2829.25
32820,-2.9712,1.8483,9.4248,1477,2828.99
32825,1.6209,3.4058,10.2161,1463,2828.99
32830,0.9074,2.1057,11.2037,1465,2828.99
32835,-1.9166,-1.2833,12.2631,1455,2828.99
32840,-4.0749,1.1696,10.0712,1464,2828.99
32845,1.0894,3.1544,9.9695,1471,2828.99
32850,2.1823,3.1017,10.8182,1464,2828.99
32855,-1.6089,-0.4597,12.2475,1461,2828.99
32860,-4.2569,0.2682,10.8397,1459,2828.99
32865,0.1616,2.8299,9.517,1464,2828.72
32870,2.2721,3.6296,10.4327,1464,2828.72
32875,-1.9656,0.4693,11.9794,1467,2828.72
32880,-3.9516,-0.6476,11.5496,1465,2828.72
32885,-1.1349,2.484,9.347,1485,2829.25
32890,2.065,3.8211,10.3633,1461,2829.25
32895,-1.5131,1.2414,11.6693,1459,2829.25
32900,-2.9724,-1.2641,11.9794,1465,2829.25
32905,-2.7246,2.0087,9.4176,1486,2828.72
32910,1.7346,3.5757,10.2807,1455,2828.72
32915,0.5878,2.0111,11.2851,1465,2828.72
32920,-1.9082,-1.3108,12.2188,1453,2828.72
32925,-3.9253,1.3084,9.9443,1467,2828.72
32930,1.1923,3.1675,9.9671,1471,2829.25
32935,2.1871,2.8958,10.7931,1459,2829.25
32940,-1.4832,-0.6476,12.2224,1461,2829.25
32945,-4.3706,0.3855,10.6386,1460,2829.25
32950,0.3196,2.8563,9.6762,1469,2829.25
32955,2.2661,3.6344,10.5393,1461,2829.25
32960,-2.0051,0.3699,12.044,1463,2829.25
32965,-4.0857,-0.419,11.4263,1459,2829.25
32970,-0.9685,2.5738,9.3458,1486,2829.65
32975,2.1057,3.8403,10.3166,1463,2829.65
32980,-1.8016,1.1648,11.6717,1461,2829.65
32985,-3.0502,-1.1097,12.0093,1467,2829.65
32990,-2.49,2.0207,9.3889,1477,2829.52
32995,1.8328,3.5781,10.2125,1454,2829.52
33000,0.3077,1.8375,11.3066,1464,2829.52
33005,-2.0853,-1.415,12.2296,1453,2829.52
33010,-3.8259,1.3551,9.7827,1469,2829.52
33015,1.3048,3.2058,10.0233,1469,2829.65
33020,1.8938,2.7641,10.9547,1459,2829.65
33025,-1.5862,-0.7733,12.3182,1451,2829.65
33030,-4.3491,0.6093,10.5884,1471,2829.65
33035,0.4741,2.9892,9.675,1477,2829.52
33040,2.3056,3.5997,10.5417,1463,2829.52
33045,-1.9549,0.2586,12.135,1466,2829.52
33050,-4.0761,-0.2634,11.3557,1459,2829.52
33055,-0.6991,2.6552,9.3338,1483,2828.99
33060,2.1296,3.8247,10.386,1465,2828.99
33065,-1.8783,0.9505,11.7615,1455,2828.99
33070,-3.2154,-1.1061,11.8657,1467,2828.99
33075,-2.3044,2.0865,9.3075,1467,2828.99
33080,1.834,3.6248,10.3011,1455,2828.99
33085,-0.1125,1.6891,11.3725,1469,2828.99
33090,-2.2745,-1.4066,12.2296,1459,2828.99
33095,-3.6919,1.5395,9.7588,1469,2828.99
33100,1.4449,3.3124,10.1311,1469,2829.25
33105,1.8184,2.6576,10.9343,1455,2829.25
33110,-1.5718,-0.8595,12.2368,1461,2829.25
33115,-4.3203,0.7063,10.4244,1461,2829.25
33120,0.6512,2.9916,9.7229,1481,2829.65
33125,2.3367,3.4345,10.5788,1461,2829.65
33130,-1.8028,0.0347,12.1398,1453,2829.65
33135,-4.209,-0.2095,11.2456,1463,2829.65
33140,-0.5555,2.6492,9.3506,1487,2829.92
33145,2.1009,3.7972,10.392,1463,2829.92
33150,-2.0458,0.8559,11.8286,1459,2829.92
33155,-3.4979,-0.9541,11.892,1461,2829.92
33160,-2.0279,2.2697,9.3087,1485,2829.65
33165,1.9668,3.7541,10.2843,1459,2829.65
33170,-0.4633,1.646,11.5053,1471,2829.65
33175,-2.3355,-1.3767,12.2032,1459,2829.65
33180,-3.4345,1.6424,9.6055,1467,2829.65
33185,1.5107,3.3243,10.0293,1463,2829.12
33190,1.64,2.46,11.0696,1463,2829.12
33195,-1.5634,-1.148,12.2451,1463,2829.12
33200,-4.2485,0.7961,10.2915,1459,2829.12
33205,0.7458,3.0287,9.7456,1479,2828.99
33210,2.2254,3.383,10.7164,1459,2828.99
33215,-1.737,-0.1532,12.1913,1451,2828.99
33220,-4.3239,0.0227,11.0672,1463,2828.99
33225,-0.2119,2.7545,9.4104,1487,2828.72
33230,2.1931,3.8439,10.477,1463,2828.72
33235,-2.1811,0.7207,11.8274,1455,2828.72
33240,-3.4812,-0.8116,11.7495,1459,2828.72
33245,-1.7382,2.3391,9.323,1483,2828.05
33250,1.962,3.7254,10.2735,1463,2828.05
33255,-0.7554,1.4676,11.4994,1469,2828.05
33260,-2.5498,-1.4413,12.1015,1455,2828.05
33265,-3.3004,1.6616,9.5265,1455,2828.05
33270,1.5909,3.3435,10.1909,1465,2828.05
33275,1.2845,2.3559,11.1678,1455,2828.05
33280,-1.731,-1.1899,12.2906,1459,2828.05
33285,-4.1755,0.9948,10.2615,1456,2828.05
33290,0.8835,3.0957,9.8114,1469,2827.92
33295,2.3092,3.2765,10.6973,1461,2827.92
33300,-1.5957,-0.2346,12.1458,1451,2827.92
33305,-4.3155,0.0874,11.0014,1465,2827.92
33310,-0.0431,2.7354,9.4786,1486,2828.45
33315,2.2637,3.7314,10.4651,1461,2828.45
33320,-2.0339,0.6823,11.8812,1459,2828.45
33325,-3.6859,-0.7841,11.6586,1459,2828.45
33330,-1.5071,2.3858,9.2919,1483,2828.72
33335,2.0135,3.7481,10.3238,1463,2828.72
33340,-1.1696,1.3635,11.552,1465,2828.72
33345,-2.6899,-1.3336,12.1135,1452,2828.72
33350,-3.1161,1.8531,9.5349,1459,2828.72
33355,1.6053,3.4704,10.155,1465,2829.39
33360,1.1121,2.2326,11.1941,1463,2829.39
33365,-1.8004,-1.1935,12.2332,1459,2829.39
33370,-4.1396,1.1109,10.0556,1458,2829.39
33375,1.0918,3.1113,9.918,1465,2828.85
33380,2.2805,3.1101,10.811,1463,2828.85
33385,-1.5419,-0.431,12.2092,1451,2828.85
33390,-4.4041,0.1484,10.8852,1463,2828.85
33395,0.0706,2.8204,9.5804,1480,2828.59
33400,2.1512,3.7218,10.5082,1461,2828.59
33405,-2.1656,0.5519,11.9782,1461,2828.59
33410,-3.8511,-0.6452,11.5963,1461,2828.59
33415,-1.3491,2.5355,9.3613,1490,2829.79
33420,2.0578,3.8654,10.3358,1467,2829.79
33425,-1.3216,1.3024,11.6059,1455,2829.79
33430,-2.7701,-1.3048,12.0392,1463,2829.79
33435,-2.8695,1.8854,9.4547,1461,2829.25
33440,1.7071,3.4931,10.1754,1465,2829.25
33445,0.8703,2.0482,11.2336,1465,2829.25
33450,-1.9058,-1.3312,12.2296,1455,2829.25
33455,-4.045,1.1887,9.9695,1461,2829.25
33460,1.1037,3.1352,10.0006,1470,2829.52
33465,2.1261,2.9808,10.8888,1463,2829.52
33470,-1.5634,-0.589,12.2942,1461,2829.52
33475,-4.4305,0.4058,10.7141,1450,2829.52
33480,0.3041,2.873,9.5984,1467,2829.39
33485,2.2924,3.6847,10.4746,1463,2829.39
33490,-2.0961,0.4453,12.0033,1465,2829.39
33495,-3.8642,-0.5016,11.5221,1461,2829.39
33500,-1.0451,2.5798,9.3242,1483,2829.12
33505,2.0734,3.7625,10.3154,1462,2829.12
33510,-1.5263,1.1277,11.6717,1458,2829.12
33515,-3.0634,-1.2713,11.9159,1465,2829.12
33520,-2.6264,1.9956,9.4212,1491,2828.59
33525,1.7933,3.5733,10.2759,1461,2828.59
33530,0.3412,1.9405,11.3246,1467,2828.59
33535,-1.9848,-1.3048,12.2631,1453,2828.59
33540,-3.8583,1.3384,9.8605,1465,2828.59
33545,1.1983,3.2346,9.9982,1471,2828.72
33550,2.0267,2.8718,10.8685,1460,2828.72
33555,-1.5215,-0.6536,12.2691,1460,2828.72
33560,-4.2976,0.4549,10.5955,1455,2828.72
33565,0.3915,2.9185,9.6007,1470,2828.59
33570,2.3152,3.5901,10.4998,1465,2828.59
33575,-1.8387,0.2658,12.0704,1461,2828.59
33580,-4.1144,-0.4561,11.3545,1463,2828.59
33585,-0.8164,2.6013,9.3553,1485,2828.85
33590,2.0842,3.8247,10.3777,1462,2828.85
33595,-1.8292,1.0451,11.7196,1452,2828.85
33600,-3.2429,-1.0786,11.965,1465,2828.85
33605,-2.3619,2.138,9.4272,1495,2828.99
33610,1.8399,3.6559,10.2436,1455,2828.99
33615,0.1161,1.8028,11.3282,1462,2828.99
33620,-2.0554,-1.3838,12.1613,1455,2828.99
33625,-3.7062,1.4198,9.8593,1469,2828.99
33630,1.3168,3.2429,9.973,1471,2829.12
33635,1.9441,2.7246,10.9954,1435,2829.12
33640,-1.5694,-0.8452,12.2631,1458,2829.12
33645,-4.385,0.6321,10.5309,1459,2829.12
33650,0.6189,2.9676,9.7456,1469,2829.65
33655,2.3152,3.5602,10.5908,1461,2829.65
33660,-1.9848,0.079,12.0488,1461,2829.65
33665,-4.0977,-0.1963,11.3042,1459,2829.65
33670,-0.6189,2.6659,9.3769,1484,2829.92
33675,2.1153,3.8487,10.3394,1465,2829.92
33680,-1.962,0.9325,11.7519,1455,2829.92
33685,-3.2884,-1.002,11.8872,1465,2829.92
33690,-2.1524,2.1584,9.2739,1470,2829.52
33695,1.9644,3.6727,10.325,1453,2829.52
33700,-0.2227,1.6436,11.394,1467,2829.52
33705,-2.3451,-1.4257,12.1637,1459,2829.52
33710,-3.5638,1.5658,9.6822,1470,2829.52
33715,1.4413,3.2956,10.1394,1468,2829.92
33720,1.6544,2.5702,11.0349,1458,2829.92
33725,-1.664,-0.9972,12.2511,1459,2829.92
33730,-4.2605,0.7973,10.3753,1461,2829.92
33735,0.7302,3.0849,9.76,1481,2829.79
33740,2.3607,3.4369,10.6757,1461,2829.79
33745,-1.7861,-0.0383,12.1398,1455,2829.79
33750,-4.1456,-0.0682,11.1678,1461,2829.79
33755,-0.3759,2.7533,9.4092,1479,2829.39
33760,2.156,3.7888,10.3896,1465,2829.39
33765,-1.9357,0.8284,11.8441,1461,2829.39
33770,-3.5901,-0.929,11.7855,1461,2829.39
33775,-1.8232,2.3128,9.3518,1485,2829.65
33780,1.9249,3.6883,10.2951,1455,2829.65
33785,-0.7242,1.5251,11.5329,1467,2829.65
33790,-2.484,-1.33,12.0967,1461,2829.65
33795,-3.3854,1.6783,9.6127,1468,2829.65
33800,1.5036,3.3351,10.0844,1463,2829.52
33805,1.5191,2.4193,11.145,1461,2829.52
33810,-1.6484,-1.0942,12.2068,1461,2829.52
33815,-4.2485,0.899,10.2951,1468,2829.52
33820,0.9397,3.0514,9.7923,1481,2830.06
33825,2.3128,3.2238,10.6841,1462,2830.06
33830,-1.7262,-0.2047,12.1697,1453,2830.06
33835,-4.3036,0.0227,11.0049,1463,2830.06
33840,-0.1891,2.7701,9.4475,1471,2830.46
33845,2.132,3.8044,10.4315,1463,2830.46
33850,-2.0734,0.741,11.9961,1453,2830.46
33855,-3.8164,-0.7745,11.7723,1461,2830.46
33860,-1.6089,2.4157,9.3326,1480,2830.32
33865,2.065,3.8463,10.2891,1464,2830.32
33870,-1.0211,1.4269,11.5496,1470,2830.32
33875,-2.5905,-1.3204,12.0764,1455,2830.32
33880,-3.0921,1.8148,9.5014,1459,2830.32
33885,1.6568,3.4093,10.1801,1464,2830.32
33890,1.1001,2.1656,11.163,1461,2830.32
33895,-1.6771,-1.2953,12.3014,1463,2830.32
33900,-4.1539,1.0307,10.0963,1458,2830.32
33905,1.0223,3.1376,9.8833,1465,2830.19
33910,2.2254,3.1424,10.8254,1459,2830.19
33915,-1.9764,0.4465,12.0404,1453,2830.19
33920,-4.0306,-0.4705,11.5017,1461,2830.19
33925,0.1077,2.8814,9.6845,1469,2830.46
33930,2.1249,3.8439,10.3418,1458,2830.46
33935,-1.6257,1.1444,11.722,1459,2830.46
33940,-2.9784,-1.239,11.983,1459,2830.46
33945,-2.654,1.9812,9.4068,1481,2830.99
33950,1.7789,3.5195,10.2556,1465,2830.99
33955,0.395,1.889,11.3796,1465,2830.99
33960,-1.9812,-1.3791,12.2595,1455,2830.99
33965,-3.8846,1.342,9.8593,1461,2830.99
33970,1.2725,3.2298,9.9982,1476,2832.19
33975,2.0554,2.879,10.8793,1463,2832.19
33980,-1.6065,-0.753,12.2858,1455,2832.19
33985,-4.4041,0.5483,10.5991,1455,2832.19
33990,0.5315,2.9521,9.6606,1471,2832.86
33995,2.326,3.5434,10.5967,1468,2832.86
34000,-1.98,0.2167,12.1194,1459,2832.86
34005,-4.0642,-0.3747,11.3461,1459,2832.86
34010,-0.7566,2.6121,9.3398,1480,2833.13
34015,2.0375,3.808,10.3609,1461,2833.13
34020,-1.8723,0.9541,11.7914,1463,2833.13
34025,-3.3064,-1.0714,11.9554,1463,2833.13
34030,-2.2458,2.1536,9.347,1493,2832.19
34035,1.8663,3.7182,10.2807,1465,2832.19
34040,-0.1245,1.6855,11.382,1459,2832.19
34045,-2.2829,-1.3922,12.1625,1470,2832.19
34050,-3.6476,1.5634,9.6211,1486,2831.39
34055,1.5155,3.3495,10.0724,1463,2831.39
34060,1.7801,2.5738,10.999,1470,2831.39
34065,-1.6065,-0.9517,12.2823,1455,2831.39
34070,-4.3551,0.6859,10.3932,1467,2831.39
34075,0.7171,2.97,9.7827,1480,2831.26
34080,2.314,3.4153,10.6183,1462,2831.26
34085,-1.7669,-0.0132,12.1733,1463,2831.26
34090,-4.3096,-0.1496,11.224,1463,2831.26
34095,-0.3508,2.7126,9.4403,1480,2831.39
34100,2.2087,3.8834,10.3825,1465,2831.39
34105,-2.0842,0.8823,11.8657,1463,2831.39
34110,-3.547,-0.8871,11.7651,1466,2831.39
34115,-1.8567,2.2769,9.3314,1493,2831.12
34120,2.0075,3.7218,10.2568,1467,2831.12
34125,-0.6704,1.5335,11.4395,1461,2831.12
34130,-2.3571,-1.3695,12.1494,1469,2831.12
34135,-3.3854,1.6412,9.6175,1483,2829.52
34140,1.488,3.395,10.155,1461,2829.52
34145,1.4557,2.3834,11.1546,1469,2829.52
34150,-1.664,-1.1732,12.2595,1455,2829.52
34155,-4.2258,0.893,10.2639,1469,2829.52
34160,0.8571,3.0454,9.8545,1481,2831.26
34165,2.2589,3.316,10.7332,1464,2831.26
34170,-1.664,-0.1832,12.1973,1459,2831.26
34175,-4.3215,0.1065,11.0756,1463,2831.26
34180,-0.085,2.8144,9.4236,1481,2830.06
34185,2.2206,3.7828,10.4591,1464,2830.06
34190,-2.0997,0.68,11.8728,1461,2830.06
34195,-3.6164,-0.7697,11.7244,1463,2830.06
34200,-1.6005,2.3308,9.2715,1493,2830.19
34205,1.9513,3.7373,10.3406,1470,2830.19
34210,-1.0211,1.3563,11.5772,1461,2830.19
34215,-2.6312,-1.3611,12.1254,1469,2830.19
34220,-3.1137,1.7992,9.4966,1493,2830.46
34225,1.579,3.4201,10.161,1463,2830.46
34230,1.1576,2.229,11.2025,1472,2830.46
34235,-1.7873,-1.257,12.226,1461,2830.46
34240,-4.1719,1.0894,10.0987,1478,2830.46
34245,1.093,3.0933,9.8785,1470,2830.59
34250,2.2829,3.1268,10.7607,1463,2830.59
34255,-1.6053,-0.3926,12.1877,1463,2830.59
34260,-4.2725,0.1915,10.8493,1467,2830.59
34265,0.0479,2.8395,9.4966,1483,2830.46
34270,2.1979,3.7254,10.4495,1464,2830.46
34275,-2.0865,0.5423,12.0261,1461,2830.46
34280,-3.8607,-0.6512,11.6669,1466,2830.46
34285,-1.3587,2.5091,9.329,1497,2830.32
34290,2.0087,3.8152,10.3573,1467,2830.32
34295,-1.3743,1.2414,11.5891,1463,2830.32
34300,-2.8192,-1.2881,12.0847,1463,2830.32
34305,-2.8683,1.9477,9.4595,1499,2830.46
34310,1.719,3.4812,10.0856,1465,2830.46
34315,0.8092,2.0207,11.3126,1471,2830.46
34320,-1.8818,-1.3731,12.2523,1463,2830.46
34325,-4.0091,1.233,9.9311,1464,2830.46
34330,1.2498,3.158,9.9168,1469,2830.19
34335,2.1847,2.9784,10.8194,1464,2830.19
34340,-1.5407,-0.5818,12.1901,1465,2830.19
34345,-4.3682,0.3879,10.7212,1464,2830.19
34350,0.3029,2.9197,9.6163,1485,2829.79
34355,2.2051,3.6512,10.5417,1465,2829.79
34360,-2.0147,0.4298,12.0871,1460,2829.79
34365,-4.0019,-0.4381,11.4862,1469,2829.79
34370,-0.9768,2.6181,9.2799,1495,2829.52
34375,2.144,3.8331,10.3561,1464,2829.52
34380,-1.6807,1.1384,11.6717,1463,2829.52
34385,-3.0203,-1.1851,11.9698,1477,2829.52
34390,-2.6205,1.992,9.4008,1479,2829.25
34395,1.7765,3.5578,10.1849,1467,2829.25
34400,0.3364,1.8603,11.309,1467,2829.25
34405,-2.0315,-1.3659,12.2152,1461,2829.25
34410,-3.8367,1.3144,9.833,1463,2829.25
34415,1.233,3.2453,10.0545,1479,2828.59
34420,1.9968,2.8144,10.9391,1467,2828.59
34425,-1.5131,-0.7147,12.3098,1465,2828.59
34430,-4.4377,0.5183,10.6183,1460,2828.59
34435,0.4561,2.9568,9.742,1471,2828.19
34440,2.2541,3.5614,10.5357,1467,2828.19
34445,-1.9297,0.2741,12.0416,1462,2828.19
34450,-4.045,-0.3723,11.3904,1463,2828.19
34455,-0.8045,2.6252,9.3266,1493,2827.25
34460,2.0614,3.8032,10.3358,1465,2827.25
34465,-1.8136,1.0307,11.7723,1463,2827.25
34470,-3.1472,-1.1205,11.9566,1464,2827.25
34475,-2.4277,2.1249,9.3793,1481,2826.59
34480,1.7968,3.6464,10.2472,1468,2826.59
34485,0.0706,1.7597,11.4036,1467,2826.59
34490,-2.1069,-1.3252,12.1913,1451,2826.59
34495,-3.7158,1.4186,9.8294,1465,2826.59
34500,1.3168,3.2896,10.0724,1483,2827.39
34505,1.901,2.7342,10.9642,1467,2827.39
34510,-1.4916,-0.7518,12.226,1459,2827.39
34515,-4.2784,0.5686,10.5309,1455,2827.39
34520,0.5088,2.8814,9.675,1470,2826.72
34525,2.2326,3.4596,10.6111,1467,2826.72
34530,-1.9393,0.1628,12.0357,1461,2826.72
34535,-4.0917,-0.3256,11.3904,1463,2826.72
34540,-0.7302,2.6205,9.4332,1492,2826.59
34545,2.0494,3.8822,10.3741,1465,2826.59
34550,-1.9644,0.984,11.7591,1471,2826.59
34555,-3.2358,-0.9996,11.8944,1463,2826.59
34560,-2.2541,2.1811,9.3182,1496,2826.59
34565,1.8507,3.6907,10.2747,1469,2826.59
34570,-0.1233,1.7178,11.3689,1464,2826.59
34575,-2.2757,-1.4389,12.159,1465,2826.59
34580,-3.6643,1.5131,9.7612,2219,2824.99
34585,1.4174,3.2717,10.0928,1471,2824.99
34590,1.7813,2.624,10.9678,1467,2824.99
34595,-1.573,-0.9457,12.2272,1459,2824.99
34600,-4.3383,0.6728,10.4399,1465,2824.99
34605,0.6273,2.9856,9.7947,1478,2827.65
34610,2.2494,3.4584,10.5967,1469,2827.65
34615,-2.1249,0.8021,11.8705,1465,2827.65
34620,-4.0845,-0.176,11.2946,1463,2827.65
34625,-0.5614,2.6911,9.3482,1485,2826.19
34630,2.1584,3.8104,10.3358,1464,2826.19
34635,-1.98,0.917,11.7855,1464,2826.19
34640,-3.2657,-0.9996,11.8106,1467,2826.19
34645,-2.1129,2.1751,9.3889,1500,2826.19
34650,1.8292,3.6416,10.2735,1470,2826.19
34655,-0.2921,1.6448,11.4479,1459,2826.19
34660,-2.2494,-1.3958,12.2092,1465,2826.19
34665,-3.5949,1.5718,9.7348,1480,2826.19
34670,1.3779,3.286,10.0652,1468,2826.19
34675,1.7107,2.6025,11.0959,1471,2826.19
34680,-1.6316,-0.9673,12.2308,1460,2826.19
34685,-4.2892,0.7817,10.4303,1466,2826.19
34690,0.7673,3.0143,9.73,1479,2826.46
34695,2.3403,3.4093,10.6075,1467,2826.46
34700,-1.8148,-0.0323,12.0416,1469,2826.46
34705,-4.1192,-0.1604,11.2192,1459,2826.46
34710,-0.4357,2.6863,9.4224,1468,2826.59
34715,2.0818,3.8331,10.4136,1469,2826.59
34726,-15.2475,-1.0618,16.9318,1465,2826.59
34730,-1.9585,2.2721,9.3182,1479,2826.99
34735,1.9381,3.7194,10.2711,1461,2826.99
34740,-0.5495,1.634,11.4694,1471,2826.99
34745,-2.4134,-1.3515,12.1985,1471,2826.99
34750,-3.3902,1.6831,9.6857,1499,2827.12
34755,1.5586,3.371,10.094,1466,2827.12
34760,1.5957,2.4205,11.0528,1471,2827.12
34765,-1.5598,-1.0822,12.2392,1461,2827.12
34770,-4.227,0.808,10.2699,1471,2827.12
34775,0.7661,2.9987,9.8342,1478,2827.39
34780,2.3308,3.3112,10.6817,1465,2827.39
34785,-1.7262,-0.1161,12.2224,1464,2827.39
34790,-4.2964,0.0,11.1821,1463,2827.39
34795,-0.3196,2.7629,9.4487,1483,2827.25
34800,2.1512,3.8128,10.3872,1466,2827.25
34805,-2.0961,0.832,11.8788,1466,2827.25
34810,-3.5434,-0.8368,11.7914,1465,2827.25
34815,-1.7753,2.3607,9.3541,1490,2827.12
34820,1.9788,3.7625,10.2448,1463,2827.12
34825,-0.7434,1.5167,11.4934,1463,2827.12
34830,-2.4481,-1.4018,12.1362,1471,2827.12
34835,-3.3004,1.6759,9.5864,1497,2827.12
34840,1.4593,3.3028,10.1155,1463,2827.12
34845,1.3479,2.3487,11.1498,1461,2827.12
34850,-1.6532,-1.1396,12.2918,1459,2827.12
34855,-4.2737,0.9385,10.2544,1471,2827.12
34860,0.8559,3.0706,9.8222,1481,2827.12
34865,2.2805,3.3076,10.7188,1465,2827.12
34870,-1.6544,-0.164,12.2248,1464,2827.12
34875,-4.2629,0.0539,11.0816,1461,2827.12
34880,-0.1113,2.8204,9.4763,1478,2827.52
34885,2.2027,3.7745,10.3465,1467,2827.52
34890,-2.1129,0.6859,11.8657,1467,2827.52
34895,-3.5853,-0.8296,11.7017,1467,2827.52
34900,-1.6269,2.4062,9.3733,1496,2827.39
34905,1.913,3.7373,10.337,1469,2827.39
34910,-0.9361,1.4174,11.5173,1461,2827.39
34915,-2.6264,-1.385,12.0991,1470,2827.39
34920,-3.1819,1.8004,9.5122,1477,2827.25
34925,1.6137,3.4548,10.2113,1459,2827.25
34930,1.1863,2.2745,11.1486,1469,2827.25
34935,-1.6939,-1.1468,12.2487,1460,2827.25
34940,-4.1252,1.0403,10.1335,1477,2827.25
34945,0.9697,3.1208,9.9168,1479,2827.12
34950,2.2913,3.1376,10.7548,1463,2827.12
34955,-1.5467,-0.31,12.1925,1456,2827.12
34960,-4.3766,0.0838,10.981,1461,2827.12
34965,-0.0108,2.7485,9.5648,1481,2827.12
34970,2.2194,3.7062,10.4782,1465,2827.12
34975,-2.1141,0.6165,11.9566,1463,2827.12
34980,-3.79,-0.7242,11.6741,1463,2827.12
34985,-1.4293,2.4864,9.3218,1491,2826.99
34990,2.0351,3.8463,10.307,1469,2826.99
34995,-1.2498,1.403,11.564,1463,2826.99
35000,-2.7031,-1.2498,12.05,1469,2826.99
35005,-2.9856,1.8651,9.5337,1479,2826.86
35010,1.652,3.4453,10.2149,1460,2826.86
35015,1.0211,2.1261,11.2085,1465,2826.86
35020,-1.7394,-1.2809,12.1889,1462,2826.86
35025,-4.0522,1.063,10.0126,1479,2826.86
35030,1.0391,3.0921,9.8916,1479,2827.25
35035,2.1668,3.0622,10.8146,1463,2827.25
35040,-1.6089,-0.4705,12.208,1459,2827.25
35045,-4.3527,0.2538,10.9104,1465,2827.25
35050,0.0467,2.8635,9.5612,1483,2826.99
35055,2.2087,3.7721,10.3968,1467,2826.99
35060,-2.0949,0.5746,11.9171,1462,2826.99
35065,-3.8223,-0.5567,11.6119,1459,2826.99
35070,-1.2258,2.4876,9.2931,1491,2827.12
35075,2.0614,3.8211,10.3705,1469,2827.12
35080,-1.3707,1.2354,11.5987,1463,2827.12
35085,-2.7258,-1.2845,12.0428,1469,2827.12
35090,-2.8922,1.8423,9.4655,1493,2826.99
35095,1.6484,3.462,10.1873,1461,2826.99
35100,0.7901,2.0794,11.2216,1472,2826.99
35105,-1.8902,-1.3264,12.2643,1463,2826.99
35110,-4.0474,1.2067,10.0173,1479,2826.99
35115,1.0726,3.1711,9.9826,1468,2826.99
35120,2.1536,3.0442,10.8637,1463,2826.99
35125,-1.5897,-0.4872,12.1637,1464,2826.99
35130,-4.2784,0.3567,10.8326,1466,2826.99
35135,0.1867,2.8611,9.5409,1484,2827.39
35140,2.3044,3.6284,10.4531,1464,2827.39
35145,-1.9824,0.4369,12.0117,1458,2827.39
35150,-3.9157,-0.5806,11.5796,1465,2827.39
35155,-1.1504,2.5295,9.3661,1493,2827.52
35160,2.0135,3.7948,10.3382,1468,2827.52
35165,-1.6328,1.1851,11.6502,1463,2827.52
35170,-2.976,-1.1935,11.983,1465,2827.52
35175,-2.739,2.0123,9.4379,1495,2827.65
35180,1.7202,3.6224,10.2208,1461,2827.65
35185,0.4836,2.0004,11.3533,1477,2827.65
35190,-1.9118,-1.3216,12.2056,1464,2827.65
35195,-3.9181,1.2821,9.8581,1467,2827.65
35200,1.2294,3.2022,9.9168,1469,2827.65
35205,2.1488,2.8659,10.8793,1463,2827.65
35210,-1.4952,-0.68,12.2176,1461,2827.65
35215,-4.3838,0.3819,10.738,1465,2827.65
35220,0.3484,2.8623,9.6391,1485,2828.19
35225,2.2458,3.6272,10.6039,1465,2828.19
35230,-2.0458,0.3244,12.0309,1456,2828.19
35235,-4.0749,-0.4345,11.461,1467,2828.19
35240,-0.9601,2.6061,9.3446,1492,2828.19
35245,2.0973,3.869,10.3358,1467,2828.19
35250,-1.7406,1.1133,11.6861,1461,2828.19
35255,-3.061,-1.1456,12.0117,1464,2828.19
35260,-2.5007,2.1057,9.414,1479,2828.19
35265,1.8232,3.5853,10.2053,1465,2828.19
35270,0.2765,1.8375,11.2851,1471,2828.19
35275,-2.0423,-1.4545,12.2679,1461,2828.19
35280,-3.7948,1.3276,9.839,1463,2828.19
35285,1.2881,3.1472,10.0126,1470,2828.19
35290,1.9249,2.7677,10.9774,1467,2828.19
35295,-1.6245,-0.8128,12.2894,1464,2828.19
35300,-4.3694,0.595,10.6183,1464,2828.19
35305,0.5136,2.988,9.6845,1479,2828.59
35310,2.2757,3.6272,10.556,1463,2828.59
35315,-1.9213,0.267,12.1075,1455,2828.59
35320,-4.0426,-0.2873,11.3916,1471,2828.59
35325,-0.6764,2.6492,9.3625,1496,2828.72
35330,2.1284,3.7828,10.337,1463,2828.72
35335,-1.8579,0.9708,11.819,1463,2828.72
35340,-3.1448,-1.1205,11.904,1461,2828.72
35345,-2.3224,2.1332,9.341,1477,2828.59
35350,1.8304,3.6224,10.3094,1469,2828.59
35355,-0.0491,1.7286,11.3988,1471,2828.59
35360,-2.1572,-1.3575,12.1805,1477,2828.59
35365,-3.7242,1.5514,9.7468,1451,2828.59
35370,1.3838,3.3112,10.094,1479,2828.99
35375,1.8806,2.6528,10.981,1463,2828.99
35380,-1.5227,-0.8775,12.2044,1465,2828.99
35385,-4.3527,0.6776,10.4651,1461,2828.99
35390,0.6752,3.0059,9.7456,1479,2828.72
35395,2.3523,3.4273,10.6207,1467,2828.72
35400,-1.8651,0.0658,12.1613,1462,2828.72
35405,-4.1503,-0.2526,11.2587,1465,2828.72
35410,-0.6021,2.6552,9.4068,1491,2828.85
35415,2.0351,3.7792,10.3573,1464,2828.85
35420,-1.9704,0.9146,11.8262,1467,2828.85
35425,-3.5255,-0.9996,11.9135,1466,2828.85
35430,-2.0626,2.3164,9.3757,1497,2828.72
35435,1.9704,3.7924,10.3274,1471,2828.72
35440,-0.4334,1.6352,11.4084,1463,2828.72
35445,-2.2721,-1.3144,12.1422,1463,2828.72
35450,-3.4692,1.5957,9.6343,1465,2828.72
35455,1.4605,3.3375,10.0497,1483,2828.85
35460,1.6903,2.4409,11.0421,1469,2828.85
35465,-1.573,-1.0642,12.2284,1459,2828.85
35470,-4.2964,0.759,10.3561,1464,2828.85
35475,0.7362,2.9999,9.7947,1477,2829.25
35480,2.2398,3.3399,10.6961,1469,2829.25
35485,-1.8004,-0.073,12.1733,1463,2829.25
35490,-4.2485,-0.0323,11.1498,1464,2829.25
35495,-0.3208,2.7761,9.42,1487,2828.99
35500,2.1679,3.8271,10.4375,1460,2828.99
35505,-1.9884,0.8296,11.9004,1467,2828.99
35510,-3.559,-0.8475,11.7352,1464,2828.99
35515,-1.7801,2.3559,9.3218,1493,2828.85
35520,2.0195,3.7314,10.3106,1469,2828.85
35525,-0.759,1.4916,11.4922,1459,2828.85
35530,-2.4852,-1.4353,12.1386,1469,2828.85
35535,-3.3447,1.6424,9.5589,1500,2828.05
35540,1.5335,3.383,10.2005,1468,2828.05
35545,1.2869,2.3655,11.1725,1471,2828.05
35550,-1.7334,-1.1301,12.232,1459,2828.05
35555,-4.2377,0.9613,10.2879,1469,2828.05
35560,0.8739,3.0873,9.8462,1479,2828.19
35565,2.2757,3.2801,10.7164,1467,2828.19
35570,-1.6819,-0.2071,12.1937,1465,2828.19
35575,-4.2246,0.0515,11.1007,1463,2828.19
35580,-0.1748,2.7821,9.5038,1477,2827.92
35585,2.2098,3.7314,10.4244,1465,2827.92
35590,-2.0877,0.6764,11.8944,1465,2827.92
35595,-3.5853,-0.7745,11.716,1467,2827.92
35600,-1.6472,2.3415,9.2895,1495,2827.92
35605,1.895,3.7278,10.313,1463,2827.92
35610,-1.0151,1.4018,11.5676,1461,2827.92
35615,-2.6121,-1.3599,12.141,1472,2827.92
35620,-3.1687,1.8016,9.5158,1499,2828.05
35625,1.6161,3.4596,10.2065,1461,2828.05
35630,1.2127,2.229,11.1953,1463,2828.05
35635,-1.7059,-1.1744,12.1877,1461,2828.05
35640,-4.1551,1.0415,10.1442,1471,2828.05
35645,0.9421,3.0562,9.9084,1478,2828.32
35650,2.2697,3.0933,10.7727,1464,2828.32
35655,-1.5969,-0.3831,12.1506,1461,2828.32
35660,-4.2557,0.1341,10.9415,1459,2828.32
35665,-0.0311,2.806,9.4894,1483,2828.45
35670,2.1859,3.7553,10.4279,1467,2828.45
35675,-2.1057,0.5746,11.9914,1466,2828.45
35680,-3.8092,-0.6177,11.6741,1465,2828.45
35685,-1.3994,2.5103,9.3458,1495,2828.59
35690,2.0315,3.8427,10.3513,1464,2828.59
35695,-1.2546,1.3288,11.5927,1479,2828.59
35700,-2.6959,-1.2893,12.0704,1465,2828.59
35705,-2.9257,1.8639,9.4439,1479,2828.32
35710,1.6999,3.4572,10.2053,1460,2828.32
35715,0.9924,2.0865,11.1486,1467,2828.32
35720,-1.8256,-1.3288,12.2583,1462,2828.32
35725,-4.0965,1.1277,10.0568,1471,2828.32
35730,1.0846,3.1005,9.9551,1479,2827.92
35735,2.138,3.0598,10.8553,1463,2827.92
35740,-1.6041,-0.4908,12.1985,1455,2827.92
35745,-4.3036,0.3424,10.8302,1463,2827.92
35750,0.1867,2.8958,9.5409,1481,2827.92
35755,2.2673,3.7505,10.4148,1467,2827.92
35760,-2.0339,0.516,11.9961,1462,2827.92
35765,-3.8247,-0.5662,11.6119,1461,2827.92
35770,-1.1899,2.4876,9.3027,1492,2827.65
35775,2.0506,3.7721,10.2903,1465,2827.65
35780,-1.4533,1.1779,11.6095,1461,2827.65
35785,-2.8671,-1.2917,12.0105,1470,2827.65
35790,-2.7988,1.9573,9.4523,1479,2827.39
35795,1.6568,3.5374,10.2723,1459,2827.39
35800,0.6153,2.0698,11.2887,1468,2827.39
35805,-1.9333,-1.2905,12.2092,1460,2827.39
35810,-3.972,1.2785,9.9527,1471,2827.39
35815,1.1253,3.1879,10.0126,1479,2827.65
35820,2.1895,2.9592,10.9104,1463,2827.65
35825,-1.5239,-0.5447,12.202,1461,2827.65
35830,-4.2976,0.3555,10.7105,1465,2827.65
35835,0.2574,2.8946,9.6438,1489,2827.52
35840,2.2529,3.6009,10.4579,1465,2827.52
35845,-1.9968,0.3603,12.0225,1461,2827.52
35850,-4.0235,-0.5171,11.4742,1463,2827.52
35855,-1.0546,2.5786,9.3745,1495,2827.52
35860,2.0063,3.8355,10.3178,1469,2827.52
35865,-1.7514,1.1337,11.728,1461,2827.52
35870,-3.0203,-1.1516,12.0165,1465,2827.52
35875,-2.5941,2.0734,9.499,1479,2827.12
35880,1.7825,3.6332,10.1909,1463,2827.12
35885,0.4776,1.9405,11.2683,1471,2827.12
35890,-1.9872,-1.3671,12.1697,1459,2827.12
35895,-3.8774,1.2761,9.8713,1477,2827.12
35900,1.318,3.201,10.0054,1479,2827.12
35905,2.0435,2.7653,10.8852,1460,2827.12
35910,-1.5347,-0.7362,12.2272,1463,2827.12
35915,-4.3658,0.4489,10.6159,1465,2827.12
35920,0.3903,2.9054,9.6953,1482,2826.86
35925,2.223,3.6188,10.5512,1463,2826.86
35930,-2.0219,0.3388,12.0811,1455,2826.86
35935,-4.0582,-0.3555,11.4658,1466,2826.86
35940,-0.8763,2.6348,9.432,1497,2826.59
35945,2.1225,3.8726,10.343,1469,2826.59
35950,-1.7633,1.0918,11.7064,1459,2826.59
35955,-3.0454,-1.1349,11.9219,1465,2826.59
35960,-2.4553,2.0614,9.3769,1495,2826.59
35965,1.8016,3.6021,10.2615,1458,2826.59
35970,0.1975,1.7921,11.3449,1477,2826.59
35975,-2.053,-1.3791,12.2248,1467,2826.59
35980,-3.8008,1.3503,9.8605,1477,2826.59
35985,1.2641,3.2382,10.0293,1466,2826.46
35990,1.9094,2.7306,10.9331,1463,2826.46
35995,-1.5562,-0.7482,12.1817,1464,2826.46
36000,-4.2868,0.5734,10.5788,1461,2826.46
36005,0.4429,2.9784,9.7109,1484,2826.59
36010,2.3655,3.5374,10.5704,1463,2826.59
36015,-1.9237,0.2298,12.0452,1459,2826.59
36020,-3.9863,-0.3124,11.3497,1455,2826.59
36025,-0.7578,2.5881,9.3637,1496,2826.32
36030,2.1189,3.7804,10.3262,1463,2826.32
36035,-1.8783,0.9613,11.7196,1461,2826.32
36040,-3.1855,-1.1073,11.8776,1465,2826.32
36045,-2.3487,2.1105,9.3793,1485,2826.32
36050,1.8268,3.6416,10.2975,1465,2826.32
36055,0.0275,1.7717,11.3713,1469,2826.32
36060,-2.1632,-1.3276,12.2044,1463,2826.32
36065,-3.6883,1.4676,9.7731,1463,2826.32
36070,1.3491,3.286,9.997,1467,2826.59
36075,1.9154,2.7162,10.9559,1463,2826.59
36080,-1.5179,-0.832,12.2511,1465,2826.59
36085,-4.2605,0.6009,10.5046,1459,2826.59
36090,0.5399,2.9497,9.7145,1479,2826.99
36095,2.2865,3.4668,10.5572,1462,2826.99
36100,-1.8926,0.073,12.0512,1459,2826.99
36105,-4.1264,-0.2514,11.333,1469,2826.99
36110,-0.6081,2.6803,9.4667,1494,2827.12
36115,2.0997,3.9169,10.3789,1467,2827.12
36120,-1.9728,1.0127,11.8178,1461,2827.12
36125,-3.3471,-0.9804,11.9052,1463,2827.12
36130,-2.1584,2.2637,9.3338,1491,2827.65
36135,1.8794,3.7098,10.234,1467,2827.65
36140,-0.2693,1.6951,11.3988,1471,2827.65
36145,-2.2134,-1.4234,12.1649,1461,2827.65
36150,-3.5614,1.5,9.6857,1463,2827.65
36155,1.3719,3.3267,10.0963,1469,2827.12
36160,1.7023,2.5546,10.9942,1466,2827.12
36165,-1.5622,-0.9744,12.2463,1463,2827.12
36170,-4.2928,0.759,10.3765,1461,2827.12
36175,0.662,3.0059,9.7767,1471,2827.25
36180,2.2757,3.468,10.647,1465,2827.25
36185,-1.919,-0.0311,12.1123,1455,2827.25
36190,-4.1432,-0.0982,11.2527,1467,2827.25
36195,-0.4836,2.7557,9.4607,1493,2826.72
36200,2.1548,3.8511,10.3992,1479,2826.72
36205,-2.0123,0.9074,11.8034,1461,2826.72
36210,-3.3519,-0.9349,11.7651,1460,2826.72
36215,-2.0315,2.2314,9.3122,1478,2826.06
36220,1.8902,3.6416,10.2963,1468,2826.06
36225,-0.5064,1.5814,11.4575,1467,2826.06
36230,-2.381,-1.4401,12.1075,1459,2826.06
36235,-3.4788,1.6245,9.7276,1463,2826.06
36240,1.4557,3.3603,10.1131,1477,2826.99
36245,1.5467,2.49,11.0313,1465,2826.99
36250,-1.6484,-1.0175,12.2511,1463,2826.99
36255,-4.2856,0.8392,10.4004,1459,2826.99
36260,0.7697,3.037,9.8294,1469,2826.59
36265,2.2936,3.3243,10.6207,1467,2826.59
36270,-1.7729,-0.0599,12.1398,1459,2826.59
36275,-4.1587,-0.0814,11.1893,1463,2826.59
36280,-0.2957,2.7689,9.414,1493,2826.59
36285,2.1201,3.7409,10.3813,1463,2826.59
36290,-2.0267,0.7925,11.9171,1465,2826.59
36295,-3.5841,-0.9589,11.7627,1461,2826.59
36300,-1.8543,2.3367,9.3721,1478,2826.32
36305,1.9237,3.7206,10.2795,1471,2826.32
36310,-0.7398,1.5347,11.4874,1463,2826.32
36315,-2.3942,-1.3587,12.1194,1464,2826.32
36320,-3.3327,1.7095,9.6103,1462,2826.32
36325,1.5083,3.3998,10.0844,1481,2826.32
36330,1.506,2.4217,11.1151,1465,2826.32
36335,-1.573,-1.0906,12.2152,1465,2826.32
36340,-4.1839,0.8464,10.2663,1459,2826.32
36345,0.8033,3.049,9.8282,1470,2826.46
36350,2.2733,3.2382,10.6769,1467,2826.46
36355,-1.6903,-0.2143,12.0847,1461,2826.46
36360,-4.2892,0.0227,11.078,1463,2826.46
36365,-0.2538,2.8252,9.5469,1497,2826.32
36370,2.1368,3.8642,10.4603,1463,2826.32
36375,-2.1201,0.7661,11.9207,1467,2826.32
36380,-3.5494,-0.7889,11.7436,1465,2826.32
36385,-1.7011,2.3439,9.3087,1495,2825.79
36390,2.0004,3.7637,10.2556,1465,2825.79
36395,-0.8356,1.4641,11.4491,1461,2825.79
36400,-2.4912,-1.3551,12.1159,1465,2825.79
36405,-3.2286,1.743,9.6043,1463,2825.79
36410,1.5383,3.3866,10.1526,1483,2825.92
36415,1.3144,2.3092,11.1211,1468,2825.92
36420,-1.6831,-1.2019,12.2248,1460,2825.92
36425,-4.1994,0.9385,10.2065,1462,2825.92
36430,0.9062,3.122,9.8665,1471,2825.66
36435,2.2565,3.2645,10.6925,1467,2825.66
36440,-1.7011,-0.2143,12.2116,1461,2825.66
36445,-4.2425,0.0658,11.0636,1467,2825.66
36450,-0.0958,2.8264,9.4846,1471,2825.52
36455,2.1979,3.8092,10.3657,1463,2825.52
36460,-2.1093,0.6608,11.9303,1468,2825.52
36465,-3.6033,-0.7638,11.6657,1460,2825.52
36470,-1.585,2.3523,9.2488,1496,2826.06
36475,1.9501,3.7589,10.2987,1471,2826.06
36480,-0.9912,1.415,11.5448,1465,2826.06
36485,-2.6109,-1.3431,12.0285,1467,2826.06
36490,-3.1735,1.7837,9.5816,1478,2826.06
36495,1.5921,3.4333,10.1514,1469,2826.06
36500,1.154,2.2458,11.1079,1468,2826.06
36505,-1.7131,-1.1552,12.2344,1460,2826.06
36510,-4.1887,1.0008,10.1526,1467,2826.06
36515,0.9792,3.1065,9.9862,1479,2826.06
36520,2.2637,3.1364,10.7524,1467,2826.06
36525,-1.6688,-0.3172,12.153,1465,2826.06
36530,-4.2725,0.1209,10.9642,1462,2826.06
36535,-0.0814,2.794,9.5014,1482,2826.06
36540,2.1189,3.7194,10.4303,1462,2826.06
36545,-2.1033,0.577,11.9351,1465,2826.06
36550,-3.79,-0.7075,11.6897,1463,2826.06
36555,-1.4808,2.4624,9.3386,1494,2826.06
36560,2.0075,3.863,10.313,1467,2826.06
36565,-1.2366,1.3336,11.5173,1463,2826.06
36570,-2.6528,-1.2869,12.0716,1471,2826.06
36575,-2.9999,1.8399,9.493,1501,2825.66
36580,1.6903,3.4656,10.167,1467,2825.66
36585,1.0726,2.1249,11.1378,1468,2825.66
36590,-1.7286,-1.2917,12.2356,1455,2825.66
36595,-4.0558,1.0475,10.1035,1467,2825.66
36600,1.0163,3.1101,9.924,1479,2826.32
36605,2.2194,3.1137,10.7763,1463,2826.32
36610,-1.6041,-0.4453,12.1566,1463,2826.32
36615,-4.3179,0.2298,10.9511,1463,2826.32
36620,0.1269,2.8503,9.5816,1469,2825.92
36625,2.1859,3.7529,10.4806,1465,2825.92
36630,-2.211,0.5686,11.9554,1465,2825.92
36635,-3.729,-0.5914,11.6107,1465,2825.92
36640,-1.3922,2.4373,9.3278,1493,2826.19
36645,2.0183,3.808,10.3609,1463,2826.19
36650,-1.2881,1.2845,11.6442,1462,2826.19
36655,-2.8204,-1.2869,12.0524,1477,2826.19
36660,-2.9006,1.822,9.4499,1480,2826.72
36665,1.6915,3.4429,10.1933,1463,2826.72
36670,0.8356,2.0865,11.2396,1466,2826.72
36675,-1.8567,-1.2929,12.2032,1458,2826.72
36680,-4.0378,1.1492,10.0748,1471,2826.72
36685,1.0523,3.1568,9.9778,1479,2826.59
36690,2.1572,3.0849,10.8062,1465,2826.59
36695,-1.5921,-0.4705,12.1925,1464,2826.59
36700,-4.2916,0.3208,10.8769,1462,2826.59
36705,0.1736,2.8718,9.5708,1480,2826.72
36710,2.2853,3.6452,10.4435,1465,2826.72
36715,-2.065,0.4932,11.9399,1465,2826.72
36720,-3.8607,-0.577,11.5173,1467,2826.72
36725,-1.2151,2.4924,9.3134,1491,2826.99
36730,1.986,3.8199,10.3501,1464,2826.99
36735,-1.4868,1.1947,11.6526,1462,2826.99
36740,-2.9102,-1.251,12.0644,1469,2826.99
36745,-2.8252,1.9513,9.4391,1484,2826.59
36750,1.7035,3.5015,10.1957,1461,2826.59
36755,0.6488,1.998,11.2827,1463,2826.59
36760,-1.9513,-1.2881,12.226,1459,2826.59
36765,-3.9397,1.2605,9.9814,1472,2826.59
36770,1.1408,3.1819,9.9527,1481,2825.66
36775,2.1751,2.9377,10.835,1463,2825.66
36780,-1.5227,-0.6105,12.1458,1453,2825.66
36785,-4.2868,0.3615,10.7835,1463,2825.66
36790,0.237,2.8635,9.6367,1481,2825.26
36795,2.1991,3.6296,10.5225,1465,2825.26
36800,-2.0806,0.4094,11.9554,1465,2825.26
36805,-3.9061,-0.4944,11.491,1465,2825.26
36810,-1.1157,2.5678,9.3649,1493,2825.26
36815,2.0423,3.8439,10.3106,1463,2825.26
36820,-1.6005,1.2055,11.6203,1460,2825.26
36825,-3.0119,-1.2294,11.995,1471,2825.26
36830,-2.6731,2.0016,9.4475,1497,2825.12
36835,1.8316,3.5338,10.1825,1461,2825.12
36840,0.516,1.9453,11.3018,1466,2825.12
36845,-1.9333,-1.3443,12.2212,1460,2825.12
36850,-3.9253,1.2821,9.9802,1469,2825.12
36855,1.1588,3.1771,9.9886,1480,2825.52
36860,2.0195,2.8742,10.8326,1465,2825.52
36865,-1.5622,-0.6285,12.1829,1456,2825.52
36870,-4.4448,0.4489,10.665,1465,2825.52
36875,0.3783,2.9916,9.6893,1483,2825.79
36880,2.2338,3.6691,10.5129,1465,2825.79
36885,-2.0674,0.3519,11.989,1467,2825.79
36890,-3.9109,-0.4214,11.4838,1464,2825.79
36895,-0.9697,2.5702,9.3386,1495,2826.19
36900,2.083,3.8128,10.3082,1465,2826.19
36905,-1.6424,1.1025,11.6646,1465,2826.19
36910,-2.976,-1.2103,11.9686,1470,2826.19
36915,-2.624,2.0063,9.3984,1501,2826.46
36920,1.7669,3.5458,10.2005,1463,2826.46
36925,0.3412,1.9034,11.3054,1467,2826.46
36930,-2.0267,-1.3264,12.2176,1454,2826.46
36935,-3.8726,1.3551,9.9419,1471,2826.46
36940,1.2222,3.2238,10.0126,1481,2826.19
36945,1.9824,2.8299,10.8864,1463,2826.19
36950,-1.5335,-0.6536,12.2691,1459,2826.19
36955,-4.3215,0.51,10.6997,1463,2826.19
36960,0.4872,2.9473,9.6043,1482,2826.06
36965,2.3068,3.5901,10.4746,1466,2826.06
36970,-2.0135,0.2825,12.0704,1463,2826.06
36975,-4.0354,-0.4417,11.4515,1465,2826.06
36980,-0.9098,2.5738,9.3901,1497,2825.79
36985,2.0411,3.8092,10.3322,1467,2825.79
36990,-1.8052,1.0546,11.7208,1452,2825.79
36995,-3.1951,-1.1624,11.9327,1477,2825.79
37000,-2.4373,2.1249,9.4248,1479,2826.06
37005,1.8794,3.6524,10.2639,1459,2826.06
37010,0.158,1.8244,11.3533,1469,2826.06
37015,-2.0638,-1.3288,12.1721,1461,2826.06
37020,-3.7733,1.3743,9.8294,1467,2826.06
37025,1.3144,3.2525,10.0712,1471,2825.66
37030,1.9848,2.7222,10.8984,1461,2825.66
37035,-1.4808,-0.8104,12.1326,1458,2825.66
37040,-4.312,0.4872,10.6219,1464,2825.66
37045,0.425,2.9317,9.7241,1483,2825.39
37050,2.2386,3.5183,10.58,1463,2825.39
37055,-1.9776,0.2239,12.0859,1461,2825.39
37060,-4.0965,-0.255,11.3844,1458,2825.39
37065,-0.7362,2.6671,9.4128,1487,2825.39
37070,2.0937,3.8834,10.3801,1469,2825.39
37075,-1.8579,1.0056,11.734,1461,2825.39
37080,-3.1627,-1.0906,11.8752,1463,2825.39
37085,-2.3451,2.1368,9.3434,1471,2825.12
37090,1.8926,3.6308,10.2364,1459,2825.12
37095,0.0754,1.8004,11.3258,1471,2825.12
37100,-2.1584,-1.4365,12.2116,1463,2825.12
37105,-3.7218,1.3623,9.8342,1479,2825.12
37110,1.3491,3.2022,10.0724,1471,2825.66
37115,1.8124,2.709,10.8996,1459,2825.66
37120,-1.6364,-0.8392,12.2296,1460,2825.66
37125,-4.3371,0.6369,10.6051,1463,2825.66
37130,0.6045,3.0394,9.7444,1483,2825.39
37135,2.2972,3.5542,10.5381,1465,2825.39
37140,-1.9321,0.1963,12.0811,1460,2825.39
37145,-4.0103,-0.2083,11.3425,1459,2825.39
37150,-0.6428,2.6085,9.3757,1491,2825.52
37155,2.1261,3.7733,10.3609,1469,2825.52
37160,-1.8926,0.9469,11.7304,1461,2825.52
37165,-3.2334,-1.0762,11.8166,1468,2825.52
37170,-2.2374,2.132,9.3913,1483,2825.52
37175,1.8244,3.6332,10.2615,1461,2825.52
37180,-0.1652,1.7298,11.3186,1470,2825.52
37185,-2.2613,-1.4114,12.1649,1464,2825.52
37190,-3.6583,1.5598,9.7923,1478,2825.52
37195,1.4257,3.3184,10.1251,1470,2825.66
37200,1.8399,2.6552,11.0253,1460,2825.66
37205,-1.5502,-0.8535,12.1985,1461,2825.66
37210,-4.2198,0.644,10.4627,1461,2825.66
37215,0.6045,2.9568,9.7073,1487,2825.92
37220,2.2877,3.4393,10.5776,1467,2825.92
37225,-1.8088,0.0215,12.0273,1455,2825.92
37230,-4.1934,-0.2526,11.309,1462,2825.92
37235,-0.5555,2.636,9.4499,1491,2825.92
37240,2.0842,3.8618,10.3777,1465,2825.92
37245,-2.0997,0.9301,11.7926,1461,2825.92
37250,-3.3232,-0.9301,11.8657,1466,2825.92
37255,-2.1225,2.2637,9.4008,1497,2825.92
37260,1.8866,3.735,10.2496,1461,2825.92
37265,-0.2394,1.6831,11.4215,1477,2825.92
37270,-2.2218,-1.3408,12.1829,1464,2825.92
37275,-3.5219,1.4976,9.7073,1471,2825.92
37280,1.3886,3.2573,10.064,1469,2825.92
37285,1.7549,2.5917,11.0133,1463,2825.92
37290,-1.5167,-1.0116,12.232,1464,2825.92
37295,-4.2713,0.6979,10.4112,1464,2825.92
37300,0.6393,2.9844,9.7911,1483,2825.92
37305,2.2134,3.4728,10.6494,1461,2825.92
37310,-1.9237,0.0036,12.1374,1459,2825.92
37315,-4.1288,-0.0682,11.1857,1461,2825.92
37320,-0.4836,2.7569,9.4116,1495,2826.06
37325,2.1727,3.8595,10.392,1465,2826.06
37330,-1.9429,0.9002,11.8321,1459,2826.06
37335,-3.3651,-0.9768,11.813,1461,2826.06
37340,-1.98,2.2446,9.3314,1481,2826.19
37345,1.9046,3.6081,10.3154,1463,2826.19
37350,-0.5028,1.5514,11.3844,1477,2826.19
37355,-2.2745,-1.4413,12.0668,1465,2826.19
37360,-3.4991,1.5598,9.7073,1470,2826.19
37365,1.3994,3.292,10.1215,1463,2826.32
37370,1.6137,2.5127,11.0026,1461,2826.32
37375,-1.6831,-0.9984,12.2547,1463,2826.32
37380,-4.3347,0.8583,10.4519,1462,2826.32
37385,0.832,3.061,9.8198,1484,2826.59
37390,2.3391,3.3806,10.6123,1463,2826.59
37395,-1.7202,-0.0718,12.1314,1455,2826.59
37400,-4.1922,-0.0838,11.1474,1468,2826.59
37405,-0.328,2.709,9.4224,1493,2826.72
37410,2.1404,3.7697,10.3298,1463,2826.72
37415,-2.0722,0.7817,11.8597,1463,2826.72
37420,-3.4931,-0.8859,11.8298,1462,2826.72
37425,-1.8902,2.3236,9.3362,1477,2826.86
37430,1.8866,3.7385,10.2615,1467,2826.86
37435,-0.6776,1.5682,11.406,1477,2826.86
37440,-2.4888,-1.342,12.1602,1461,2826.86
37445,-3.3543,1.7334,9.675,1464,2826.86
37450,1.5371,3.4153,10.1766,1467,2826.86
37455,1.4904,2.4169,11.0828,1463,2826.86
37460,-1.6388,-1.0594,12.2356,1464,2826.86
37465,-4.2389,0.8739,10.2388,1461,2826.86
37470,0.9026,3.0023,9.8306,1481,2827.52
37475,2.3116,3.225,10.7117,1463,2827.52
37480,-1.7119,-0.1951,12.2009,1455,2827.52
37485,-4.2653,-0.0311,11.1426,1468,2827.52
37490,-0.2646,2.8108,9.5205,1497,2827.92
37495,2.059,3.8271,10.416,1464,2827.92
37500,-2.1296,0.7889,11.9004,1461,2827.92
37505,-3.6571,-0.7781,11.7112,1463,2827.92
37510,-1.6843,2.3727,9.3039,1478,2827.65
37515,2.0566,3.7637,10.3537,1467,2827.65
37520,-0.8787,1.4676,11.4982,1471,2827.65
37525,-2.46,-1.3659,12.0943,1461,2827.65
37530,-3.2166,1.6903,9.5696,1461,2827.65
37535,1.5945,3.3591,10.1359,1471,2827.39
37540,1.3324,2.2745,11.0852,1465,2827.39
37545,-1.7142,-1.2163,12.2104,1463,2827.39
37550,-4.1791,0.99,10.1933,1461,2827.39
37555,0.9182,3.0801,9.8665,1471,2827.52
37560,2.2625,3.2358,10.7392,1467,2827.52
37565,-1.743,-0.2358,12.1733,1480,2827.52
37570,-4.3431,0.2227,10.9822,1467,2827.52
37575,-0.0132,2.8311,9.5014,1483,2826.99
37580,2.2625,3.784,10.4435,1463,2826.99
37585,-2.1404,0.6596,11.9112,1463,2826.99
37590,-3.6452,-0.7602,11.6705,1465,2826.99
37595,-1.5287,2.3774,9.2967,1495,2826.99
37600,1.974,3.796,10.3106,1469,2826.99
37605,-1.1337,1.3312,11.5412,1469,2826.99
37610,-2.6875,-1.3216,12.056,1459,2826.99
37615,-3.0861,1.7992,9.5385,1465,2826.99
37620,1.5622,3.4488,10.1849,1471,2826.99
37625,1.0463,2.2577,11.1881,1467,2826.99
37630,-1.7681,-1.1875,12.2392,1463,2826.99
37635,-4.0797,1.057,10.1646,1461,2826.99
37640,1.0283,3.1053,9.9156,1467,2827.12
37645,2.2865,3.1053,10.7105,1469,2827.12
37650,-1.5419,-0.3879,12.2104,1461,2827.12
37655,-4.2629,0.1508,10.8733,1465,2827.12
37660,0.0275,2.8168,9.5636,1481,2827.12
37665,2.1715,3.729,10.4627,1464,2827.12
37670,-2.0267,0.498,12.0105,1467,2827.12
37675,-3.8547,-0.7159,11.6286,1464,2827.12
37680,-1.3408,2.4529,9.3553,1495,2827.52
37685,1.9896,3.8271,10.3154,1468,2827.52
37690,-1.3803,1.3024,11.6131,1461,2827.52
37695,-2.7845,-1.2558,12.0428,1465,2827.52
37700,-2.897,1.9166,9.5158,1463,2827.52
37705,1.725,3.5303,10.167,1481,2826.86
37710,0.9481,2.0614,11.2168,1464,2826.86
37715,-1.8364,-1.3408,12.1721,1455,2826.86
37720,-4.063,1.0858,10.0533,1463,2826.86
37725,1.1636,3.0981,9.9491,1472,2826.86
37730,2.1476,3.0287,10.7919,1468,2826.86
37735,-1.6364,-0.486,12.159,1464,2826.86
37740,-4.3215,0.3304,10.8637,1453,2826.86
37745,0.1353,2.873,9.5349,1485,2826.86
37750,2.1668,3.7721,10.4854,1460,2826.86
37755,-2.0626,0.4729,11.9411,1467,2826.86
37760,-3.8774,-0.5124,11.5688,1463,2826.86
37765,-1.1456,2.4876,9.3158,1496,2826.46
37770,2.0961,3.8822,10.3669,1469,2826.46
37775,-1.4808,1.2594,11.6262,1460,2826.46
37780,-2.812,-1.2438,12.0333,1477,2826.46
37785,-2.7677,1.913,9.4391,1480,2826.32
37790,1.6771,3.4548,10.2472,1468,2826.32
37795,0.6428,2.0171,11.2384,1468,2826.32
37800,-1.9094,-1.3671,12.2439,1452,2826.32
37805,-3.9947,1.1947,10.0209,1464,2826.32
37810,1.16,3.1915,10.0233,1471,2826.06
37815,2.0889,2.9987,10.8481,1468,2826.06
37820,-1.5514,-0.5052,12.2284,1464,2826.06
37825,-4.3132,0.4154,10.7093,1464,2826.06
37830,0.3005,2.8934,9.596,1464,2826.19
37835,2.3272,3.6368,10.4603,1465,2826.19
37840,-2.0435,0.3699,11.9866,1465,2826.19
37845,-3.8547,-0.5351,11.4826,1467,2826.19
37850,-1.0906,2.5283,9.3146,1496,2826.19
37855,2.0518,3.8235,10.307,1465,2826.19
37860,-1.5562,1.1648,11.6717,1462,2826.19
37865,-3.0119,-1.2163,11.9902,1471,2826.19
37870,-2.6671,2.0482,9.4499,1497,2826.32
37875,1.7526,3.5506,10.1873,1465,2826.32
37880,0.4645,1.9573,11.333,1469,2826.32
37885,-1.9656,-1.3048,12.2032,1459,2826.32
37890,-3.8642,1.3072,9.9276,1465,2826.32
37895,1.2282,3.1711,10.0006,1480,2826.32
37900,2.1225,2.8695,10.8757,1463,2826.32
37905,-1.5694,-0.6393,12.2188,1463,2826.32
37910,-4.3048,0.3926,10.7188,1460,2826.32
37915,0.3208,2.8527,9.6522,1477,2826.59
37920,2.2063,3.5781,10.5477,1467,2826.59
37925,-2.0722,0.3232,12.0392,1468,2826.59
37930,-4.039,-0.4477,11.4335,1467,2826.59
37935,-0.9553,2.6001,9.3829,1493,2826.72
37940,2.0518,3.9145,10.3334,1463,2826.72
37945,-1.7873,1.1349,11.7064,1461,2826.72
37950,-3.1041,-1.1444,11.989,1469,2826.72
37955,-2.5007,2.0901,9.426,1500,2826.99
37960,1.8364,3.5985,10.2256,1463,2826.99
37965,0.2873,1.834,11.2504,1463,2826.99
37970,-2.0231,-1.3982,12.2296,1459,2826.99
37975,-3.863,1.3455,9.8426,1471,2826.99
37980,1.2486,3.2166,10.0413,1480,2827.12
37985,1.9225,2.7833,10.9223,1464,2827.12
37990,-1.5634,-0.7673,12.2583,1466,2827.12
37995,-4.3814,0.5507,10.6027,1463,2827.12
38000,0.4537,2.9724,9.6738,1480,2827.12
38005,2.2625,3.6176,10.5249,1465,2827.12
38010,-2.0219,0.261,12.0416,1463,2827.12
38015,-4.0426,-0.2957,11.3569,1465,2827.12
38020,-0.814,2.6444,9.4511,1487,2826.99
38025,2.1141,3.8283,10.325,1461,2826.99
38030,-1.7849,1.0104,11.7507,1455,2826.99
38035,-3.1544,-1.1193,11.9135,1471,2826.99
38040,-2.3439,2.0746,9.3877,1499,2826.99
38045,1.8292,3.6045,10.2639,1460,2826.99
38050,0.0395,1.7717,11.3282,1463,2826.99
38055,-2.1272,-1.3779,12.2511,1459,2826.99
38060,-3.7242,1.4557,9.8426,1471,2826.99
38065,1.3192,3.2956,10.07,1481,2827.52
38070,1.8723,2.7342,10.9702,1463,2827.52
38075,-1.5802,-0.8248,12.2152,1459,2827.52
38080,-4.3251,0.589,10.483,1464,2827.52
38085,0.595,2.97,9.6941,1479,2827.65
38090,2.3272,3.45,10.6015,1464,2827.65
38095,-2.0578,0.7889,11.892,1464,2827.65
38100,-4.0941,-0.2765,11.3365,1464,2827.65
38105,-0.6009,2.6169,9.3984,1487,2829.25
38110,2.0578,3.8295,10.3801,1471,2829.25
38115,-1.9609,0.9134,11.7914,1464,2829.25
38120,-3.3076,-1.0295,11.874,1477,2829.25
38125,-2.1356,2.1847,9.3158,1485,2828.99
38130,1.901,3.7266,10.3058,1460,2828.99
38135,-0.2155,1.6305,11.3772,1468,2828.99
38140,-2.2853,-1.3743,12.1709,1463,2828.99
38145,-3.5338,1.5383,9.6762,1477,2828.99
38150,1.4329,3.3004,10.0963,1471,2828.85
38155,1.7478,2.5031,10.9882,1464,2828.85
38160,-1.5814,-1.0175,12.2344,1456,2828.85
38165,-4.2677,0.729,10.3729,1461,2828.85
38170,0.7266,3.0131,9.7659,1483,2828.59
38175,2.2853,3.4129,10.6243,1463,2828.59
38180,-1.8651,-0.0132,12.141,1461,2828.59
38185,-4.2114,-0.0694,11.2073,1461,2828.59
38190,-0.4441,2.7019,9.414,1491,2828.32
38195,2.1584,3.8535,10.3585,1469,2828.32
38200,-2.0183,0.8523,11.807,1462,2828.32
38205,-3.4668,-0.9086,11.8513,1467,2828.32
38210,-1.8842,2.2589,9.341,1490,2828.05
38215,1.992,3.7326,10.2592,1462,2828.05
38220,-0.5662,1.5514,11.4443,1472,2828.05
38225,-2.4337,-1.4042,12.0979,1463,2828.05
38230,-3.3998,1.6029,9.6115,1478,2828.05
38235,1.4832,3.3064,10.2197,1470,2828.05
38240,1.4808,2.4433,11.0923,1460,2828.05
38245,-1.7023,-1.136,12.2559,1465,2828.05
38250,-4.2497,0.8942,10.3382,1465,2828.05
38255,0.8631,3.0538,9.815,1484,2828.45
38260,2.2913,3.3184,10.6961,1463,2828.45
38265,-1.7633,-0.1448,12.1482,1455,2828.45
38270,-4.1994,0.0323,11.145,1465,2828.45
38275,-0.1951,2.7725,9.4439,1495,2828.99
38280,2.2039,3.8008,10.4507,1467,2828.99
38285,-2.1189,0.7314,11.8669,1462,2828.99
38290,-3.5925,-0.8464,11.7244,1466,2828.99
38295,-1.6616,2.3391,9.2775,1496,2829.25
38300,1.9082,3.7601,10.325,1462,2829.25
38305,-0.8918,1.4497,11.5412,1479,2829.25
38310,-2.6408,-1.3743,12.0991,1459,2829.25
38315,-3.2058,1.8088,9.4882,1465,2829.25
38320,1.166,3.1807,9.918,1465,2829.52
38325,1.2725,2.3463,11.1043,1463,2829.52
38330,-1.6029,-0.4477,12.202,1464,2829.52
38335,-4.2796,0.255,10.7967,1463,2829.52
38340,0.1317,2.8647,9.5421,1481,2830.19
38345,2.138,3.6715,10.4375,1465,2830.19
38350,-2.0446,0.4178,12.0464,1459,2830.19
38355,-3.9576,-0.6057,11.5484,1469,2830.19
38360,-1.1971,2.5103,9.2919,1497,2830.46
38365,2.0327,3.8499,10.2951,1466,2830.46
38370,-1.5215,1.2007,11.7017,1459,2830.46
38375,-2.9963,-1.2725,12.0488,1461,2830.46
38380,-2.7102,2.059,9.4403,1471,2831.39
38385,1.719,3.6224,10.1778,1464,2831.39
38390,0.6237,1.9728,11.3365,1469,2831.39
38395,-1.9309,-1.3743,12.2416,1459,2831.39
38400,-3.9109,1.2378,9.9072,1463,2831.39
38405,1.239,3.1843,9.9563,1477,2831.66
38410,2.0865,2.8539,10.8601,1465,2831.66
38415,-1.6053,-0.7111,12.2823,1463,2831.66
38420,-4.361,0.5255,10.659,1461,2831.66
38425,0.4022,2.9161,9.6247,1469,2832.73
38430,2.2362,3.614,10.5237,1467,2832.73
38435,-2.0267,0.2598,12.0991,1463,2832.73
38440,-4.0642,-0.3663,11.3832,1467,2832.73
38445,-0.838,2.5977,9.317,1491,2833.53
38450,2.0806,3.8475,10.3501,1459,2833.53
38455,-1.7286,1.0343,11.7507,1468,2833.53
38460,-3.231,-1.1121,11.8956,1465,2833.53
38465,-2.3379,2.1213,9.3314,1492,2834.6
38470,1.9094,3.6236,10.2627,1466,2834.6
38475,0.0204,1.6903,11.3521,1459,2834.6
38480,-2.1835,-1.3994,12.2236,1469,2834.6
38485,-3.6715,1.4329,9.7145,1483,2833.8
38490,1.3443,3.3315,10.0592,1463,2833.8
38495,1.7801,2.636,10.9942,1467,2833.8
38500,-1.6532,-0.9074,12.3337,1460,2833.8
38505,-4.3503,0.7183,10.4411,1467,2833.8
38510,0.6764,3.0251,9.7276,1477,2833.4
38515,2.3152,3.4321,10.6123,1461,2833.4
38520,-1.8268,0.0036,12.1637,1463,2833.4
38525,-4.1647,-0.1688,11.2827,1463,2833.4
38530,-0.431,2.715,9.4308,1481,2831.93
38535,2.1596,3.7769,10.404,1466,2831.93
38540,-1.9812,0.8296,11.8309,1469,2831.93
38545,-3.5183,-0.9433,11.7699,1463,2831.93
38550,-1.9201,2.2589,9.3099,1491,2831.26
38555,1.9309,3.735,10.2951,1463,2831.26
38560,-0.5866,1.5263,11.4802,1463,2831.26
38565,-2.4433,-1.3635,12.2188,1471,2831.26
38570,-3.389,1.6436,9.6774,1495,2831.12
38575,1.5263,3.3914,10.143,1459,2831.12
38580,1.5634,2.4277,11.0756,1467,2831.12
38585,-1.6747,-1.0558,12.2823,1455,2831.12
38590,-4.2198,0.8679,10.2208,1468,2831.12
38595,0.8787,3.0514,9.7887,1481,2830.99
38600,2.3152,3.3243,10.7464,1463,2830.99
38605,-1.7107,-0.2119,12.1889,1455,2830.99
38610,-4.3108,-0.0072,11.078,1461,2830.99
38615,-0.1748,2.721,9.4858,1481,2830.72
38620,2.15,3.8571,10.4555,1467,2830.72
38625,-2.2134,0.6895,11.874,1461,2830.72
38630,-3.6655,-0.7733,11.7914,1455,2830.72
38635,-1.6544,2.387,9.3625,1493,2830.19
38640,1.9788,3.8259,10.3202,1467,2830.19
38645,-0.9876,1.3958,11.5185,1462,2830.19
38650,-2.6492,-1.3922,12.0979,1471,2830.19
38655,-3.1544,1.7897,9.5134,1483,2830.06
38660,1.7154,3.4644,10.1873,1459,2830.06
38665,1.1779,2.2374,11.1139,1465,2830.06
38670,-1.731,-1.251,12.2858,1464,2830.06
38675,-4.1324,0.9912,10.1107,1479,2830.06
38680,0.9804,3.0957,9.9491,1469,2829.65
38685,2.2063,3.1364,10.7763,1460,2829.65
38690,-1.6089,-0.431,12.1793,1463,2829.65
38695,-4.3586,0.231,10.9188,1465,2829.65
38700,0.103,2.8635,9.5505,1486,2829.25
38705,2.2494,3.7721,10.4447,1465,2829.25
38710,-2.1512,0.5602,11.9471,1461,2829.25
38715,-3.7098,-0.6141,11.6442,1464,2829.25
38720,-1.3336,2.4349,9.3326,1496,2829.25
38725,1.9788,3.8176,10.2819,1464,2829.25
38730,-1.2953,1.2809,11.5676,1464,2829.25
38735,-2.8036,-1.3144,12.0261,1461,2829.25
38740,-2.9245,1.9142,9.4834,1485,2829.52
38745,1.652,3.4405,10.1981,1462,2829.52
38750,0.8452,2.132,11.2539,1479,2829.52
38755,-1.9836,-1.3072,12.2535,1461,2829.52
38760,-4.0785,1.1779,10.0377,1469,2829.52
38765,1.1313,3.1448,9.9168,1469,2829.92
38770,2.1668,3.0562,10.8242,1461,2829.92
38775,-1.573,-0.5088,12.2511,1465,2829.92
38780,-4.3718,0.3065,10.8074,1463,2829.92
38785,0.2957,2.8671,9.5469,1482,2830.59
38790,2.2625,3.6895,10.5165,1461,2830.59
38795,-2.1033,0.4022,11.9734,1452,2830.59
38800,-3.8666,-0.5435,11.4718,1465,2830.59
38805,-1.1384,2.5139,9.323,1496,2830.86
38810,2.0219,3.8211,10.3837,1464,2830.86
38815,-1.5838,1.1372,11.6298,1464,2830.86
38820,-2.9916,-1.1875,11.9734,1463,2830.86
38825,-2.6899,2.0626,9.3506,1479,2830.32
38830,1.7801,3.6105,10.2436,1467,2830.32
38835,0.5231,1.9393,11.2839,1469,2830.32
38840,-1.9106,-1.306,12.2104,1461,2830.32
38845,-3.8367,1.3144,9.8845,1461,2830.32
38850,1.2127,3.1831,9.9766,1476,2829.25
38855,2.0997,2.8216,10.9032,1481,2829.25
38860,-1.5431,-0.7159,12.2428,1467,2829.25
38865,-4.3179,0.4956,10.6506,1461,2829.25
38870,0.3819,2.9377,9.6438,1468,2829.25
38875,2.2434,3.6105,10.4914,1465,2829.25
38880,-2.059,0.261,12.0931,1460,2829.25
38885,-4.0306,-0.3472,11.4479,1464,2829.25
38890,-0.905,2.6276,9.4391,1496,2828.72
38895,2.1081,3.875,10.319,1462,2828.72
38900,-1.8364,1.069,11.7172,1464,2828.72
38905,-3.1256,-1.075,11.9171,1463,2828.72
38910,-2.3846,2.0865,9.3661,1481,2828.05
38915,1.834,3.5829,10.2568,1467,2828.05
38920,0.1389,1.7789,11.3246,1465,2828.05
38925,-2.1332,-1.3994,12.2128,1461,2828.05
38930,-3.7517,1.3779,9.7851,1465,2828.05
38935,1.2977,3.2657,10.0341,1477,2827.25
38940,1.834,2.7306,10.9056,1468,2827.25
38945,-1.6041,-0.8571,12.2392,1463,2827.25
38950,-4.2892,0.6452,10.5536,1460,2827.25
38955,0.5231,3.0011,9.6654,1469,2827.25
38960,2.2625,3.5482,10.5524,1463,2827.25
38965,-1.9166,0.1628,12.0752,1461,2827.25
38970,-4.0689,-0.2586,11.3006,1465,2827.25
38975,-0.6512,2.6911,9.3745,1495,2827.25
38980,2.1069,3.8714,10.3968,1461,2827.25
38985,-1.9609,0.9313,11.7196,1465,2827.25
38990,-3.2202,-1.0594,11.9064,1461,2827.25
38995,-2.2565,2.1476,9.3769,1496,2827.12
39000,1.8184,3.6727,10.3214,1469,2827.12
39005,-0.1365,1.6424,11.4359,1462,2827.12
39010,-2.2398,-1.3695,12.1985,1464,2827.12
39015,-3.6332,1.5155,9.7671,1463,2827.12
39020,1.4054,3.3471,10.094,1467,2827.12
39025,1.822,2.6169,11.0061,1467,2827.12
39030,-1.5658,-0.8523,12.1949,1461,2827.12
39035,-4.2832,0.6979,10.4746,1460,2827.12
39040,0.6393,3.0047,9.7875,1478,2828.05
39045,2.332,3.395,10.5465,1469,2828.05
39050,-1.822,0.0251,12.1063,1463,2828.05
39055,-4.1779,-0.2227,11.2683,1463,2828.05
39060,-0.4968,2.654,9.4379,1487,2828.19
39065,2.1129,3.8475,10.416,1463,2828.19
39070,-2.0554,0.9254,11.8836,1471,2828.19
39075,-3.4369,-0.929,11.91,1465,2828.19
39080,-2.0255,2.2709,9.3051,1496,2828.19
39085,1.913,3.7326,10.2292,1467,2828.19
39090,-0.4238,1.5993,11.4431,1460,2828.19
39095,-2.2769,-1.4257,12.1685,1469,2828.19
39100,-3.4345,1.5347,9.7013,1495,2828.05
39105,1.4952,3.3315,10.1059,1467,2828.05
39110,1.6149,2.4768,11.0708,1469,2828.05
39115,-1.6281,-1.087,12.2535,1461,2828.05
39120,-4.2772,0.7614,10.3729,1469,2828.05
39125,0.7781,2.9856,9.7971,1472,2828.05
39130,2.2924,3.3926,10.7081,1463,2828.05
39135,-1.8483,-0.0946,12.1697,1463,2828.05
39140,-4.1922,-0.0072,11.1618,1461,2828.05
39145,-0.2897,2.8144,9.5098,1469,2828.05
39150,2.1835,3.8654,10.416,1466,2828.05
39161,16.9318,-29.9981,0.1556,1465,2828.05
39165,-1.8112,2.296,9.3326,1496,2827.79
39170,1.9369,3.7014,10.3058,1465,2827.79
39175,-0.68,1.4581,11.4754,1460,2827.79
39180,-2.484,-1.4174,12.1566,1469,2827.79
39185,-3.3423,1.6652,9.6223,1495,2827.52
39190,1.4844,3.3267,10.1478,1463,2827.52
39195,1.4066,2.4086,11.0636,1465,2827.52
39200,-1.6975,-1.093,12.2499,1459,2827.52
39205,-4.2054,0.9206,10.3406,1469,2827.52
39210,0.8583,3.0813,9.8378,1479,2827.39
39215,2.32,3.2693,10.7009,1461,2827.39
39220,-1.6843,-0.1293,12.1362,1467,2827.39
39225,-4.209,0.0299,11.0887,1461,2827.39
39230,-0.176,2.7964,9.4463,1481,2827.52
39235,2.2075,3.7888,10.404,1465,2827.52
39240,-2.0602,0.6847,11.9375,1465,2827.52
39245,-3.6847,-0.8188,11.7579,1465,2827.52
39250,-1.6712,2.3427,9.3434,1491,2827.92
39255,1.9273,3.7589,10.2735,1466,2827.92
39260,-1.0068,1.4353,11.5736,1463,2827.92
39265,-2.6025,-1.3048,12.0979,1479,2827.92
39270,-3.2022,1.7945,9.5756,1483,2827.92
39275,1.6065,3.4656,10.1179,1461,2827.92
39280,1.2701,2.2936,11.1953,1467,2827.92
39285,-1.7119,-1.1839,12.238,1459,2827.92
39290,-4.1767,0.996,10.2053,1471,2827.92
39295,1.0295,3.0658,9.8821,1480,2828.32
39300,2.2529,3.1161,10.7919,1464,2828.32
39305,-1.6903,-0.3783,12.147,1453,2828.32
39310,-4.3311,0.1185,10.9702,1463,2828.32
39315,0.0204,2.8455,9.5457,1481,2828.32
39320,2.1668,3.7852,10.4722,1465,2828.32
39325,-2.1871,0.6452,12.0021,1463,2828.32
39330,-3.7098,-0.6608,11.661,1461,2828.32
39335,-1.4222,2.4588,9.347,1494,2828.05
39340,2.0123,3.8475,10.2951,1467,2828.05
39345,-1.148,1.3372,11.5077,1461,2828.05
39350,-2.7126,-1.2989,12.0704,1481,2828.05
39355,-3.0191,1.8914,9.5481,1479,2827.92
39360,1.7011,3.4704,10.1837,1461,2827.92
39365,1.0211,2.077,11.2013,1467,2827.92
39370,-1.8423,-1.3228,12.2296,1464,2827.92
39375,-4.1456,1.0906,10.0305,1477,2827.92
39380,1.0989,3.1304,9.9719,1467,2829.12
39385,2.144,3.0849,10.8002,1460,2829.12
39390,-1.6544,-0.4537,12.2835,1462,2829.12
39395,-4.3395,0.3519,10.8613,1464,2829.12
39400,0.1772,2.9137,9.5469,1483,2829.12
39405,2.2374,3.7565,10.4148,1465,2829.12
39410,-2.0985,0.4717,12.0285,1455,2829.12
39415,-3.7649,-0.6201,11.5616,1463,2829.12
39420,-1.1935,2.4505,9.341,1496,2829.65
39425,2.0494,3.8164,10.3011,1465,2829.65
39430,-1.4413,1.1803,11.6406,1465,2829.65
39435,-2.9521,-1.2929,12.0033,1464,2829.65
39440,-2.7545,1.9237,9.4355,1493,2829.92
39445,1.7478,3.5662,10.2268,1461,2829.92
39450,0.5962,2.0004,11.3222,1471,2829.92
39455,-2.0004,-1.2761,12.317,1465,2829.92
39460,-3.9684,1.2677,9.9802,1477,2829.92
39465,1.2294,3.2094,10.0137,1465,2830.06
39470,2.1308,2.9329,10.9379,1461,2830.06
39475,-1.5407,-0.5962,12.2655,1463,2830.06
39480,-4.3658,0.3915,10.641,1465,2830.06
39485,0.3352,2.8766,9.6307,1481,2830.19
39490,2.2889,3.571,10.5213,1463,2830.19
39495,-2.0147,0.2921,12.0716,1461,2830.19
39500,-3.972,-0.4645,11.4551,1469,2830.19
39505,-1.0295,2.5498,9.3326,1485,2830.06
39510,2.0387,3.8331,10.3573,1464,2830.06
39515,-1.6999,1.0882,11.7208,1461,2830.06
39520,-3.14,-1.1444,11.9878,1459,2830.06
39525,-2.5055,2.1344,9.402,1498,2830.46
39530,1.8627,3.6332,10.2532,1465,2830.46
39535,0.2538,1.8651,11.3018,1479,2830.46
39540,-2.0423,-1.3886,12.238,1460,2830.46
39545,-3.7673,1.3527,9.7719,1463,2830.46
39550,1.2797,3.2142,9.9802,1471,2830.19
39555,1.974,2.7114,10.914,1461,2830.19
39560,-1.5838,-0.8116,12.2511,1463,2830.19
39565,-4.3874,0.5626,10.5153,1462,2830.19
39570,0.4812,2.9305,9.6893,1472,2829.92
39575,2.2505,3.5889,10.5608,1467,2829.92
39580,-1.8962,0.1556,12.1386,1463,2829.92
39585,-4.1396,-0.2286,11.3054,1466,2829.92
39590,-0.6129,2.6372,9.3817,1483,2829.92
39595,2.2386,3.9241,10.2891,1461,2829.92
39600,-1.9597,1.2246,-0.0012,1464,2829.92
39605,-3.1639,-1.0259,11.9926,1463,2829.92
39610,-2.1679,2.1344,9.3446,1496,2829.92
39615,1.8483,3.6452,10.2436,1465,2829.92
39620,-0.1604,1.6783,11.4215,1467,2829.92
39625,-2.3403,-1.4413,12.1757,1459,2829.92
39630,-3.6547,1.4952,9.6929,1466,2829.92
39635,1.4293,3.2944,10.1514,1479,2830.06
39640,1.6628,2.6432,11.0552,1467,2830.06
39645,-2.144,0.5746,11.8908,1463,2830.06
39650,-4.288,0.753,10.4184,1459,2830.06
39655,0.6644,3.0143,9.7241,1471,2830.19
39660,2.3511,3.4632,10.5884,1467,2830.19
39665,-1.7286,-0.012,12.1123,1463,2830.19
39670,-4.2126,-0.1317,11.236,1469,2830.19
39675,-0.4142,2.721,9.3913,1483,2830.46
39680,2.2098,3.8223,10.3597,1461,2830.46
39685,-2.0411,0.8212,11.8214,1467,2830.46
39690,-3.4812,-0.9493,11.8693,1465,2830.46
39695,-1.9261,2.2637,9.2967,1497,2830.59
39700,1.9094,3.7134,10.2807,1467,2830.59
39705,-0.6153,1.5754,11.4838,1463,2830.59
39710,-2.4565,-1.3396,12.1949,1468,2830.59
39715,-3.3902,1.7322,9.6403,1482,2830.59
39720,1.5395,3.3926,10.0628,1471,2830.59
39725,1.5227,2.4181,11.0911,1469,2830.59
39730,-1.6436,-1.063,12.1949,1455,2830.59
39735,-4.2162,0.8631,10.2615,1469,2830.59
39740,0.8284,3.0287,9.7863,1467,2829.79
39745,2.3056,3.2501,10.7536,1466,2829.79
39750,-2.1201,0.5818,11.9973,1465,2829.79
39755,-4.306,-0.018,11.0935,1461,2829.79
39760,-0.182,2.812,9.5014,1469,2829.39
39765,2.1045,3.8523,10.4842,1464,2829.39
39770,-2.0985,0.7446,11.9626,1463,2829.39
39775,-3.7218,-0.8056,11.6717,1463,2829.39
39780,-1.6221,2.3978,9.3158,1495,2828.72
39785,2.0782,3.8116,10.3011,1463,2828.72
39790,-0.9565,1.4293,11.5329,1461,2828.72
39795,-2.5857,-1.3767,12.1206,1469,2828.72
39800,-3.128,1.7382,9.5265,1499,2828.59
39805,1.646,3.4093,10.1945,1463,2828.59
39810,1.1349,2.2134,11.1486,1463,2828.59
39815,-1.7526,-1.2629,12.2009,1459,2828.59
39820,-4.2186,0.9948,10.167,1471,2828.59
39825,0.9996,3.0837,9.973,1472,2828.45
39830,2.217,3.1903,10.7368,1463,2828.45
39835,-1.7262,-0.3089,12.1901,1465,2828.45
39840,-4.2449,0.261,10.969,1461,2828.45
39845,0.0251,2.885,9.5373,1482,2828.59
39850,2.2374,3.7541,10.4136,1461,2828.59
39855,-2.1117,0.6093,11.9291,1465,2828.59
39860,-3.6344,-0.668,11.6514,1463,2828.59
39865,-1.4473,2.4241,9.3075,1493,2828.19
39870,2.0016,3.7481,10.2843,1467,2828.19
39875,-1.1875,1.312,11.6011,1462,2828.19
39880,-2.8455,-1.3539,12.0596,1471,2828.19
39885,-3.0203,1.9178,9.4798,1479,2828.19
39890,1.6999,3.4728,10.2017,1459,2828.19
39895,0.899,2.156,11.2396,1467,2828.19
39900,-1.822,-1.2079,12.2547,1463,2828.19
39905,-4.0797,1.1372,10.0736,1471,2828.19
39910,1.0666,3.1412,9.93,1479,2828.72
39915,2.2517,3.049,10.7811,1462,2828.72
39920,-1.5586,-0.3998,12.2487,1453,2828.72
39925,-4.3084,0.2286,10.8625,1461,2828.72
39930,0.1437,2.8575,9.5229,1485,2828.85
39935,2.2194,3.6488,10.4387,1464,2828.85
39940,-2.0782,0.4513,11.983,1461,2828.85
39945,-3.8882,-0.6416,11.5664,1459,2828.85
39950,-1.2234,2.5271,9.3398,1491,2828.99
39955,2.0363,3.8642,10.3238,1469,2828.99
39960,-1.5,1.2426,11.6442,1461,2828.99
39965,-2.8922,-1.1432,12.0632,1470,2828.99
39970,-2.7904,2.0183,9.4703,1485,2828.85
39975,1.7454,3.5985,10.2197,1461,2828.85
39980,0.6488,1.9465,11.321,1470,2828.85
39985,-1.919,-1.3408,12.2332,1463,2828.85
39990,-3.9624,1.2079,9.9084,1471,2828.85
39995,1.227,3.1783,9.9647,1469,2829.52
40000,2.1165,2.903,10.8673,1455,2829.52
40005,-1.5921,-0.6524,12.2248,1463,2829.52
40010,-4.4377,0.3986,10.7512,1463,2829.52
40015,0.3531,2.9185,9.6307,1485,2829.12
40020,2.2841,3.6607,10.4878,1465,2829.12
40025,-2.15,0.3531,12.0237,1459,2829.12
40030,-3.9241,-0.3926,11.4742,1463,2829.12
40035,-0.9625,2.6121,9.3984,1491,2829.25
40040,2.1344,3.8882,10.3765,1467,2829.25
40045,-1.7154,1.1193,11.7112,1461,2829.25
40050,-2.9568,-1.1372,11.9746,1466,2829.25
40055,-2.5079,2.0554,9.3625,1491,2829.25
40060,1.7837,3.5841,10.24,1463,2829.25
40065,0.2682,1.8459,11.309,1477,2829.25
40070,-2.1249,-1.4246,12.2152,1467,2829.25
40075,-3.8738,1.3707,9.8833,1470,2829.25
40080,1.3096,3.2334,10.0688,1469,2829.25
40085,1.9405,2.8467,10.9451,1459,2829.25
40090,-2.0997,0.7398,11.8274,1463,2829.25
40095,-4.3191,0.5662,10.5704,1465,2829.25
40100,0.5171,2.9449,9.651,1483,2828.99
40105,2.3308,3.5566,10.5345,1461,2828.99
40110,-1.9094,0.182,12.1206,1461,2828.99
40115,-4.0666,-0.3364,11.3796,1467,2828.99
40120,-0.7362,2.6097,9.3577,1495,2828.99
40125,2.1177,3.814,10.392,1465,2828.99
40130,-1.8375,0.9685,11.7304,1461,2828.99
40135,-3.322,-1.1205,11.8788,1461,2828.99
40140,-2.2661,2.1835,9.3709,1497,2828.59
40145,1.8435,3.6703,10.3142,1465,2828.59
40150,-0.091,1.7633,11.4036,1471,2828.59
40155,-2.1632,-1.3384,12.2308,1461,2828.59
40160,-3.6356,1.5,9.7959,1459,2828.59
40165,1.3922,3.2777,10.094,1477,2828.45
40170,1.8783,2.6695,10.993,1463,2828.45
40175,-1.5,-0.8703,12.2535,1465,2828.45
40180,-4.2689,0.6464,10.4507,1463,2828.45
40185,0.5854,2.958,9.7264,1471,2828.59
40190,2.3056,3.4046,10.6015,1465,2828.59
40195,-1.7849,0.0622,12.1039,1459,2828.59
40200,-4.288,-0.1915,11.2707,1469,2828.59
40205,-0.5375,2.6827,9.432,1497,2828.59
40210,2.1835,3.9037,10.4004,1464,2828.59
40215,-2.0339,0.9026,11.8489,1461,2828.59
40220,-3.4201,-0.9349,11.8896,1464,2828.59
40225,-2.0135,2.2697,9.3529,1487,2828.45
40230,1.9812,3.7373,10.2424,1467,2828.45
40235,-0.3903,1.6364,11.3605,1469,2828.45
40240,-2.2589,-1.3755,12.153,1461,2828.45
40245,-3.4979,1.5275,9.6558,1461,2828.45
40250,1.4365,3.3184,10.0676,1477,2828.59
40255,1.6113,2.5199,11.1055,1464,2828.59
40260,-2.1033,0.5938,11.9938,1464,2828.59
40265,-4.2605,0.747,10.3513,1461,2828.59
40270,0.747,3.0011,9.815,1472,2828.59
40275,2.2948,3.3782,10.6602,1467,2828.59
40280,-1.8124,-0.0622,12.1015,1461,2828.59
40285,-4.1911,-0.018,11.1713,1463,2828.59
40290,-0.2945,2.8156,9.5014,1479,2828.59
40295,2.1691,3.7828,10.3621,1463,2828.59
40300,-2.0482,0.8308,11.8441,1467,2828.59
40305,-3.4584,-0.899,11.7172,1460,2828.59
40310,-1.8591,2.2266,9.3146,1496,2828.59
40315,1.8914,3.7278,10.2783,1471,2828.59
40320,-0.6704,1.5036,11.4898,1465,2828.59
40325,-2.5809,-1.409,12.1398,1465,2828.59
40330,-3.3722,1.7226,9.6211,2195,2827.79
40335,1.555,3.3866,10.1215,1465,2827.79
40340,1.3695,2.3858,11.0528,1467,2827.79
40345,-1.731,-1.0894,12.2272,1459,2827.79
40350,-4.2162,0.9266,10.3034,1465,2827.79
40355,0.9194,3.0335,9.8438,1471,2828.99
40360,2.3128,3.2657,10.7284,1469,2828.99
40365,-1.6855,-0.1137,12.2176,1463,2828.99
40370,-4.1899,-0.0299,11.0409,1465,2828.99
40375,-0.2107,2.739,9.4774,1487,2828.45
40380,2.1572,3.7278,10.337,1464,2828.45
40385,-2.0255,0.6955,11.8992,1467,2828.45
40390,-3.7553,-0.8224,11.7196,1464,2828.45
40395,-1.6053,2.4373,9.3625,1496,2828.32
40400,1.9812,3.8116,10.3082,1469,2828.32
40405,-1.0882,1.4066,11.5616,1461,2828.32
40410,-2.545,-1.2594,12.1087,1477,2828.32
40415,-3.1591,1.7861,9.5421,1499,2828.32
40420,1.6029,3.4357,10.1203,1465,2828.32
40425,1.1839,2.2075,11.1498,1469,2828.32
40430,-1.6819,-1.2198,12.2511,1460,2828.32
40435,-4.197,0.972,10.1347,1467,2828.32
40440,1.002,3.1161,9.8809,1479,2828.19
40445,2.2362,3.0969,10.7583,1467,2828.19
40450,-1.6376,-0.3555,12.1793,1462,2828.19
40455,-4.3539,0.1496,10.9834,1461,2828.19
40460,-0.0299,2.8647,9.5313,1478,2827.92
40465,2.1691,3.7409,10.4866,1467,2827.92
40470,-2.1344,0.6117,11.9207,1467,2827.92
40475,-3.6919,-0.6512,11.6681,1467,2827.92
40480,-1.4437,2.4983,9.3146,1493,2828.05
40485,2.0842,3.8415,10.3058,1463,2828.05
40490,-1.2342,1.3012,11.5436,1460,2828.05
40495,-2.7043,-1.3036,12.0859,1467,2828.05
40500,-2.9724,1.7741,9.5086,1498,2827.92
40505,1.5921,3.4333,10.173,1459,2827.92
40510,0.9325,2.1225,11.169,1463,2827.92
40515,-1.8244,-1.2773,12.2727,1461,2827.92
40520,-4.0941,1.0989,10.0616,1471,2827.92
40525,1.0391,3.1508,9.9359,1479,2827.92
40530,2.1703,3.0478,10.799,1463,2827.92
40535,-2.0363,0.3579,12.0524,1465,5867.97
40540,-4.2473,0.3029,10.8876,1461,5867.97
40545,0.1377,2.8623,9.5409,1479,5458.52
40550,2.2613,3.6931,10.398,1463,5458.52
40555,-2.0506,0.4836,11.9734,1469,5458.52
40560,-3.8008,-0.5734,11.5772,1465,5458.52
40565,-1.2091,2.4972,9.2859,1495,2828.05
40570,2.0482,3.7661,10.2627,1467,2828.05
40575,-1.5383,1.2091,11.6586,1459,2828.05
40580,-2.8886,-1.2342,12.0309,1468,2828.05
40585,-2.8096,1.962,9.481,1483,2828.19
40590,1.6676,3.5518,10.2089,1463,2828.19
40595,0.6572,2.0075,11.2587,1463,2828.19
40600,-1.9213,-1.2725,12.2032,1461,2828.19
40605,-3.9696,1.2522,9.997,1468,2828.19
40610,1.1815,3.2346,10.0185,1477,2828.32
40615,2.1284,2.9604,10.8577,1464,2828.32
40620,-1.9561,0.176,12.0476,1455,2828.32
40625,-4.3096,0.346,10.7332,1465,2828.32
40630,0.2526,2.8599,9.6247,1481,2828.45
40635,2.2649,3.6069,10.5117,1465,2828.45
40640,-1.9752,0.3244,11.9997,1459,2828.45
40645,-4.0474,-0.4956,11.5245,1461,2828.45
40650,-1.0199,2.5953,9.3649,1491,2828.59
40655,2.1045,3.881,10.3501,1467,2828.59
40660,-1.7011,1.1612,11.6179,1453,2828.59
40665,-3.1292,-1.1899,11.959,1467,2828.59
40670,-2.5714,2.0746,9.3625,1479,2828.72
40675,1.8471,3.6152,10.2568,1453,2828.72
40680,0.3029,1.8519,11.333,1471,2828.72
40685,-1.9752,-1.3695,12.2152,1465,2828.72
40690,-3.8451,1.3455,9.8713,1477,2828.72
40695,1.2498,3.1831,9.9766,1466,2828.59
40700,1.9872,2.7809,10.8769,1461,2828.59
40705,-2.1464,0.7769,11.8393,1461,2828.59
40710,-4.3491,0.4956,10.641,1467,2828.59
40715,0.3962,2.9329,9.6989,1483,2828.32
40720,2.2817,3.6069,10.5644,1464,2828.32
40725,-1.8818,0.2873,12.0728,1459,2828.32
40730,-4.1144,-0.2861,11.3952,1465,2828.32
40735,-0.7278,2.6707,9.3649,1497,2828.45
40740,2.1392,3.8798,10.3561,1467,2828.45
40745,-1.8268,1.0858,11.7196,1460,2828.45
40750,-3.1867,-1.1253,11.8693,1465,2828.45
40755,-2.3703,2.0602,9.3805,1490,2828.45
40760,1.8399,3.5662,10.2544,1461,2828.45
40765,-0.0227,1.7753,11.3904,1477,2828.45
40770,-2.2182,-1.4126,12.2284,1465,2828.45
40775,-3.7314,1.4341,9.7384,1469,2828.45
40780,1.4174,3.2513,10.0616,1467,2828.45
40785,1.8364,2.715,11.0121,1453,2828.45
40790,-1.5886,-0.832,12.2631,1465,2828.45
40795,-4.3239,0.6381,10.5369,1467,2828.45
40800,0.6572,3.0035,9.7013,1481,2828.72
40805,2.3068,3.4836,10.5752,1461,2828.72
40810,-2.0614,0.7769,11.8357,1459,2828.72
40815,-4.0929,-0.2418,11.2683,1467,2828.72
40820,-0.6093,2.6815,9.3721,1493,2828.85
40825,2.0973,3.808,10.3489,1467,2828.85
40830,-1.9201,0.9301,11.8214,1461,2828.85
40835,-3.3782,-1.0582,11.8645,1463,2828.85
40840,-2.1045,2.2529,9.3242,1476,2829.12
40845,1.8783,3.7014,10.228,1461,2829.12
40850,-0.3196,1.7023,11.4048,1479,2829.12
40855,-2.2793,-1.3611,12.1661,1453,2829.12
40860,-3.6152,1.555,9.7372,1463,2829.12
40865,1.4425,3.3363,10.0963,1469,2829.39
40870,1.7717,2.5007,11.0109,1463,2829.39
40875,-1.5622,-1.0068,12.2451,1464,2829.39
40880,-4.3072,0.7446,10.3693,1461,2829.39
40885,0.7626,3.0047,9.76,1472,2829.92
40890,2.2948,3.3746,10.6171,1463,2829.92
40895,-2.1177,0.7338,11.9399,1459,5873.14
40900,-4.2964,-0.1341,11.1701,1469,5873.14
40905,-0.3424,2.7617,9.5193,1497,5463.49
40910,2.1524,3.8223,10.3525,1467,5463.49
40915,-2.071,0.8475,11.9243,1461,5463.49
40920,-3.5721,-0.8906,11.7759,1464,5463.49
40925,-1.8615,2.2589,9.2703,1496,2830.86
40930,2.0111,3.7673,10.2783,1467,2830.86
40942,-2.5379,6.1818,46.0692,1465,2830.86
40945,-3.3339,1.6472,9.5672,1491,2831.26
40950,1.646,3.3291,10.1191,1461,2831.26
40955,1.3779,2.3044,11.0624,1459,2831.26
40960,-1.743,-1.1995,12.2751,1463,2831.26
40965,-4.2605,0.9481,10.2747,1477,2831.26
40970,0.923,3.0813,9.9443,1481,2831.39
40975,2.2446,3.3351,10.7176,1463,2831.39
40980,-1.7226,-0.1724,12.1171,1465,2831.39
40985,-4.2318,0.1484,11.0385,1461,2831.39
40990,-0.0802,2.818,9.4942,1481,2831.39
40995,2.2709,3.8068,10.4315,1467,2831.39
41000,-1.986,0.6776,11.8716,1466,2831.39
41005,-3.7098,-0.7566,11.7232,1464,2831.39
41010,-1.4916,2.3918,9.3134,1491,2831.66
41015,2.0219,3.7888,10.3717,1464,2831.66
41020,-1.1277,1.3348,11.5341,1461,2831.66
41025,-2.7402,-1.3719,12.0919,1471,2831.66
41030,-3.0275,1.8399,9.4918,1495,2831.79
41035,1.6484,3.4728,10.2149,1459,2831.79
41040,0.9828,2.2278,11.1594,1469,2831.79
41045,-1.8794,-1.2031,12.2715,1465,2831.79
41050,-4.0833,1.1552,10.0736,1479,2831.79
41055,1.0882,3.1735,9.906,1471,2831.93
41060,2.2087,3.0801,10.7536,1461,2831.93
41065,-1.5945,-0.4741,12.22,1461,2831.93
41070,-4.3144,0.2191,10.7775,1463,2831.93
41075,0.1173,2.8,9.4954,1481,2832.19
41080,2.2098,3.7026,10.4639,1463,2832.19
41085,-2.1344,0.4058,12.0213,1460,2832.19
41090,-3.8942,-0.5578,11.6011,1461,2832.19
41095,-1.2067,2.5139,9.2751,1491,2832.06
41100,2.0446,3.8954,10.2819,1467,2832.06
41105,-1.5036,1.2318,11.6825,1464,2832.06
41110,-2.9628,-1.1815,12.0261,1465,2832.06
41115,-2.7677,1.992,9.4104,1480,2832.19
41120,1.7789,3.5913,10.222,1459,2832.19
41125,0.6321,1.9393,11.2934,1477,2832.19
41130,-1.9824,-1.3779,12.2044,1467,2832.19
41135,-3.9289,1.3144,9.8845,1471,2832.19
41140,1.245,3.1951,9.9886,1465,2832.19
41145,2.0842,2.8132,10.896,1460,2832.19
41150,-1.5981,-0.7278,12.2595,1464,2832.19
41155,-4.3215,0.4501,10.738,1463,2832.19
41160,0.401,2.8898,9.5948,1483,2832.46
41165,2.2613,3.6392,10.5512,1460,2832.46
41170,-2.0315,0.3124,12.062,1463,2832.46
41175,-4.0127,-0.3077,11.4515,1467,2832.46
41180,-0.832,2.6252,9.3099,1496,2832.19
41185,2.1488,3.8822,10.325,1464,2832.19
41190,-1.7585,1.0187,11.7555,1463,2832.19
41195,-3.1591,-1.1588,11.9542,1460,2832.19
41200,-2.3715,2.1081,9.3889,1479,2831.79
41205,1.7968,3.5781,10.2783,1467,2831.79
41210,0.0862,1.7322,11.3904,1469,2831.79
41215,-2.1907,-1.4389,12.2116,1453,2831.79
41220,-3.7146,1.4724,9.7731,1461,2831.79
41225,1.2953,3.2621,10.0221,1477,2831.66
41230,1.8148,2.6983,11.0265,1469,2831.66
41235,-2.1392,0.6692,11.9255,1465,2831.66
41240,-4.3108,0.6943,10.4722,1463,2831.66
41245,0.6093,3.0071,9.7229,1470,2832.06
41250,2.3882,3.4836,10.5812,1465,2832.06
41255,-1.8459,0.1137,12.1865,1465,2832.06
41260,-4.1108,-0.2227,11.2899,1463,2832.06
41265,-0.5207,2.6683,9.3733,1491,2832.19
41270,2.1488,3.7673,10.337,1465,2832.19
41275,-1.992,0.8595,11.8298,1468,2832.19
41280,-3.4453,-1.0175,11.8034,1463,2832.19
41285,-2.071,2.2529,9.2943,1485,2831.66
41290,1.8866,3.7302,10.3046,1469,2831.66
41295,-0.4908,1.6137,11.5149,1465,2831.66
41300,-2.4804,-1.3719,12.1817,1467,2831.66
41305,-3.462,1.7154,9.6331,1491,2830.99
41310,1.579,3.3986,10.1179,1465,2830.99
41315,1.6532,2.4217,11.048,1469,2830.99
41320,-1.6484,-1.0582,12.2092,1459,2830.99
41325,-4.2617,0.8212,10.2795,1467,2830.99
41330,0.8308,3.0311,9.8138,1478,2830.86
41335,2.2529,3.2896,10.7129,1465,2830.86
41340,-1.7214,-0.1748,12.1649,1465,2830.86
41345,-4.2449,-0.0168,11.1043,1463,2830.86
41350,-0.2538,2.7833,9.4595,1466,2830.46
41355,2.15,3.784,10.4052,1465,2830.46
41360,-2.1608,0.7314,11.8932,1467,2830.46
41365,-3.5698,-0.7374,11.8309,1464,2830.46
41370,-1.737,2.3846,9.3122,1496,2830.46
41375,2.0243,3.802,10.2963,1463,2830.46
41380,-0.7841,1.4281,11.5113,1463,2830.46
41385,-2.5091,-1.3455,12.1542,1471,2830.46
41390,-3.201,1.6891,9.499,1492,2830.46
41395,1.5526,3.3674,10.1323,1463,2830.46
41400,1.2486,2.2589,11.1366,1461,2830.46
41405,-1.7454,-1.2175,12.2691,1458,2830.46
41410,-4.1899,1.0068,10.1873,1469,2830.46
41415,0.899,3.1196,9.8988,1479,2830.59
41420,2.2242,3.2382,10.7284,1465,2830.59
41425,-1.7454,-0.2969,12.2691,1464,2830.59
41430,-4.3084,0.2059,10.9702,1461,2830.59
41435,0.0239,2.8802,9.4918,1481,2830.59
41440,2.2709,3.7302,10.4291,1465,2830.59
41445,-2.0734,0.5626,11.9578,1461,2830.59
41450,-3.7457,-0.6692,11.5748,1460,2830.59
41455,-1.3384,2.4169,9.2967,1493,2830.99
41460,2.0159,3.784,10.3441,1471,2830.99
41465,-1.2653,1.2462,11.631,1465,2830.99
41470,-2.812,-1.3408,12.062,1470,2830.99
41475,-2.9652,1.8986,9.4739,1491,2831.12
41480,1.6185,3.5267,10.2472,1461,2831.12
41485,0.8236,2.1165,11.23,1467,2831.12
41490,-1.9082,-1.2617,12.2284,1463,2831.12
41495,-4.045,1.221,10.0233,1471,2831.12
41500,1.1265,3.1915,9.9144,1477,2831.39
41505,2.217,2.9856,10.8302,1460,2831.39
41510,-1.5395,-0.5148,12.323,1463,2831.39
41515,-4.3922,0.2789,10.7919,1465,2831.39
41520,0.2622,2.8407,9.5648,1481,2831.26
41525,2.2901,3.5997,10.471,1465,2831.26
41530,-2.0219,0.3436,12.0033,1459,2831.26
41535,-3.9983,-0.5602,11.5065,1463,2831.26
41540,-1.0271,2.5438,9.3925,1491,2830.99
41545,2.059,3.9277,10.3573,1467,2830.99
41550,-1.652,1.1899,11.728,1460,2830.99
41555,-3.1053,-1.1468,12.056,1507,2830.99
41560,-2.6085,2.0339,9.3853,1487,2830.99
41565,1.8411,3.6093,10.2328,1461,2830.99
41570,0.3926,1.889,11.3545,1478,2830.99
41575,-2.0207,-1.3874,12.2404,1467,2830.99
41580,-3.8343,1.3396,9.8653,1471,2830.99
41585,1.2653,3.146,10.058,1467,2830.99
41590,1.9848,2.806,10.9068,1462,2830.99
41595,-1.5862,-0.808,12.2475,1466,2830.99
41600,-4.4245,0.4932,10.5824,1466,2830.99
41605,0.504,2.9449,9.7133,1481,2831.66
41610,2.2757,3.6081,10.5704,1464,2831.66
41615,-2.0231,0.267,12.0919,1461,2831.66
41620,-4.1073,-0.2634,11.3976,1476,2831.66
41625,-0.6979,2.6947,9.3661,1497,2831.52
41630,2.1775,3.8798,10.3525,1465,2831.52
41635,-1.8148,1.0008,11.7304,1463,2831.52
41640,-3.1699,-1.1277,11.898,1461,2831.52
41645,-2.2721,2.1261,9.3553,1485,2831.26
41650,1.8423,3.5626,10.2137,1465,2831.26
41655,-0.0515,1.6999,11.4012,1471,2831.26
41660,-2.3272,-1.4581,12.1625,1462,2831.26
41665,-3.7182,1.5036,9.7624,1461,2831.26
41670,1.3827,3.2848,10.0736,1471,2831.12
41675,1.7238,2.6671,10.969,1455,2831.12
41680,-1.6293,-0.9074,12.2368,1464,2831.12
41685,-4.3084,0.7626,10.5022,1461,2831.12
41690,0.6548,3.043,9.7528,1469,2830.59
41695,2.3631,3.4572,10.5979,1467,2830.59
41700,-1.7322,0.0742,12.1518,1453,2830.59
41705,-4.1863,-0.1891,11.2132,1460,2830.59
41710,-0.425,2.6767,9.3422,1493,2830.59
41715,2.1835,3.7517,10.3394,1465,2830.59
41720,-2.0255,0.8523,11.8286,1465,2830.59
41725,-3.4477,-0.9912,11.8178,1464,2830.59
41730,-1.992,2.296,9.335,1497,2830.32
41735,1.8866,3.7577,10.2568,1467,2830.32
41740,-0.5483,1.5957,11.4575,1463,2830.32
41745,-2.4074,-1.3096,12.1554,1463,2830.32
41750,-3.383,1.6723,9.6115,1464,2830.32
41755,1.5574,3.3926,10.1155,1483,2830.06
41760,1.5862,2.4409,11.1055,1469,2830.06
41765,-1.6041,-1.0307,12.2523,1453,2830.06
41770,-4.2341,0.814,10.2699,1464,2830.06
