timestamp_ms,ax,ay,az,acs_adc,rpm
11069,0.3232,3.3172,10.1311,1532,2513.19
11074,-1.1708,3.043,10.3226,1519,2513.19
11079,-0.9086,-0.0323,11.1294,1511,2513.19
11084,-1.4916,-0.6991,12.0524,1516,2513.19
11089,-0.4621,1.986,10.2675,1532,2513.72
11094,0.5279,3.7146,10.1454,1516,2513.72
11099,-2.6025,2.5355,10.2017,1515,2513.72
11104,-0.7865,-0.4094,11.7328,1516,2513.72
11109,-1.6783,-0.1365,11.8142,1518,2513.72
11114,-0.1963,2.2877,10.094,1555,2513.62
11119,0.5435,3.8547,10.2627,1529,2513.62
11124,-3.201,1.8028,10.1658,1527,2513.62
11129,-0.8811,-0.6357,12.1769,1513,2513.62
11134,-1.634,0.6871,11.3701,1517,2513.62
11139,-0.0227,2.6731,10.1263,1531,2513.93
11144,0.2801,3.6811,10.3202,1511,2513.93
11149,-2.4385,0.9888,10.3202,1510,2513.93
11154,-1.0774,-0.7446,12.2116,1517,2513.93
11159,-1.2007,1.3575,10.8266,1529,2513.93
11164,0.2538,3.128,10.1035,1526,2514.77
11169,-0.5399,3.2214,10.3262,1515,2514.77
11174,-1.2522,0.2179,10.9391,1524,2514.77
11179,-1.3527,-0.7326,12.1147,1517,2514.77
11184,-0.6488,1.8783,10.4124,1547,2515.3
11189,0.51,3.5997,10.0533,1523,2515.3
11194,-2.0722,2.6671,10.3298,1511,2515.3
11199,-0.7709,-0.3579,11.5029,1515,2515.3
11204,-1.6688,-0.34,11.9028,1514,2515.3
11209,-0.3077,2.1739,10.1706,1549,2515.72
11214,0.5734,3.8906,10.2472,1518,2515.72
11219,-3.1939,2.0722,10.1023,1515,2515.72
11224,-0.7949,-0.5806,12.0321,1512,2515.72
11229,-1.7142,0.401,11.4646,1515,2515.72
11234,-0.0766,2.4804,10.0688,1543,2516.04
11239,0.4322,3.7984,10.3693,1527,2516.04
11244,-2.8216,1.3096,10.2364,1513,2516.04
11249,-0.9984,-0.68,12.2068,1523,2516.04
11254,-1.3443,1.1349,10.9786,1527,2516.04
11259,0.091,2.8982,10.0509,1523,2515.83
11264,-0.2346,3.383,10.3477,1517,2515.83
11269,-1.5634,0.4681,10.6961,1515,2515.83
11274,-1.2689,-0.7626,12.1171,1519,2515.83
11279,-0.7362,1.7071,10.5321,1519,2515.83
11284,0.4298,3.4034,10.155,1515,2515.83
11289,-1.585,2.8431,10.3118,1513,2515.83
11294,-0.8655,-0.2454,11.376,1512,2515.83
11299,-1.5957,-0.4741,11.9507,1518,2515.83
11304,-0.3184,2.1165,10.2771,1553,2516.57
11309,0.5614,3.7505,10.1861,1503,2516.57
11314,-2.9389,2.2865,10.2256,1531,2516.57
11319,-0.8559,-0.5531,11.9363,1519,2516.57
11324,-1.7262,0.1532,11.6215,1513,2516.57
11329,-0.0946,2.411,10.0556,1560,2516.67
11334,0.5495,3.8714,10.2699,1518,2516.67
11339,-3.0598,1.4664,10.1418,1519,2516.67
11344,-0.9697,-0.6859,12.1985,1511,2516.67
11349,-1.494,0.929,11.1342,1513,2516.67
11354,0.0922,2.8886,10.1071,1545,2516.99
11359,0.085,3.5865,10.3513,1513,2516.99
11364,-1.9441,0.6512,10.5273,1512,2516.99
11369,-1.221,-0.7997,12.1733,1530,2516.99
11374,-0.9804,1.561,10.6518,1513,2516.99
11379,0.3496,3.31,10.1131,1531,2517.1
11384,-1.0487,3.0742,10.343,1519,2517.1
11389,-0.9984,-0.0287,11.157,1511,2517.1
11394,-1.4856,-0.656,12.0728,1514,2517.1
11399,-0.5076,2.0039,10.307,1563,2517.41
11404,0.504,3.6715,10.1215,1515,2517.41
11409,-2.563,2.4852,10.1969,1515,2517.41
11414,-0.7889,-0.4369,11.7663,1523,2517.41
11419,-1.6927,-0.1173,11.8274,1519,2517.41
11424,-0.237,2.2697,10.0736,1549,2517.73
11429,0.4836,3.8918,10.2532,1527,2517.73
11434,-3.2872,1.7454,10.1754,1528,2517.73
11439,-0.9026,-0.6428,12.0907,1515,2517.73
11444,-1.5455,0.7326,11.2432,1515,2517.73
11449,0.0215,2.6899,10.0281,1545,2518.26
11454,0.2083,3.6344,10.3214,1513,2518.26
11459,-2.2637,0.8751,10.3872,1511,2518.26
11464,-1.1301,-0.7458,12.208,1519,2518.26
11469,-1.069,1.4784,10.7571,1528,2518.26
11474,0.3232,3.1711,10.0604,1542,2518.15
11479,-0.6608,3.1137,10.3286,1515,2518.15
11484,-1.1301,0.091,11.0038,1518,2518.15
11489,-1.4186,-0.6584,12.05,1511,2518.15
11494,-0.5638,1.9668,10.3896,1542,2518.05
11499,0.51,3.6188,10.1131,1527,2518.05
11504,-2.2565,2.575,10.2292,1513,2518.05
11509,-0.8404,-0.431,11.6227,1523,2518.05
11514,-1.7274,-0.2598,11.8573,1519,2518.05
11519,-0.2119,2.2446,10.1071,1553,2518.36
11524,0.6213,3.9037,10.2436,1523,2518.36
11529,-3.2046,1.9405,10.1335,1517,2518.36
11534,-0.9349,-0.6153,12.0859,1513,2518.36
11539,-1.6592,0.4968,11.3856,1514,2518.36
11544,-0.0263,2.6097,10.0928,1526,2518.36
11549,0.3244,3.7433,10.2855,1517,2518.36
11554,-2.5678,1.1181,10.3274,1511,2518.36
11559,-1.1013,-0.7614,12.0943,1515,2518.36
11564,-1.2665,1.3048,10.9128,1527,2518.36
11569,0.176,3.0706,10.1442,1523,2518.68
11574,-0.4046,3.322,10.3753,1517,2518.68
11579,-1.3408,0.2777,10.8409,1523,2518.68
11584,-1.3491,-0.7733,12.0967,1515,2518.68
11589,-0.6464,1.8064,10.4615,1565,2519.0
11594,0.4513,3.5326,10.1071,1517,2519.0
11599,-1.9549,2.7557,10.319,1515,2519.0
11604,-0.9206,-0.3124,11.5125,1515,2519.0
11609,-1.6316,-0.4226,11.9147,1513,2519.0
11614,-0.2538,2.1225,10.0916,1549,2519.31
11619,0.5866,3.8415,10.2017,1515,2519.31
11624,-3.1615,2.0734,10.1682,1528,2519.31
11629,-0.9254,-0.5507,12.0464,1523,2519.31
11634,-1.7154,0.3184,11.5365,1513,2519.31
11639,-0.0419,2.5606,10.0796,1553,2519.74
11644,0.4034,3.7733,10.2723,1527,2519.74
11649,-2.8539,1.2677,10.2795,1513,2519.74
11654,-1.1313,-0.7338,12.1218,1522,2519.74
11659,-1.3647,1.1983,11.0816,1523,2519.74
11664,0.2454,2.988,10.0114,1529,2519.84
11669,-0.1197,3.3531,10.3765,1519,2519.84
11674,-1.5682,0.3855,10.6985,1513,2519.84
11679,-1.336,-0.7781,12.1901,1525,2519.84
11684,-0.741,1.7813,10.5596,1519,2519.84
11689,0.4585,3.48,10.0461,1525,2519.95
11694,-1.5706,2.8383,10.3238,1519,2519.95
11699,-0.8487,-0.2095,11.3641,1507,2519.95
11704,-1.6137,-0.5339,11.995,1519,2519.95
11709,-0.316,2.0925,10.1706,1559,2519.84
11714,0.5578,3.8427,10.2819,1512,2519.84
11719,-2.9939,2.2434,10.1263,1520,2519.84
11724,-0.7913,-0.5459,11.892,1519,2519.84
11729,-1.749,0.164,11.5963,1511,2519.84
11734,-0.0551,2.4469,10.1179,1559,2519.74
11739,0.4513,3.8403,10.2711,1517,2519.74
11744,-3.0071,1.5502,10.2328,1515,2519.74
11749,-1.0726,-0.6572,12.0823,1519,2519.74
11754,-1.4605,0.9864,11.1211,1513,2519.74
11759,0.0886,2.8311,10.0149,1543,2519.74
11764,-0.0539,3.4776,10.3956,1517,2519.74
11769,-1.81,0.5698,10.5536,1513,2519.74
11774,-1.2582,-0.7147,12.1937,1527,2519.74
11779,-0.8212,1.6556,10.6362,1513,2519.74
11784,0.3627,3.3662,10.0892,1531,2520.37
11789,-1.3683,2.9485,10.3238,1525,2520.37
11794,-1.0008,-0.1664,11.3042,1513,2520.37
11799,-1.5407,-0.559,12.0309,1515,2520.37
11804,-0.3352,2.0435,10.2113,1559,2520.69
11809,0.6333,3.7493,10.1574,1515,2520.69
11814,-2.7581,2.3296,10.2699,1515,2520.69
11819,-0.9122,-0.5279,11.898,1513,2520.69
11824,-1.7789,0.018,11.6933,1513,2520.69
11829,-0.0622,2.4122,10.0987,1559,2521.11
11834,0.5555,3.8307,10.2292,1527,2521.11
11839,-3.061,1.6065,10.1837,1529,2521.11
11844,-1.0546,-0.7566,12.0524,1514,2521.11
11849,-1.5335,0.8847,11.2312,1513,2521.11
11854,0.1448,2.8204,10.094,1544,2521.43
11859,0.1185,3.6009,10.3609,1513,2521.43
11864,-1.9896,0.6752,10.4411,1514,2521.43
11869,-1.2366,-0.7925,12.1135,1529,2521.43
11874,-0.9313,1.5694,10.6291,1516,2521.43
11879,0.4046,3.316,10.1299,1531,2521.96
11884,-1.1001,3.0598,10.3525,1516,2521.96
11889,-1.0427,-0.0419,11.1929,1515,2521.96
11894,-1.5311,-0.7183,11.9722,1514,2521.96
11899,-0.4178,1.9776,10.2915,1546,2522.39
11904,0.5698,3.7517,10.1454,1515,2522.39
11909,-2.7138,2.472,10.2831,1517,2522.39
11914,-0.8535,-0.4705,11.801,1524,2522.39
11919,-1.7561,-0.0778,11.6729,1523,2522.39
11924,-0.1089,2.2877,10.155,1559,2522.6
11929,0.4776,3.8403,10.319,1531,2522.6
11934,-3.2358,1.7154,10.2005,1529,2522.6
11939,-0.9876,-0.6321,12.1039,1511,2522.6
11944,-1.5467,0.8116,11.2815,1516,2522.6
11949,0.0742,2.739,10.0485,1543,2522.81
11954,0.1808,3.5674,10.3801,1515,2522.81
11959,-2.1656,0.7614,10.4842,1511,2522.81
11964,-1.2163,-0.7374,12.2164,1525,2522.81
11969,-0.9637,1.5095,10.6686,1519,2522.81
11974,0.4226,3.2777,10.0664,1531,2523.66
11979,-0.9062,2.9856,10.3011,1515,2523.66
11984,-1.0307,-0.0275,11.1247,1513,2523.66
11989,-1.5347,-0.6177,11.9758,1511,2523.66
11994,-0.4094,2.0219,10.3501,1556,2523.87
11999,0.6225,3.7385,10.1394,1523,2523.87
12004,-2.5319,2.46,10.2424,1511,2523.87
12009,-0.8356,-0.5195,11.7472,1523,2523.87
12014,-1.7669,-0.1077,11.7723,1523,2523.87
12019,-0.1065,2.32,10.1203,1549,2523.55
12024,0.5447,3.9504,10.2472,1526,2523.55
12029,-3.2154,1.7909,10.1706,1525,2523.55
12034,-1.0104,-0.6045,12.0524,1515,2523.55
12039,-1.5814,0.7254,11.3629,1519,2523.55
12044,0.012,2.6911,10.1119,1533,2523.45
12049,0.1484,3.6164,10.343,1516,2523.45
12054,-2.2254,0.8248,10.4184,1507,2523.45
12059,-1.1612,-0.7135,12.1183,1507,2523.45
12064,-0.9984,1.4497,10.7799,1529,2523.45
12069,0.3256,3.2238,10.1299,1525,2523.34
12074,-0.9373,3.1244,10.3765,1515,2523.34
12079,-1.1684,0.1006,11.0133,1520,2523.34
12084,-1.4413,-0.668,11.9866,1515,2523.34
12089,-0.4585,1.9225,10.2963,1541,2523.45
12094,0.5363,3.6093,10.149,1526,2523.45
12099,-2.4768,2.5666,10.3513,1513,2523.45
12104,-0.905,-0.4357,11.7136,1518,2523.45
12109,-1.6939,-0.0778,11.8357,1523,2523.45
12114,-0.1245,2.3008,10.1658,1555,2523.45
12119,0.5435,3.8607,10.2651,1525,2523.45
12124,-3.2358,1.7669,10.1849,1525,2523.45
12129,-0.9972,-0.6225,12.1302,1511,2523.45
12134,-1.6197,0.7314,11.3677,1515,2523.45
12139,0.1125,2.7246,10.1155,1527,2523.55
12144,0.2658,3.6476,10.3082,1509,2523.55
12149,-2.3547,0.8871,10.3645,1511,2523.55
12154,-1.2031,-0.7865,12.1266,1515,2523.55
12159,-1.0642,1.4605,10.7691,1529,2523.55
12164,0.4214,3.219,10.0963,1528,2523.87
12169,-0.7039,3.1053,10.3274,1518,2523.87
12174,-1.148,0.0587,11.0253,1524,2523.87
12179,-1.488,-0.7602,12.0476,1513,2523.87
12184,-0.5339,1.9716,10.4076,1565,2524.08
12189,0.516,3.6715,10.1251,1525,2524.08
12194,-2.3918,2.5809,10.2855,1514,2524.08
12199,-0.8212,-0.4657,11.6705,1518,2524.08
12204,-1.731,-0.1927,11.8046,1518,2524.08
12209,-0.1736,2.1823,10.149,1557,2523.98
12214,0.5459,3.9229,10.2771,1523,2523.98
12219,-3.2956,1.8651,10.167,1516,2523.98
12224,-0.9469,-0.6021,12.1159,1515,2523.98
12229,-1.6376,0.6404,11.2982,1514,2523.98
12234,-0.0012,2.6612,10.0317,1527,2523.98
12239,0.1975,3.6739,10.3489,1516,2523.98
12244,-2.4313,1.0259,10.4555,1511,2523.98
12249,-1.1971,-0.6895,12.1661,1514,2523.98
12254,-1.0977,1.4629,10.8218,1528,2523.98
12259,0.2741,3.1041,10.0509,1525,2524.08
12264,-0.7159,3.1244,10.3968,1519,2524.08
12269,-1.2175,0.0634,10.9822,1527,2524.08
12274,-1.4688,-0.5938,12.0596,1514,2524.08
12279,-0.4729,1.9836,10.392,1561,2524.61
12284,0.5746,3.6404,10.1287,1528,2524.61
12289,-2.3116,2.5355,10.2556,1515,2524.61
12294,-0.8799,-0.4465,11.6693,1519,2524.61
12299,-1.6783,-0.1891,11.8537,1517,2524.61
12304,-0.1472,2.2565,10.1335,1555,2524.61
12309,0.6393,3.8966,10.2484,1517,2524.61
12314,-3.1963,1.822,10.094,1513,2524.61
12319,-1.0008,-0.6404,12.0979,1513,2524.61
12324,-1.6209,0.5782,11.4132,1513,2524.61
12329,0.0156,2.648,10.1335,1527,2524.72
12334,0.2957,3.7014,10.3585,1520,2524.72
12339,-2.4265,0.9637,10.3609,1511,2524.72
12344,-1.1732,-0.814,12.0859,1517,2524.72
12349,-1.1001,1.3922,10.8828,1526,2524.72
12354,0.2849,3.1639,10.088,1519,2525.68
12359,-0.5938,3.2992,10.4339,1517,2525.68
12364,-1.2689,0.1281,10.9702,1525,2525.68
12369,-1.4305,-0.7458,12.0608,1513,2525.68
12374,-0.5267,1.8639,10.3645,1555,2526.74
12379,0.5351,3.6332,10.1263,1519,2526.74
12384,-2.3128,2.6504,10.2651,1515,2526.74
12389,-0.9397,-0.3244,11.7172,1517,2526.74
12394,-1.7047,-0.2466,11.8417,1516,2526.74
12399,-0.1688,2.2422,10.1526,1547,2528.13
12404,0.4968,3.8439,10.2364,1519,2528.13
12409,-3.2549,1.8878,10.2232,1515,2528.13
12414,-1.0187,-0.6261,12.0979,1513,2528.13
12419,-1.5969,0.6644,11.3294,1513,2528.13
12424,0.0814,2.6695,10.0437,1527,2527.49
12429,0.2454,3.6464,10.3585,1525,2527.49
12434,-2.4193,0.9529,10.3908,1513,2527.49
12439,-1.2127,-0.735,12.1661,1515,2527.49
12444,-1.0882,1.4892,10.8278,1527,2527.49
12449,0.3855,3.2082,10.0161,1525,2528.13
12454,-0.6536,3.1735,10.3418,1517,2528.13
12459,-1.2282,0.0024,10.969,1525,2528.13
12464,-1.4784,-0.7171,12.1194,1515,2528.13
12469,-0.5004,1.9585,10.3453,1559,2528.13
12474,0.6668,3.6811,10.1155,1523,2528.13
12479,-2.32,2.4936,10.2005,1511,2528.13
12484,-0.8835,-0.4693,11.6586,1519,2528.13
12489,-1.7538,-0.2418,11.7328,1523,2528.13
12494,-0.17,2.247,10.1598,1556,2527.7
12499,0.6117,3.8942,10.2532,1516,2527.7
12504,-3.2166,1.8699,10.2292,1519,2527.7
12509,-1.0092,-0.6716,12.056,1511,2527.7
12514,-1.5826,0.6656,11.3258,1515,2527.7
12519,0.0036,2.6408,10.0628,1526,2527.27
12524,0.1712,3.7134,10.4064,1515,2527.27
12529,-2.3284,0.9122,10.416,1509,5245.21
12534,-1.1504,-0.7649,12.1602,1513,5245.21
12539,-1.0487,1.4497,10.7715,1529,5245.21
12544,0.3029,3.1975,10.094,1528,4878.05
12549,-0.8499,3.1376,10.41,1519,4878.05
12554,-1.1863,0.0467,11.0325,1525,4878.05
12559,-1.4269,-0.5902,12.1278,1513,4878.05
12564,-0.4334,1.9465,10.3597,1568,2527.59
12569,0.5997,3.6152,10.1203,1525,2527.59
12574,-2.5091,2.472,10.2723,1513,2527.59
12579,-0.9493,-0.4453,11.7531,1523,2527.59
12584,-1.7047,-0.1437,11.7699,1519,2527.59
12589,-0.0778,2.296,10.155,1557,2527.81
12594,0.6045,3.8247,10.2161,1525,2527.81
12599,-3.1496,1.7861,10.2137,1519,2527.81
12604,-1.057,-0.7266,12.0811,1513,2527.81
12609,-1.5467,0.7781,11.327,1517,2527.81
12614,0.103,2.7258,10.0305,1527,2527.7
12619,0.255,3.6524,10.3729,1513,2527.7
12624,-2.2529,0.7937,10.3597,1511,2527.7
12629,-1.2019,-0.7817,12.1075,1513,2527.7
12634,-0.978,1.4856,10.7476,1543,2527.7
12639,0.3807,3.3124,10.0868,1529,2528.02
12644,-0.8679,3.128,10.343,1517,2528.02
12649,-1.1133,-0.0072,11.1151,1525,2528.02
12654,-1.5107,-0.7075,12.0285,1515,2528.02
12659,-0.4788,1.986,10.3549,1549,2528.34
12664,0.5495,3.7038,10.1191,1529,2528.34
12669,-2.5391,2.466,10.246,1517,2528.34
12674,-0.9278,-0.4178,11.7807,1523,2528.34
12679,-1.7466,-0.1365,11.7507,1523,2528.34
12684,-0.1784,2.3104,10.1035,1557,2528.87
12689,0.5207,3.8595,10.2687,1528,2528.87
12694,-3.2453,1.6975,10.2089,1525,2528.87
12699,-1.0187,-0.6285,12.0452,1514,2528.87
12704,-1.5143,0.8033,11.2575,1523,2528.87
12709,0.0802,2.7318,10.0305,1531,2529.19
12714,0.1413,3.6152,10.4232,1516,2529.19
12719,-2.1548,0.7434,10.4411,1509,2529.19
12724,-1.239,-0.6859,12.1171,1517,2529.19
12729,-0.9768,1.5682,10.6865,1528,2529.19
12734,0.4046,3.2681,10.0401,1532,2529.19
12739,-1.0379,2.9784,10.2687,1515,2529.19
12744,-1.0546,-0.0922,11.1785,1519,2529.19
12749,-1.5502,-0.5722,12.0512,1525,2529.19
12754,-0.3747,2.1141,10.3214,1559,2529.4
12759,0.6692,3.7577,10.1215,1527,2529.4
12764,-2.6755,2.3954,10.2759,1515,2529.4
12769,-0.9134,-0.5746,11.7819,1516,2529.4
12774,-1.7765,-0.0227,11.7244,1527,2529.4
12779,-0.1377,2.3284,10.1095,1547,2529.51
12784,0.6069,3.8942,10.3741,1528,2529.51
12789,-3.1017,1.6352,10.161,1526,2529.51
12794,-1.0487,-0.7027,12.123,1515,2529.51
12799,-1.5383,0.8499,11.1821,1517,2529.51
12804,0.0766,2.7976,10.0377,1543,2529.51
12809,0.0527,3.5733,10.4399,1515,2529.51
12814,-1.9776,0.6428,10.5417,1511,2529.51
12819,-1.2198,-0.7805,12.074,1523,2529.51
12824,-0.9014,1.5874,10.6315,1519,2529.51
12829,0.3759,3.3279,10.1275,1542,2529.62
12834,-1.233,2.9987,10.3717,1519,2529.62
12839,-1.008,-0.1197,11.2647,1511,2529.62
12844,-1.5754,-0.5758,11.9531,1518,2529.62
12849,-0.34,2.0363,10.2759,1555,2529.62
12854,0.5555,3.7002,10.1526,1514,2529.62
12859,-2.8826,2.3559,10.3118,1515,2529.62
12864,-1.0127,-0.5339,11.8872,1524,2529.62
12869,-1.6891,0.1496,11.655,1519,2529.62
12874,-0.0718,2.3834,10.0078,1547,2529.83
12879,0.5411,3.8211,10.2927,1532,2529.83
12884,-3.0538,1.4377,10.1813,1532,2529.83
12889,-1.1277,-0.6883,12.1757,1513,2529.83
12894,-1.4581,1.0032,11.1402,1515,2529.83
12899,0.1987,2.897,10.0844,1545,2530.47
12904,0.0263,3.4596,10.3501,1511,2530.47
12909,-1.8124,0.5088,10.6757,1513,2530.47
12914,-1.3264,-0.7709,12.0548,1527,2530.47
12919,-0.7877,1.7202,10.6087,1503,2530.47
12924,0.4908,3.4081,10.0556,1532,2530.47
12929,-1.3791,2.9185,10.3657,1520,2530.47
12934,-0.9433,-0.249,11.2899,1515,2530.47
12939,-1.6233,-0.583,11.9638,1518,2530.47
12944,-0.2969,2.0842,10.2125,1555,2530.9
12949,0.6464,3.8331,10.137,1513,2530.9
12954,-2.9592,2.2422,10.2197,1517,2530.9
12959,-0.9457,-0.5183,11.9315,1512,2530.9
12964,-1.6879,0.1784,11.6167,1517,2530.9
12969,-0.079,2.4397,10.1047,1557,2531.97
12974,0.4489,3.8427,10.3477,1523,2531.97
12979,-2.891,1.3695,10.252,1523,2531.97
12984,-1.1181,-0.6692,12.0991,1515,2531.97
12989,-1.3156,1.1277,11.0421,1512,2531.97
12994,0.1724,2.9341,10.082,1543,2531.65
12999,-0.1844,3.3806,10.3729,1516,2531.65
13004,-1.5969,0.4094,10.7835,1515,2531.65
13009,-1.3479,-0.7207,12.0752,1529,2531.65
13014,-0.6728,1.7705,10.5093,1514,2531.65
13019,0.4812,3.4417,10.003,1524,2531.11
13024,-1.7226,2.7545,10.3597,1529,2531.11
13029,-0.9864,-0.346,11.4431,1511,2531.11
13034,-1.6759,-0.3974,11.965,1515,2531.11
13039,-0.2203,2.1679,10.228,1545,2531.0
13044,0.6584,3.869,10.1538,1515,2531.0
13049,-3.1065,2.0758,10.1538,1519,2531.0
13054,-1.0259,-0.6261,12.056,1519,2531.0
13059,-1.6963,0.3615,11.4646,1515,2531.0
13064,0.0036,2.5199,10.0963,1556,2530.68
13069,0.4453,3.8152,10.3238,1517,2530.68
13074,-2.7258,1.2641,10.2161,1519,2530.68
13079,-1.1372,-0.7697,12.1003,1519,2530.68
13084,-1.2222,1.2007,11.0073,1518,2530.68
13089,0.237,3.0454,10.0808,1544,2530.58
13094,-0.3364,3.3746,10.3729,1520,2530.58
13099,-1.4533,0.2574,10.8637,1515,2530.58
13104,-1.385,-0.7817,12.0488,1527,2530.58
13109,-0.6261,1.8387,10.416,1518,2530.58
13114,0.4453,3.5279,10.0556,1529,2529.83
13119,-1.9836,2.7785,10.3872,1517,2529.83
13124,-0.9661,-0.3364,11.5125,1511,2529.83
13129,-1.6508,-0.3172,11.8896,1520,2529.83
13134,-0.1867,2.1392,10.0796,1561,2529.62
13139,0.5974,3.8523,10.2125,1509,2529.62
13144,-3.1951,2.0087,10.1658,1528,2529.62
13149,-0.9996,-0.5962,12.1027,1525,2529.62
13154,-1.6352,0.5531,11.3832,1517,2529.62
13159,0.0587,2.5798,10.1155,1541,2529.72
13164,0.3328,3.7146,10.3118,1525,2529.72
13169,-2.6061,1.1241,10.3753,1511,2529.72
13174,-1.1875,-0.7626,12.1003,1523,2529.72
13179,-1.1384,1.3779,10.914,1524,2529.72
13184,0.2921,3.037,10.0269,1532,2529.94
13189,-0.4621,3.2621,10.4363,1519,2529.94
13194,-1.336,0.1161,10.8649,1518,2529.94
13199,-1.4928,-0.7111,12.123,1519,2529.94
13204,-0.5303,1.9058,10.4184,1531,2530.47
13209,0.5794,3.6284,10.0916,1515,2530.47
13214,-2.1584,2.6157,10.2735,1517,2530.47
13219,-0.8775,-0.407,11.7005,1515,2530.47
13224,-1.7286,-0.3017,11.8094,1517,2530.47
13229,-0.1832,2.2087,10.155,1558,2531.0
13234,0.6225,3.9337,10.2735,1518,2531.0
13239,-3.219,1.9285,10.1945,1518,2531.0
13244,-1.0127,-0.6692,12.044,1519,2531.0
13249,-1.6245,0.6045,11.2994,1513,2531.0
13254,0.0311,2.6181,10.0832,1533,2531.11
13259,0.2897,3.6955,10.4244,1523,2531.11
13264,-2.4205,1.008,10.3908,1513,2531.11
13269,-1.1983,-0.6895,12.0368,1517,2531.11
13274,-1.0834,1.415,10.8493,1528,2531.11
13279,0.2861,3.1556,10.0149,1527,2531.0
13284,-0.7111,3.1999,10.4232,1523,2531.0
13289,-1.2342,0.0299,11.0014,1525,2531.0
13294,-1.4892,-0.5997,12.0656,1523,2531.0
13299,-0.492,1.9285,10.3322,1561,2531.11
13304,0.6261,3.638,10.1059,1520,2531.11
13309,-2.4325,2.5067,10.2161,1512,2531.11
13314,-0.9553,-0.4393,11.7687,1523,2531.11
13319,-1.7478,-0.0994,11.7699,1515,2531.11
13324,-0.1101,2.2757,10.1203,1555,2531.43
13329,0.5854,3.9037,10.2711,1513,2531.43
13334,-3.1508,1.7992,10.2137,1511,2531.43
13339,-1.1181,-0.7003,12.0943,1513,2531.43
13344,-1.5981,0.7709,11.3018,1519,2531.43
13349,0.0958,2.7497,10.088,1529,2531.97
13354,0.2693,3.6536,10.3681,1517,2531.97
13359,-2.2039,0.808,10.4675,1509,2531.97
13364,-1.2869,-0.7709,12.123,1515,2531.97
13369,-0.9445,1.5119,10.7667,1529,2531.97
13374,0.3412,3.2226,10.0616,1528,2532.18
13379,-0.9673,3.1328,10.3418,1517,2532.18
13384,-1.1169,-0.0682,11.1223,1523,2532.18
13389,-1.4964,-0.662,12.0368,1515,2532.18
13394,-0.3711,1.9477,10.3046,1563,2532.5
13399,0.5578,3.7385,10.161,1524,2532.5
13404,-2.6863,2.4684,10.2759,1513,2532.5
13409,-0.9744,-0.4633,11.8633,1517,2532.5
13414,-1.7119,-0.0132,11.6526,1527,2532.5
13419,-0.0455,2.3703,10.0856,1556,2532.93
13424,0.5267,3.8152,10.2627,1527,2532.93
13436,-3.1184,1.6424,10.3106,1517,2532.93
13440,-1.421,0.9948,11.1187,1517,2532.93
13445,0.158,2.8575,9.9958,1542,2533.03
13450,0.091,3.5458,10.3908,1517,2533.03
13454,-1.9489,0.5363,10.5752,1516,2533.03
13460,-1.312,-0.7518,12.1733,1529,2533.03
13464,-0.8547,1.6723,10.6063,1517,2533.03
13469,0.4752,3.4069,10.0892,1531,2533.03
13474,-1.2773,2.909,10.3848,1527,2533.03
13480,-1.002,-0.1951,11.3102,1517,2533.03
13484,-1.6257,-0.5794,11.9411,1525,2533.03
13489,-0.3029,2.0961,10.2089,1563,2533.36
13495,0.6584,3.8511,10.1418,1519,2533.36
13500,-2.9113,2.2733,10.258,1523,2533.36
13504,-0.9601,-0.6081,11.9519,1513,2533.36
13510,-1.7418,0.1736,11.558,1516,2533.36
13514,-0.0754,2.4074,10.0185,1559,2533.57
13519,0.5219,3.8858,10.343,1517,2533.57
13524,-2.9568,1.4497,10.2448,1519,2533.57
13530,-1.1624,-0.7027,12.1099,1517,2533.57
13534,-1.3144,1.0475,11.0373,1515,2533.57
13539,0.1724,2.8599,10.0545,1545,2533.68
13544,-0.164,3.4465,10.4399,1519,2533.68
13550,-1.6676,0.3986,10.7212,1515,2533.68
13554,-1.3515,-0.7075,12.0967,1529,2533.68
13559,-0.723,1.7346,10.5309,1525,2533.68
13565,0.4992,3.4704,10.0928,1531,2533.57
13570,-1.7131,2.7988,10.2843,1527,2533.57
13574,-1.008,-0.2717,11.4658,1514,2533.57
13580,-1.6891,-0.3903,11.8992,1525,2533.57
13584,-0.2011,2.1512,10.2149,1557,2533.68
13589,0.6165,3.7697,10.1514,1516,2533.68
13594,-3.0993,2.1117,10.2448,1527,2533.68
13600,-1.0582,-0.6488,11.9734,1525,2533.68
13604,-1.6855,0.4142,11.4575,1515,2533.68
13609,0.0287,2.5845,10.0987,1543,2533.78
13614,0.425,3.7984,10.3549,1525,2533.78
13619,-2.6276,1.1277,10.3094,1517,2533.78
13625,-1.1959,-0.7626,12.0728,1528,2533.78
13630,-1.2103,1.2677,10.9451,1529,2533.78
13634,0.2813,3.0825,10.0904,1531,2533.89
13639,-0.413,3.3411,10.3968,1525,2533.89
13645,-1.391,0.2334,10.8541,1523,2533.89
13650,-1.4425,-0.7745,12.0572,1523,2533.89
13654,-0.5543,1.8256,10.4507,1561,2534.0
13660,0.516,3.5817,10.1801,1517,2534.0
13664,-2.1009,2.6671,10.2699,1515,2534.0
13669,-0.9481,-0.3747,11.5796,1517,2534.0
13675,-1.7561,-0.2717,11.7675,1518,2534.0
13680,-0.1413,2.2374,10.1718,1555,2534.21
13684,0.5303,3.8403,10.2376,1519,2534.21
13689,-3.213,1.9357,10.2867,1519,2534.21
13695,-1.0283,-0.644,12.0656,1515,2534.21
13700,-1.6017,0.6452,11.3485,1519,2534.21
13704,0.0455,2.6109,10.0509,1531,2534.43
13709,0.3328,3.6751,10.3753,1524,2534.43
13714,-2.4014,0.8966,10.386,1513,2534.43
13720,-1.2342,-0.7039,12.2344,1515,2534.43
13724,-1.0343,1.4916,10.7763,1531,2534.43
13729,0.3615,3.2226,10.1179,1528,2534.64
13734,-0.7793,3.0514,10.3418,1519,2534.64
13740,-1.1624,-0.0084,11.0612,1527,2534.64
13744,-1.5538,-0.656,11.965,1517,2534.64
13749,-0.4022,1.9692,10.3214,1562,2534.64
13755,0.6404,3.6775,10.1646,1529,2534.64
13760,-2.5367,2.4995,10.3202,1513,2534.64
13764,-0.9697,-0.5112,11.7783,1523,2534.64
13770,-1.7597,-0.0515,11.6753,1519,2534.64
13774,-0.1197,2.3152,10.064,1549,2534.53
13779,0.577,3.9002,10.2927,1527,2534.53
13784,-3.1639,1.6879,10.1825,1528,2534.53
13790,-1.1444,-0.7063,12.0931,1513,2534.53
13794,-1.5155,0.8715,11.212,1519,2534.53
13799,0.1125,2.7617,10.0772,1545,2534.43
13804,0.079,3.6212,10.3837,1518,2534.43
13809,-1.9812,0.7087,10.5536,1515,2534.43
13815,-1.2737,-0.7123,12.0668,1525,2534.43
13820,-0.8942,1.579,10.6781,1527,2534.43
13824,0.4322,3.2932,10.0844,1541,2534.21
13829,-1.2294,2.9628,10.3537,1519,2534.21
13835,-1.1001,-0.1832,11.2779,1517,2534.21
13840,-1.6005,-0.5112,11.9602,1519,2534.21
13844,-0.2981,2.0387,10.2867,1543,2534.21
13850,0.6273,3.723,10.1239,1517,2534.21
13854,-2.8264,2.32,10.2639,1519,2534.21
13859,-1.4341,0.2023,10.8709,1515,2534.21
13865,-1.7418,0.2394,11.6562,1519,2534.21
13870,0.0,2.4014,10.1059,1548,2533.89
13874,0.5279,3.8307,10.3202,1529,2533.89
13879,-2.9664,1.4353,10.2208,1531,2533.89
13885,-1.1408,-0.7242,12.0943,1517,2533.89
13890,-1.391,1.0654,11.0433,1516,2533.89
13894,0.2406,2.9341,10.0724,1544,2533.36
13899,-0.0934,3.4895,10.3166,1515,2533.36
13905,-1.7358,0.4477,10.6961,1515,2533.36
13910,-1.3719,-0.8104,12.0823,1530,2533.36
13914,-0.7087,1.743,10.5405,1512,2533.36
13920,0.5064,3.4943,10.0712,1531,2533.25
13924,-1.5838,2.8515,10.2915,1528,2533.25
13929,-0.978,-0.2538,11.3677,1516,2533.25
13935,-1.6975,-0.4453,11.9626,1523,2533.25
13940,-0.2454,2.132,10.2735,1542,2533.46
13944,0.5806,3.8068,10.1837,1515,2533.46
13949,-3.1436,2.1584,10.2795,1527,2533.46
13955,-0.9828,-0.5578,11.9243,1518,2533.46
13960,-1.6975,0.3675,11.4706,1515,2533.46
13964,0.0084,2.4684,9.9898,1556,2533.36
13969,0.3915,3.8044,10.4064,1527,2533.36
13974,-2.8659,1.2091,10.3274,1517,2533.36
13980,-1.1145,-0.7147,12.2176,1523,2533.36
13984,-1.257,1.2366,10.8529,1525,2533.36
13989,0.2837,3.0071,10.0844,1545,2533.46
13994,-0.3579,3.2286,10.3346,1514,2533.46
14000,-1.4617,0.2586,10.8649,1519,2533.46
14004,-1.4976,-0.7242,12.0596,1529,2533.46
14009,-0.5734,1.8998,10.4842,1523,2533.46
14015,0.5602,3.535,10.076,1530,2533.57
14020,-1.974,2.6408,10.3262,1517,2533.57
14024,-0.9577,-0.4513,11.5472,1513,2533.57
14030,-1.6951,-0.261,11.8465,1519,2533.57
14034,-0.2035,2.1895,10.0928,1557,2533.46
14039,0.6249,3.9002,10.2532,1516,2533.46
14044,-3.2142,1.98,10.2029,1531,2533.46
14050,-1.0355,-0.6261,12.0596,1527,2533.46
14054,-1.6747,0.577,11.4048,1516,2533.46
14059,0.0634,2.6288,10.0952,1541,2533.14
14064,0.2705,3.7517,10.3621,1529,2533.14
14069,-2.5402,0.996,10.3884,1515,2533.14
14075,-1.221,-0.7039,12.1374,1524,2533.14
14080,-1.1049,1.3922,10.8254,1531,2533.14
14084,0.3136,3.1903,10.1311,1527,2532.61
14089,-0.6919,3.2214,10.3765,1524,2532.61
14095,-1.3168,0.0766,10.9834,1523,2532.61
14100,-1.4401,-0.6345,11.9997,1519,2532.61
14104,-0.4621,1.9573,10.3537,1567,2532.39
14110,0.5231,3.5985,10.0952,1526,2532.39
14114,-2.3846,2.5594,10.3453,1515,2532.39
14119,-0.9936,-0.4345,11.6634,1516,2532.39
14125,-1.7526,-0.0754,11.8166,1519,2532.39
14130,-0.1137,2.2817,10.082,1555,2532.61
14134,0.5962,3.8726,10.2663,1527,2532.61
14139,-3.2082,1.749,10.1394,1517,2532.61
14145,-1.136,-0.6823,12.1003,1513,2532.61
14150,-1.5598,0.7817,11.2336,1517,2532.61
14154,0.1161,2.7773,10.1251,1527,2532.82
14159,0.2574,3.6057,10.3597,1520,2532.82
14164,-2.2063,0.7817,10.4315,1515,2532.82
14170,-1.2486,-0.7901,12.0811,1516,2532.82
14174,-0.9756,1.5586,10.6662,1527,2532.82
14179,0.425,3.2956,10.0772,1531,2533.25
14184,-0.8906,3.0478,10.2963,1518,2533.25
14190,-1.1097,-0.0994,11.0708,1527,2533.25
14194,-1.5909,-0.6464,11.989,1519,2533.25
14199,-0.3711,2.0099,10.3286,1563,2533.68
14205,0.6428,3.7122,10.088,1529,2533.68
14210,-2.6923,2.4385,10.2819,1515,2533.68
14214,-0.9637,-0.4585,11.8178,1525,2533.68
14220,-1.725,0.0587,11.716,1529,2533.68
14224,-0.0994,2.302,10.1167,1555,2533.89
14229,0.5375,3.8654,10.3657,1533,2533.89
14234,-3.1747,1.5706,10.1969,1527,2533.89
14240,-1.1313,-0.6452,12.1326,1511,2533.89
14244,-1.4617,0.9673,11.1534,1523,2533.89
14249,0.176,2.8515,10.0772,1545,2534.32
14254,0.0622,3.4943,10.3693,1519,2534.32
14259,-1.9178,0.571,10.6542,1517,2534.32
14265,-1.324,-0.7099,12.0428,1527,2534.32
14270,-0.8068,1.7298,10.6829,1523,2534.32
14274,0.48,3.3351,10.0592,1533,2534.85
14279,-1.318,2.873,10.3753,1519,2534.85
14285,-1.0953,-0.2801,11.2875,1511,2534.85
14290,-1.6233,-0.4405,12.0129,1515,2534.85
14294,-0.2909,2.1296,10.1921,1545,2534.75
14300,0.6955,3.8583,10.2173,1519,2534.75
14304,-2.9485,2.2003,10.2005,1519,2534.75
14309,-1.0594,-0.5926,11.9483,1513,2534.75
14315,-1.7418,0.2777,11.5508,1517,2534.75
14320,-0.0024,2.4565,10.1083,1561,2535.39
14324,0.5195,3.8403,10.2639,1528,2535.39
14329,-2.9006,1.3515,10.2855,1529,2535.39
14335,-1.1732,-0.7326,12.0536,1514,2535.39
14340,-1.3252,1.1636,11.0313,1517,2535.39
14344,0.2083,2.988,10.1119,1547,2535.28
14349,-0.261,3.3734,10.3501,1516,2535.28
14355,-1.6305,0.3304,10.7248,1516,2535.28
14360,-1.3731,-0.7554,12.1218,1532,2535.28
14364,-0.6033,1.7801,10.5117,1516,2535.28
14370,0.4956,3.4668,10.1323,1533,2534.96
14374,-1.8172,2.8168,10.3789,1529,2534.96
14379,-1.0127,-0.3196,11.5065,1515,2534.96
14385,-1.6759,-0.328,11.9147,1524,2534.96
14390,-0.1844,2.1703,10.1502,1541,2535.28
14394,0.6285,3.7864,10.2197,1517,2535.28
14399,-3.1819,1.9908,10.2041,1525,2535.28
14405,-1.0762,-0.577,12.0273,1523,2535.28
14410,-1.6723,0.5543,11.4323,1516,2535.28
14414,0.1077,2.6025,10.0928,1561,2535.5
14419,0.3986,3.729,10.2388,1529,2535.5
14424,-2.5845,1.0247,10.4052,1517,2535.5
14430,-1.2318,-0.8056,12.1111,1525,2535.5
14434,-1.1229,1.4234,10.8374,1529,2535.5
14439,0.3735,3.1436,10.1203,1546,2535.71
14444,-0.5495,3.2585,10.4339,1519,2535.71
14450,-1.3408,0.0515,10.9116,1523,2535.71
14454,-1.5538,-0.7195,12.0776,1523,2535.71
14459,-0.4872,1.919,10.3789,1563,2536.14
14465,0.6321,3.6655,10.1861,1518,2536.14
14470,-2.314,2.5845,10.2819,1513,2536.14
14474,-0.9457,-0.3998,11.6346,1517,2536.14
14480,-1.7262,-0.1257,11.7986,1517,2536.14
14484,-0.1389,2.2565,10.1119,1546,2536.35
14489,0.5531,3.899,10.2771,1524,2536.35
14494,-3.2705,1.7813,10.1945,1515,2536.35
14500,-1.0822,-0.6404,12.1087,1516,2536.35
14504,-1.5598,0.7482,11.2144,1517,2536.35
14509,0.0886,2.739,10.0963,1530,2536.25
14514,0.1748,3.6164,10.3944,1522,2536.25
14519,-2.2194,0.7781,10.5369,1513,2536.25
14525,-1.2821,-0.7099,12.0931,1518,2536.25
14530,-0.8882,1.6424,10.7512,1528,2536.25
14534,0.4274,3.219,10.0137,1531,2536.03
14539,-1.0211,2.9975,10.3765,1518,2536.03
14545,-1.16,-0.1736,11.1151,1528,2536.03
14550,-1.5826,-0.5183,12.0285,1519,2536.03
14554,-0.328,2.0159,10.307,1548,2535.82
14560,0.7099,3.7936,10.1335,1529,2535.82
14564,-2.7426,2.3128,10.1766,1512,2535.82
14569,-1.087,-0.5363,11.8657,1525,2535.82
14575,-1.7549,0.1413,11.6358,1529,2535.82
14580,0.0048,2.466,10.1227,1557,2535.71
14584,0.5986,3.8654,10.2735,1527,2535.71
14589,-3.0514,1.4928,10.234,1527,2535.71
14595,-1.1013,-0.8116,12.0895,1515,2535.71
14600,-1.3994,1.0223,11.0852,1520,2535.71
14604,0.2083,2.8766,10.0377,1545,2535.82
14609,0.0048,3.535,10.3765,1517,2535.82
14614,-1.8507,0.4657,10.653,1516,2535.82
14620,-1.3324,-0.8033,12.1063,1527,2535.82
14624,-0.7063,1.7166,10.5333,1517,2535.82
14629,0.4788,3.4393,10.1263,1533,2535.82
14634,-1.5802,2.8587,10.3789,1519,2535.82
14640,-1.0475,-0.2693,11.3868,1515,2535.82
14644,-1.6508,-0.4597,11.9207,1525,2535.82
14649,-0.2167,2.1057,10.1981,1550,2535.39
14655,0.6153,3.8295,10.2101,1519,2535.39
14660,-3.1376,2.1727,10.2197,1523,2535.39
14664,-1.0822,-0.589,11.9997,1515,2535.39
14670,-1.7035,0.3699,11.4934,1516,2535.39
14674,0.0491,2.5175,10.0748,1560,2534.85
14679,0.4776,3.7338,10.2795,1518,2534.85
14684,-2.8264,1.1971,10.3022,1524,2534.85
14690,-1.1899,-0.741,12.1206,1517,2534.85
14694,-1.2246,1.3144,10.9966,1517,2534.85
14699,0.3292,3.0347,10.0533,1546,2534.43
14704,-0.2729,3.304,10.3944,1523,2534.43
14710,-1.5024,0.1496,10.799,1515,2534.43
14714,-1.4844,-0.7051,12.0799,1530,2534.43
14719,-0.5555,1.8256,10.4411,1523,2534.43
14725,0.644,3.5937,10.1263,1532,2534.1
14730,-1.9896,2.6564,10.331,1528,2534.1
14734,-0.9589,-0.3675,11.5508,1513,2534.1
14740,-1.7119,-0.2897,11.8525,1527,2534.1
14744,-0.164,2.2087,10.1227,1547,2533.25
14749,0.6644,3.881,10.2352,1517,2533.25
14754,-3.2441,1.883,10.2268,1529,2533.25
14760,-1.0594,-0.6333,12.0225,1523,2533.25
14764,-1.652,0.5794,11.3737,1516,2533.25
14769,0.0802,2.5989,10.0999,1563,2534.1
14774,0.2945,3.6835,10.3238,1525,2534.1
14779,-2.49,1.0223,10.4519,1517,2534.1
14785,-1.2378,-0.6464,12.0608,1525,2534.1
14790,-1.0678,1.4461,10.8541,1527,2534.1
14794,0.3244,3.1364,10.0377,1531,2533.25
14799,-0.7087,3.1675,10.4435,1523,2533.25
14805,-1.318,-0.0012,10.9858,1518,2533.25
14810,-1.4569,-0.5974,12.0129,1519,2533.25
14814,-0.4429,1.9513,10.2783,1543,2533.03
14820,0.6141,3.6739,10.1718,1520,2533.03
14824,-2.381,2.4888,10.2029,1517,2533.03
14829,-1.0199,-0.4776,11.7053,1514,2533.03
14835,-1.7334,-0.1018,11.8226,1516,2533.03
14840,-0.0144,2.3212,10.2173,1559,2533.46
14844,0.6033,3.8523,10.167,1520,2533.46
14849,-3.1795,1.7178,10.1969,1546,2533.46
14855,-1.1349,-0.7075,12.0357,1518,2533.46
14860,-1.6029,0.8224,11.2623,1513,2533.46
14864,0.146,2.7605,10.0521,1543,2533.36
14869,0.2298,3.6547,10.3848,1527,2533.36
14874,-2.229,0.6931,10.4315,1510,2533.36
14880,-1.2665,-0.7673,12.1314,1519,2533.36
14884,-0.8918,1.5479,10.7296,1533,2533.36
14889,0.3986,3.3124,10.149,1527,2533.46
14894,-1.0618,3.073,10.3525,1519,2533.46
14900,-1.0918,-0.0922,11.1151,1527,2533.46
14904,-1.5455,-0.6201,11.9782,1520,2533.46
14909,-0.3208,2.0063,10.3202,1567,2533.78
14915,0.6033,3.7745,10.2029,1525,2533.78
14920,-2.7414,2.3499,10.2819,1513,2533.78
14924,-0.9996,-0.5207,11.8477,1517,2533.78
14930,-1.737,0.0515,11.6837,1526,2533.78
14934,0.0156,2.3272,10.1107,1551,2534.1
14939,0.5183,3.8463,10.2771,1527,2534.1
14944,-3.1448,1.506,10.3046,1527,2534.1
14950,-1.1911,-0.6812,12.0991,1515,2534.1
14954,-1.3551,1.0582,11.1271,1519,2534.1
14959,0.2298,2.8036,9.9778,1533,2534.43
14964,0.0646,3.4584,10.4052,1514,2534.43
14969,-1.9489,0.4633,10.556,1517,2534.43
14975,-1.3659,-0.741,12.1434,1519,2534.43
14980,-0.7578,1.7573,10.5752,1519,2534.43
14984,0.5662,3.4728,10.1335,1543,2534.75
14989,-1.3838,2.8395,10.2747,1517,2534.75
14995,-1.0475,-0.2598,11.2982,1513,2534.75
15000,-1.4389,-0.7195,12.0225,1519,2534.75
15004,-0.5722,1.8974,10.4363,1555,2534.96
15010,0.6009,3.5231,10.1131,1518,2534.96
15014,-1.8304,2.6432,10.3298,1515,2534.96
15019,-0.9637,-0.4298,11.5173,1525,2534.96
15025,-1.7526,-0.3376,11.8716,1523,2534.96
15030,-0.1317,2.2206,10.1742,1563,2535.6
15034,0.7087,3.863,10.167,1529,2535.6
15039,-3.1915,1.9932,10.2711,1531,2535.6
15045,-1.1193,-0.6871,11.977,1515,2535.6
15050,-1.658,0.5578,11.4108,1515,2535.6
15054,0.0395,2.5702,10.0509,1544,2535.6
15059,0.3711,3.7828,10.4279,1517,2535.6
15064,-2.5606,0.9744,10.325,1517,2535.6
15070,-1.1815,-0.7111,12.1254,1530,2535.6
15074,-1.0666,1.3539,10.8122,1517,2535.6
15079,0.3256,3.1568,10.1622,1532,2535.5
15084,-0.6644,3.1843,10.3932,1527,2535.5
15090,-1.3443,0.0766,11.0301,1516,2535.5
15094,-1.5095,-0.668,12.0153,1525,2535.5
15100,-0.395,1.9441,10.3453,1543,2535.93
15105,0.5914,3.6152,10.1179,1515,2535.93
15110,-2.4014,2.5498,10.307,1525,2535.93
15114,-1.0822,-0.498,11.6646,1523,2535.93
15120,-1.7945,-0.0443,11.7843,1517,2535.93
15124,-0.0287,2.3056,10.1011,1553,2536.14
15129,0.5854,3.8822,10.2388,1526,2536.14
15134,-3.1903,1.7131,10.2029,1517,2536.14
15140,-1.1863,-0.6859,12.0907,1527,2536.14
15144,-1.5335,0.844,11.2336,1525,2536.14
15149,0.1808,2.7869,10.0832,1534,2536.25
15154,0.1856,3.5865,10.3346,1519,2536.25
15159,-2.1679,0.6584,10.5177,1523,2536.25
15165,-1.2725,-0.7937,12.0895,1523,2536.25
15170,-0.9026,1.6257,10.6315,1542,2535.93
15174,0.4992,3.3902,10.0975,1517,2535.93
15179,-1.0714,2.9975,10.3525,1513,2535.93
15185,-1.148,-0.1401,11.1654,1515,2535.93
15190,-1.6245,-0.6776,11.9578,1515,2535.93
15194,-0.2909,2.0662,10.3406,1557,2535.82
15200,0.6093,3.7457,10.2173,1525,2535.82
15204,-2.8311,2.3571,10.3022,1528,2535.82
15209,-1.0738,-0.5495,11.8333,1519,2535.82
15215,-1.7753,0.1209,11.6227,1519,2535.82
15220,-0.0491,2.3882,10.0365,1512,2535.82
15224,0.5016,3.8774,10.2915,1527,2535.82
15229,-3.1137,1.4126,10.2663,1511,2535.82
15235,-1.1528,-0.6141,12.1793,1519,2535.82
15240,-1.3671,1.0882,11.0684,1532,2535.82
15244,0.2478,2.9006,10.0257,1528,2535.93
15249,-0.0634,3.4046,10.4184,1523,2535.93
15255,-1.7777,0.4274,10.7009,1527,2535.93
15260,-1.3886,-0.7446,12.0321,1517,2535.93
15264,-0.656,1.7957,10.562,1545,2535.5
15270,0.577,3.4872,10.0892,1526,2535.5
15274,-1.5921,2.7653,10.3394,1517,2535.5
15279,-1.0271,-0.2909,11.3701,1527,2535.5
15285,-1.7035,-0.4118,11.8812,1525,2535.5
15290,-0.1712,2.15,10.2053,1555,2534.53
15294,0.7135,3.893,10.2173,1529,2534.53
15299,-3.1065,2.1249,10.246,1529,2534.53
15305,-1.0953,-0.6045,11.983,1515,2534.53
15310,-1.7298,0.3699,11.4658,1519,2534.53
15314,0.0407,2.4828,10.0556,1533,2534.21
15319,0.4932,3.8044,10.3609,1519,2534.21
15324,-2.7725,1.1313,10.2484,1513,2534.21
15330,-1.1923,-0.7386,12.1386,1523,2534.21
15334,-1.2402,1.2534,10.8816,1529,2534.21
15339,0.2981,3.0777,10.167,1533,2534.0
15344,-0.4381,3.3232,10.3741,1517,2534.0
15350,-1.5131,0.2801,10.8733,1515,2534.0
15354,-1.4581,-0.7159,12.0452,1517,2534.0
15359,-0.5064,1.8974,10.4279,1561,2534.0
15365,0.5578,3.5219,10.1095,1519,2534.0
15370,-2.1045,2.6612,10.3334,1517,2534.0
15374,-1.0702,-0.3998,11.5784,1524,2534.0
15380,-1.7346,-0.2586,11.8597,1519,2534.0
15384,-0.1077,2.2613,10.1538,1561,2534.1
15389,0.6548,3.8164,10.228,1529,2534.1
15394,-3.2142,1.8783,10.1418,1531,2534.1
15400,-1.1432,-0.6261,12.0548,1514,2534.1
15404,-1.6101,0.6333,11.3509,1516,2534.1
15409,0.1257,2.6564,10.1299,1547,2534.32
15414,0.316,3.6691,10.392,1516,2534.32
15419,-2.5163,0.8655,10.3717,1517,2534.32
15425,-1.2833,-0.7602,12.0776,1532,2534.32
15430,-1.0379,1.4389,10.7799,1515,2534.32
15434,0.407,3.1927,10.1323,1532,2534.32
15439,-0.6955,3.1232,10.3394,1527,2534.32
15445,-1.2414,0.018,11.0026,1515,2534.32
15450,-1.549,-0.6907,12.0081,1523,2534.32
15454,-0.4142,1.968,10.3573,1532,2535.18
15460,0.6464,3.723,10.1646,1517,2535.18
15464,-2.4385,2.4888,10.307,1523,2535.18
15469,-1.0044,-0.4932,11.6406,1529,2535.18
15475,-1.7657,-0.0958,11.7256,1519,2535.18
15480,-0.0742,2.2924,10.0963,1559,2534.96
15484,0.6105,3.8906,10.3178,1525,2534.96
15489,-3.2717,1.6305,10.2197,1517,2534.96
15495,-1.1121,-0.6081,12.0907,1527,2534.96
15500,-1.5167,0.8416,11.169,1518,2534.96
15504,0.1832,2.7378,10.0676,1545,2535.18
15509,0.1353,3.5314,10.3573,1523,2535.18
15514,-2.1668,0.7147,10.5034,1516,2535.18
15520,-1.2713,-0.7063,12.1123,1523,2535.18
15525,-0.8787,1.6759,10.6734,2168,2534.85
15529,0.4465,3.3148,10.0904,1523,2534.85
15534,-1.1253,2.9544,10.4387,1515,2534.85
15540,-1.1049,-0.182,11.1869,1519,2534.85
15544,-1.6472,-0.48,11.9531,1519,2534.85
15549,-0.255,2.0889,10.2843,1557,2535.93
15555,0.6991,3.7625,10.1466,1517,2535.93
15560,-2.8647,2.2386,10.2496,1529,2535.93
15564,-1.0786,-0.5974,11.8286,1524,2535.93
15570,-1.737,0.1796,11.6071,1517,2535.93
15575,0.0323,2.4062,10.0497,1546,2535.28
15579,0.5962,3.869,10.3058,1529,2535.28
15584,-3.043,1.4305,10.2065,1514,2535.28
15590,-1.1803,-0.6859,12.1554,1526,2535.28
15594,-1.3791,1.1145,11.0409,1531,2535.28
15599,0.2227,2.9317,10.1586,1529,2534.75
15604,-0.1149,3.474,10.3884,1520,2534.75
15610,-1.7585,0.3843,10.6279,1523,2534.75
15614,-1.3779,-0.7374,12.0045,1517,2534.75
15619,-0.6716,1.7729,10.5201,1564,2534.53
15625,0.5016,3.4764,10.1011,1527,2534.53
15630,-1.64,2.8419,10.4411,1517,2534.53
15634,-1.0894,-0.3687,11.4179,1517,2534.53
15640,-1.6161,-0.4274,11.9195,1527,2534.53
15644,-0.1628,2.1093,10.1394,1557,2534.85
15649,0.662,3.8355,10.1849,1529,2534.85
15654,-3.1544,2.083,10.1825,1525,2534.85
15660,-1.1013,-0.5531,12.0201,1515,2534.85
15664,-1.7011,0.3974,11.4874,1524,2534.85
15669,0.0874,2.6097,10.1359,1529,2534.96
15674,0.4345,3.7661,10.2999,1519,2534.96
15679,-2.812,1.1576,10.2915,1517,2534.96
15685,-1.2498,-0.7554,12.153,1517,2534.96
15690,-1.2115,1.33,10.963,1531,2534.96
15694,0.3639,3.0682,10.1119,1533,2535.28
15699,-0.3651,3.2789,10.4208,1517,2535.28
15705,-1.4856,0.1628,10.7931,1512,2535.28
15710,-1.4605,-0.735,12.0081,1517,2535.28
15714,-0.5471,1.9429,10.3932,1543,2535.5
15720,0.5914,3.614,10.094,1529,2535.5
15724,-2.0925,2.6109,10.3178,1519,2535.5
15729,-1.0235,-0.4262,11.5772,1525,2535.5
15735,-1.719,-0.2729,11.8082,1517,2535.5
15740,-0.0982,2.2386,10.1191,1558,2535.5
15744,0.644,3.8882,10.2232,1531,2535.5
15749,-3.2741,1.8507,10.1634,1530,2535.5
15755,-1.1217,-0.6069,12.0883,1516,2535.5
15760,-1.6185,0.6237,11.2875,1516,2535.5
15764,0.1173,2.6444,10.0341,1547,2535.6
15769,0.2741,3.6751,10.3669,1517,2535.6
15774,-2.46,0.8954,10.4124,1516,2535.6
15780,-1.2546,-0.7135,12.0787,1531,2535.6
15784,-1.0235,1.5107,10.7404,1515,2535.6
15789,0.4393,3.1556,10.0688,1542,2535.6
15794,-0.7937,3.0957,10.416,1527,2535.6
15800,-1.2629,-0.1018,10.9714,1516,2535.6
15804,-1.5694,-0.5483,12.0129,1522,2535.6
15810,-0.3735,2.0219,10.319,1542,2535.82
15815,0.7111,3.7445,10.1754,1517,2535.82
15820,-2.6061,2.375,10.2532,1525,2535.82
15824,-1.063,-0.559,11.7352,1519,2535.82
15830,-1.7765,0.0024,11.6789,1516,2535.82
15834,-0.0311,2.3463,10.1095,1559,2535.71
15839,0.6728,3.9037,10.2687,1525,2535.71
15844,-3.1987,1.6113,10.2041,1519,2535.71
15850,-1.1839,-0.7099,12.0967,1519,2535.71
15854,-1.4784,0.9421,11.1917,1523,2535.71
15859,0.2203,2.8096,10.0796,1547,2535.71
15864,0.146,3.5326,10.307,1525,2535.71
15869,-2.0602,0.6081,10.5309,1513,2535.71
15875,-1.3396,-0.7626,12.0596,1526,2535.71
15880,-0.8033,1.6915,10.6781,1543,2535.39
15884,0.4597,3.3651,10.1119,1515,2535.39
15889,-1.336,2.9916,10.4267,1518,2535.39
15895,-1.1337,-0.2131,11.224,1513,2535.39
15900,-1.5933,-0.51,11.9399,1519,2535.39
15904,-0.2179,2.0806,10.2053,1558,2536.46
15910,0.6752,3.8283,10.2604,1518,2536.46
15914,-2.9568,2.229,10.2328,1531,2536.46
15919,-1.0906,-0.6345,11.9423,1519,2536.46
15925,-1.7059,0.1927,11.552,1517,2536.46
15930,0.0826,2.4852,10.1442,1544,2536.25
15934,0.5602,3.8056,10.3118,1531,2536.25
15939,-2.9975,1.2977,10.3238,1515,2536.25
15945,-1.2354,-0.6812,12.1194,1519,2536.25
15950,-1.2737,1.2366,11.0397,1541,2536.25
15954,0.3065,2.9724,10.0341,1531,2536.57
15959,-0.1173,3.4261,10.4016,1522,2536.57
15965,-1.6723,0.2538,10.6985,1529,2536.57
15970,-1.4066,-0.7063,12.0524,1519,2536.57
15974,-0.6548,1.8124,10.4291,1545,2536.78
15980,0.6093,3.5362,10.1167,1527,2536.78
15984,-1.7897,2.7019,10.3262,1515,2536.78
15989,-1.0139,-0.3699,11.4215,1523,2536.78
15995,-1.6831,-0.3508,11.8321,1523,2536.78
16000,-0.1856,2.138,10.1861,1559,2536.57
16004,0.6955,3.8954,10.2771,1528,2536.57
16009,-3.2322,1.9788,10.1885,1530,2536.57
16015,-1.0534,-0.6273,12.0752,1517,2536.57
16020,-1.6376,0.4669,11.394,1523,2536.57
16024,0.097,2.5833,10.0892,1525,2535.71
16029,0.4106,3.7122,10.3286,1517,2535.71
16034,-2.6743,1.0415,10.4004,1515,2535.71
16040,-1.2677,-0.6883,12.05,1523,2535.71
16044,-1.1648,1.4485,10.8242,1523,2535.71
16049,0.3759,3.1029,10.0173,1533,2535.5
16054,-0.5088,3.158,10.4698,1525,2535.5
16060,-1.33,-0.0144,10.92,1515,2535.5
16064,-1.4952,-0.5974,12.0524,1519,2535.5
16069,-0.4357,1.974,10.3166,1532,2535.6
16075,0.6416,3.6883,10.1813,1516,2535.6
16080,-2.3691,2.496,10.2472,1517,2535.6
16084,-1.0319,-0.5064,11.6897,1514,2535.6
16090,-1.7753,-0.1341,11.7795,1515,2535.6
16094,-0.0144,2.3571,10.1406,1558,2535.71
16099,0.6608,3.9025,10.2352,1527,2535.71
16104,-3.2561,1.7729,10.2125,1527,2535.71
16110,-1.1815,-0.68,11.9902,1513,2535.71
16114,-1.5538,0.8332,11.2958,1515,2535.71
16119,0.1628,2.7318,10.0963,1547,2535.82
16124,0.2406,3.6224,10.3705,1517,2535.82
16129,-2.2757,0.7254,10.5333,1511,2535.82
16135,-1.2773,-0.7278,12.0919,1533,2535.82
16140,-0.9385,1.5981,10.6877,1516,2535.82
16144,0.4118,3.3267,10.0808,1535,2535.93
16149,-1.0654,3.0801,10.4256,1529,2535.93
16155,-1.2354,-0.1401,11.1701,1515,2535.93
16160,-1.5778,-0.5746,12.0249,1527,2535.93
16164,-0.2705,2.0411,10.2268,1531,2536.25
16170,0.6931,3.796,10.2436,1515,2536.25
16174,-2.8264,2.3296,10.2484,1528,2536.25
16179,-1.0846,-0.516,11.8034,1523,2536.25
16185,-1.7609,0.1257,11.6131,1517,2536.25
16190,0.0515,2.4217,10.0844,1563,2536.46
16194,0.5207,3.8487,10.2819,1527,2536.46
16199,-3.1173,1.4653,10.2663,1517,2536.46
16205,-1.2115,-0.6847,12.1769,1525,2536.46
16210,-1.3898,1.1193,11.1342,1526,2536.46
16214,0.2406,2.8982,9.991,1531,2536.68
16219,0.0096,3.4429,10.3633,1518,2536.68
16224,-1.8699,0.4118,10.6099,1525,2536.68
16230,-1.3515,-0.7542,12.1206,1517,2536.68
16234,-0.7398,1.7825,10.5034,1559,2536.46
16239,0.5662,3.5003,10.1311,1519,2536.46
16244,-1.5359,2.788,10.3262,1517,2536.46
16250,-1.0235,-0.3424,11.3964,1518,2536.46
16254,-1.7214,-0.4118,11.8154,1523,2536.46
16259,-0.1951,2.1165,10.1778,1557,2536.68
16265,0.6716,3.875,10.2376,1519,2536.68
16270,-3.1376,2.0889,10.2352,1519,2536.68
16274,-1.0858,-0.6057,11.9351,1515,2536.68
16280,-1.7346,0.3938,11.4515,1523,2536.68
16284,0.091,2.5319,10.0724,1529,2537.11
16289,0.4453,3.7278,10.2915,1516,2537.11
16294,-2.8012,1.1684,10.319,1516,2537.11
16300,-1.2198,-0.6692,12.1314,1517,2537.11
16304,-1.16,1.3216,11.0026,1528,2537.11
16309,0.3208,3.0394,10.0341,1526,2537.32
16314,-0.4405,3.2741,10.4471,1519,2537.32
16320,-1.4772,0.1185,10.8433,1525,2537.32
16324,-1.4784,-0.6141,12.0764,1516,2537.32
16330,-0.5088,1.8998,10.3801,1541,2536.89
16335,0.6488,3.6212,10.143,1528,2536.89
16340,-2.1703,2.569,10.2723,1517,2536.89
16344,-1.0582,-0.5171,11.649,1525,2536.89
16350,-1.7394,-0.1891,11.7699,1531,2536.89
16354,-0.0347,2.3044,10.2137,1549,2537.21
16359,0.6764,3.8918,10.161,1531,2537.21
16364,-3.2094,1.8531,10.2149,1532,2537.21
16370,-1.1516,-0.6943,12.0009,1517,2537.21
16374,-1.6137,0.6883,11.3701,1518,2537.21
16379,0.176,2.6683,10.0892,1543,2536.89
16384,0.2825,3.7134,10.3801,1518,2536.89
16389,-2.4086,0.7757,10.4124,1522,2536.89
16395,-1.2498,-0.7171,12.1254,1529,2536.89
16400,-0.9996,1.5287,10.7248,1516,2536.89
16404,0.3938,3.2717,10.1323,1531,2536.57
16409,-0.8894,3.1244,10.4112,1528,2536.57
16415,-1.2977,-0.1077,11.0708,1513,2536.57
16420,-1.549,-0.6656,12.0404,1520,2536.57
16424,-0.3268,2.0279,10.2819,1555,2537.11
16430,0.6093,3.7038,10.1718,1517,2537.11
16435,-2.7198,2.4265,10.2292,1525,2537.11
16440,-1.057,-0.4896,11.7879,1518,2537.11
16445,-1.7418,0.0156,11.5903,1515,2537.11
16450,0.006,2.3343,10.1658,1549,2537.11
16454,0.5614,3.8295,10.319,1525,2537.11
16459,-3.2094,1.5191,10.1993,1531,2537.11
16465,-1.1839,-0.6991,12.0536,1524,2537.11
16470,-1.4497,1.0666,11.1678,1519,2537.11
16474,0.2514,2.8659,10.0664,1547,2538.72
16479,0.146,3.4704,10.4172,1519,2538.72
16484,-1.9345,0.4597,10.5931,1519,2538.72
16490,-1.3623,-0.7374,12.1566,1523,2538.72
16495,-0.7542,1.7609,10.5836,1533,2538.72
16500,0.5734,3.5039,10.1191,1517,2538.72
16504,-1.4688,2.8419,10.3058,1517,2538.72
16510,-1.0331,-0.328,11.3437,1513,2538.72
16515,-1.6963,-0.4597,11.8465,1519,2538.72
16520,-0.2203,2.144,10.2316,1558,2538.93
16525,0.7027,3.887,10.2232,1517,2538.93
16530,-3.1472,2.1524,10.2771,1524,2538.93
16534,-1.0738,-0.6345,11.9519,1515,2538.93
16540,-1.7705,0.3424,11.4263,1517,2538.93
16544,0.0802,2.4588,10.0808,1533,2538.61
16550,0.492,3.7804,10.3298,1523,2538.61
16554,-2.8132,1.2079,10.3346,1513,2538.61
16560,-1.2785,-0.6512,12.1063,1517,2538.61
16565,-1.2103,1.3336,10.9906,1533,2538.61
16570,0.346,3.0119,10.0473,1533,2538.5
16574,-0.4238,3.2741,10.4627,1519,2538.5
16580,-1.5048,0.1077,10.8266,1528,2538.5
16585,-1.4509,-0.6117,12.0261,1517,2538.5
16590,-0.4657,1.9285,10.3825,1545,2538.39
16595,0.668,3.6093,10.2053,1525,2538.39
16600,-2.1907,2.5881,10.2747,1515,2538.39
16604,-1.075,-0.4561,11.6729,1518,2538.39
16610,-1.7957,-0.1999,11.7519,1528,2538.39
16615,-0.0347,2.2793,10.1215,1557,2538.29
16620,0.662,3.8702,10.2256,1529,2538.29
16624,-3.2046,1.8232,10.2376,1531,2538.29
16630,-1.1684,-0.7614,12.0213,1519,2538.29
16635,-1.5969,0.7434,11.3581,1523,2538.29
16640,0.1903,2.7378,10.1203,1548,2538.39
16644,0.2957,3.6835,10.3896,1519,2538.39
16650,-2.3487,0.7362,10.3573,1517,2538.39
16655,-1.2941,-0.7602,12.1099,1528,2538.39
16660,-0.9218,1.549,10.7093,1519,2538.39
16664,0.4357,3.2956,10.1359,1542,2538.39
16670,-0.9409,3.0777,10.331,1525,2538.39
16675,-1.221,-0.0982,11.0804,1516,2538.39
16680,-1.5993,-0.6464,12.0536,1525,2538.39
16684,-0.3388,2.0147,10.2675,1557,2538.61
16690,0.6428,3.711,10.1538,1515,2538.61
16695,-2.7689,2.3727,10.2759,1525,2538.61
16700,-1.0726,-0.5519,11.825,1519,2538.61
16705,-1.737,0.079,11.6729,1518,2538.61
16710,0.0144,2.405,10.1035,1548,2538.29
16714,0.5578,3.8271,10.2723,1525,2538.29
16720,-3.1711,1.4796,10.2627,1515,2538.29
16725,-1.2139,-0.6979,12.0955,1527,2538.29
16730,-1.4305,1.1145,11.1606,1523,2538.29
16734,0.2981,2.8611,10.0341,1547,2538.61
16739,0.0694,3.4596,10.3777,1517,2538.61
16744,-1.8555,0.3603,10.6195,1517,2538.61
16750,-1.3982,-0.7135,12.0811,1519,2538.61
16755,-0.7302,1.7968,10.5321,1546,2538.07
16760,0.644,3.5267,10.137,1517,2538.07
16764,-1.5407,2.7749,10.2963,1517,2538.07
16770,-1.0714,-0.3364,11.4407,1517,2538.07
16774,-1.7154,-0.4369,11.8681,1517,2538.07
16780,-0.1772,2.1668,10.1885,1555,2538.18
16785,0.7398,3.9037,10.1921,1519,2538.18
16790,-3.1292,2.1644,10.2424,1527,2538.18
16794,-1.063,-0.6045,11.9279,1519,2538.18
16800,-1.7142,0.4453,11.4563,1517,2538.18
16804,0.0622,2.4672,10.1251,1533,2537.86
16810,0.4705,3.802,10.4124,1524,2537.86
16814,-2.8216,1.1157,10.3178,1507,2537.86
16820,-1.2522,-0.6488,12.0787,1515,2537.86
16825,-1.1768,1.324,10.9762,1532,2537.86
16830,0.3508,3.0215,10.0952,1529,2537.75
16834,-0.4525,3.2178,10.4196,1519,2537.75
16840,-1.4976,0.1137,10.8781,1527,2537.75
16845,-1.4281,-0.6309,12.0548,1515,2537.75
16850,-0.4322,1.9058,10.3837,1565,2537.96
16855,0.6548,3.632,10.1167,1527,2537.96
16860,-2.2398,2.5582,10.3118,1517,2537.96
16865,-1.0798,-0.4597,11.6646,1519,2537.96
16870,-1.7406,-0.1269,11.7495,1529,2537.96
16875,-0.0335,2.2877,10.1538,1555,2537.86
16880,0.6979,3.8822,10.2041,1531,2537.86
16885,-3.2094,1.8016,10.2077,1531,2537.86
16890,-1.2139,-0.7075,12.0536,1515,2537.86
16895,-1.5802,0.7721,11.3186,1527,2537.86
16900,0.2119,2.6911,10.0856,1547,2537.53
16905,0.3208,3.6559,10.3609,1519,2537.53
16910,-2.2984,0.753,10.3298,1513,2537.53
16915,-1.2821,-0.7673,12.1362,1531,2537.53
16920,-0.9266,1.5574,10.6937,1517,2537.53
16925,0.4776,3.3243,10.1718,1533,2537.86
16930,-0.9828,3.0323,10.3825,1527,2537.86
16935,-1.2234,-0.1149,11.1546,1513,2537.86
16940,-1.5826,-0.6237,11.9531,1523,2537.86
16945,-0.3029,2.0279,10.2831,1546,2537.86
16950,0.6464,3.7254,10.1526,1514,2537.86
16955,-2.8012,2.3894,10.3418,1519,2537.86
16960,-1.069,-0.5076,11.8321,1516,2537.86
16965,-1.7202,0.1245,11.6394,1515,2537.86
16970,0.0036,2.3619,10.1167,1554,2537.53
16975,0.583,3.8223,10.3058,1523,2537.53
16980,-3.1639,1.4317,10.246,1519,2537.53
16985,-1.2031,-0.6764,12.0931,1542,2537.53
16990,-1.4246,1.0894,11.1402,1519,2537.53
16995,0.2753,2.8742,10.0545,1545,2537.11
17000,0.0215,3.4309,10.3418,1519,2537.11
17005,-1.8651,0.3735,10.5716,1515,2537.11
17010,-1.415,-0.7111,12.0776,1527,2537.11
17015,-0.7638,1.7873,10.574,1523,2537.11
17020,0.6321,3.4273,10.0952,1527,2536.89
17025,-1.5227,2.7497,10.3058,1515,2536.89
17030,-1.075,-0.3304,11.4311,1511,2536.89
17035,-1.6819,-0.4226,11.9112,1519,2536.89
17040,-0.1796,2.1871,10.2113,1554,2536.78
17045,0.759,3.9025,10.2304,1517,2536.78
17050,-3.0981,2.1452,10.2711,1531,2536.78
17055,-1.0714,-0.6656,11.9339,1526,2536.78
17060,-1.7621,0.3903,11.5269,1517,2536.78
17065,0.067,2.5007,10.0832,1545,2536.46
17070,0.4681,3.8235,10.3908,1531,2536.46
17075,-2.8395,1.1696,10.3094,1512,2536.46
17080,-1.2318,-0.6752,12.0704,1524,2536.46
17085,-1.2115,1.3001,10.9427,1529,2536.46
17090,0.3508,3.0191,10.1059,1529,2536.25
17095,-0.4322,3.292,10.3621,1519,2536.25
17100,-1.5562,0.1939,10.8481,1527,2536.25
17105,-1.397,-0.6728,12.1075,1513,2536.25
17110,-0.4932,1.8878,10.3837,1565,2536.14
17115,0.6153,3.6045,10.1813,1523,2536.14
17120,-2.1416,2.6037,10.2651,1517,2536.14
17125,-1.1061,-0.4441,11.625,1519,2536.14
17130,-1.7861,-0.1784,11.8214,1525,2536.14
17135,0.018,2.247,10.1658,1547,2536.14
17140,0.68,3.8559,10.1873,1529,2536.14
17145,-3.2609,1.8064,10.2352,1528,2536.14
17150,-1.1672,-0.7159,12.0093,1515,2536.14
17155,-1.5969,0.7135,11.3282,1523,2536.14
17160,0.1832,2.6384,10.0353,1533,2536.14
17165,0.3292,3.7134,10.3992,1513,2536.14
17170,-2.4469,0.8152,10.3346,1515,2536.14
17175,-1.2091,-0.7578,12.1135,1523,2536.14
17180,-1.0487,1.4581,10.6985,1529,2536.14
17185,0.4788,3.322,10.1861,1545,2536.35
17190,-0.7985,3.1137,10.3274,1517,2536.35
17195,-1.2522,-0.0455,11.0361,1515,2536.35
17200,-1.5754,-0.6812,11.9997,1523,2536.35
17205,-0.3567,2.0231,10.3226,1556,2536.57
17210,0.6584,3.7134,10.1263,1519,2536.57
17215,-2.6731,2.4588,10.325,1519,2536.57
17220,-1.0307,-0.4824,11.7483,1525,2536.57
17225,-1.737,0.0335,11.7076,1513,2536.57
17230,-0.0359,2.3092,10.0784,1557,2536.46
17235,0.5614,3.8343,10.3406,1527,2536.46
17240,-3.2489,1.6065,10.2448,1530,2536.46
17245,-1.148,-0.6105,12.0943,1515,2536.46
17250,-1.4772,0.9852,11.1462,1516,2536.46
17255,0.2861,2.8443,10.0628,1549,2536.14
17260,0.1437,3.5027,10.3525,1517,2536.14
17265,-2.0291,0.5016,10.5201,1517,2536.14
17270,-1.3623,-0.7087,12.0787,1531,2536.14
17275,-0.7925,1.7095,10.5728,1517,2536.14
17280,0.6033,3.4548,10.1347,1531,2536.03
17285,-1.3048,2.8587,10.3561,1529,2536.03
17290,-1.0738,-0.2682,11.2982,1512,2536.03
17295,-1.6376,-0.4836,11.9722,1525,2536.03
17300,-0.2514,2.1189,10.2232,1561,2536.14
17305,0.7793,3.881,10.1562,1515,2536.14
17310,-2.9664,2.1943,10.2807,1527,2536.14
17315,-1.1181,-0.6249,11.9447,1524,2536.14
17320,-1.7597,0.2741,11.5652,1515,2536.14
17325,0.0084,2.4672,10.0461,1559,2536.14
17330,0.5399,3.8738,10.331,1528,2536.14
17335,-2.9389,1.2893,10.2424,1517,2536.14
17340,-1.1947,-0.68,12.044,1525,2536.14
17345,-1.2977,1.154,10.9894,1513,2536.14
17350,0.2873,2.9341,10.1347,1531,2536.57
17355,-0.2729,3.3627,10.4375,1523,2536.57
17360,-1.6017,0.2574,10.7176,1523,2536.57
17365,-1.397,-0.6967,12.0129,1523,2536.57
17370,-0.5674,1.8711,10.4483,1555,2536.68
17375,0.5782,3.486,10.1622,1517,2536.68
17380,-1.9489,2.7066,10.3418,1515,2536.68
17385,-1.0918,-0.4142,11.5484,1529,2536.68
17390,-1.7035,-0.2693,11.9016,1515,2536.68
17395,-0.067,2.2242,10.1466,1557,2537.43
17400,0.7075,3.8211,10.161,1517,2537.43
17405,-3.2441,1.9668,10.2975,1515,2537.43
17410,-1.2091,-0.6345,12.038,1514,2537.43
17415,-1.6197,0.6369,11.4323,1519,2537.43
17420,0.1484,2.6588,10.0497,1527,2537.53
17425,0.4094,3.7517,10.3537,1517,2537.53
17430,-2.6133,0.9002,10.2807,1515,2537.53
17435,-1.2103,-0.7638,12.0979,1515,2537.53
17440,-1.0463,1.4389,10.7931,1531,2537.53
17445,0.4286,3.2513,10.167,1529,2537.75
17450,-0.6464,3.1412,10.3837,1517,2537.75
17455,-1.3168,-0.0263,11.0241,1519,2537.75
17460,-1.5455,-0.729,11.9662,1515,2537.75
17465,-0.4286,1.9932,10.3621,1544,2537.43
17470,0.6393,3.6667,10.1574,1531,2537.43
17475,-2.4648,2.5307,10.3621,1523,2537.43
17480,-1.0403,-0.5112,11.6981,1525,2537.43
17485,-1.7514,-0.0754,11.7783,1525,2537.43
17490,-0.0072,2.2637,10.094,1556,2537.43
17495,0.6021,3.9049,10.3214,1533,2537.43
17500,-3.2896,1.6496,10.1742,1532,2537.43
17505,-1.1624,-0.6165,12.1326,1515,2537.43
17510,-1.5024,0.9146,11.1713,1517,2537.43
17515,0.1939,2.7916,9.9922,1547,2537.53
17520,0.146,3.5614,10.3477,1519,2537.53
17525,-2.1823,0.6285,10.5345,1516,2537.53
17530,-1.324,-0.6943,12.074,1533,2537.53
17535,-0.8272,1.7071,10.6279,1515,2537.53
17540,0.5531,3.3627,10.1502,1531,2537.21
17545,-1.2019,2.8527,10.3872,1524,2537.21
17550,-1.1229,-0.2825,11.248,1513,2537.21
17555,-1.6783,-0.498,11.9112,1525,2537.21
17560,-0.2418,2.1644,10.3058,1548,2537.64
17565,0.7326,3.8116,10.1981,1514,2537.64
17570,-2.9532,2.2302,10.2831,1525,2537.64
17575,-1.1073,-0.6249,11.8728,1517,2537.64
17580,-1.7442,0.2478,11.5688,1515,2537.64
17585,0.0503,2.4325,10.076,1545,2537.86
17590,0.5938,3.8882,10.3908,1527,2537.86
17595,-3.0251,1.3108,10.2412,1517,2537.86
17600,-1.1756,-0.6788,12.068,1523,2537.86
17605,-1.3408,1.1432,11.0085,1523,2537.86
17610,0.2717,2.9832,10.167,1545,2537.96
17615,-0.231,3.3698,10.3597,1519,2537.96
17620,-1.6592,0.316,10.726,1519,2537.96
17625,-1.4018,-0.7027,12.0464,1523,2537.96
17630,-0.5902,1.8531,10.4459,1531,2537.96
17635,0.5806,3.5195,10.1155,1517,2537.96
17640,-1.8806,2.739,10.392,1516,2537.96
17645,-1.1073,-0.4166,11.5113,1515,2537.96
17650,-1.6604,-0.2741,11.8657,1515,2537.96
17655,-0.0658,2.2314,10.1562,1557,2537.96
17660,0.7027,3.8235,10.2065,1517,2537.96
17665,-3.2142,1.9465,10.1921,1529,2537.96
17670,-1.1337,-0.6416,12.0261,1515,2537.96
17675,-1.6652,0.595,11.4311,1518,2537.96
17680,0.1939,2.6276,10.0485,1543,2538.07
17685,0.4046,3.723,10.3561,1525,2538.07
17690,-2.6408,0.9134,10.331,1515,2538.07
17695,-1.257,-0.7638,12.153,1515,2538.07
17700,-1.0642,1.4808,10.7787,1527,2538.07
17705,0.4669,3.2406,10.1682,1515,2538.29
17710,-0.6009,3.1556,10.3801,1519,2538.29
17715,-1.3132,-0.0503,10.9966,1527,2538.29
17720,-1.5383,-0.7207,12.0069,1516,2538.29
17725,-0.4094,1.9788,10.3753,1563,2538.82
17730,0.65,3.7182,10.167,1529,2538.82
17735,-2.4636,2.5235,10.3729,1518,2538.82
17740,-1.0499,-0.5088,11.6885,1523,2538.82
17745,-1.7873,-0.073,11.7424,1530,2538.82
17750,-0.0646,2.3056,10.0628,1557,2538.61
17755,0.6273,3.9157,10.3717,1527,2538.61
17760,-3.2765,1.6161,10.2376,1529,2538.61
17765,-1.1516,-0.6249,12.1147,1515,2538.61
17770,-1.4892,0.9134,11.1235,1517,2538.61
17775,0.1951,2.794,10.0928,1546,2538.72
17780,0.1125,3.5147,10.4411,1517,2538.72
17785,-2.0758,0.5974,10.5608,1519,2538.72
17790,-1.3216,-0.7087,12.0823,1530,2538.72
17795,-0.8332,1.7142,10.6111,1519,2538.72
17800,0.5722,3.3962,10.0832,1532,2538.61
17805,-1.2498,2.8874,10.3872,1528,2538.61
17810,-1.1061,-0.2394,11.2324,1515,2538.61
17815,-1.6676,-0.4776,11.9088,1525,2538.61
17820,-0.237,2.1452,10.2316,1563,2538.93
17825,0.7458,3.808,10.228,1517,2538.93
17830,-3.0083,2.1584,10.2508,1523,2538.93
17835,-1.1169,-0.6297,11.8573,1519,2538.93
17840,-1.7873,0.2993,11.6119,1513,2538.93
17845,0.0599,2.466,10.0856,1541,2538.39
17850,0.6201,3.8547,10.3382,1527,2538.39
17855,-3.0095,1.2797,10.2244,1518,2538.39
17860,-1.2115,-0.6979,12.1613,1519,2538.39
17865,-1.2857,1.1803,10.981,1524,2538.39
17870,0.2933,3.0047,10.1119,1543,2539.36
17875,-0.2717,3.3543,10.4208,1519,2539.36
17880,-1.6484,0.1927,10.7931,1517,2539.36
17885,-1.4269,-0.7302,11.971,1519,2539.36
17890,-0.5363,1.8579,10.4686,1543,2539.04
17895,0.5878,3.5314,10.1849,1519,2539.04
17900,-2.0207,2.7102,10.3789,1517,2539.04
17905,-1.0738,-0.4465,11.5772,1515,2539.04
17910,-1.7035,-0.2741,11.8274,1515,2539.04
17915,-0.0922,2.2733,10.1442,1558,2539.36
17920,0.7015,3.8834,10.2053,1519,2539.36
17925,-3.2585,1.8998,10.2376,1519,2539.36
17930,-1.1851,-0.6381,12.0871,1515,2539.36
17935,-1.6388,0.6572,11.4,1519,2539.36
17940,0.158,2.6576,10.0161,1525,2539.04
17945,0.3855,3.6464,10.3609,1519,2539.04
17950,-2.5211,0.8619,10.2651,1513,2539.04
17955,-1.2725,-0.7602,12.0644,1515,2539.04
17960,-1.0523,1.5119,10.7548,1533,2539.04
17965,0.4884,3.2765,10.1406,1529,2539.79
17970,-0.7386,3.1364,10.3537,1523,2539.79
17975,-1.2809,-0.0634,11.0744,1525,2539.79
17980,-1.5658,-0.6847,11.9626,1517,2539.79
17985,-0.407,2.0111,10.2891,1545,2539.47
17990,0.7039,3.7577,10.1538,1531,2539.47
17995,-2.6264,2.4134,10.3262,1516,2539.47
18000,-1.0499,-0.5507,11.6993,1525,2539.47
18005,-1.7705,0.0192,11.7531,1531,2539.47
18010,-0.0215,2.3559,10.0916,1555,2539.47
18015,0.6141,3.9085,10.3681,1529,2539.47
18020,-3.2226,1.5203,10.1873,1533,2539.47
18025,-1.1791,-0.656,12.1242,1516,2539.47
18030,-1.4401,0.9876,11.1235,1517,2539.47
18035,0.2514,2.8156,10.0856,1529,2539.04
18040,0.0563,3.4309,10.404,1517,2539.04
18045,-1.9644,0.5207,10.562,1513,2539.04
18050,-1.3551,-0.7135,12.0704,1531,2539.04
18055,-0.7793,1.7454,10.568,1519,2539.04
18060,0.5531,3.4058,10.1071,1533,2538.93
18065,-1.4748,2.8084,10.4267,1529,2538.93
18070,-1.0953,-0.3519,11.3162,1513,2538.93
18075,-1.664,-0.4154,11.9195,1525,2538.93
18080,-0.1748,2.156,10.2268,1542,2538.61
18085,0.753,3.899,10.258,1517,2538.61
18090,-3.1017,2.1452,10.258,1524,2538.61
18095,-1.0989,-0.6345,11.9339,1524,2538.61
18100,-1.7526,0.3795,11.564,1517,2538.61
18105,0.079,2.5091,10.1011,1558,2538.72
18110,0.5423,3.808,10.3968,1528,2538.72
18115,-2.8455,1.16,10.2975,1516,2538.72
18120,-1.2186,-0.7027,12.147,1525,2538.72
18125,-1.1863,1.2629,10.9247,1527,2538.72
18130,0.3663,3.0885,10.0904,1533,2538.5
18135,-0.3926,3.2932,10.3872,1525,2538.5
18140,-1.5335,0.1939,10.8924,1529,2538.5
18145,-1.415,-0.7111,12.0321,1519,2538.5
18150,-0.5004,1.9034,10.4603,1544,2538.39
18155,0.6045,3.5674,10.1813,1519,2538.39
18160,-2.1428,2.6384,10.337,1517,2538.39
18165,-1.0846,-0.4824,11.5448,1515,2538.39
18170,-1.7394,-0.2071,11.7926,1517,2538.39
18175,0.0,2.2517,10.1359,1556,2539.36
18180,0.6692,3.9061,10.2927,1520,2539.36
18185,-3.2992,1.8244,10.1909,1517,2539.36
18190,-1.1396,-0.6776,12.074,1515,2539.36
18195,-1.5778,0.6835,11.2994,1519,2539.36
18200,0.1844,2.6995,10.0772,1530,2539.04
18205,0.2933,3.6081,10.313,1519,2539.04
18210,-2.4074,0.7422,10.4315,1515,2539.04
18215,-1.2941,-0.7745,12.1111,1517,2539.04
18220,-0.9553,1.585,10.7404,1533,2539.04
18225,0.486,3.3172,10.0916,1529,2539.04
18230,-0.8475,3.0466,10.3238,1518,2539.04
18235,-1.245,-0.146,11.0708,1523,2539.04
18240,-1.6197,-0.6333,12.0081,1517,2539.04
18245,-0.3029,2.0315,10.3011,1563,2539.25
18250,0.7099,3.7924,10.1969,1528,2539.25
18255,-2.8096,2.3834,10.3298,1518,2539.25
18260,-1.0295,-0.5171,11.789,1525,2539.25
18265,-1.7729,0.1065,11.625,1531,2539.25
18270,0.0072,2.314,10.0628,1559,2539.25
18275,0.5818,3.9002,10.3406,1532,2539.25
18280,-3.1711,1.4281,10.2256,1532,2539.25
18285,-1.1372,-0.6213,12.147,1517,2539.25
18290,-1.3683,1.0546,11.1019,1519,2539.25
18295,0.2478,2.885,10.1047,1547,2539.15
18300,-0.0168,3.3878,10.3441,1518,2539.15
18305,-1.8435,0.4429,10.6674,1519,2539.15
18310,-1.3791,-0.6847,12.0524,1530,2539.15
18315,-0.6716,1.8172,10.568,1519,2539.15
18320,0.6452,3.4692,10.0497,1530,2538.93
18325,-1.6053,2.7725,10.4495,1528,2538.93
18330,-1.0834,-0.3412,11.4012,1515,2538.93
18335,-1.7083,-0.322,11.9076,1525,2538.93
18340,-0.1556,2.1751,10.173,1563,2539.36
18345,0.7506,3.8786,10.2939,1516,2539.36
18350,-3.1496,2.0686,10.1981,1529,2539.36
18355,-1.1145,-0.6895,12.0165,1527,2539.36
18360,-1.7406,0.401,11.4467,1517,2539.36
18365,0.1269,2.5654,10.0712,1559,2539.57
18370,0.48,3.7733,10.3741,1525,2539.57
18375,-2.7378,1.0918,10.2747,1518,2539.57
18380,-1.2115,-0.741,12.0895,1518,2539.57
18385,-1.1911,1.3312,10.8601,1529,2539.57
18390,0.3747,3.0622,10.1347,1529,2539.68
18395,-0.5052,3.2334,10.4375,1524,2539.68
18400,-1.4377,0.0658,10.9259,1511,2539.68
18405,-1.4509,-0.6943,12.0057,1519,2539.68
18410,-0.4274,1.9297,10.41,1545,2540.33
18415,0.6237,3.632,10.1538,1523,2540.33
18420,-2.3559,2.5809,10.3561,1516,2540.33
18425,-1.1169,-0.4513,11.6849,1519,2540.33
18430,-1.7538,-0.1006,11.8214,1516,2540.33
18435,-0.0479,2.3032,10.1239,1559,2540.65
18440,0.6644,3.8451,10.398,1512,2540.65
18445,-3.2633,1.6592,10.1981,1525,2540.65
18450,-1.2175,-0.6464,12.0752,1515,2540.65
18455,-1.5419,0.8523,11.2671,1519,2540.65
18460,0.2502,2.8204,10.1287,1532,2540.97
18465,0.2454,3.5889,10.4172,1525,2540.97
18470,-2.2027,0.6381,10.495,1517,2540.97
18475,-1.3611,-0.82,12.0716,1522,2540.97
18480,-0.893,1.6496,10.6757,1529,2540.97
18485,0.5519,3.3591,10.1598,1543,2540.87
18490,-1.1217,2.9209,10.3896,1519,2540.87
18495,-1.1372,-0.1975,11.1989,1518,2540.87
18500,-1.6257,-0.5219,11.9519,1518,2540.87
18505,-0.2969,2.0698,10.246,1559,2540.76
18510,0.6967,3.8271,10.2316,1517,2540.76
18515,-3.0011,2.2721,10.3394,1517,2540.76
18520,-1.0594,-0.6105,11.8705,1517,2540.76
18525,-1.7693,0.2562,11.5197,1517,2540.76
18530,0.0431,2.3834,10.0592,1559,2540.76
18535,0.5231,3.8475,10.4004,1529,2540.76
18540,-3.0394,1.3012,10.2651,1523,2540.76
18545,-1.1779,-0.6225,12.1937,1519,2540.76
18550,-1.3024,1.2055,10.9583,1515,2540.76
18555,0.2957,2.982,10.0904,1545,2540.97
18560,-0.2298,3.2597,10.3489,1522,2540.97
18565,-1.6508,0.2263,10.7859,1513,2540.97
18570,-1.4724,-0.6835,12.068,1531,2540.97
18575,-0.5543,1.9297,10.5297,1519,2540.97
18580,0.6692,3.5733,10.1969,1527,2540.97
18585,-1.9704,2.63,10.3884,1519,2540.97
18590,-1.0846,-0.4357,11.5281,1513,2540.97
18595,-1.7549,-0.2191,11.8585,1525,2540.97
18600,-0.0706,2.211,10.1263,1544,2541.19
18605,0.7434,3.9193,10.2747,1515,2541.19
18610,-3.2441,1.8591,10.1969,1531,2541.19
18615,-1.148,-0.6835,12.068,1525,2541.19
18620,-1.6376,0.6524,11.3497,1516,2541.19
18625,0.1472,2.6983,10.1131,1544,2540.87
18630,0.3065,3.6464,10.3441,1529,2540.87
18635,-2.405,0.7973,10.3262,1515,2540.87
18640,-1.2857,-0.7159,12.0752,1529,2540.87
18645,-1.0427,1.4916,10.7955,1532,2540.87
18650,0.4034,3.2046,10.1502,1528,2540.87
18655,-0.8823,3.0742,10.392,1519,2540.87
18660,-1.2857,-0.1006,11.0828,1524,2540.87
18665,-1.5538,-0.6081,12.0392,1515,2540.87
18670,-0.2909,2.0303,10.2795,1564,2540.54
18675,0.6788,3.7026,10.1215,1529,2540.54
18680,-2.7102,2.4086,10.3202,1517,2540.54
18685,-1.0953,-0.5423,11.7974,1524,2540.54
18690,-1.7286,0.097,11.6813,1526,2540.54
18695,0.0563,2.3475,10.0341,1557,2540.44
18700,0.6177,3.8702,10.3262,1532,2540.44
18705,-3.1699,1.4389,10.2364,1533,2540.44
18710,-1.1947,-0.7003,12.0907,1515,2540.44
18715,-1.4617,1.0534,11.0744,1518,2540.44
18720,0.31,2.9532,10.094,1546,2540.33
18725,0.0192,3.4429,10.3418,1516,2540.33
18730,-1.8914,0.4274,10.665,1513,2540.33
18735,-1.4042,-0.7757,12.1123,1526,2540.33
18740,-0.7207,1.7945,10.5931,1514,2540.33
18745,0.5854,3.4764,10.1131,1533,2540.01
18750,-1.5502,2.794,10.3346,1527,2540.01
18755,-1.0546,-0.322,11.3006,1515,2540.01
18760,-1.6951,-0.4178,11.9554,1523,2540.01
18765,-0.1808,2.1416,10.1778,1533,2539.9
18770,0.6895,3.8798,10.2867,1517,2539.9
18775,-3.2106,2.0614,10.2185,1524,2539.9
18780,-1.0834,-0.5698,12.0177,1517,2539.9
18785,-1.6879,0.4585,11.4575,1518,2539.9
18790,0.0934,2.5115,10.1275,1561,2539.68
18795,0.4274,3.7625,10.3801,1525,2539.68
18800,-2.8132,1.1085,10.3633,1517,2539.68
18805,-1.2414,-0.6728,12.0704,1523,2539.68
18810,-1.1624,1.3791,10.8014,1526,2539.68
18815,0.4106,3.0921,10.1155,1543,2539.57
18820,-0.5136,3.158,10.3693,1527,2539.57
18825,-1.4389,0.0778,10.9116,1519,2539.57
18830,-1.4952,-0.6416,12.0225,1517,2539.57
18835,-0.4693,1.9788,10.416,1545,2539.47
18840,0.7123,3.5913,10.1131,1517,2539.47
18845,-2.2817,2.5043,10.2867,1517,2539.47
18850,-1.1037,-0.5626,11.631,1515,2539.47
18855,-1.7657,-0.0599,11.7711,1515,2539.47
18860,-0.0144,2.3044,10.07,1557,2539.68
18865,0.6835,3.9421,10.3058,1519,2539.68
18870,-3.2513,1.7083,10.1885,1516,2539.68
18875,-1.1217,-0.7242,12.0201,1515,2539.68
18880,-1.5682,0.7793,11.2097,1519,2539.68
18885,0.1951,2.7797,10.0568,1529,2540.22
18890,0.2334,3.6416,10.3537,1517,2540.22
18895,-2.2194,0.6883,10.4818,1513,2540.22
18900,-1.2725,-0.7733,12.1218,1517,2540.22
18905,-0.8607,1.6101,10.6506,1531,2540.22
18910,0.4561,3.3052,10.1466,1531,2540.33
18915,-1.1588,3.0179,10.3765,1516,2540.33
18920,-1.2031,-0.1939,11.1522,1522,2540.33
18925,-1.6005,-0.5243,11.9195,1517,2540.33
18930,-0.2047,2.0913,10.1969,1565,2540.65
18935,0.668,3.7625,10.2005,1525,2540.65
18940,-2.9317,2.2613,10.2687,1515,2540.65
18945,-1.0774,-0.5507,11.8333,1525,2540.65
18950,-1.7286,0.2909,11.6286,1525,2540.65
18955,0.0886,2.4385,10.0545,1557,2540.97
18960,0.5626,3.8223,10.3346,1533,2540.97
18965,-3.0897,1.2462,10.2687,1531,2540.97
18970,-1.2246,-0.6656,12.1218,1516,2540.97
18975,-1.3072,1.2881,10.9798,1517,2540.97
18980,0.3938,3.0394,10.1263,1553,2541.73
18985,-0.164,3.322,10.3729,1517,2541.73
18990,-1.6209,0.2215,10.7524,1514,2541.73
18995,-1.476,-0.8356,12.0273,1541,2541.73
19000,-0.5866,1.8411,10.5548,1515,2541.73
19005,0.662,3.5506,10.1718,1531,2542.27
19010,-1.9106,2.6995,10.4303,1529,2542.27
19015,-0.99,-0.3819,11.479,1513,2542.27
19020,-1.7322,-0.2885,11.8752,1525,2542.27
19025,-0.1425,2.2027,10.137,1557,2541.94
19030,0.6919,3.9193,10.2807,1516,2541.94
19035,-3.298,1.8986,10.2412,1529,2541.94
19040,-1.1181,-0.6045,12.0811,1525,2541.94
19045,-1.6233,0.6165,11.3138,1517,2541.94
19050,0.1508,2.5821,10.0856,1563,2541.4
19055,0.2729,3.6571,10.416,1529,2541.4
19060,-2.484,0.8703,10.4184,1515,2541.4
19065,-1.2893,-0.6428,12.068,1525,2541.4
19070,-1.002,1.5598,10.7703,1531,2541.4
19075,0.4932,3.2046,10.1083,1531,2540.97
19080,-0.8631,3.0418,10.495,1526,2540.97
19085,-1.2773,-0.1209,11.0923,1526,2540.97
19090,-1.5897,-0.5483,11.9973,1523,2540.97
19095,-0.3005,2.0554,10.3178,1571,2541.3
19100,0.7171,3.7026,10.2041,1523,2541.3
19105,-2.6552,2.3846,10.2113,1517,2541.3
19110,-1.1552,-0.6021,11.8046,1524,2541.3
19115,-1.8112,0.1413,11.6981,1529,2541.3
19120,0.0443,2.3798,10.1047,1559,2541.19
19125,0.6536,3.8894,10.3202,1529,2541.19
19130,-3.1137,1.4676,10.1921,1530,2541.19
19135,-1.2139,-0.7314,12.1051,1517,2541.19
19140,-1.4066,1.0139,11.084,1524,2541.19
19145,0.2837,2.9401,10.0796,1544,2541.4
19150,-0.0575,3.5003,10.398,1519,2541.4
19155,-1.913,0.4705,10.659,1518,2541.4
19160,-1.3838,-0.7889,12.0776,1528,2541.4
19165,-0.6764,1.7334,10.5369,1516,2541.4
19170,0.5507,3.4488,10.088,1533,2541.73
19175,-1.6568,2.8192,10.398,1525,2541.73
19180,-1.0965,-0.3388,11.4096,1511,2541.73
19185,-1.6855,-0.3926,11.8968,1524,2541.73
19190,-0.1317,2.1632,10.1718,1561,2541.73
19195,0.6345,3.8331,10.2364,1517,2541.73
19200,-3.1843,2.0339,10.2125,1525,2541.73
19205,-1.1325,-0.5758,11.9914,1519,2541.73
19210,-1.6664,0.5052,11.4431,1516,2541.73
19215,0.1832,2.5618,10.0317,1547,2541.08
19220,0.4489,3.6763,10.337,1525,2541.08
19225,-2.7581,0.972,10.2987,1518,2541.08
19230,-1.2534,-0.741,12.1171,1519,2541.08
19235,-1.1277,1.4413,10.8062,1525,2541.08
19240,0.4489,3.1615,10.076,1545,2541.19
19245,-0.5088,3.1484,10.3549,1519,2541.19
19250,-1.3467,-0.0012,10.9762,1517,2541.19
19255,-1.5371,-0.7434,12.0177,1519,2541.19
19260,-0.4405,2.0291,10.3394,1543,2539.57
19265,0.668,3.6715,10.149,1518,2539.57
19270,-2.4169,2.5199,10.3334,1516,2539.57
19275,-1.0355,-0.5004,11.6382,1515,2539.57
19280,-1.7561,-0.0802,11.7208,1516,2539.57
19285,-0.0694,2.2565,10.1275,1556,2539.57
19290,0.6596,3.9241,10.325,1519,2539.57
19295,-3.298,1.7011,10.1658,1514,2539.57
19300,-1.1205,-0.6057,12.0728,1517,2539.57
19305,-1.5119,0.8619,11.2001,1518,2539.57
19310,0.1939,2.7043,10.0928,1528,2539.47
19315,0.0958,3.5051,10.3825,1519,2539.47
19320,-2.1165,0.6452,10.4998,1513,2539.47
19325,-1.3312,-0.6967,12.0572,1518,2539.47
19330,-1.3396,1.087,11.0301,1532,2539.47
19335,0.2705,2.9149,10.0844,1547,2539.68
19340,-0.17,3.4285,10.4303,1521,2539.68
19345,-1.7621,0.3962,10.7057,1523,2539.68
19350,-1.4054,-0.656,12.0476,1515,2539.68
19355,-0.6141,1.8495,10.4878,1549,2539.57
19360,0.5806,3.4644,10.1526,1524,2539.57
19365,-1.8016,2.7066,10.3609,1522,2539.57
19370,-1.1121,-0.4764,11.4527,1527,2539.57
19375,-1.7035,-0.249,11.9028,1531,2539.57
19380,-0.1053,2.1883,10.1562,1557,2539.79
19385,0.7314,3.8894,10.2472,1531,2539.79
19390,-3.1532,1.9118,10.1694,1531,2539.79
19395,-1.1349,-0.6704,12.0153,1515,2539.79
19400,-1.67,0.5399,11.4203,1517,2539.79
19405,0.1879,2.6528,10.1071,1547,2539.25
19410,0.3974,3.699,10.3226,1517,2539.25
19415,-2.6252,1.0163,10.3298,1516,2539.25
19420,-1.2175,-0.808,12.1039,1531,2539.25
19425,-1.0965,1.4281,10.8553,1517,2539.25
19430,0.4142,3.1448,10.1323,1533,2539.25
19435,-0.6333,3.2082,10.4507,1527,2539.25
19440,-1.3479,-0.0251,10.9559,1513,2539.25
19445,-1.5179,-0.735,12.0105,1525,2539.25
19450,-0.4417,1.9525,10.3669,1553,2539.57
19455,0.6177,3.6763,10.1885,1517,2539.57
19460,-2.5031,2.5103,10.2999,1527,2539.57
19465,-1.0487,-0.4345,11.6286,1523,2539.57
19470,-1.7514,-0.0862,11.7962,1517,2539.57
19475,-0.0108,2.2781,10.0724,1561,2540.01
19480,0.6345,3.8822,10.3346,1527,2540.01
19485,-3.2549,1.6364,10.1778,1517,2540.01
19490,-1.1803,-0.6572,12.1003,1525,2540.01
19495,-1.4676,0.9266,11.1678,1527,2540.01
19500,0.3029,2.8216,10.0293,1529,2540.44
19505,0.1628,3.4824,10.3346,1523,2540.44
19510,-2.1105,0.5854,10.5441,1525,2540.44
19515,-1.3527,-0.7566,12.0943,1517,2540.44
19520,-0.7913,1.7262,10.6686,1547,2540.76
19525,0.6105,3.3603,10.1131,1519,2540.76
19530,-1.2546,2.8599,10.4112,1514,2540.76
19535,-1.1085,-0.2837,11.1546,1517,2540.76
19540,-1.6556,-0.5171,11.9088,1519,2540.76
19545,-0.2274,2.1392,10.2627,1557,2541.51
19550,0.729,3.8822,10.3046,1520,2541.51
19555,-3.0634,2.1668,10.1981,1525,2541.51
19560,-1.0415,-0.6009,11.9435,1516,2541.51
19565,-1.7561,0.31,11.4946,1527,2541.51
19570,0.0646,2.5079,10.1083,1529,2541.62
19575,0.5028,3.8211,10.3633,1519,2541.62
19580,-2.9269,1.2665,10.307,1513,2541.62
19585,-1.2127,-0.6871,12.1458,1519,2541.62
19590,-1.2175,1.2594,10.9762,1527,2541.62
19595,0.2933,2.9928,10.137,1545,2541.83
19600,-0.3603,3.2705,10.4327,1524,2541.83
19605,-1.5514,0.1844,10.8481,1510,2541.83
19610,-1.4401,-0.6345,11.9734,1521,2541.83
19615,-0.4788,1.9106,10.3872,1533,2542.27
19620,0.6512,3.5865,10.1921,1515,2542.27
19625,-2.2134,2.6336,10.3908,1519,2542.27
19630,-1.1229,-0.4609,11.5891,1515,2542.27
19635,-1.7166,-0.1173,11.8357,1511,2542.27
19640,-0.067,2.3104,10.1023,1561,2542.48
19645,0.7003,3.9205,10.2711,1520,2542.48
19650,-3.2561,1.749,10.1442,1519,2542.48
19655,-1.1887,-0.6608,12.1003,1519,2542.48
19660,-1.579,0.8033,11.2934,1518,2542.48
19665,0.2239,2.8048,10.1382,1549,2542.91
19670,0.2957,3.6152,10.3406,1524,2542.91
19675,-2.2374,0.729,10.4758,1517,2542.91
19680,-1.3096,-0.7937,12.0093,1525,2542.91
19685,-0.9098,1.6257,10.6877,1519,2543.13
19690,0.51,3.2956,10.1047,1526,2543.13
19695,-1.0738,3.0358,10.4519,1516,2543.13
19700,-1.1552,-0.2035,11.1809,1512,2543.13
19705,-1.5969,-0.6237,11.9662,1515,2543.13
19710,-0.2466,2.0147,10.1981,1555,2543.56
19715,0.6393,3.7721,10.1993,1525,2543.56
19720,-2.9401,2.3212,10.2939,1516,2543.56
19725,-1.1001,-0.5279,11.8657,1517,2543.56
19730,-1.7478,0.2442,11.5424,1519,2543.56
19735,0.0802,2.472,10.0952,1528,2543.67
19740,0.5183,3.8104,10.3441,1519,2543.67
19745,-3.0382,1.245,10.2436,1511,2543.67
19750,-1.2234,-0.6249,12.0967,1515,2543.67
19755,-1.2785,1.2438,10.9966,1541,2543.67
19760,0.395,2.9928,10.0832,1541,2543.77
19765,-0.1867,3.2705,10.4303,1519,2543.77
19770,-1.6496,0.2286,10.8302,1517,2543.77
19775,-1.4724,-0.7661,12.0189,1519,2543.77
19780,-0.6177,1.913,10.477,1555,2543.67
19785,0.6991,3.547,10.137,1525,2543.67
19790,-1.9609,2.6348,10.3908,1519,2543.67
19795,-1.063,-0.419,11.5424,1523,2543.67
19800,-1.719,-0.249,11.8381,1518,2543.67
19805,-0.1233,2.217,10.1478,1557,2543.67
19810,0.723,3.9397,10.3274,1531,2543.67
19815,-3.2166,1.8076,10.1718,1529,2543.67
19820,-1.1468,-0.6129,12.044,1517,2543.67
19825,-1.5981,0.6859,11.2743,1517,2543.67
19830,0.1796,2.6659,10.1215,1547,2543.56
19835,0.2382,3.638,10.4567,1519,2543.56
19840,-2.4122,0.8428,10.4938,1516,2543.56
19845,-1.2474,-0.6823,12.0787,1528,2543.56
19850,-0.9445,1.5419,10.6925,1519,2543.56
19855,0.5052,3.2022,10.0485,1529,2543.77
19860,-0.9194,3.0023,10.4399,1519,2543.77
19865,-1.2857,-0.1437,11.1079,1515,2543.77
19870,-1.5802,-0.4956,12.0081,1519,2543.77
19875,-0.2574,2.0853,10.2125,1549,2544.1
19880,0.7434,3.7362,10.137,1517,2544.1
19885,-2.8539,2.2637,10.2951,1532,2544.1
19890,-1.1504,-0.6093,11.8681,1525,2544.1
19895,-1.7346,0.1999,11.6657,1515,2544.1
19900,0.0431,2.4744,10.1035,1543,2544.31
19905,0.6057,3.8642,10.3489,1529,2544.31
19910,-3.0658,1.3324,10.2244,1513,2544.31
19915,-1.1899,-0.7578,12.0536,1516,2544.31
19920,-1.3324,1.1696,10.9523,1530,2544.31
19925,0.3819,3.0083,10.1694,1529,2544.75
19930,-0.1413,3.371,10.3322,1519,2544.75
19935,-1.7035,0.2813,10.726,1527,2544.75
19940,-1.4485,-0.7829,12.0201,1516,2544.75
19945,-0.5614,1.8411,10.4938,1547,2544.42
19950,0.589,3.5267,10.1215,1527,2544.42
19955,-1.9381,2.7497,10.3848,1512,2544.42
19960,-1.0786,-0.3663,11.4586,1526,2544.42
19965,-1.7131,-0.2502,11.7855,1527,2544.42
19970,-0.0946,2.1644,10.0868,1556,2544.85
19975,0.668,3.8595,10.3154,1531,2544.85
19980,-3.3112,1.8794,10.2651,1533,2544.85
19985,-1.1337,-0.583,12.0632,1510,2544.85
19990,-1.5874,0.6979,11.3162,1519,2544.85
19995,0.1915,2.6899,10.0904,1546,2544.75
20000,0.3017,3.6045,10.3932,1516,2544.75
20005,-2.4481,0.7805,10.404,1517,2544.75
20010,-1.3372,-0.7422,12.1039,1531,2544.75
20015,-0.9278,1.6424,10.7105,1513,2544.75
20020,0.5902,3.3064,10.1754,1527,2545.07
20025,-0.9206,2.9568,10.3932,1526,2545.07
20030,-1.2282,-0.1856,11.0564,1513,2545.07
20035,-1.6376,-0.5746,11.9794,1525,2545.07
20040,-0.2981,2.1057,10.3011,1551,2545.18
20045,0.7817,3.7816,10.1598,1517,2545.18
20050,-2.8323,2.2769,10.3489,1529,2545.18
20055,-1.0858,-0.5423,11.807,1527,2545.18
20060,-1.7777,0.2107,11.649,1515,2545.18
20065,-0.0132,2.3894,10.0437,1547,2544.96
20070,0.6225,3.8726,10.337,1533,2544.96
20075,-3.1268,1.3683,10.2173,1511,2544.96
20080,-1.166,-0.6931,12.1159,1517,2544.96
20085,-1.3264,1.1085,10.9726,1533,2544.96
20090,0.31,2.958,10.155,1530,2544.85
20095,-0.2251,3.3243,10.4076,1519,2544.85
20100,-1.6855,0.2622,10.7212,1525,2544.85
20105,-1.4473,-0.6895,12.0225,1519,2544.85
20110,-0.5818,1.8459,10.5237,1544,2545.28
20115,0.6189,3.4884,10.1155,1531,2545.28
20120,-1.9465,2.6695,10.3705,1518,2545.28
20125,-1.1073,-0.4693,11.5341,1525,2545.28
20130,-1.7657,-0.2011,11.8357,1528,2545.28
20135,-0.0587,2.2697,10.1191,1555,2545.72
20140,0.7649,3.9061,10.3011,1541,2545.72
20145,-3.2657,1.8507,10.1873,1541,2545.72
20150,-1.2055,-0.6883,12.0476,1515,2545.72
20155,-1.5957,0.747,11.3042,1514,2545.72
20160,0.231,2.7102,10.0808,1549,2546.26
20165,0.3352,3.6859,10.3621,1519,2546.26
20170,-2.4397,0.7039,10.4387,1516,2546.26
20175,-1.2929,-0.7829,12.0524,1530,2546.26
20180,-0.9421,1.5574,10.6745,1515,2546.26
20185,0.5483,3.3028,10.1742,1543,2546.36
20190,-1.0331,3.0562,10.4088,1525,2546.36
20195,-1.2833,-0.1353,11.1701,1513,2546.36
20200,-1.6257,-0.5914,11.995,1517,2546.36
20205,-0.261,2.0722,10.2903,1549,2547.12
20210,0.6692,3.7433,10.1945,1517,2547.12
20215,-2.8311,2.3008,10.2556,1531,2547.12
20220,-1.1121,-0.5578,11.8369,1519,2547.12
20225,-1.7478,0.2741,11.6227,1515,2547.12
20230,0.1006,2.4325,10.082,1543,2547.12
20235,0.5423,3.8283,10.3142,1527,2547.12
20240,-3.0538,1.2438,10.2951,1513,2547.12
20245,-1.2438,-0.6416,12.1278,1516,2547.12
20250,-1.251,1.2115,10.9283,1531,2547.12
20255,0.3723,3.0347,10.0509,1533,2547.12
20260,-0.1856,3.3387,10.3705,1515,2547.12
20265,-1.658,0.1688,10.7955,1531,2547.12
20270,-1.5287,-0.7542,12.0404,1517,2547.12
20275,-0.5076,1.9058,10.4363,1565,2547.01
20280,0.6656,3.6224,10.1981,1525,2547.01
20285,-2.0853,2.6312,10.2915,1519,2547.01
20290,-1.0594,-0.5028,11.4874,1526,2547.01
20295,-1.7549,-0.2035,11.7699,1523,2547.01
20300,-0.0946,2.2865,10.1933,1560,2547.55
20305,0.7015,3.9349,10.2939,1529,2547.55
20310,-3.3112,1.7921,10.2831,1529,2547.55
20315,-1.1468,-0.6333,12.068,1517,2547.55
20320,-1.5706,0.8152,11.2444,1517,2547.55
20325,0.2059,2.6971,10.0257,1547,2547.77
20330,0.2358,3.5889,10.4327,1519,2547.77
20335,-2.2386,0.6357,10.5141,1513,2547.77
20340,-1.2845,-0.7422,12.129,1530,2547.77
20345,-0.8523,1.6496,10.6315,1523,2547.77
20350,0.5531,3.3315,10.1478,1524,2547.34
20355,-1.2175,2.8922,10.4004,1517,2547.34
20360,-1.166,-0.2059,11.2875,1515,2547.34
20365,-1.64,-0.4609,11.9171,1515,2547.34
20370,-0.2358,2.1596,10.2424,1557,2546.8
20375,0.741,3.8259,10.1933,1523,2546.8
20380,-3.0155,2.2039,10.2508,1523,2546.8
20385,-1.1612,-0.6488,11.8417,1519,2546.8
20390,-1.737,0.3926,11.5401,1523,2546.8
20395,0.1173,2.5199,10.0712,1529,2546.36
20400,0.5806,3.814,10.3262,1519,2546.36
20405,-2.8862,1.142,10.2364,1515,2546.36
20410,-1.2402,-0.7063,12.1159,1517,2546.36
20415,-1.2115,1.2737,10.9547,1533,2546.36
20420,0.4022,3.0957,10.143,1532,2546.58
20425,-0.3663,3.2597,10.3609,1518,2546.58
20430,-1.5179,0.1089,10.8625,1517,2546.58
20435,-1.47,-0.7314,12.0249,1519,2546.58
20440,-0.4405,1.9178,10.3226,1559,2547.12
20445,0.65,3.6009,10.1514,1517,2547.12
20450,-2.3128,2.5786,10.3406,1519,2547.12
20455,-1.1432,-0.4752,11.6765,1515,2547.12
20460,-1.7777,-0.103,11.7041,1515,2547.12
20465,-0.0287,2.2793,10.1885,1559,2547.45
20470,0.6333,3.8415,10.2843,1519,2547.45
20475,-3.2717,1.6807,10.2017,1527,2547.45
20480,-1.1971,-0.6201,12.0548,1517,2547.45
20485,-1.506,0.9529,11.2551,1517,2547.45
20490,0.2861,2.7988,10.064,1547,2547.77
20495,0.17,3.5446,10.3956,1523,2547.77
20500,-2.1464,0.5148,10.5453,1517,2547.77
20505,-1.3982,-0.7302,12.0728,1524,2547.77
20510,-0.7877,1.7358,10.6015,1542,2548.1
20515,0.5926,3.462,10.1394,1517,2548.1
20520,-1.3312,2.8347,10.3513,1515,2548.1
20525,-1.1157,-0.2586,11.3497,1517,2548.1
20530,-1.6759,-0.4429,11.892,1518,2548.1
20535,-0.1748,2.1129,10.24,1555,2548.31
20540,0.7254,3.8702,10.1969,1526,2548.31
20545,-3.1472,2.1177,10.2999,1525,2548.31
20550,-1.1037,-0.6273,11.9375,1511,2548.31
20555,-1.719,0.4633,11.4682,1519,2548.31
20560,0.0886,2.5462,10.0724,1530,2548.42
20565,0.4681,3.7445,10.398,1525,2548.42
20570,-2.7318,1.0139,10.2759,1513,2548.42
20575,-1.3192,-0.6931,12.074,1525,2548.42
20580,-1.1396,1.4425,10.8577,1518,2548.42
20585,0.4322,3.1184,10.0952,1545,2548.2
20590,-0.5938,3.1005,10.4734,1524,2548.2
20595,-1.391,-0.0551,10.987,1513,2548.2
20600,-1.5227,-0.571,12.0512,1523,2548.2
20605,-0.3531,1.9884,10.3334,1558,2548.1
20610,0.7458,3.7086,10.2077,1516,2548.1
20615,-2.5391,2.3834,10.2639,1523,2548.1
20620,-1.1205,-0.571,11.8262,1516,2548.1
20625,-1.7861,0.0587,11.6909,1517,2548.1
20630,0.0383,2.4074,10.1706,1558,2548.74
20635,0.6488,3.869,10.2831,1528,2548.74
20640,-3.1687,1.5359,10.252,1522,2548.74
20645,-1.2043,-0.7673,11.9866,1523,2548.74
20650,-1.4114,1.0451,11.0971,1527,2548.74
20655,0.3196,2.8778,10.0748,1531,2548.53
20660,0.0084,3.5039,10.489,1524,2548.53
20665,-1.889,0.3519,10.647,1523,2548.53
20670,-1.3623,-0.7398,12.1075,1517,2548.53
20675,-0.6596,1.7693,10.4974,1561,2548.42
20680,0.5638,3.5063,10.143,1527,2548.42
20685,-1.7825,2.7641,10.2975,1516,2548.42
20690,-1.1492,-0.3364,11.5125,1519,2548.42
20695,-1.6939,-0.3508,11.8537,1527,2548.42
20700,-0.0814,2.2039,10.1813,1559,2548.31
20705,0.6788,3.8211,10.2173,1533,2548.31
20710,-3.2513,1.9309,10.2831,1527,2548.31
20715,-1.2007,-0.6536,12.0201,1513,2548.31
20720,-1.634,0.644,11.406,1523,2548.31
20725,0.2658,2.6588,10.1071,1544,2548.1
20730,0.4202,3.7062,10.3717,1517,2548.1
20735,-2.5091,0.832,10.3944,1516,2548.1
20740,-1.2821,-0.747,12.0764,1528,2548.1
20745,-0.9816,1.5634,10.7751,1515,2548.1
20750,0.5088,3.2549,10.0616,1533,2547.66
20755,-0.7949,3.067,10.3777,1528,2547.66
20760,-1.2725,-0.1532,10.987,1516,2547.66
20765,-1.6185,-0.5878,11.9698,1527,2547.66
20770,-0.3196,2.053,10.2508,1559,2547.99
20775,0.747,3.7757,10.2544,1519,2547.99
20780,-2.8108,2.2661,10.2735,1527,2547.99
20785,-1.0594,-0.5926,11.8238,1523,3838.77
20790,-1.7741,0.1425,11.5879,1516,3838.77
20795,0.0335,2.4553,10.0987,1543,7575.76
20800,0.5698,3.8283,10.3394,1530,7575.76
20805,-3.14,1.3886,10.319,1518,7575.76
20810,-1.2474,-0.6656,12.1434,1527,7575.76
20815,-1.3372,1.2474,11.0361,1531,7575.76
20820,0.3567,2.9401,10.0317,1531,2547.77
20825,-0.1472,3.3315,10.4315,1523,2547.77
20830,-1.6759,0.2239,10.6722,1518,2547.77
20835,-1.4305,-0.6273,12.0081,1519,2547.77
20840,-0.571,1.9118,10.4591,1546,2547.45
20845,0.6596,3.5829,10.1382,1528,2547.45
20850,-2.0135,2.6181,10.313,1515,2547.45
20855,-1.1097,-0.4669,11.582,1525,2547.45
20860,-1.7693,-0.1832,11.8309,1527,2547.45
20865,-0.0622,2.2865,10.143,1559,2547.01
20870,0.7075,3.881,10.2747,1531,2547.01
20875,-3.2382,1.7849,10.1658,1532,2547.01
20880,-1.2139,-0.6979,12.0608,1517,2547.01
20885,-1.5933,0.7817,11.2659,1517,2547.01
20890,0.1975,2.7677,10.1263,1542,2546.47
20895,0.3029,3.6476,10.3609,1519,2546.47
20900,-2.3248,0.7314,10.4567,1515,2546.47
20905,-1.3012,-0.7494,12.0392,1531,2546.47
20910,-0.9062,1.6209,10.7057,1513,2546.47
20915,0.5052,3.2908,10.0963,1542,2545.39
20920,-1.0953,3.0861,10.4794,1531,2545.39
20925,-1.2522,-0.1927,11.1618,1513,2545.39
20930,-1.5742,-0.5076,11.989,1515,2545.39
20935,-0.2658,2.0853,10.1694,1555,2545.28
20940,0.7302,3.8092,10.1873,1517,2545.28
20945,-2.9413,2.1967,10.2292,1529,2545.28
20950,-1.1899,-0.5567,11.9064,1523,2545.28
20955,-1.7466,0.31,11.5891,1517,2545.28
20960,0.1137,2.5139,10.1634,1559,2546.69
20965,0.5399,3.7864,10.2771,1529,2546.69
20970,-2.97,1.2546,10.313,1517,2546.69
20975,-1.2558,-0.6979,12.1099,1519,2546.69
20980,-1.2582,1.2905,10.9559,1543,2546.69
20985,0.407,2.9987,10.0425,1529,2546.47
20990,-0.2215,3.3076,10.4351,1519,2546.47
20995,-1.6233,0.1413,10.7955,1527,2546.47
21000,-1.4784,-0.7458,12.0452,1517,2546.47
21005,-0.5207,1.9321,10.4232,1568,2546.91
21010,0.68,3.5913,10.1574,1532,2546.91
21015,-2.1177,2.6157,10.3645,1513,2546.91
21020,-1.0319,-0.4286,11.5903,1525,2546.91
21025,-1.7059,-0.1784,11.7519,1529,2546.91
21030,-0.0982,2.2649,10.1646,1557,2547.23
21035,0.6692,3.9217,10.3238,1533,2547.23
21040,-3.3435,1.7358,10.1873,1541,2547.23
21045,-1.1708,-0.6105,12.1075,1517,2547.23
21050,-1.5407,0.8284,11.224,1517,2547.23
21055,0.2502,2.7114,10.0497,1547,2547.66
21060,0.2179,3.5506,10.3729,1518,2547.66
21065,-2.2613,0.6788,10.5129,1515,2547.66
21070,-1.318,-0.6704,12.0895,1531,2547.66
21075,-0.8835,1.7107,10.6781,1517,2547.66
21080,0.5914,3.31,10.0413,1531,2548.1
21085,-1.148,2.903,10.4531,1528,2548.1
21090,-1.1887,-0.2574,11.2468,1515,2548.1
21095,-1.6664,-0.425,11.9363,1527,2548.1
21100,-0.2143,2.156,10.1646,1554,2548.1
21105,0.7566,3.869,10.2388,1519,2548.1
21110,-3.0107,2.0973,10.167,1529,2548.1
21115,-1.1576,-0.6584,11.8944,1527,2548.1
21120,-1.7597,0.3759,11.4958,1517,2548.1
21125,0.1149,2.5702,10.1778,1543,2547.99
21130,0.504,3.8199,10.4028,1527,2547.99
21135,-2.8826,1.136,10.3058,1513,2547.99
21140,-1.2175,-0.7207,12.0787,1515,2547.99
21145,-1.2151,1.3276,10.8505,1533,2547.99
21150,0.413,3.0813,10.0844,1528,2548.31
21155,-0.4369,3.1867,10.416,1517,2548.31
21160,-1.5119,0.0814,10.9319,1519,2548.31
21165,-1.5036,-0.65,12.0189,1519,2548.31
21170,-0.3735,1.962,10.3872,1561,2548.1
21175,0.6093,3.6236,10.1011,1526,2548.1
21180,-2.4421,2.5379,10.3872,1517,2548.1
21185,-1.1516,-0.5375,11.6861,1526,2548.1
21190,-1.7561,0.0036,11.7352,1515,2548.1
21195,0.0168,2.3523,10.0712,1557,2548.53
21200,0.7027,3.8774,10.3334,1532,2548.53
21205,-3.2441,1.5874,10.2292,1529,2548.53
21210,-1.2318,-0.656,12.1206,1517,2548.53
21215,-1.4664,0.9948,11.1151,1517,2548.53
21220,0.3519,2.8802,10.1227,1551,2548.74
21225,0.1233,3.4512,10.3106,1520,2548.74
21230,-1.9944,0.4393,10.6303,1516,2548.74
21235,-1.4006,-0.7829,12.0919,1527,2548.74
21240,-0.7099,1.8196,10.5908,2205,2548.53
21245,0.6021,3.4512,10.1382,1523,2548.53
21250,-1.5407,2.812,10.4148,1515,2548.53
21255,-1.1109,-0.2993,11.3377,1515,2548.53
21260,-1.7238,-0.3663,11.8932,1523,2548.53
21265,-0.1927,2.138,10.1849,1545,2550.48
21270,0.6931,3.8678,10.2592,1525,2550.48
21275,-3.2501,1.9812,10.2867,1528,2550.48
21280,-1.1444,-0.565,11.9854,1516,2550.48
21285,-1.658,0.6057,11.3677,1523,2550.48
21290,0.1389,2.6109,10.1047,1529,2550.37
21295,0.3699,3.7002,10.4088,1512,2550.37
21300,-2.624,0.8835,10.392,1517,2550.37
21305,-1.324,-0.656,12.0967,1523,2550.37
21310,-1.0056,1.5107,10.799,1519,2550.37
21315,0.5423,3.2238,10.1083,1545,2550.48
21320,-0.7578,3.0418,10.4196,1523,2550.48
21325,-1.3408,-0.1185,11.0708,1514,2550.48
21330,-1.6412,-0.5351,11.9722,1523,2550.48
21335,-0.3184,2.0794,10.3322,1566,2550.26
21340,0.7518,3.6751,10.1323,1516,2550.26
21345,-2.6839,2.3367,10.3118,1524,2550.26
21350,-1.1313,-0.6249,11.8214,1519,2550.26
21355,-1.7514,0.1568,11.5939,1513,2550.26
21360,0.0431,2.4229,10.0844,1556,2549.83
21365,0.5997,3.881,10.319,1527,2549.83
21370,-3.0718,1.3539,10.2208,1517,2549.83
21375,-1.2139,-0.674,12.1123,1525,2549.83
21380,-1.3096,1.1899,10.9834,1527,2549.83
21385,0.3412,2.9928,10.1299,1528,2550.26
21390,-0.2322,3.3698,10.3789,1523,2550.26
21395,-1.7071,0.2598,10.7583,1523,2550.26
21400,-1.4653,-0.6728,11.9985,1519,2550.26
21405,-0.516,1.8866,10.4698,1547,2550.04
21410,0.6297,3.5051,10.167,1525,2550.04
21415,-2.0734,2.6205,10.3561,1516,2550.04
21420,-1.1133,-0.4417,11.6059,1519,2550.04
21425,-1.7442,-0.1604,11.8166,1529,2550.04
21430,-0.0563,2.2841,10.1263,1549,2549.94
21435,0.7446,3.8499,10.1718,1531,2549.94
21440,-3.2561,1.7597,10.2496,1530,2549.94
21445,-1.2115,-0.7266,12.05,1515,2549.94
21450,-1.5287,0.8428,11.2899,1519,2549.94
21455,0.2825,2.7773,10.0664,1545,2549.83
21460,0.2969,3.5889,10.3872,1517,2549.83
21465,-2.2158,0.5914,10.4854,1517,2549.83
21470,-1.3551,-0.7901,12.0931,1530,2549.83
21475,-0.8679,1.6508,10.6219,1515,2549.83
21480,0.5926,3.3818,10.1754,1532,2549.94
21485,-1.2127,2.9078,10.3777,1527,2549.94
21490,-1.1241,-0.1999,11.2767,1515,2549.94
21495,-1.6723,-0.5207,11.9028,1527,2549.94
21500,-0.2406,2.1153,10.2747,1555,2550.15
21505,0.68,3.7996,10.228,1512,2550.15
21510,-3.0957,2.1201,10.3166,1531,2550.15
21515,-1.154,-0.589,11.8788,1527,2550.15
21520,-1.7071,0.419,11.5089,1518,2550.15
21525,0.0862,2.5163,10.0808,1545,2550.59
21530,0.4441,3.79,10.3238,1528,2550.59
21535,-2.8431,1.0846,10.2831,1515,2550.59
21540,-1.2761,-0.6381,12.1302,1513,2550.59
21545,-1.1504,1.4509,10.8266,1528,2550.59
21550,0.4908,3.1149,10.0664,1527,2550.8
21555,-0.4681,3.14,10.3501,1518,2550.8
21560,-1.4617,-0.0072,10.9044,1525,2550.8
21565,-1.5526,-0.6536,11.9423,1518,2550.8
21570,-0.4693,1.998,10.3621,1563,2551.02
21575,0.753,3.7326,10.2388,1520,2551.02
21580,-2.4744,2.4074,10.2987,1533,2551.02
21585,-1.1193,-0.5902,11.7304,1523,2551.02
21590,-1.8268,0.0,11.6382,1515,2551.02
21595,0.012,2.3547,10.1215,1558,2551.13
21600,0.6728,3.9025,10.2711,1523,2551.13
21605,-3.2046,1.5909,10.2484,1523,2551.13
21610,-1.2438,-0.6704,12.0847,1518,2551.13
21615,-1.4401,1.0726,11.1151,1517,2551.13
21620,0.2885,2.8431,10.0616,1547,2551.35
21625,-0.0108,3.5147,10.4543,1525,2551.35
21630,-1.901,0.3627,10.6686,1516,2551.35
21635,-1.397,-0.6895,12.1039,1519,2551.35
21640,-0.589,1.7813,10.4818,1543,2551.35
21645,0.5926,3.4836,10.1526,1515,2551.35
21650,-1.8196,2.7509,10.2915,1516,2551.35
21655,-1.1576,-0.3998,11.5113,1516,2551.35
21660,-1.7214,-0.2705,11.8286,1523,2551.35
21665,-0.0383,2.2517,10.2376,1561,2550.91
21670,0.7326,3.8403,10.2783,1547,2550.91
21675,-3.2549,1.8747,10.2867,1523,2550.91
21680,-1.1648,-0.7099,12.0165,1515,2550.91
21685,-1.6089,0.735,11.3246,1519,2550.91
21690,0.2502,2.6863,10.0892,1542,2550.7
21695,0.3891,3.626,10.3382,1517,2550.7
21700,-2.4505,0.7446,10.4244,1517,2550.7
21705,-1.3683,-0.7757,12.123,1527,2550.7
21710,-0.8918,1.6185,10.7548,1516,2550.7
21715,0.5291,3.3112,10.1047,1533,2550.15
21720,-0.9529,3.055,10.3837,1501,2550.15
21725,-1.2546,-0.182,11.1127,1517,2550.15
21730,-1.5945,-0.5447,11.9626,1523,2550.15
21735,-0.2861,2.059,10.2376,1530,2550.37
21740,0.6488,3.8319,10.2855,1515,2550.37
21745,-2.9628,2.2865,10.3046,1526,2550.37
21750,-1.1001,-0.565,11.9243,1523,2550.37
21755,-1.719,0.249,11.4515,1519,2550.37
21760,0.097,2.4828,10.1167,1563,2550.91
21765,0.5279,3.8487,10.3082,1529,2550.91
21770,-3.0227,1.2438,10.3585,1518,2550.91
21775,-1.2785,-0.7075,12.0907,1525,2550.91
21780,-1.2366,1.3635,11.0073,1533,2550.91
21785,0.4717,3.0167,10.0832,1528,2550.48
21790,-0.2191,3.2753,10.4567,1523,2550.48
21795,-1.5431,0.0634,10.8362,1527,2550.48
21800,-1.5443,-0.6871,12.0883,1519,2550.48
21805,-0.4717,1.9393,10.3657,1543,2550.7
21810,0.7458,3.6919,10.1718,1525,2550.7
21815,-2.2601,2.5869,10.2939,1516,2550.7
21820,-1.069,-0.5112,11.7053,1522,2550.7
21831,-1.7765,-0.1257,11.655,1533,2550.8
21835,0.7111,3.9133,10.2963,1529,2550.8
21840,-3.2417,1.6448,10.2256,1531,2550.8
21845,-1.1851,-0.7027,12.0297,1515,2550.8
21850,-1.4796,0.9194,11.1534,1515,2550.8
21855,0.255,2.7701,10.0712,1547,2550.48
21860,0.1041,3.565,10.4112,1515,2550.48
21865,-2.0171,0.516,10.5644,1519,2550.48
21870,-1.3659,-0.7195,12.0333,1528,2550.48
21875,-0.7338,1.7729,10.5692,1523,2550.48
21880,0.595,3.3998,10.1263,1527,2549.83
21885,-1.5179,2.8383,10.4291,1514,2549.83
21890,-1.1983,-0.3555,11.3389,1513,2549.83
21895,-1.6831,-0.3053,11.8788,1517,2549.83
21900,-0.1161,2.1656,10.1825,1541,2549.29
21905,0.7578,3.8295,10.1909,1519,2549.29
21910,-3.1831,2.0123,10.1861,1518,2549.29
21915,-1.1732,-0.6428,12.044,1515,2549.29
21920,-1.6316,0.5291,11.4084,1519,2549.29
21925,0.2095,2.636,10.0975,1527,2549.07
21930,0.4202,3.7409,10.3501,1516,2549.07
21935,-2.6348,0.9349,10.3573,1515,2549.07
21940,-1.306,-0.7949,12.0464,1516,2549.07
21945,-1.0726,1.4724,10.8433,1531,2549.07
21950,0.492,3.1975,10.1131,1532,2549.07
21955,-0.6788,3.1807,10.4507,1519,2549.07
21960,-1.3408,-0.1161,11.0397,1515,2549.07
21965,-1.6053,-0.6273,12.0165,1520,2549.07
21970,-0.3053,2.0159,10.2903,1532,2549.61
21975,0.7027,3.7397,10.1682,1517,2549.61
21980,-2.6971,2.4361,10.2807,1519,2549.61
21985,-1.1145,-0.5195,11.8345,1515,2549.61
21990,-1.737,0.1389,11.7017,1517,2549.61
21995,0.0419,2.3643,10.0724,1557,2549.72
22000,0.589,3.8188,10.3034,1523,2549.72
22005,-3.1819,1.4138,10.2651,1518,2549.72
22010,-1.2605,-0.6524,12.0895,1523,2549.72
22015,-1.3144,1.1756,11.0097,1527,2549.72
22020,0.4214,2.9509,10.0437,1531,2549.61
22025,-0.0443,3.3974,10.331,1524,2549.61
22030,-1.7861,0.2741,10.7571,1527,2549.61
22035,-1.4904,-0.7111,12.0273,1519,2549.61
22040,-0.6117,1.8998,10.477,1565,2549.72
22045,0.6716,3.5626,10.1287,1519,2549.72
22050,-1.8459,2.6767,10.3681,1513,2549.72
22055,-1.1157,-0.4729,11.467,1519,2549.72
22060,-1.749,-0.2023,11.8178,1523,2549.72
22065,-0.097,2.2482,10.1478,1555,2549.07
22070,0.7183,3.9588,10.2819,1525,2549.07
22075,-3.3172,1.8004,10.2029,1529,2549.07
22080,-1.1073,-0.7135,12.068,1515,2549.07
22085,-1.5909,0.6871,11.2396,1523,2549.07
22090,0.182,2.6983,10.0724,1541,2547.12
22095,0.2933,3.6452,10.3717,1517,2547.12
22100,-2.3978,0.8092,10.4555,1516,2547.12
22105,-1.2905,-0.6967,12.0764,1525,2547.12
22110,-0.9541,1.6652,10.7332,1515,2547.12
22115,0.5028,3.286,10.1083,1531,2545.82
22120,-1.0439,2.9688,10.4423,1525,2545.82
22125,-1.2701,-0.2346,11.1498,1515,2545.82
22130,-1.573,-0.5004,11.9183,1525,2545.82
22135,-0.2191,2.1045,10.2675,1562,2544.96
22140,0.7494,3.808,10.246,1517,2544.96
22145,-2.9257,2.2577,10.2592,1527,2544.96
22150,-1.1516,-0.6369,11.9076,1518,2544.96
22155,-1.7166,0.255,11.6191,1517,2544.96
22160,0.1113,2.4576,10.1035,1560,2544.21
22165,0.6057,3.8403,10.3022,1527,2544.21
22170,-3.0634,1.2725,10.2029,1519,2544.21
22175,-1.2139,-0.735,12.1554,1523,2544.21
22180,-1.3144,1.2306,10.9798,1528,2544.21
22185,0.3651,3.0466,10.1059,1533,2543.88
22190,-0.2119,3.3351,10.4064,1527,2543.88
22195,-1.6688,0.2538,10.7859,1523,2543.88
22200,-1.4449,-0.759,12.0368,1518,2543.88
22205,-0.5662,1.8603,10.4471,1558,2543.99
22210,0.5758,3.5494,10.1526,1517,2543.99
22215,-2.0411,2.745,10.3908,1516,2543.99
22220,-1.0953,-0.4357,11.5688,1519,2543.99
22225,-1.7358,-0.2263,11.8274,1519,2543.99
22230,-0.0742,2.223,10.1107,1555,2543.99
22235,0.6692,3.869,10.2903,1516,2543.99
22240,-3.3447,1.8352,10.2328,1529,2543.99
22245,-1.1911,-0.6201,12.0895,1515,2543.99
22250,-1.5814,0.7661,11.3485,1523,2543.99
22255,0.2334,2.733,10.0688,1530,2543.77
22260,0.3352,3.6476,10.3789,1517,2543.77
22265,-2.4157,0.7254,10.4208,1511,2543.77
22270,-1.3396,-0.6764,12.0883,1523,2543.77
22275,-0.9493,1.6388,10.7164,1522,2543.77
22280,0.5387,3.2729,10.0999,1533,2543.67
22285,-0.893,2.982,10.4028,1525,2543.67
22290,-1.2139,-0.1592,11.1378,1513,2543.67
22295,-1.6197,-0.5782,11.9554,1522,2543.67
22300,-0.3364,2.1284,10.2532,1559,2543.88
22305,0.7482,3.7804,10.1646,1514,2543.88
22310,-2.8635,2.2613,10.3011,1523,2543.88
22315,-1.0738,-0.5878,11.7855,1513,2543.88
22320,-1.7669,0.2191,11.6418,1517,2543.88
22325,0.0371,2.4134,10.0916,1555,2543.99
22330,0.5902,3.887,10.3561,1523,2543.99
22335,-3.0849,1.3252,10.246,1518,2543.99
22340,-1.1779,-0.6081,12.1685,1519,2543.99
22345,-1.3048,1.1768,10.9906,1519,2543.99
22350,0.3699,2.9544,10.1119,1547,2544.1
22355,-0.2227,3.3411,10.4088,1526,2544.1
22360,-1.7226,0.2562,10.7799,1517,2544.1
22365,-1.4269,-0.6548,12.0033,1519,2544.1
22370,-0.6021,1.8866,10.483,1533,2544.53
22375,0.6369,3.5291,10.0748,1529,2544.53
22380,-1.9656,2.6564,10.404,1517,2544.53
22385,-1.1301,-0.4549,11.5221,1513,2544.53
22390,-1.6939,-0.2035,11.8214,1519,2544.53
22395,-0.0658,2.2517,10.1622,1556,2544.85
22400,0.7314,3.9097,10.2807,1530,2544.85
22405,-3.2777,1.8196,10.1801,1519,2544.85
22410,-1.1887,-0.6931,11.9926,1517,2544.85
22415,-1.634,0.7207,11.3425,1525,2544.85
22420,0.2179,2.6911,10.1203,1531,2545.18
22425,0.3208,3.6823,10.3908,1515,2545.18
22430,-2.4385,0.753,10.3813,1514,2545.18
22435,-1.2797,-0.723,12.0967,1518,2545.18
22440,-0.9457,1.5969,10.6626,1529,2545.18
22445,0.5016,3.2932,10.0999,1531,2545.18
22450,-0.9649,3.0215,10.3118,1519,2545.18
22455,-1.251,-0.1221,11.1354,1515,2545.18
22460,-1.5682,-0.5986,11.9818,1517,2545.18
22465,-0.2658,2.0913,10.3178,1549,2545.39
22470,0.6309,3.7517,10.2005,1517,2545.39
22475,-2.7952,2.314,10.3657,1519,2545.39
22480,-1.1133,-0.5914,11.8226,1515,2545.39
22485,-1.7466,0.1867,11.5867,1514,2545.39
22490,0.0838,2.3739,10.0856,1561,2545.61
22495,0.5507,3.8116,10.4435,1523,2545.61
22500,-3.1208,1.2977,10.2795,1517,2545.61
22505,-1.233,-0.6428,12.1374,1523,2545.61
22510,-1.3527,1.1851,10.981,1525,2545.61
22515,0.3962,2.9688,10.0796,1544,2545.93
22520,-0.1065,3.3495,10.3382,1523,2545.93
22525,-1.6855,0.2514,10.732,1517,2545.93
22530,-1.4521,-0.6644,12.0213,1519,2545.93
22535,-0.5782,1.9118,10.5165,1543,2546.36
22540,0.6967,3.5853,10.1778,1517,2546.36
22545,-1.9345,2.6444,10.3274,1515,2546.36
22550,-1.0379,-0.4693,11.4946,1516,2546.36
22555,-1.7573,-0.2167,11.7424,1519,2546.36
22560,-0.1041,2.2206,10.1323,1557,2545.93
22565,0.7207,3.899,10.2783,1523,2545.93
22570,-3.3279,1.8866,10.2663,1513,2545.93
22575,-1.1253,-0.6464,12.0764,1513,2545.93
22580,-1.6017,0.7123,11.2899,1522,2545.93
22585,0.1413,2.6683,10.0078,1531,2545.18
22590,0.3148,3.6488,10.4675,1517,2545.18
22595,-2.4277,0.7458,10.3872,1513,2545.18
22600,-1.2653,-0.644,12.0943,1515,2545.18
22605,-0.9361,1.555,10.7188,1525,2545.18
22610,0.5052,3.3315,10.1837,1531,2544.64
22615,-1.0487,2.9688,10.386,1519,2544.64
22620,-1.2091,-0.2131,11.157,1515,2544.64
22625,-1.6388,-0.4848,11.9471,1516,2544.64
22630,-0.2167,2.1201,10.3142,1541,2544.31
22635,0.7554,3.7673,10.1778,1517,2544.31
22640,-2.9317,2.2829,10.3022,1519,2544.31
22645,-1.1145,-0.6369,11.8381,1514,2544.31
22650,-1.7406,0.2502,11.5784,1517,2544.31
22655,0.0874,2.4481,10.0832,1555,2544.42
22660,0.6261,3.8307,10.3238,1523,2544.42
22665,-3.0538,1.2965,10.228,1514,2544.42
22670,-1.2617,-0.7207,12.1422,1519,2544.42
22675,-1.3791,1.2163,10.9894,1517,2544.42
22680,0.3508,3.0227,10.1263,1545,2544.53
22685,-0.2239,3.3734,10.4435,1525,2544.53
22690,-1.6915,0.2179,10.7224,1513,2544.53
22695,-1.3922,-0.6776,12.038,1523,2544.53
22700,-0.5483,1.8878,10.4256,1543,2544.96
22705,0.6297,3.5446,10.2041,1517,2544.96
22710,-2.0339,2.6588,10.3238,1515,2544.96
22715,-1.0965,-0.3819,11.5329,1515,2544.96
22720,-1.7286,-0.2729,11.8597,1518,2544.96
22725,-0.0467,2.2625,10.1526,1559,2545.5
22730,0.668,3.8415,10.2412,1523,2545.5
22735,-3.2872,1.7921,10.2436,1523,2545.5
22740,-1.1708,-0.5878,12.0129,1515,2545.5
22745,-1.5646,0.7757,11.3437,1523,2545.5
22750,0.2215,2.6779,10.0197,1530,2545.72
22755,0.3519,3.6895,10.416,1517,2545.72
22760,-2.3882,0.6895,10.4363,1514,2545.72
22765,-1.2773,-0.7099,12.1446,1519,2545.72
22770,-0.9194,1.6041,10.6135,1529,2545.72
22775,0.565,3.3459,10.149,1529,2546.15
22780,-0.9936,2.9784,10.3896,1514,2546.15
22785,-1.1947,-0.1568,11.2013,1513,2546.15
22790,-1.6316,-0.5602,11.9351,1523,2546.15
22795,-0.3304,2.0602,10.2735,1541,2545.82
22800,0.7745,3.7505,10.1945,1519,2545.82
22805,-2.9353,2.2685,10.2939,1523,2545.82
22810,-1.0678,-0.5997,11.8321,1515,2545.82
22815,-1.7693,0.2789,11.5424,1515,2545.82
22820,0.0323,2.4229,10.0724,1561,2546.15
22825,0.5794,3.8714,10.3585,1525,2546.15
22830,-3.061,1.2953,10.2927,1519,2546.15
22835,-1.2007,-0.6776,12.1147,1519,2546.15
22840,-1.2989,1.2234,10.9116,1515,2546.15
22845,0.3496,2.982,10.0592,1549,2545.82
22850,-0.2191,3.2896,10.4746,1525,2545.82
22855,-1.5933,0.1712,10.7428,1517,2545.82
22860,-1.482,-0.6021,12.0225,1519,2545.82
22865,-0.5614,1.9249,10.3896,1545,2545.82
22870,0.68,3.614,10.2017,1516,2545.82
22875,-2.1117,2.5798,10.3202,1514,2545.82
22880,-1.1109,-0.5219,11.5855,1515,2545.82
22885,-1.7585,-0.1748,11.8046,1523,2545.82
22890,-0.0311,2.296,10.1957,1555,2545.82
22895,0.741,3.8475,10.252,1525,2545.82
22900,-3.2753,1.8052,10.2185,1519,2545.82
22905,-1.2007,-0.6728,12.0057,1515,2545.82
22910,-1.5622,0.7925,11.3653,1523,2545.82
22915,0.2622,2.721,10.082,1528,2545.61
22920,0.3184,3.6332,10.4004,1519,2545.61
22925,-2.32,0.6524,10.4591,1512,2545.61
22930,-1.2713,-0.6967,12.0764,1517,2545.61
22935,-0.8799,1.6436,10.6602,1523,2545.61
22940,0.4788,3.3136,10.1394,1533,2545.18
22945,-1.1432,3.0167,10.4028,1523,2545.18
22950,-1.2222,-0.2155,11.1845,1513,2545.18
22955,-1.585,-0.5207,11.9207,1519,2545.18
22960,-0.2693,2.0877,10.2472,1543,2544.85
22965,0.6632,3.7673,10.2639,1511,2544.85
22970,-2.9532,2.2553,10.2496,1523,2544.85
22975,-1.1157,-0.583,11.9339,1513,2544.85
22980,-1.7346,0.3184,11.5341,1517,2544.85
22985,0.1329,2.4912,10.0987,1560,2545.07
22990,0.5483,3.7984,10.2999,1523,2545.07
22995,-3.0586,1.1803,10.2855,1519,2545.07
23000,-1.233,-0.7075,12.1482,1523,2545.07
23005,-1.2605,1.2737,11.0504,1519,2545.07
23010,0.3879,2.9628,10.0928,1547,2545.18
23015,-0.2071,3.316,10.4016,1525,2545.18
23020,-1.6484,0.1365,10.6925,1515,2545.18
23025,-1.4796,-0.7003,12.1183,1517,2545.18
23030,-0.5662,1.9178,10.3549,1543,2545.61
23035,0.7003,3.6344,10.2687,1519,2545.61
23040,-2.1249,2.6013,10.3286,1519,2545.61
23045,-1.0391,-0.4561,11.6107,1517,2545.61
23050,-1.7561,-0.2035,11.7412,1517,2545.61
23055,-0.0395,2.2218,10.155,1559,2545.39
23060,0.6895,3.8774,10.2783,1523,2545.39
23065,-3.3315,1.8292,10.2711,1517,2545.39
23070,-1.1301,-0.6452,11.983,1517,2545.39
23075,-1.5682,0.8344,11.2899,1519,2545.39
23080,0.1844,2.6971,10.0461,1529,2545.07
23085,0.2849,3.6081,10.3848,1516,2545.07
23090,-2.3032,0.6369,10.4531,1515,2545.07
23095,-1.3276,-0.662,12.1003,1517,2545.07
23100,-0.8703,1.6867,10.6614,1529,2545.07
23105,0.5519,3.3208,10.1502,1544,2544.96
23110,-1.1648,2.9676,10.3848,1518,2544.96
23115,-1.1911,-0.2346,11.2216,1514,2544.96
23120,-1.5993,-0.4705,11.9531,1518,2544.96
23125,-0.2274,2.077,10.2256,1532,2544.75
23130,0.7626,3.8235,10.1873,1515,2544.75
23135,-2.9772,2.1967,10.2568,1519,2544.75
23140,-1.1157,-0.6021,11.8728,1515,2544.75
23145,-1.7669,0.2562,11.5472,1517,2544.75
23150,0.1233,2.49,10.1191,1562,2544.85
23155,0.5674,3.8092,10.3477,1517,2544.85
23160,-2.9305,1.2773,10.2915,1523,2544.85
23165,-1.2294,-0.7099,12.0979,1517,2544.85
23170,-1.2713,1.2462,10.969,1517,2544.85
23175,0.3687,3.0095,10.1083,1547,2544.85
23180,-0.2825,3.371,10.4196,1525,2544.85
23185,-1.2294,-0.6165,-0.6165,1513,2544.85
23190,-1.397,-0.6644,12.074,1525,2544.85
23195,-0.5195,1.8687,10.3358,1533,2545.07
23200,0.6225,3.5686,10.1849,1516,2545.07
23205,-2.1727,2.6025,10.2711,1515,2545.07
23210,-1.0953,-0.4393,11.6334,1513,2545.07
23215,-1.7478,-0.1293,11.7603,1516,2545.07
23220,-0.0323,2.2697,10.1813,1551,2545.39
23225,0.6536,3.8762,10.2663,1523,2545.39
23230,-3.3076,1.7837,10.2161,1517,2545.39
23235,-1.1648,-0.656,12.0716,1517,2545.39
23240,-1.5969,0.8464,11.2887,1525,2545.39
23245,0.2753,2.6983,10.0724,1528,2545.72
23250,0.2801,3.5686,10.4064,1519,2545.72
23255,-2.3104,0.6333,10.4567,1515,2545.72
23260,-1.3707,-0.7386,12.0991,1517,2545.72
23265,-0.9361,1.6975,10.7164,1531,2545.72
23270,0.5674,3.3459,10.1071,1545,2545.82
23275,-1.0582,2.9736,10.3968,1519,2545.82
23280,-1.1863,-0.2442,11.2132,1513,2545.82
23285,-1.646,-0.5459,12.0021,1525,2545.82
23290,-0.2538,2.0518,10.2352,1549,2545.39
23295,0.6907,3.8523,10.2627,1497,2545.39
23300,-3.055,2.1943,10.2388,1524,2545.39
23305,-1.0822,-0.5387,11.9387,1515,2545.39
23310,-1.7274,0.3089,11.4946,1519,2545.39
23315,0.0766,2.4397,10.0652,1557,2545.28
23320,0.5423,3.8295,10.3166,1519,2545.28
23325,-3.0143,1.2785,10.3286,1517,2545.28
23330,-1.2354,-0.6835,12.0261,1523,2545.28
23335,-1.2641,1.3443,10.9858,1517,2545.28
23340,0.395,2.9796,10.0832,1545,2545.28
23345,-0.3651,3.2525,10.3669,1519,2545.28
23350,-1.5622,0.103,10.7631,1515,2545.28
23355,-1.4832,-0.5962,12.0237,1516,2545.28
23360,-0.51,1.9261,10.3657,1543,2545.18
23365,0.7075,3.6344,10.2113,1516,2545.18
23370,-2.1931,2.5223,10.3274,1517,2545.18
23375,-1.0882,-0.5171,11.6765,1513,2545.18
23380,-1.7382,-0.1796,11.7603,1517,2545.18
23385,-0.0215,2.2972,10.1323,1557,2544.96
23390,0.7314,3.9121,10.2867,1523,2544.96
23395,-3.2765,1.7897,10.2352,1515,2544.96
23400,-1.1648,-0.6871,12.0668,1517,2544.96
23405,-1.5502,0.7937,11.2635,1515,2544.96
23410,0.2586,2.7461,10.1059,1530,2544.96
23415,0.2251,3.6212,10.4279,1523,2544.96
23420,-2.2134,0.6381,10.4339,1515,2544.96
23425,-1.2869,-0.6847,12.0632,1515,2544.96
23430,-0.8523,1.6616,10.6458,1529,2544.96
23435,0.4717,3.3267,10.1359,1541,2545.18
23440,-1.2306,2.9844,10.422,1522,2545.18
23445,-1.2354,-0.2346,11.2276,1512,2545.18
23450,-1.5874,-0.4776,11.9447,1519,2545.18
23455,-0.2203,2.0303,10.1658,1559,2545.5
23460,0.7254,3.8176,10.2101,1517,2545.5
23465,-3.0083,2.1715,10.2149,1519,2545.5
23470,-1.1504,-0.5746,11.9542,1517,2545.5
23475,-1.6879,0.346,11.5077,1516,2545.5
23480,0.1221,2.5319,10.0856,1561,2545.72
23485,0.5124,3.7529,10.3094,1523,2545.72
23490,-2.9509,1.1791,10.2903,1518,2545.72
23495,-1.2594,-0.7362,12.0668,1519,2545.72
23500,-1.2426,1.3743,10.9607,1525,2545.72
23505,0.4429,3.0777,10.0916,1543,2546.04
23510,-0.3065,3.3232,10.4279,1527,2546.04
23515,-1.549,0.091,10.7643,1517,2546.04
23520,-1.5107,-0.6943,11.995,1523,2546.04
23525,-0.5734,1.9776,10.3681,1544,2546.04
23530,0.6907,3.6691,10.1897,1515,2546.04
23535,-2.2446,2.5546,10.3106,1515,2546.04
23540,-1.0762,-0.4573,11.6071,1517,2546.04
23545,-1.7585,-0.091,11.7759,1515,2546.04
23550,-0.0742,2.2865,10.1215,1555,2546.26
23555,0.6273,3.869,10.3262,1524,2546.26
23560,-3.3806,1.7262,10.2005,1513,2546.26
23565,-1.1432,-0.6333,12.0883,1515,2546.26
23570,-1.5131,0.8392,11.1546,1523,2546.26
23575,0.2478,2.7354,10.1562,1527,2545.93
23580,0.1963,3.5303,10.4279,1519,2545.93
23585,-2.1955,0.6249,10.5668,1515,2545.93
23590,-1.3372,-0.6524,12.0261,1519,2545.93
23595,-0.8152,1.7274,10.6458,1528,2545.93
23600,0.595,3.3243,10.0616,1541,2545.72
23605,-1.2366,2.8886,10.4399,1519,2545.72
23610,-1.1983,-0.3352,11.2108,1515,2545.72
23615,-1.6771,-0.4369,11.9435,1519,2545.72
23620,-0.2167,2.1201,10.2185,1533,2545.72
23625,0.7661,3.869,10.2927,1513,2545.72
23630,-3.0646,2.0997,10.2208,1517,2545.72
23635,-1.1325,-0.6105,11.9303,1513,2545.72
23640,-1.7573,0.395,11.5053,1517,2545.72
23645,0.0766,2.5331,10.1502,1556,2545.5
23650,0.5327,3.7936,10.3717,1519,2545.5
23655,-2.8671,1.1648,10.3298,1515,2545.5
23660,-1.1935,-0.7075,12.0811,1523,2545.5
23665,-1.2091,1.3431,10.9212,1519,2545.5
23670,0.4046,3.037,10.0485,1549,2545.18
23675,-0.4669,3.3124,10.4208,1526,2545.18
23680,-1.5622,0.1245,10.8996,1515,2545.18
23685,-1.4772,-0.6321,12.0416,1524,2545.18
23690,-0.4717,1.9417,10.3789,1543,2545.28
23695,0.589,3.6129,10.1993,1517,2545.28
23700,-2.2948,2.5678,10.2747,1517,2545.28
23705,-1.1444,-0.4537,11.6741,1513,2545.28
23710,-1.719,-0.0455,11.7998,1516,2545.28
23715,0.0096,2.3188,10.1598,1561,2545.5
23720,0.6716,3.8774,10.3358,1525,2545.5
23725,-3.2693,1.6305,10.222,1518,2545.5
23730,-1.1684,-0.6788,12.1027,1515,2545.5
23735,-1.5658,0.8942,11.2288,1519,2545.5
23740,0.316,2.7928,10.0676,1529,2545.61
23745,0.2215,3.5458,10.331,1515,2545.61
23750,-2.138,0.5674,10.5429,1513,2545.61
23755,-1.3683,-0.7302,12.1159,1517,2545.61
23760,-0.8487,1.7478,10.6243,1528,2545.61
23765,0.5794,3.3866,10.0999,1532,2545.61
23770,-1.2773,2.9281,10.3825,1519,2545.61
23775,-1.1121,-0.3148,11.2252,1515,2545.61
23780,-1.6759,-0.4681,11.9471,1519,2545.61
23785,-0.2179,2.0889,10.2388,1533,2545.5
23790,0.7446,3.863,10.2651,1515,2545.5
23795,-3.1591,2.1404,10.2807,1523,2545.5
23800,-1.1001,-0.565,11.9135,1515,2545.5
23805,-1.7454,0.3891,11.4515,1516,2545.5
23810,0.0874,2.4612,10.0856,1561,91463.41
23815,0.4573,3.7613,10.3908,1519,91463.41
23820,-2.8814,1.1133,10.307,1523,91463.41
23825,-1.2462,-0.6105,12.1494,1519,91463.41
23830,-1.1971,1.3647,10.8948,1519,91463.41
23835,0.4537,3.0873,10.0568,1545,2618.14
23840,-0.4597,3.1663,10.3681,1523,2618.14
23845,-1.4389,0.0646,10.9714,1519,2618.14
23850,-1.5502,-0.5962,12.0081,1517,2618.14
23855,-0.4357,1.9956,10.4016,1543,2545.39
23860,0.7434,3.6093,10.137,1518,2545.39
23865,-2.3535,2.5007,10.3441,1517,2545.39
23870,-1.1253,-0.6009,11.6717,1517,2545.39
23875,-1.7418,-0.0527,11.7591,1519,2545.39
23880,-0.0192,2.314,10.1574,1549,2545.61
23885,0.7242,3.9624,10.3489,1525,2545.61
23890,-3.2417,1.5754,10.1514,1519,2545.61
23895,-1.1732,-0.6644,12.0787,1517,2545.61
23900,-1.5502,0.8847,11.169,1519,2545.61
23905,0.2909,2.8359,10.1287,1529,2545.72
23910,0.1317,3.5757,10.4004,1523,2545.72
23915,-2.0806,0.6165,10.5656,1515,2545.72
23920,-1.3096,-0.7219,12.0716,1517,2545.72
23925,-0.8021,1.725,10.5836,1525,2545.72
23930,0.5435,3.3746,10.1335,1533,2545.72
23935,-1.4569,2.8934,10.4507,1523,2545.72
23940,-1.2163,-0.3244,11.3461,1513,2545.72
23945,-1.6257,-0.4058,11.9016,1519,2545.72
23950,-0.182,2.1272,10.1861,1531,2545.39
23955,0.7266,3.8487,10.1981,1519,2545.39
23960,-3.1508,2.1021,10.2029,1525,2545.39
23965,-1.1684,-0.6129,12.0392,1515,2545.39
23970,-1.6783,0.4836,11.4898,1515,2545.39
23975,0.1724,2.5474,10.0784,1560,2546.58
23980,0.5243,3.7409,10.3753,1525,2546.58
23985,-2.8096,1.0307,10.2759,1519,2546.58
23990,-1.1504,-0.6069,12.0045,1519,2546.58
23995,-1.172,1.4377,10.8769,1519,2546.58
24000,0.2825,2.7689,10.1347,1545,2546.26
24005,-0.4417,3.2106,10.3813,1523,2546.26
24010,-2.3727,0.7278,10.4615,1519,2546.26
24015,-1.324,-0.7757,12.1063,1519,2546.26
24020,-0.9182,1.6951,10.6805,1543,2546.26
24025,0.5722,3.3639,10.0365,1517,2546.26
24030,-1.0247,2.9425,10.4148,1517,2546.26
24035,-1.1947,-0.2442,11.1582,1515,2546.26
24040,-1.6568,-0.5315,11.9554,1519,2546.26
24045,-0.2705,2.0554,10.2472,1559,2545.93
24050,0.7171,3.7936,10.2999,1525,2545.93
24055,-2.97,2.2494,10.3106,1520,2545.93
24060,-1.0762,-0.5567,11.8381,1519,2545.93
24065,-1.7921,0.255,11.5101,1523,2545.93
24070,0.0012,2.4086,10.0449,1532,2546.04
24075,0.5423,3.8391,10.3621,1519,2546.04
24080,-3.0311,1.2917,10.2556,1515,2546.04
24085,-1.2151,-0.6273,12.0859,1523,2546.04
24090,-1.2594,1.2043,10.9487,1525,2546.04
24095,0.3903,2.9856,10.1299,1528,2545.93
24100,-0.3232,3.2453,10.3968,1523,2545.93
24105,-1.6017,0.1676,10.8182,1513,2545.93
24110,-1.4329,-0.662,12.0357,1527,2545.93
24115,-0.4824,1.9716,10.4315,1559,2545.72
24120,0.674,3.5733,10.1119,1516,2545.72
24125,-2.1691,2.6157,10.3681,1519,2545.72
24130,-1.1181,-0.5411,11.552,1517,2545.72
24135,-1.7621,-0.1281,11.8226,1517,2545.72
24140,-0.0395,2.2386,10.1083,1557,2545.5
24145,0.8104,3.9277,10.3034,1525,2545.5
24150,-3.2441,1.725,10.143,1519,2545.5
24155,-1.1672,-0.656,12.0979,1523,2545.5
24160,-1.5766,0.7913,11.2791,1523,2545.5
24165,0.2466,2.7473,10.137,1545,2545.82
24170,0.2394,3.5769,10.3465,1517,2545.82
24175,-2.2613,0.6871,10.4686,1517,2545.82
24180,-1.2857,-0.735,12.0632,1515,2545.82
24185,-0.8918,1.6496,10.671,1547,2545.61
24190,0.5052,3.3232,10.1119,1517,2545.61
24195,-1.2258,2.9939,10.4076,1517,2545.61
24200,-1.2582,-0.2155,11.1618,1509,2545.61
24205,-1.6017,-0.4872,11.9423,1519,2545.61
24210,-0.2251,2.0626,10.2304,1555,2546.36
24215,0.68,3.796,10.1957,1527,2546.36
24220,-3.0406,2.211,10.2879,1522,2546.36
24225,-1.1672,-0.5962,11.9267,1515,2546.36
24230,-1.6927,0.3352,11.5257,1517,2546.36
24235,0.1293,2.4529,10.064,1513,2546.15
24240,0.5315,3.8032,10.3118,1517,2546.15
24245,-2.9556,1.1349,10.2352,1513,2546.15
24250,-1.2761,-0.6656,12.1338,1525,2546.15
24255,-1.2546,1.3563,10.9032,1517,2546.15
24260,0.4633,3.1328,10.1299,1544,2546.26
24265,-0.2825,3.2262,10.3585,1523,2546.26
24270,-1.549,0.091,10.8086,1515,2546.26
24275,-1.5335,-0.741,11.9782,1519,2546.26
24280,-0.5004,2.0111,10.4004,1548,2546.58
24285,0.7135,3.6164,10.1694,1515,2546.58
24290,-2.2075,2.6013,10.3825,1524,2546.58
24295,-1.0463,-0.4836,11.5927,1517,2546.58
24300,-1.7909,-0.1341,11.746,1515,2546.58
24305,-0.1065,2.235,10.0724,1532,2546.58
24310,0.6668,3.9444,10.2891,1527,2546.58
24315,-3.2992,1.749,10.2161,1517,2546.58
24320,-1.1744,-0.5962,12.1075,1525,2546.58
24325,-1.5119,0.8559,11.2192,1523,2546.58
24330,0.1987,2.709,10.0784,1529,2546.58
24335,0.1616,3.5362,10.4172,1525,2546.58
24340,-2.156,0.5878,10.495,1519,2546.58
24345,-1.3204,-0.668,12.062,1518,2546.58
24350,-0.7949,1.6735,10.5584,1563,2546.58
24355,0.5866,3.3483,10.1287,1519,2546.58
24360,-1.3431,2.8371,10.3801,1519,2546.58
24365,-1.1552,-0.2418,11.2827,1516,2546.58
24370,-1.6412,-0.401,11.9064,1523,2546.58
24375,-0.164,2.1775,10.2568,1557,2546.69
24380,0.7901,3.8188,10.2005,1525,2546.69
24385,-3.0406,2.1452,10.2759,1525,2546.69
24390,-1.166,-0.6404,11.8788,1513,2546.69
24395,-1.7286,0.4202,11.5293,1523,2546.69
24400,0.1173,2.4912,10.064,1531,2546.69
24405,0.5303,3.8235,10.4088,1517,2546.69
24410,-2.8659,1.0762,10.2412,1515,2546.69
24415,-1.1875,-0.735,12.1218,1527,2546.69
24420,-1.1971,1.3168,10.8026,1515,2546.69
24425,0.3879,3.1532,10.1993,1532,2546.8
24430,-0.51,3.2214,10.3848,1525,2546.8
24435,-1.4808,0.0455,10.8876,1514,2546.8
24440,-1.4509,-0.6931,11.9722,1518,2546.8
24445,-0.431,1.9824,10.4028,1562,2547.12
24450,0.6249,3.6248,10.1682,1515,2547.12
24455,-2.4205,2.5857,10.343,1527,2547.12
24460,-1.0965,-0.5136,11.6717,1523,2547.12
24465,-1.7238,-0.0287,11.7232,1518,2547.12
24470,0.0958,2.2996,10.0497,1545,2547.01
24475,0.6608,3.8451,10.2999,1529,2547.01
24480,-3.2848,1.585,10.222,1519,2547.01
24485,-1.2139,-0.6117,12.1458,1523,2547.01
24490,-1.4521,0.9768,11.1869,1527,2547.01
24495,0.2969,2.8371,10.0449,1529,2547.34
24500,0.1353,3.5015,10.3837,1525,2547.34
24505,-2.0818,0.4561,10.5704,1520,2547.34
24510,-1.3886,-0.753,12.0728,1519,2547.34
24515,-0.747,1.7154,10.5812,1563,2546.91
24520,0.6237,3.4417,10.1873,1525,2546.91
24525,-1.4688,2.794,10.3741,1512,2546.91
24530,-1.0989,-0.3148,11.3246,1522,2546.91
24535,-1.7095,-0.4752,11.88,1525,2546.91
24540,-0.1808,2.138,10.173,1557,2546.91
24545,0.7123,3.8355,10.3418,1531,2546.91
24550,-3.1795,2.0961,10.2711,1529,2546.91
24555,-1.1372,-0.583,11.9112,1515,2546.91
24560,-1.7131,0.48,11.4371,1523,2546.91
24565,0.1185,2.5091,10.0556,1545,2547.12
24570,0.4238,3.7338,10.4555,1518,2547.12
24575,-2.7521,0.9924,10.3777,1514,2547.12
24580,-1.2689,-0.6428,12.1566,1527,2547.12
24585,-1.0942,1.4772,10.7823,1515,2547.12
24590,0.4525,3.1496,10.0808,1541,2547.12
24595,-0.6692,3.1316,10.4651,1528,2547.12
24600,-1.3934,-0.0419,10.9882,1517,2547.12
24605,-1.5119,-0.5926,12.0057,1523,2547.12
24610,-0.3795,2.0758,10.3453,1530,2547.12
24615,0.7673,3.7409,10.1801,1517,2547.12
24620,-2.5941,2.3571,10.2316,1527,2547.12
24625,-1.075,-0.6153,11.7208,1523,2547.12
24630,-1.7729,0.0575,11.6382,1515,2547.12
24635,0.0072,2.3691,10.0928,1557,2547.12
24640,0.7171,3.8607,10.3058,1529,2547.12
24645,-3.1795,1.4964,10.2268,1515,2547.12
24650,-1.2653,-0.7003,12.0895,1525,2547.12
24655,-1.4473,1.0678,11.1259,1532,2547.12
24660,0.3029,2.885,10.094,1529,2547.12
24665,-0.0048,3.5075,10.4471,1523,2547.12
24670,-1.901,0.3926,10.5908,1524,2547.12
24675,-1.3467,-0.6596,12.0907,1516,2547.12
24680,-0.6931,1.749,10.4734,1554,2547.45
24685,0.5818,3.5171,10.1825,1526,2547.45
24690,-1.7957,2.794,10.3884,1517,2547.45
24695,-1.142,-0.3555,11.4922,1533,2547.45
24700,-1.6879,-0.3412,11.8417,1525,2547.45
24705,-0.1113,2.1703,10.1945,1556,2547.55
24710,0.65,3.8176,10.252,1529,2547.55
24715,-3.219,1.9824,10.2879,1549,2547.55
24720,-1.2151,-0.6225,11.9638,1515,2547.55
24725,-1.6951,0.6967,11.4467,1519,2547.55
24730,0.261,2.6612,10.0652,1547,2547.77
24735,0.4274,3.6775,10.392,1517,2547.77
24740,-2.5977,0.7937,10.3142,1516,2547.77
24745,-1.3144,-0.729,12.1183,1529,2547.77
24750,-1.0139,1.5179,10.7153,1517,2547.77
24755,0.5315,3.2274,10.1418,1527,2547.77
24760,-0.7997,3.1029,10.3848,1529,2547.77
24765,-1.3156,-0.1389,11.0995,1509,2547.77
24770,-1.5886,-0.6153,11.9722,1526,2547.77
24775,-0.2957,2.0375,10.2975,1560,2547.99
24780,0.7075,3.7828,10.2436,1518,2547.99
24785,-2.7629,2.3367,10.307,1531,2547.99
24790,-1.0642,-0.5495,11.7819,1525,2547.99
24795,-1.7561,0.1484,11.5808,1513,2547.99
24800,0.0359,2.3906,10.1227,1545,2548.2
24805,0.571,3.8211,10.3717,1531,2548.2
24810,-3.1101,1.397,10.2915,1515,2548.2
24815,-1.1863,-0.6333,-2.4624,1519,2548.2
24820,-1.3623,1.1911,10.9894,1531,2548.2
24825,0.3759,2.9149,10.0137,1529,2548.74
24830,-0.1736,3.304,10.4782,1519,2548.74
24835,-1.7238,0.2442,10.7548,1525,2548.74
24840,-1.4401,-0.6452,12.056,1528,2548.74
24845,-0.5411,1.8998,10.4315,1547,2548.53
24850,0.723,3.5901,10.1287,1524,2548.53
24855,-1.9824,2.6252,10.3633,1517,2548.53
24860,-1.0786,-0.4501,11.552,1528,2548.53
24865,-1.7597,-0.1951,11.8082,1524,2548.53
24870,-0.0754,2.2314,10.173,1557,2549.29
24875,0.741,3.8726,10.2903,1529,2549.29
24880,-3.2477,1.8375,10.2627,1531,2549.29
24885,-1.1779,-0.6728,12.0189,1517,2549.29
24890,-1.6269,0.7925,11.248,1515,2549.29
24895,0.2095,2.7234,10.137,1545,2549.39
24900,0.2478,3.6081,10.4531,1523,2549.39
24905,-2.308,0.6943,10.5046,1516,2549.39
24910,-1.2845,-0.7075,12.0129,1523,2549.39
24915,-0.8811,1.6316,10.6853,1547,2549.39
24920,0.5303,3.3243,10.1011,1527,2549.72
24925,-1.1887,2.982,10.4698,1517,2549.72
24930,-1.227,-0.2586,11.2228,1515,2549.72
24935,-1.6077,-0.4693,11.9722,1515,2549.72
24940,-0.1939,2.0782,10.2232,1557,2549.72
24945,0.7254,3.808,10.2304,1519,2549.72
24950,-3.061,2.2051,10.2532,1515,2549.72
24955,-1.1803,-0.589,11.9507,1514,2549.72
24960,-1.7358,0.3208,11.4922,1518,2549.72
24965,0.1568,2.5438,10.0856,1529,2549.61
24970,0.4537,3.7625,10.2891,1517,2549.61
24975,-2.8778,1.1696,10.3286,1515,2549.61
24980,-1.2785,-0.7697,12.0811,1515,2549.61
24985,-1.2186,1.3958,10.9319,1527,2549.61
24990,0.4357,3.0933,10.0724,1545,2549.39
24995,-0.4298,3.286,10.41,1519,2549.39
25000,-1.4533,0.0443,10.8146,1513,2549.39
25005,-1.5359,-0.6776,12.0285,1519,2549.39
25010,-0.4453,1.9405,10.3513,1557,2549.07
25015,0.674,3.6691,10.2316,1517,2549.07
25020,-2.4361,2.5367,10.2627,1523,2549.07
25025,-1.0846,-0.4573,11.6813,1519,2549.07
25030,-1.7765,-0.0946,11.6586,1515,2549.07
25035,0.0036,2.2781,10.1203,1559,2548.85
25040,0.6716,3.8487,10.3178,1525,2548.85
25045,-3.2561,1.6305,10.2663,1517,2548.85
25050,-1.1768,-0.5938,12.0967,1522,2548.85
25055,-1.4724,0.9996,11.1558,1527,2548.85
25060,0.2705,2.812,10.0365,1532,2548.74
25065,0.0491,3.4716,10.4363,1527,2548.74
25070,-1.9525,0.4274,10.6662,1517,2548.74
25075,-1.3922,-0.65,12.0656,1516,2548.74
25080,-0.7709,1.804,10.5848,1553,2548.85
25085,0.6416,3.4644,10.2065,1519,2548.85
25090,-1.585,2.8036,10.4208,1515,2548.85
25095,-1.0977,-0.4094,11.3545,1519,2548.85
25100,-1.7597,-0.3711,11.8716,1523,2548.85
25105,-0.152,2.138,10.1574,1557,2548.42
25110,0.8009,3.8678,10.2496,1527,2548.42
25115,-3.2417,1.9716,10.2029,1529,2548.42
25120,-1.2091,-0.6584,12.0333,1513,2548.42
25125,-1.6927,0.5171,11.4586,1527,2548.42
25130,0.1688,2.5833,10.1143,1546,2548.53
25135,0.4238,3.6883,10.3274,1517,2548.53
25140,-2.6001,0.9613,10.3453,1516,2548.53
25145,-1.2953,-0.7123,12.0333,1527,2548.53
25150,-1.0654,1.4653,10.8146,1513,2548.53
25155,0.4776,3.1807,10.1394,1532,2548.42
25160,-0.7733,3.1603,10.4639,1547,2548.42
25165,-1.3336,-0.1065,11.0061,1513,2548.42
25170,-1.5526,-0.583,11.9806,1523,2548.42
25175,-0.3172,2.0674,10.2675,1531,2548.42
25180,0.6788,3.7326,10.2137,1516,2548.42
25185,-2.7378,2.3918,10.325,1528,2548.42
25190,-1.1468,-0.5842,11.7986,1517,2548.42
25195,-1.7394,0.1245,11.7029,1515,2548.42
25200,0.1305,2.4098,10.0592,1559,2548.1
25205,0.6249,3.8702,10.3549,1529,2548.1
25210,-3.1412,1.4569,10.1754,1517,2548.1
25215,-1.2366,-0.6752,12.1218,1523,2548.1
25220,-1.3755,1.1492,11.0504,1529,2548.1
25225,0.3627,2.9712,10.1502,1523,2547.88
25230,-0.103,3.4237,10.3848,1524,2547.88
25235,-1.7825,0.3352,10.6889,1523,2547.88
25240,-1.4365,-0.7638,11.965,1519,2547.88
25245,-0.589,1.9034,10.5034,1561,2547.55
25250,0.6273,3.5183,10.1514,1525,2547.55
25255,-1.9106,2.7473,10.4351,1519,2547.55
25260,-1.0618,-0.4202,11.4622,1523,2547.55
25265,-1.7107,-0.2801,11.8597,1531,2547.55
25270,-0.0611,2.1847,10.1107,1557,2547.55
25275,0.7039,3.8918,10.3406,1529,2547.55
25280,-3.3088,1.8783,10.2137,1533,2547.55
25285,-1.1049,-0.6357,12.0428,1515,2547.55
25290,-1.6125,0.7063,11.3162,1523,2547.55
25295,0.2107,2.66,10.1191,1555,2547.12
25300,0.3077,3.6452,10.3537,1516,2547.12
25305,-2.4098,0.7865,10.4734,1517,2547.12
25310,-1.3503,-0.7123,12.1661,1525,2547.12
25315,-0.978,1.6197,10.7356,1517,2547.12
25320,0.5567,3.3028,10.0401,1533,2546.8
25325,-0.9218,3.0011,10.422,1529,2546.8
25330,-1.2007,-0.1939,11.1318,1515,2546.8
25335,-1.6089,-0.5243,11.9626,1525,2546.8
25340,-0.2813,2.1153,10.3406,1543,2546.8
25345,0.7518,3.8116,10.2639,1513,2546.8
25350,-2.9353,2.2505,10.2807,1529,2546.8
25355,-1.1133,-0.65,11.8621,1525,2546.8
25360,-1.7645,0.2179,11.5448,1515,2546.8
25365,0.085,2.4026,10.0521,1562,2546.8
25370,0.5926,3.8666,10.404,1530,2546.8
25375,-3.0358,1.3575,10.2388,1517,2546.8
25380,-1.2163,-0.6823,12.1171,1523,2546.8
25385,-1.3264,1.1552,11.0049,1531,2546.8
25390,0.3567,2.9832,10.1179,1531,2546.91
25395,-0.255,3.2872,10.41,1525,2546.91
25400,-1.6448,0.2167,10.7907,1525,2546.91
25405,-1.4365,-0.6321,11.9854,1517,2546.91
25410,-0.5231,1.9166,10.4603,1566,2547.12
25415,0.6452,3.5674,10.1155,1525,2547.12
25420,-2.0853,2.6504,10.3166,1517,2547.12
25425,-1.1588,-0.4944,11.5604,1525,2547.12
25430,-1.7418,-0.1975,11.801,1531,2547.12
25435,-0.0144,2.2218,10.1622,1561,2547.23
25440,0.7446,3.8798,10.2855,1531,2547.23
25445,-3.2872,1.7633,10.2532,1541,2547.23
25450,-1.2246,-0.6752,12.0548,1518,2547.23
25455,-1.6089,0.8009,11.2683,1517,2547.23
25460,0.2789,2.7617,10.0652,1544,2547.55
25465,0.3089,3.6308,10.4184,1517,2547.55
25470,-2.3212,0.6357,10.4339,1516,2547.55
25475,-1.3252,-0.7781,12.0776,1533,2547.55
25480,-0.9026,1.6652,10.6674,1517,2547.55
25485,0.5387,3.3794,10.1981,1531,2547.77
25490,-1.1624,2.9939,10.3501,1525,2547.77
25495,-1.1588,-0.2346,11.1761,1515,2547.77
25500,-1.6328,-0.5303,11.9028,1523,2547.77
25505,-0.2011,2.1093,10.2376,1559,2548.1
25510,0.6812,3.7649,10.2508,1519,2548.1
25515,-3.0742,2.2122,10.319,1531,2548.1
25520,-1.1121,-0.595,11.904,1526,2548.1
25525,-1.7154,0.3687,11.5053,1519,2548.1
25530,0.1089,2.4301,10.0341,1544,2548.31
25535,0.559,3.7541,10.3968,1527,2548.31
25540,-2.9377,1.1779,10.2544,1513,2548.31
25545,-1.2582,-0.6644,12.1625,1517,2548.31
25550,-1.1552,1.3611,10.9044,1541,2548.31
25555,0.4633,3.1125,10.137,1532,2548.1
25560,-0.3915,3.1831,10.4112,1517,2548.1
25565,-1.4365,0.0587,10.8673,1530,2548.1
25570,-1.5467,-0.6871,11.9698,1515,2548.1
25575,-0.4561,1.9992,10.4375,1565,2547.99
25580,0.7254,3.6895,10.1885,1519,2547.99
25585,-2.3655,2.5295,10.3621,1516,2547.99
25590,-1.0906,-0.5363,11.7005,1524,2547.99
25595,-1.7633,-0.0982,11.7687,1523,2547.99
25600,-0.0431,2.2829,10.0975,1558,2547.77
25605,0.7183,3.8894,10.2903,1529,2547.77
25610,-3.2657,1.7059,10.2448,1529,2547.77
25615,-1.1887,-0.6656,12.0991,1517,2547.77
25620,-1.5191,0.9206,11.1462,1517,2547.77
25625,0.2717,2.7785,10.1047,1549,2547.55
25630,0.1006,3.5602,10.4483,1524,2547.55
25635,-2.0865,0.5363,10.5321,1515,2547.55
25640,-1.3396,-0.674,12.0416,1525,2547.55
25645,-0.7937,1.7035,10.5872,1518,2547.55
25650,0.6237,3.3914,10.1706,1526,2547.45
25655,-1.5311,2.8144,10.3777,1515,2547.45
25660,-1.1301,-0.3089,11.3832,1515,2547.45
25665,-1.6795,-0.3843,11.8645,1517,2547.45
25670,-0.1173,2.1931,10.1897,1559,2547.55
25675,0.735,3.8176,10.1706,1519,2547.55
25680,-3.1556,2.0291,10.2376,1515,2547.55
25685,-1.1636,-0.6835,11.9363,1517,2547.55
25690,-1.6831,0.492,11.4622,1522,2547.55
25695,0.1927,2.5606,10.0568,1527,2547.77
25700,0.486,3.7769,10.3549,1517,2547.77
25705,-2.733,1.002,10.2939,1513,2547.77
25710,-1.2558,-0.7602,12.1398,1516,2547.77
25715,-1.1468,1.3779,10.7847,1527,2547.77
25720,0.4764,3.1651,10.0904,1532,2548.1
25725,-0.65,3.2214,10.4339,1517,2548.1
25730,-1.397,0.0168,10.9846,1511,2548.1
25735,-1.5407,-0.6907,12.0117,1523,2548.1
25740,-0.3603,2.0004,10.331,1541,2548.31
25745,0.6512,3.6859,10.2304,1517,2548.31
25750,-2.6516,2.4385,10.2843,1519,2548.31
25755,-1.0642,-0.486,11.7579,1515,2548.31
25760,-1.804,0.018,11.6681,1517,2548.31
25765,0.0682,2.3571,10.0844,1561,2548.42
25770,0.6321,3.79,10.252,1519,2548.42
25775,-3.2453,1.5431,10.2615,1524,2548.42
25780,-1.2163,-0.6632,12.1218,1523,2548.42
25785,-1.4186,1.1528,11.1235,1515,2548.42
25790,0.3136,2.8335,10.064,1545,2548.1
25795,0.0144,3.395,10.4686,1524,2548.1
25800,-1.8483,0.3508,10.5788,1518,2548.1
25805,-1.4341,-0.6692,12.1123,1517,2548.1
25810,-0.6716,1.8304,10.4926,1563,2548.31
25815,0.7075,3.5135,10.1837,1518,2548.31
25820,-1.7705,2.7031,10.3501,1516,2548.31
25825,-1.0175,-0.3723,11.4646,1518,2548.31
25830,-1.7514,-0.3579,11.8381,1524,2548.31
25835,-0.0766,2.2003,10.2125,1553,2547.88
25840,0.7901,3.8331,10.2975,1528,2547.88
25845,-3.286,1.968,10.3022,1527,2547.88
25850,-1.1432,-0.6416,11.9734,1515,2547.88
25855,-1.6688,0.6309,11.4275,1519,2547.88
25860,0.1652,2.6145,10.0676,1541,2547.55
25865,0.3663,3.6739,10.3585,1517,2547.55
25870,-2.551,0.8835,10.3729,1512,2547.55
25875,-1.2665,-0.6309,12.0931,1526,2547.55
25880,-1.0307,1.5359,10.7847,1519,2547.55
25885,0.4836,3.1807,10.1323,1531,2547.12
25890,-0.9254,3.0538,10.3956,1525,2547.12
25895,-1.3168,-0.1329,11.0756,1514,2547.12
25900,-1.5754,-0.5028,11.989,1517,2547.12
25905,-0.2957,2.065,10.2747,1563,2547.23
25910,0.7673,3.7816,10.2388,1516,2547.23
25915,-2.8168,2.3068,10.2795,1525,2547.23
25920,-1.1253,-0.5878,11.8537,1519,2547.23
25925,-1.8028,0.1628,11.5927,1517,2547.23
25930,0.1137,2.4505,10.1251,1553,2547.34
25935,0.65,3.8403,10.2663,1527,2547.34
25940,-3.0694,1.3719,10.2268,1517,2547.34
25945,-1.2462,-0.7338,12.0955,1519,2547.34
25950,-1.3791,1.2079,11.0852,1524,2547.34
25955,0.3627,2.9401,10.0245,1530,2547.77
25960,-0.1532,3.4117,10.4244,1525,2547.77
25965,-1.7083,0.2239,10.6602,1525,2547.77
25970,-1.4126,-0.7242,12.0285,1517,2547.77
25975,-0.5854,1.8232,10.4267,1563,2548.2
25980,0.6117,3.5805,10.2173,1517,2548.2
25985,-2.0566,2.7066,10.3477,1517,2548.2
25990,-1.0606,-0.3831,11.5712,1523,2548.2
25995,-1.7466,-0.255,11.7663,1526,2548.2
26000,-0.0551,2.2087,10.1311,1556,2548.31
26005,0.6776,3.8654,10.2843,1530,2548.31
26010,-3.316,1.8304,10.2604,1529,2548.31
26015,-1.1732,-0.5794,12.0117,1513,2548.31
26020,-1.6017,0.8045,11.3533,1523,2548.31
26025,0.2682,2.7306,10.1023,1547,2548.42
26030,0.322,3.5386,10.3729,1518,2548.42
26035,-2.3631,0.6357,10.4974,1517,2548.42
26040,-1.3862,-0.759,12.0955,1529,2548.42
26045,-0.9026,1.6496,10.6865,1519,2548.42
26050,0.6285,3.3567,10.1203,1531,2549.07
26055,-1.0953,2.958,10.4399,1528,2549.07
26060,-1.1672,-0.2741,11.1498,1512,2549.07
26065,-1.6185,-0.5219,11.9638,1523,2549.07
26070,-0.267,2.0746,10.1873,1553,2549.29
26075,0.7398,3.8523,10.2615,1511,2549.29
26080,-3.0526,2.1823,10.2879,1529,2549.29
26085,-1.0403,-0.6105,11.9147,1525,2549.29
26090,-1.7154,0.2969,11.4598,1515,2549.29
26095,0.0634,2.4816,10.1167,1571,2549.07
26100,0.5016,3.8559,10.3525,1528,2549.07
26105,-2.9305,1.2306,10.3118,1512,2549.07
26110,-1.2582,-0.6812,12.0464,1523,2549.07
26115,-1.2402,1.3276,10.9702,1529,2549.07
26120,0.4154,3.0095,10.0628,1527,2548.64
26125,-0.4178,3.2549,10.4387,1523,2548.64
26130,-1.5275,0.091,10.8541,1525,2548.64
26135,-1.4425,-0.5507,12.0404,1513,2548.64
26140,-0.431,1.9405,10.3501,1560,2548.74
26145,0.7362,3.6524,10.1969,1529,2548.74
26150,-2.3715,2.49,10.2819,1528,2548.74
26155,-1.148,-0.5387,11.7005,1527,2548.74
26160,-1.7801,-0.0898,11.7819,1531,2548.74
26165,0.0335,2.3008,10.1251,1559,2548.85
26170,0.7207,3.8834,10.2891,1531,2548.85
26175,-3.2753,1.6436,10.1873,1541,2548.85
26180,-1.1803,-0.7063,12.0823,1517,2548.85
26185,-1.5036,0.9206,11.1282,1515,2548.85
26190,0.3316,2.7916,10.1394,1547,2548.96
26195,0.1425,3.5686,10.3837,1519,2548.96
26200,-2.0303,0.5004,10.5955,1517,2548.96
26205,-1.3659,-0.7314,12.0081,1531,2548.96
26210,-0.7398,1.7166,10.5967,1517,2548.96
26215,0.5734,3.3878,10.1299,1527,2548.85
26220,-1.5526,2.9078,10.3848,1519,2548.85
26225,-1.1253,-0.2993,11.2994,1512,2548.85
26230,-1.6592,-0.4178,11.9423,1523,2548.85
26235,-0.1209,2.1284,10.155,1556,2548.85
26240,0.6835,3.8271,10.2687,1517,2548.85
26245,-3.2322,2.0291,10.2915,1529,2548.85
26250,-1.1432,-0.5746,12.0201,1518,2548.85
26255,-1.6975,0.5267,11.3892,1519,2548.85
26260,0.2179,2.5738,10.0592,1531,2548.85
26265,0.4489,3.6943,10.3346,1523,2548.85
26270,-2.7162,0.9397,10.3597,1509,2548.85
26275,-1.3024,-0.7219,12.0823,1515,2548.85
26280,-1.093,1.5203,10.8601,1533,2548.85
26285,0.5315,3.1831,10.0724,1532,2548.85
26290,-0.6404,3.1005,10.3741,1522,2548.85
26295,-1.3491,-0.1281,10.9235,1512,2548.85
26300,-1.5921,-0.5997,12.0021,1515,2548.85
26305,-0.395,2.0578,10.4064,1557,2548.74
26310,0.7278,3.7601,10.2639,1517,2548.74
26315,-2.6803,2.4062,10.3729,1524,2548.74
26320,-1.0511,-0.5363,11.7914,1517,2548.74
26325,-1.8016,0.0275,11.5736,1517,2548.74
26330,0.0012,2.3391,10.0628,1561,2548.64
26335,0.6476,3.9169,10.398,1518,2548.64
26340,-3.1951,1.5024,10.2831,1517,2548.64
26345,-1.166,-0.6381,12.0955,1519,2548.64
26350,-1.4126,1.0594,11.0887,1517,2548.64
26355,0.322,2.8563,10.0736,1547,2548.53
26360,-0.085,3.3375,10.3813,1524,2548.53
26365,-1.8076,0.3388,10.7188,1517,2548.53
26370,-1.4126,-0.656,11.995,1519,2548.53
26375,-0.6464,1.8675,10.5453,1545,2548.53
26380,0.674,3.5099,10.1394,1513,2548.53
26385,-1.8591,2.7222,10.3992,1515,2548.53
26390,-1.1013,-0.4717,11.473,1517,2548.53
26395,-1.7466,-0.2155,11.8286,1523,2548.53
26400,-0.0742,2.2146,10.1143,1548,2548.64
26405,0.7781,3.9097,10.2843,1527,2548.64
26410,-3.2621,1.8292,10.1813,1524,2548.64
26415,-1.1708,-0.6752,12.0967,1517,2548.64
26420,-1.6305,0.668,11.3593,1519,2548.64
26425,0.2358,2.7007,10.0963,1541,2548.85
26430,0.3747,3.6955,10.3286,1517,2548.85
26435,-2.411,0.8116,10.4267,1515,2548.85
26440,-1.2653,-0.7853,12.0919,1524,2548.85
26445,-0.9565,1.5467,10.7236,1516,2548.85
26450,0.5016,3.3076,10.1215,1543,2548.74
26455,-1.0235,3.0418,10.416,1527,2548.74
26460,-1.251,-0.1856,11.1486,1515,2548.74
26465,-1.5874,-0.5638,11.9207,1523,2548.74
26470,-0.2693,2.1009,10.2831,1561,2548.1
26475,0.6476,3.7541,10.2161,1517,2548.1
26480,-2.9544,2.2757,10.3094,1525,2548.1
26485,-1.1085,-0.5746,11.8645,1517,2548.1
26490,-1.7633,0.243,11.6334,1517,2548.1
26495,0.1233,2.4445,10.0772,1553,2548.31
26500,0.5758,3.7972,10.3453,1529,2548.31
26505,-3.0718,1.2342,10.2244,1517,2548.31
26510,-1.2749,-0.6967,12.153,1525,2548.31
26515,-1.2893,1.2845,10.9571,1527,2548.31
26520,0.4322,3.0538,10.0963,1528,2548.42
26525,-0.2394,3.2848,10.337,1524,2548.42
26530,-1.5969,0.1736,10.8553,1541,2548.42
26535,-1.5,-0.7338,11.9794,1518,2548.42
26540,-0.5363,1.9573,10.3944,1563,2548.64
26545,0.7039,3.6093,10.1502,1526,2548.64
26550,-2.1668,2.6181,10.386,1513,2548.64
26555,-1.0427,-0.5076,11.6059,1525,2548.64
26560,-1.7382,-0.1915,11.7771,1527,2548.64
26565,-0.0754,2.223,10.1442,1561,2548.85
26570,0.6644,3.9169,10.3298,1527,2548.85
26575,-3.3423,1.7226,10.2388,1531,2548.85
26580,-1.1444,-0.6201,12.0716,1515,2548.85
26585,-1.5502,0.832,11.23,1523,2548.85
26590,0.2119,2.7414,10.0916,1545,2548.64
26595,0.1389,3.6057,10.3896,1519,2548.64
26600,-2.1847,0.6321,10.5536,1517,2548.64
26605,-1.3096,-0.6644,12.1015,1531,2548.64
26610,-0.8511,1.6783,10.5764,1512,2548.64
26615,0.5902,3.3878,10.1586,1530,2548.31
26620,-1.3312,2.8527,10.3441,1532,2548.31
26625,-1.1349,-0.2705,11.3126,1515,2548.31
26630,-1.6496,-0.3891,11.9507,1519,2548.31
26635,-0.1784,2.1644,10.2639,1563,2547.77
26640,0.7494,3.8415,10.2436,1514,2547.77
26645,-3.0634,2.1536,10.2376,1529,2547.77
26650,-1.1181,-0.6919,11.9267,1527,2547.77
26655,-1.7166,0.4226,11.4455,1513,2547.77
26660,0.1903,2.5199,10.0928,1553,2547.34
26665,0.565,3.8211,10.386,1529,2547.34
26670,-2.8048,1.063,10.2891,1517,2547.34
26675,-1.2055,-0.729,12.1242,1525,2547.34
26680,-1.1839,1.324,10.8697,1532,2547.34
26685,0.4345,3.1089,10.1454,1527,2547.55
26690,-0.5495,3.2238,10.3298,1519,2547.55
26695,-1.4545,0.0682,10.8793,1523,2547.55
26700,-1.4868,-0.6488,11.959,1517,2547.55
26705,-0.407,2.0411,10.4339,1565,2548.1
26710,0.6321,3.6703,10.1993,1531,2548.1
26715,-2.5486,2.5091,10.3908,1516,2548.1
26720,-1.1253,-0.5519,11.74,1523,2548.1
26725,-1.7633,0.0144,11.6873,1529,2548.1
26730,0.0467,2.3451,10.0413,1556,2548.74
26735,0.6584,3.8654,10.3118,1528,2548.74
26740,-3.286,1.5957,10.2675,1532,2548.74
26745,-1.2067,-0.6632,12.1171,1519,2548.74
26750,-1.4964,1.002,11.1845,1517,2548.74
26755,0.3579,2.8527,10.0664,1545,2548.96
26760,0.1484,3.4991,10.3992,1515,2548.96
26765,-1.9704,0.4082,10.5441,1513,2548.96
26770,-1.4174,-0.7542,12.0967,1531,2548.96
26775,-0.735,1.81,10.495,1518,2548.96
26780,0.65,3.4979,10.1538,1528,2548.64
26785,-1.5874,2.7857,10.3262,1523,2548.64
26790,-1.0558,-0.322,11.3772,1512,2548.64
26795,-1.7011,-0.401,11.825,1520,2548.64
26800,-0.1365,2.1608,10.2448,1558,2548.53
26805,0.7015,3.8583,10.2412,1519,2548.53
26810,-3.2441,2.0135,10.3022,1531,2548.53
26815,-1.1121,-0.6333,11.9375,1523,2548.53
26820,-1.6448,0.5387,11.4108,1519,2548.53
26825,0.1592,2.5582,10.0245,1543,2548.31
26830,0.419,3.723,10.404,1523,2548.31
26835,-2.6228,0.9086,10.3597,1510,2548.31
26840,-1.2474,-0.656,12.1494,1517,2548.31
26845,-1.0654,1.4856,10.7895,1529,2548.31
26850,0.5255,3.1843,10.1634,1527,2548.53
26855,-0.8344,3.0358,10.3489,1517,2548.53
26860,-1.2426,-0.1305,11.048,1517,2548.53
26865,-1.5754,-0.5578,11.8884,1517,2548.53
26870,-0.3436,2.0698,10.2999,1548,2548.74
26875,0.753,3.7613,10.1514,1516,2548.74
26880,-2.788,2.2913,10.325,1519,2548.74
26885,-1.0989,-0.6261,11.8932,1515,2548.74
26890,-1.7849,0.1329,11.6514,1517,2548.74
26895,0.0419,2.3894,10.0999,1561,2548.74
26900,0.6728,3.9014,10.2532,1524,2548.74
26905,-3.0957,1.4353,10.2496,1527,2548.74
26910,-1.2139,-0.7015,12.0476,1519,2548.74
26915,-1.3575,1.1791,11.0265,1525,2548.74
26920,0.3603,2.9221,10.1095,1547,2548.85
26925,-0.1173,3.4572,10.4722,1525,2548.85
26930,-1.7035,0.1963,10.7105,1515,2548.85
26935,-1.4066,-0.6919,12.0608,1518,2548.85
26940,-0.583,1.8471,10.4291,1541,2549.18
26945,0.644,3.6129,10.1813,1517,2549.18
26950,-2.0363,2.6588,10.3681,1519,2549.18
26955,-1.0786,-0.3903,11.637,1517,2549.18
26960,-1.7059,-0.2298,11.8429,1516,2549.18
26965,-0.018,2.223,10.1526,1559,2549.61
26970,0.6273,3.8188,10.2017,1524,2549.61
26975,-3.3243,1.8364,10.2699,1525,2549.61
26980,-1.2127,-0.6883,12.038,1514,2549.61
26985,-1.5586,0.7578,11.3246,1523,2549.61
26990,0.3089,2.733,10.0856,1533,2549.61
26995,0.2945,3.6607,10.4244,1519,2549.61
27000,-2.3595,0.68,10.4172,1514,2549.61
27005,-1.3312,-0.7027,12.0476,1524,2549.61
27010,-0.9134,1.6652,10.6614,1515,2549.61
27015,0.5794,3.3136,10.1143,1541,2549.18
27020,-1.0714,2.9939,10.3549,1523,2549.18
27025,-1.1851,-0.2191,11.0935,1515,2549.18
27030,-1.6281,-0.5279,11.9255,1523,2549.18
27035,-0.2693,2.1009,10.1789,1563,2548.74
27040,0.6812,3.8403,10.3011,1517,2548.74
27045,-3.037,2.1823,10.2125,1523,2548.74
27050,-1.1073,-0.5818,11.9303,1517,2548.74
27055,-1.7442,0.2981,11.5017,1519,2548.74
27060,0.1209,2.4684,10.1658,1561,2548.74
27065,0.5207,3.8211,10.3441,1527,2548.74
27070,-2.9544,1.2462,10.3465,1518,2548.74
27075,-1.2677,-0.6632,12.1015,1527,2548.74
27080,-1.2091,1.3563,10.9164,1529,2548.74
27085,0.4429,3.0023,9.9886,1533,2548.42
27090,-0.34,3.2585,10.495,1525,2548.42
27095,-1.5347,0.0347,10.8769,1525,2548.42
27100,-1.4581,-0.6141,12.0345,1515,2548.42
27105,-0.4764,1.968,10.3813,1565,2548.74
27110,0.7362,3.6715,10.2364,1525,2548.74
27115,-2.4014,2.4995,10.3011,1515,2548.74
27120,-1.087,-0.5602,11.6981,1525,2548.74
27125,-1.8184,-0.103,11.6669,1525,2548.74
27130,0.0251,2.3224,10.1394,1560,2549.18
27135,0.7015,3.9193,10.3214,1527,2549.18
27140,-3.2573,1.6592,10.2675,1532,2549.18
27145,-1.1887,-0.7171,12.0572,1519,2549.18
27150,-1.5335,0.9373,11.1678,1524,2549.18
27155,0.2526,2.8168,10.0916,1549,2549.72
27160,0.1604,3.5542,10.4028,1519,2549.72
27165,-1.9752,0.5519,10.562,1517,2549.72
27170,-1.336,-0.668,12.1003,1531,2549.72
27175,-0.7506,1.737,10.6111,1519,2549.72
27180,0.5938,3.4405,10.1538,1529,2549.94
27185,-1.5586,2.891,10.422,1527,2549.94
27190,-1.1576,-0.3292,11.4156,1515,2549.94
27195,-1.6783,-0.3903,11.8836,1525,2549.94
27200,-0.103,2.1691,10.2484,1549,2550.48
27205,0.741,3.8463,10.3034,1516,2550.48
27210,-3.2358,2.0423,10.2113,1528,2550.48
27215,-1.166,-0.6428,12.0476,1523,2550.48
27220,-1.6951,0.5267,11.4251,1515,2550.48
27225,0.2274,2.6025,10.0748,1541,2550.26
27230,0.4262,3.7074,10.3082,1527,2550.26
27235,-2.5941,0.9278,10.3585,1519,2550.26
27240,-1.336,-0.7434,12.1003,1518,2550.26
27245,-1.0439,1.5311,10.8218,1527,2550.26
27250,0.4944,3.1951,10.1083,1529,2551.35
27255,-0.7374,3.1639,10.3932,1517,2551.35
27260,-1.3455,-0.1413,11.0169,1522,2551.35
27265,-1.6149,-0.6572,11.9495,1517,2551.35
27270,-0.334,2.0267,10.2472,1547,2550.91
27275,0.6668,3.7577,10.2029,1525,2550.91
27280,-2.7988,2.399,10.3238,1515,2550.91
27285,-1.0858,-0.5399,11.8752,1527,2550.91
27290,-1.7322,0.1413,11.5448,1514,2550.91
27295,0.0467,2.3882,10.0389,1555,2551.35
27300,0.5878,3.881,10.3011,1527,2551.35
27305,-3.1065,1.3958,10.2592,1528,2551.35
27310,-1.221,-0.6452,12.1554,1494,2551.35
27315,-1.3324,1.1875,11.0468,1517,2551.35
27320,0.4082,2.9939,10.0712,1549,2551.78
27325,-0.1604,3.3507,10.3968,1523,2551.78
27330,-1.6903,0.2334,10.7667,1515,2551.78
27335,-1.5071,-0.6835,12.0189,1519,2551.78
27340,-0.5602,1.968,10.5093,1533,2551.78
27345,0.7075,3.5745,10.1382,1515,2551.78
27350,-2.0674,2.6288,10.3884,1515,2551.78
27355,-1.1145,-0.4693,11.5676,1517,2551.78
27360,-1.7597,-0.1712,11.7567,1518,2551.78
27365,-0.0479,2.2098,10.0987,1557,2552.0
27370,0.7063,3.8822,10.2711,1523,2552.0
27375,-3.3303,1.7394,10.1634,1522,2552.0
27380,-1.142,-0.662,12.0967,1517,2552.0
27385,-1.5706,0.7973,11.1941,1528,2552.0
27390,0.2598,2.7713,10.1179,1543,2551.89
27395,0.1748,3.5662,10.3453,1515,2551.89
27400,-2.1368,0.6345,10.5249,1515,2551.89
27405,-1.3336,-0.7374,12.0261,1529,2551.89
27410,-0.7817,1.6783,10.6542,1517,2551.89
27415,0.5878,3.3459,10.1454,1530,2552.21
27420,-1.3755,2.9161,10.3968,1527,2552.21
27425,-1.1552,-0.3508,11.3042,1515,2552.21
27430,-1.64,-0.3926,11.886,1523,2552.21
27435,-0.1161,2.1751,10.1634,1533,2551.78
27440,0.7482,3.8199,10.246,1515,2551.78
27445,-3.1472,2.0961,10.2424,1524,2551.78
27450,-1.1768,-0.6488,12.0153,1523,2551.78
27455,-1.7023,0.4501,11.4395,1517,2551.78
27460,0.182,2.5965,10.0975,1563,2551.56
27465,0.4812,3.7637,10.3573,1528,2551.56
27470,-2.721,0.9972,10.3011,1519,2551.56
27475,-1.2689,-0.7494,12.0979,1519,2551.56
27480,-1.0618,1.4796,10.7967,1531,2551.56
27485,0.5351,3.2262,10.1526,1531,2551.45
27490,-0.6788,3.1711,10.4004,1523,2551.45
27495,-1.3276,-0.0431,11.0672,1527,2551.45
27500,-1.5622,-0.6883,12.0093,1517,2551.45
27505,-0.328,2.0255,10.3274,1567,2551.67
27510,0.6704,3.6751,10.1586,1528,2551.67
27515,-2.709,2.4134,10.3226,1516,2551.67
27520,-1.1037,-0.5315,11.8034,1525,2551.67
27525,-1.7705,0.1041,11.661,1531,2551.67
27530,0.0431,2.3523,10.1167,1557,2551.89
27535,0.5938,3.8858,10.3801,1533,2551.89
27540,-3.1532,1.3791,10.2197,1541,2551.89
27545,-1.2246,-0.6345,12.1625,1517,2551.89
27550,-1.3815,1.1756,11.0433,1513,2551.89
27555,0.3591,2.9293,10.0652,1547,2552.65
27560,-0.0874,3.3639,10.471,1519,2552.65
27565,-1.7119,0.2801,10.7033,1516,2552.65
27570,-1.488,-0.6859,12.074,1529,2552.65
27575,-0.6273,1.8675,10.4663,1523,2552.65
27580,0.7003,3.5805,10.1789,1529,2553.08
27585,-1.9812,2.6288,10.3346,1515,2553.08
27590,-1.0726,-0.486,11.5448,1515,2553.08
27595,-1.7813,-0.1903,11.7807,1515,2553.08
27600,-0.0311,2.2482,10.1778,1556,2553.19
27605,0.7063,3.8966,10.3034,1524,2553.19
27610,-3.3423,1.8124,10.2939,1519,2553.19
27615,-1.227,-0.674,12.0811,1515,2553.19
27620,-1.5909,0.8344,11.2444,1523,2553.19
27625,0.2251,2.7019,10.0281,1531,2554.06
27630,0.2442,3.614,10.4028,1517,2554.06
27635,-2.2254,0.6536,10.5034,1515,2554.06
27640,-1.3527,-0.6608,12.1278,1525,2554.06
27645,-0.8068,1.6951,10.5943,1517,2554.06
27650,0.5794,3.389,10.173,1541,2553.63
27655,-1.3635,2.885,10.3645,1523,2553.63
27660,-1.1911,-0.3663,11.3473,1513,2553.63
27665,-1.6903,-0.3986,11.8944,1524,2553.63
27670,-0.1305,2.1751,10.1993,1563,2553.3
27675,0.7338,3.8379,10.2376,1516,2553.3
27680,-3.1603,2.1344,10.3011,1527,2553.3
27685,-1.148,-0.6608,11.9052,1523,2553.3
27690,-1.7334,0.5207,11.4946,1517,2553.3
27695,0.146,2.5367,10.0197,1565,2552.97
27700,0.5435,3.796,10.3394,1524,2552.97
27705,-2.6851,0.9936,10.3142,1519,2552.97
27710,-1.2989,-0.6991,12.1613,1519,2552.97
27715,-1.0618,1.4365,10.8218,1527,2552.97
27720,0.4262,3.2214,10.1562,1527,2552.76
27725,-0.7195,3.146,10.3848,1517,2552.76
27730,-1.3994,-0.073,11.0492,1526,2552.76
27735,-1.573,-0.6393,12.0201,1516,2552.76
27740,-0.3352,1.9728,10.3022,1564,2552.43
27745,0.6859,3.7445,10.2197,1529,2552.43
27750,-2.7282,2.4062,10.3394,1519,2552.43
27755,-1.075,-0.5363,11.7759,1527,2552.43
27760,-1.7549,0.1125,11.5688,1531,2552.43
27765,0.1149,2.4026,10.1442,1559,2552.0
27770,0.589,3.808,10.313,1531,2552.0
27775,-3.152,1.3683,10.2747,1533,2552.0
27780,-1.2294,-0.7087,12.1159,1517,2552.0
27785,-1.3396,1.2186,11.048,1517,2552.0
27790,0.3974,2.9844,10.0987,1549,2551.67
27795,-0.0994,3.371,10.3837,1513,2551.67
27800,-1.7166,0.2083,10.6805,1517,2551.67
27805,-1.4593,-0.7171,12.0811,1529,2551.67
27810,-0.6225,1.9046,10.4519,1517,2551.67
27815,0.6967,3.5997,10.2113,1527,2551.35
27820,-2.0494,2.6205,10.3657,1515,2551.35
27825,-1.075,-0.4573,11.5867,1509,2551.35
27830,-1.7609,-0.2239,11.8022,1543,2551.35
27835,-0.0706,2.229,10.1347,1547,2551.67
27840,0.7099,3.9229,10.307,1517,2551.67
27845,-3.3435,1.8232,10.2232,1523,2551.67
27850,-1.1456,-0.6333,12.0632,1517,2551.67
27855,-1.5945,0.7937,11.2635,1523,2551.67
27860,0.2682,2.7102,10.076,1527,2551.13
27865,0.2646,3.5901,10.3609,1515,2551.13
27870,-2.2434,0.6548,10.4651,1515,2551.13
27875,-1.3396,-0.6393,12.062,1513,2551.13
27880,-0.8475,1.6999,10.6362,1525,2551.13
27885,0.5638,3.3567,10.0975,1531,2551.13
27890,-1.3479,2.9197,10.422,1519,2551.13
27895,-1.1983,-0.2981,11.23,1515,2551.13
27900,-1.6376,-0.4405,11.9112,1523,2551.13
27905,-0.17,2.1069,10.1754,1560,2550.91
27910,0.8152,3.8583,10.2232,1515,2550.91
27915,-3.1304,2.1081,10.2161,1525,2550.91
27920,-1.1516,-0.6273,11.9542,1517,2550.91
27925,-1.7394,0.4166,11.4515,1517,2550.91
27930,0.1556,2.5821,10.1179,1547,2550.8
27935,0.4944,3.7326,10.3501,1525,2550.8
27940,-2.7809,1.1277,10.386,1517,2550.8
27945,-1.2594,-0.7242,11.9961,1525,2550.8
27950,-1.1181,1.3946,10.9295,1527,2550.8
27955,0.4238,3.14,10.1119,1531,2550.37
27960,-0.6033,3.2561,10.4794,1523,2550.37
27965,-1.4293,-0.0192,10.9391,1524,2550.37
27970,-1.4724,-0.6129,11.9938,1517,2550.37
27975,-0.3484,1.9668,10.3453,1565,2550.04
27980,0.7039,3.6751,10.2197,1523,2550.04
27985,-2.6037,2.4457,10.2568,1513,2550.04
27990,-1.1349,-0.4932,11.7962,1523,2550.04
27995,-1.7226,0.0575,11.6861,1527,2550.04
28000,0.0539,2.3703,10.1562,1561,2549.94
28005,0.6153,3.8391,10.258,1531,2549.94
28010,-3.2681,1.5203,10.2675,1529,2549.94
28015,-1.2055,-0.6728,12.1254,1515,2549.94
28020,-1.4078,1.0965,11.0768,1525,2549.94
28025,0.4106,2.9125,10.0844,1547,2549.94
28030,0.0706,3.4788,10.386,1516,2549.94
28035,-1.8663,0.3639,10.6195,1515,2549.94
28040,-1.3731,-0.7638,12.0536,1531,2549.94
28045,-0.6608,1.8232,10.5465,1517,2549.94
28050,0.6967,3.547,10.137,1533,2550.04
28055,-1.7813,2.7581,10.4435,1528,2550.04
28060,-1.069,-0.3986,11.4359,1522,2550.04
28065,-1.7418,-0.3196,11.8764,1522,2550.04
28070,-0.1365,2.1835,10.1382,1545,2550.15
28075,0.6788,3.9169,10.331,1516,2550.15
28080,-3.3327,1.901,10.2496,1527,2550.15
28085,-1.1516,-0.5746,12.0368,1524,2550.15
28090,-1.6364,0.6632,11.3042,1515,2550.15
28095,0.2059,2.6181,10.0425,1559,2549.83
28100,0.3687,3.6332,10.3214,1533,2549.83
28105,-2.4457,0.8392,10.4471,1516,2549.83
28110,-1.3036,-0.7027,12.0895,1524,2549.83
28115,-0.9768,1.6209,10.7679,1533,2549.83
28120,0.5219,3.237,10.0497,1530,2550.04
28125,-0.9708,2.9951,10.404,1519,2550.04
28130,-1.2127,-0.2071,11.1618,1525,2550.04
28135,-1.6305,-0.5267,11.9255,1515,2550.04
28140,-0.2693,2.0662,10.2951,1545,2550.37
28145,0.7853,3.808,10.2604,1529,2550.37
28150,-2.8958,2.2505,10.246,1516,2550.37
28155,-1.1253,-0.6416,11.8848,1527,2550.37
28160,-1.7693,0.2418,11.5676,1523,2550.37
28165,0.1149,2.4517,10.1227,1560,2550.59
28170,0.5722,3.8415,10.3597,1531,2550.59
28175,-2.9712,1.2785,10.2388,1533,2550.59
28180,-1.2139,-0.6788,12.1159,1517,2550.59
28185,-1.2617,1.233,10.9259,1517,2550.59
28190,0.3699,3.037,10.1143,1549,2550.37
28195,-0.3675,3.2884,10.3549,1517,2550.37
28200,-1.5754,0.1664,10.8685,1517,2550.37
28205,-1.4473,-0.65,12.0225,1525,2550.37
28210,-0.4477,1.9106,10.3944,1523,2550.37
28215,0.6548,3.5913,10.1502,1527,2550.15
28220,-2.3331,2.6025,10.398,1511,2550.15
28225,-1.0858,-0.5339,11.661,1515,2550.15
28230,-1.7621,-0.0958,11.7938,1517,2550.15
28235,-0.0084,2.308,10.064,1558,2550.04
28240,0.7087,3.9037,10.3058,1519,2550.04
28245,-3.316,1.6688,10.1993,1519,2550.04
28250,-1.1301,-0.504,11.9411,1516,2550.04
28255,-1.4904,0.9421,11.1917,1524,2550.04
28260,0.1077,2.4576,10.0712,1533,2549.72
28265,0.176,3.5051,10.2807,1519,2549.72
28270,-3.0945,1.2641,10.2592,1516,2549.72
28275,-1.251,-0.7338,12.1015,1519,2549.72
28280,-1.3024,1.2713,11.0445,1528,2549.72
28285,0.4441,3.0023,10.0652,1532,2550.04
28290,-0.1832,3.3028,10.4244,1519,2550.04
28295,-1.5574,0.1724,10.8134,1517,2550.04
28300,-1.4928,-0.7183,12.0572,1519,2550.04
28305,-0.5758,1.9058,10.4363,1560,2550.15
28310,0.6776,3.6344,10.1622,1517,2550.15
28315,-2.1201,2.6384,10.3777,1523,2550.15
28320,-1.0726,-0.4597,11.5808,1515,2550.15
28325,-1.749,-0.1856,11.722,1518,2550.15
28330,-0.0886,2.241,10.1538,1532,2549.72
28335,0.6979,3.8978,10.3154,1527,2549.72
28340,-3.3399,1.7597,10.2041,1517,2549.72
28345,-1.1612,-0.6117,12.0907,1525,2549.72
28350,-1.5742,0.7913,11.2408,1527,2549.72
28355,0.2765,2.7186,10.1203,1531,2550.04
28360,0.152,3.559,10.404,1523,2550.04
28365,-2.2098,0.6452,10.5692,1523,2550.04
28370,-1.342,-0.6512,12.0835,1517,2550.04
28375,-0.832,1.7071,10.6482,1565,2549.29
28380,0.6069,3.2896,10.1059,1525,2549.29
28385,-1.3431,2.8515,10.4148,1516,2549.29
28390,-1.1959,-0.3292,11.2994,1523,2549.29
28395,-1.6735,-0.419,11.9171,1525,2549.29
28400,-0.1664,2.1332,10.2161,1563,2548.96
28405,0.7685,3.8439,10.1909,1527,2548.96
28410,-3.1364,2.1165,10.3094,1519,2548.96
28415,-1.136,-0.6165,11.9519,1517,2548.96
28420,-1.7693,0.3843,11.4287,1525,2548.96
28425,0.1784,2.5223,10.1119,1545,2548.96
28430,0.5219,3.8223,10.398,1519,2548.96
28435,-2.7605,1.0702,10.2771,1509,2548.96
28440,-1.2151,-0.6871,12.1015,1531,2548.96
28445,-1.148,1.3467,10.8386,1517,2548.96
28450,0.4405,3.1556,10.1095,1533,2548.96
28455,-0.577,3.231,10.3513,1527,2548.96
28460,-1.4413,0.0599,10.9654,1515,2548.96
28465,-1.488,-0.6512,12.0105,1524,2548.96
28470,-0.3891,1.986,10.3729,1557,2549.07
28475,0.6285,3.632,10.1825,1517,2549.07
28480,-2.5462,2.5187,10.4112,1528,2549.07
28485,-1.1193,-0.4872,11.6945,1525,2549.07
28490,-1.7681,0.0192,11.6921,1516,2549.07
28495,0.0754,2.3343,10.1011,1560,2549.07
28500,0.65,3.8738,10.3729,1527,2549.07
28505,-3.2501,1.506,10.2101,1517,2549.07
28510,-1.2258,-0.6644,12.1135,1524,2549.07
28515,-1.4341,0.9984,11.0864,1531,2549.07
28520,0.3819,2.8886,10.1071,1529,2549.5
28525,0.073,3.4069,10.3741,1519,2549.5
28530,-1.9142,0.3723,10.6111,1525,2549.5
28535,-1.3874,-0.7721,12.0201,1516,2549.5
28540,-0.723,1.7753,10.5632,1563,2549.39
28545,0.6752,3.5015,10.1682,1530,2549.39
28550,-1.7035,2.7737,10.3166,1517,2549.39
28555,-1.0487,-0.3807,11.3856,1527,2549.39
28560,-1.7382,-0.3807,11.8154,1531,2549.39
28565,-0.1185,2.1644,10.1778,1551,2549.18
28570,0.6919,3.8906,10.2592,1531,2549.18
28575,-3.3208,1.992,10.2963,1543,2549.18
28580,-1.1289,-0.6416,12.0392,1517,2549.18
28585,-1.6759,0.6237,11.3282,1515,2549.18
28590,0.17,2.5486,10.0533,1547,2548.64
28595,0.3974,3.6919,10.4196,1519,2548.64
28600,-2.569,0.838,10.3717,1515,2548.64
28605,-1.2701,-0.6404,12.0847,1531,2548.64
28610,-1.0163,1.5634,10.7583,1523,2548.64
28615,0.5339,3.2561,10.1275,1527,2548.31
28620,-0.9098,2.9868,10.3214,1520,2548.31
28625,-1.2103,-0.1652,11.1127,1517,2548.31
28630,-1.5993,-0.5746,11.9997,1523,2548.31
28635,-0.2598,2.0818,10.319,1560,2548.42
28640,0.735,3.7625,10.1801,1516,2548.42
28645,-2.8036,2.3451,10.3465,1531,2548.42
28650,-1.1636,-0.6129,11.8489,1523,2548.42
28655,-1.7585,0.1652,11.6167,1524,2548.42
28660,0.0814,2.3451,10.0868,1546,2548.2
28665,0.644,3.8798,10.331,1528,2548.2
28670,-3.0358,1.3647,10.1969,1512,2548.2
28675,-1.2019,-0.6608,12.0823,1517,2548.2
28680,-1.3635,1.1408,11.0277,1531,2548.2
28685,0.34,2.9509,10.149,1532,2548.64
28690,-0.2729,3.3543,10.4459,1525,2548.64
28695,-1.6568,0.2646,10.6757,1516,2548.64
28700,-1.4246,-0.6692,12.0213,1519,2548.64
28705,-0.5447,1.8471,10.3657,1553,2548.1
28710,0.6309,3.559,10.173,1515,2548.1
28715,-2.1332,2.6408,10.3166,1517,2548.1
28720,-1.0918,-0.4034,11.655,1511,2548.1
28725,-1.7466,-0.1736,11.8094,1517,2548.1
28730,-0.0144,2.2781,10.1586,1561,2548.53
28735,0.6752,3.8271,10.1993,1519,2548.53
28740,-3.3399,1.8004,10.2615,1520,2548.53
28745,-1.1684,-0.6608,12.0392,1519,2548.53
28750,-1.5874,0.8475,11.2875,1519,2548.53
28755,0.2466,2.7306,10.009,1549,2548.85
28760,0.3268,3.6045,10.422,1527,2548.85
28765,-2.2877,0.668,10.3884,1515,2548.85
28770,-1.2881,-0.7446,12.1075,1519,2548.85
28775,-0.8942,1.652,10.5991,1543,2548.96
28780,0.5806,3.3938,10.2065,1519,2548.96
28785,-1.1456,2.9628,10.3358,1517,2548.96
28790,-1.1432,-0.2322,11.2719,1517,2548.96
28795,-1.6891,-0.5399,11.8848,1519,2548.96
28800,-0.2586,2.1105,10.2352,1551,2549.5
28805,0.7051,3.8367,10.2388,1524,2549.5
28810,-3.0682,2.2051,10.313,1523,2549.5
28815,-1.0977,-0.5578,11.8956,1517,2549.5
28820,-1.737,0.3328,11.5041,1527,2549.5
28825,0.1365,2.4373,10.0449,1533,2549.5
28830,0.51,3.8104,10.4076,1519,2549.5
28835,-2.903,1.1301,10.3394,1519,2549.5
28840,-1.2438,-0.6285,12.1147,1525,2549.5
28845,-1.2234,1.33,10.9056,1511,2549.5
28850,0.4357,3.0347,10.0616,1545,2549.61
28855,-0.4669,3.1939,10.4603,1524,2549.61
28860,-1.4305,0.0527,10.9032,1514,2549.61
28865,-1.5179,-0.5938,12.0201,1519,2549.61
28870,-0.4621,1.9333,10.3693,1563,2549.61
28875,0.7673,3.6727,10.1825,1517,2549.61
28880,-2.46,2.4301,10.2855,1523,2549.61
28885,-1.0858,-0.5638,11.6969,1525,2549.61
28890,-1.7885,-0.0539,11.7148,1517,2549.61
28895,0.0084,2.314,10.1119,1547,2549.83
28900,0.7254,3.8726,10.2939,1529,2549.83
28905,-3.2417,1.585,10.2328,1519,2549.83
28910,-1.1863,-0.6919,12.0333,1527,2549.83
28915,-1.4712,0.9601,11.2049,1529,2549.83
28920,0.2658,2.8024,10.1083,1531,2550.04
28925,0.0886,3.5171,10.404,1526,2550.04
28930,-1.9405,0.4513,10.5656,1525,2550.04
28935,-1.3264,-0.6883,12.1206,1525,2550.04
28940,-0.6859,1.7166,10.5608,1567,2549.94
28945,0.571,3.4417,10.0904,1526,2549.94
28950,-1.7573,2.8,10.3944,1517,2549.94
28955,-1.0894,-0.3508,11.4622,1523,2549.94
28960,-1.7226,-0.3424,11.8286,1529,2549.94
28965,-0.0934,2.1691,10.1694,1559,2550.91
28970,0.6752,3.8379,10.2556,1529,2550.91
28975,-3.2944,1.9836,10.2496,1533,2550.91
28980,-1.1552,-0.6321,12.0416,1517,2550.91
28985,-1.7166,0.5986,11.3892,1531,2550.91
28990,0.2263,2.6348,10.1131,1547,2551.02
28995,0.4609,3.6631,10.2951,1515,2551.02
29000,-2.4457,0.8368,10.3717,1512,2551.02
29005,-1.3084,-0.7314,12.0536,1529,2551.02
29010,-0.9888,1.5634,10.8206,1517,2551.02
29015,0.5387,3.2441,10.0676,1541,2551.35
29020,-0.8464,3.1149,10.4148,1529,2551.35
29025,-1.2414,-0.1484,11.0852,1513,2551.35
29030,-1.5945,-0.6045,11.9602,1524,2551.35
29035,-0.2933,2.0111,10.222,1561,2551.67
29040,0.7075,3.8235,10.2556,1519,2551.67
29045,-2.897,2.2996,10.2819,1509,2551.67
29050,-1.0798,-0.5351,11.8657,1525,2551.67
29055,-1.7777,0.1652,11.4946,1517,2551.67
29060,0.0874,2.4205,10.0868,1544,2551.78
29065,0.5124,3.8116,10.3214,1529,2551.78
29070,-3.0945,1.3396,10.3382,1514,2551.78
29075,-1.245,-0.6381,12.0931,1518,2551.78
29080,-1.306,1.2965,11.054,1527,2551.78
29085,0.431,2.9592,10.0616,1542,2551.67
29090,-0.2789,3.2825,10.3968,1523,2551.67
29095,-1.5862,0.0994,10.7476,1515,2551.67
29100,-1.494,-0.6381,12.0237,1524,2551.67
29105,-0.5016,1.9297,10.4016,1561,2551.67
29110,0.7254,3.6308,10.2113,1516,2551.67
29115,-2.2505,2.5522,10.3334,1517,2551.67
29120,-1.063,-0.5255,11.6693,1518,2551.67
29125,-1.7538,-0.1448,11.734,1519,2551.67
29130,-0.0144,2.2601,10.1335,1561,2551.45
29135,0.741,3.9241,10.2424,1523,2551.45
29140,-3.316,1.6843,10.2292,1515,2551.45
29145,-1.1851,-0.6704,12.1051,1527,2551.45
29150,-1.5311,0.8978,11.1666,1519,2551.45
29155,0.2658,2.7976,10.1335,1545,2552.0
29160,0.1341,3.5087,10.4327,1527,2552.0
29165,-2.0399,0.5531,10.5608,1522,2552.0
29170,-1.3623,-0.7027,12.0572,1518,2552.0
29175,-0.7721,1.7262,10.5919,1553,2552.32
29180,0.5746,3.371,10.094,1519,2552.32
29185,-1.5694,2.8216,10.4507,1515,2552.32
29190,-1.1791,-0.3627,11.3234,1519,2552.32
29195,-1.664,-0.3304,11.8872,1524,2552.32
29200,-0.1281,2.1249,10.143,1564,2552.32
29205,0.7733,3.8571,10.1993,1533,2552.32
29210,-3.2477,2.0231,10.2149,1525,2552.32
29215,-1.2067,-0.577,12.0811,1518,2552.32
29220,-1.7346,0.5423,11.4407,1529,2552.32
29225,0.2274,2.6025,10.0856,1545,2552.65
29230,0.4717,3.6332,10.3453,1517,2552.65
29235,-2.6073,0.8787,10.3394,1517,2552.65
29240,-1.3108,-0.7242,12.0345,1525,2552.65
29245,-1.0906,1.506,10.7919,1517,2552.65
29250,0.5231,3.2465,10.1359,1530,2552.97
29255,-0.7973,3.0801,10.4519,1528,2552.97
29260,-1.2917,-0.1209,11.0576,1515,2552.97
29265,-1.5658,-0.6153,-0.3089,1525,2552.97
29270,-0.3328,2.0243,10.307,1560,2552.87
29275,0.7063,3.7314,10.2101,1517,2552.87
29280,-2.8551,2.3571,10.3537,1531,2552.87
29285,-1.1301,-0.5339,11.795,1525,2552.87
29290,-1.7777,0.1688,11.6286,1515,2552.87
29295,0.0467,2.3571,10.0724,1548,2552.65
29300,0.595,3.8056,10.3944,1530,2552.65
29305,-3.0813,1.2809,10.2627,1511,2552.65
29310,-1.1959,-0.5938,12.1841,1515,2552.65
29315,-1.3156,1.2462,10.975,1529,2552.65
29320,0.4094,3.0251,10.0521,1532,2552.65
29325,-0.2251,3.2417,10.3956,1523,2552.65
29330,-1.5933,0.1616,10.8661,1519,2552.65
29335,-1.5036,-0.6393,11.9926,1517,2552.65
29340,-0.5471,1.974,10.4495,1560,2552.54
29345,0.7326,3.5949,10.1251,1516,2552.54
29350,-2.2254,2.5618,10.3645,1524,2552.54
29355,-1.081,-0.5758,11.5891,1517,2552.54
29360,-1.828,-0.1377,11.7819,1518,2552.54
29365,0.0012,2.2494,10.1287,1561,2552.32
29370,0.7446,3.9085,10.3226,1519,2552.32
29375,-3.286,1.7166,10.2532,1519,2552.32
29380,-1.1827,-0.6189,12.1374,1524,2552.32
29385,-1.5562,0.893,11.2049,1517,2552.32
29390,0.2538,2.7342,10.1023,1549,2551.89
29395,0.1484,3.468,10.343,1527,2551.89
29400,-2.0794,0.5387,10.5548,1513,2551.89
29405,-1.3467,-0.6644,12.0165,1519,2551.89
29410,-0.7721,1.7358,10.6207,1547,2551.67
29415,0.5626,3.4225,10.1323,1519,2551.67
29420,-1.5514,2.8,10.4184,1515,2551.67
29425,-1.1217,-0.3448,11.3976,1517,2551.67
29430,-1.7119,-0.3651,11.8573,1516,2551.67
29435,-0.1053,2.1751,10.234,1561,2551.67
29440,0.7494,3.8223,10.1993,1531,2551.67
29445,-3.207,2.0554,10.2256,1527,2551.67
29450,-1.1995,-0.6512,11.9614,1516,2551.67
29455,-1.737,0.5339,11.4251,1527,2551.67
29460,0.1652,2.5678,9.9946,1544,2551.78
29465,0.4968,3.6883,10.3561,1513,2551.78
29470,-2.6013,0.923,10.3525,1511,2551.78
29475,-1.2737,-0.6584,12.1147,1528,2551.78
29480,-1.0738,1.4569,10.8134,1515,2551.78
29485,0.4776,3.2394,10.1574,1533,2552.0
29490,-0.7865,3.1077,10.3705,1529,2552.0
29495,-1.3012,-0.0718,11.0875,1515,2552.0
29500,-1.5359,-0.6404,11.9542,1525,2552.0
29505,-0.3196,2.0183,10.2424,1559,2552.0
29510,0.6871,3.7278,10.2029,1518,2552.0
29515,-2.8395,2.3966,10.3346,1527,2552.0
29520,-1.081,-0.5495,11.7783,1527,2552.0
29525,-1.7777,0.1927,11.6059,1514,2552.0
29530,0.1053,2.3739,10.076,1561,2552.11
29535,0.5758,3.8128,10.3082,1530,2552.11
29540,-3.067,1.3072,10.2304,1516,2552.11
29545,-1.2414,-0.6201,12.129,1523,2552.11
29550,-1.3264,1.2019,11.0433,1529,2552.11
29555,0.3627,2.9592,10.0736,1529,2552.21
29560,-0.1616,3.2705,10.3956,1523,2552.21
29565,-1.6089,0.1592,10.7176,1527,2552.21
29570,-1.488,-0.7111,12.0309,1515,2552.21
29575,-0.5674,1.8759,10.398,1547,2552.21
29580,0.7183,3.626,10.2472,1528,2552.21
29585,-2.156,2.6157,10.3022,1519,2552.21
29590,-1.0403,-0.4286,11.6358,1522,2552.21
29595,-1.7837,-0.1676,11.6622,1523,2552.21
29600,-0.0838,2.2458,10.1215,1561,2552.21
29605,0.7422,3.8798,10.2604,1531,2552.21
29610,-3.3279,1.7897,10.2987,1531,2552.21
29615,-1.1708,-0.6225,12.0476,1517,2552.21
29620,-1.5646,0.8787,11.3353,1519,2552.21
29625,0.2047,2.6743,10.0425,1548,2551.89
29630,0.1748,3.5362,10.3753,1523,2551.89
29635,-2.1069,0.5495,10.5213,1516,2551.89
29640,-1.342,-0.6512,12.0572,1527,2551.89
29645,-0.7997,1.6676,10.6123,2216,2550.7
29650,0.5806,3.4225,10.149,1515,2550.7
29655,-1.4904,2.8695,10.3633,1516,2550.7
29660,-1.1277,-0.3065,11.3485,1519,2550.7
29665,-1.6592,-0.401,11.8369,1516,2550.7
29670,-0.1628,2.138,10.1766,1563,2552.97
29675,0.7757,3.8307,10.2137,1524,2552.97
29680,-3.1771,2.0853,10.3489,1520,2552.97
29685,-1.1756,-0.65,12.0345,1515,2552.97
29690,-1.7023,0.5255,11.4539,1523,2552.97
29695,0.1676,2.5821,10.0784,1533,2552.0
29700,0.4908,3.7326,10.3082,1520,2552.0
29705,-2.6049,1.0427,10.3322,1516,2552.0
29710,-1.2677,-0.6919,12.0021,1525,2552.0
29715,-1.1109,1.4533,10.817,1517,2552.0
29720,0.4369,3.1819,10.1502,1541,2552.32
29725,-0.7362,3.1615,10.4974,1527,2552.32
29730,-1.342,-0.0479,11.0014,1513,2552.32
29735,-1.4916,-0.5614,12.0057,1524,2552.32
29740,-0.3328,2.0087,10.2807,1549,2552.76
29745,0.6776,3.7302,10.2268,1513,2552.76
29750,-2.7833,2.3451,10.3094,1525,2552.76
29755,-1.1169,-0.5148,11.8657,1525,2552.76
29760,-1.7801,0.1377,11.6203,1522,2552.76
29765,0.0826,2.3798,10.0688,1559,2553.19
29770,0.5674,3.8092,10.2783,1529,2553.19
29775,-3.1508,1.391,10.2963,1526,2553.19
29780,-1.2234,-0.68,12.1242,1528,2553.19
29785,-1.3396,1.2186,11.0133,1525,2553.19
29790,0.4298,2.9604,10.0305,1529,2553.41
29795,-0.1245,3.3662,10.4244,1528,2553.41
29800,-1.6951,0.1784,10.7129,1527,2553.41
29805,-1.494,-0.7051,12.0919,1519,2553.41
29810,-0.5794,1.8866,10.4531,1563,2553.52
29815,0.7123,3.632,10.1227,1533,2553.52
29820,-2.1332,2.6324,10.3286,1517,2553.52
29825,-1.0834,-0.4525,11.5496,1527,2553.52
29830,-1.7729,-0.1688,11.7543,1531,2553.52
29835,-0.0527,2.2529,10.1598,1557,2553.63
29840,0.6871,3.9133,10.2975,1532,2553.63
29845,-3.3243,1.7274,10.2041,1532,2553.63
29850,-1.1456,-0.6213,12.0835,1517,2553.63
29855,-1.5311,0.8727,11.2025,1516,2553.63
29860,0.2789,2.7473,10.0149,1548,2553.52
29865,0.1879,3.5171,10.386,1524,2553.52
29870,-2.1105,0.6309,10.5812,1515,2553.52
29875,-1.3755,-0.6895,12.05,1523,2553.52
29880,-0.826,1.7753,10.6015,1525,2553.52
29885,0.5902,3.3758,10.0736,1531,2553.3
29890,-1.4605,2.7928,10.4232,1515,2553.3
29895,-1.1337,-0.3639,11.3318,1517,2553.3
29900,-1.6783,-0.3591,11.9159,1516,2553.3
29905,-0.1365,2.1596,10.2304,1559,2553.52
29910,0.7925,3.8942,10.2855,1525,2553.52
29915,-3.2202,2.0075,10.2029,1523,2553.52
29920,-1.1432,-0.6895,12.0189,1515,2553.52
29925,-1.719,0.5112,11.394,1523,2553.52
29930,0.164,2.5534,10.1239,1533,2553.08
29935,0.4776,3.6811,10.3501,1523,2553.08
29940,-2.6037,0.9685,10.416,1517,2553.08
29945,-1.2749,-0.6943,12.0931,1528,2553.08
29950,-1.057,1.5036,10.8314,1517,2553.08
29955,0.4561,3.1963,10.1167,1533,2552.76
29960,-0.7901,3.1328,10.3717,1519,2552.76
29965,-1.3336,-0.0706,11.0684,1513,2552.76
29970,-1.5766,-0.5674,11.8968,1519,2552.76
29975,-0.3352,2.0375,10.2592,1546,2552.54
29980,0.7135,3.7553,10.1538,1519,2552.54
29985,-2.8431,2.3308,10.3477,1524,2552.54
29990,-1.1289,-0.5638,11.8908,1527,2552.54
29995,-1.7897,0.2035,11.6298,1516,2552.54
30000,0.1065,2.387,10.0712,1559,2553.41
30005,0.595,3.8355,10.313,1533,2553.41
30010,-3.0789,1.324,10.2244,1515,2553.41
30015,-1.2474,-0.6716,12.1206,1528,2553.41
30020,-1.3312,1.2701,11.0014,1529,2553.41
30025,0.419,3.073,10.1191,1541,2553.19
30030,-0.2095,3.292,10.3717,1520,2553.19
30035,-1.6101,0.1915,10.8254,1526,2553.19
30040,-1.5024,-0.7865,12.0033,1517,2553.19
30045,-0.5148,1.9273,10.4543,1560,2553.19
30050,0.7063,3.6033,10.1251,1528,2553.19
30055,-2.211,2.6001,10.4028,1517,2553.19
30060,-1.1229,-0.4381,11.5736,1549,2553.19
30065,-1.7681,-0.1532,11.7555,1529,2553.19
30070,-0.0515,2.2146,10.1119,1555,2553.3
30075,0.6812,3.9002,10.3058,1533,2553.3
30080,-3.3459,1.6891,10.2364,1531,2553.3
30085,-1.1983,-0.6309,12.0776,1528,2553.3
30090,-1.5395,0.9553,11.2264,1515,2553.3
30095,0.2658,2.7653,10.0724,1549,2553.19
30100,0.1317,3.4872,10.3453,1523,2553.19
30105,-2.0303,0.5052,10.5189,1517,2553.19
30110,-1.3827,-0.6488,12.0584,1529,2553.19
30115,-0.7745,1.7633,10.635,1523,2553.19
30120,0.6632,3.4417,10.1406,1529,2552.97
30125,-1.5287,2.7773,10.4052,1509,2552.97
30130,-1.1253,-0.3819,11.3856,1515,2552.97
30135,-1.7023,-0.3843,11.8537,1518,2552.97
30140,-0.1628,2.1644,10.1526,1555,2553.19
30145,0.8392,3.8762,10.1837,1525,2553.19
30150,-3.2417,2.0542,10.2879,1519,2553.19
30155,-1.1983,-0.6967,12.0213,1509,2553.19
30160,-1.6891,0.5507,11.479,1523,2553.19
30165,0.1856,2.5714,10.0604,1531,2553.08
30170,0.4992,3.729,10.3848,1518,2553.08
30175,-2.5809,0.905,10.3298,1517,2553.08
30180,-1.2869,-0.6381,12.1039,1526,2553.08
30185,-1.0558,1.4808,10.7356,1512,2553.08
30190,0.4944,3.2549,10.1969,1532,2553.52
30195,-0.9553,3.061,10.4256,1527,2553.52
30200,-1.257,-0.1065,11.1414,1515,2553.52
30205,-1.5742,-0.571,11.9387,1524,2553.52
30210,-0.2861,2.0662,10.2568,1533,2553.3
30215,0.7051,3.7218,10.1586,1514,2553.3
30220,-2.8599,2.3068,10.2963,1525,2553.3
30225,-1.1624,-0.5674,11.8573,1525,2553.3
30230,-1.7358,0.243,11.6382,1517,2553.3
30235,0.1233,2.4337,10.0413,1563,2553.08
30240,0.5938,3.8319,10.2903,1531,2553.08
30245,-3.0382,1.2629,10.2352,1517,2553.08
30250,-1.2546,-0.6812,12.1075,1526,2553.08
30255,-1.3144,1.251,10.9271,1541,2553.08
30260,0.3879,3.0406,10.1598,1530,2552.87
30265,-0.2514,3.304,10.4734,1525,2552.87
30270,-1.5538,0.164,10.7428,1527,2552.87
30275,-1.4712,-0.7254,12.044,1519,2552.87
30280,-0.5088,1.8806,10.4208,1565,2552.76
30285,0.68,3.6464,10.2316,1531,2552.76
30290,-2.2805,2.5331,10.3202,1519,2552.76
30295,-1.0044,-0.4597,11.6622,1526,2552.76
30300,-1.7897,-0.1341,11.7376,1531,2552.76
30305,0.0084,2.2793,10.1179,1560,2552.87
30310,0.5938,3.8487,10.2699,1547,2552.87
30315,-3.3591,1.646,10.2627,1533,2552.87
30320,-1.172,-0.6297,12.0512,1519,2552.87
30325,-1.4976,0.9732,11.1701,1515,2552.87
30330,0.2849,2.7605,10.0209,1547,2552.43
30335,0.1293,3.474,10.4267,1523,2552.43
30340,-1.9968,0.4585,10.5919,1513,2552.43
30345,-1.4018,-0.6369,12.0967,1528,2552.43
30350,-0.7709,1.816,10.5632,1524,2552.43
30355,0.6393,3.4812,10.1047,1528,2552.32
30360,-1.5395,2.7617,10.325,1515,2552.32
30365,-1.0463,-0.3687,11.3892,1516,2552.32
30370,-1.7154,-0.3855,11.8381,1515,2552.32
30375,-0.1437,2.1368,10.2053,1560,2552.65
30380,0.7673,3.8882,10.2699,1525,2552.65
30385,-3.2238,2.0423,10.2376,1519,2552.65
30390,-1.1588,-0.6249,11.965,1517,2552.65
30395,-1.7131,0.5818,11.3725,1523,2552.65
30400,0.1784,2.563,10.1287,1531,2552.32
30405,0.4106,3.7002,10.3884,1521,2552.32
30410,-2.5522,0.9254,10.4112,1515,2552.32
30415,-1.2617,-0.6476,12.0572,1523,2552.32
30420,-1.0259,1.5048,10.7548,1519,2552.32
30425,0.4621,3.1783,10.1251,1533,2552.54
30430,-0.9553,3.1077,10.4567,1517,2552.54
30435,-1.3396,-0.1592,11.1342,1513,2552.54
30440,-1.5586,-0.504,12.0045,1523,2552.54
30445,-0.2837,2.0027,10.2747,1565,2552.32
30450,0.7015,3.79,10.2053,1515,2552.32
30455,-2.9149,2.2745,10.2795,1525,2552.32
30460,-1.142,-0.5794,11.892,1519,2552.32
30465,-1.7789,0.2215,11.5329,1519,2552.32
30470,0.1508,2.4098,10.1323,1543,2551.78
30475,0.6009,3.7972,10.3346,1531,2551.78
30480,-2.9844,1.3072,10.2627,1517,2551.78
30485,-1.2294,-0.7171,12.0883,1526,2551.78
30490,-1.3096,1.2617,10.9942,1527,2551.78
30495,0.4118,3.0179,10.0533,1529,2550.91
30500,-0.2011,3.3435,10.416,1525,2550.91
30505,-1.5981,0.1796,10.7236,1523,2550.91
30510,-1.4281,-0.7015,12.0428,1514,2550.91
30515,-0.4992,1.8926,10.4004,1548,2551.78
30520,0.6213,3.6536,10.2077,1525,2551.78
30525,-2.2637,2.6228,10.3681,1515,2551.78
30530,-1.0534,-0.4345,11.6538,1523,2551.78
30535,-1.7777,-0.1161,11.7352,1529,2551.78
30540,-0.0084,2.2505,10.1335,1557,2551.56
30545,0.65,3.8798,10.3501,1531,2551.56
30550,-3.3291,1.7202,10.2508,1530,2551.56
30555,-1.1253,-0.5531,12.1147,1515,2551.56
30560,-1.5323,0.9361,11.2013,1519,2551.56
30565,0.2825,2.7976,10.0952,1547,2551.56
30570,0.2023,3.4692,10.3872,1517,2551.56
30575,-2.0746,0.5315,10.5309,1517,2551.56
30580,-1.4078,-0.729,12.062,1531,2551.56
30585,-0.7913,1.8387,10.6434,1517,2551.56
30590,0.6045,3.4189,10.0688,1531,2551.67
30595,-1.488,2.8371,10.4267,1523,2551.67
30600,-1.0678,-0.3687,11.3605,1513,2551.67
30605,-1.6975,-0.395,11.8298,1525,2551.67
30610,-0.1676,2.1189,10.1382,1549,2552.43
30615,0.8009,3.9217,10.2867,1517,2552.43
30620,-3.2537,2.0387,10.222,1531,2552.43
30625,-1.1109,-0.6345,12.0368,1518,2552.43
30630,-1.6891,0.4609,11.3784,1519,2552.43
30635,0.1161,2.5678,10.0628,1529,2552.76
30640,0.4274,3.7613,10.3657,1518,2552.76
30645,-2.6324,0.9697,10.392,1515,2552.76
30650,-1.2641,-0.6369,12.1075,1517,2552.76
30655,-1.0582,1.4808,10.8158,1529,2552.76
30660,0.4812,3.1963,10.1239,1543,2552.87
30665,-0.8116,3.1041,10.4507,1520,2552.87
30670,-1.2941,-0.1101,11.0983,1517,2552.87
30675,-1.5119,-0.4992,11.983,1523,2552.87
30680,-0.2837,2.0518,10.2867,1560,2552.76
30685,0.6859,3.7338,10.1742,1515,2552.76
30690,-2.818,2.3008,10.3418,1523,2552.76
30695,-1.148,-0.5974,11.8501,1519,2552.76
30700,-1.7885,0.1963,11.5484,1522,2552.76
30705,0.1065,2.4373,10.1071,1541,2552.43
30710,0.6452,3.8283,10.3166,1527,2552.43
30715,-3.0227,1.3336,10.2496,1520,2552.43
30720,-1.1768,-0.729,12.123,1526,2552.43
30725,-1.3312,1.2019,10.9786,1529,2552.43
30730,0.4202,2.9963,10.1418,1531,2552.11
30735,-0.2502,3.3375,10.4136,1527,2552.11
30740,-1.5897,0.1724,10.8098,1525,2552.11
30745,-1.4174,-0.7123,12.0273,1517,2552.11
30750,-0.5399,1.9082,10.4447,1561,2552.43
30755,0.6189,3.6164,10.1718,1525,2552.43
30760,-2.1871,2.6564,10.3741,1515,2552.43
30765,-1.1037,-0.431,11.5927,1519,2552.43
30770,-1.7466,-0.1341,11.795,1529,2552.43
30775,0.0048,2.2458,10.1227,1559,2552.54
30780,0.6584,3.8547,10.2927,1519,2552.54
30785,-3.377,1.7226,10.2496,1530,2552.54
30790,-1.2031,-0.571,12.0608,1519,2552.54
30795,-1.5048,0.9373,11.1833,1523,2552.54
30800,0.3148,2.7845,10.0808,1549,2552.43
30805,0.1915,3.4955,10.4244,1517,2552.43
30810,-2.0997,0.5291,10.5165,1512,2552.43
30815,-1.3958,-0.7087,12.0668,1533,2552.43
30820,-0.8571,1.7861,10.5979,1519,2552.43
30825,0.6548,3.4285,10.1454,1531,2552.11
30830,-1.4234,2.812,10.3837,1523,2552.11
30835,-1.0965,-0.328,11.309,1512,2552.11
30840,-1.6987,-0.4286,11.8597,1523,2552.11
30845,-0.176,2.1584,10.2316,1560,2552.0
30850,0.7254,3.9397,10.2256,1519,2552.0
30855,-3.207,2.0446,10.3334,1529,2552.0
30860,-1.0989,-0.6584,11.9279,1525,2552.0
30865,-1.6652,0.5327,11.4515,1524,2552.0
30870,0.1389,2.5187,10.0533,1543,2551.24
30875,0.4022,3.7828,10.4244,1527,2551.24
30880,-2.7043,1.0187,10.3765,1516,2551.24
30885,-1.2294,-0.6428,12.1949,1518,2551.24
30890,-1.0786,1.4174,10.738,1531,2551.24
30895,0.4549,3.1591,10.1167,1531,2551.02
30900,-0.7949,3.1017,10.343,1519,2551.02
30905,-1.3264,-0.0802,11.072,1515,2551.02
30910,-1.5419,-0.5375,11.9195,1521,2551.02
30915,-0.2933,2.0303,10.2963,1563,2550.8
30920,0.7123,3.7146,10.1406,1523,2550.8
30925,-2.7665,2.3918,10.3896,1518,2550.8
30930,-1.1253,-0.6404,11.8309,1512,2550.8
30935,-1.7861,0.1425,11.6418,1518,2550.8
30940,0.0742,2.3942,10.1059,1559,2550.48
30945,0.65,3.887,10.3082,1524,2550.48
30950,-3.1196,1.385,10.2197,1523,2550.48
30955,-1.1827,-0.6883,12.1302,1519,2550.48
30960,-1.3755,1.1337,11.06,1519,2550.48
30965,0.3639,2.9497,10.076,1547,2550.7
30970,-0.1137,3.395,10.3693,1524,2550.7
30975,-1.6987,0.2263,10.6674,1519,2550.7
30980,-1.3803,-0.6943,12.0596,1519,2550.7
30985,-0.6057,1.8232,10.4351,1563,2550.8
30990,0.5806,3.5721,10.2125,1518,2550.8
30995,-2.071,2.6839,10.4315,1517,2550.8
31000,-1.0391,-0.4118,11.5867,1518,2550.8
31005,-1.7454,-0.2203,11.7364,1523,2550.8
31010,-0.0096,2.2098,10.1263,1555,2551.45
31015,0.6871,3.8379,10.2544,1527,2551.45
31020,-3.3639,1.8352,10.3022,1525,2551.45
31025,-1.1803,-0.6117,12.0776,1517,2551.45
31030,-1.5646,0.8523,11.23,1523,2551.45
31035,0.3148,2.6863,10.0161,1544,2550.8
31040,0.3029,3.5997,10.3801,1519,2550.8
31045,-2.2697,0.6141,10.4399,1515,2550.8
31050,-1.3671,-0.6967,12.147,1529,2550.8
31055,-0.8811,1.6592,10.6303,1515,2550.8
31060,0.6021,3.3806,10.1742,1532,2550.8
31065,-1.1791,2.9329,10.3166,1528,2550.8
31070,-1.1109,-0.2406,11.2408,1515,2550.8
31075,-1.6544,-0.5016,11.8549,1525,2550.8
31080,-0.231,2.1464,10.2029,1533,2550.7
31085,0.7075,3.8642,10.2197,1515,2550.7
31090,-3.1161,2.1476,10.2627,1527,2550.7
31095,-1.1109,-0.6237,11.9698,1519,2550.7
31100,-1.7214,0.34,11.4658,1517,2550.7
31105,0.1197,2.4936,10.0904,1549,2550.59
31110,0.4956,3.7984,10.3717,1529,2550.59
31115,-2.7988,1.1109,10.3741,1514,2550.59
31120,-1.2402,-0.6153,12.0847,1525,2550.59
31125,-1.1947,1.3838,10.8996,1529,2550.59
31130,0.3807,3.0143,10.0437,1527,2550.7
31135,-0.6069,3.1831,10.4686,1525,2550.7
31140,-1.4186,0.0108,10.9415,1525,2550.7
31145,-1.4641,-0.5662,11.9878,1518,2550.7
31150,-0.3699,1.9872,10.3358,1565,2550.48
31155,0.7314,3.6943,10.1801,1526,2550.48
31160,-2.6025,2.4253,10.2783,1515,2550.48
31165,-1.1121,-0.5507,11.8501,1527,2550.48
31170,-1.7585,0.0204,11.6789,1530,2550.48
31175,0.0575,2.3894,10.1418,1558,2550.48
31180,0.6488,3.8487,10.2292,1529,2550.48
31185,-3.1508,1.5311,10.234,1541,2550.48
31190,-1.2151,-0.7051,11.9926,1511,2550.48
31195,-1.4772,1.0606,11.1546,1516,2550.48
31200,0.3268,2.8683,10.0748,1553,2550.26
31205,0.0443,3.4788,10.4351,1520,2550.26
31210,-1.828,0.3615,10.5967,1517,2550.26
31215,-1.3336,-0.7111,12.0368,1531,2550.26
31220,-0.6716,1.7442,10.4471,1517,2550.26
31225,0.5519,3.5027,10.149,1528,2549.39
31230,-1.8411,2.794,10.3968,1517,2549.39
31235,-1.0822,-0.3687,11.546,1513,2549.39
31240,-1.6927,-0.3268,11.8417,1524,2549.39
31245,-0.0766,2.1931,10.2077,1559,2548.64
31250,0.6692,3.8235,10.3046,1521,2548.64
31255,-3.3303,1.9249,10.2723,1531,2548.64
31260,-1.136,-0.6225,12.0368,1523,2548.64
31265,-1.5981,0.6728,11.3701,1524,2548.64
31270,0.2454,2.6013,10.0664,1531,2548.2
31275,0.4118,3.6368,10.3286,1517,2548.2
31280,-2.5067,0.8643,10.4244,1517,2548.2
31285,-1.3048,-0.7266,12.1099,1518,2548.2
31290,-1.0415,1.561,10.7691,1530,2548.2
31295,0.5231,3.2118,10.1598,1533,2548.2
31300,-0.8416,3.0694,10.4076,1515,2548.2
31305,-1.1911,-0.1293,11.0612,1515,2548.2
31310,-1.6209,-0.5626,11.9363,1519,2548.2
31315,-0.3029,2.0435,10.2783,1559,2548.31
31320,0.7685,3.8535,10.1789,1519,2548.31
31325,-2.8671,2.2661,10.2388,1523,2548.31
31330,-1.0283,-0.5746,11.8956,1513,2548.31
31335,-1.7753,0.1472,11.5544,1515,2548.31
31340,0.0323,2.3942,10.0868,1563,2548.2
31345,0.5459,3.8726,10.3573,1525,2548.2
31350,-3.128,1.3994,10.3789,1524,2548.2
31355,-1.2127,-0.668,12.1554,1519,2548.2
31360,-1.324,1.1732,11.0038,1515,2548.2
31365,0.3208,2.8994,10.0652,1549,2548.1
31370,-0.1939,3.3303,10.4184,1523,2548.1
31375,-1.6269,0.2298,10.7667,1515,2548.1
31380,-1.3838,-0.6345,12.0273,1523,2548.1
31385,-0.6117,1.907,10.4782,1543,2548.1
31390,0.6333,3.5578,10.1478,1517,2548.1
31395,-2.1512,2.6408,10.3322,1516,2548.1
31400,-1.0511,-0.5088,11.5676,1515,2548.1
31405,-1.749,-0.1628,11.7711,1519,2548.1
31410,-0.0491,2.2063,10.1275,1559,2548.53
31415,0.7494,3.9121,10.3094,1523,2548.53
31420,-3.2968,1.749,10.246,1520,2548.53
31425,-1.1133,-0.656,12.0859,1517,2548.53
31430,-1.6053,0.7769,11.315,1525,2548.53
31435,0.2406,2.7892,10.1131,1530,2548.85
31440,0.2598,3.5817,10.3118,1519,2548.85
31445,-2.2003,0.723,10.4794,1515,2548.85
31450,-1.2881,-0.7003,12.0333,1523,2548.85
31455,-0.8487,1.6388,10.726,1517,2548.85
31460,0.4896,3.3076,10.0928,1544,2548.96
31465,-1.2905,2.9892,10.4675,1524,2548.96
31470,-1.1576,-0.2562,11.1893,1513,2548.96
31475,-1.5742,-0.4393,11.9339,1524,2548.96
31480,-0.1413,2.0494,10.2053,1567,2548.96
31485,0.6931,3.8463,10.2735,1517,2548.96
31490,-3.1627,2.1715,10.2759,1529,2548.96
31495,-1.1037,-0.5854,11.9662,1519,2548.96
31500,-1.7454,0.3723,11.5401,1515,2548.96
31505,0.1532,2.5391,10.07,1549,2549.07
31510,0.5375,3.7266,10.2316,1523,2549.07
31515,-2.9006,1.136,10.307,1517,2549.07
31520,-1.2893,-0.6931,12.1709,1526,2549.07
31525,-1.2019,1.4006,10.9607,1527,2549.07
31530,0.4764,3.0945,10.0952,1532,2549.18
31535,-0.4286,3.1999,10.3621,1519,2549.18
31540,-1.4413,0.0323,10.8936,1519,2549.18
31545,-1.5395,-0.6812,12.0225,1519,2549.18
31550,-0.4585,1.9908,10.3142,1563,2549.29
31555,0.6919,3.7278,10.1837,1525,2549.29
31560,-2.4612,2.5343,10.3837,1516,2549.29
31565,-1.0546,-0.4884,11.7076,1522,2549.29
31570,-1.7358,-0.0886,11.6825,1524,2549.29
31575,-0.0275,2.2553,10.0868,1561,2549.18
31580,0.6369,3.9037,10.3537,1529,2549.18
31585,-3.2753,1.5826,10.2496,1531,2549.18
31590,-1.1636,-0.6369,12.074,1515,2549.18
31595,-1.4736,0.9673,11.1378,1527,2549.18
31600,0.2885,2.8371,10.1071,1547,2549.18
31605,0.0156,3.4931,10.3753,1516,2549.18
31610,-1.9549,0.4776,10.6051,1515,2549.18
31615,-1.3443,-0.656,12.0716,1531,2549.18
31620,-0.7362,1.7717,10.5584,1516,2549.18
31625,0.6225,3.4249,10.1347,1541,2549.18
31630,-1.6652,2.7857,10.4244,1528,2549.18
31635,-1.1025,-0.3819,11.4275,1515,2549.18
31640,-1.6855,-0.2909,11.8788,1523,2549.18
31645,-0.1245,2.2278,10.1801,1548,2549.18
31650,0.7446,3.8942,10.2388,1517,2549.18
31655,-3.2585,1.9884,10.2568,1529,2549.18
31660,-1.1265,-0.6608,12.0368,1525,2549.18
31665,-1.7083,0.5435,11.394,1515,2549.18
31670,0.1867,2.5941,10.1143,1541,2549.72
31675,0.3663,3.7206,10.3681,1533,2549.72
31680,-2.557,0.8954,10.331,1513,2549.72
31685,-1.2366,-0.6943,12.0919,1523,2549.72
31690,-1.0487,1.4293,10.7751,1533,2549.72
31695,0.4836,3.1867,10.1694,1527,2549.83
31700,-0.8667,3.0825,10.3801,1518,2549.83
31705,-1.2629,-0.1101,11.1187,1525,2549.83
31710,-1.555,-0.583,11.9219,1517,2549.83
31715,-0.2873,2.0566,10.2975,1547,2550.04
31720,0.6608,3.7326,10.1275,1529,2550.04
31725,-2.818,2.4014,10.343,1517,2550.04
31730,-1.1205,-0.5447,11.8262,1525,2550.04
31735,-1.7597,0.2298,11.655,1523,2550.04
31740,0.0694,2.3846,10.0389,1553,2550.48
31745,0.6117,3.8355,10.2927,1531,2550.48
31750,-3.0825,1.3192,10.2065,1531,2550.48
31755,-1.1947,-0.6357,12.0871,1515,2550.48
31760,-1.3288,1.2151,10.9463,1513,2550.48
31765,0.4274,3.0167,10.1083,1553,2550.8
31770,-0.1568,3.3327,10.392,1519,2550.8
31775,-1.6747,0.1844,10.7823,1516,2550.8
31780,-1.4198,-0.7135,12.0021,1526,2550.8
31785,-0.565,1.9154,10.4639,1517,2551.02
31790,0.6584,3.5913,10.1658,1531,2551.02
31795,-2.0686,2.6264,10.3525,1514,2551.02
31800,-1.0702,-0.4393,11.5748,1515,2551.02
31805,-1.7262,-0.1724,11.7735,1517,2551.02
31810,-0.0862,2.2314,10.1179,1559,2551.02
31815,0.6704,3.9169,10.3034,1519,2551.02
31820,-3.3507,1.7921,10.246,1517,2551.02
31825,-1.1025,-0.5997,12.0787,1515,2551.02
31830,-1.5826,0.8152,11.2204,1518,2551.02
31835,0.2227,2.6683,10.0365,1532,2550.8
31840,0.2263,3.5662,10.4112,1518,2550.8
31845,-2.1691,0.6273,10.5237,1527,2550.8
31850,-1.3108,-0.656,12.1099,1519,2550.8
31855,-0.8775,1.7071,10.6566,1523,2550.8
31860,0.583,3.3866,10.1442,1542,2550.91
31865,-1.3096,2.8228,10.4052,1525,2550.91
31870,-1.142,-0.3244,11.3042,1513,2550.91
31875,-1.6628,-0.4369,11.8549,1519,2550.91
31880,-0.2011,2.1512,10.2675,1565,2550.7
31885,0.7566,3.8535,10.2304,1516,2550.7
31890,-3.1424,2.1536,10.2891,1525,2550.7
31895,-1.0989,-0.6309,11.9806,1519,2550.7
31900,-1.7406,0.4681,11.4838,1519,2550.7
31905,0.1544,2.4983,10.076,1545,2550.59
31910,0.498,3.808,10.343,1527,2550.59
31915,-2.7438,1.0606,10.2891,1517,2550.59
31920,-1.1995,-0.6776,12.0979,1527,2550.59
31925,-1.1109,1.385,10.8493,1529,2550.59
31930,0.3759,3.1412,10.1083,1531,2550.8
31935,-0.6608,3.1436,10.4686,1525,2550.8
31940,-1.3587,-0.0611,10.9678,1525,2550.8
31945,-1.4988,-0.5986,11.9183,1519,2550.8
31950,-0.3388,2.0087,10.3513,1560,2551.02
31955,0.723,3.6691,10.2304,1527,2551.02
31960,-2.6588,2.4576,10.3202,1523,2551.02
31965,-1.081,-0.5148,11.7567,1523,2551.02
31970,-1.7645,0.073,11.6514,1528,2551.02
31975,0.0994,2.3846,10.0999,1554,2551.67
31980,0.6596,3.8259,10.2292,1533,2551.67
31985,-3.2046,1.4736,10.2855,1531,2551.67
31990,-1.2665,-0.6548,12.0608,1513,2551.67
31995,-1.3994,1.1408,11.1486,1523,2551.67
32000,0.3292,2.891,10.1299,1549,2551.67
32005,-0.0275,3.4213,10.4315,1515,2551.67
32010,-1.7741,0.249,10.6099,1517,2551.67
32015,-1.4078,-0.6728,12.0608,1533,2551.67
32020,-0.6189,1.7765,10.4232,1519,2551.67
32025,0.6237,3.5614,10.2161,1543,2551.67
32030,-1.9225,2.6899,10.3825,1528,2551.67
32035,-1.0283,-0.3771,11.5281,1528,2551.67
32040,-1.737,-0.3089,11.7747,1525,2551.67
32045,-0.0826,2.229,10.1335,1559,2552.0
32050,0.6835,3.8511,10.2161,1517,2552.0
32055,-3.31,1.8735,10.337,1532,2552.0
32060,-1.1217,-0.6189,12.0476,1523,2552.0
32065,-1.6029,0.7638,11.3342,1513,2552.0
32070,0.2191,2.6671,10.009,1541,2552.0
32075,0.3256,3.5997,10.3705,1527,2552.0
32080,-2.3343,0.6967,10.4016,1511,2552.0
32085,-1.3012,-0.6452,12.0991,1515,2552.0
32090,-0.8667,1.6747,10.647,1529,2552.0
32095,0.571,3.3411,10.094,1530,2551.89
32100,-1.1313,2.9078,10.4279,1517,2551.89
32105,-1.1672,-0.2682,11.2432,1509,2551.89
32110,-1.646,-0.4621,11.9135,1519,2551.89
32115,-0.2346,2.065,10.1789,1559,2552.11
32120,0.7757,3.8642,10.2663,1513,2552.11
32125,-3.0646,2.1476,10.3154,1525,2552.11
32130,-1.0953,-0.6093,11.9638,1515,2552.11
32135,-1.7334,0.328,11.4742,1514,2552.11
32140,0.091,2.5031,10.1191,1561,2552.11
32145,0.4932,3.79,10.3382,1525,2552.11
32150,-2.8192,1.1444,10.343,1517,2552.11
32155,-1.227,-0.6297,12.0536,1523,2552.11
32160,-1.2067,1.3659,10.9259,1526,2552.11
32165,0.4082,3.0107,10.1287,1533,2552.11
32170,-0.5267,3.1963,10.4555,1525,2552.11
32175,-1.415,-0.0084,10.9128,1523,2552.11
32180,-1.4844,-0.5267,12.0524,1522,2552.11
32185,-0.4345,1.9716,10.3286,1563,2552.21
32190,0.6943,3.6787,10.1622,1525,2552.21
32195,-2.6181,2.4588,10.2771,1516,2552.21
32200,-1.1193,-0.5207,11.7579,1519,2552.21
32205,-1.7514,0.0156,11.6861,1528,2552.21
32210,0.091,2.3619,10.1191,1557,2552.32
32215,0.6476,3.8331,10.2268,1529,2552.32
32220,-3.2298,1.5407,10.2915,1527,2552.32
32225,-1.2198,-0.6728,12.1721,1515,2552.32
32230,-1.4222,1.1109,11.1977,1525,2552.32
32235,0.2729,2.903,10.2244,1547,2552.43
32240,-0.0108,3.401,10.3334,1518,2552.43
32245,-1.7154,0.2921,10.4591,1517,2552.43
32250,-1.4222,-0.6907,11.8501,1531,2552.43
32255,-0.5974,1.8016,10.5177,1513,2552.43
32260,0.6381,3.5231,10.3214,1533,2552.21
32265,-1.9333,2.7473,10.5297,1529,2552.21
32270,-1.0618,-0.3723,11.5389,1513,2552.21
32275,-1.6867,-0.2813,11.8106,1527,2552.21
32280,-0.1796,2.1847,10.0114,1557,2551.78
32285,0.6823,3.9073,10.1682,1513,2551.78
32290,-3.2944,1.9058,10.2747,1529,2551.78
32295,-1.2031,-0.6009,12.135,1525,2551.78
32300,-1.549,0.6979,11.3557,1515,2551.78
32305,0.2215,2.7007,10.1514,1543,2551.35
32310,0.2885,3.5662,10.2568,1519,2551.35
32315,-2.3487,0.7183,10.404,1511,2551.35
32320,-1.3743,-0.6955,11.9818,1518,2551.35
32325,-0.9074,1.658,10.8062,1532,2551.35
32330,0.5962,3.3124,10.2113,1531,2550.91
32335,-1.0894,2.9461,10.4782,1519,2550.91
32340,-1.1253,-0.2466,11.1151,1525,2550.91
32345,-1.634,-0.4956,11.8226,1519,2550.91
32350,-0.2777,2.059,10.1813,1565,2550.8
32355,0.7961,3.8391,10.234,1523,2550.8
32360,-3.0347,2.2302,10.3022,1517,2550.8
32365,-1.1241,-0.5626,12.0153,1523,2550.8
32370,-1.7131,0.3017,11.546,1515,2550.8
32375,0.1185,2.4553,10.0688,1562,2550.91
32380,0.5423,3.7996,10.2472,1523,2550.91
32385,-2.9245,1.2067,10.2352,1525,2550.91
32390,-1.2725,-0.662,12.0728,1519,2550.91
32395,-1.1947,1.3156,10.9295,1523,2550.91
32400,0.3998,3.049,10.1598,1550,2550.8
32405,-0.4669,3.2226,10.4435,1518,2550.8
32410,-1.5191,0.0622,10.8433,1515,2550.8
32415,-1.4796,-0.5746,11.8824,1519,2550.8
32420,-0.4465,1.998,10.3346,1545,2550.91
32425,0.7015,3.6212,10.1789,1519,2550.91
32430,-2.4146,2.5127,10.3477,1519,2550.91
32435,-1.1803,-0.5806,11.7268,1518,2550.91
32440,-1.725,-0.0072,11.7424,1517,2550.91
32445,0.0527,2.2948,10.0126,1559,2551.24
32450,0.7302,3.9037,10.2388,1525,2551.24
32455,-3.2082,1.6053,10.1742,1525,2551.24
32460,-1.2989,-0.668,12.1685,1517,2551.24
32465,-1.4832,1.0116,11.1845,1523,2551.24
32470,0.1137,2.4864,10.1394,1540,2551.67
32475,0.0754,3.4848,10.3908,1519,2551.67
32480,-2.9257,1.2103,10.2484,1513,2551.67
32485,-1.385,-0.7111,11.9674,1527,2551.67
32490,-1.1959,1.3348,10.9295,1517,2551.67
32495,0.4465,3.0478,10.2173,1533,2551.67
32500,-0.31,3.2836,10.4244,1525,2551.67
32505,-1.5467,0.0922,10.8481,1515,2551.67
32510,-1.4772,-0.6476,11.9818,1499,2551.67
32515,-0.4884,1.9537,10.3322,1533,2551.89
32520,0.6835,3.6571,10.1335,1515,2551.89
32525,-2.3643,2.5654,10.3489,1528,2551.89
32530,-1.1839,-0.4752,11.6873,1523,2551.89
32535,-1.7178,-0.0204,11.7711,1523,2551.89
32540,0.0215,2.2972,10.1071,1559,2552.21
32545,0.6536,3.8487,10.3453,1528,2552.21
32550,-3.2585,1.5694,10.1598,1515,2552.21
32555,-1.2354,-0.6225,12.0991,1525,2552.21
32560,-1.4401,0.9768,11.1594,1533,2552.21
32565,0.3591,2.8599,10.1347,1529,2552.65
32570,0.0994,3.4536,10.4256,1523,2552.65
32575,-2.0255,0.4693,10.6674,1525,2552.65
32580,-1.3755,-0.7099,12.0285,1517,2552.65
32585,-0.7123,1.8232,10.5369,1561,2552.87
32590,0.7075,3.4393,10.1011,1527,2552.87
32595,-1.585,2.7713,10.4495,1519,2552.87
32600,-1.1612,-0.4369,11.4215,1525,2552.87
32605,-1.6927,-0.316,11.9447,1529,2552.87
32610,-0.1293,2.1967,10.167,1558,2552.54
32615,0.7673,3.9444,10.2544,1529,2552.54
32620,-3.2705,1.9321,10.1538,1541,2552.54
32625,-1.2115,-0.5878,12.0165,1517,2552.54
32630,-1.6604,0.6177,11.3497,1517,2552.54
32635,0.2179,2.6061,10.1191,1548,2552.43
32640,0.3543,3.6488,10.4315,1519,2552.43
32645,-2.5307,0.8942,10.4184,1515,2552.43
32650,-1.306,-0.6644,12.0333,1529,2552.43
32655,-0.9756,1.5562,10.6554,1525,2552.43
32660,0.5997,3.2573,10.1083,1529,2551.89
32665,-0.9661,2.976,10.4663,1517,2551.89
32670,-1.3276,-0.243,11.1247,1519,2551.89
32675,-1.5694,-0.5112,12.0033,1517,2551.89
32680,-0.2143,2.0985,10.3118,1559,2552.21
32685,0.753,3.7625,10.1706,1525,2552.21
32690,-2.9102,2.2913,10.258,1519,2552.21
32695,-1.2091,-0.6297,11.8393,1514,2552.21
32700,-1.7765,0.3029,11.5688,1519,2552.21
32705,0.1784,2.4337,10.1023,1533,2552.21
32710,0.6237,3.8439,10.3884,1518,2552.21
32715,-3.0071,1.136,10.2388,1515,2552.21
32720,-1.2594,-0.6991,12.0392,1519,2552.21
32725,-1.2605,1.3036,10.8745,1519,2552.21
32730,0.4453,3.0347,10.1119,1540,2552.32
32735,-0.3699,3.2896,10.4004,1523,2552.32
32740,-1.5742,0.0922,10.8996,1511,2552.32
32745,-1.4724,-0.6823,12.056,1523,2552.32
32750,-0.4405,1.9213,10.3394,1563,2552.43
32755,0.6812,3.6069,10.149,1519,2552.43
32760,-2.3739,2.6037,10.3801,1525,2552.43
32765,-1.1516,-0.4812,11.655,1519,2552.43
32770,-1.7214,-0.0539,11.7436,1515,2552.43
32775,0.0359,2.3056,10.1107,1544,2552.43
32780,0.6357,3.8642,10.3154,1531,2552.43
32785,-3.3136,1.6077,10.1945,1518,2552.43
32790,-1.2378,-0.6285,12.074,1519,2552.43
32795,-1.4664,1.0223,11.1761,1532,2552.43
32800,0.3567,2.8264,10.0796,1529,2553.3
32805,0.1413,3.4848,10.4208,1528,2553.3
32810,-2.0159,0.413,10.5273,1523,2553.3
32815,-1.3946,-0.6931,12.0979,1524,2553.3
32820,-0.6847,1.7837,10.6231,1555,2553.63
32825,0.6716,3.5039,10.1754,1527,2553.63
32830,-1.5993,2.7007,10.404,1517,2553.63
32835,-1.1121,-0.3711,11.4371,1525,2553.63
32840,-1.7166,-0.3603,11.8202,1527,2553.63
32845,-0.1329,2.162,10.1897,1561,2553.73
32850,0.7398,3.8846,10.2376,1532,2553.73
32855,-3.2561,2.0339,10.3298,1531,2553.73
32860,-1.1947,-0.6656,12.0165,1516,2553.73
32865,-1.664,0.6572,11.3737,1527,2553.73
32870,0.17,2.5367,10.0784,1545,2553.19
32875,0.3843,3.6679,10.3884,1523,2553.19
32880,-2.4924,0.8272,10.3382,1513,2553.19
32885,-1.3408,-0.6117,12.0895,1528,2553.19
32890,-0.9242,1.5646,10.7416,1522,2553.19
32895,0.5052,3.2896,10.1418,1527,2552.97
32900,-1.0271,2.9556,10.3753,1515,2552.97
32905,-1.2701,-0.1975,11.1809,1515,2552.97
32910,-1.6221,-0.4621,11.8788,1515,2552.97
32915,-0.2406,2.0686,10.2388,1558,2552.87
32920,0.7901,3.7709,10.2017,1523,2552.87
32925,-2.9066,2.241,10.2783,1517,2552.87
32930,-1.1971,-0.5746,11.8824,1512,2552.87
32935,-1.7753,0.3017,11.5556,1519,2552.87
32940,0.1784,2.4648,10.0664,1531,2552.54
32945,0.6357,3.8116,10.2879,1519,2552.54
32950,-2.9221,1.2318,10.2891,1515,2552.54
32955,-1.2546,-0.7482,12.0668,1519,2552.54
32960,-1.2534,1.2797,10.9894,1525,2552.54
32965,0.4106,3.0598,10.1311,1533,2552.65
32970,-0.4214,3.3243,10.4615,1519,2552.65
32975,-1.5706,0.1257,10.8481,1515,2552.65
32980,-1.4629,-0.6584,12.0273,1525,2552.65
32985,-0.407,1.895,10.3465,1564,2552.76
32990,0.6608,3.626,10.2388,1515,2552.76
32995,-2.3858,2.4804,10.3058,1523,2552.76
33000,-1.1432,-0.4729,11.7603,1518,2552.76
33005,-1.7777,-0.0814,11.7112,1515,2552.76
33010,0.079,2.332,10.1167,1547,2552.65
33015,0.6943,3.814,10.2699,1528,2552.65
33020,-3.2765,1.5742,10.3238,1517,2552.65
33025,-1.2282,-0.662,12.0476,1527,2552.65
33030,-1.4425,1.0307,11.1235,1531,2552.65
33035,0.3531,2.8527,10.1263,1532,2552.54
33040,0.1209,3.4668,10.4435,1526,2552.54
33045,-1.9585,0.4034,10.5512,1527,2552.54
33050,-1.3827,-0.7242,12.074,1517,2552.54
33055,-0.7422,1.7957,10.5105,1549,2552.65
33060,0.674,3.4943,10.1634,1529,2552.65
33065,-1.6484,2.7749,10.4136,1519,2552.65
33070,-1.1756,-0.3567,11.3832,1525,2552.65
33075,-1.7119,-0.3711,11.8752,1531,2552.65
33080,-0.1137,2.1979,10.1933,1545,2552.65
33085,0.7111,3.893,10.2843,1529,2552.65
33090,-3.3004,1.9597,10.2005,1541,2552.65
33095,-1.166,-0.6009,12.0261,1514,2552.65
33100,-1.6496,0.6393,11.3784,1517,2552.65
33105,0.2083,2.6264,10.1275,1543,2552.32
33110,0.3376,3.6296,10.3238,1517,2552.32
33115,-2.4948,0.832,10.4435,1515,2552.32
33120,-1.306,-0.6656,12.0728,1530,2552.32
33125,-0.9553,1.5897,10.7799,1518,2552.32
33130,0.5411,3.1831,10.0329,1527,2552.32
33135,-0.9517,3.0418,10.4172,1515,2552.32
33140,-1.3144,-0.1963,11.1749,1507,2552.32
33145,-1.5921,-0.4836,12.0297,1519,2552.32
33150,-0.2741,2.0147,10.1969,1556,2552.32
33155,0.7949,3.8092,10.2376,1519,2552.32
33160,-2.9341,2.223,10.2053,1517,2552.32
33165,-1.1708,-0.6345,11.898,1516,2552.32
33170,-1.7693,0.255,11.5305,1517,2552.32
33175,0.17,2.4768,10.1155,1531,2552.32
33180,0.6105,3.8104,10.3238,1523,2552.32
33185,-2.9449,1.257,10.2783,1513,2552.32
33190,-1.2534,-0.7051,12.0572,1517,2552.32
33195,-1.2282,1.2845,10.963,1527,2552.32
33200,0.3938,3.0143,10.1107,1529,2552.43
33205,-0.3986,3.3196,10.4471,1524,2552.43
33210,-1.5526,0.0898,10.8326,1515,2552.43
33215,-1.4808,-0.6369,11.971,1519,2552.43
33220,-0.4381,1.9896,10.325,1559,2552.76
33225,0.6572,3.6344,10.1801,1519,2552.76
33230,-2.4409,2.5091,10.3573,1517,2552.76
33235,-1.9656,0.4082,10.5812,1515,2552.76
33240,-1.7873,-0.0227,11.746,1519,2552.76
33245,0.0599,2.3116,10.088,1561,2553.08
33250,0.6692,3.8894,10.3537,1527,2553.08
33255,-3.3016,1.6053,10.2137,1517,2553.08
33260,-1.2522,-0.6345,12.1314,1523,2553.08
33265,-1.4928,1.0151,11.1546,1527,2553.08
33270,0.3567,2.8742,10.1263,1529,2552.97
33275,0.1161,3.4357,10.3573,1523,2552.97
33280,-1.9656,0.4238,10.6123,1523,2552.97
33285,-1.4437,-0.735,12.0596,1519,2552.97
33290,-0.7398,1.8244,10.5584,1567,2552.87
33295,0.5986,3.4764,10.1215,1527,2552.87
33300,-1.6496,2.8036,10.3681,1517,2552.87
33305,-1.1145,-0.3843,11.3988,1519,2552.87
33310,-1.719,-0.3316,11.8728,1530,2552.87
33315,-0.1041,2.1141,10.1203,1559,2552.65
33320,0.7099,3.9121,10.3154,1555,2552.65
33325,-3.322,1.9692,10.2556,1531,2552.65
33330,-1.1289,-0.5567,11.9746,1513,2552.65
33335,-1.6712,0.6057,11.3078,1518,2552.65
33340,0.243,2.6228,10.0437,1549,2552.76
33345,0.3543,3.6583,10.3825,1517,2552.76
33350,-2.4983,0.832,10.4411,1513,2552.76
33355,-1.3108,-0.6476,12.0895,1531,2552.76
33360,-0.9828,1.5945,10.805,1518,2552.76
33365,0.5794,3.2537,10.1251,1532,2552.54
33370,-0.972,2.9245,10.3693,1525,2552.54
33375,-1.2617,-0.2274,11.1271,1513,2552.54
33380,-1.6352,-0.5016,11.9171,1524,2552.54
33385,-0.2801,2.1368,10.3346,1561,2552.97
33390,0.7985,3.7709,10.1945,1519,2552.97
33395,-2.9844,2.2422,10.3011,1529,2552.97
33400,-1.1349,-0.6369,11.8705,1519,2552.97
33405,-1.7609,0.2861,11.5508,1523,2552.97
33410,0.1161,2.4062,10.0257,1530,2553.63
33415,0.6009,3.8451,10.3848,1517,2553.63
33420,-2.9389,1.239,10.2424,1513,2553.63
33425,-1.2222,-0.6596,12.1003,1515,2553.63
33430,-1.2378,1.2917,10.8948,1527,2553.63
33435,0.4226,3.0765,10.1562,1525,2553.95
33440,-0.4908,3.2489,10.4016,1517,2553.95
33445,-1.5311,0.1077,10.9212,1514,2553.95
33450,-1.4736,-0.6608,11.9973,1523,2553.95
33455,-0.3938,1.9309,10.4148,1561,2553.95
33460,0.7111,3.6356,10.1754,1517,2553.95
33465,-2.4948,2.5223,10.3561,1525,2553.95
33470,-1.172,-0.5255,11.7112,1520,2553.95
33475,-1.7561,0.0072,11.7543,1519,2553.95
33480,0.0634,2.3224,10.0664,1563,2554.17
33485,0.6979,3.881,10.234,1527,2554.17
33490,-3.2525,1.5658,10.2388,1517,2554.17
33495,-1.2869,-0.6644,12.0764,1531,2554.17
33500,-1.415,1.0463,11.1091,1523,2554.17
33505,0.3807,2.879,10.1251,1529,2553.95
33510,-0.006,3.4572,10.4423,1523,2553.95
33515,-1.8627,0.3591,10.5931,1523,2553.95
33520,-1.4198,-0.7877,12.0536,1519,2553.95
33525,-0.674,1.8196,10.4734,1565,2553.52
33530,0.6584,3.5231,10.2101,1527,2553.52
33535,-1.8088,2.7438,10.3693,1515,2553.52
33540,-1.0858,-0.3687,11.4299,1525,2553.52
33545,-1.7669,-0.3208,11.8202,1532,2553.52
33550,-0.0551,2.2015,10.1861,1559,2553.19
33555,0.7063,3.8726,10.2077,1531,2553.19
33560,-3.316,1.9333,10.2508,1541,2553.19
33565,-1.1815,-0.6009,12.0428,1516,2553.19
33570,-1.6173,0.7171,11.3749,1517,2553.19
33575,0.2179,2.6085,10.0425,1559,2553.08
33580,0.3663,3.6859,10.4339,1516,2553.08
33585,-2.3786,0.735,10.4375,1517,2553.08
33590,-1.3132,-0.6752,12.1338,1531,2553.08
33595,-0.9445,1.634,10.6506,1523,2553.08
33600,0.5698,3.3483,10.1107,1528,2552.76
33605,-1.0894,2.9341,10.3825,1519,2552.76
33610,-1.233,-0.2083,11.1594,1511,2552.76
33615,-1.8256,-0.0012,-0.0012,1519,2552.76
33620,-0.231,2.1272,10.2352,1557,2552.87
33625,0.7685,3.8295,10.2137,1517,2552.87
33630,-3.0299,2.1847,10.2867,1528,2552.87
33635,-1.1109,-0.6117,11.8896,1517,2552.87
33640,-1.7777,0.3196,11.5221,1523,2552.87
33645,0.1341,2.4732,10.1119,1529,2552.65
33650,0.5411,3.8008,10.3837,1515,2552.65
33655,-2.885,1.1756,10.2448,1513,2552.65
33660,-1.2414,-0.656,12.044,1517,2552.65
33665,-1.172,1.3874,10.9499,1529,2552.65
33670,0.3891,3.0634,10.0592,1531,2552.54
33675,-0.5435,3.2034,10.4722,1523,2552.54
33680,-1.4952,0.0335,10.9583,1515,2552.54
33685,-1.5107,-0.5997,11.9854,1519,2552.54
33690,-0.3639,1.9381,10.2879,1561,2552.54
33695,0.6931,3.7206,10.2065,1515,2552.54
33700,-2.6193,2.4852,10.2627,1520,2552.54
33705,-1.1384,-0.498,11.7615,1521,2552.54
33710,-1.7789,0.0467,11.6646,1519,2552.54
33715,0.0766,2.3786,10.0904,1561,2552.65
33720,0.6764,3.8607,10.2699,1527,2552.65
33725,-3.2082,1.5024,10.1909,1513,2552.65
33730,-1.2402,-0.7207,12.038,1526,2552.65
33735,-1.4401,1.0582,11.139,1529,2552.65
33740,0.3807,2.8934,10.058,1531,2552.65
33745,0.0335,3.4788,10.3848,1523,2552.65
33750,-1.8783,0.3747,10.6051,1525,2552.65
33755,-1.3551,-0.7003,12.1135,1517,2552.65
33760,-0.6141,1.8268,10.5082,1549,2552.43
33765,0.6333,3.5171,10.143,1528,2552.43
33770,-1.8196,2.7557,10.4124,1513,2552.43
33775,-1.1468,-0.3926,11.4718,1523,2552.43
33780,-1.7322,-0.328,11.8465,1528,2552.43
33785,-0.0886,2.2015,10.143,1559,2552.54
33790,0.6931,3.8666,10.2544,1531,2552.54
33795,-3.3088,1.8842,10.2723,1529,2552.54
33800,-1.1624,-0.6189,12.0464,1514,2552.54
33805,-1.6305,0.6823,11.327,1519,2552.54
33810,0.2538,2.6372,10.1023,1549,2552.21
33815,0.3208,3.5841,10.331,1523,2552.21
33820,-2.4086,0.7614,10.4615,1512,2552.21
33825,-1.3156,-0.6955,12.0823,1533,2552.21
33830,-0.9158,1.6568,10.7344,1517,2552.21
33835,0.5782,3.2944,10.0868,1541,2551.56
33840,-1.0367,2.9353,10.4543,1525,2551.56
33845,-1.1971,-0.2406,11.1869,1513,2551.56
33850,-1.5969,-0.4669,11.9614,1524,2551.56
33855,-0.2574,2.0997,10.2173,1557,2551.35
33860,0.8176,3.8834,10.2388,1518,2551.35
33865,-3.067,2.1907,10.2484,1533,2551.35
33870,-1.1049,-0.5626,11.9507,1523,2551.35
33875,-1.7526,0.2897,11.4766,1517,2551.35
33880,0.0934,2.478,10.1131,1543,2551.24
33885,0.5638,3.8176,10.3298,1528,2551.24
33890,-2.8958,1.2151,10.337,1513,2551.24
33895,-1.1684,-0.662,12.0895,1516,2551.24
33900,-1.2486,1.3455,10.9774,1531,2551.24
33905,0.3879,3.061,10.0652,1533,2551.02
33910,-0.4513,3.2166,10.4136,1519,2551.02
33915,-1.476,0.0563,10.8469,1515,2551.02
33920,-1.482,-0.5698,11.9746,1519,2551.02
33925,-0.4262,1.9812,10.4435,1559,2550.37
33930,0.6871,3.65,10.1359,1515,2550.37
33935,-2.4972,2.4864,10.3358,1523,2550.37
33940,-1.0918,-0.5459,11.7148,1514,2550.37
33945,-1.7334,-0.0263,11.7352,1516,2550.37
33950,0.0634,2.3188,10.0868,1563,2549.83
33955,0.7063,3.8559,10.2663,1525,2549.83
33960,-3.2992,1.6041,10.252,1525,2549.83
33965,-1.2007,-0.6919,12.1039,1519,2549.83
33970,-1.4904,0.9613,11.1965,1518,2549.83
33975,0.31,2.8635,10.0904,1545,2549.61
33980,0.1018,3.456,10.3226,1525,2549.61
33985,-1.9656,0.4525,10.5692,1523,2549.61
33990,-1.3934,-0.741,12.0237,1523,2549.61
33995,-0.6835,1.7478,10.5943,1549,2549.72
34000,0.5782,3.4405,10.1323,1519,2549.72
34005,-1.6364,2.8527,10.4303,1516,2549.72
34010,-1.142,-0.3472,11.406,1515,2549.72
34015,-1.6568,-0.3519,11.8884,1522,2549.72
34020,-0.1149,2.1344,10.1742,1559,2550.59
34025,0.7302,3.9061,10.2819,1527,2550.59
34030,-3.2645,1.9896,10.2077,1531,2550.59
34035,-1.1337,-0.5315,12.0608,1517,2550.59
34040,-1.6723,0.5507,11.3808,1525,2550.59
34045,0.1748,2.6264,10.0844,1543,2550.48
34050,0.3531,3.6978,10.3609,1517,2550.48
34055,-2.624,0.8966,10.4136,1516,2550.48
34060,-1.2893,-0.7039,12.0883,1525,2550.48
34065,-1.0068,1.5395,10.7571,1516,2550.48
34070,0.5148,3.231,10.0592,1543,2550.37
34075,-0.7638,3.0478,10.4267,1531,2550.37
34080,-1.2594,-0.164,11.0744,1513,5291.47
34085,-1.5634,-0.5962,11.9542,1519,5291.47
34090,-0.316,2.0722,10.2352,1542,4923.28
34095,0.7482,3.7781,10.2053,1515,4923.28
34100,-2.8132,2.32,10.2771,1527,4923.28
34105,-1.136,-0.5411,11.8178,1525,4923.28
34110,-1.7777,0.1496,11.655,1515,4923.28
34115,0.0934,2.3834,10.0556,1563,2550.48
34120,0.6177,3.8319,10.3573,1533,2550.48
34125,-3.0562,1.3431,10.2208,1517,2550.48
34130,-1.1959,-0.5997,12.1159,1524,2550.48
34135,-1.3048,1.1959,10.9894,1531,2550.48
34140,0.3364,2.982,10.1526,1529,2550.48
34145,-0.2885,3.2801,10.4028,1523,2550.48
34150,-1.658,0.2382,10.8541,1519,2550.48
34155,-1.4329,-0.6141,12.0009,1517,2550.48
34160,-0.51,1.9166,10.4746,1568,2550.59
34165,0.6632,3.6129,10.0892,1529,2550.59
34170,-2.1859,2.6061,10.41,1518,2550.59
34175,-1.1325,-0.5195,11.5855,1523,2550.59
34180,-1.719,-0.1161,11.8357,1529,2550.59
34185,0.0168,2.2733,10.1622,1557,2550.37
34190,0.7386,3.9109,10.2807,1531,2550.37
34195,-3.3232,1.7801,10.1849,1531,2550.37
34200,-1.2246,-0.6321,12.0644,1515,2550.37
34205,-1.5718,0.8056,11.2827,1519,2550.37
34210,0.255,2.7438,10.1263,1544,2550.37
34215,0.1724,3.5698,10.3513,1517,2550.37
34220,-2.217,0.6141,10.4794,1517,2550.37
34225,-1.2761,-0.6991,12.0572,1530,2550.37
34230,-0.7793,1.6508,10.6578,1519,2550.37
34235,0.5602,3.4058,10.1778,1529,2550.48
34240,-1.3838,2.909,10.3729,1524,2550.48
34245,-1.1648,-0.2682,11.3401,1515,2550.48
34250,-1.6065,-0.4681,11.8549,1523,2550.48
34255,-0.1844,2.1596,10.1813,1558,2550.48
34260,0.662,3.8271,10.1813,1517,2550.48
