timestamp_ms,ax,ay,az,acs_adc,rpm
284880,-6.1304,-1.1935,12.8078,1303,3065.76
284885,-2.4804,2.7031,7.7991,1289,3065.13
284890,3.2262,3.8403,9.5337,1292,3065.13
284895,1.3767,0.4381,13.3094,1293,3065.13
284900,-6.5326,-0.8368,12.3565,1295,3065.13
284905,-1.5514,2.8754,7.7045,1291,3064.51
284910,3.5039,3.9121,9.8689,1291,3064.51
284915,0.5626,0.1041,13.5596,1288,3064.51
284920,-6.8522,-0.3735,11.9507,1295,3064.51
284925,-0.6572,2.9688,7.5992,1289,3064.19
284930,3.735,3.7529,10.0545,1291,3064.19
284935,-0.17,-0.3077,13.7667,1289,3064.19
284940,-7.0605,0.0227,11.4563,1291,3064.19
284945,0.0646,3.0586,7.6495,1298,3064.19
284950,3.9636,3.6272,10.3777,1295,3064.19
284955,-0.9098,-0.6237,14.0073,1291,3064.19
284960,-7.2197,0.5375,10.9463,1291,3064.19
284965,0.7482,3.1687,7.7249,1287,3064.19
284970,4.1108,3.4285,10.7081,1291,3064.19
284975,-1.7573,-1.0211,14.0839,1293,3064.19
284980,-7.1251,0.9637,10.5129,1291,3064.19
284985,1.2594,3.3255,7.9152,1289,3064.04
284990,4.1994,3.1651,11.1043,1292,3064.04
284995,-2.569,-1.3012,14.1066,1291,3064.04
285000,-6.9061,1.3575,10.0329,1303,3064.04
285005,1.6747,3.3866,8.1547,1287,3064.04
285010,4.1767,2.8407,11.4431,1291,3064.04
285015,-3.2765,-1.5502,14.0288,1289,3064.04
285020,-6.5469,1.6795,9.5445,1291,3064.04
285025,1.9944,3.4644,8.333,1295,3064.04
285030,4.0366,2.4816,11.7914,1291,3064.04
285035,-3.9971,-1.6723,13.89,1289,3064.04
285040,-5.9233,1.9812,9.0788,1293,3063.88
285045,2.2302,3.5937,8.6072,1287,3063.88
285050,3.6787,2.0578,12.1805,1288,3063.88
285055,-4.6005,-1.7549,13.7583,1295,3063.88
285060,-5.1691,2.217,8.6574,1289,3063.73
285065,2.5151,3.7254,8.849,1287,3063.73
285070,3.2166,1.634,12.3984,1289,3063.73
285075,-5.1918,-1.6568,13.4039,1293,3063.73
285080,-4.2928,2.3739,8.2887,1294,3063.41
285085,2.7198,3.8104,9.1219,1291,3063.41
285090,2.6492,1.1971,12.8329,1289,3063.41
285095,-5.6467,-1.4569,13.1142,1288,3063.41
285100,-3.3579,2.551,7.9954,1291,3063.1
285105,2.9724,3.8499,9.3541,1295,3063.1
285110,1.9788,0.7889,13.1346,1287,3063.1
285115,-6.1639,-1.1612,12.7204,1292,3063.1
285120,-2.4134,2.7162,7.8398,1289,3062.63
285125,3.2717,3.9073,9.6223,1291,3062.63
285130,1.2737,0.4322,13.3644,1291,3062.63
285135,-6.511,-0.7685,12.2799,1289,3062.63
285140,-1.5036,2.8635,7.7249,1292,3062.16
285145,3.4919,3.8128,9.8414,1291,3062.16
285150,0.5602,0.0575,13.5823,1287,3062.16
285155,-6.8354,-0.3639,11.898,1293,3062.16
285160,-0.6081,2.982,7.6794,1291,3062.16
285165,3.7709,3.7517,10.1119,1292,3062.16
285170,-0.2227,-0.3124,13.7631,1288,3062.16
285175,-7.0114,0.1113,11.376,1291,3062.16
285180,0.1496,3.0598,7.7033,1294,3061.85
285185,3.9504,3.6009,10.4291,1294,3061.85
285190,-0.9266,-0.6285,13.9833,1289,3061.85
285195,-7.1036,0.5543,11.0038,1291,3061.85
285200,0.6991,3.1855,7.829,1288,3061.69
285205,4.1192,3.3974,10.7667,1293,3061.69
285210,-1.6807,-0.9768,14.0516,1293,3061.69
285215,-7.0928,0.9433,10.568,1291,3061.69
285220,1.2438,3.3363,7.9057,1287,3061.69
285225,4.2353,3.134,11.0325,1288,3061.69
285230,-2.4181,-1.2582,14.121,1287,3061.69
285235,-6.9013,1.306,10.058,1292,3061.69
285240,1.6388,3.4058,8.1774,1285,3061.69
285245,4.1958,2.8311,11.3844,1288,3061.69
285250,-3.1651,-1.5514,14.0564,1287,3061.69
285255,-6.5146,1.6257,9.5517,1292,3061.69
285260,1.9513,3.4836,8.3749,1291,3061.22
285265,4.0773,2.5187,11.7711,1286,3061.22
285270,-3.8571,-1.6568,13.975,1286,3061.22
285275,-5.9915,1.968,9.1243,1292,3061.22
285280,2.2146,3.6117,8.5892,1289,3061.22
285285,3.7601,2.1464,12.0476,1299,3061.22
285290,-4.4065,-1.7142,13.7391,1289,3061.22
285295,-5.2948,2.1548,8.7197,1293,3061.07
285300,2.4098,3.7122,8.8861,1291,3061.07
285305,3.3603,1.7071,12.378,1288,3061.07
285310,-4.9572,-1.6269,13.4841,1301,3061.07
285315,-4.4377,2.3703,8.327,1293,3060.91
285320,2.6995,3.7613,9.0573,1293,3060.91
285325,2.7497,1.3096,12.6498,1288,3060.91
285330,-5.4743,-1.5359,13.1585,1293,3060.91
285335,-3.5386,2.5379,8.1032,1293,3060.76
285340,2.9485,3.8642,9.2703,1295,3060.76
285345,2.1368,0.996,13.034,1287,3060.76
285350,-5.8993,-1.2342,12.8569,1291,3060.76
285355,-2.6408,2.6803,7.8458,1290,3060.76
285360,3.1999,3.9121,9.5146,1297,3060.76
285365,1.4653,0.5531,13.2292,1291,3060.76
285370,-6.3027,-0.9385,12.3972,1293,3060.76
285375,-1.7609,2.7773,7.7536,1289,3060.6
285380,3.4584,3.8942,9.8043,1288,3060.6
285385,0.8009,0.1903,13.4758,1290,3060.6
285390,-6.6283,-0.4669,12.044,1295,3060.6
285395,-0.8882,2.8982,7.6148,1279,3060.29
285400,3.6966,3.7721,10.0197,1291,3060.29
285405,0.1113,-0.1628,13.7451,1289,3060.29
285410,-6.8666,-0.0563,11.5377,1295,3060.29
285415,-0.1365,3.0358,7.689,1292,3060.44
285420,3.9217,3.6188,10.3286,1292,3060.44
285425,-0.6069,-0.4896,13.9211,1290,3060.44
285430,-7.033,0.3436,11.0492,1291,3060.44
285435,0.5531,3.1651,7.7548,1293,3060.44
285440,4.0941,3.5578,10.6757,1293,3060.44
285445,-1.3048,-0.8068,14.0468,1285,3060.44
285450,-7.0689,0.7219,10.5728,1299,3060.44
285455,1.0116,3.231,7.8626,1289,3060.6
285460,4.1707,3.2657,10.9068,1290,3060.6
285465,-2.083,-1.1349,14.0492,1291,3060.6
285470,-6.9168,1.1444,10.1957,1291,3060.6
285475,1.5443,3.3579,8.0601,1289,3060.6
285480,4.2569,3.0263,11.2767,1290,3060.6
285485,-2.8084,-1.403,14.0695,1291,3060.6
285490,-6.6559,1.4844,9.7803,1299,3060.6
285495,1.8208,3.389,8.2815,1287,3060.6
285500,4.142,2.6827,11.5808,1292,3060.6
285505,-3.4872,-1.6041,13.9977,1293,3060.6
285510,-6.2453,1.7705,9.3039,1289,3060.6
285515,2.132,3.5147,8.5653,1292,3060.76
285520,3.9492,2.302,11.9291,1299,3060.76
285525,-4.1408,-1.6867,13.8505,1293,3060.76
285530,-5.5761,2.0842,8.8621,1295,3060.44
285535,2.3667,3.6452,8.679,1292,3060.44
285540,3.4967,1.8663,12.2368,1299,3060.44
285545,-4.6926,-1.7514,13.5512,1305,3060.44
285550,-4.8303,2.2446,8.5018,1299,3061.07
285555,2.6181,3.723,8.989,1293,3061.07
285560,3.0957,1.5227,12.5684,1293,3061.07
285565,-5.2792,-1.6604,13.3632,1301,3061.07
285570,-3.9636,2.4421,8.2085,1299,3060.91
285575,2.8311,3.8128,9.1626,1295,3060.91
285580,2.4684,1.0894,12.8473,1293,3060.91
285585,-5.7353,-1.391,12.9766,1295,3060.91
285590,-3.0418,2.5833,7.9212,1301,3061.07
285595,3.0837,3.8654,9.4595,1302,3061.07
285600,1.8172,0.729,13.0903,1293,3061.07
285605,-6.1196,-1.0355,12.5732,1295,3061.07
285610,-2.1392,2.7509,7.7129,1295,3061.07
285615,3.3339,3.8666,9.6271,1298,3061.07
285620,1.2318,0.322,13.3644,1297,3061.07
285625,-6.4847,-0.7051,12.2272,1293,3061.07
285630,-1.2725,2.891,7.6782,1292,3060.91
285635,3.5817,3.7948,9.9335,1293,3060.91
285640,0.492,0.0036,13.6458,1290,3060.91
285645,-6.7828,-0.2777,11.7555,1303,3060.91
285650,-0.4633,2.9939,7.6674,1293,3060.91
285655,3.8188,3.6919,10.1921,1294,3060.91
285660,-0.1844,-0.3424,13.8505,1291,3060.91
285665,-7.0294,0.1089,11.3018,1299,3060.91
285670,0.243,3.1412,7.6519,1304,3060.91
285675,4.0175,3.5063,10.4507,1308,3060.91
285680,-0.984,-0.7494,13.9498,1299,3060.91
285685,-7.1072,0.5327,10.8397,1300,3060.91
285690,0.8487,3.1855,7.7704,1295,3061.07
285695,4.1372,3.3519,10.7679,1295,3061.07
285700,-1.7226,-1.0247,14.0959,1299,3061.07
285705,-7.0437,0.9385,10.3956,1298,3061.07
285710,1.2929,3.2549,7.8877,1299,3061.22
285715,4.282,3.0945,11.0864,1298,3061.22
285720,-2.5139,-1.3312,14.1198,1303,3061.22
285725,-6.8426,1.3623,9.9515,1305,3061.22
285730,1.7334,3.3878,8.1475,1291,3061.38
285735,4.2318,2.7701,11.4634,1293,3061.38
285740,-3.2238,-1.5419,14.0432,1297,3061.38
285745,-6.4093,1.6771,9.426,1305,3061.38
285750,2.0135,3.48,8.3378,1297,3061.38
285755,4.0282,2.4373,11.7723,1293,3061.38
285760,-3.8858,-1.6939,13.8959,1299,3061.38
285765,-5.855,1.9441,9.013,1301,3061.38
285770,2.2984,3.6033,8.5688,1299,3061.69
285775,3.7314,2.0387,12.1817,1304,3061.69
285780,-4.4867,-1.7609,13.6386,1298,3061.69
285785,-5.1104,2.1739,8.6347,1298,3061.69
285790,2.4995,3.6883,8.7855,1299,3061.69
285795,3.2765,1.6281,12.4415,1295,3061.69
285800,-5.0494,-1.6807,13.4075,1305,3061.69
285805,-4.3108,2.3798,8.2935,1301,3061.69
285810,2.7485,3.7493,9.0692,1301,3061.69
285815,2.6827,1.2222,12.7767,1298,3061.69
285820,-4.2772,-1.7717,13.7774,1304,3061.69
285825,-5.5246,2.0734,8.819,1305,3061.85
285830,2.97,3.8044,9.3386,1303,3061.85
285835,3.4022,1.7968,12.3481,1295,3061.85
285840,-4.81,-1.7083,13.5679,1297,3061.85
285845,-4.7345,2.2541,8.4563,1299,3062.01
285850,2.5798,3.7062,8.9842,1307,3062.01
285855,2.9078,1.4222,12.5803,1307,3062.01
285860,-5.3391,-1.5754,13.1825,1311,3062.01
285865,-3.8571,2.46,8.1343,1317,3062.63
285870,2.8084,3.7828,9.2033,1315,3062.63
285875,2.381,0.9852,13.0065,1309,3062.63
285880,-5.8167,-1.3455,12.9024,1311,3062.63
285885,-2.9113,2.6839,7.8793,1305,3063.73
285890,3.0514,3.7936,9.4523,1311,3063.73
285895,1.7154,0.6153,13.2112,1307,3063.73
285900,-6.3063,-1.0367,12.4989,1315,3063.73
285905,-1.9369,2.8012,7.6638,1317,3064.19
285910,3.3519,3.8523,9.7169,1311,3064.19
285915,1.0139,0.2191,13.4853,1311,3064.19
285920,-6.754,-0.6225,12.1171,1311,3064.19
285925,-1.008,2.9042,7.6351,1310,3064.51
285930,3.6332,3.796,10.009,1317,3064.51
285935,0.2011,-0.1604,13.7224,1305,3064.51
285940,-7.0258,-0.2047,11.6286,1309,3064.51
285945,-0.2023,3.0011,7.604,1309,3064.98
285950,3.869,3.6799,10.3022,1311,3064.98
285955,-0.5447,-0.4812,13.9917,1316,3064.98
285960,-7.1742,0.322,11.1414,1317,3064.98
285965,0.5076,3.1268,7.6854,1309,3064.98
285970,4.0977,3.4548,10.6075,1309,3064.98
285975,-1.4269,-0.8871,14.0516,1309,3064.98
285980,-7.2077,0.7626,10.6374,1320,3064.98
285985,1.1193,3.2106,7.8159,1315,3065.13
285990,4.2006,3.2382,11.0121,1315,3065.13
285995,-2.2589,-1.1851,14.224,1311,3065.13
286000,-6.9803,1.1708,10.1382,1311,3065.13
286005,1.5502,3.3124,7.9643,1311,3064.82
286010,4.2892,2.8874,11.3653,1319,3064.82
286015,-3.0299,-1.5012,14.1617,1308,3064.82
286020,-6.687,1.5874,9.675,1319,3064.98
286025,1.9249,3.3878,8.1391,1311,3064.98
286030,4.1563,2.5965,11.7687,1311,3064.98
286035,-3.8056,-1.6436,13.9845,1317,3064.98
286040,-6.1016,1.8184,9.1889,1315,3064.51
286045,2.2075,3.456,8.3689,1316,3064.51
286050,3.8223,2.2326,12.0943,1309,3064.51
286055,-4.4305,-1.7178,13.8505,1309,3064.51
286060,-5.3917,2.1009,8.7544,1311,3063.73
286065,2.4469,3.5698,8.6251,1317,3063.73
286070,3.4237,1.8268,12.5384,1311,3063.73
286075,-5.0434,-1.6723,13.5871,1309,3063.73
286080,-4.5071,2.2889,8.3163,1310,3064.04
286085,2.6791,3.6703,8.8526,1315,3064.04
286090,2.788,1.3958,12.9024,1315,3064.04
286095,-5.5474,-1.5299,13.3537,1319,3064.04
286100,-3.6057,2.4517,7.9643,1311,3063.57
286105,2.9245,3.729,9.019,1315,3063.57
286110,2.1464,1.008,13.1885,1315,3063.57
286115,-6.0358,-1.2881,12.8628,1321,3063.57
286120,-2.6288,2.624,7.7297,1311,3063.57
286125,3.1783,3.8164,9.3937,1315,3063.57
286130,1.318,0.6548,13.562,1311,3063.57
286135,-6.4081,-0.9002,12.5324,1319,3063.57
286140,-1.6484,2.6923,7.4699,1320,3063.73
286145,3.5135,3.8343,9.5205,1312,3063.73
286150,0.5842,0.267,13.7726,1317,3063.73
286155,-6.7014,-0.4884,12.1721,1319,3063.73
286160,-0.8272,2.7713,7.4531,1315,3063.88
286165,3.7661,3.7673,9.9311,1311,3063.88
286170,-0.1209,-0.1053,14.0444,1315,3063.88
286175,-6.9504,-0.0132,11.6442,1312,3063.88
286180,-0.0575,2.9257,7.3969,1322,3064.04
286185,4.0019,3.614,10.2615,1317,3064.04
286190,-0.8882,-0.5231,14.1605,1317,3064.04
286195,-7.1096,0.4202,11.1941,1321,3064.04
286200,0.6141,3.0311,7.5274,1311,3064.19
286205,4.1695,3.4752,10.6267,1315,3064.19
286210,-1.6951,-0.8188,14.3018,1311,3064.19
286215,-7.0641,0.8511,10.671,1325,3064.19
286220,1.172,3.1711,7.6495,1315,3064.82
286225,4.2952,3.2106,11.0181,1316,3064.82
286230,-2.5043,-1.1779,14.2814,1311,3064.82
286235,-6.8642,1.257,10.143,1311,3064.82
286240,1.6209,3.2525,7.8147,1311,3064.35
286245,4.2186,2.9377,11.467,1320,3064.35
286250,-3.2406,-1.47,14.2216,1309,3064.35
286255,-6.4679,1.6352,9.6594,1317,3064.66
286260,1.9058,3.304,8.0014,1311,3064.66
286265,4.0498,2.5941,11.9064,1315,3064.66
286270,-7.3574,-0.3089,-0.3089,1323,3064.66
286275,-5.9364,1.9429,9.1662,1316,3064.51
286280,2.1895,3.4093,8.2037,1315,3064.51
286285,3.6835,2.211,12.2942,1311,3064.51
286290,-4.5514,-1.6987,13.8864,1315,3064.51
286295,-5.1834,2.132,8.673,1311,3063.57
286300,2.466,3.5781,8.5162,1319,3063.57
286305,3.1795,1.81,12.6749,1309,3063.57
286310,-5.0889,-1.6328,13.5751,1312,3063.57
286315,-4.3132,2.3308,8.3031,1299,3064.04
286320,2.7126,3.6847,8.7592,1315,3064.04
286325,2.5414,1.3671,12.9861,1315,3064.04
286330,-5.5833,-1.5215,13.2878,1315,3064.04
286335,-3.3914,2.4972,7.944,1311,3063.88
286340,2.9664,3.7577,8.995,1312,3063.88
286345,1.8531,0.9804,13.3118,1311,3063.88
286350,-6.0777,-1.1791,12.967,1319,3063.88
286355,-2.4385,2.6181,7.7476,1309,3063.88
286360,3.225,3.8307,9.3051,1311,3063.88
286365,1.1684,0.5746,13.5703,1306,3063.88
286370,-6.4452,-0.8152,12.5037,1317,3063.88
286375,-1.5479,2.7318,7.5812,1319,3064.04
286380,3.5458,3.8331,9.5936,1316,3064.04
286385,0.4429,0.2023,13.7906,1309,3064.04
286390,-6.7576,-0.3807,12.0177,1307,3064.04
286395,-0.7242,2.8575,7.4508,1312,3063.73
286400,3.7948,3.7625,9.9108,1311,3063.73
286405,-0.2658,-0.2083,14.0564,1311,3063.73
286410,-6.9528,0.1125,11.5484,1317,3063.73
286415,0.0527,2.9616,7.5058,1311,3064.04
286420,4.0115,3.5997,10.3441,1315,3064.04
286425,-1.0283,-0.5782,14.1677,1309,3064.04
286430,-7.0665,0.5435,11.0612,1319,3064.04
286435,0.6991,3.0418,7.5166,1309,3064.04
286440,4.1791,3.3986,10.7009,1311,3064.04
286445,-1.8375,-0.8894,14.2563,1309,3064.04
286450,-6.9994,0.9792,10.5788,1323,3064.04
286455,1.221,3.2453,7.6938,1311,3064.04
286460,4.2401,3.2214,11.145,1311,3064.04
286465,-2.6073,-1.2498,14.2551,1317,3064.04
286470,-6.7983,1.312,10.0616,1317,3064.04
286475,1.6532,3.2561,7.8518,1315,3064.04
286480,4.2198,2.9365,11.57,1320,3064.04
286485,-3.3447,-1.4653,14.224,1311,3064.04
286490,-6.3698,1.7035,9.6067,1319,3063.26
286495,1.9561,3.3471,8.0445,1315,3063.26
286500,4.0031,2.5187,11.8896,1312,3063.26
286505,-4.0079,-1.6376,14.0384,1325,3063.26
286510,-5.8275,1.9369,9.0429,1319,3064.19
286515,2.2122,3.4919,8.3258,1311,3064.19
286520,3.5973,2.1201,12.3385,1315,3064.19
286525,-4.6076,-1.7011,13.89,1317,3064.19
286530,-5.0625,2.1512,8.6622,1321,3062.94
286535,2.5103,3.6344,8.521,1319,3062.94
286540,3.0789,1.743,12.6354,1311,3062.94
286545,-5.1523,-1.6017,13.5919,1317,3062.94
286550,-4.227,2.3559,8.2217,1316,3064.19
286555,2.7845,3.6966,8.8573,1319,3064.19
286560,2.4169,1.2929,13.0412,1317,3064.19
286565,-5.6731,-1.415,13.2256,1311,3064.19
286570,-3.2489,2.4852,7.9272,1292,3063.26
286575,3.0335,3.8343,9.0441,1288,3063.26
286580,1.7933,0.9469,13.3261,1295,3063.26
286585,-6.1363,-1.1576,12.8174,1294,3063.26
286590,-2.3583,2.6001,7.6782,1279,3063.26
286595,3.2992,3.8487,9.3805,1239,3063.26
286600,1.0774,0.5351,13.6039,1261,3063.26
286605,-6.4667,-0.7314,12.4642,1275,3063.26
286610,-1.4329,2.7342,7.4998,1295,3063.26
286615,3.5925,3.8247,9.6199,1288,3063.26
286620,0.3747,0.1401,13.8098,1291,3063.26
286625,-6.7828,-0.2945,11.9842,1300,3063.26
286630,-0.6069,2.8934,7.5094,1292,3063.26
286635,3.8128,3.7745,9.9539,1291,3063.26
286640,-0.3639,-0.2239,14.03,1288,3063.26
286645,-6.9695,0.1616,11.5317,1287,3063.26
286650,0.1006,2.9544,7.4376,1287,3063.26
286655,4.063,3.6093,10.3573,1261,3063.26
286660,-1.093,-0.583,14.1844,1311,3063.26
286665,-7.0653,0.6009,10.9762,1321,3063.26
286670,0.7147,3.134,7.525,1311,3063.41
286675,4.2365,3.4285,10.744,1320,3063.41
286680,-1.8711,-0.9493,14.2551,1321,3063.41
286685,-7.0186,1.0199,10.556,1335,3063.41
286690,1.2725,3.1975,7.6279,1327,3063.73
286695,4.282,3.1867,11.0852,1327,3063.73
286700,-2.6001,-1.2474,14.2587,1325,3063.73
286705,-6.7552,1.3539,10.0425,1331,3063.73
286710,1.6688,3.2932,7.8326,1325,3063.88
286715,4.2473,2.8754,11.5712,1339,3063.88
286720,-3.3627,-1.5155,14.1976,1327,3063.88
286725,-6.3339,1.7358,9.4918,1335,3063.88
286730,2.0195,3.3866,8.0409,1334,3063.88
286742,16.0316,10.1227,47.9367,1338,3063.88
286745,-5.7317,2.0183,9.0381,1331,3063.73
286750,2.2901,3.5171,8.3019,1343,3063.73
286755,3.5829,2.0865,12.4068,1333,3063.73
286760,-4.6412,-1.6915,13.8241,1335,3063.73
286765,-4.9656,2.1847,8.5916,1333,3063.57
286770,2.545,3.6571,8.588,1341,3063.57
286775,3.0502,1.6915,12.7144,1341,3063.57
286780,-5.1655,-1.5969,13.5129,1339,3063.57
286785,-4.13,2.3451,8.2037,1339,3063.73
286790,2.8168,3.7445,8.7903,1335,3063.73
286795,2.4553,1.3012,13.0592,1338,3063.73
286800,-5.6695,-1.3982,13.1956,1339,3063.73
286805,-3.1843,2.5414,7.9116,1341,3063.26
286810,3.0598,3.7733,9.0728,1340,3063.26
286815,1.7789,0.9278,13.3812,1335,3063.26
286820,-6.0992,-1.0882,12.8042,1341,3063.26
286825,-2.2601,2.642,7.6375,1339,3062.94
286830,3.3818,3.8391,9.3757,1339,3062.94
286835,1.069,0.48,13.5895,1335,3062.94
286840,-6.4739,-0.7219,12.3529,1341,3062.94
286845,-1.3886,2.7904,7.5465,1351,3062.63
286850,3.638,3.8391,9.6929,1343,3062.63
286855,0.3819,0.1413,13.8912,1336,3062.63
286860,-6.7349,-0.2514,11.9519,1339,3062.63
286865,-0.5459,2.8431,7.4065,1338,3062.16
286870,3.9193,3.6931,10.0257,1349,3062.16
286875,-0.3376,-0.2358,14.0204,1341,3062.16
286880,-6.9516,0.1879,11.4874,1338,3062.16
286885,0.2011,3.037,7.4879,1339,3062.16
286890,4.0797,3.6152,10.3729,1340,3062.16
286895,-1.0714,-0.5662,14.1737,1341,3062.16
286900,-7.0066,0.6045,10.9666,1353,3062.16
286905,0.8009,3.0993,7.5202,1339,3062.01
286910,4.2186,3.3686,10.7835,1341,3062.01
286915,-1.7945,-0.9325,14.267,1338,3062.01
286920,-6.954,1.0127,10.5512,1341,3062.01
286925,1.2318,3.2358,7.7129,1349,3061.85
286930,4.3239,3.1999,11.1175,1349,3061.85
286935,-2.5235,-1.2522,14.2096,1341,3061.85
286940,-6.699,1.403,10.0305,1359,3061.07
286945,1.6771,3.292,7.8853,1339,3061.07
286950,4.2737,2.8335,11.576,1353,3061.07
286955,-3.2573,-1.5203,14.2323,1342,3061.07
286960,-6.2979,1.6556,9.5026,1343,3062.63
286965,1.9956,3.4201,8.0924,1341,3062.63
286970,4.0725,2.5163,11.9135,1340,3062.63
286975,-3.9229,-1.6293,14.0324,1352,3062.63
286980,-5.7904,1.9417,9.086,1352,3062.16
286985,2.2853,3.5147,8.327,1343,3062.16
286990,3.6416,2.1153,12.3194,1341,3062.16
286995,-4.5526,-1.7011,13.8469,1343,3062.16
287000,-5.0374,2.162,8.594,1351,3061.54
287005,2.5642,3.632,8.515,1353,3061.54
287010,3.2118,1.7346,12.6342,1339,3061.54
287015,-5.0206,-1.6556,13.5189,1343,3061.54
287020,-4.2222,2.3104,8.2468,1349,3061.38
287025,2.7833,3.711,8.8107,1357,3061.38
287030,2.5905,1.3384,12.9897,1342,3061.38
287035,-5.5557,-1.4904,13.277,1343,3061.38
287040,-3.3471,2.4445,7.9116,1351,3061.22
287045,3.1065,3.7565,9.0656,1351,3061.22
287050,1.9273,0.923,13.1705,1340,3061.22
287055,-5.9376,-1.1923,12.8341,1356,3061.22
287060,-2.4648,2.5809,7.6423,1340,3060.91
287065,3.2992,3.8032,9.3338,1351,3060.91
287070,1.2546,0.516,13.5823,1337,3060.91
287075,-6.3063,-0.8595,12.4379,1349,3060.91
287080,-1.5574,2.7162,7.4867,1355,3062.01
287085,3.6236,3.7769,9.5744,1342,3062.01
287090,0.5962,0.17,13.7571,1343,3062.01
287095,-6.6846,-0.3711,12.0452,1351,3062.01
287100,-0.7386,2.8467,7.5106,1351,3061.38
287105,3.8355,3.7493,9.9467,1353,3061.38
287110,-0.1437,-0.1939,13.945,1343,3061.38
287115,-6.8546,0.0263,11.5951,1351,3061.38
287120,-0.0251,2.909,7.452,1350,3061.38
287125,4.0929,3.5853,10.2831,1349,3061.38
287130,-0.7805,-0.5112,14.1342,1355,3061.38
287135,-6.9983,0.4824,11.1402,1353,3061.38
287140,0.6165,3.0873,7.5094,1343,3061.54
287145,4.2485,3.4572,10.6554,1351,3061.54
287150,-1.5526,-0.8859,14.1988,1351,3061.54
287155,-6.9564,0.8535,10.6003,1359,3061.54
287160,1.1432,3.1556,7.6052,1350,3061.54
287165,4.3323,3.2094,11.0828,1352,3061.54
287170,-2.2853,-1.2127,14.2299,1338,3061.54
287175,-6.772,1.2594,10.1766,1343,3061.54
287180,1.5993,3.2106,7.7704,1351,3061.54
287185,4.312,2.9353,11.4096,1351,3061.54
287190,-3.0442,-1.4317,14.1473,1342,3061.54
287195,-6.4536,1.5742,9.6175,1353,3062.16
287200,1.9393,3.304,8.0565,1342,3062.16
287205,4.1492,2.5379,11.8752,1351,3062.16
287210,-3.729,-1.652,14.1102,1356,3062.16
287215,-5.9185,1.8567,9.2021,1343,3061.85
287220,2.1715,3.5027,8.2109,1349,3061.85
287225,3.8068,2.211,12.2272,1349,3061.85
287230,-4.361,-1.6999,13.8756,1350,3061.85
287235,-5.29,2.1093,8.7448,1343,3061.54
287240,2.49,3.5291,8.4839,1341,3061.54
287245,3.2992,1.7957,12.6079,1343,3061.54
287250,-4.9273,-1.7478,13.6218,1341,3061.54
287255,-4.4772,2.2853,8.3797,1351,3062.47
287260,2.721,3.6847,8.685,1350,3062.47
287265,2.7725,1.4401,12.9083,1350,3062.47
287270,-5.3989,-1.573,13.2758,1343,3062.47
287275,-3.6117,2.4062,8.005,1340,3062.32
287280,2.9616,3.7254,9.0118,1341,3062.32
287285,2.1308,1.0199,13.198,1352,3062.32
287290,-5.9256,-1.3024,12.9431,1352,3062.32
287295,-2.6923,2.5714,7.7452,1341,3062.63
287300,3.2681,3.7804,9.2763,1343,3062.63
287305,1.4281,0.6381,13.4829,1343,3062.63
287310,-6.286,-0.9373,12.5779,1339,3062.63
287315,-1.8172,2.6671,7.5836,1349,3062.94
287320,3.5063,3.7769,9.566,1339,3062.94
287325,0.7985,0.2729,13.7487,1349,3062.94
287330,-6.6343,-0.5255,12.044,1351,3062.94
287335,-0.9086,2.8084,7.4879,1351,3062.79
287340,3.7924,3.6931,9.8138,1351,3062.79
287345,0.0347,-0.1281,14.0145,1341,3062.79
287350,-6.9157,-0.0958,11.7148,1343,3062.79
287355,-0.1796,2.9449,7.4783,1339,3062.63
287360,3.9816,3.6176,10.252,1343,3062.63
287365,-0.674,-0.4681,14.1186,1351,3062.63
287370,-7.0378,0.3256,11.139,1352,3062.63
287375,0.5171,3.049,7.4723,1341,3062.79
287380,4.148,3.462,10.5896,1343,3062.79
287385,-1.4593,-0.8368,14.2168,1342,3062.79
287390,-7.0174,0.7649,10.7488,1342,3062.79
287395,1.0546,3.1113,7.6279,1341,3062.63
287400,4.2868,3.237,10.9511,1352,3062.63
287405,-2.2039,-1.1265,14.1844,1349,3062.63
287410,-6.863,1.1875,10.2041,1349,3062.63
287415,1.4856,3.2262,7.8051,1351,3062.47
287420,4.2641,2.9963,11.3832,1353,3062.47
287425,-3.0191,-1.4293,14.1928,1351,3062.47
287430,-6.5769,1.5263,9.7145,1353,3062.63
287435,1.8783,3.3279,7.9487,1343,3062.63
287440,4.1647,2.5881,11.7747,1355,3062.63
287445,-3.6907,-1.6245,14.0923,1355,3062.63
287450,-6.0466,1.8136,9.2296,1351,3062.79
287455,2.1895,3.4201,8.2265,1352,3062.79
287460,3.8343,2.2541,12.147,1342,3062.79
287465,-4.3072,-1.7561,13.939,1356,3062.79
287470,-5.3666,2.0674,8.8011,1355,3062.79
287475,2.3942,3.5362,8.4096,1351,3062.79
287480,3.395,1.8352,12.5384,1342,3062.79
287485,-4.9488,-1.7107,13.696,1353,3062.79
287490,-4.6244,2.2613,8.4443,1356,3062.63
287495,2.636,3.638,8.7173,1357,3062.63
287500,2.7737,1.4784,12.9119,1352,3062.63
287505,-5.4492,-1.555,13.3872,1354,3062.63
287510,-3.7098,2.405,8.0637,1357,3062.79
287515,2.9054,3.7086,8.9196,1355,3062.79
287520,2.1524,1.0283,13.1729,1359,3062.79
287525,-5.8646,-1.3204,13.0017,1357,3062.79
287530,-2.7988,2.5678,7.7883,1358,3062.94
287535,3.1663,3.7852,9.2129,1355,3062.94
287540,1.4736,0.6788,13.4542,1354,3062.94
287545,-6.3291,-0.972,12.5732,1358,3062.94
287550,-1.8591,2.6875,7.5549,1357,3063.1
287555,3.4788,3.7804,9.493,1353,3063.1
287560,0.7697,0.2538,13.726,1355,3063.1
287565,-6.6272,-0.5411,12.1973,1355,3063.1
287570,-1.0127,2.8479,7.4723,1361,3063.1
287575,3.7338,3.7505,9.7827,1357,3063.1
287580,0.0599,-0.0299,13.9414,1358,3063.1
287585,-6.9408,-0.1329,11.6622,1353,3063.1
287590,-0.1915,2.903,7.4268,1351,3063.26
287595,3.978,3.6332,10.1538,1355,3063.26
287600,-0.7207,-0.4369,14.1629,1357,3063.26
287605,-7.0366,0.3268,11.3006,1353,3063.26
287610,0.4405,3.0047,7.4783,1352,3063.1
287615,4.1539,3.5303,10.5273,1353,3063.1
287620,-1.4988,-0.8021,14.1785,1355,3063.1
287625,-7.0485,0.7889,10.7691,1363,3063.1
287630,1.0283,3.1017,7.5274,1351,3063.41
287635,4.3263,3.286,10.9571,1354,3063.41
287640,-2.229,-1.1468,14.2395,1352,3063.41
287645,-6.8881,1.2043,10.2304,1355,3063.41
287650,1.4952,3.2441,7.6914,1371,3063.41
287655,4.2916,2.9796,11.3533,1353,3063.41
287660,-3.0263,-1.4102,14.2563,1355,3063.41
287665,-6.5625,1.5467,9.7205,1353,3063.26
287670,1.8244,3.3507,7.9344,1343,3063.26
287675,4.1252,2.6516,11.7519,1354,3063.26
287680,-3.6787,-1.6508,14.1402,1356,3063.26
287685,-6.0609,1.822,9.232,1355,3063.26
287690,2.1584,3.4165,8.1606,1353,3063.26
287695,3.8307,2.2805,12.1386,1351,3063.26
287700,-4.3527,-1.7178,13.9259,1357,3063.26
287705,-5.3965,2.0686,8.8238,1363,3062.47
287710,2.4074,3.5314,8.4288,1355,3062.47
287715,3.3686,1.9381,12.5384,1351,3062.47
287720,-4.9404,-1.6855,13.6541,1354,3062.47
287725,-4.604,2.2194,8.3929,1359,3063.73
287730,2.6444,3.6224,8.6526,1359,3063.73
287735,2.8228,1.4712,12.8605,1351,3063.73
287740,-5.4779,-1.5251,13.3477,1353,3063.73
287745,-3.6811,2.4457,8.0625,1357,3062.94
287750,2.8826,3.7218,8.9531,1355,3062.94
287755,2.0997,1.0499,13.1597,1355,3062.94
287760,-5.8814,-1.2977,13.0101,1357,3062.94
287765,-2.7569,2.5522,7.7357,1358,3063.26
287770,3.1568,3.79,9.2225,1357,3063.26
287775,1.494,0.656,13.4626,1353,3063.26
287780,-6.3315,-0.9481,12.6019,1357,3063.26
287785,-1.8567,2.6947,7.5896,1363,3063.26
287790,3.4776,3.8271,9.493,1355,3063.26
287795,0.7362,0.2861,13.6673,1352,3063.26
287800,-6.7038,-0.5423,12.1781,1351,3063.26
287805,-0.984,2.7928,7.501,1359,3063.41
287810,3.7266,3.7098,9.8043,1355,3063.41
287815,0.0419,-0.0467,13.9606,1354,3063.41
287820,-6.9719,-0.1281,11.7172,1331,3063.41
287825,-0.164,2.9377,7.5034,1349,3063.41
287830,3.9624,3.6476,10.1646,1357,3063.41
287835,-0.7111,-0.4046,14.042,1354,3063.41
287840,-7.0581,0.3783,11.1737,1353,3063.41
287845,0.5052,3.0275,7.4998,1353,3063.73
287850,4.1539,3.4405,10.507,1349,3063.73
287855,-1.476,-0.8428,14.1641,1355,3063.73
287860,-7.0461,0.8092,10.756,1365,3063.73
287865,1.0511,3.1077,7.5453,1343,3063.57
287870,4.3239,3.2406,10.9619,1355,3063.57
287875,-2.2972,-1.2043,14.206,1343,3063.57
287880,-6.9192,1.2737,10.2232,1353,3063.57
287885,1.4641,3.2525,7.7728,1359,3063.57
287890,4.3,2.9521,11.3545,1354,3063.57
287895,-3.0095,-1.4617,14.2156,1357,3063.57
287900,-6.5649,1.5874,9.6941,1349,3062.63
287905,1.8878,3.3591,7.9787,1353,3062.63
287910,4.1492,2.6228,11.7148,1365,3062.63
287915,-3.7098,-1.6795,14.0947,1358,3062.63
287920,-6.0597,1.8495,9.3027,1359,3064.82
287925,2.1404,3.4285,8.2265,1359,3064.82
287930,3.8271,2.2494,12.1482,1356,3064.82
287935,-4.4017,-1.7609,13.8912,1363,3064.82
287940,-5.363,2.0901,8.8011,1359,3063.88
287945,2.4074,3.4668,8.4132,1359,3063.88
287950,3.3746,1.8328,12.5193,1355,3063.88
287955,-5.0003,-1.6951,13.6829,1355,3063.88
287960,-4.5645,2.302,8.4527,1357,3063.88
287965,2.63,3.6236,8.7077,1363,3063.88
287970,2.7366,1.4042,12.8557,1352,3063.88
287975,-5.4935,-1.5323,13.3513,1357,3063.88
287980,-3.6512,2.4481,7.9787,1359,3063.73
287985,2.9413,3.7314,8.9531,1356,3063.73
287990,2.1272,1.0283,13.2507,1355,3063.73
287995,-5.9807,-1.2558,12.9838,1355,3063.73
288000,-2.6875,2.6635,7.8123,1359,3064.04
288005,3.1963,3.7852,9.2548,1356,3064.04
288010,1.3767,0.6285,13.4949,1353,3064.04
288015,-6.377,-0.9098,12.5372,1363,3064.04
288020,-1.7777,2.721,7.616,1353,3064.19
288025,3.486,3.7936,9.4703,1353,3064.19
288030,0.7159,0.2406,13.7882,1355,3064.19
288035,-6.7732,-0.4477,12.123,1357,3064.19
288040,-0.8871,2.8287,7.4543,1363,3064.51
288045,3.8092,3.7421,9.8138,1362,3064.51
288050,-0.0694,-0.1053,13.9809,1357,3064.51
288055,-6.9887,-0.0323,11.631,1357,3064.51
288060,-0.1173,2.9353,7.428,1353,3064.35
288065,3.9887,3.6129,10.2388,1357,3064.35
288070,-0.8643,-0.5124,14.2048,1358,3064.35
288075,-7.1,0.4717,11.1701,1355,3064.35
288080,0.5758,3.0634,7.4986,1357,3064.35
288085,4.2341,3.4656,10.6099,1351,3064.35
288090,-1.6113,-0.9194,14.2443,1356,3064.35
288095,-7.0749,0.9146,10.6698,1367,3064.35
288100,1.1384,3.1747,7.671,1353,3064.35
288105,4.3096,3.2406,11.0361,1357,3064.35
288110,-2.4576,-1.2186,14.3006,1356,3064.35
288115,-6.845,1.2797,10.1658,1356,3064.35
288120,1.549,3.2417,7.7237,1365,3064.35
288125,4.2904,2.8874,11.3425,1363,3064.35
288130,-3.2166,-1.4952,14.2036,1356,3064.35
288135,-6.4955,1.6053,9.6594,1359,3064.66
288140,1.9513,3.3662,8.005,1357,3064.66
288145,4.0797,2.5989,11.8956,1365,3064.66
288150,-3.9193,-1.6676,14.1342,1363,3064.66
288155,-5.9316,1.9046,9.1375,1363,3064.82
288160,2.2218,3.4512,8.2169,1357,3064.82
288165,3.7517,2.2015,12.2212,1355,3064.82
288170,-4.5418,-1.7262,13.8936,1361,3064.82
288175,-5.1811,2.1308,8.7329,1369,3064.66
288180,2.4612,3.5518,8.5329,1362,3064.66
288185,3.2465,1.7573,12.6402,1355,3064.66
288190,-5.1272,-1.652,13.6122,1363,3064.66
288195,-4.3527,2.3092,8.3175,1363,3064.66
288200,2.745,3.6595,8.7987,1363,3064.66
288205,2.6252,1.3324,12.985,1355,3064.66
288210,-5.6515,-1.4784,13.2926,1359,3064.66
288215,-3.4884,2.5295,7.9416,1365,3064.35
288220,2.982,3.8235,9.0034,1361,3064.35
288225,1.8723,0.9337,13.289,1361,3064.35
288230,-6.0777,-1.1672,12.8904,1361,3064.35
288235,-2.5355,2.6109,7.7333,1355,3064.82
288240,3.2609,3.7996,9.3206,1355,3064.82
288245,1.2594,0.5471,13.5847,1355,3064.82
288250,-6.5242,-0.7649,12.5157,1357,3064.82
288255,-1.5191,2.7545,7.5346,1359,3064.98
288260,3.5721,3.7876,9.6067,1358,3064.98
288265,0.5219,0.1377,13.7619,1349,3064.98
288270,-6.8594,-0.3268,12.0093,1351,3064.98
288275,-0.7051,2.8659,7.4855,1365,3064.98
288280,3.808,3.7242,10.0126,1363,3064.98
288285,-0.2622,-0.2741,14.054,1357,3064.98
288290,-7.0342,0.1113,11.5137,1359,3064.98
288295,0.0778,2.9963,7.4723,1353,3064.51
288300,4.0606,3.5733,10.3477,1353,3064.51
288305,-1.0582,-0.6225,14.1641,1358,3064.51
288310,-7.1096,0.6105,11.0935,1355,3064.51
288315,0.7661,3.1053,7.5729,1355,3064.35
288320,4.2413,3.3926,10.6997,1365,3064.35
288325,-1.8352,-0.9732,14.2479,1353,3064.35
288330,-7.0461,0.9996,10.5429,1365,3064.35
288335,1.2318,3.1879,7.6519,1355,3064.04
288340,4.3084,3.1603,11.0409,1357,3064.04
288345,-2.624,-1.2869,14.2515,1355,3064.04
288350,-6.7935,1.3886,9.9838,1357,3064.04
288355,1.6424,3.2944,7.8183,1356,3064.19
288360,4.1899,2.8311,11.6346,1358,3064.19
288365,-3.3651,-1.5371,14.1677,1352,3064.19
288370,-6.3626,1.6987,9.4786,1357,3063.73
288375,2.0087,3.4081,8.0313,1353,3063.73
288380,4.0019,2.4888,11.9542,1363,3063.73
288385,-4.0773,-1.6221,14.0276,1359,3063.73
288390,-5.7712,2.0087,9.08,1355,3064.82
288395,2.241,3.5027,8.2971,1351,3064.82
288400,3.6344,2.0375,12.3421,1355,3064.82
288405,-4.7202,-1.7107,13.7894,1358,3064.82
288410,-5.017,2.2051,8.606,1361,3064.98
288415,2.5139,3.6081,8.5509,1356,3064.98
288420,3.0969,1.664,12.7288,1355,3064.98
288425,-5.2481,-1.6161,13.5488,1356,3064.98
288430,-4.1575,2.4026,8.2576,1361,3064.98
288435,2.7414,3.6955,8.8143,1363,3064.98
288440,2.4744,1.2641,13.064,1355,3064.98
288445,-5.7628,-1.4114,13.1861,1363,3064.98
288450,-3.2154,2.5031,7.8542,1361,3065.13
288455,3.1017,3.7757,9.0836,1361,3065.13
288460,1.8052,0.8128,13.3848,1363,3065.13
288465,-6.2477,-1.0546,12.8377,1359,3065.13
288470,-2.2422,2.709,7.689,1359,3064.98
288475,3.3758,3.8331,9.3194,1357,3064.98
288480,1.0594,0.4453,13.5943,1353,3064.98
288485,-6.5876,-0.674,12.3493,1357,3064.98
288490,-1.336,2.7593,7.5118,1359,3064.51
288495,3.6775,3.8092,9.6666,1354,3064.51
288500,0.3136,0.085,13.9857,1357,3064.51
288505,-6.8953,-0.2143,11.9159,1353,3064.51
288510,-0.4477,2.8886,7.4579,1357,3064.19
288515,3.9349,3.711,10.0305,1363,3064.19
288520,-0.5004,-0.2885,14.0588,1355,3064.19
288525,-7.0521,0.267,11.4239,1362,3064.19
288530,0.2131,3.0227,7.4472,1355,3063.88
288535,4.1168,3.5578,10.4256,1359,3063.88
288540,-1.2438,-0.729,14.212,1363,3063.88
288545,-7.0844,0.6847,10.9056,1363,3063.88
288550,0.8775,3.1508,7.5238,1355,3063.88
288555,4.2952,3.3662,10.7356,1353,3063.88
288560,-2.0626,-1.0463,14.2838,1355,3063.88
288565,-6.9947,1.1193,10.41,1367,3063.88
288570,1.3467,3.2214,7.6926,1357,3063.88
288575,4.3191,3.0706,11.2025,1359,3063.88
288580,-2.7809,-1.342,14.3245,1355,3063.88
288585,-6.6858,1.4557,9.8581,1354,3063.88
288590,1.7442,3.3447,7.8829,1363,3063.41
288595,4.1791,2.7797,11.7005,1363,3063.41
288600,-3.5159,-1.5251,14.1677,1355,3063.41
288605,-6.2417,1.7717,9.3972,1365,3063.88
288610,2.0291,3.389,8.1523,1355,3063.88
288615,3.9265,2.3715,12.0297,1362,3063.88
288620,-4.1288,-1.7011,14.0228,1365,3063.88
288625,-5.6216,2.0135,8.9388,1355,3062.79
288630,2.3128,3.5219,8.3234,1361,3062.79
288635,3.5015,2.0051,12.4882,1355,3062.79
288640,-4.7537,-1.7035,13.7607,1363,3062.79
288645,-4.8303,2.2482,8.5054,1365,3063.41
288650,2.6169,3.6392,8.5533,1358,3063.41
288655,2.9832,1.5407,12.7503,1359,3063.41
288660,-5.2756,-1.5802,13.4997,1357,3063.41
288665,-4.0043,2.411,8.1307,1367,3062.63
288670,2.8287,3.7625,8.9088,1366,3062.63
288675,2.3379,1.2402,13.1166,1361,3062.63
288680,-5.7712,-1.3288,13.2232,1363,3062.63
288685,-3.0993,2.5271,7.8757,1359,3062.63
288690,3.1388,3.8523,9.1949,1364,3062.63
288695,1.7226,0.7913,13.3561,1365,3062.63
288700,-6.213,-1.0199,12.7455,1359,3062.63
288705,-2.1464,2.6827,7.6207,1365,3062.94
288710,3.4022,3.8259,9.4439,1364,3062.94
288715,0.9553,0.4262,13.6637,1351,3062.94
288720,-6.5637,-0.6093,12.3553,1365,3062.94
288725,-1.2629,2.7869,7.5381,1363,3062.79
288730,3.6978,3.7757,9.7109,1357,3062.79
288735,0.2562,0.0694,13.9043,1359,3062.79
288740,-6.8702,-0.1652,11.8393,1367,3062.79
288745,-0.4489,2.9173,7.4424,1365,3062.94
288750,3.9385,3.7338,10.155,1367,3062.94
288755,-0.4944,-0.2969,14.0552,1359,3062.94
288760,-7.0174,0.2753,11.4108,1364,3062.94
288765,0.2634,3.0203,7.4531,1355,3062.63
288770,4.148,3.5733,10.4267,1363,3062.63
288775,-1.221,-0.6716,14.1821,1363,3062.63
288780,-7.0246,0.7195,10.9702,1358,3062.63
288785,0.8487,3.1316,7.6052,1359,3062.47
288790,4.2952,3.3555,10.8637,1356,3062.47
288795,-1.919,-1.0546,14.2575,1357,3062.47
288800,-6.9707,1.1193,10.3896,1369,3062.47
288805,1.3587,3.1975,7.671,1355,3062.63
288810,4.3108,3.0801,11.2384,1355,3062.63
288815,-2.7473,-1.3827,14.2706,1362,3062.63
288820,-6.6236,1.4365,9.9539,1363,3062.63
288825,1.743,3.3399,7.9368,1366,3062.16
288830,4.2353,2.7845,11.6418,1364,3062.16
288835,-3.4034,-1.5467,14.1833,1356,3062.16
288840,-6.274,1.7633,9.4415,1363,3062.32
288845,2.059,3.4237,8.1139,1359,3062.32
288850,4.0163,2.3906,12.0105,1364,3062.32
288855,-4.0941,-1.6376,14.024,1367,3062.32
288860,-5.6623,2.0303,8.9926,1363,3062.16
288865,2.3415,3.5434,8.3833,1359,3062.16
288870,3.6272,2.0099,12.3972,1362,3062.16
288875,-4.6663,-1.7131,13.7523,1368,3062.16
288880,-4.9129,2.2015,8.5629,1367,3061.69
288885,2.6001,3.614,8.6012,1365,3061.69
288890,3.1256,1.5598,12.7767,1358,3061.69
288895,-5.2409,-1.5945,13.5201,1361,3061.69
288900,-4.13,2.4193,8.1606,1369,3062.94
288905,2.885,3.7553,8.7975,1358,3062.94
288910,2.4636,1.1983,13.0065,1353,3062.94
288915,-5.6599,-1.3647,13.1394,1365,3062.94
288920,-3.1113,2.5067,7.8494,1363,3062.47
288925,3.1232,3.7924,9.0884,1359,3062.47
288930,1.7837,0.8296,13.3776,1363,3062.47
288935,-6.0813,-1.1085,12.7395,1357,3062.47
288940,-2.247,2.6815,7.689,1353,3062.47
288945,3.4237,3.8331,9.335,1364,3062.47
288950,1.1181,0.4465,13.6386,1359,3062.47
288955,-6.4979,-0.6776,12.372,1368,3062.47
288960,-1.3396,2.7845,7.4986,1361,3062.94
288965,3.6559,3.7517,9.645,1360,3062.94
288970,0.34,0.085,13.8469,1353,3062.94
288975,-6.7528,-0.237,11.8752,1363,3062.94
288980,-0.5148,2.8647,7.3945,1368,3063.73
288985,3.9792,3.7086,9.9946,1363,3063.73
288990,-0.3268,-0.2849,14.0396,1365,3063.73
288995,-6.9947,0.2418,11.4503,1365,3063.73
289000,0.2502,2.9999,7.4783,1356,3063.88
289005,4.2102,3.5506,10.3633,1365,3063.88
289010,-1.1384,-0.656,14.1342,1363,3063.88
289015,-7.0737,0.6309,10.9307,1363,3063.88
289020,0.82,3.1089,7.5178,1359,3064.04
289025,4.3467,3.3423,10.8086,1363,3064.04
289030,-1.8818,-1.0427,14.2814,1364,3064.04
289035,-6.9863,1.093,10.4471,1370,3064.04
289040,1.3072,3.1711,7.6878,1357,3064.04
289045,4.379,3.0909,11.1654,1359,3064.04
289050,-2.6863,-1.306,14.2766,1358,3064.04
289055,-6.7325,1.4018,9.924,1364,3064.04
289060,1.7573,3.3363,7.9212,1365,3064.04
289065,4.2772,2.7497,11.6526,1364,3064.04
289070,-3.4309,-1.5227,14.2371,1364,3064.04
289075,-6.3015,1.7131,9.4272,1364,3063.73
289080,2.0853,3.4153,8.0529,1364,3063.73
289085,4.0199,2.4002,11.995,1370,3063.73
289090,-4.0953,-1.6843,13.9965,1368,3063.73
289095,-5.6527,1.9716,8.9124,1371,3064.19
289100,2.3511,3.535,8.3354,1363,3064.19
289105,3.644,1.9992,12.4008,1359,3064.19
289110,-4.7274,-1.7298,13.7487,1371,3064.19
289115,-4.8961,2.2386,8.5281,1371,3063.88
289120,2.6288,3.6643,8.6179,1366,3063.88
289125,3.0706,1.6233,12.7539,1357,3063.88
289130,-5.2182,-1.5945,13.4806,1363,3063.88
289135,-4.0067,2.3667,8.1235,1369,3063.88
289140,2.8886,3.7314,8.8538,1367,3063.88
289145,2.4289,1.1768,13.1202,1358,3063.88
289150,-5.7664,-1.3575,13.1873,1365,3063.88
289155,-3.0454,2.4972,7.8111,1369,3063.88
289160,3.2406,3.808,9.1411,1365,3063.88
289165,1.7322,0.7841,13.3333,1365,3063.88
289170,-6.1699,-1.0295,12.6785,1361,3063.88
289175,-2.1249,2.6444,7.5896,1363,3064.04
289180,3.4381,3.7745,9.4068,1365,3064.04
289185,1.0499,0.3998,13.7032,1359,3064.04
289190,-6.5374,-0.6237,12.2619,1369,3064.04
289195,-1.2163,2.7928,7.5106,1365,3064.35
289200,3.7038,3.7577,9.742,1363,3064.35
289205,0.2885,0.0395,13.9199,1353,3064.35
289210,-6.8594,-0.182,11.8465,1359,3064.35
289215,-0.425,2.9042,7.4316,1363,3064.66
289220,3.9732,3.6476,10.0604,1367,3064.66
289225,-0.4609,-0.4166,14.0947,1362,3064.66
289230,-7.0162,0.2442,11.4,1365,3064.66
289235,0.3472,3.0382,7.4412,1359,3064.82
289240,4.209,3.5183,10.4495,1364,3064.82
289245,-1.227,-0.7554,14.2024,1356,3064.82
289250,-7.0904,0.7075,10.8529,1359,3064.82
289255,0.9457,3.1268,7.5549,1363,3065.13
289260,4.3551,3.2693,10.8242,1363,3065.13
289265,-2.0818,-1.136,14.2886,1364,3065.13
289270,-6.9815,1.1396,10.3753,1368,3065.13
289275,1.4533,3.2705,7.7165,1359,3065.29
289280,4.4065,3.0251,11.2671,1365,3065.29
289285,-2.8048,-1.3707,14.218,1359,3065.29
289290,-6.6619,1.4449,9.8426,1363,3065.29
289295,1.8423,3.3208,7.8925,1367,3065.45
289300,4.2784,2.66,11.6681,1367,3065.45
289305,-3.6081,-1.6352,14.1461,1362,3065.45
289310,-6.1782,1.8076,9.3027,1365,3065.45
289315,2.1644,3.4333,8.1032,1363,3065.45
289320,3.9648,2.2637,12.1625,1369,3065.45
289325,-4.2844,-1.8399,-0.0012,1369,3065.45
289330,-5.4324,2.0925,8.819,1367,3066.07
289335,2.4241,3.5458,8.3294,1357,3066.07
289340,3.571,1.8531,12.5085,1363,3066.07
289345,-4.9033,-1.7286,13.708,1367,3066.07
289350,-4.6256,2.2865,8.4204,1370,3065.92
289355,2.7737,3.638,8.6227,1363,3065.92
289360,2.8886,1.4473,12.9059,1359,3065.92
289365,-5.4923,-1.5263,13.374,1353,3065.92
289370,-3.7086,2.4277,8.0433,1369,3065.92
289375,3.0095,3.7314,8.8813,1369,3065.92
289380,2.1931,1.0187,13.137,1362,3065.92
289385,-5.9544,-1.2486,12.9921,1362,3065.92
289390,-2.7593,2.5367,7.7776,1367,3065.76
289395,3.2717,3.7517,9.2105,1365,3065.76
289400,1.4952,0.65,13.5548,1368,3065.76
289405,-6.3937,-0.8966,12.6091,1367,3065.76
289410,-1.7406,2.721,7.525,1369,3065.45
289415,3.62,3.7362,9.426,1368,3065.45
289420,0.759,0.2011,13.7798,1359,3065.45
289425,-6.7828,-0.4681,12.1554,1369,3065.45
289430,-0.8499,2.8671,7.4819,1365,3065.45
289435,3.8271,3.7146,9.8234,1365,3065.45
289440,-0.0431,-0.1389,14.0181,1364,3065.45
289445,-6.9743,-0.0204,11.6119,1367,3065.45
289450,-0.0419,2.976,7.3298,1369,3065.6
289455,4.0773,3.638,10.1837,1369,3065.6
289460,-0.826,-0.5375,14.1449,1361,3065.6
289465,-7.1144,0.4621,11.2097,1366,3065.6
289470,0.6141,3.0873,7.5106,1363,3065.6
289475,4.2784,3.4752,10.6207,1367,3065.6
289480,-1.6257,-0.899,14.2168,1367,3065.6
289485,-7.0413,0.8739,10.6207,1367,3065.6
289490,1.1744,3.1711,7.5537,1357,3065.92
289495,4.4089,3.1771,10.9786,1361,3065.92
289500,-2.4373,-1.227,14.3089,1361,3065.92
289505,-6.8809,1.2797,10.0808,1371,3065.92
289510,1.6424,3.304,7.7979,1367,3065.92
289515,4.3203,2.885,11.4203,1368,3065.92
289520,-3.1939,-1.506,14.2407,1361,3065.92
289525,-6.4284,1.646,9.6187,1363,3065.92
289530,1.9656,3.3746,7.9691,1365,3065.6
289535,4.1527,2.4768,11.9483,1366,3065.6
289540,-3.8978,-1.6855,14.1018,1363,3065.6
289545,-5.8239,1.9537,9.1099,1371,3065.45
289550,2.3032,3.5279,8.2049,1362,3065.45
289555,3.7553,2.1069,12.2284,1367,3065.45
289560,-4.5885,-1.7154,13.8756,1371,3065.45
289565,-5.0913,2.1464,8.6622,1367,3065.45
289570,2.5331,3.559,8.4839,1365,3065.45
289575,3.1855,1.6316,12.7132,1357,3065.45
289580,-5.1188,-1.6472,13.5667,1367,3065.45
289585,-4.2186,2.3176,8.2384,1372,3065.13
289590,2.8551,3.7433,8.77,1367,3065.13
289595,2.5881,1.2929,12.9802,1364,3065.13
289600,-5.6659,-1.4317,13.2028,1365,3065.13
289605,-3.2908,2.4912,7.8769,1367,3065.45
289610,3.0598,3.7541,9.0489,1367,3065.45
289615,1.8567,0.8499,13.2818,1365,3065.45
289620,-6.1651,-1.0594,12.7695,1365,3065.45
289625,-2.3415,2.6228,7.6291,1367,3065.6
289630,3.3411,3.7493,9.3158,1359,3065.6
289635,1.1851,0.4166,13.5991,1364,3065.6
289640,-6.5649,-0.7398,12.4032,1371,3065.6
289645,-1.4126,2.8024,7.5106,1365,3066.07
289650,3.6272,3.7733,9.6379,1367,3066.07
289655,0.4597,0.0335,13.9283,1362,3066.07
289660,-6.9324,-0.2514,11.8896,1367,3066.07
289665,-0.5052,2.9197,7.4268,1365,3066.39
289670,3.9744,3.6883,9.9922,1365,3066.39
289675,-0.3687,-0.3675,14.0767,1365,3066.39
289680,-7.1108,0.1891,11.4575,1367,3066.39
289685,0.2741,3.0143,7.4591,1363,3066.7
289690,4.1815,3.5614,10.4064,1369,3066.7
289695,-1.148,-0.7171,14.1892,1366,3066.7
289700,-7.1347,0.6955,10.9056,1366,3066.7
289705,0.9002,3.0849,7.5274,1365,3067.01
289710,4.3634,3.3435,10.7871,1365,3067.01
289715,-2.0063,-1.0953,14.2982,1365,3067.01
289720,-7.0557,1.1456,10.3777,1371,3067.01
289725,1.4377,3.2453,7.6866,1365,3067.8
289730,4.4101,3.0107,11.2013,1365,3067.8
289735,-2.8551,-1.385,14.2251,1358,3067.8
289740,-6.6966,1.488,9.7959,1368,3067.8
289745,1.8328,3.3471,7.8817,1368,3067.8
289750,4.2641,2.6779,11.6693,1364,3067.8
289755,-3.6224,-1.6113,14.1641,1367,3067.8
289760,-6.1914,1.8375,9.3506,1366,3067.8
289765,2.1811,3.4608,8.1032,1359,3068.11
289770,3.9468,2.2709,12.0847,1375,3068.11
289775,-4.3371,-1.7406,13.9462,1368,3068.11
289780,-5.4624,2.0255,8.8023,1371,3067.8
289785,2.4648,3.5398,8.3725,1357,3067.8
289790,3.5171,1.8352,12.5396,1359,3067.8
289795,-4.9763,-1.6723,13.7188,1372,3067.8
289800,-4.604,2.2685,8.4551,1368,3067.96
289805,2.7222,3.6224,8.6586,1367,3067.96
289810,2.903,1.409,12.8569,1363,3067.96
289815,-5.6,-1.5083,13.386,1365,3067.96
289820,-3.6009,2.4098,8.0026,1371,3069.05
289825,3.0119,3.6955,8.9148,1371,3069.05
289830,2.1668,0.9541,13.2208,1363,3069.05
289835,-6.0932,-1.1384,13.0508,1363,3069.05
289840,-2.5606,2.6731,7.7177,1371,3069.21
289845,3.316,3.7685,9.1578,1365,3069.21
289850,1.4629,0.5016,13.5572,1359,3069.21
289855,-6.5984,-0.759,12.5528,1367,3069.21
289860,-1.5526,2.7438,7.5693,1369,3069.21
289865,3.6368,3.7362,9.4763,1368,3069.21
289870,0.6572,0.1257,13.8936,1358,3069.21
289875,-6.9288,-0.3543,12.0261,1365,3069.21
289880,-0.5986,2.891,7.4208,1364,3068.9
289885,3.9492,3.7038,9.8485,1364,3068.9
289890,-0.2346,-0.2789,14.0743,1361,3068.9
289895,-7.167,0.1089,11.57,1364,3068.9
289900,0.1568,2.9939,7.4711,1370,3069.52
289905,4.1958,3.5422,10.3106,1369,3069.52
289910,-1.0606,-0.6752,14.2024,1362,3069.52
289915,-7.1934,0.6381,10.9726,1365,3069.52
289920,0.8739,3.0849,7.4699,1363,3069.21
289925,4.4101,3.322,10.6997,1361,3069.21
289930,-1.9597,-1.0858,14.3317,1367,3069.21
289935,-7.0785,1.087,10.4746,1368,3069.21
289940,1.3827,3.2034,7.5848,1363,3069.05
289945,4.4436,3.0071,11.2073,1363,3069.05
289950,-2.8228,-1.4102,14.3173,1363,3069.05
289955,-6.7337,1.482,9.839,1371,3069.05
289960,1.8399,3.2801,7.8542,1367,3069.05
289965,4.3287,2.6983,11.6717,1363,3069.05
289970,-3.632,-1.5802,14.1785,1367,3069.05
289975,-6.1986,1.7789,9.3278,1361,3069.05
289980,2.1656,3.4177,8.0732,1365,3068.27
289985,3.972,2.2841,12.1063,1368,3068.27
289990,-4.3802,-1.7669,14.0312,1359,3068.27
289995,-5.4803,2.0423,8.8418,1371,3067.64
290000,2.4648,3.5255,8.3151,1365,3067.64
290005,3.5123,1.9058,12.5336,1363,3067.64
290010,-4.9979,-1.6975,13.7679,1372,3067.64
290015,-4.5969,2.2541,8.3845,1373,3067.17
290020,2.7031,3.5985,8.6143,1367,3067.17
290025,2.9485,1.4186,12.8928,1363,3067.17
290030,-5.5569,-1.5143,13.3393,1365,3067.17
290035,-3.6883,2.4565,8.0194,1371,3067.17
290040,2.988,3.6895,8.8825,1368,3067.17
290045,2.1715,1.0116,13.2196,1365,3067.17
290050,-6.0513,-1.2294,13.0161,1367,3067.17
290055,-2.6671,2.6073,7.677,1369,3066.86
290060,3.2801,3.7912,9.1782,1367,3066.86
290065,1.4796,0.5674,13.4686,1368,3066.86
290070,-6.4643,-0.82,12.5564,1365,3066.86
290075,-1.7202,2.7617,7.5537,1369,3066.7
290080,3.5781,3.8211,9.5517,1367,3066.7
290085,0.6847,0.2119,13.8014,1363,3066.7
290090,-6.8211,-0.3938,12.0871,1368,3066.7
290095,-0.7793,2.8216,7.3957,1369,3066.54
290100,3.8786,3.6631,9.815,1359,3066.54
290105,-0.0898,-0.2047,14.0061,1359,3066.54
290110,-7.106,0.0455,11.5963,1369,3066.54
290115,-0.0192,2.9939,7.4448,1372,3066.23
290120,4.1061,3.6033,10.2627,1369,3066.23
290125,-0.893,-0.5746,14.1461,1367,3066.23
290130,-7.1515,0.5471,11.0289,1365,3066.23
290135,0.7147,3.0526,7.4555,1363,3066.07
290140,4.294,3.3818,10.6901,1367,3066.07
290145,-1.6712,-1.0151,14.2359,1368,3066.07
290150,-7.0832,0.9984,10.5896,1365,3066.07
290155,1.2318,3.2034,7.6591,1359,3066.07
290160,4.3946,3.1017,11.0947,1361,3066.07
290165,-2.5091,-1.3204,14.267,1365,3066.07
290170,-6.8426,1.3443,9.9455,1373,3066.07
290175,1.6843,3.286,7.7859,1363,3065.92
290180,4.3311,2.8335,11.4958,1371,3065.92
290185,-3.3196,-1.5933,14.2228,1363,3065.92
290190,-6.4081,1.6652,9.5265,1369,3065.92
290195,1.986,3.3698,8.011,1367,3065.92
290200,4.124,2.4828,11.971,1368,3065.92
290205,-4.039,-1.6843,14.0959,1368,3065.92
290210,-5.8095,1.9716,8.9603,1371,3065.6
290215,2.302,3.4668,8.2576,1363,3065.6
290220,3.7158,1.968,12.3277,1368,3065.6
290225,-4.6986,-1.7645,13.811,1371,3065.6
290230,-5.0063,2.2194,8.5401,1365,3066.23
290235,2.5774,3.5686,8.5401,1367,3066.23
290240,3.2178,1.6293,12.6797,1363,3066.23
290245,-5.302,-1.6352,13.55,1372,3066.23
290250,-4.1456,2.3176,8.1882,1369,3066.23
290255,2.8383,3.644,8.819,1365,3066.23
290260,2.5462,1.1468,13.0939,1365,3066.23
290265,-5.8251,-1.4078,13.1777,1366,3066.23
290270,-3.1615,2.5163,7.8626,1373,3066.23
290275,3.134,3.7505,9.0525,1365,3066.23
290280,1.7609,0.753,13.3405,1365,3066.23
290285,-6.3027,-1.0032,12.7683,1364,3066.23
290290,-2.1512,2.6779,7.6399,1371,3066.39
290295,3.3962,3.7709,9.3925,1363,3066.39
290300,1.0523,0.3448,13.6613,1369,3066.39
290305,-6.7098,-0.6297,12.3433,1369,3066.39
290310,-1.221,2.794,7.3993,1365,3066.39
290315,3.7565,3.7625,9.663,1363,3066.39
290320,0.2921,-0.018,13.9163,1363,3066.39
290325,-7.0545,-0.1484,11.8453,1367,3066.39
290330,-0.3496,2.9221,7.4304,1369,3066.07
290335,3.9947,3.644,10.0808,1365,3066.07
290340,-0.5291,-0.4274,14.1378,1367,3066.07
290345,-7.1012,0.3268,11.2934,1367,3066.07
290350,0.3472,3.0191,7.4364,1370,3065.29
290355,4.2234,3.456,10.4639,1369,3065.29
290360,-1.3731,-0.7661,14.2515,1363,3065.29
290365,-7.1228,0.8009,10.8721,1367,3065.29
290370,0.9649,3.0981,7.5405,1367,3065.13
290375,4.3179,3.2561,10.9008,1365,3065.13
290380,-2.1787,-1.154,14.2192,1367,3065.13
290385,-6.9384,1.1779,10.2939,1368,3065.13
290390,1.4353,3.2034,7.7237,1363,3064.82
290395,4.3299,3.0035,11.3425,1363,3064.82
290400,-2.9772,-1.4664,14.267,1365,3064.82
290405,-6.6367,1.5754,9.827,1371,3064.82
290410,1.8244,3.2908,7.8985,1367,3064.82
290415,4.1958,2.6492,11.7555,1367,3064.82
290420,-3.6895,-1.6053,14.1414,1365,3064.82
290425,-6.1531,1.8304,9.238,1366,3064.82
290430,2.162,3.3998,8.1355,1363,3064.98
290435,3.887,2.2733,12.1841,1369,3064.98
290440,-4.3419,-1.719,14.0396,1359,3064.98
290445,-5.4672,2.0949,8.8765,1372,3065.45
290450,2.411,3.5422,8.3773,1363,3065.45
290455,3.462,1.8842,12.5145,1370,3065.45
290460,-5.0123,-1.7095,13.6865,1373,3065.45
290465,-4.6519,2.2446,8.4252,1371,3065.29
290470,2.642,3.6045,8.6778,1369,3065.29
290475,2.8718,1.4688,12.9993,1365,3065.29
290480,-5.5941,-1.5167,13.3608,1365,3065.29
290485,-3.7074,2.4828,8.0122,1368,3064.98
290490,2.9329,3.7194,8.8801,1369,3064.98
290495,2.1632,0.9816,13.2172,1363,3064.98
290500,-6.0094,-1.2797,13.0077,1365,3064.98
290505,-2.7713,2.5845,7.7273,1369,3064.82
290510,3.1747,3.7685,9.2871,1368,3064.82
290515,1.4509,0.6165,13.5667,1367,3064.82
290520,-6.4416,-0.8667,12.5588,1369,3064.82
290525,-1.7657,2.7306,7.5357,1366,3064.66
290530,3.5267,3.814,9.4882,1363,3064.66
290535,0.7063,0.2418,13.7451,1368,3064.66
290540,-6.7888,-0.4848,12.1745,1373,3064.66
290545,-0.929,2.8527,7.5022,1365,3064.66
290550,3.7481,3.7457,9.8725,1365,3064.66
290555,-0.0347,-0.1796,14.0025,1365,3064.66
290560,-7.0569,0.0323,11.6143,1367,3064.66
290565,-0.1089,2.9317,7.4735,1367,3064.51
290570,4.0103,3.6105,10.2053,1367,3064.51
290575,-0.7805,-0.486,14.1761,1365,3064.51
290580,-7.1778,0.5052,11.157,1366,3064.51
290585,0.5686,3.049,7.5298,1363,3064.51
290590,4.197,3.4225,10.6147,1369,3064.51
290595,-1.6352,-0.9158,14.2371,1363,3064.51
290600,-7.1239,0.9134,10.6135,1367,3064.51
290605,1.1193,3.1603,7.6495,1365,3064.66
290610,4.3155,3.2058,11.0756,1364,3064.66
290615,-2.4289,-1.2869,14.2838,1368,3064.66
290620,-6.9049,1.2941,10.1778,1373,3064.66
290625,1.567,3.2525,7.8123,1363,3064.35
290630,4.2748,2.8695,11.4203,1364,3064.35
290635,-3.1951,-1.5574,14.2467,1365,3064.35
290640,-6.5398,1.6245,9.6259,1371,3064.35
290645,1.8699,3.3698,7.9918,1369,3064.19
290650,4.0857,2.5391,11.9195,1365,3064.19
290655,-3.8918,-1.6688,14.1569,1363,3064.19
290660,-5.9951,1.9118,9.1866,1365,3064.19
290665,2.1703,3.4453,8.1954,1364,3064.35
290670,3.7565,2.1416,12.2344,1373,3064.35
290675,-4.5454,-1.7274,13.8708,1365,3064.35
290680,-5.2828,2.1488,8.7053,1371,3064.04
290685,2.4397,3.5829,8.521,1363,3064.04
290690,3.2669,1.7921,12.6354,1362,3064.04
290695,-5.1296,-1.6293,13.6469,1375,3064.04
290700,-4.4005,2.3451,8.2899,1371,3064.98
290705,2.6971,3.6691,8.7448,1369,3064.98
290710,2.6683,1.3312,12.9239,1365,3064.98
290715,-5.6707,-1.4317,13.2974,1365,3064.98
290720,-3.4895,2.5055,8.005,1375,3064.66
290725,2.9509,3.7804,9.0489,1368,3064.66
290730,1.9573,0.9457,13.307,1369,3064.66
290735,-6.1495,-1.1349,12.9215,1363,3064.66
290740,-2.4864,2.6624,7.6938,1369,3064.35
290745,3.2489,3.8271,9.3206,1367,3064.35
290750,1.2342,0.5076,13.562,1366,3064.35
290755,-6.5362,-0.7458,12.536,1365,3064.35
290760,-1.6376,2.7689,7.5513,1368,3064.51
290765,3.5602,3.8415,9.6199,1363,3064.51
290770,0.5674,0.1401,13.7822,1365,3064.51
290775,-6.8462,-0.2538,12.0081,1373,3064.51
290780,-0.6764,2.8623,7.4783,1367,3064.04
290785,3.8116,3.7302,9.8988,1367,3064.04
290790,-0.243,-0.2418,14.0312,1357,3064.04
290795,-7.0677,0.1197,11.6155,1363,3064.04
290800,0.0215,2.9652,7.4172,1369,3065.29
290805,4.0701,3.6069,10.2448,1365,3065.29
290810,-1.0678,-0.6165,14.1988,1365,3065.29
290815,-7.1599,0.589,11.0289,1363,3065.29
290820,0.729,3.073,7.495,1363,3064.82
290825,4.2509,3.3662,10.6997,1368,3064.82
290830,-1.8747,-0.9972,14.3066,1359,3064.82
290835,-7.0868,1.0642,10.5285,1365,3064.82
290840,1.2665,3.1508,7.6028,1365,3064.98
290845,4.3718,3.1747,11.139,1363,3064.98
290850,-2.6707,-1.2977,14.2539,1363,3064.98
290855,-6.8127,1.4293,9.985,1371,3064.98
290860,1.646,3.3004,7.7919,1375,3064.98
290865,4.2677,2.8383,11.5736,1365,3064.98
290870,-3.4141,-1.5586,14.2431,1362,3064.98
290875,-6.3937,1.7442,9.5193,1366,3064.98
290880,1.9836,3.383,8.0062,1367,3065.29
290885,4.3527,3.2441,10.9786,1364,3065.29
290890,-4.0809,-1.6855,14.0827,1367,3065.29
290895,-6.8726,1.2725,10.2364,1365,3065.29
290900,1.5479,3.3052,7.7824,1359,3065.6
290905,4.3778,2.9305,11.394,1371,3065.6
290910,-3.128,-1.4856,14.2874,1369,3065.6
290915,-6.5781,1.5969,9.6211,1369,3065.29
290920,1.9237,3.3519,7.9523,1357,3065.29
290925,4.1946,2.5893,11.8441,1364,3065.29
290930,-3.8583,-1.6412,14.1354,1371,3065.29
290935,-5.9628,1.9082,9.1602,1371,3065.45
290940,2.1979,3.4536,8.1738,1371,3065.45
290945,3.8295,2.1608,12.2751,1364,3065.45
290950,-4.4879,-1.7262,13.8792,1363,3065.45
290955,-5.2385,2.1656,8.6012,1371,3064.82
290960,2.4792,3.5757,8.3977,1369,3064.82
290965,3.3339,1.8112,12.6402,1363,3064.82
290970,-5.0793,-1.6328,13.6434,1365,3064.82
290975,-4.385,2.314,8.3222,1368,3064.82
290980,2.7461,3.6943,8.7305,1364,3064.82
290985,2.6755,1.3479,12.9443,1367,3064.82
290990,-5.6084,-1.4365,13.2735,1367,3064.82
290995,-3.4177,2.4924,7.9464,1369,3065.13
291000,3.0478,3.8128,8.9639,1366,3065.13
291005,2.0566,0.9098,13.2603,1364,3065.13
291010,-6.0932,-1.1396,12.9107,1372,3065.13
291015,-2.4936,2.6372,7.6998,1369,3064.66
291020,3.3363,3.7781,9.2584,1363,3064.66
291025,1.3336,0.4848,13.6074,1365,3064.66
291030,-6.4979,-0.747,12.4714,1366,3064.66
291035,-1.5634,2.7485,7.4807,1369,3065.13
291040,3.5937,3.7637,9.584,1369,3065.13
291045,0.5686,0.1377,13.8457,1365,3065.13
291050,-6.839,-0.2897,12.0333,1365,3065.13
291055,-0.7278,2.8934,7.4771,1361,3064.98
291060,3.8666,3.711,9.9108,1363,3064.98
291065,-0.2023,-0.2693,14.0504,1367,3064.98
291070,-7.0222,0.1544,11.4575,1363,3064.98
291075,0.0886,2.9951,7.3801,1362,3064.66
291080,4.1767,3.6212,10.2663,1364,3064.66
291085,-0.9254,-0.6452,14.2144,1365,3064.66
291090,-7.1395,0.656,11.0456,1371,3064.66
291095,0.7709,3.1436,7.5154,1357,3064.51
291100,4.3155,3.4069,10.6662,1365,3064.51
291105,-1.7298,-1.0044,14.2635,1358,3064.51
291110,-7.0593,0.9876,10.5189,1367,3064.51
291115,1.2139,3.2465,7.6782,1368,3064.51
291120,4.3479,3.1292,11.1462,1367,3064.51
291125,-2.5893,-1.3192,14.3233,1367,3064.51
291130,-6.7828,1.3755,10.0365,1364,3064.66
291135,1.7286,3.3076,7.8266,1363,3064.66
291140,4.3359,2.8539,11.5472,1372,3064.66
291145,-3.292,-1.5467,14.1485,1371,3064.66
291150,-6.3626,1.6556,9.5229,1367,3065.13
291155,1.9992,3.3662,8.0649,1364,3065.13
291160,4.1156,2.4026,11.9542,1359,3065.13
291165,-4.0666,-1.7023,14.0336,1368,3065.13
291170,-5.7616,2.0111,9.007,1374,3065.45
291175,2.3559,3.5099,8.2265,1367,3065.45
291180,3.7433,1.9944,12.3828,1363,3065.45
291185,-4.7022,-1.6999,13.8576,1363,3065.45
291190,-4.9632,2.1859,8.5198,1371,3065.45
291195,2.6013,3.632,8.5437,1367,3065.45
291200,3.1699,1.579,12.7132,1365,3065.45
291205,-5.2146,-1.5957,13.5464,1366,3065.45
291210,-4.0989,2.4193,8.1463,1369,3065.76
291215,2.8934,3.7445,8.8406,1363,3065.76
291220,2.5809,1.1935,13.0592,1367,3065.76
291225,-5.8179,-1.3707,13.1968,1367,3065.76
291230,-3.134,2.5139,7.9176,1372,3066.23
291235,3.1735,3.7972,9.0441,1379,3066.23
291240,1.7753,0.7482,13.3668,1363,3066.23
291245,-6.2596,-1.0427,12.7467,1368,3066.23
291250,-2.1679,2.6791,7.5513,1365,3066.54
291255,3.4357,3.8307,9.3709,1363,3066.54
291260,1.0822,0.3974,13.726,1367,3066.54
291265,-6.687,-0.5962,12.3553,1365,3066.54
291270,-1.2115,2.8048,7.5082,1369,3066.54
291275,3.7733,3.7481,9.6498,1371,3066.54
291280,0.2586,-0.0503,13.8828,1359,3066.54
291285,-6.9719,-0.1425,11.813,1367,3066.54
291290,-0.328,2.9437,7.4017,1365,3066.7
291295,4.0582,3.7098,10.0676,1367,3066.7
291300,-0.5351,-0.4154,14.0983,1365,3066.7
291305,-7.1132,0.3735,11.3485,1369,3066.7
291310,0.4489,3.067,7.4555,1364,3066.39
291315,4.2653,3.4788,10.4172,1359,3066.39
291320,-1.2821,-0.8164,14.2647,1363,3066.39
291325,-7.1491,0.8009,10.811,1373,3066.39
291330,0.9864,3.1388,7.5513,1363,3066.39
291335,4.4113,3.2944,10.8972,1367,3066.39
291340,-2.1907,-1.1337,14.2982,1363,3066.39
291345,-6.9911,1.1672,10.1945,1365,3066.39
291350,1.4976,3.225,7.6734,1364,3066.39
291355,4.4173,2.9712,11.3114,1370,3066.39
291360,-2.9568,-1.4533,14.2838,1364,3066.39
291365,-6.596,1.5467,9.7648,1373,3066.23
291370,1.8639,3.3291,7.932,1363,3066.23
291375,4.2808,2.6348,11.7771,1365,3066.23
291380,-3.7074,-1.6316,14.1761,1369,3066.23
291385,-6.0657,1.8771,9.238,1357,3066.23
291390,2.2278,3.4441,8.1151,1365,3066.23
291395,3.9768,2.2206,12.1985,1363,3066.23
291400,-4.4065,-1.7538,14.0109,1366,3066.23
291405,-5.3498,2.0949,8.7652,1369,3066.7
291410,2.4792,3.5841,8.3965,1369,3066.7
291415,3.4788,1.7609,12.5911,1362,3066.7
291420,-5.0314,-1.6269,13.6888,1365,3066.7
291425,-4.4831,2.302,8.3306,1370,3066.7
291430,2.788,3.7002,8.6431,1365,3066.7
291435,2.8252,1.3204,12.9347,1365,3066.7
291440,-5.5797,-1.4748,13.3656,1368,3066.7
291445,-3.5518,2.4684,8.0146,1371,3067.01
291450,3.0981,3.7673,8.9459,1363,3067.01
291455,2.1249,0.9218,13.2447,1363,3067.01
291460,-6.0897,-1.1085,12.9502,1367,3067.01
291465,-2.5438,2.6264,7.6531,1359,3067.01
291470,3.3674,3.7673,9.1662,1363,3067.01
291475,1.4138,0.4992,13.6051,1361,3067.01
291480,-6.5721,-0.7422,12.4738,1369,3067.01
291485,-1.555,2.7701,7.5022,1371,3067.17
291490,3.6428,3.7685,9.5469,1363,3067.17
291495,0.6081,0.0898,13.8529,1367,3067.17
291500,-6.863,-0.2921,12.0404,1368,3067.17
291505,-0.6357,2.909,7.4172,1363,3067.17
291510,3.9337,3.723,9.9754,1363,3067.17
291515,-0.1784,-0.3124,14.0971,1365,3067.17
291520,-7.1048,0.1856,11.5412,1365,3067.17
291525,0.1724,2.9892,7.3957,1364,3067.33
291530,4.1839,3.5745,10.313,1365,3067.33
291535,-1.0319,-0.6859,14.2263,1365,3067.33
291540,-7.1766,0.6524,11.0504,1371,3067.33
291545,0.844,3.1101,7.4807,1343,3067.48
291550,4.367,3.3722,10.7308,1365,3067.48
291555,-1.8387,-1.0714,14.3341,1365,3067.48
291560,-7.0892,1.0427,10.4184,1367,3067.48
291565,1.3479,3.2034,7.6483,1370,3067.33
291570,4.4784,3.0765,11.163,1367,3067.33
291575,-2.6923,-1.3396,14.2862,1365,3067.33
291580,-6.8199,1.4353,9.9012,1367,3067.96
291585,1.7705,3.3136,7.8901,1363,3067.96
291590,4.3431,2.7078,11.6514,1371,3067.96
291595,-3.4728,-1.585,14.2383,1366,3067.96
291600,-6.28,1.7968,9.4128,1367,3067.8
291605,2.1596,3.4584,8.0409,1366,3067.8
291610,4.1312,2.3367,12.0105,1363,3067.8
291615,-4.1707,-1.7334,14.1018,1365,3067.8
291620,-5.6216,2.0446,8.8945,1369,3068.11
291625,2.3774,3.5338,8.3438,1363,3068.11
291630,3.6607,1.9166,12.475,1363,3068.11
291635,-4.8914,-1.7059,13.7248,1365,3068.11
291640,-4.725,2.2841,8.4467,1371,3068.11
291645,2.6671,3.6129,8.5796,1372,3068.11
291650,3.0347,1.4389,12.8365,1363,3068.11
291655,-5.4588,-1.5826,13.4794,1364,3068.11
291660,-3.8032,2.4636,8.078,1365,3068.27
291665,2.9928,3.7409,8.8765,1365,3068.27
291670,2.3691,0.9912,13.1202,1369,3068.27
291675,-6.0094,-1.2833,13.0376,1355,3068.27
291680,-2.7857,2.563,7.7357,1369,3068.27
291685,3.3028,3.7709,9.1231,1367,3068.27
291690,1.5969,0.5746,13.441,1361,3068.27
291695,-6.4991,-0.7949,12.6581,1369,3068.27
291700,-1.7597,2.7653,7.5357,1369,3068.27
291705,3.5901,3.7781,9.4679,1363,3068.27
291710,0.7673,0.1496,13.7882,1363,3068.27
291715,-6.8486,-0.3807,12.1302,1365,3068.27
291720,-0.8499,2.8695,7.4376,1367,3068.11
291725,3.8714,3.699,9.8222,1383,3068.11
291730,-0.0215,-0.2286,14.0803,1363,3068.11
291735,-7.1216,0.0886,11.6382,1367,3068.11
291740,0.0431,3.0131,7.434,1359,3068.43
291745,4.1288,3.5901,10.1694,1362,3068.43
291750,-0.9337,-0.6237,14.1892,1367,3068.43
291755,-7.1419,0.5543,11.1139,1371,3068.43
291760,0.6967,3.0742,7.5022,1363,3068.43
291765,4.3179,3.3794,10.665,1366,3068.43
291770,-1.7382,-0.9912,14.388,1362,3068.43
291775,-7.1407,0.9984,10.6255,1371,3068.43
291780,1.2845,3.1795,7.6291,1365,3068.58
291785,4.4843,3.0885,11.0361,1357,3068.58
291790,-2.6336,-1.2893,14.3173,1365,3068.58
291795,-6.8366,1.3719,9.9802,1365,3068.58
291800,1.7394,3.2932,7.8243,1363,3068.58
291805,4.3598,2.7581,11.5724,1371,3068.58
291810,-3.3902,-1.5694,14.2275,1367,3068.58
291815,-6.3805,1.7538,9.4188,1371,3068.43
291820,2.0746,3.4225,7.9811,1364,3068.43
291825,4.1168,2.3786,11.9746,1363,3068.43
291830,-4.1683,-1.6987,14.1007,1371,3068.43
291835,-5.703,1.9944,9.0202,1371,3068.43
291840,2.3942,3.535,8.2863,1367,3068.43
291845,3.6859,1.9393,12.4522,1363,3068.43
291850,-4.8183,-1.7705,13.8062,1363,3068.43
291855,-4.8842,2.2494,8.5054,1371,3068.43
291860,2.6767,3.6212,8.4743,1368,3068.43
291865,3.1137,1.5191,12.7886,1357,3068.43
291870,-5.4588,-1.5598,13.5296,1368,3068.43
291875,-3.9133,2.4205,8.09,1367,3068.58
291880,2.9568,3.7062,8.8322,1365,3068.58
291885,2.405,1.0989,13.1525,1365,3068.58
291890,-5.9915,-1.2546,13.0771,1367,3068.58
291895,-2.8898,2.5881,7.7584,1369,3068.27
291900,3.2274,3.7924,9.1231,1369,3068.27
291905,1.6604,0.6033,13.4973,1359,3068.27
291910,-6.4141,-0.8344,12.7455,1367,3068.27
291915,-1.8866,2.7306,7.5729,1363,3068.11
291920,3.541,3.7852,9.4176,1365,3068.11
291925,0.9074,0.1939,13.7595,1364,3068.11
291930,-6.8319,-0.4549,12.1841,1363,3068.11
291935,-0.8715,2.9317,7.446,1369,3068.11
291940,3.8475,3.7541,9.8043,1369,3068.11
291945,0.0479,-0.1796,14.0456,1359,3068.11
291950,-7.1108,0.0359,11.6777,1366,3068.11
291955,-0.0742,2.9844,7.3861,1357,3068.27
291960,4.1084,3.62,10.1909,1365,3068.27
291965,-0.7865,-0.5543,14.2,1365,3068.27
291970,-7.179,0.4681,11.1282,1367,3068.27
291975,0.6512,3.1101,7.434,1361,3068.43
291980,4.3622,3.4405,10.6279,1363,3068.43
291985,-1.6101,-0.9529,14.2982,1366,3068.43
291990,-7.1168,0.9637,10.5764,1373,3068.43
291995,1.2701,3.1639,7.5393,1358,3068.11
292000,4.4831,3.1484,10.9822,1369,3068.11
292005,-2.4553,-1.3252,14.279,1363,3068.11
292010,-6.8594,1.3108,10.0245,1363,3068.11
292015,1.6831,3.3136,7.8111,1363,3068.11
292020,4.4221,2.8024,11.5077,1364,3068.11
292025,-3.2992,-1.5407,14.3101,1361,3068.11
292030,-6.4368,1.7214,9.5217,1369,3068.74
292035,2.0602,3.4333,7.9763,1363,3068.74
292040,4.2126,2.4433,11.9112,1367,3068.74
292045,-4.0606,-1.7178,14.0851,1371,3068.74
292050,-5.8251,1.9632,8.9962,1381,3068.58
292055,2.3798,3.5314,8.2337,1367,3068.58
292060,3.8056,1.9908,12.4091,1363,3068.58
292065,-4.7537,-1.6735,13.8517,1364,3068.58
292070,-4.9668,2.2254,8.5198,1386,3068.58
292075,2.66,3.6416,8.4994,1368,3068.58
292080,3.2561,1.549,12.7623,1359,3068.58
292085,-5.4001,-1.549,13.5524,1367,3068.58
292090,-4.0235,2.4062,8.1702,1373,3068.43
292095,2.9113,3.6943,8.819,1365,3068.43
292100,2.5343,1.1157,13.1106,1364,3068.43
292105,-5.873,-1.2797,13.1166,1364,3068.43
292110,-2.9892,2.5953,7.7572,1365,3068.58
292115,3.2166,3.7326,9.1279,1363,3068.58
292120,1.804,0.6237,13.4243,1359,3068.58
292125,-6.3817,-0.9206,12.7443,1369,3068.58
292130,-1.9644,2.7354,7.5657,1367,3068.58
292135,3.5434,3.814,9.4068,1365,3068.58
292140,0.9613,0.2478,13.7379,1359,3068.58
292145,-6.8331,-0.4884,12.2475,1367,3068.58
292150,-0.996,2.8204,7.4699,1368,3068.9
292155,3.814,3.7326,9.742,1365,3068.9
292160,0.1269,-0.1353,14.0647,1366,3068.9
292165,-7.0749,-0.0658,11.8022,1365,3068.9
292170,-0.158,2.9832,7.4065,1363,3068.74
292175,4.13,3.6595,10.0987,1363,3068.74
292180,-0.6596,-0.5375,14.1378,1367,3068.74
292185,-7.258,0.4453,11.145,1365,3068.74
292190,0.5902,3.0514,7.4412,1363,3068.74
292195,4.3227,3.4237,10.5632,1364,3068.74
292200,-1.5778,-0.923,14.2742,1363,3068.74
292205,-7.1527,0.9325,10.653,1371,3068.74
292210,1.1875,3.1951,7.6124,1363,3068.74
292215,4.4592,3.1687,10.9894,1365,3068.74
292220,-2.4289,-1.2893,14.297,1365,3068.74
292225,-6.9073,1.3192,10.1191,1359,3068.74
292230,1.6688,3.2657,7.756,1365,3068.43
292235,4.4436,2.8718,11.4491,1369,3068.43
292240,-3.304,-1.5909,14.2491,1359,3068.43
292245,-6.4895,1.6652,9.4954,1370,3068.43
292250,2.0686,3.3758,7.9416,1361,3068.43
292255,4.2282,2.4744,11.8561,1364,3068.43
292260,-4.0211,-1.6879,14.1725,1371,3068.43
292265,-5.8754,1.9644,9.0644,1365,3068.58
292270,2.3427,3.5039,8.2337,1367,3068.58
292275,3.8666,2.0351,12.2978,1361,3068.58
292280,-4.7405,-1.7214,13.8744,1368,3068.58
292285,-5.0123,2.1895,8.5569,1369,3068.27
292290,2.6516,3.5853,8.4503,1361,3068.27
292295,3.292,1.5766,12.7156,1357,3068.27
292300,-5.381,-1.6017,13.5979,1365,3068.27
292305,-4.0797,2.3367,8.2229,1367,3068.11
292310,2.8754,3.6823,8.6993,1367,3068.11
292315,2.5738,1.0965,13.0819,1363,3068.11
292320,-5.8466,-1.3396,13.0927,1365,3068.11
292325,-3.061,2.5486,7.774,1369,3068.11
292330,3.1999,3.7373,9.0202,1359,3068.11
292335,1.8495,0.7518,13.3728,1363,3068.11
292340,-6.3746,-0.9493,12.7814,1373,3068.11
292345,-2.0315,2.7019,7.5836,1367,3068.27
292350,3.4668,3.8104,9.3099,1365,3068.27
292355,0.978,0.2981,13.6888,1359,3068.27
292360,-6.705,-0.504,12.2763,1368,3068.27
292365,-1.0846,2.7833,7.4328,1369,3069.05
292370,3.7996,3.7445,9.7348,1365,3069.05
292375,0.2239,-0.1353,13.9869,1365,3069.05
292380,-7.0737,-0.0599,11.807,1367,3069.05
292385,-0.2095,2.9532,7.4124,1362,3068.9
292390,4.1013,3.6368,10.064,1365,3068.9
292395,-0.589,-0.5626,14.1833,1366,3068.9
292400,-7.2077,0.3591,11.236,1363,3068.9
292405,0.5267,3.0502,7.4148,1363,3068.74
292410,4.3203,3.4141,10.5321,1362,3068.74
292415,-1.4904,-0.9122,14.3353,1365,3068.74
292420,-7.1419,0.8679,10.6829,1371,3068.74
292425,1.1193,3.1747,7.5693,1359,3068.43
292430,4.4724,3.201,10.9966,1365,3068.43
292435,-2.3894,-1.2845,14.2874,1363,3068.43
292440,-6.9839,1.2965,10.155,1363,3068.43
292445,1.6173,3.2968,7.7189,1369,3067.96
292450,4.44,2.8958,11.4694,1368,3067.96
292455,-3.1951,-1.5718,14.2335,1363,3067.96
292460,-6.5422,1.6568,9.6019,1369,3067.48
292465,2.0016,3.377,7.9368,1359,3067.48
292470,4.2533,2.5139,11.9016,1365,3067.48
292475,-3.954,-1.7238,14.1318,1370,3067.48
292480,-5.9268,1.9046,9.098,1365,3067.8
292485,2.3056,3.4752,8.2037,1367,3067.8
292490,3.9025,2.0686,12.3385,1359,3067.8
292495,-4.6376,-1.7526,13.8947,1367,3067.8
292500,-5.114,2.1656,8.6,1369,3067.17
292505,2.5809,3.5434,8.4168,1363,3067.17
292510,3.3303,1.6448,12.6629,1362,3067.17
292515,-5.2241,-1.6233,13.5392,1369,3067.17
292520,-4.209,2.3571,8.2289,1371,3067.17
292525,2.8012,3.644,8.6969,1367,3067.17
292530,2.709,1.1947,13.0472,1365,3067.17
292535,-5.8035,-1.3803,13.2064,1364,3067.17
292540,-3.207,2.5391,7.853,1371,3066.86
292545,3.1544,3.6943,8.9998,1368,3066.86
292550,1.9297,0.7638,13.4422,1368,3066.86
292555,-6.2956,-1.0403,12.8688,1369,3066.86
292560,-2.2338,2.6492,7.6986,1357,3066.86
292565,3.401,3.7553,9.3099,1367,3066.86
292570,1.1456,0.3448,13.6649,1359,3066.86
292575,-6.6679,-0.6189,12.3696,1367,3066.86
292580,-1.2905,2.7833,7.5022,1366,3066.7
292585,3.7014,3.7565,9.6343,1363,3066.7
292590,0.3915,0.0132,13.9714,1363,3066.7
292595,-6.9671,-0.152,11.8896,1367,3066.7
292600,-0.4058,2.9149,7.428,1365,3067.01
292605,3.9768,3.6512,10.0054,1365,3067.01
292610,-0.4142,-0.4633,14.1246,1363,3067.01
292615,-7.1144,0.2969,11.3425,1365,3067.01
292620,0.3328,3.0227,7.4268,1363,3067.17
292625,4.2102,3.4752,10.3932,1367,3067.17
292630,-1.2175,-0.7554,14.3101,1368,3067.17
292635,-7.1922,0.7817,10.8218,1369,3067.17
292640,0.9744,3.1316,7.5609,1362,3067.17
292645,4.4113,3.2226,10.8098,1368,3067.17
292650,-2.1452,-1.1492,14.3796,1363,3067.17
292655,-7.0342,1.1552,10.3046,1371,3067.17
292660,1.4844,3.2573,7.7129,1339,3067.33
292665,4.3981,2.9808,11.2887,1363,3067.33
292670,-2.982,-1.4186,14.2347,1365,3067.33
292675,-6.6846,1.5634,9.7636,1365,3067.33
292680,1.8507,3.2884,7.9356,1363,3067.01
292685,4.2844,2.6205,11.722,1372,3067.01
292690,-3.8032,-1.6604,14.188,1367,3067.01
292695,-6.11,1.8519,9.2787,1371,3067.17
292700,2.2087,3.4895,8.1343,1359,3067.17
292705,4.0055,2.2182,12.1841,1357,3067.17
292710,-4.4185,-1.7418,14.0145,1372,3067.17
292715,-5.3941,2.1033,8.7664,1372,3066.39
292720,2.4217,3.5482,8.3917,1365,3066.39
292725,3.4213,1.731,12.5313,1363,3066.39
292730,-5.0434,-1.7119,13.7427,1365,3066.39
292735,-4.543,2.2817,8.3558,1367,3066.7
292740,2.7186,3.6799,8.6622,1369,3066.7
292745,2.8443,1.3336,12.9047,1353,3066.7
292750,-5.6036,-1.4437,13.3094,1365,3066.7
292755,-3.5554,2.4493,7.9775,1372,3066.39
292760,2.9736,3.717,8.922,1368,3066.39
292765,2.1332,0.8823,13.2471,1367,3066.39
292770,-6.1088,-1.1432,12.9526,1365,3066.39
292775,-2.6025,2.6145,7.7273,1369,3066.39
292780,3.2453,3.7816,9.2308,1364,3066.39
292785,1.47,0.5315,13.532,1365,3066.39
292790,-6.5266,-0.7482,12.4882,1371,3066.39
292795,-1.6161,2.7761,7.501,1370,3066.23
292800,3.5937,3.7709,9.5936,1363,3066.23
292805,0.5926,0.1137,13.7954,1364,3066.23
292810,-6.869,-0.3005,12.0823,1367,3066.23
292815,-0.7626,2.8898,7.4113,1369,3066.39
292820,3.8283,3.7397,9.8845,1369,3066.39
292825,-0.1616,-0.2598,14.0372,1368,3066.39
292830,-7.0844,0.1448,11.5568,1367,3066.39
292835,0.0383,3.0083,7.4328,1359,3066.23
292840,4.1396,3.5458,10.2975,1365,3066.23
292845,-0.9373,-0.6704,14.2515,1365,3066.23
292850,-7.1694,0.5806,11.0672,1363,3066.23
292855,0.7578,3.0993,7.4328,1357,3066.07
292860,4.3251,3.3639,10.6889,1361,3066.07
292865,-1.7957,-0.9996,14.3221,1363,3066.07
292870,-7.0629,1.002,10.489,1367,3066.07
292875,1.2749,3.1963,7.5884,1359,3066.23
292880,4.361,3.1161,11.1749,1364,3066.23
292885,-2.6408,-1.3491,14.3341,1363,3066.23
292890,-6.8235,1.403,9.991,1367,3066.23
292895,1.7166,3.304,7.762,1367,3065.92
292900,4.361,2.8204,11.5412,1366,3065.92
292905,-3.4309,-1.6077,14.2072,1363,3065.92
292910,-6.371,1.7178,9.4595,1369,3065.6
292915,2.0267,3.3674,8.0182,1359,3065.6
292920,4.1073,2.4565,12.0045,1365,3065.6
292925,-4.0677,-1.7154,14.0528,1369,3065.6
292930,-5.7365,2.0027,8.9651,1365,3065.76
292935,2.3056,3.5003,8.2983,1364,3065.76
292940,3.705,1.992,12.4391,1359,3065.76
292945,-4.7812,-1.719,13.8888,1367,3065.76
292950,-4.956,2.2051,8.5317,1368,3065.29
292955,2.5762,3.6583,8.5665,1365,3065.29
292960,3.0323,1.6029,12.7671,1361,3065.29
292965,-5.3295,-1.5945,13.5476,1365,3065.29
292970,-4.0402,2.3511,8.1439,1369,3065.45
292975,2.8395,3.7014,8.8047,1369,3065.45
292980,2.4469,1.1815,13.143,1362,3065.45
292985,-5.8945,-1.3216,13.1885,1363,3065.45
292990,-3.1256,2.5821,7.9033,1369,3065.29
292995,3.073,3.7577,9.0932,1363,3065.29
293000,1.7837,0.7614,13.4171,1369,3065.29
293005,-6.3195,-0.9397,12.6905,1369,3065.29
293010,-2.15,2.7246,7.6076,1369,3065.13
293015,3.3734,3.7769,9.4188,1366,3065.13
293020,1.0475,0.3077,13.7439,1363,3065.13
293025,-6.6978,-0.5531,12.2942,1365,3065.13
293030,-1.2881,2.8539,7.5094,1369,3064.98
293035,3.6571,3.7445,9.6941,1363,3064.98
293040,0.3124,-0.0634,13.9259,1365,3064.98
293045,-6.9947,-0.103,11.7759,1366,3064.98
293050,-0.3388,2.9245,7.4819,1369,3065.13
293055,3.9456,3.6571,10.1107,1369,3065.13
293060,-0.5219,-0.4549,14.1785,1359,3065.13
293065,-7.173,0.3795,11.2994,1365,3065.13
293070,0.3352,3.0502,7.4436,1362,3064.98
293075,4.1671,3.4967,10.4399,1363,3064.98
293080,-1.2773,-0.814,14.2108,1354,3064.98
293085,-7.1694,0.7961,10.799,1367,3064.98
293090,0.8978,3.1568,7.5417,1357,3065.29
293095,4.2988,3.2382,10.9164,1359,3065.29
293100,-2.1344,-1.172,14.3341,1359,3065.29
293105,-6.9899,1.1935,10.2615,1373,3065.29
293110,1.4473,3.2872,7.6758,1363,3065.29
293115,4.3503,2.9856,11.3042,1367,3065.29
293120,-2.9389,-1.4928,14.2754,1359,3065.29
293125,-6.6439,1.5395,9.7935,1363,3065.29
293130,1.834,3.3255,7.9224,1366,3065.45
293135,4.2653,2.6731,11.7531,1369,3065.45
293140,-3.6751,-1.6592,14.1425,1361,3065.45
293145,-6.1711,1.8998,9.3003,1374,3065.76
293150,2.1691,3.4117,8.0984,1355,3065.76
293155,3.9061,2.2601,12.1649,1367,3065.76
293160,-4.385,-1.7645,13.9977,1371,3065.76
293165,-5.442,2.1129,8.8107,1365,3065.6
293170,2.4193,3.541,8.3917,1366,3065.6
293175,3.4632,1.834,12.5169,1363,3065.6
293180,-4.9931,-1.6831,13.6924,1365,3065.6
293185,-4.6412,2.314,8.3546,1372,3065.92
293190,2.6468,3.6691,8.6754,1361,3065.92
293195,2.873,1.3934,12.8521,1363,3065.92
293200,-5.5665,-1.4341,13.4075,1363,3065.92
293205,-3.6859,2.4924,8.0541,1369,3066.39
293210,2.9413,3.7014,8.9244,1367,3066.39
293215,2.1895,0.9493,13.1873,1367,3066.39
293220,-6.0741,-1.1959,12.9766,1367,3066.39
293225,-2.7198,2.6133,7.7057,1365,3066.7
293230,3.1963,3.7876,9.1842,1365,3066.7
293235,1.5538,0.589,13.5488,1359,3066.7
293240,-6.535,-0.7638,12.5348,1369,3066.7
293245,-1.6819,2.7869,7.519,1364,3066.7
293250,3.4848,3.8128,9.5146,1363,3066.7
293255,0.6823,0.1101,13.7738,1359,3066.7
293260,-6.8582,-0.3915,12.0871,1369,3066.7
293265,-0.8068,2.8551,7.4412,1372,3066.7
293270,3.8235,3.7553,9.8928,1365,3066.7
293275,-0.0622,-0.2406,14.03,1365,3066.7
293280,-7.0904,0.1137,11.6107,1363,3066.7
293285,0.0132,2.9449,7.4531,1363,3066.7
293290,4.0821,3.5961,10.2208,1365,3066.7
293295,-0.911,-0.6297,14.188,1362,3066.7
293300,-7.2269,0.583,11.0971,1365,3066.7
293305,0.6776,3.0981,7.5106,1363,3066.86
293310,4.3179,3.4237,10.6877,1363,3066.86
293315,-1.7729,-0.9673,14.3544,1365,3066.86
293320,-7.1096,1.0582,10.5381,1371,3066.86
293325,1.2127,3.2058,7.604,1364,3067.01
293330,4.3862,3.0969,11.1223,1363,3067.01
293335,-2.5702,-1.3515,14.2718,1355,3067.01
293340,-6.8235,1.4246,9.9635,1369,3067.01
293345,1.6771,3.304,7.8075,1367,3066.7
293350,4.3203,2.8264,11.5592,1365,3066.7
293355,-3.3926,-1.5921,14.2263,1367,3066.7
293360,-6.359,1.7238,9.5074,1401,3065.76
293365,2.0219,3.3782,7.9978,1355,3065.76
293370,4.0773,2.4493,11.9531,1369,3065.76
293375,-4.1049,-1.7538,14.103,1370,3065.76
293380,-5.7628,1.9872,8.9471,1371,3067.96
293385,2.2853,3.4465,8.2744,1365,3067.96
293390,3.7445,2.0004,12.3984,1365,3067.96
293395,-4.8171,-1.67,13.8133,1371,3067.96
293400,-4.9368,2.1931,8.4994,1371,3066.39
293405,2.5821,3.541,8.5246,1369,3066.39
293410,3.122,1.5299,12.7647,1364,3066.39
293415,-5.3714,-1.5682,13.5572,1363,3066.39
293420,-4.0893,2.4277,8.1666,1369,3066.7
293425,2.8144,3.6847,8.8023,1369,3066.7
293430,2.5115,1.1612,13.0915,1361,3066.7
293435,-5.9137,-1.3132,13.1238,1366,3066.7
293440,-3.1029,2.5714,7.8566,1371,3066.86
293445,3.146,3.7517,9.0944,1365,3066.86
293450,1.7681,0.6931,13.4207,1367,3066.86
293455,-6.3865,-0.9637,12.7527,1367,3066.86
293460,-2.071,2.7078,7.5944,1369,3066.7
293465,3.4213,3.7601,9.3601,1369,3066.7
293470,1.0211,0.2981,13.7092,1364,3066.7
293475,-6.8079,-0.498,12.2308,1363,3066.7
293480,-1.1636,2.8335,7.4508,1367,3066.23
293485,3.7254,3.7769,9.7899,1367,3066.23
293490,0.2119,-0.0718,14.0121,1367,3066.23
293495,-7.0437,-0.1149,11.7831,1367,3066.23
293500,-0.2741,2.9257,7.4256,1369,3066.86
293505,3.9995,3.6488,10.0999,1369,3066.86
293510,-0.6213,-0.5064,14.0791,1365,3066.86
293515,-7.197,0.4645,11.303,1365,3066.86
293520,0.4202,3.0478,7.4795,1364,3066.07
293525,4.2066,3.4752,10.501,1367,3066.07
293530,-1.4557,-0.9122,14.2599,1367,3066.07
293535,-7.1886,0.8942,10.7512,1367,3066.07
293540,1.0247,3.1891,7.5824,1364,3066.23
293545,4.361,3.2034,10.8984,1363,3066.23
293550,-2.2901,-1.2186,14.2982,1366,3066.23
293555,-6.9959,1.2785,10.2208,1373,3066.23
293560,1.4976,3.2813,7.7057,1365,3066.54
293565,4.3515,2.9389,11.3629,1367,3066.54
293570,-3.0765,-1.5107,14.2575,1365,3066.54
293575,-6.6092,1.5945,9.6881,1365,3066.54
293580,1.883,3.3387,7.9116,1365,3067.01
293585,4.2186,2.5438,11.7723,1370,3067.01
293590,-3.8487,-1.7286,14.1617,1363,3067.01
293595,-6.0525,1.9142,9.2081,1372,3067.17
293600,2.1452,3.4512,8.1487,1365,3067.17
293605,3.9133,2.1835,12.2882,1368,3067.17
293610,-4.5574,-1.7454,13.9103,1371,3067.17
293615,-5.3091,2.132,8.7352,1366,3067.33
293620,2.4624,3.5638,8.4312,1368,3067.33
293625,3.3914,1.7023,12.6115,1363,3067.33
293630,-5.1703,-1.6424,13.702,1368,3067.33
293635,-4.4137,2.3607,8.2756,1371,3067.48
293640,2.7354,3.6691,8.7412,1369,3067.48
293645,2.7485,1.2749,12.9586,1365,3067.48
293650,-5.7581,-1.4162,13.3237,1367,3067.48
293655,-3.4393,2.4972,7.9128,1367,3067.48
293660,3.0155,3.7302,8.9878,1365,3067.48
293665,2.0075,0.8643,13.3381,1367,3067.48
293670,-6.2489,-1.142,12.9059,1366,3067.48
293675,-2.4421,2.6707,7.6866,1365,3067.33
293680,3.3052,3.8367,9.232,1365,3067.33
293685,1.2677,0.4345,13.6302,1364,3067.33
293690,-6.6631,-0.735,12.4618,1364,3067.33
293695,-1.4736,2.8311,7.495,1359,3067.33
293700,3.6739,3.7637,9.56,1365,3067.33
293705,0.4657,0.0359,13.9151,1359,3067.33
293710,-6.9683,-0.2071,11.9674,1369,3067.33
293715,-0.5231,2.8958,7.4388,1369,3067.17
293720,3.9229,3.7026,9.9635,1367,3067.17
293725,-0.3424,-0.401,14.054,1366,3067.17
293730,-7.1299,0.2442,11.4634,1369,3067.17
293735,0.1832,2.9796,7.4436,1363,3067.33
293740,4.1695,3.5027,10.3801,1368,3067.33
293745,-1.1684,-0.7817,14.2934,1365,3067.33
293750,-7.2137,0.7446,10.9152,1363,3067.33
293755,0.8894,3.1627,7.4903,1363,3067.01
293760,4.3215,3.3112,10.7248,1363,3067.01
293765,-2.0889,-1.1516,14.3473,1367,3067.01
293770,-7.0761,1.1241,10.325,1372,3067.01
293775,1.342,3.2669,7.6794,1363,3066.54
293780,4.367,3.0035,11.2719,1365,3066.54
293785,-2.8994,-1.4353,14.3257,1363,3066.54
293790,-6.7014,1.5287,9.8569,1363,3066.54
293795,1.7777,3.3842,7.8518,1369,3066.23
293800,4.2413,2.7114,11.6909,1369,3066.23
293805,-3.6284,-1.6197,14.2407,1365,3066.23
293810,-6.2321,1.7873,9.3553,1368,3065.76
293815,2.0865,3.3938,8.1295,1363,3065.76
293820,3.9708,2.3128,12.1218,1371,3065.76
293825,-4.3215,-1.7633,14.0216,1370,3065.76
293830,-5.5737,2.0758,8.8334,1369,3067.8
293835,2.3571,3.5446,8.3582,1365,3067.8
293840,3.6188,1.8747,12.4391,1364,3067.8
293845,-4.9321,-1.6867,13.7691,1369,3067.8
293850,-4.725,2.2769,8.4132,1375,3067.01
293855,2.6276,3.6404,8.6383,1367,3067.01
293860,2.9592,1.385,12.8533,1363,3067.01
293865,-5.5725,-1.5407,13.3596,1367,3067.01
293870,-3.7589,2.4888,8.0182,1374,3067.01
293875,2.9054,3.7445,8.9376,1369,3067.01
293880,2.2529,1.0139,13.2184,1365,3067.01
293885,-6.0968,-1.2115,13.0867,1365,3067.01
293890,-2.7545,2.557,7.7417,1370,3067.01
293895,3.2513,3.8343,9.1423,1363,3067.01
293900,1.5227,0.559,13.5464,1368,3067.01
293905,-6.5709,-0.8045,12.6282,1367,3067.01
293910,-1.8052,2.7258,7.5118,1373,3066.86
293915,3.4991,3.8068,9.5217,1365,3066.86
293920,0.7254,0.2083,13.775,1361,3066.86
293925,-6.9073,-0.3603,12.1171,1367,3066.86
293930,-0.8966,2.8659,7.4388,1369,3066.86
293935,3.7972,3.7134,9.821,1363,3066.86
293940,-0.0335,-0.2227,14.0707,1363,3066.86
293945,-7.1347,0.1018,11.6574,1367,3066.86
293950,-0.0778,2.9868,7.4615,1369,3066.86
293955,4.0857,3.5877,10.2424,1369,3066.86
293960,-0.8715,-0.6548,14.1581,1361,3066.86
293965,-7.167,0.5854,11.1007,1367,3066.86
293970,0.6596,3.1173,7.513,1365,3067.01
293975,4.2772,3.3986,10.6303,1366,3067.01
293980,-1.7322,-1.0223,14.3149,1367,3067.01
293985,-7.1383,0.9888,10.5548,1369,3067.01
293990,1.1552,3.1975,7.6184,1363,3066.7
293995,4.3814,3.1388,11.072,1364,3066.7
294000,-2.5786,-1.2965,14.4047,1363,3066.7
294005,-6.9013,1.3898,10.0209,1375,3066.7
294010,1.6592,3.3016,7.7584,1368,3066.54
294015,4.3048,2.8228,11.4802,1369,3066.54
294020,-3.3722,-1.5682,14.2263,1364,3066.54
294025,-6.4955,1.7202,9.5002,1365,3066.54
294030,1.98,3.3806,8.0721,1366,3066.23
294035,4.13,2.4804,11.9483,1370,3066.23
294040,-4.0941,-1.6735,14.0588,1365,3066.23
294045,-5.8466,2.0219,9.0333,1371,3067.17
294050,2.2865,3.4812,8.242,1362,3067.17
294055,3.7421,2.0243,12.3852,1365,3067.17
294060,-4.7657,-1.7238,13.8684,1371,3067.17
294065,-5.041,2.2326,8.5593,1367,3067.33
294070,2.545,3.6093,8.4779,1371,3067.33
294075,3.1855,1.5921,12.7515,1365,3067.33
294080,-5.3666,-1.6305,13.544,1367,3067.33
294085,-4.1384,2.3954,8.1451,1369,3066.86
294090,2.8156,3.7362,8.7819,1368,3066.86
294095,2.5091,1.1061,13.1083,1357,3066.86
294100,-5.9388,-1.3252,13.2244,1368,3066.86
294105,-3.1388,2.5869,7.8841,1371,3068.43
294110,3.1591,3.7984,9.0285,1369,3068.43
294115,1.7693,0.6823,13.4662,1365,3068.43
294120,-6.4093,-0.923,12.785,1367,3068.43
294125,-2.132,2.7126,7.6531,1371,3067.48
294130,3.4393,3.7936,9.3302,1365,3067.48
294135,0.9972,0.3208,13.7439,1365,3067.48
294140,-6.7852,-0.5064,12.2966,1372,3067.48
294145,-1.1696,2.8491,7.4675,1364,3067.33
294150,3.7254,3.7122,9.7085,1368,3067.33
294155,0.2191,-0.1353,14.0252,1361,3067.33
294160,-7.0533,-0.0347,11.7483,1367,3067.33
294165,-0.2825,2.9904,7.4041,1371,3067.33
294170,3.9612,3.6655,10.1059,1369,3067.33
294175,-0.6464,-0.4968,14.2216,1367,3067.33
294180,-7.1694,0.4369,11.2911,1365,3067.33
294185,0.4417,3.049,7.3993,1365,3067.48
294190,4.2413,3.4812,10.495,1368,3067.48
294195,-1.4521,-0.8799,14.2838,1365,3067.48
294200,-7.1754,0.8906,10.7571,1368,3067.48
294205,1.0534,3.201,7.616,1369,3067.48
294210,4.391,3.2286,10.9259,1363,3067.48
294215,-2.3535,-1.2402,14.4131,1365,3067.48
294220,-6.9911,1.33,10.1921,1373,3067.48
294225,1.5275,3.2561,7.6806,1363,3067.48
294230,4.4149,2.9125,11.3557,1367,3067.48
294235,-3.1053,-1.5203,14.2994,1365,3067.48
294240,-6.59,1.6125,9.7252,1365,3067.48
294245,1.9106,3.4237,7.9487,1368,3067.64
294250,4.1707,2.5642,11.8908,1367,3067.64
294255,-3.8906,-1.652,14.1581,1363,3067.64
294260,-6.0035,1.9441,9.0968,1373,3067.8
294265,2.2505,3.4512,8.2013,1363,3067.8
294270,3.8355,2.1213,12.2715,1371,3067.8
294275,-4.5957,-1.7202,13.9797,1373,3067.8
294280,-5.2493,2.1919,8.6862,1370,3067.48
294285,2.5163,3.6081,8.4527,1367,3067.48
294290,3.3279,1.6987,12.6617,1364,3067.48
294295,-5.2421,-1.6221,13.6481,1367,3067.48
294300,-4.367,2.4086,8.2205,1368,3066.86
294305,2.7892,3.6871,8.7376,1371,3066.86
294310,2.6875,1.251,13.0723,1365,3066.86
294315,-5.8203,-1.3815,13.2758,1367,3066.86
294320,-3.3088,2.5175,7.8733,1373,3068.43
294325,3.0718,3.8176,8.9914,1367,3068.43
294330,1.9297,0.8116,13.4003,1367,3068.43
294335,-6.2584,-1.0463,12.9155,1367,3068.43
294340,-2.3715,2.6887,7.6746,1369,3067.48
294345,3.3615,3.8271,9.3158,1366,3067.48
294350,1.2294,0.3926,13.6936,1369,3067.48
294355,-6.7145,-0.5986,12.4247,1369,3067.48
294360,-1.3431,2.8587,7.5393,1365,3066.86
294365,3.6595,3.7948,9.6019,1367,3066.86
294370,0.3567,-0.0132,13.9103,1364,3066.86
294375,-7.0581,-0.1532,11.9147,1371,3066.86
294380,-0.5028,2.9628,7.4065,1372,3067.96
294385,3.9301,3.6739,10.0257,1364,3067.96
294390,-0.4154,-0.419,14.1773,1363,3067.96
294395,-7.2089,0.3436,11.4179,1369,3067.96
294400,0.3077,3.0598,7.4029,1365,3067.48
294405,4.1922,3.5494,10.3801,1369,3067.48
294410,-1.2989,-0.7805,14.2216,1363,3067.48
294415,-7.2101,0.7793,10.8804,1366,3067.48
294420,0.9194,3.1472,7.5549,1368,3067.64
294425,4.361,3.304,10.9164,1365,3067.64
294430,-2.1308,-1.1756,14.3413,1365,3067.64
294435,-7.0809,1.2079,10.3585,1352,3067.64
294440,1.4293,3.2801,7.6782,1366,3067.64
294445,4.4412,3.061,11.2527,1367,3067.64
294450,-2.8862,-1.4413,14.3485,1363,3067.64
294455,-6.7229,1.5622,9.8174,1371,3067.64
294460,1.8387,3.3878,7.8901,1371,3067.96
294465,4.3072,2.5809,11.7783,1365,3067.96
294470,-3.7397,-1.6592,14.2,1368,3067.96
294475,-6.1627,1.8663,9.2608,1368,3067.96
294480,2.1596,3.4907,8.1139,1366,3068.27
294485,3.9732,2.223,12.1434,1373,3068.27
294490,-4.4556,-1.7274,13.9917,1369,3068.27
294495,-5.4755,2.1368,8.8406,1368,3068.43
294500,2.4289,3.5757,8.4048,1365,3068.43
294505,3.5075,1.7765,12.5588,1369,3068.43
294510,-5.1068,-1.6352,13.7188,1374,3068.43
294515,-4.5633,2.3475,8.3797,1373,3068.11
294520,2.7533,3.6775,8.6538,1371,3068.11
294525,2.8814,1.3563,12.985,1367,3068.11
294530,-5.6982,-1.4449,13.3968,1367,3068.11
294535,-3.5303,2.5379,7.9679,1379,3067.8
294540,2.9724,3.7888,8.9112,1369,3067.8
294545,2.0937,0.9038,13.3381,1365,3067.8
294550,-6.1878,-1.1001,12.9574,1369,3067.8
294555,-2.5474,2.6767,7.6938,1371,3067.96
294560,3.3447,3.7996,9.1973,1367,3067.96
294565,1.336,0.4381,13.611,1369,3067.96
294570,-6.6248,-0.6512,12.5552,1369,3067.96
294575,-1.561,2.8204,7.5501,1371,3067.64
294580,3.5949,3.784,9.5038,1367,3067.64
294585,0.5483,0.0587,13.8983,1365,3067.64
294590,-6.9456,-0.2059,12.0476,1371,3067.64
294595,-0.6512,2.9329,7.4316,1368,3067.8
294600,3.9708,3.7254,9.9,1367,3067.8
294605,-0.2586,-0.2909,14.121,1367,3067.8
294610,-7.167,0.2586,11.4958,1369,3067.8
294615,0.1508,3.037,7.428,1375,3067.64
294620,4.148,3.5326,10.2927,1371,3067.64
294625,-1.1181,-0.7183,14.2898,1363,3067.64
294630,-7.1862,0.7266,10.975,1369,3067.64
294635,0.7973,3.152,7.5166,1366,3067.48
294640,4.3108,3.3782,10.7571,1366,3067.48
294645,-1.9561,-1.1061,14.3425,1369,3067.48
294650,-7.0892,1.1875,10.4483,1369,3067.48
294655,1.3707,3.2561,7.671,1364,3067.64
294660,4.4365,3.0466,11.1713,1365,3067.64
294665,-2.7581,-1.4437,14.3293,1363,3067.64
294670,-6.7924,1.5071,9.8785,1381,3067.64
294675,1.7777,3.3387,7.8829,1367,3067.48
294680,4.3562,2.7378,11.6885,1371,3067.48
294685,-3.5733,-1.6029,14.2563,1369,3067.48
294690,-6.2692,1.7837,9.3027,1367,3067.48
294695,2.1213,3.4297,8.0697,1365,3067.33
294700,3.9983,2.3008,12.0584,1374,3067.33
294705,-4.3215,-1.7023,14.1018,1365,3067.33
294710,-5.5713,2.0818,8.8765,1375,3067.96
294715,2.4134,3.5853,8.3199,1355,3067.96
294720,3.5901,1.8723,12.5121,1359,3067.96
294725,-4.9368,-1.6388,13.7966,1373,3067.96
294730,-4.719,2.2972,8.4252,1372,3067.64
294735,2.6803,3.6476,8.6107,1367,3067.64
294740,3.0251,1.3563,12.8844,1367,3067.64
294745,-5.5031,-1.5167,13.4901,1363,3067.64
294750,-3.796,2.4421,7.9775,1371,3066.86
294755,2.9939,3.784,8.831,1370,3066.86
294760,2.32,1.0056,13.2423,1363,3066.86
294765,-6.0897,-1.2318,13.0831,1368,3066.86
294770,-2.7306,2.6145,7.7345,1373,3068.43
294775,3.2585,3.8104,9.177,1368,3068.43
294780,1.5311,0.5734,13.55,1371,3068.43
294785,-6.4979,-0.7925,12.6366,1367,3068.43
294790,-1.7478,2.727,7.5082,1372,3067.8
294795,3.5877,3.8176,9.5038,1367,3067.8
294800,0.7877,0.1437,13.7607,1367,3067.8
294805,-6.8091,-0.3388,12.1446,1375,3067.8
294810,-0.8523,2.8431,7.4567,1365,3067.64
294815,3.8726,3.7158,9.8378,1367,3067.64
294820,-0.0479,-0.2526,14.0372,1357,3067.64
294825,-7.0773,0.164,11.6119,1365,3067.64
294830,-0.0335,3.0143,7.4388,1373,3067.64
294835,4.1456,3.5626,10.2185,1369,3067.64
294840,-0.8607,-0.6823,14.2491,1367,3067.64
294845,-7.185,0.5914,11.0935,1369,3067.64
294850,0.6608,3.1663,7.507,1359,3067.64
294855,4.3802,3.4129,10.6674,1365,3067.64
294860,-1.719,-1.0451,14.3101,1369,3067.64
294865,-7.1204,1.0068,10.4902,1366,3067.64
294870,1.2641,3.2358,7.5956,1365,3067.64
294875,4.4807,3.146,11.084,1364,3067.64
294880,-2.5486,-1.3779,14.3341,1365,3067.64
294885,-6.8474,1.397,10.0341,1369,3067.64
294890,1.7119,3.3327,7.7728,1359,3067.33
294895,4.4209,2.8276,11.576,1373,3067.33
294900,-3.4069,-1.5443,14.2958,1367,3067.33
294905,-6.3901,1.7561,9.4691,1369,3067.33
294910,2.083,3.401,7.9691,1371,3067.48
294915,4.1623,2.3619,11.965,1371,3067.48
294920,-4.1575,-1.6819,14.1473,1365,3067.48
294925,-5.7425,2.0363,8.9435,1369,3067.17
294930,2.3679,3.5338,8.3378,1365,3067.17
294935,3.7158,1.9644,12.3936,1368,3067.17
294940,-4.7525,-1.6891,13.8193,1373,3067.17
294945,-4.9428,2.2398,8.4755,1368,3067.17
294950,2.6145,3.6212,8.4767,1365,3067.17
294955,3.1771,1.5275,12.7731,1367,3067.17
294960,-5.3774,-1.5502,13.5129,1369,3067.17
294965,-4.0007,2.4493,8.1463,1371,3066.86
294970,2.9305,3.7158,8.7736,1366,3066.86
294975,2.5187,1.0989,13.1142,1366,3066.86
294980,-5.9017,-1.3024,13.1394,1371,3066.86
294985,-2.9736,2.5869,7.829,1375,3066.86
294990,3.2106,3.7828,9.0417,1369,3066.86
294995,1.7645,0.68,13.4434,1365,3066.86
295000,-6.3817,-0.8703,12.7683,1367,3066.86
295005,-2.0039,2.7414,7.5932,1373,3066.7
295010,3.5303,3.8319,9.4152,1365,3066.7
295015,0.9565,0.2622,13.6984,1369,3066.7
295020,-6.79,-0.4788,12.22,1371,3066.7
295025,-1.0666,2.8407,7.4747,1366,3066.7
295030,3.8343,3.7745,9.742,1367,3066.7
295035,0.2215,-0.1317,14.0121,1364,3066.7
295040,-7.0413,0.0491,11.7843,1369,3066.7
295045,-0.2729,2.9868,7.4232,1370,3066.39
295050,4.0965,3.6057,10.0736,1367,3066.39
295055,-0.6045,-0.5519,14.1916,1368,3066.39
295060,-7.1802,0.4729,11.1845,1369,3066.39
295065,0.5124,3.0718,7.4029,1370,3066.39
295070,4.3203,3.4069,10.5297,1371,3066.39
295075,-1.391,-0.9074,14.3125,1361,3066.39
295080,-7.1251,0.8571,10.7129,1368,3066.39
295085,1.093,3.2226,7.5453,1365,3066.07
295090,4.4353,3.2274,10.9044,1365,3066.07
295095,-2.2625,-1.2127,14.3568,1369,3066.07
295100,-6.9504,1.2582,10.2149,1371,3066.07
295105,1.5191,3.2693,7.7333,1362,3066.07
295110,4.5059,2.9377,11.3856,1369,3066.07
295115,-3.0646,-1.5311,14.2898,1365,3066.07
295120,-6.5661,1.5909,9.6857,1373,3066.07
295125,1.9357,3.3627,7.9595,1370,3066.07
295130,4.2689,2.545,11.813,1371,3066.07
295135,-1.9932,-1.1109,14.3748,1369,3066.07
295140,-6.0047,1.9082,9.1339,1367,3066.07
295145,1.4078,3.2621,7.6614,1367,3065.92
295150,4.4125,2.982,11.2336,1373,3065.92
295155,-2.818,-1.4066,14.3209,1363,3065.92
295160,-6.693,1.5383,9.7564,1370,3065.92
295165,1.8268,3.3339,7.8578,1366,3065.92
295170,4.2988,2.6372,11.7005,1368,3065.92
295175,-3.5602,-1.6257,14.1844,1371,3065.92
295180,-6.1687,1.8172,9.2608,1375,3066.07
295185,2.1691,3.4536,8.102,1369,3066.07
295190,4.0438,2.2709,12.0835,1366,3066.07
295195,-4.3012,-1.7346,14.0492,1368,3066.07
295200,-5.4708,2.065,8.8035,1376,3066.23
295205,2.4146,3.5398,8.3139,1373,3066.23
295210,3.5626,1.8555,12.5648,1363,3066.23
295215,-4.9404,-1.7166,13.7966,1367,3066.23
295220,-4.6723,2.2817,8.4084,1373,3066.39
295225,2.6923,3.6679,8.6215,1371,3066.39
295230,2.8994,1.3934,12.8748,1367,3066.39
295235,-5.4779,-1.5455,13.398,1367,3066.39
295240,-3.717,2.4481,8.0074,1372,3066.07
295245,2.9904,3.7362,8.8645,1365,3066.07
295250,2.2865,1.0367,13.2064,1365,3066.07
295255,-6.0035,-1.1468,13.0245,1372,3066.07
295260,-2.7533,2.5798,7.7249,1363,3066.23
295265,3.2573,3.7218,9.2141,1367,3066.23
295270,1.5909,0.565,13.5428,1363,3066.23
295275,-6.511,-0.8152,12.5241,1363,3066.23
295280,-1.7705,2.7569,7.5058,1371,3066.23
295285,3.5434,3.7948,9.5074,1373,3066.23
295290,0.7877,0.1796,13.8876,1367,3066.23
295295,-6.8163,-0.3424,12.0943,1367,3066.23
295300,-0.8547,2.8898,7.4508,1365,3066.23
295305,3.8535,3.7254,9.8557,1361,3066.23
295310,0.0718,-0.2598,14.0372,1367,3066.23
295315,-7.0713,0.0491,11.643,1363,3066.23
295320,-0.0395,2.9999,7.4101,1363,3066.23
295325,4.0689,3.5733,10.2448,1366,3066.23
295330,-0.7649,-0.6393,14.1485,1368,3066.23
295335,-7.1706,0.5483,11.0648,1373,3066.23
295340,0.6404,3.1137,7.4101,1365,3066.23
295345,4.3072,3.4177,10.5955,1363,3066.23
295350,-1.5766,-1.0295,14.3197,1365,3066.23
295355,-7.0856,0.9948,10.5548,1373,3066.23
295360,1.1576,3.1987,7.5693,1370,3066.23
295365,4.4149,3.1364,11.1175,1369,3066.23
295370,-2.4361,-1.3001,14.3748,1365,3066.23
295375,-6.8833,1.3671,9.9982,1368,3066.39
295380,1.6496,3.3172,7.7967,1365,3066.39
295385,4.3742,2.8264,11.5568,1370,3066.39
295390,-3.2597,-1.561,14.2503,1372,3066.39
295395,-6.4883,1.6867,9.517,1369,3066.54
295400,1.9932,3.4153,8.029,1370,3066.54
295405,4.1934,2.4385,11.9782,1363,3066.54
295410,-3.9863,-1.719,14.0468,1373,3066.54
295415,-5.8095,1.9668,8.995,1373,3066.86
295420,2.3176,3.5123,8.2456,1368,3066.86
295425,3.8247,2.0207,12.3804,1368,3066.86
295430,-4.6639,-1.737,13.9271,1365,3066.86
295435,-5.0554,2.2015,8.5425,1372,3067.33
295440,2.545,3.6284,8.4491,1371,3067.33
295445,3.2872,1.6077,12.718,1373,3067.33
295450,-5.3115,-1.5538,13.5608,1365,3067.33
295455,-4.1647,2.4014,8.1511,1371,3067.64
295460,2.8132,3.7278,8.7975,1367,3067.64
295465,2.6217,1.1169,13.137,1371,3067.64
295470,-5.867,-1.3252,13.2112,1370,3067.64
295475,-3.1651,2.5343,7.8147,1373,3067.8
295480,3.1316,3.7493,9.001,1369,3067.8
295485,1.8711,0.6871,13.392,1363,3067.8
295490,-6.3961,-0.9469,12.7419,1367,3067.8
295495,-2.1476,2.7078,7.6195,1368,3067.8
295500,3.4081,3.7781,9.3326,1367,3067.8
295505,1.0702,0.2789,13.8122,1369,3067.8
295510,-6.8199,-0.5171,12.2882,1368,3067.8
295515,-1.1768,2.8287,7.4292,1371,3067.8
295520,3.7649,3.6631,9.6522,1369,3067.8
295525,0.2837,-0.1006,14.0061,1365,3067.8
295530,-7.094,-0.0778,11.8429,1359,3067.8
295535,-0.2909,3.0095,7.4089,1357,3067.8
295540,4.0366,3.6859,10.088,1369,3067.8
295545,-0.5662,-0.4788,14.218,1369,3067.8
295550,-7.1611,0.3783,11.303,1371,3067.8
295555,0.4142,3.0179,7.4005,1368,3067.8
295560,4.2569,3.4441,10.4866,1367,3067.8
295565,-1.3767,-0.9194,14.3161,1367,3067.8
295570,-7.2065,0.8464,10.7823,1375,3067.8
295575,1.0654,3.219,7.6028,1368,3067.96
295580,4.397,3.213,10.9355,1357,3067.96
295585,-2.2853,-1.2246,14.3485,1369,3067.96
295590,-6.9384,1.2797,10.1837,1368,3067.96
295595,1.5107,3.2848,7.7225,1362,3067.48
295600,4.4041,2.885,11.3856,1372,3067.48
295605,-3.0837,-1.5706,14.3245,1365,3067.48
295610,-6.5314,1.5957,9.6139,1373,3067.8
295615,1.9417,3.4201,7.9356,1367,3067.8
295620,4.2629,2.5307,11.8477,1357,3067.8
295625,-3.8475,-1.7083,14.1366,1372,3067.8
295630,-5.9951,1.9525,9.098,1362,3066.7
295635,2.2158,3.4548,8.1271,1368,3066.7
295640,3.8666,2.0925,12.2643,1366,3066.7
295645,-4.5238,-1.7669,13.9833,1369,3066.7
295650,-5.2648,2.1356,8.7101,1371,3066.54
295655,2.472,3.5793,8.4001,1371,3066.54
295660,3.401,1.7107,12.6845,1363,3066.54
295665,-5.1966,-1.6688,13.6242,1369,3066.54
295670,-4.3574,2.3248,8.2241,1371,3066.39
295675,2.8228,3.6751,8.7257,1367,3066.39
295680,2.788,1.2629,13.0484,1367,3066.39
295685,-5.7078,-1.3886,13.3369,1367,3066.39
295690,-3.3902,2.5211,7.8937,1365,3066.54
295695,3.0454,3.7601,8.9807,1373,3066.54
295700,2.0566,0.7961,13.3345,1364,3066.54
295705,-6.2321,-1.0618,12.8784,1375,3066.54
295710,-2.4086,2.6635,7.6303,1366,3066.54
295715,3.3363,3.7804,9.2763,1367,3066.54
295720,1.312,0.4214,13.6721,1367,3066.54
295725,-6.6547,-0.6728,12.4223,1368,3066.54
295730,-1.4389,2.745,7.434,1371,3067.17
295735,3.6667,3.7936,9.5672,1367,3067.17
295740,0.516,0.0132,13.9223,1368,3067.17
295745,-6.9576,-0.2586,11.9782,1368,3067.17
295750,-0.5806,2.9185,7.4089,1361,3066.86
295755,3.9193,3.6715,10.0066,1368,3066.86
295760,-0.2753,-0.346,14.139,1368,3066.86
295765,-7.1479,0.2239,11.461,1367,3066.86
295770,0.1568,3.0478,7.3813,1368,3067.17
295775,4.2126,3.5398,10.3513,1366,3067.17
295780,-1.0822,-0.7901,14.2347,1367,3067.17
295785,-7.2197,0.7159,10.9403,1369,3067.17
295790,0.8499,3.1244,7.5381,1365,3067.17
295795,4.3766,3.2585,10.7787,1368,3067.17
295800,-1.9704,-1.1552,14.3077,1367,3067.17
295805,-7.0569,1.1241,10.3118,1369,3067.17
295810,1.3372,3.2441,7.6255,1369,3067.48
295815,4.4448,3.0239,11.236,1365,3067.48
295820,-2.8252,-1.4461,14.3365,1363,3067.48
295825,-6.7421,1.494,9.8342,1373,3067.48
295830,1.8208,3.3459,7.8542,1367,3067.48
295835,4.3323,2.636,11.6669,1368,3067.48
295840,-3.6284,-1.6293,14.2599,1372,3067.48
295845,-6.2309,1.81,9.2296,1368,3066.86
295850,2.1368,3.4225,8.0984,1367,3066.86
295855,4.0546,2.2721,12.0979,1365,3066.86
295860,-4.3527,-1.7633,14.0576,1371,3066.86
295865,-5.5605,2.0782,8.8693,1373,3068.43
295870,2.4134,3.4955,8.2935,1369,3068.43
295875,3.6069,1.8316,12.5576,1357,3068.43
295880,-5.0123,-1.6879,13.7487,1368,3068.43
295885,-4.6914,2.2829,8.3522,1372,3068.11
295890,2.6719,3.6021,8.6191,1369,3068.11
295895,2.9772,1.4305,12.9167,1373,3068.11
295900,-5.6371,-1.4976,13.4722,1358,3068.11
295905,-3.6799,2.4936,8.0146,1371,3067.96
295910,2.9832,3.6955,8.8538,1365,3067.96
295915,2.2553,0.9026,13.2016,1369,3067.96
295920,-6.1244,-1.1744,12.9466,1371,3067.96
295925,-2.6719,2.6552,7.7285,1370,3067.96
295930,3.2825,3.7649,9.2105,1365,3067.96
295935,1.5,0.5016,13.5715,1363,3067.96
295940,-6.6104,-0.7602,12.5911,1367,3067.96
295945,-1.6879,2.7485,7.5022,1367,3068.11
295950,3.6093,3.79,9.4954,1367,3068.11
295955,0.7123,0.1018,13.8385,1369,3068.11
295960,-6.9192,-0.2885,12.0764,1370,3068.11
295965,-0.753,2.8922,7.3741,1365,3068.27
295970,3.9253,3.6883,9.8581,1368,3068.27
295975,-0.0982,-0.2514,14.0599,1368,3068.27
295980,-7.2209,0.1341,11.5281,1368,3068.27
295985,0.079,3.0215,7.4017,1369,3068.27
295990,4.1719,3.5326,10.2783,1365,3068.27
295995,-0.917,-0.7171,14.2359,1369,3068.27
296000,-7.1994,0.6345,11.0229,1373,3068.27
296005,0.7374,3.1101,7.4508,1365,3068.11
296010,4.379,3.3291,10.6686,1367,3068.11
296015,-1.8112,-1.0834,14.2706,1367,3068.11
296020,-7.1299,1.0786,10.422,1370,3068.11
296025,1.3228,3.2214,7.6459,1370,3068.43
296030,4.4819,3.0562,11.1223,1369,3068.43
296035,-2.6647,-1.4329,14.3353,1367,3068.43
296040,-6.8402,1.5048,9.9204,1368,3068.27
296045,1.719,3.3124,7.7656,1366,3068.27
296050,4.3706,2.7186,11.6466,1373,3068.27
296055,-3.4788,-1.6065,14.2659,1371,3068.27
296060,-6.347,1.7992,9.3817,1372,3068.9
296065,2.1033,3.4117,8.0134,1367,3068.9
296070,4.0905,2.2889,12.0225,1367,3068.9
296075,-4.282,-1.7454,14.115,1374,3068.9
296080,-5.6156,2.0387,8.9016,1373,3068.27
296085,2.3942,3.4955,8.2983,1367,3068.27
296090,3.6739,1.895,12.4319,1366,3068.27
296095,-4.8997,-1.7226,13.7822,1368,3068.27
296100,-4.7345,2.296,8.406,1373,3067.8
296105,2.624,3.5793,8.5126,1373,3067.8
296110,3.055,1.4341,12.8868,1367,3067.8
296115,-5.5294,-1.561,13.4949,1367,3067.8
296120,-3.7864,2.466,8.0122,1371,3067.8
296125,2.9365,3.6955,8.8394,1371,3067.8
296130,2.3164,1.0068,13.2268,1371,3067.8
296135,-6.0657,-1.2282,13.064,1371,3067.8
296140,-2.7892,2.5869,7.7357,1373,3067.8
296145,3.213,3.7816,9.1782,1367,3067.8
296150,1.5634,0.559,13.556,1365,3067.8
296155,-6.4524,-0.8631,12.6498,1373,3067.8
296160,-1.8172,2.7641,7.5932,1369,3068.11
296165,3.5314,3.7517,9.4164,1365,3068.11
296170,0.8356,0.1389,13.7906,1365,3068.11
296175,-6.9336,-0.4106,12.1434,1369,3068.11
296180,-0.8847,2.8407,7.434,1369,3068.27
296185,3.8223,3.7206,9.8258,1371,3068.27
296190,0.0455,-0.2322,14.1414,1363,3068.27
296195,-7.1503,0.0455,11.6801,1370,3068.27
296200,-0.1077,2.976,7.3825,1357,3068.43
296205,4.0294,3.559,10.1921,1368,3068.43
296210,-0.8487,-0.6764,14.2395,1368,3068.43
296215,-7.2508,0.5303,11.0923,1375,3068.43
296220,0.6273,3.146,7.4615,1366,3068.27
296225,4.3155,3.3639,10.6722,1364,3068.27
296230,-1.6987,-0.9936,14.3161,1352,3068.27
296235,-7.0988,0.9996,10.4938,1369,3068.27
296240,1.2665,3.1987,7.5262,1365,3067.96
296245,4.3742,3.1268,11.0684,1365,3067.96
296250,-2.575,-1.4138,14.3844,1367,3067.96
296255,-6.8977,1.4186,10.0149,1371,3067.96
296260,1.6831,3.2813,7.7668,1368,3067.64
296265,4.4029,2.7964,11.5664,1375,3067.64
296270,-3.4273,-1.5957,14.2599,1363,3067.64
296275,-6.456,1.7322,9.4188,1373,3067.96
296280,2.0039,3.3818,8.0002,1370,3067.96
296285,4.1503,2.3846,11.9578,1367,3067.96
296290,-4.124,-1.7274,14.1797,1373,3067.96
296295,-5.8047,2.0207,8.9795,1378,3067.33
296300,2.3367,3.5195,8.2408,1367,3067.33
296305,3.7122,1.968,12.2966,1369,3067.33
296310,-4.7776,-1.7238,13.8349,1367,3067.33
296315,-4.9763,2.211,8.4635,1379,3068.43
296320,2.5821,3.5686,8.5269,1373,3068.43
296325,3.1783,1.5131,12.8114,1367,3068.43
296330,-5.4708,-1.5455,13.5799,1369,3068.43
296335,-3.9911,2.4134,8.1163,1372,3067.96
296340,2.897,3.7074,8.7879,1370,3067.96
296345,2.4684,1.1097,13.1106,1367,3067.96
296350,-5.9999,-1.2881,13.1418,1367,3067.96
296355,-3.0299,2.5774,7.7704,1371,3067.8
296360,3.1232,3.7314,9.1459,1368,3067.8
296365,1.7262,0.6357,13.4746,1365,3067.8
296370,-6.4775,-0.899,12.736,1369,3067.8
296375,-1.9884,2.733,7.5621,1373,3067.8
296380,3.4656,3.802,9.3625,1367,3067.8
296385,0.9146,0.2274,13.7379,1358,3067.8
296390,-6.839,-0.4573,12.2679,1367,3067.8
296395,-1.0427,2.8419,7.4627,1373,3067.33
296400,3.7481,3.7625,9.7995,1369,3067.33
296405,0.1856,-0.2011,13.963,1368,3067.33
296410,-7.082,0.0215,11.7053,1369,3067.33
296415,-0.2358,2.9796,7.4089,1367,3067.17
296420,4.045,3.5841,10.1466,1367,3067.17
296425,-0.6333,-0.577,14.1916,1370,3067.17
296430,-7.2281,0.5183,11.2647,1368,3067.17
296435,0.5267,3.0706,7.4567,1367,3067.33
296440,4.2545,3.4069,10.5848,1369,3067.33
296445,-1.555,-0.9673,14.2994,1367,3067.33
296450,-7.1742,0.8954,10.6458,1378,3067.33
296455,1.0774,3.1807,7.5537,1368,3067.01
296460,4.4029,3.1747,10.9762,1373,3067.01
296465,-2.4169,-1.2737,14.3317,1357,3067.01
296470,-6.9839,1.3324,10.1981,1369,3067.01
296475,1.5586,3.2657,7.7572,1369,3067.17
296480,4.3838,2.8359,11.4658,1371,3067.17
296485,-3.1855,-1.5562,14.2347,1365,3067.17
296490,-6.5864,1.6628,9.5229,1370,3066.86
296495,1.9429,3.3746,7.9464,1364,3066.86
296500,4.2341,2.5223,11.8645,1368,3066.86
296505,-3.9552,-1.7454,14.1749,1379,3066.86
296510,-5.9735,1.9968,9.1303,1372,3066.7
296515,2.1608,3.4692,8.1678,1373,3066.7
296520,3.7792,2.0351,12.3361,1365,3066.7
296525,-4.6543,-1.7238,13.8481,1369,3066.7
296530,-5.1463,2.2027,8.6503,1378,3066.54
296535,2.4636,3.5913,8.4443,1371,3066.54
296540,3.2417,1.6293,12.6965,1367,3066.54
296545,-5.2241,-1.6269,13.6074,1366,3066.54
296550,-4.2796,2.3571,8.2408,1375,3066.39
296555,2.7677,3.6871,8.7496,1370,3066.39
296560,2.6372,1.2067,13.0664,1369,3066.39
296565,-5.7916,-1.3922,13.2531,1363,3066.39
296570,-3.3339,2.5139,7.8949,1373,3066.39
296575,3.0658,3.7397,8.9747,1367,3066.39
296580,1.9585,0.8176,13.4614,1367,3066.39
296585,-6.3123,-1.0163,12.8832,1374,3066.39
296590,-2.3355,2.7019,7.6722,1371,3066.23
296595,3.3531,3.7804,9.3051,1369,3066.23
296600,1.1971,0.4022,13.6793,1367,3066.23
296605,-6.6894,-0.6381,12.4091,1371,3066.23
296610,-1.4162,2.8371,7.4591,1372,3066.39
296615,3.6045,3.7685,9.6235,1367,3066.39
296620,0.4597,-0.0192,13.9486,1363,3066.39
296625,-7.033,-0.1377,11.9124,1369,3066.39
296630,-0.4896,2.9102,7.367,1370,3066.54
296635,3.9444,3.6943,10.0102,1371,3066.54
296640,-0.4154,-0.4166,14.1018,1369,3066.54
296645,-7.197,0.3077,11.394,1367,3066.54
296650,0.2442,3.0634,7.3909,1367,3066.39
296655,4.1623,3.5291,10.3825,1367,3066.39
296660,-1.2354,-0.7566,14.3245,1372,3066.39
296665,-7.2293,0.7769,10.8577,1375,3066.39
296670,0.8619,3.1496,7.4986,1369,3066.54
296675,4.3491,3.2801,10.8338,1369,3066.54
296680,-2.0542,-1.1791,14.3532,1368,3066.54
296685,-7.0533,1.1959,10.3011,1375,3066.54
296690,1.4006,3.2525,7.689,1373,3066.39
296695,4.3958,3.0047,11.2839,1369,3066.39
296700,-2.8874,-1.4569,14.3042,1369,3066.39
296705,-6.7552,1.5874,9.7887,1368,3066.39
296710,1.7669,3.3651,7.8661,1369,3066.23
296715,4.312,2.6719,11.7292,1377,3066.23
296720,-3.6416,-1.6712,14.2647,1371,3066.23
296725,-6.2106,1.8364,9.3553,1375,3066.54
296730,2.0662,3.4393,8.1295,1373,3066.54
296735,3.9816,2.2601,12.129,1371,3066.54
296740,-4.3263,-1.7573,13.9426,1379,3066.54
296745,-5.5067,2.0602,8.7508,1379,3066.54
296750,2.3655,3.5506,8.3821,1373,3066.54
296755,3.5374,1.8615,12.5348,1366,3066.54
296760,-4.9644,-1.6831,13.7882,1369,3066.54
296765,-4.6771,2.2661,8.3282,1375,3066.7
296770,2.6312,3.6368,8.6072,1375,3066.7
296775,2.9425,1.4018,12.8006,1367,3066.7
296780,-5.6156,-1.4976,13.3716,1370,3066.7
296785,-3.7421,2.5055,8.0445,1375,3066.86
296790,2.8982,3.7493,8.9016,1371,3066.86
296795,2.2661,0.9349,13.2591,1369,3066.86
296800,-6.1256,-1.1995,13.0185,1373,3066.86
296805,-2.7414,2.6492,7.7117,1380,3067.01
296810,3.1879,3.7781,9.1387,1373,3067.01
296815,1.5682,0.5423,13.5117,1371,3067.01
296820,-6.5338,-0.8368,12.5839,1373,3067.01
296825,-1.7861,2.7833,7.5645,1373,3067.01
296830,3.5662,3.8032,9.5624,1370,3067.01
296835,0.7649,0.1257,13.8014,1365,3067.01
296840,-6.93,-0.3364,12.0835,1373,3067.01
296845,-0.8272,2.8778,7.3837,1377,3066.7
296850,3.8247,3.723,9.8533,1373,3066.7
296855,-0.0383,-0.2777,14.0121,1369,3066.7
296860,-7.1587,0.1197,11.655,1371,3066.7
296865,-0.0108,2.9664,7.4184,1368,3066.23
296870,4.0857,3.6176,10.2304,1368,3066.23
296875,-0.8751,-0.6213,14.1988,1375,3066.23
296880,-7.2856,0.6117,11.0624,1372,3066.23
296885,0.674,3.0754,7.4543,1369,3066.07
296890,4.2964,3.3579,10.6506,1367,3066.07
296895,-1.7059,-1.0247,14.2934,1369,3066.07
296900,-7.1431,1.0271,10.5225,1371,3066.07
296905,1.1959,3.2549,7.6291,1368,3065.76
296910,4.3706,3.1639,11.1079,1371,3065.76
296915,-2.5438,-1.33,14.3077,1372,3065.76
296920,-6.8821,1.397,10.0449,1373,3065.76
296925,1.6328,3.2836,7.7871,1371,3065.76
296930,4.3622,2.7473,11.5401,1373,3065.76
296935,-3.3208,-1.6269,14.2635,1371,3065.76
296940,-6.4272,1.743,9.5804,1383,3066.23
296945,1.962,3.4165,8.017,1369,3066.23
296950,4.1623,2.4648,11.9459,1371,3066.23
296955,-4.0378,-1.731,14.03,1375,3066.23
296960,-5.8263,2.0087,9.0142,1373,3065.45
296965,2.223,3.4656,8.2109,1373,3065.45
296970,3.7769,2.0063,12.384,1371,3065.45
296975,-4.7178,-1.7214,13.9283,1375,3065.45
296980,-5.0697,2.217,8.5976,1375,3066.07
296985,2.5127,3.6021,8.4623,1373,3066.07
296990,3.2022,1.6017,12.7623,1375,3066.07
296995,-5.3235,-1.6005,13.5811,1369,3066.07
297000,-4.1551,2.4217,8.1882,1379,3066.07
297005,2.788,3.6691,8.7568,1374,3066.07
297010,2.5343,1.1229,13.1885,1371,3066.07
297015,-5.8215,-1.3288,13.1897,1370,3066.07
297020,-3.1556,2.5546,7.8171,1378,3066.54
297025,3.0861,3.7433,8.9866,1369,3066.54
297030,1.883,0.7566,13.4626,1371,3066.54
297035,-6.4021,-0.9457,12.8425,1379,3066.54
297040,-2.1847,2.7102,7.6315,1373,3066.86
297045,3.3926,3.7864,9.3434,1369,3066.86
297050,1.081,0.3484,13.7164,1367,3066.86
297055,-6.754,-0.5471,12.3397,1373,3066.86
297060,-1.233,2.8252,7.452,1375,3067.64
297065,3.7505,3.7757,9.6199,1373,3067.64
297070,0.34,-0.0814,13.9366,1373,3067.64
297075,-7.0856,-0.0551,11.8788,1373,3067.64
297080,-0.3915,2.9377,7.446,1373,3067.64
297085,4.0151,3.6176,10.082,1373,3067.64
297090,-0.516,-0.5243,14.1928,1369,3067.64
297095,-7.2425,0.4214,11.2587,1369,3067.64
297100,0.401,3.0502,7.4101,1373,3067.96
297105,4.2533,3.4584,10.404,1371,3067.96
297110,-1.3515,-0.911,14.3377,1375,3067.96
297115,-7.2245,0.8619,10.8038,1379,3067.96
297120,1.0223,3.1903,7.4843,1365,3067.96
297125,4.4377,3.1951,10.9307,1371,3067.96
297130,-2.2302,-1.2605,14.3652,1369,3067.96
297135,-7.021,1.257,10.1514,1374,3067.96
297140,1.4904,3.3016,7.6662,1373,3067.8
297145,4.4388,2.9413,11.4096,1369,3067.8
297150,-3.0526,-1.5239,14.3425,1369,3067.8
297155,-6.6212,1.6149,9.6702,1373,3067.8
297160,1.8567,3.4141,7.8961,1369,3067.48
297165,4.2329,2.5379,11.8286,1378,3067.48
297170,-3.8403,-1.7131,14.188,1375,3067.48
297175,-6.0561,1.8878,9.1447,1375,3067.48
297180,2.1967,3.4584,8.1235,1373,3067.48
297185,3.8954,2.1668,12.2703,1370,3067.48
297190,-4.5825,-1.7466,13.957,1381,3067.48
297195,-5.2876,2.2003,8.6431,1381,3067.8
297200,2.4624,3.5314,8.4084,1375,3067.8
297205,3.401,1.6688,12.5971,1370,3067.8
297210,-5.1523,-1.6544,13.6589,1372,3067.8
297215,-4.4029,2.332,8.2612,1383,3067.17
297220,2.739,3.705,8.7113,1375,3067.17
297225,2.7797,1.2462,13.0077,1367,3067.17
297230,-5.7581,-1.4305,13.3728,1371,3067.17
297235,-3.4189,2.5091,7.8985,1375,3067.33
297240,3.0598,3.7828,8.9771,1373,3067.33
297245,2.0614,0.7961,13.3034,1373,3067.33
297250,-6.2237,-1.0846,12.967,1374,3067.33
297255,-2.4421,2.6552,7.6698,1371,3067.17
297260,3.2968,3.7697,9.2799,1373,3067.17
297265,1.33,0.4262,13.6661,1368,3067.17
297270,-6.6643,-0.6584,12.457,1373,3067.17
297275,-1.4425,2.7857,7.507,1371,3067.17
297280,3.6787,3.7972,9.6295,1369,3067.17
297285,0.5112,0.0048,13.8876,1369,3067.17
297290,-7.009,-0.1927,11.9686,1371,3067.17
297295,-0.595,2.8766,7.4017,1379,3066.86
297300,3.9289,3.6931,9.9982,1379,3066.86
297305,-0.3172,-0.3579,14.1138,1371,3066.86
297310,-7.1658,0.3376,11.4527,1372,3066.86
297315,0.1915,3.0562,7.4711,1369,3066.86
297320,4.227,3.5326,10.3573,1373,3066.86
297325,-1.1001,-0.832,14.3221,1374,3066.86
297330,-7.2472,0.7602,10.9164,1375,3066.86
297335,0.8452,3.1448,7.4807,1381,3066.7
297340,4.4077,3.2789,10.7619,1371,3066.7
297345,-1.974,-1.1516,14.3137,1369,3066.7
297350,-7.0928,1.1983,10.3729,1381,3066.7
297355,1.3791,3.2525,7.6638,1371,3066.7
297360,4.4245,3.0777,11.2923,1375,3066.7
297365,-2.8168,-1.4317,14.4095,1371,3066.7
297370,-6.7552,1.5191,9.8701,1373,3066.7
297375,1.7561,3.3447,7.841,1370,3066.54
297380,4.3419,2.63,11.6274,1379,3066.54
297385,-3.614,-1.6604,14.1737,1369,3066.54
297390,-6.2704,1.8016,9.3326,1381,3067.17
297395,2.1237,3.4297,8.0996,1372,3067.17
297400,4.0713,2.2781,12.1159,1373,3067.17
297405,-4.3347,-1.7418,14.0791,1375,3067.17
297410,-5.5617,2.0566,8.8693,1373,3067.01
297415,2.3475,3.5303,8.3031,1373,3067.01
297420,3.5937,1.8172,12.5516,1369,3067.01
297425,-4.962,-1.7298,13.781,1371,3067.01
297430,-4.7022,2.2948,8.3929,1383,3067.01
297435,2.6288,3.6907,8.6419,1373,3067.01
297440,2.9664,1.4317,12.9646,1371,3067.01
297445,-5.5641,-1.4892,13.4758,1371,3067.01
297450,-3.7804,2.4481,7.9978,1381,3067.17
297455,2.97,3.7709,8.8681,1373,3067.17
297460,2.2697,0.9876,13.1968,1371,3067.17
297465,-6.1184,-1.2198,13.0963,1373,3067.17
297470,-2.8132,2.6133,7.7476,1375,3067.01
297475,3.2633,3.7828,9.1063,1371,3067.01
297480,1.5754,0.5734,13.5943,1369,3067.01
297485,-6.5529,-0.7793,12.6234,1379,3067.01
297490,-1.7909,2.739,7.5753,1371,3067.01
297495,3.5745,3.7673,9.4463,1371,3067.01
297500,0.7422,0.1676,13.8038,1367,3067.01
297505,-6.9145,-0.3376,12.1721,1369,3067.01
297510,-0.8739,2.8252,7.4795,1383,3066.86
297515,3.8259,3.7409,9.8725,1372,3066.86
297520,-0.0611,-0.2514,14.042,1372,3066.86
297525,-7.1275,0.1484,11.6634,1369,3066.86
297530,-0.0742,2.9856,7.4148,1371,3066.54
297535,4.1073,3.5422,10.258,1366,3066.54
297540,-0.8679,-0.6536,14.2407,1368,3066.54
297545,-7.2317,0.6345,11.1115,1379,3066.54
297550,0.6404,3.1771,7.5453,1371,3066.54
297555,4.288,3.3902,10.6877,1369,3066.54
297560,-1.6855,-1.0331,14.3233,1368,3066.54
297565,-7.1072,1.0175,10.586,1377,3066.54
297570,1.1839,3.1975,7.6016,1369,3066.23
297575,4.4484,3.1065,11.066,1371,3066.23
297580,-2.5199,-1.3312,14.37,1373,3066.23
297585,-6.9061,1.3934,10.064,1372,3066.23
297590,1.6269,3.3423,7.7428,1371,3066.54
297595,4.3694,2.8311,11.5712,1373,3066.54
297600,-3.2813,-1.5718,14.2826,1371,3066.54
297605,-6.4608,1.7166,9.4774,1516,3065.6
297610,1.98,3.3878,7.944,1367,3065.6
297615,4.118,2.4026,11.9997,1379,3065.6
297620,-4.0618,-1.7238,14.1282,1375,3065.6
297625,-5.8071,1.998,9.0297,1385,3068.11
297630,2.2865,3.5255,8.2157,1369,3068.11
297635,3.8331,2.0315,12.3661,1371,3068.11
297640,-4.7274,-1.7119,13.86,1379,3068.11
297645,-5.0542,2.2122,8.5258,1381,3067.33
297650,2.5414,3.6129,8.5377,1379,3067.33
297655,3.2094,1.5371,12.8233,1369,3067.33
297660,-5.3534,-1.6185,13.5823,1369,3067.33
297665,-4.1264,2.3882,8.102,1383,3067.64
297670,2.8395,3.7637,8.7568,1375,3067.64
297675,2.5295,1.148,13.1154,1368,3067.64
297680,-5.9125,-1.3096,13.2555,1373,3067.64
297685,-3.1651,2.5654,7.8661,1379,3067.48
297690,3.1364,3.784,9.0752,1371,3067.48
297695,1.804,0.6656,13.4458,1378,3067.48
297700,-6.4416,-0.911,12.7575,1371,3067.48
297705,-2.1368,2.6959,7.6052,1381,3067.64
297710,3.4752,3.7637,9.3685,1369,3067.64
297715,1.0523,0.2813,13.7667,1369,3067.64
297720,-6.7971,-0.4812,12.3469,1373,3067.64
297725,-1.2139,2.8635,7.4819,1379,3067.01
297730,3.711,3.7685,9.7456,1371,3067.01
297735,0.2442,-0.1281,14.0181,1371,3067.01
297740,-7.0952,-0.012,11.7675,1373,3067.01
297745,-0.2945,2.9987,7.3909,1374,3067.48
297750,4.0259,3.644,10.1215,1375,3067.48
297755,-0.6045,-0.5315,14.2132,1367,3067.48
297760,-7.2197,0.4752,11.2647,1372,3067.48
297765,0.4262,3.1029,7.4663,1369,3067.01
297770,4.2413,3.4776,10.501,1371,3067.01
297775,-1.4018,-0.9481,14.2958,1373,3067.01
297780,-7.1491,0.9026,10.7033,1375,3067.01
297785,1.0056,3.1855,7.5645,1371,3067.01
297790,4.4185,3.2501,10.9726,1369,3067.01
297795,-2.2709,-1.251,14.3975,1371,3067.01
297800,-7.0174,1.3515,10.1909,1382,3067.01
297805,1.5227,3.3184,7.774,1369,3067.01
297810,4.3898,2.9413,11.4239,1373,3067.01
297815,-3.0658,-1.506,14.3173,1369,3067.01
297820,-6.6319,1.5945,9.6139,1369,3067.01
297825,1.8747,3.3698,7.9021,1371,3067.17
297830,4.2329,2.5606,11.8716,1379,3067.17
297835,-3.8247,-1.6807,14.2204,1368,3067.17
297840,-6.025,1.9118,9.1794,1381,3067.8
297845,2.2027,3.4967,8.163,1357,3067.8
297850,3.9157,2.1691,12.2475,1373,3067.8
297855,-4.5538,-1.8052,13.9845,1381,3067.8
297860,-5.2792,2.1823,8.6814,1383,3067.48
297865,2.49,3.5901,8.4408,1375,3067.48
297870,3.4237,1.6771,12.7407,1371,3067.48
297875,-5.2493,-1.6245,13.7176,1375,3067.48
297880,-4.3491,2.332,8.2373,1382,3066.54
297885,2.7869,3.7002,8.6574,1373,3066.54
297890,2.7438,1.2665,13.0771,1367,3066.54
297895,-5.7808,-1.403,13.3441,1371,3066.54
297900,-3.4046,2.5163,7.9128,1375,3067.96
297905,3.0646,3.7828,9.013,1371,3067.96
297910,1.9932,0.8332,13.3752,1373,3067.96
297915,-6.2584,-1.0139,12.955,1371,3067.96
297920,-2.387,2.6839,7.6519,1381,3066.86
297925,3.3758,3.7924,9.2093,1371,3066.86
297930,1.2893,0.3915,13.6565,1367,3066.86
297935,-6.7133,-0.565,12.4463,1381,3066.86
297940,-1.47,2.8539,7.4783,1371,3066.39
297945,3.6643,3.7697,9.6295,1373,3066.39
297950,0.4741,0.0335,13.9498,1367,3066.39
297955,-7.0006,-0.1149,11.9531,1371,3066.39
297960,-0.5447,2.988,7.4017,1380,3066.07
297965,3.9433,3.6643,9.9527,1371,3066.07
297970,-0.3543,-0.3711,14.1581,1371,3066.07
297975,-7.1635,0.2825,11.5233,1373,3066.07
297980,0.1844,3.055,7.4065,1369,3065.92
297985,4.203,3.5087,10.3418,1371,3065.92
297990,-1.1349,-0.7685,14.2826,1371,3065.92
297995,-7.2065,0.7685,10.9738,1371,3065.92
298000,0.8452,3.1173,7.4831,1369,3066.23
298005,4.3922,3.298,10.811,1370,3066.23
298010,-1.9405,-1.1672,14.382,1368,3066.23
298015,-7.0665,1.1911,10.4387,1375,3066.23
298020,1.3527,3.2717,7.6339,1369,3066.23
298025,4.4329,3.0586,11.1845,1371,3066.23
298030,-2.7617,-1.397,14.3377,1371,3066.23
298035,-6.7636,1.5036,9.8545,1372,3066.23
298040,1.7538,3.3555,7.8638,1378,3066.23
298045,4.3084,2.6779,11.7448,1371,3066.23
298050,-3.5506,-1.6209,14.2515,1371,3066.23
298055,-6.2824,1.8531,9.3398,1382,3066.7
298060,2.0973,3.48,8.0709,1368,3066.7
298065,4.045,2.3296,12.1206,1373,3066.7
298070,-4.2449,-1.7514,14.0743,1379,3066.7
298075,-5.5833,2.0602,8.8334,1379,3066.39
298080,2.3715,3.5326,8.3151,1369,3066.39
298085,3.6248,1.8663,12.5755,1370,3066.39
298090,-4.9524,-1.6975,13.8289,1380,3066.39
298095,-4.7513,2.3044,8.4013,1383,3066.54
298100,2.6707,3.6835,8.5317,1373,3066.54
298105,2.9904,1.4269,12.9203,1371,3066.54
298110,-5.5186,-1.4868,13.4267,1371,3066.54
298115,-3.802,2.4588,8.0218,1384,3066.39
298120,2.9568,3.7709,8.8693,1379,3066.39
298125,2.3212,0.996,13.2782,1369,3066.39
298130,-6.0442,-1.16,13.1035,1371,3066.39
298135,-2.8048,2.5798,7.7189,1375,3066.7
298140,3.2884,3.79,9.1698,1373,3066.7
298145,1.6376,0.5794,13.477,1375,3066.7
298150,-6.5146,-0.7877,12.6258,1373,3066.7
298155,-1.8375,2.745,7.58,1379,3066.54
298160,3.5338,3.8164,9.4834,1373,3066.54
298165,0.8212,0.231,13.8947,1369,3066.54
298170,-6.845,-0.3112,12.1841,1375,3066.54
298175,-0.9194,2.903,7.4352,1378,3066.39
298180,3.8499,3.723,9.7743,1369,3066.39
298185,0.1101,-0.2203,14.1042,1369,3066.39
298190,-7.1024,0.103,11.6131,1373,3066.39
298195,-0.1281,3.0562,7.4113,1375,3066.54
298200,4.118,3.5985,10.2292,1378,3066.54
298205,-0.7997,-0.5722,14.2635,1367,3066.54
298210,-7.1934,0.5531,11.0504,1373,3066.54
298215,0.5914,3.1328,7.4603,1371,3067.01
298220,4.3096,3.3579,10.6207,1371,3067.01
298225,-1.5646,-0.99,14.3353,1375,3067.01
298230,-7.1263,1.0116,10.6171,1372,3067.01
298235,1.16,3.2334,7.58,1368,3067.33
298240,4.4736,3.1843,11.0504,1371,3067.33
298245,-2.3894,-1.324,14.3748,1370,3067.33
298250,-6.9061,1.3743,9.9778,1381,3067.33
298255,1.6484,3.298,7.7297,1373,3067.64
298260,4.4329,2.8132,11.4646,1373,3067.64
298265,-3.2968,-1.5706,14.3496,1371,3067.64
298270,-6.4667,1.7202,9.5205,1375,3067.64
298275,2.0099,3.4345,7.9859,1369,3067.48
298280,4.2306,2.4792,11.9052,1373,3067.48
298285,-4.0223,-1.67,14.1581,1369,3067.48
298290,-5.8167,1.9884,8.9471,1386,3067.96
298295,2.3559,3.5422,8.2456,1369,3067.96
298300,3.8104,1.9477,12.4044,1372,3067.96
298305,-4.7202,-1.6831,13.9809,1383,3067.96
298310,-5.053,2.2326,8.5449,1381,3067.8
298315,2.624,3.705,8.4563,1373,3067.8
298320,3.3052,1.5826,12.7838,1371,3067.8
298325,-5.3642,-1.5622,13.5895,1373,3067.8
298330,-4.0857,2.4098,8.1642,1383,3067.64
298335,2.9042,3.7206,8.7544,1375,3067.64
298340,2.5666,1.1277,13.1609,1369,3067.64
298345,-5.952,-1.2929,13.2172,1371,3067.64
298350,-3.0442,2.5678,7.8219,1381,3067.48
298355,3.1891,3.7888,8.9842,1373,3067.48
298360,1.8004,0.6823,13.3824,1375,3067.48
298365,-6.3889,-0.8667,12.7695,1373,3067.48
298370,-2.0865,2.7186,7.6614,1379,3067.33
298375,3.5003,3.8223,9.4344,1369,3067.33
298380,1.0582,0.2586,13.72,1368,3067.33
298385,-6.7756,-0.4393,12.3194,1381,3067.33
298390,-1.1779,2.8323,7.4759,1375,3067.48
298395,3.8116,3.7541,9.6929,1379,3067.48
298400,0.3089,-0.1065,14.0133,1369,3067.48
298405,-7.1192,0.0251,11.7747,1373,3067.48
298410,-0.2646,2.9892,7.4005,1381,3067.48
298415,4.1228,3.626,10.0796,1378,3067.48
298420,-0.5351,-0.5339,14.1665,1369,3067.48
298425,-7.1862,0.4405,11.2731,1373,3067.48
298430,0.4274,3.0993,7.4017,1369,3067.33
298435,4.3311,3.4333,10.4962,1371,3067.33
298440,-1.3563,-0.9098,14.2694,1369,3067.33
298445,-7.2018,0.9278,10.7811,1369,3067.33
298450,1.069,3.1675,7.5178,1371,3067.33
298455,4.4915,3.2382,10.9571,1371,3067.33
298460,-2.2494,-1.2474,14.3437,1375,3067.33
298465,-6.954,1.2821,10.155,1383,3067.33
298470,1.5275,3.3112,7.6782,1369,3067.33
298475,4.4556,2.9221,11.3844,1374,3067.33
298480,-3.0634,-1.4916,14.3712,1367,3067.33
298485,-6.6511,1.6233,9.6845,1371,3067.33
298490,1.9537,3.4105,7.8985,1375,3067.33
298495,4.3515,2.5367,11.8238,1374,3067.33
298500,-3.8056,-1.6939,14.1066,1369,3067.33
298505,-6.0106,1.8926,9.1123,1382,3067.48
298510,2.2565,3.5171,8.1642,1363,3067.48
298515,3.9732,2.1272,12.3134,1375,3067.48
298520,-4.525,-1.7011,14.0013,1379,3067.48
298525,-5.2325,2.1668,8.6395,1375,3067.8
298530,2.5331,3.6212,8.3629,1373,3067.8
298535,3.4596,1.6352,12.6629,1371,3067.8
298540,-5.2158,-1.64,13.6936,1375,3067.8
298545,-4.3395,2.3798,8.2444,1375,3067.8
298550,2.8012,3.723,8.6455,1372,3067.8
298555,2.7761,1.2498,13.0795,1369,3067.8
298560,-5.7437,-1.3827,13.307,1369,3067.8
298565,-3.3124,2.5498,7.8254,1380,3068.11
298570,3.1161,3.7984,8.8921,1379,3068.11
298575,2.0626,0.8009,13.3573,1373,3068.11
298580,-6.2489,-1.0558,12.9024,1373,3068.11
298585,-2.3188,2.6408,7.6291,1383,3068.11
298590,3.3974,3.7685,9.2847,1375,3068.11
298595,1.2881,0.3687,13.6924,1373,3068.11
298600,-6.7241,-0.6009,12.4151,1374,3068.11
298605,-1.3635,2.8216,7.4448,1373,3068.11
298610,3.7493,3.7565,9.6019,1371,3068.11
298615,0.4729,-0.0455,13.9941,1367,3068.11
298620,-6.9983,-0.1018,11.9531,1377,3068.11
298625,-0.4453,2.9844,7.4579,1381,3068.27
298630,4.0522,3.614,9.9671,1371,3068.27
298635,-0.3196,-0.4345,14.2012,1369,3068.27
298640,-7.2077,0.3627,11.3545,1374,3068.27
298645,0.346,3.128,7.44,1372,3068.27
298650,4.2689,3.4836,10.4327,1373,3068.27
298655,-1.1791,-0.8392,14.358,1372,3068.27
298660,-7.2077,0.8116,10.8577,1372,3068.27
298665,0.9373,3.1903,7.5501,1372,3068.27
298670,4.4424,3.2525,10.8541,1369,3068.27
298675,-2.0614,-1.2079,14.3437,1373,3068.27
298680,-7.0521,1.2294,10.2592,1371,3068.27
298685,1.4557,3.292,7.7021,1378,3068.11
298690,4.4891,2.9868,11.3509,1375,3068.11
298695,-2.9257,-1.494,14.3604,1371,3068.11
298700,-6.6822,1.6089,9.7241,1375,3068.11
298705,1.919,3.3555,7.859,1380,3068.27
298710,4.373,2.5762,11.7699,1372,3068.27
298715,-3.7362,-1.6544,14.2311,1373,3068.27
298720,-6.104,1.9106,9.159,1369,3068.58
298725,2.1991,3.5075,8.1834,1369,3068.58
298730,4.0163,2.1787,12.2308,1379,3068.58
298735,-4.4005,-1.7142,14.0204,1377,3068.58
298740,-5.3534,2.1464,8.7029,1380,3068.43
298745,2.5079,3.6093,8.3701,1369,3068.43
298750,3.5422,1.6831,12.6222,1371,3068.43
298755,-5.1248,-1.6484,13.7439,1379,3068.43
298760,-4.4772,2.3355,8.2911,1377,3068.27
298765,2.7964,3.6787,8.6945,1373,3068.27
298770,2.8706,1.3012,13.0388,1371,3068.27
298775,-5.7197,-1.4186,13.3525,1371,3068.27
298780,-3.462,2.4708,7.9009,1381,3068.27
298785,3.0909,3.7481,8.9256,1379,3068.27
298790,2.1991,0.8428,13.3429,1365,3068.27
298795,-6.2429,-1.0714,12.9598,1373,3068.27
298800,-2.4624,2.6947,7.616,1373,3068.43
298805,3.3555,3.8307,9.2751,1371,3068.43
298810,1.3408,0.4549,13.6062,1374,3068.43
298815,-6.6355,-0.6345,12.5217,1378,3068.43
298820,-1.4653,2.8012,7.4484,1379,3068.43
298825,3.7134,3.7385,9.5409,1373,3068.43
298830,0.656,0.012,13.8744,1368,3068.43
298835,-7.0126,-0.1125,11.9985,1375,3068.43
298840,-0.5543,2.9676,7.4268,1381,3068.43
298845,3.9959,3.6883,9.9467,1371,3068.43
298850,-0.2909,-0.3926,14.2072,1369,3068.43
298855,-7.2353,0.2897,11.4539,1373,3068.43
298860,0.2538,3.0442,7.3358,1374,3068.43
298865,4.2677,3.5231,10.2987,1373,3068.43
298870,-1.0965,-0.8188,14.3317,1386,3068.43
298875,-7.2377,0.7805,10.9271,1373,3068.43
298880,0.899,3.2094,7.5142,1379,3068.27
298885,4.4293,3.3483,10.8374,1370,3068.27
298890,-2.0075,-1.1396,14.3592,1373,3068.27
298895,-7.0701,1.1444,10.2963,1382,3068.27
298900,1.4329,3.2633,7.6519,1369,3068.11
298905,4.4879,3.0023,11.2192,1372,3068.11
298910,-2.8671,-1.4605,14.3796,1369,3068.11
298915,-6.7169,1.5359,9.845,1383,3068.11
298920,1.8256,3.3603,7.8673,1371,3068.11
298925,4.3874,2.6743,11.6681,1369,3068.11
298930,-3.6775,-1.646,14.2407,1371,3068.11
298935,-6.1651,1.889,9.2476,1370,3068.11
298940,2.1775,3.4453,8.0254,1368,3068.11
298945,4.136,2.2075,12.1673,1379,3068.11
298950,-4.3838,-1.7382,14.0803,1373,3068.11
298955,-5.4588,2.0925,8.7652,1380,3068.27
298960,2.4265,3.6392,8.2708,1371,3068.27
298965,3.5686,1.7885,12.548,1373,3068.27
298970,-5.053,-1.6448,13.7786,1380,3068.27
298975,-4.5598,2.3355,8.3905,1383,3067.96
298980,2.7378,3.6955,8.6036,1373,3067.96
298985,2.9281,1.3288,12.9622,1371,3067.96
298990,-5.6407,-1.4605,13.4195,1371,3067.96
298995,-3.6356,2.4876,7.9535,1383,3067.96
299000,3.0466,3.7613,8.8573,1373,3067.96
299005,2.2098,0.929,13.313,1369,3067.96
299010,-6.1471,-1.1301,12.9838,1381,3067.96
299015,-2.5666,2.648,7.7081,1372,3067.48
299020,3.3136,3.7792,9.2476,1371,3067.48
299025,1.4593,0.5064,13.6242,1371,3067.48
299030,-6.5733,-0.6979,12.5444,1373,3067.48
299035,-1.6388,2.7653,7.4711,1382,3067.17
299040,3.6129,3.7625,9.4834,1367,3067.17
299045,0.7123,0.0515,13.9007,1370,3067.17
299050,-6.948,-0.2717,12.0345,1375,3067.17
299055,-0.7195,2.9221,7.4328,1379,3067.48
299060,3.8954,3.7194,9.8964,1372,3067.48
299065,-0.0886,-0.3639,14.1258,1369,3067.48
299070,-7.1551,0.1951,11.5185,1370,3067.48
299075,0.0946,3.0466,7.3741,1381,3067.33
299080,4.1839,3.5494,10.2627,1372,3067.33
299085,-0.9014,-0.729,14.3125,1373,3067.33
299090,-7.185,0.6584,10.9774,1373,3067.33
299095,0.7805,3.1819,7.446,1371,3067.64
299100,4.3515,3.3531,10.7141,1373,3067.64
299105,-1.8028,-1.0606,14.3844,1373,3067.64
299110,-7.1228,1.1013,10.3837,1375,3067.64
299115,1.3156,3.2358,7.5357,1366,3067.96
299120,4.4652,3.0442,11.1701,1371,3067.96
299125,-2.6456,-1.3803,14.3724,1371,3067.96
299130,-6.8151,1.4569,9.9048,1385,3067.96
299135,1.743,3.3471,7.8099,1371,3068.11
299140,4.4329,2.6719,11.6574,1374,3068.11
299145,-3.4895,-1.6328,14.1844,1370,3068.11
299150,-6.3015,1.8148,9.2668,1371,3068.11
299155,2.1332,3.45,8.0313,1371,3068.27
299160,4.1108,2.2817,12.1266,1375,3068.27
299165,-4.2605,-1.7262,14.1342,1370,3068.27
299170,-5.612,2.1177,8.843,1383,3068.11
299175,2.4193,3.565,8.2887,1369,3068.11
299180,3.6847,1.8304,12.4846,1375,3068.11
299185,-4.8686,-1.7322,13.8421,1375,3068.11
299190,-4.7932,2.2278,8.3893,1375,3068.43
299195,2.63,3.6835,8.5892,1373,3068.43
299200,3.0358,1.4425,12.9012,1369,3068.43
299205,-5.521,-1.4736,13.4877,1375,3068.43
299210,-3.8295,2.3966,8.0313,1379,3067.96
299215,2.9963,3.7733,8.8394,1375,3067.96
299220,2.4014,0.9697,13.2387,1369,3067.96
299225,-6.0334,-1.1779,13.0831,1373,3067.96
299230,-2.8048,2.6133,7.7536,1379,3067.48
299235,3.2298,3.7685,9.1279,1375,3067.48
299240,1.6412,0.6237,13.562,1365,3067.48
299245,-6.4931,-0.747,12.5935,1369,3067.48
299250,-1.7729,2.7737,7.4831,1383,3067.17
299255,3.6081,3.7613,9.4846,1369,3067.17
299260,0.8823,0.1281,13.8481,1369,3067.17
299265,-6.9037,-0.334,12.1661,1379,3067.17
299270,-0.8727,2.879,7.4304,1367,3066.86
299275,3.8223,3.7098,9.8952,1371,3066.86
299280,0.0742,-0.2765,14.048,1368,3066.86
299285,-7.112,0.103,11.6538,1373,3066.86
299290,-0.0634,3.0059,7.4029,1381,3066.86
299295,4.1539,3.6272,10.1658,1373,3066.86
299300,-0.7542,-0.6608,14.2563,1367,3066.86
299305,-7.2125,0.5842,11.1127,1375,3066.86
299310,0.6225,3.1137,7.4484,1371,3066.39
299315,4.3503,3.4058,10.6183,1373,3066.39
299320,-1.646,-0.9912,14.3113,1372,3066.39
299325,-7.1359,1.0355,10.5453,1371,3066.39
299330,1.1935,3.2202,7.6555,1371,3066.39
299335,4.446,3.1077,11.1175,1368,3066.39
299340,-2.4373,-1.3707,14.382,1371,3066.39
299345,-6.869,1.3731,10.0209,1383,3066.39
299350,1.6412,3.3507,7.744,1371,3066.07
299355,4.4161,2.8287,11.4718,1375,3066.07
299360,-3.2465,-1.5874,14.224,1366,3066.07
299365,-6.4392,1.7035,9.4918,1375,3066.07
299370,2.0171,3.3986,7.938,1375,3066.07
299375,4.3874,3.2202,10.9738,1375,3066.07
299380,-3.9672,-1.7406,14.1701,1373,3066.07
299385,-5.8526,1.9884,8.9818,1375,3065.92
299390,1.4856,3.2525,7.665,1367,3065.92
299395,4.4532,2.9113,11.3605,1375,3065.92
299400,-3.0526,-1.5574,14.3305,1379,3065.92
299405,-6.6283,1.6029,9.6522,1383,3065.76
299410,1.8723,3.3854,7.8973,1372,3065.76
299415,4.2641,2.5199,11.8357,1370,3065.76
299420,-3.7673,-1.7394,14.194,1381,3065.76
299425,-6.0238,1.8603,9.1686,1373,3065.45
299430,2.1811,3.4788,8.1211,1379,3065.45
299435,3.9564,2.1715,12.2164,1374,3065.45
299440,-4.4831,-1.7346,13.9797,1375,3065.45
299445,-5.3618,2.0937,8.7173,1385,3066.07
299450,2.4277,3.5458,8.3582,1378,3066.07
299455,3.4716,1.7669,12.6605,1369,3066.07
299460,-5.1356,-1.652,13.6829,1369,3066.07
299465,-4.4831,2.3391,8.2588,1381,3065.92
299470,2.6971,3.5949,8.57,1369,3065.92
299475,2.8659,1.2905,12.9861,1379,3065.92
299480,-5.7066,-1.4485,13.3177,1373,3065.92
299485,-3.5554,2.5259,7.9499,1383,3065.76
299490,2.9772,3.7721,8.9687,1379,3065.76
299495,2.15,0.8727,13.3261,1370,3065.76
299500,-6.1878,-1.1277,12.9239,1375,3065.76
299505,-2.545,2.6252,7.6363,1383,3065.76
299510,3.3255,3.7816,9.1997,1372,3065.76
299515,1.3934,0.4741,13.611,1369,3065.76
299520,-6.6583,-0.7446,12.5755,1371,3065.76
299525,-1.5969,2.7533,7.4759,1381,3065.45
299530,3.5614,3.7804,9.5648,1375,3065.45
299535,0.7027,0.0826,13.8373,1371,3065.45
299540,-6.9264,-0.2622,12.0225,1375,3065.45
299545,-0.7506,2.8802,7.4029,1370,3065.6
299550,3.8702,3.6224,9.8653,1371,3065.6
299555,-0.079,-0.3531,14.127,1373,3065.6
299560,-7.1335,0.1963,11.5053,1375,3065.6
299565,0.0467,3.0358,7.4184,1372,3065.45
299570,4.1647,3.6093,10.3477,1369,3065.45
299575,-0.8894,-0.7302,14.2395,1372,3065.45
299580,-7.1994,0.6273,11.0133,1383,3065.45
299585,0.6979,3.0682,7.4795,1372,3065.76
299590,4.3395,3.3399,10.7368,1373,3065.76
299595,-1.7538,-1.0989,14.3437,1371,3065.76
299600,-7.1168,1.087,10.4902,1373,3065.76
299605,1.2486,3.2142,7.604,1373,3065.76
299610,4.4712,3.1376,11.1271,1379,3065.76
299615,-2.5714,-1.3994,14.3257,1372,3065.76
299620,-6.8498,1.4281,9.8988,1383,3065.76
299625,1.6664,3.316,7.7512,1368,3065.76
299630,4.3874,2.7246,11.6514,1373,3065.76
299635,-3.3914,-1.6352,14.2647,1377,3065.76
299640,-6.4081,1.7322,9.4104,1379,3065.29
299645,1.9908,3.4093,8.0086,1374,3065.29
299650,4.1468,2.4074,12.0021,1367,3065.29
299655,-4.0917,-1.6927,14.0659,1374,3065.29
299660,-5.7664,1.9752,8.9124,1379,3066.54
299665,2.2733,3.4716,8.26,1375,3066.54
299670,3.7673,1.9549,12.4391,1371,3066.54
299675,-4.7704,-1.749,13.8169,1378,3066.54
299680,-4.9572,2.2063,8.4491,1383,3066.39
299685,2.5666,3.5793,8.5222,1383,3066.39
299690,3.1915,1.5036,12.8066,1374,3066.39
299695,-5.3965,-1.5826,13.5416,1371,3066.39
299700,-4.0773,2.4157,8.1343,1383,3066.54
299705,2.7773,3.7014,8.8358,1367,3066.54
299710,2.5151,1.0403,13.1585,1375,3066.54
299715,-5.9843,-1.3288,13.1681,1379,3066.54
299720,-3.0227,2.5379,7.7608,1373,3066.23
299725,3.1544,3.7661,9.0441,1371,3066.23
299730,1.8256,0.6117,13.4458,1367,3066.23
299735,-6.45,-0.9086,12.7934,1369,3066.23
299740,-2.077,2.6899,7.6136,1380,3067.17
299745,3.4357,3.7852,9.3948,1372,3067.17
299750,1.0319,0.2454,13.7607,1370,3067.17
299755,-6.8043,-0.4992,12.2727,1373,3067.17
299760,-1.1528,2.8311,7.4448,1373,3066.86
299765,3.7373,3.7409,9.7444,1372,3066.86
299770,0.2729,-0.1963,13.9953,1370,3066.86
299775,-7.1239,0.0024,11.7448,1373,3066.86
299780,-0.322,2.9293,7.4077,1369,3066.39
299785,3.984,3.5674,10.0999,1370,3066.39
299790,-0.5363,-0.5638,14.1294,1371,3066.39
299795,-7.2077,0.4166,11.2168,1381,3066.39
299800,0.3986,3.0658,7.4424,1369,3066.23
299805,4.2126,3.4213,10.5668,1373,3066.23
299810,-1.385,-0.905,14.3544,1369,3066.23
299815,-7.2173,0.9206,10.6722,1382,3066.23
299820,1.0403,3.1963,7.5561,1373,3066.39
299825,4.3826,3.2406,10.9451,1371,3066.39
299830,-2.235,-1.2833,14.3425,1373,3066.39
299835,-6.9971,1.2773,10.1574,1372,3066.39
299840,1.5048,3.2358,7.7177,1371,3066.54
299845,4.4353,2.9102,11.4108,1379,3066.54
299850,-3.1137,-1.5395,14.2958,1372,3066.54
299855,-6.6355,1.6376,9.663,1385,3066.54
299860,1.8771,3.4153,7.944,1368,3066.54
299865,4.2916,2.5426,11.8262,1373,3066.54
299870,-3.9025,-1.6723,14.1904,1395,3066.54
299875,-6.104,1.9369,9.1638,1384,3066.39
299880,2.1093,3.474,8.1822,1375,3066.39
299885,3.9061,2.1261,12.2439,1371,3066.39
299890,-4.549,-1.7394,13.9989,1373,3066.39
299895,-5.3044,2.1823,8.6419,1383,3066.86
299900,2.4349,3.5674,8.3534,1375,3066.86
299905,3.3998,1.67,12.6498,1371,3066.86
299910,-5.2074,-1.6544,13.7176,1369,3066.86
299915,-4.4245,2.3475,8.2384,1378,3066.54
299920,2.7114,3.6871,8.6335,1371,3066.54
299925,2.7653,1.2785,13.0472,1373,3066.54
299930,-5.7868,-1.4066,13.3297,1373,3066.54
299935,-3.4417,2.4995,7.8566,1381,3066.39
299940,2.9928,3.7505,8.9208,1374,3066.39
299945,2.0171,0.8021,13.3896,1369,3066.39
299950,-6.2477,-1.0654,12.9275,1379,3066.39
299955,-2.5307,2.6432,7.6591,1375,3066.07
299960,3.2825,3.7661,9.2057,1373,3066.07
299965,1.3132,0.4142,13.5787,1368,3066.07
299970,-6.6822,-0.6728,12.5013,1371,3066.07
299975,-1.5287,2.806,7.525,1379,3066.23
299980,3.5626,3.8152,9.56,1374,3066.23
299985,0.5626,0.0287,13.9091,1371,3066.23
299990,-6.9504,-0.1891,12.0045,1372,3066.23
299995,-0.6847,2.8946,7.4065,1371,3065.92
300000,3.9002,3.6763,9.9156,1373,3065.92
300005,-0.2227,-0.3244,14.1773,1373,3065.92
300010,-7.2042,0.255,11.4706,1370,3065.92
300015,0.1089,3.0598,7.4184,1371,3066.07
300020,4.1049,3.5326,10.3645,1371,3066.07
300025,-1.0726,-0.7374,14.3125,1371,3066.07
300030,-7.2437,0.7314,10.9547,1381,3066.07
300035,0.7542,3.1639,7.4113,1369,3066.23
300040,4.312,3.3279,10.7787,1373,3066.23
300045,-1.8806,-1.1384,14.3329,1371,3066.23
300050,-7.1383,1.1349,10.4244,1371,3066.23
300055,1.306,3.2298,7.6195,1379,3066.54
300060,4.452,3.0586,11.2372,1375,3066.54
300065,-2.745,-1.4257,14.3927,1373,3066.54
300070,-6.8618,1.5215,9.8701,1383,3067.17
300075,1.7035,3.3662,7.7967,1358,3067.17
300080,4.3299,2.745,11.7064,1373,3067.17
300085,-3.5207,-1.6783,14.2647,1374,3067.17
300090,-6.3638,1.8088,9.3362,1373,3067.01
300095,2.0027,3.4728,8.0361,1373,3067.01
300100,4.0318,2.308,12.1111,1371,3067.01
300105,-4.2832,-1.7178,14.0719,1371,3067.01
300110,-5.6192,2.0482,8.8801,1380,3067.33
300115,2.3739,3.5362,8.2612,1369,3067.33
300120,3.5901,1.8723,12.4654,1369,3067.33
300125,-4.9356,-1.6939,13.799,1373,3067.33
300130,-4.8195,2.2996,8.4336,1381,3067.33
300135,2.6121,3.6464,8.5976,1377,3067.33
300140,3.0071,1.4808,12.9107,1373,3067.33
300145,-5.5522,-1.5371,13.4746,1372,3067.33
300150,-3.9169,2.4325,8.0098,1379,3067.01
300155,2.8575,3.717,8.7484,1371,3067.01
300160,2.3535,0.9984,13.1861,1375,3067.01
300165,-6.1363,-1.2534,13.1238,1373,3067.01
300170,-2.8575,2.6624,7.7752,1373,3066.86
300175,3.1951,3.8283,9.1267,1373,3066.86
300180,1.6149,0.5758,13.5081,1367,3066.86
300185,-6.5529,-0.7961,12.6438,1379,3066.86
300190,-1.919,2.7366,7.5561,1380,3066.86
300195,3.45,3.7697,9.4367,1371,3066.86
300200,0.8703,0.1544,13.8337,1374,3066.86
300205,-6.9168,-0.3891,12.1554,1371,3066.86
300210,-0.9708,2.9018,7.4771,1379,3066.7
300215,3.7816,3.7469,9.8438,1379,3066.7
300220,0.0958,-0.2107,14.0348,1373,3066.7
300225,-7.1371,0.1317,11.661,1373,3066.7
300230,-0.1257,3.0347,7.3921,1371,3066.54
300235,4.0318,3.614,10.1849,1372,3066.54
300240,-0.7901,-0.6369,14.2874,1374,3066.54
300245,-7.2425,0.5578,11.1354,1381,3066.54
300250,0.5543,3.0993,7.4986,1371,3066.54
300255,4.3287,3.4512,10.6434,1371,3066.54
300260,-1.5874,-1.0139,14.3245,1369,3066.54
300265,-7.1862,1.0511,10.5656,1382,3066.54
300270,1.1612,3.2046,7.5872,1375,3066.07
300275,4.4233,3.1568,11.0708,1369,3066.07
300280,-2.4744,-1.342,14.3604,1375,3066.07
300285,-6.9468,1.4293,10.0449,1373,3066.07
300290,1.5598,3.3243,7.7369,1370,3067.01
300295,4.385,2.8443,11.4622,1379,3067.01
300300,-3.2597,-1.5574,14.297,1374,3067.01
300305,-6.5505,1.7466,9.5589,1384,3066.7
300310,1.9273,3.4046,8.005,1371,3066.7
300315,4.1815,2.4517,11.965,1365,3066.7
300320,-3.9971,-1.731,14.1964,1381,3066.7
300325,-5.8933,2.0063,8.9711,1383,3066.23
300330,2.2505,3.5422,8.163,1379,3066.23
300335,3.7888,2.0387,12.3349,1369,3066.23
300340,-4.7142,-1.6831,13.9666,1373,3066.23
300345,-5.1176,2.2386,8.6419,1387,3067.33
300350,2.5007,3.6069,8.5078,1379,3067.33
300355,3.2477,1.6149,12.7395,1365,3067.33
300360,-5.2972,-1.5622,13.6302,1373,3067.33
300365,-4.2126,2.4038,8.1247,1381,3066.54
300370,2.794,3.6883,8.7029,1375,3066.54
300375,2.6312,1.1995,13.1047,1373,3066.54
300380,-5.9065,-1.2893,13.2747,1371,3066.54
300385,-3.2094,2.5582,7.8709,1373,3066.39
300390,3.073,3.7397,9.0142,1368,3066.39
300395,1.9106,0.7554,13.4195,1371,3066.39
300400,-6.2968,-0.9457,12.8724,1381,3066.39
300405,-2.2446,2.7162,7.6219,1375,3066.7
300410,3.4093,3.8379,9.3625,1373,3066.7
300415,1.1875,0.3196,13.775,1369,3066.7
300420,-6.8007,-0.5255,12.4307,1373,3066.7
300425,-1.2941,2.8766,7.4807,1380,3067.01
300430,3.7074,3.8152,9.6271,1373,3067.01
300435,0.3508,-0.0982,13.969,1371,3067.01
300440,-7.0198,-0.1041,11.886,1375,3067.01
300445,-0.4405,2.9401,7.3801,1372,3067.01
300450,3.9911,3.6536,10.0341,1371,3067.01
300455,-0.3807,-0.4298,14.1976,1373,3067.01
300460,-7.2113,0.3891,11.3389,1373,3067.01
300465,0.3244,3.1053,7.452,1373,3066.86
300470,4.2772,3.4824,10.4196,1371,3066.86
300475,-1.3084,-0.8056,14.2419,1372,3066.86
300480,-7.2125,0.8499,10.7847,1382,3066.86
300485,0.9182,3.1963,7.4603,1371,3066.7
300490,4.4305,3.3148,10.9331,1373,3066.7
300495,-2.1261,-1.2222,14.3437,1370,3066.7
300500,-6.9947,1.251,10.3118,1373,3066.7
300505,1.4473,3.2908,7.61,1375,3067.01
300510,4.4855,2.9868,11.3521,1385,3067.01
300515,-2.9784,-1.5215,14.3245,1371,3067.01
300520,-6.6679,1.6352,9.7336,1387,3067.01
300525,1.8483,3.3483,7.8973,1369,3067.01
300530,4.3132,2.6049,11.8657,1373,3067.01
300535,-3.7134,-1.658,14.2503,1375,3067.01
300540,-6.1208,1.9237,9.1578,1391,3066.54
300545,2.1392,3.4477,8.096,1375,3066.54
300550,4.0103,2.217,12.1769,1369,3066.54
300555,-4.4221,-1.7154,14.0671,1371,3066.54
300560,-5.442,2.1105,8.74,1382,3067.64
300565,2.4397,3.5434,8.3977,1371,3067.64
300570,3.4872,1.7406,12.5648,1370,3067.64
300575,-5.041,-1.6783,13.7762,1371,3067.64
300580,-4.525,2.3272,8.2911,1381,3067.01
300585,2.7019,3.699,8.5892,1375,3067.01
300590,2.8718,1.3396,12.9718,1373,3067.01
300595,-5.7138,-1.4449,13.392,1373,3067.01
300600,-3.5865,2.5151,7.9787,1381,3067.01
300605,2.9461,3.6955,8.8969,1368,3067.01
300610,2.1703,0.8871,13.374,1379,3067.01
300615,-6.2165,-1.1013,13.0089,1379,3067.01
300620,-2.5666,2.6767,7.671,1375,3067.17
300625,3.3255,3.7876,9.2596,1373,3067.17
300630,1.4796,0.4621,13.6374,1369,3067.17
300635,-6.6726,-0.7099,12.5336,1373,3067.17
300640,-1.5969,2.7928,7.4855,1379,3067.17
300645,3.6105,3.7996,9.5684,1375,3067.17
300650,0.6788,0.073,13.8995,1371,3067.17
300655,-6.948,-0.2346,12.0069,1374,3067.17
300660,-0.7386,2.8754,7.422,1374,3067.33
300665,3.9289,3.6619,9.8892,1371,3067.33
300670,-0.0994,-0.3579,14.1042,1369,3067.33
300675,-7.1718,0.2789,11.4754,1373,3067.33
300680,0.1101,3.0215,7.3777,1373,3067.17
300685,4.221,3.559,10.337,1372,3067.17
300690,-0.9936,-0.7207,14.2838,1382,3067.17
300695,-7.2269,0.7015,10.9391,1383,3067.17
300700,0.7697,3.1879,7.4855,1369,3067.33
300705,4.391,3.3315,10.7284,1374,3067.33
300710,-1.8136,-1.1684,14.37,1369,3067.33
300715,-7.1096,1.1193,10.4148,1381,3067.33
300720,1.2977,3.2908,7.6734,1375,3067.33
300725,4.4819,3.067,11.1905,1371,3067.33
300730,-2.7114,-1.4425,14.3353,1373,3067.33
300735,-6.8606,1.4796,9.93,1378,3067.33
300740,1.6963,3.3267,7.8075,1374,3067.64
300745,4.4209,2.7054,11.6071,1383,3067.64
300750,-3.5183,-1.6556,14.3269,1375,3067.64
300755,-6.347,1.822,9.4056,1381,3067.8
300760,2.0482,3.4381,8.0158,1367,3067.8
300765,4.1539,2.3032,12.0404,1372,3067.8
300770,-4.2641,-1.7645,14.103,1381,3067.8
300775,-5.6252,2.0506,8.8861,1383,3067.64
300780,2.3858,3.5638,8.2995,1379,3067.64
300785,3.6727,1.8543,12.5181,1371,3067.64
300790,-4.9404,-1.6867,13.8612,1371,3067.64
300795,-4.7896,2.2877,8.3617,1384,3067.48
300800,2.6659,3.6296,8.6036,1379,3067.48
300805,3.0526,1.3779,12.8796,1369,3067.48
300810,-5.5557,-1.5071,13.5296,1375,3067.48
300815,-3.8367,2.4361,8.0266,1381,3067.64
300820,2.9437,3.7661,8.8214,1373,3067.64
300825,2.4002,1.0092,13.2196,1375,3067.64
300830,-6.1184,-1.1911,13.1083,1376,3067.64
300835,-2.8479,2.6312,7.7452,1381,3067.48
300840,3.2382,3.7565,9.1578,1373,3067.48
300845,1.6352,0.5782,13.6003,1371,3067.48
300850,-6.5577,-0.8236,12.645,1379,3067.48
300855,-1.834,2.7162,7.5322,1375,3067.8
300860,3.5686,3.7804,9.5014,1372,3067.8
300865,0.7937,0.1568,13.8301,1369,3067.8
300870,-6.93,-0.3184,12.2404,1379,3067.8
300875,-0.9218,2.8683,7.4328,1380,3067.8
300880,3.8618,3.6823,9.8234,1379,3067.8
300885,0.0359,-0.261,14.0659,1367,3067.8
300890,-7.1263,0.1556,11.7005,1373,3067.8
300895,-0.0479,3.0287,7.3837,1357,3067.96
300900,4.1647,3.5985,10.2149,1372,3067.96
300905,-0.7757,-0.65,14.2599,1363,3067.96
300910,-7.2676,0.6009,11.1414,1381,3067.96
300915,0.6524,3.1544,7.4484,1371,3067.96
300920,4.3958,3.3974,10.568,1373,3067.96
300925,-1.6951,-1.0367,14.4107,1372,3067.96
300930,-7.1994,1.0451,10.5465,1385,3067.96
300935,1.2222,3.2729,7.5477,1373,3067.96
300940,4.4712,3.1364,11.1223,1377,3067.96
300945,-2.5307,-1.3683,14.3652,1372,3067.96
300950,-6.9085,1.3934,10.0161,1371,3067.96
300955,1.6783,3.3124,7.8003,1372,3067.8
300960,4.3934,2.7785,11.5927,1379,3067.8
300965,-3.3686,-1.5993,14.3054,1371,3067.8
300970,-6.456,1.7262,9.4427,1382,3067.96
300975,2.0135,3.4201,7.92,1367,3067.96
300980,4.2126,2.4289,12.0237,1374,3067.96
300985,-4.13,-1.7394,14.1414,1381,3067.96
300990,-5.7569,2.0578,8.983,1381,3067.8
300995,2.3092,3.5207,8.272,1375,3067.8
301000,3.7792,1.9549,12.4415,1374,3067.8
301005,-4.786,-1.7418,13.9163,1373,3067.8
301010,-4.9644,2.2266,8.5006,1385,3067.33
301015,2.5893,3.6236,8.503,1375,3067.33
301020,3.2274,1.47,12.8353,1371,3067.33
301025,-5.46,-1.573,13.6122,1373,3067.33
301030,-4.0294,2.4457,8.0852,1381,3068.11
301035,2.8982,3.7553,8.7592,1389,3068.11
301040,2.4684,1.0726,13.1861,1369,3068.11
301045,-6.031,-1.251,13.1681,1371,3068.11
301050,-3.0634,2.5666,7.8243,1384,3068.11
301055,3.1891,3.7733,9.0644,1373,3068.11
301060,1.8088,0.644,13.5488,1370,3068.11
301065,-6.5074,-0.8571,12.7491,1383,3068.11
301070,-2.0614,2.7031,7.592,1372,3067.96
301075,3.5075,3.7733,9.3853,1372,3067.96
301080,1.0008,0.2442,13.8014,1367,3067.96
301085,-6.9157,-0.4238,12.2212,1375,3067.96
301090,-1.0977,2.8395,7.4292,1379,3067.8
301095,3.8092,3.7206,9.7983,1374,3067.8
301100,0.2107,-0.1903,14.0133,1368,3067.8
301105,-7.1108,0.0946,11.74,1375,3067.8
301110,-0.2119,3.0251,7.4053,1372,3067.33
301115,4.0761,3.5937,10.1394,1371,3067.33
301120,-0.6069,-0.5914,14.2012,1375,3067.33
301125,-7.2544,0.5411,11.139,1372,3067.33
301130,0.5171,3.1017,7.4376,1375,3067.33
301135,4.3311,3.4381,10.5704,1369,3067.33
301140,-1.482,-0.9529,14.3712,1371,3067.33
301145,-7.2089,1.002,10.6422,1379,3067.33
301150,1.0858,3.2417,7.5776,1371,3066.86
301155,4.4257,3.1819,10.9595,1375,3066.86
301160,-2.3212,-1.2617,14.388,1370,3066.86
301165,-6.936,1.3455,10.1742,1373,3066.86
301170,1.5323,3.3004,7.8003,1379,3066.54
301175,4.4053,2.8467,11.4658,1375,3066.54
301180,-3.1173,-1.5071,14.3173,1367,3066.54
301185,-6.529,1.658,9.5996,1379,3067.17
301190,1.9525,3.4309,7.9368,1369,3067.17
301195,4.294,2.5139,11.8728,1374,3067.17
301200,-3.9349,-1.6676,14.2084,1375,3067.17
301205,-5.9963,1.9812,9.0836,1367,3066.86
301210,2.211,3.4812,8.1666,1371,3066.86
301215,3.9049,2.0542,12.3649,1371,3066.86
301220,-4.6376,-1.7334,14.0276,1375,3066.86
301225,-5.2146,2.2015,8.6227,1379,3066.39
301230,2.5391,3.6188,8.4336,1372,3066.39
301235,3.3698,1.573,12.6294,1372,3066.39
301240,-5.2134,-1.5897,13.6637,1373,3066.39
301245,-4.294,2.381,8.2349,1383,3067.17
301250,2.8012,3.7481,8.7724,1378,3067.17
301255,2.727,1.1636,13.0532,1373,3067.17
301260,-5.7724,-1.3503,13.3357,1373,3067.17
301265,-3.3243,2.5187,7.8721,1382,3066.54
301270,3.1101,3.7445,8.9364,1373,3066.54
301275,2.0219,0.7745,13.4231,1373,3066.54
301280,-6.3315,-0.9816,12.8928,1373,3066.54
301285,-2.3583,2.6827,7.604,1380,3066.7
301290,3.4058,3.8188,9.3087,1375,3066.7
301295,1.2558,0.34,13.6781,1369,3066.7
301300,-6.7421,-0.5387,12.4068,1373,3066.7
301305,-1.3874,2.8431,7.4591,1373,3066.7
301310,3.711,3.7649,9.6498,1371,3066.7
301315,0.4848,-0.0587,13.9738,1373,3066.7
301320,-7.0162,-0.0718,11.8884,1379,3066.7
301325,-0.5207,3.0131,7.3514,1378,3066.7
301330,3.9959,3.6823,10.0209,1380,3066.7
301335,-0.3352,-0.4429,14.1282,1370,3066.7
301340,-7.1239,0.3531,11.3737,1373,3066.7
301345,0.2538,3.1017,7.4089,1371,3066.39
301350,4.2365,3.535,10.3765,1371,3066.39
301355,-1.1384,-0.8368,14.3532,1379,3066.39
301360,-7.203,0.8308,10.9008,1379,3066.39
301365,0.8906,3.1496,7.5226,1373,3066.23
301370,4.4269,3.2597,10.8098,1371,3066.23
301375,-1.9788,-1.1768,14.3975,1367,3066.23
301380,-7.0521,1.2127,10.3657,1383,3066.23
301385,1.397,3.3124,7.695,1377,3066.23
301390,4.4436,3.0215,11.3509,1373,3066.23
301395,-2.8503,-1.3946,14.4023,1372,3066.23
301400,-6.7109,1.5862,9.7779,1373,3066.23
301405,1.81,3.371,7.8195,1373,3066.23
301410,4.3191,2.6576,11.7172,1379,3066.23
301415,-3.5913,-1.6376,14.2635,1371,3066.23
301420,-6.1986,1.8663,9.3206,1379,3066.23
301425,2.0949,3.4345,8.0888,1369,3066.23
301430,4.0426,2.241,12.2356,1373,3066.23
301435,-4.312,-1.7561,14.0444,1383,3066.23
301440,-5.5462,2.1117,8.7424,1383,3067.01
301445,2.4265,3.5829,8.2768,1380,3067.01
301450,3.5745,1.7813,12.5528,1372,3067.01
301455,-4.9967,-1.6951,13.793,1383,3067.01
301460,-4.6579,2.2757,8.3809,1385,3066.39
301465,2.6468,3.7326,8.5964,1373,3066.39
301470,2.9365,1.4162,12.9347,1371,3066.39
301475,-5.5809,-1.4389,13.4327,1375,3066.39
301480,-3.7362,2.4265,7.9487,1385,3066.7
301485,2.9868,3.7637,8.8633,1375,3066.7
301490,2.2793,0.9457,13.277,1371,3066.7
301495,-6.0992,-1.1408,13.0963,1373,3066.7
301500,-2.7186,2.5714,7.7452,1383,3066.86
301505,3.2561,3.784,9.1746,1371,3066.86
301510,1.5874,0.5459,13.6015,1373,3066.86
301515,-6.5912,-0.735,12.5959,1383,3066.86
301520,-1.7226,2.7402,7.4795,1379,3066.86
301525,3.5602,3.7577,9.4751,1375,3066.86
301530,0.8104,0.1173,13.8684,1369,3066.86
301535,-6.9312,-0.3041,12.141,1373,3066.86
301540,-0.8045,2.9269,7.4029,1381,3066.86
301545,3.8391,3.7433,9.8162,1379,3066.86
301550,0.0024,-0.2861,14.1066,1373,3066.86
301555,-7.1156,0.1736,11.5975,1372,3066.86
301560,0.0012,2.9844,7.3933,1373,3067.01
301565,4.1372,3.5745,10.313,1379,3067.01
301570,-0.8212,-0.6812,14.3113,1375,3067.01
301575,-7.2389,0.656,11.0421,1371,3067.01
301580,0.6476,3.1603,7.4136,1373,3067.17
301585,4.3694,3.3854,10.6602,1370,3067.17
301590,-1.6616,-1.0044,14.3496,1373,3067.17
301595,-7.1682,1.0642,10.4986,1382,3067.17
301600,1.2318,3.2753,7.5968,1371,3066.86
301605,4.4831,3.0765,11.1127,1377,3066.86
301610,-2.5079,-1.3623,14.4382,1373,3066.86
301615,-6.8929,1.4389,9.9503,1366,3066.86
301620,1.6819,3.3483,7.7069,1378,3066.86
301625,4.4233,2.8084,11.5245,1379,3066.86
301630,-3.3375,-1.5957,14.2934,1375,3066.86
301635,-6.4189,1.7849,9.4511,1375,3066.7
301640,2.0183,3.4608,7.9978,1371,3066.7
301645,4.2066,2.3954,12.0285,1378,3066.7
301650,-4.0749,-1.6831,14.1078,1380,3066.7
301655,-5.7808,2.0698,8.928,1379,3067.17
301660,2.2924,3.5793,8.2313,1375,3067.17
301665,3.802,2.0147,12.4319,1369,3067.17
301670,-4.8004,-1.7095,13.9678,1379,3067.17
301675,-4.9763,2.2039,8.5389,1375,3066.86
301680,2.6085,3.6248,8.5006,1364,3066.86
301685,3.2334,1.5455,12.791,1373,3066.86
301690,-5.3882,-1.5694,13.5655,1373,3066.86
301695,-4.0486,2.405,8.0565,1385,3066.86
301700,2.885,3.7278,8.74,1381,3066.86
301705,2.5893,1.0906,13.198,1375,3066.86
301710,-5.8981,-1.2222,13.1921,1375,3066.86
301715,-3.037,2.6097,7.8446,1380,3066.7
301720,3.1795,3.8176,9.0788,1373,3066.7
301725,1.8064,0.6081,13.4542,1373,3066.7
301730,-6.4224,-0.8739,12.7443,1379,3066.7
301735,-2.0806,2.727,7.5609,1377,3066.86
301740,3.4991,3.808,9.3494,1373,3066.86
301745,1.0666,0.2741,13.7918,1369,3066.86
301750,-6.8307,-0.4477,12.3289,1373,3066.86
301755,-1.1193,2.8611,7.4053,1379,3066.54
301760,3.7577,3.7517,9.7109,1373,3066.54
301765,0.2741,-0.1688,14.0336,1367,3066.54
301770,-7.0138,-0.0144,11.7376,1379,3066.54
301775,-0.31,2.9939,7.3897,1373,3066.7
301780,4.0522,3.6452,10.1191,1375,3066.7
301785,-0.5231,-0.5016,14.2443,1369,3066.7
301790,-7.1922,0.4908,11.2815,1379,3066.7
301795,0.4477,3.1029,7.4077,1372,3067.17
301800,4.2808,3.4644,10.4782,1372,3067.17
301805,-1.2953,-0.9421,14.3197,1375,3067.17
301810,-7.1431,0.899,10.6913,1383,3067.17
301815,1.0511,3.2022,7.4807,1371,3067.17
301820,4.4867,3.2334,10.9942,1372,3067.17
301825,-2.1811,-1.2594,14.4167,1368,3067.17
301830,-7.0066,1.306,10.1658,1381,3067.17
301835,1.5622,3.3291,7.6746,1375,3067.48
301840,4.4927,2.9449,11.4132,1367,3067.48
301845,-3.0442,-1.5335,14.3664,1373,3067.48
301850,-6.5805,1.6305,9.6091,1371,3067.48
301855,1.9549,3.4201,7.9188,1372,3067.33
301860,4.294,2.563,11.8633,1381,3067.33
301865,-3.8595,-1.7023,14.2024,1373,3067.33
301870,-6.0106,1.9082,9.0836,1383,3067.48
301875,2.2685,3.5087,8.1211,1371,3067.48
301880,3.9684,2.1308,12.2451,1373,3067.48
301885,-4.5777,-1.7334,14.0683,1380,3067.48
301890,-5.2457,2.217,8.6646,1387,3067.48
301895,2.5043,3.6164,8.4048,1375,3067.48
301900,3.4393,1.6604,12.7096,1371,3067.48
301905,-5.2014,-1.6412,13.6793,1371,3067.48
301910,-4.3215,2.3715,8.2085,1385,3067.64
301915,2.8096,3.7385,8.6682,1379,3067.64
301920,2.7761,1.2366,12.985,1373,3067.64
301925,-5.7748,-1.3539,13.3333,1369,3067.64
301930,-3.3543,2.5331,7.8721,1383,3067.48
301935,3.0706,3.7661,9.013,1369,3067.48
301940,2.0183,0.7638,13.3716,1375,3067.48
301945,-6.2872,-1.008,12.9215,1371,3067.48
301950,-2.3068,2.7102,7.6279,1382,3067.33
301955,3.3854,3.802,9.2249,1373,3067.33
301960,1.3036,0.3472,13.7248,1373,3067.33
301965,-6.6906,-0.5315,12.487,1377,3067.33
301970,-1.3695,2.8,7.452,1385,3067.17
301975,3.6966,3.79,9.5612,1372,3067.17
301980,0.5136,0.0156,13.9127,1373,3067.17
301985,-7.0138,-0.0958,11.8848,1375,3067.17
301990,-0.5231,2.976,7.4148,1383,3067.17
301995,3.9887,3.6571,10.0341,1379,3067.17
302000,-0.3017,-0.3926,14.1952,1375,3067.17
302005,-7.1682,0.3448,11.376,1379,3067.17
302010,0.2765,3.067,7.428,1373,3066.86
302015,4.2521,3.5267,10.3573,1372,3066.86
302020,-1.0882,-0.8021,14.2647,1377,3066.86
302025,-7.1575,0.7685,10.8721,1371,3066.86
302030,0.9086,3.1819,7.4627,1373,3067.48
302035,4.464,3.2741,10.8386,1366,3067.48
302040,-1.9309,-1.1935,14.3951,1371,3067.48
302045,-7.0749,1.1983,10.2675,1383,3067.48
302050,1.4772,3.2741,7.6243,1371,3067.64
302055,4.5095,2.9377,11.2504,1374,3067.64
302060,-2.8228,-1.5095,14.3305,1373,3067.64
302065,-6.7469,1.5299,9.76,1373,3067.64
302070,1.8196,3.4261,7.9069,1375,3067.8
302075,4.3826,2.5869,11.7519,1379,3067.8
302080,-3.6368,-1.6759,14.2323,1373,3067.8
302085,-6.189,1.8759,9.2045,1383,3067.8
302090,2.2027,3.4716,8.0086,1370,3067.8
302095,4.0965,2.1835,12.1757,1375,3067.8
302100,-4.385,-1.7561,14.0372,1381,3067.8
302105,-5.4827,2.1057,8.7783,1383,3067.8
302110,2.4888,3.6512,8.333,1373,3067.8
302115,3.6224,1.8064,12.5743,1369,3067.8
302120,-5.0458,-1.6735,13.7774,1374,3067.8
302125,-4.5502,2.3224,8.3067,1384,3067.64
302130,2.7641,3.6823,8.5293,1375,3067.64
302135,2.9568,1.3312,12.9371,1372,3067.64
302140,-5.6719,-1.4772,13.4087,1375,3067.64
302145,-3.6069,2.4995,7.9619,1383,3067.8
302150,3.0083,3.7984,8.8753,1375,3067.8
302155,2.2242,0.8535,13.2495,1373,3067.8
302160,-6.1495,-1.1049,12.9706,1369,3067.8
302165,-2.5857,2.6468,7.6758,1381,3067.48
302170,3.3375,3.7996,9.165,1373,3067.48
302175,1.5083,0.3938,13.5883,1372,3067.48
302180,-6.6547,-0.6704,12.5444,1382,3067.48
302185,-1.6185,2.7677,7.4927,1373,3067.48
302190,3.6595,3.7876,9.4834,1373,3067.48
302195,0.7362,0.0575,13.8983,1369,3067.48
302200,-6.9312,-0.2239,12.0596,1375,3067.48
302205,-0.7314,2.8706,7.4232,1379,3067.33
302210,3.9528,3.6428,9.8557,1375,3067.33
302215,-0.0227,-0.3352,14.1449,1372,3067.33
302220,-7.1539,0.2358,11.5077,1379,3067.33
302225,0.0934,3.0406,7.3538,1375,3067.17
302230,4.2329,3.5159,10.2879,1373,3067.17
302235,-0.9134,-0.7338,14.2898,1373,3067.17
302240,-7.2365,0.6835,10.9954,1374,3067.17
302245,0.7937,3.1448,7.452,1369,3067.48
302250,4.4173,3.3291,10.7153,1373,3067.48
302255,-1.7837,-1.1169,14.376,1371,3067.48
302260,-7.1024,1.1085,10.4543,1378,3067.48
302265,1.342,3.2765,7.6507,1371,3067.48
302270,4.5238,3.0742,11.1282,1375,3067.48
302275,-2.6552,-1.409,14.4059,1366,3067.48
302280,-6.8618,1.4832,9.8737,1379,3067.48
302285,1.749,3.3303,7.8003,1379,3067.33
302290,4.4341,2.745,11.6478,1373,3067.33
302295,-3.4776,-1.6508,14.3401,1375,3067.33
302300,-6.3051,1.7729,9.3374,1375,3066.39
302305,2.1177,3.4369,7.9559,1371,3066.39
302310,4.1539,2.3236,12.044,1383,3066.39
302315,-4.2078,-1.7142,14.1509,1379,3066.39
302320,-5.6348,2.1009,8.8801,1383,3068.43
302325,2.3858,3.5997,8.2396,1371,3068.43
302330,3.7218,1.8603,12.4774,1372,3068.43
302335,-4.889,-1.7238,13.8397,1384,3068.43
302340,-4.7716,2.2805,8.3773,1387,3067.17
302345,2.6815,3.6619,8.4827,1375,3067.17
302350,3.0945,1.4509,12.8605,1373,3067.17
302355,-5.4923,-1.5179,13.5153,1381,3067.17
302360,-3.8666,2.4325,8.0601,1387,3067.33
302365,2.9245,3.7505,8.843,1379,3067.33
302370,2.3547,1.0116,13.2483,1373,3067.33
302375,-5.9903,-1.2534,13.1681,1373,3067.33
302380,-2.8706,2.5821,7.6926,1383,3067.33
302385,3.2501,3.7553,9.0896,1374,3067.33
302390,1.6975,0.577,13.5344,1380,3067.33
302395,-6.4967,-0.8128,12.7204,1388,3067.33
302400,-1.8411,2.7677,7.5226,1383,3067.64
302405,3.565,3.7697,9.4332,1373,3067.64
302410,0.9194,0.1616,13.7906,1369,3067.64
302415,-6.8618,-0.3675,12.1625,1374,3067.64
302420,-0.9577,2.9102,7.4328,1381,3067.8
302425,3.8475,3.7206,9.7875,1373,3067.8
302430,0.1915,-0.2251,14.0911,1373,3067.8
302435,-7.1658,0.1341,11.6933,1373,3067.8
302440,-0.1137,3.0478,7.3287,1381,3067.8
302445,4.136,3.6057,10.1478,1383,3067.8
302450,-0.7242,-0.6333,14.2204,1369,3067.8
302455,-7.2317,0.5722,11.0756,1375,3067.8
302460,0.6117,3.1759,7.4077,1373,3067.64
302465,4.367,3.3758,10.6291,1373,3067.64
302470,-1.5874,-1.0175,14.3568,1383,3067.64
302475,-7.1419,0.9744,10.6015,1377,3067.64
302480,1.1827,3.2214,7.5346,1372,3067.33
302485,4.4879,3.1328,11.0648,1372,3067.33
302490,-2.4229,-1.3623,14.3748,1371,3067.33
302495,-6.9264,1.4018,10.0245,1383,3067.33
302500,1.646,3.3184,7.7309,1375,3067.01
302505,4.4508,2.7809,11.5532,1379,3067.01
302510,-3.2765,-1.6233,14.3341,1373,3067.01
302515,-6.517,1.7502,9.4918,1374,3067.01
302520,1.9944,3.4129,7.9607,1375,3066.39
302525,4.2329,2.4169,11.9626,1383,3066.39
302530,-3.9816,-1.7585,14.188,1372,3066.39
302535,-5.8502,1.9812,8.9423,1384,3066.7
302540,2.3032,3.5255,8.1511,1365,3066.7
302545,3.8523,1.998,12.3888,1375,3066.7
302550,-4.6914,-1.7478,13.9103,1384,3066.7
302555,-5.0829,2.2075,8.4958,1385,3066.23
302560,2.5235,3.6308,8.4384,1379,3066.23
302565,3.2657,1.5814,12.7395,1373,3066.23
302570,-5.2672,-1.5945,13.5883,1373,3066.23
302575,-4.1384,2.3822,8.1104,1385,3066.07
302580,2.8287,3.7326,8.7017,1380,3066.07
302585,2.6348,1.1456,13.1861,1371,3066.07
302590,-5.8742,-1.3515,13.1573,1375,3066.07
302595,-3.1963,2.5522,7.8195,1383,3066.39
302600,3.134,3.7601,9.0381,1373,3066.39
302605,1.9237,0.7099,13.3956,1375,3066.39
302610,-6.3159,-0.9421,12.7779,1375,3066.39
302615,-2.217,2.7162,7.6219,1384,3066.39
302620,3.3758,3.7625,9.3063,1373,3066.39
302625,1.2079,0.3112,13.7427,1373,3066.39
302630,-6.7516,-0.5459,12.2775,1381,3066.39
302635,-1.2965,2.8515,7.4077,1379,3066.39
302640,3.7445,3.7637,9.6139,1373,3066.39
302645,0.4393,-0.0539,13.9833,1365,3066.39
302650,-7.0545,-0.0395,11.8142,1379,3066.39
302655,-0.407,3.0143,7.3753,1381,3066.54
302660,4.0055,3.6356,9.9958,1375,3066.54
302665,-0.3663,-0.4836,14.1581,1385,3066.54
302670,-7.2113,0.3424,11.2803,1375,3066.54
302675,0.3484,3.0945,7.4496,1373,3066.86
302680,4.2449,3.5051,10.483,1375,3066.86
302685,-1.227,-0.8487,14.3317,1375,3066.86
302690,-7.2329,0.8499,10.8002,1373,3066.86
302695,0.9601,3.1735,7.4795,1372,3066.86
302700,4.3826,3.2657,10.8194,1373,3066.86
302705,-2.1045,-1.2617,14.3712,1373,3066.86
302710,-7.0593,1.2498,10.2304,1381,3066.86
302715,1.421,3.2801,7.689,1369,3066.86
302720,4.4664,2.9521,11.3318,1373,3066.86
302725,-2.9353,-1.4748,14.3712,1373,3066.86
302730,-6.6607,1.6197,9.7013,1373,3066.86
302735,1.8316,3.3627,7.8099,1380,3066.23
302740,4.3395,2.545,11.7747,1375,3066.23
302745,-3.6703,-1.6927,14.2371,1373,3066.23
302750,-6.1196,1.9178,9.1638,1377,3066.54
302755,2.1488,3.4895,8.1343,1370,3066.54
302760,3.9768,2.1679,12.2104,1382,3066.54
302765,-4.3802,-1.7633,14.0097,1383,3066.54
302770,-5.3846,2.1237,8.6933,1379,3066.39
302775,2.4505,3.5698,8.3546,1374,3066.39
302780,3.5159,1.7358,12.5396,1372,3066.39
302785,-5.0685,-1.6664,13.787,1382,3066.39
302790,-4.5346,2.3044,8.3175,1385,3066.54
302795,2.7162,3.6835,8.6167,1375,3066.54
302800,2.8802,1.342,12.9383,1373,3066.54
302805,-5.6527,-1.4257,13.4003,1369,3066.54
302810,-3.5674,2.4864,7.944,1385,3066.86
302815,2.9808,3.7326,8.8573,1377,3066.86
302820,2.2362,0.8655,13.2711,1371,3066.86
302825,-6.1758,-1.1265,12.9981,1372,3066.86
302830,-2.624,2.6624,7.6758,1373,3066.86
302835,3.2801,3.8152,9.1734,1374,3066.86
302840,1.5048,0.4178,13.6051,1373,3066.86
302845,-6.6272,-0.7015,12.5384,1379,3066.86
302850,-1.5981,2.7713,7.4304,1381,3067.01
302855,3.6272,3.8008,9.5122,1375,3067.01
302860,0.7446,0.0371,13.866,1369,3067.01
302865,-6.9911,-0.1903,12.0548,1375,3067.01
302870,-0.735,2.9425,7.3658,1379,3067.01
302875,3.8918,3.7014,9.8641,1373,3067.01
302880,-0.0862,-0.3615,14.1066,1375,3067.01
302885,-7.1694,0.1987,11.4838,1375,3067.01
302890,0.0383,3.0059,7.349,1394,3067.01
302895,4.1515,3.5255,10.2663,1373,3067.01
302900,-0.9134,-0.735,14.3018,1369,3067.01
302905,-7.2209,0.6967,10.9583,1375,3067.01
302910,0.8056,3.0981,7.3933,1371,3066.86
302915,4.367,3.3255,10.7129,1375,3066.86
302920,-1.7729,-1.1001,14.3329,1381,3066.86
302925,-7.0964,1.0953,10.4698,1375,3066.86
302930,1.2366,3.2525,7.6076,1373,3066.54
302935,4.4616,3.0478,11.2025,1373,3066.54
302940,-2.5965,-1.421,14.388,1371,3066.54
302945,-6.8187,1.482,9.8677,1383,3066.54
302950,1.7154,3.2932,7.7919,1373,3066.54
302955,4.397,2.6995,11.637,1379,3066.54
302960,-3.4345,-1.6843,14.3089,1373,3066.54
302965,-6.3578,1.8124,9.4128,1373,3066.54
302970,2.053,3.4285,7.9883,1371,3066.23
302975,4.1468,2.3164,12.0967,1381,3066.23
302980,-4.1108,-1.7717,14.0647,1373,3066.23
302985,-5.6922,2.0147,8.855,1387,3066.07
302990,2.2972,3.5542,8.2564,1373,3066.07
302995,3.7278,1.9106,12.4451,1374,3066.07
303000,-4.8052,-1.7119,13.8732,1384,3066.07
303005,-4.8602,2.2302,8.4467,1381,3065.6
303010,2.6181,3.6428,8.5509,1379,3065.6
303015,3.1256,1.4605,12.8688,1371,3065.6
303020,-5.381,-1.5754,13.5165,1375,3065.6
303025,-3.9528,2.3643,8.0924,1379,3065.29
303030,2.8563,3.6871,8.7676,1379,3065.29
303035,2.5247,1.0582,13.1849,1372,3065.29
303040,-5.9795,-1.2641,13.1549,1373,3065.29
303045,-2.9951,2.6049,7.7955,1381,3066.23
303050,3.146,3.7649,9.0836,1375,3066.23
303055,1.8076,0.6105,13.4758,1375,3066.23
303060,-6.432,-0.9074,12.6965,1378,3066.23
303065,-2.0315,2.6935,7.5106,1383,3066.23
303070,3.4572,3.7852,9.4032,1367,3066.23
303075,1.1145,0.2143,13.7894,1373,3066.23
303080,-6.8127,-0.4848,12.2739,1383,3066.23
303085,-1.1061,2.8503,7.4388,1385,3065.92
303090,3.7781,3.7421,9.7264,1372,3065.92
303095,0.3292,-0.1939,14.0157,1369,3065.92
303100,-7.1239,0.0323,11.6753,1377,3065.92
303105,-0.2729,2.8958,7.3406,1368,3066.39
303110,4.0546,3.6105,10.1406,1375,3066.39
303115,-0.5112,-0.5519,14.2263,1373,3066.39
303120,-7.2317,0.48,11.1785,1373,3066.39
303125,0.4094,3.0694,7.4172,1371,3066.23
303130,4.2318,3.3962,10.5093,1375,3066.23
303135,-1.397,-0.9433,14.3066,1373,3066.23
303140,-7.1958,0.9038,10.6315,1373,3066.23
303145,1.0211,3.1795,7.5537,1372,3066.23
303150,4.4365,3.1615,10.9774,1373,3066.23
303155,-2.2601,-1.3096,14.3137,1373,3066.23
303160,-6.9959,1.336,10.1359,1381,3066.23
303165,1.4988,3.2729,7.6974,1371,3066.07
303170,4.4568,2.8671,11.4,1379,3066.07
303175,-3.0538,-1.5778,14.3772,1371,3066.07
303180,-6.5781,1.6185,9.6175,1381,3066.07
303185,1.8112,3.3615,7.8757,1375,3065.6
303190,4.2677,2.4995,11.8489,1375,3065.6
303195,-3.7649,-1.7585,14.1569,1375,3065.6
303200,-6.0178,1.9154,9.0704,1379,3066.07
303205,2.1979,3.5255,8.1511,1373,3066.07
303210,3.96,2.1225,12.2032,1383,3066.07
303215,-4.5119,-1.7573,14.0037,1381,3066.07
303220,-5.272,2.1368,8.6802,1385,3066.54
303225,2.4265,3.5614,8.4132,1373,3066.54
303230,3.4788,1.6723,12.6234,1375,3066.54
303235,-5.1811,-1.6616,13.6697,1383,3066.54
303240,-4.44,2.3248,8.2361,1387,3066.54
303245,2.7282,3.6667,8.6562,1379,3066.54
303250,2.8754,1.2713,13.0089,1373,3066.54
303255,-5.7305,-1.403,13.3357,1375,3066.54
303260,-3.4369,2.5438,7.92,1383,3067.48
303265,3.0311,3.7457,8.9519,1379,3067.48
303270,2.1584,0.7973,13.4327,1373,3067.48
303275,-6.2836,-1.1037,12.9586,1369,3067.48
303280,-2.4517,2.6839,7.6076,1381,3067.33
303285,3.3758,3.7924,9.244,1375,3067.33
303290,1.4066,0.425,13.6984,1377,3067.33
303295,-6.7313,-0.6584,12.4989,1373,3067.33
303300,-1.5359,2.7928,7.4603,1382,3067.48
303305,3.6296,3.7457,9.5409,1375,3067.48
303310,0.5076,-0.0132,13.9019,1371,3067.48
303315,-7.0282,-0.2059,11.9961,1380,3067.48
303320,-0.5602,2.9006,7.3789,1379,3067.8
303325,3.9456,3.6978,9.9491,1373,3067.8
303330,-0.2382,-0.4142,14.1306,1375,3067.8
303335,-7.2401,0.2873,11.4335,1373,3067.8
303340,0.1903,2.9916,7.3442,1379,3068.11
303345,4.2593,3.5171,10.337,1379,3068.11
303350,-1.0762,-0.8475,14.285,1371,3068.11
303355,-7.276,0.7661,10.8637,1375,3068.11
303360,0.8045,3.122,7.4675,1372,3068.27
303365,4.3898,3.2908,10.8266,1371,3068.27
303370,-2.0063,-1.2067,14.4215,1375,3068.27
303375,-7.118,1.2198,10.2711,1383,3068.27
303380,1.403,3.2429,7.6028,1373,3068.43
303385,4.4724,2.9544,11.2851,1373,3068.43
303390,-2.897,-1.5263,14.3413,1372,3068.43
303395,-6.7768,1.5419,9.7755,1387,3068.43
303400,1.7885,3.3483,7.8243,1375,3068.74
303405,4.4137,2.7258,11.746,1379,3068.74
303410,-3.7002,-1.6795,14.2395,1372,3068.74
303415,-6.2405,1.8471,9.2057,1373,3068.74
303420,2.1237,3.3986,8.0445,1370,3068.43
303425,4.0953,2.1919,12.1578,1383,3068.43
303430,-4.4293,-1.7777,14.0516,1373,3068.43
303435,-5.4803,2.1165,8.7436,1379,3067.33
303440,2.387,3.5195,8.3163,1372,3067.33
303445,3.5614,1.7346,12.6079,1373,3067.33
303450,-5.0769,-1.6484,13.7511,1387,3067.33
303455,-4.6184,2.2757,8.2923,1383,3067.64
303460,2.6923,3.6595,8.5844,1378,3067.64
303465,2.9568,1.2893,12.9431,1375,3067.64
303470,-5.6683,-1.4784,13.4015,1371,3067.64
303475,-3.699,2.4672,7.9152,1384,3067.01
303480,2.9628,3.735,8.8801,1381,3067.01
303485,2.2422,0.8871,13.3381,1371,3067.01
303490,-6.1974,-1.1756,13.0005,1375,3067.01
303495,-2.6384,2.6468,7.6243,1380,3066.7
303500,3.2573,3.7769,9.1459,1377,3066.7
303505,1.5251,0.4705,13.6062,1379,3066.7
303510,-6.681,-0.7626,12.5875,1369,3066.7
303515,-1.6795,2.7581,7.4903,1381,3067.01
303520,3.559,3.8223,9.5014,1373,3067.01
303525,0.7051,0.0455,13.8313,1372,3067.01
303530,-6.9983,-0.2873,12.05,1382,3067.01
303535,-0.7889,2.8371,7.3933,1379,3066.86
303540,3.8547,3.6715,9.8881,1375,3066.86
303545,-0.0766,-0.3579,14.0947,1371,3066.86
303550,-7.1934,0.2095,11.4994,1379,3066.86
303555,0.0443,2.9688,7.3729,1381,3067.33
303560,4.1348,3.5638,10.2639,1375,3067.33
303565,-0.9002,-0.7099,14.2251,1379,3067.33
303570,-7.2856,0.7039,11.0504,1379,3067.33
303575,0.7159,3.1041,7.4891,1365,3067.8
303580,4.3658,3.3232,10.6757,1373,3067.8
303585,-1.7861,-1.1432,14.3832,1379,3067.8
303590,-7.167,1.0942,10.4279,1372,3067.8
303595,-0.1616,3.0394,7.4244,1373,3067.8
303600,4.5179,3.0825,11.1342,1375,3067.8
303605,-0.7458,-0.6404,14.2599,1373,3067.8
303610,-6.8953,1.4593,9.918,1383,3067.8
303615,0.6081,3.1424,7.4711,1371,3067.64
303620,4.2892,3.4297,10.5872,1378,3067.64
303625,-1.5981,-1.0223,14.3796,1371,3067.64
303630,-7.1958,1.057,10.6255,1373,3067.64
303635,1.1696,3.2058,7.5489,1380,3067.17
303640,4.4831,3.207,10.9966,1380,3067.17
303645,-2.49,-1.3491,14.4406,1371,3067.17
303650,-7.0413,1.4234,10.082,1385,3067.33
303655,1.573,3.3303,7.8314,1372,3067.33
303660,4.4436,2.7892,11.485,1379,3067.33
303665,-3.2825,-1.5658,14.3437,1383,3067.33
303670,-6.5553,1.7142,9.4703,1371,3066.54
303675,1.9417,3.4273,7.9392,1374,3066.54
303680,4.2006,2.4636,11.9399,1372,3066.54
303685,-4.0223,-1.6927,14.194,1381,3066.54
303690,-5.934,2.0423,9.0573,1380,3067.64
303695,2.2326,3.5279,8.2588,1375,3067.64
303700,3.8008,2.0123,12.3768,1371,3067.64
303705,-4.7405,-1.7561,13.945,1379,3067.64
303710,-5.1104,2.2386,8.5521,1384,3067.17
303715,2.5295,3.6583,8.4922,1375,3067.17
303720,3.2848,1.579,12.7695,1372,3067.17
303725,-5.387,-1.5933,13.6517,1373,3067.17
303730,-4.197,2.405,8.1403,1381,3067.17
303735,2.7677,3.7601,8.7891,1371,3067.17
303740,2.5798,1.1708,13.1142,1375,3067.17
303745,-5.9484,-1.3467,13.2639,1381,3067.17
303750,-3.1783,2.5438,7.8386,1381,3067.17
303755,3.1053,3.8211,9.0273,1375,3067.17
303760,1.8543,0.6967,13.465,1369,3067.17
303765,-6.4093,-0.9301,12.8628,1375,3067.17
303770,-2.144,2.6971,7.6088,1379,3067.33
303775,3.4441,3.8307,9.3314,1375,3067.33
303780,1.1289,0.2837,13.7703,1375,3067.33
303785,-6.8199,-0.5124,12.3649,1375,3067.33
303790,-1.2821,2.8383,7.416,1373,3066.7
303795,3.7038,3.7888,9.6702,1379,3066.7
303800,0.3304,-0.1676,14.0599,1371,3066.7
303805,-7.1239,-0.0048,11.8369,1353,3066.7
303810,-0.3579,3.0155,7.3981,1373,3066.54
303815,4.0103,3.7014,10.0245,1373,3066.54
303820,-0.5255,-0.4932,14.267,1379,3066.54
303825,-7.2305,0.4453,11.3342,1377,3066.54
303830,0.3496,3.0825,7.3777,1371,3066.39
303835,4.2174,3.5147,10.4878,1371,3066.39
303840,-1.2833,-0.9002,14.3856,1369,3066.39
303845,-7.203,0.8643,10.7859,1384,3066.39
303850,0.9912,3.2214,7.5369,1379,3066.07
303855,4.4412,3.2908,10.9032,1369,3066.07
303860,-2.1715,-1.2402,14.3772,1375,3066.07
303865,-7.0677,1.2941,10.2484,1374,3066.07
303870,1.4593,3.292,7.7033,1371,3066.07
303875,4.4568,2.9748,11.3485,1385,3066.07
303880,-2.9676,-1.5179,14.4466,1379,3066.07
303885,-6.7074,1.6568,9.6905,1363,3066.07
303890,1.8304,3.4177,7.8853,1371,3066.07
303895,4.2928,2.6228,11.8202,1373,3066.07
303900,-3.7469,-1.6795,14.2706,1381,3066.07
303905,-6.1675,1.9082,9.2093,1385,3065.92
303910,2.1644,3.5362,8.1104,1381,3065.92
303915,3.9899,2.2374,12.2248,1373,3065.92
303920,-4.4712,-1.7753,13.969,1378,3065.92
303925,-5.4205,2.1392,8.6993,1387,3066.54
303930,2.4469,3.6188,8.3713,1380,3066.54
303935,3.5051,1.8028,12.6127,1371,3066.54
303940,-5.0685,-1.6305,13.8038,1374,3066.54
303945,-4.5478,2.3308,8.2672,1380,3066.7
303950,2.7019,3.6835,8.6048,1372,3066.7
303955,2.9281,1.3216,12.9873,1378,3066.7
303960,-5.7281,-1.4329,13.4135,1375,3066.7
303965,-3.6033,2.4876,7.9464,1381,3066.86
303970,2.9939,3.79,8.9866,1374,3066.86
303975,2.1907,0.9002,13.3022,1374,3066.86
303980,-6.201,-1.0738,13.0125,1381,3066.86
303985,-2.5821,2.6408,7.6686,1386,3066.86
303990,3.31,3.8116,9.177,1375,3066.86
303995,1.5024,0.4357,13.6146,1371,3066.86
304000,-6.705,-0.6608,12.5863,1379,3066.86
304005,-1.6448,2.7473,7.5393,1383,3067.17
304010,3.6105,3.8259,9.5505,1379,3067.17
304015,0.7338,0.0862,13.9654,1375,3067.17
304020,-7.0521,-0.1891,12.0213,1379,3067.17
304025,-0.6883,2.909,7.3861,1373,3067.8
304030,3.9145,3.6966,9.9276,1373,3067.8
304035,-0.0994,-0.3352,14.1114,1380,3067.8
304040,-7.2149,0.2705,11.5221,1372,3067.8
304045,0.0754,3.0682,7.3646,1375,3068.27
304050,4.1922,3.5853,10.3501,1369,3068.27
304055,-0.9577,-0.7051,14.3149,1373,3068.27
304060,-7.2796,0.7853,11.0528,1383,3068.27
304065,0.8272,3.1939,7.416,1375,3068.27
304070,4.4125,3.377,10.7069,1378,3068.27
304075,-1.8148,-1.1169,14.3365,1370,3068.27
304080,-7.1383,1.1791,10.4627,1373,3068.27
304085,1.3551,3.2441,7.6447,1369,3068.27
304090,4.4987,3.0646,11.2156,1379,3068.27
304095,-2.6707,-1.4485,14.3987,1371,3068.27
304100,-6.8546,1.5012,9.8078,1382,3067.96
304105,1.7633,3.4141,7.7979,1369,3067.96
304110,4.464,2.6971,11.6789,1379,3067.96
304115,-3.5458,-1.6221,14.3257,1381,3067.96
304120,-6.3339,1.8399,9.3697,1381,3067.64
304125,2.0746,3.4812,8.0601,1373,3067.64
304130,4.1396,2.2781,12.1709,1371,3067.64
304135,-4.2748,-1.7226,14.0564,1374,3067.64
304140,-5.6024,2.1105,8.8861,1387,3067.01
304145,2.387,3.5769,8.3067,1371,3067.01
304150,3.7062,1.8459,12.4702,1371,3067.01
304155,-4.9165,-1.6951,13.9235,1374,3067.01
304160,-4.7752,2.3272,8.4467,1384,3066.54
304165,2.6923,3.6571,8.5102,1379,3066.54
304170,3.1184,1.4305,12.8724,1373,3066.54
304175,-5.5653,-1.5,13.4698,1375,3066.54
304180,-3.8176,2.4828,8.0409,1379,3065.92
304185,2.9221,3.7625,8.8274,1371,3065.92
304190,2.4002,0.9589,13.2447,1373,3065.92
304195,-6.0478,-1.1756,13.1657,1378,3065.92
304200,-2.8515,2.6528,7.7273,1379,3065.6
304205,3.2621,3.8511,9.1016,1373,3065.6
304210,1.6604,0.5926,13.4913,1371,3065.6
304215,-6.4691,-0.7805,12.6797,1379,3065.6
304220,-1.895,2.7509,7.513,1383,3065.76
304225,3.5051,3.8056,9.4559,1372,3065.76
304230,0.9254,0.1688,13.8552,1374,3065.76
304235,-6.851,-0.2885,12.1805,1381,3065.76
304240,-0.9792,2.8838,7.4244,1378,3065.76
304245,3.8199,3.7673,9.7827,1380,3065.76
304250,0.2047,-0.1939,14.1258,1369,3065.76
304255,-7.1,0.1161,11.6382,1373,3065.76
304260,-0.1844,2.9904,7.4831,1373,3065.76
304265,4.0582,3.5937,10.1789,1371,3065.76
304270,-0.6596,-0.6129,14.285,1378,3065.76
304275,-7.191,0.5638,11.151,1383,3065.76
304280,0.5495,3.1208,7.3861,1371,3065.76
304285,4.3371,3.4704,10.5872,1375,3065.76
304290,-1.488,-0.9744,14.3604,1372,3065.76
304295,-7.1623,0.9876,10.6291,1383,3065.76
304300,1.1097,3.2094,7.5537,1379,3065.76
304305,4.4448,3.2046,10.9894,1373,3065.76
304310,-2.2924,-1.3204,14.3927,1371,3065.76
304315,-6.9444,1.3551,10.1131,1379,3065.76
304320,1.5802,3.2693,7.7225,1373,3065.45
304325,4.458,2.909,11.4551,1383,3065.45
304330,-3.1448,-1.5538,14.3305,1373,3065.45
304335,-6.5757,1.6867,9.566,1383,3065.45
304340,1.9429,3.4261,8.0002,1372,3065.45
304345,4.2329,2.5007,11.904,1373,3065.45
304350,-3.9073,-1.6831,14.1665,1383,3065.45
304355,-5.9221,1.9501,9.001,1382,3064.19
304360,2.2517,3.4979,8.1558,1380,3064.19
304365,3.9097,2.0913,12.3529,1371,3064.19
304370,-4.5478,-1.7047,14.0001,1369,3064.19
304375,-5.2385,2.2146,8.6634,1388,3065.76
304380,2.4852,3.6583,8.4384,1381,3065.76
304385,3.3938,1.6688,12.7012,1371,3065.76
304390,-5.1272,-1.6233,13.6984,1373,3065.76
304395,-4.3551,2.3559,8.2384,1375,3065.13
304400,2.7821,3.7086,8.7209,1381,3065.13
304405,2.8491,1.2354,13.0699,1375,3065.13
304410,-5.7509,-1.3743,13.2854,1371,3065.13
304415,-3.4405,2.4804,7.9033,1382,3065.45
304420,3.0538,3.796,8.9759,1373,3065.45
304425,2.0746,0.8212,13.3094,1375,3065.45
304430,-6.195,-1.0439,12.9263,1382,3065.45
304435,-2.4337,2.6647,7.6016,1381,3065.6
304440,3.3399,3.8116,9.2835,1375,3065.6
304445,1.4078,0.413,13.7116,1369,3065.6
304450,-6.6631,-0.589,12.5133,1379,3065.6
304455,-1.4868,2.8132,7.4603,1383,3066.07
304460,3.6715,3.7733,9.5624,1375,3066.07
304465,0.6081,0.018,13.9175,1379,3066.07
304470,-7.009,-0.1664,11.9387,1372,3066.07
304475,-0.595,2.8946,7.3933,1377,3066.07
304480,3.96,3.7373,9.9719,1379,3066.07
304485,-0.146,-0.3986,14.1785,1375,3066.07
304490,-7.1443,0.2693,11.4287,1373,3066.07
304495,0.1891,3.0622,7.3598,1378,3065.6
304500,4.2449,3.5638,10.3166,1373,3065.6
304505,-0.9649,-0.7745,14.2886,1373,3065.6
304510,-7.2281,0.7039,10.9475,1383,3065.6
304515,0.808,3.1723,7.5154,1372,3065.45
304520,4.3491,3.3303,10.7799,1371,3065.45
304525,-1.8268,-1.1624,14.3221,1371,3065.45
304530,-7.1072,1.0906,10.4291,1379,3065.45
304535,1.312,3.2633,7.5992,1387,3064.98
304540,4.4879,3.1005,11.2336,1381,3064.98
304545,-2.654,-1.4329,14.3951,1372,3064.98
304550,-6.8211,1.5,9.9036,1375,3065.29
304555,1.7131,3.3543,7.8482,1371,3065.29
304560,4.4125,2.6923,11.7112,1381,3065.29
304565,-3.4381,-1.6388,14.2335,1381,3065.29
304570,-6.3027,1.8028,9.3075,1380,3065.29
304575,2.0351,3.4752,8.0266,1373,3065.29
304580,4.1539,2.3296,12.0368,1373,3065.29
304585,-4.1611,-1.6987,14.1138,1383,3065.29
304590,-5.7138,2.0351,8.8933,1387,3065.29
304595,2.3547,3.5829,8.2684,1377,3065.29
304600,3.7146,1.8663,12.4546,1381,3065.29
304605,-4.7776,-1.7466,13.8457,1375,3065.29
304610,-4.871,2.2458,8.4192,1383,3065.45
304615,2.6025,3.6571,8.5293,1379,3065.45
304620,3.1687,1.5502,12.8389,1371,3065.45
304625,-5.4217,-1.5119,13.5488,1375,3065.45
304630,-3.9923,2.4409,8.0517,1381,3065.92
304635,2.8623,3.7278,8.7604,1375,3065.92
304640,2.4864,1.0211,13.1597,1375,3065.92
304645,-5.9233,-1.2881,13.1418,1370,3065.92
304650,-3.0275,2.5941,7.7476,1384,3066.07
304655,3.1556,3.7984,9.0692,1378,3066.07
304660,1.8387,0.6644,13.5236,1370,3066.07
304665,-6.4739,-0.8583,12.7012,1374,3066.07
304670,-2.0063,2.7342,7.5334,1379,3066.07
304675,3.5039,3.7996,9.3266,1371,3066.07
304680,1.0367,0.1951,13.7535,1373,3066.07
304685,-6.8211,-0.4058,12.2332,1378,3066.07
304690,-1.1277,2.8371,7.4591,1381,3065.92
304695,3.7912,3.7218,9.7516,1380,3065.92
304700,0.2813,-0.1832,14.0923,1369,3065.92
304705,-7.082,0.0874,11.7232,1371,3065.92
304710,-0.2729,2.9676,7.3382,1375,3065.92
304715,4.063,3.6284,10.0305,1373,3065.92
304720,-0.5495,-0.5459,14.2527,1375,3065.92
304725,-7.2209,0.4597,11.2228,1380,3065.92
304730,0.4477,3.0634,7.4747,1373,3066.39
304735,4.2377,3.4477,10.5405,1373,3066.39
304740,-1.4006,-0.893,14.3628,1375,3066.39
304745,-7.2149,0.9708,10.6374,1383,3066.39
304750,1.0511,3.2346,7.5226,1373,3066.7
304755,4.4652,3.237,10.902,1379,3066.7
304760,-2.2529,-1.2929,14.3892,1375,3066.7
304765,-7.0246,1.2989,10.1694,1374,3066.7
304770,1.5419,3.3124,7.7261,1369,3066.7
304775,4.4592,2.8862,11.4168,1383,3066.7
304780,-3.0837,-1.5239,14.3389,1371,3066.7
304785,-6.6056,1.6089,9.5337,1385,3067.33
304790,1.9166,3.3878,7.9045,1367,3067.33
304795,4.3155,2.4912,11.9267,1371,3067.33
304800,-3.8463,-1.7035,14.3233,1381,3067.33
304805,-6.0047,1.9513,9.1004,1373,3067.17
304810,2.2158,3.5386,8.169,1375,3067.17
304815,3.9923,2.0746,12.3014,1373,3067.17
304820,-4.5502,-1.7585,13.9738,1379,3067.17
304825,-5.2301,2.1775,8.6,1381,3067.17
304830,2.5283,3.6392,8.4025,1380,3067.17
304835,3.4728,1.6855,12.6869,1373,3067.17
304840,-5.2098,-1.6245,13.7355,1374,3067.17
304845,-4.4005,2.3739,8.157,1380,3067.01
304850,2.7904,3.7122,8.667,1379,3067.01
304855,2.7761,1.1947,13.0496,1373,3067.01
304860,-5.7676,-1.3982,13.2603,1375,3067.01
304865,-3.3722,2.5019,7.8135,1379,3067.01
304870,3.0849,3.7828,9.0237,1373,3067.01
304875,2.0746,0.8128,13.4087,1373,3067.01
304880,-6.2884,-1.0139,12.8988,1381,3067.01
304885,-2.3367,2.6779,7.6028,1369,3066.54
304890,3.3531,3.814,9.2572,1377,3066.54
304895,1.3683,0.3484,13.6469,1369,3066.54
304900,-6.7121,-0.5746,12.3948,1378,3066.54
304905,-1.4222,2.8575,7.4148,1381,3067.33
304910,3.6727,3.7948,9.6259,1378,3067.33
304915,0.5303,-0.0192,13.9295,1373,3067.33
304920,-7.0581,-0.1077,11.886,1381,3067.33
304925,-0.5255,2.9497,7.367,1375,3067.01
304930,3.96,3.6978,9.9443,1379,3067.01
304935,-0.2514,-0.4812,14.2263,1374,3067.01
304940,-7.2281,0.3531,11.4048,1373,3067.01
304945,0.2562,3.0706,7.4172,1375,3066.86
304950,4.2234,3.5303,10.3597,1372,3066.86
304955,-1.081,-0.8128,14.297,1373,3066.86
304960,-7.2329,0.7841,10.8541,1384,3066.86
304965,0.8859,3.1615,7.4627,1369,3067.33
304970,4.4496,3.3004,10.8014,1371,3067.33
304975,-1.998,-1.1995,14.3604,1373,3067.33
304980,-7.0988,1.2115,10.3214,1379,3067.33
304985,1.3803,3.2825,7.6207,1381,3067.33
304990,4.5298,2.9688,11.2587,1379,3067.33
304995,-2.7964,-1.5083,14.3042,1375,3067.33
305000,-6.7505,1.5718,9.7312,1378,3067.17
305005,1.7957,3.371,7.8374,1371,3067.17
305010,4.4029,2.6719,11.7184,1381,3067.17
305015,-3.6057,-1.6819,14.291,1379,3067.17
305020,-6.2405,1.8507,9.256,1383,3066.86
305025,2.1464,3.4764,8.023,1375,3066.86
305030,4.1348,2.1847,12.1542,1373,3066.86
305035,-4.3191,-1.7406,14.0192,1383,3066.86
305040,-5.5354,2.1332,8.7604,1387,3067.17
305045,2.4181,3.6045,8.2863,1373,3067.17
305050,3.6236,1.798,12.6127,1373,3067.17
305055,-5.0003,-1.6592,13.7942,1373,3067.17
305060,-4.6567,2.3331,8.3617,1385,3066.86
305065,2.7354,3.6751,8.5964,1381,3066.86
305070,3.0406,1.3671,12.9526,1373,3066.86
305075,-5.63,-1.476,13.4183,1373,3066.86
305080,-3.7074,2.4804,7.9799,1384,3066.7
305085,2.9844,3.7661,8.8418,1375,3066.7
305090,2.3655,0.9301,13.3273,1375,3066.7
305095,-6.1627,-1.1181,13.0388,1375,3066.7
305100,-2.6791,2.6552,7.7093,1385,3066.39
305105,3.2884,3.7996,9.1243,1372,3066.39
305110,1.6305,0.4573,13.623,1372,3066.39
305115,-6.6008,-0.7901,12.5851,1381,3066.39
305120,-1.6879,2.7773,7.4328,1381,3066.39
305125,3.5674,3.8044,9.4571,1373,3066.39
305130,0.8356,0.0551,13.8349,1375,3066.39
305135,-6.9336,-0.3172,12.1159,1375,3066.39
305140,-0.7985,2.9018,7.4113,1379,3066.23
305145,3.8666,3.735,9.7528,1381,3066.23
305150,0.0778,-0.3196,14.121,1371,3066.23
305155,-7.1036,0.1867,11.5867,1374,3066.23
305160,-0.0359,3.0227,7.3969,1372,3066.23
305165,4.1037,3.553,10.2113,1372,3066.23
305170,-0.7805,-0.6895,14.3042,1380,3066.23
305175,-7.2568,0.6261,11.0193,1381,3066.23
305180,0.6835,3.0909,7.4986,1375,3066.7
305185,4.3574,3.3698,10.6291,1373,3066.7
305190,-1.6269,-1.0283,14.3437,1371,3066.7
305195,-7.1359,1.002,10.5141,1385,3066.7
305200,1.1827,3.2298,7.5824,1363,3066.86
305205,4.4532,3.0957,11.0947,1375,3066.86
305210,-2.4936,-1.3767,14.3927,1378,3066.86
305215,-6.8845,1.4485,9.9323,1374,3066.86
305220,1.7154,3.3387,7.7069,1372,3067.01
305225,4.47,2.8192,11.5377,1380,3067.01
305230,-3.3447,-1.6436,14.3461,1371,3067.01
305235,-6.4883,1.7693,9.487,1385,3067.48
305240,2.0279,3.3974,7.9655,1371,3067.48
305245,4.2042,2.3343,11.9662,1373,3067.48
305250,-4.0642,-1.7633,14.1545,1380,3067.48
305255,-5.764,2.0075,8.8861,1387,3067.01
305260,2.3308,3.559,8.1738,1375,3067.01
305265,3.8583,1.9932,12.3888,1373,3067.01
305270,-4.7776,-1.7729,13.9247,1379,3067.01
305275,-4.9907,2.2063,8.5222,1380,3066.39
305280,2.5929,3.6272,8.4827,1380,3066.39
305285,3.2609,1.4617,12.791,1371,3066.39
305290,-5.3391,-1.5754,13.526,1373,3066.39
305295,-4.0594,2.4193,8.0553,1383,3067.48
305300,2.8826,3.7206,8.7484,1372,3067.48
305305,2.6276,1.0858,13.1561,1374,3067.48
305310,-5.9412,-1.2689,13.2208,1373,3067.48
305315,-3.0718,2.6073,7.7943,1383,3066.39
305320,3.1675,3.735,9.0046,1373,3066.39
305325,1.8507,0.6321,13.5141,1372,3066.39
305330,-6.3961,-0.9014,12.7372,1383,3066.39
305335,-2.1021,2.7031,7.6004,1379,3066.23
305340,3.4764,3.7876,9.4008,1379,3066.23
305345,1.0894,0.255,13.7619,1369,3066.23
305350,-6.7744,-0.4752,12.3888,1378,3066.23
305355,-1.1456,2.818,7.3586,1383,3066.23
305360,3.7936,3.7529,9.6546,1375,3066.23
305365,0.334,-0.2107,13.9965,1379,3066.23
305370,-7.0569,-0.0371,11.7879,1379,3066.23
305375,-0.3436,2.9305,7.4005,1375,3066.07
305380,4.0582,3.626,10.1191,1373,3066.07
305385,-0.4585,-0.5435,14.2311,1371,3066.07
305390,-7.1694,0.4501,11.2899,1373,3066.07
305395,0.4262,3.073,7.3394,1375,3066.07
305400,4.3072,3.4046,10.5117,1372,3066.07
305405,-1.2761,-0.9349,14.3341,1375,3066.07
305410,-7.1766,0.8787,10.6458,1382,3066.07
305415,1.0175,3.1759,7.4615,1373,3066.54
305420,4.5131,3.2286,11.0014,1375,3066.54
305425,-2.1237,-1.2701,14.3532,1371,3066.54
305430,-7.0222,1.2857,10.1179,1379,3066.54
305435,1.5562,3.2908,7.6399,1380,3066.7
305440,4.5107,2.9137,11.3796,1377,3066.7
305445,-2.976,-1.5897,14.3772,1375,3066.7
305450,-6.687,1.6029,9.6905,1380,3066.7
305455,1.8639,3.3842,7.8123,1369,3066.7
305460,4.3874,2.5522,11.8345,1383,3066.7
305465,-3.7948,-1.7298,14.1976,1379,3066.7
305470,-6.0932,1.9261,9.1363,1384,3067.48
305475,2.2194,3.4716,8.1307,1379,3067.48
305480,4.0713,2.1261,12.2691,1373,3067.48
305485,-4.5298,-1.7573,13.9702,1381,3067.48
305490,-5.3522,2.1368,8.6431,1389,3067.64
305495,2.5402,3.6188,8.3617,1373,3067.64
305500,3.541,1.6616,12.6653,1371,3067.64
305505,-5.1344,-1.6424,13.6577,1374,3067.64
305510,-4.458,2.3631,8.2193,1383,3067.17
305515,2.7485,3.6978,8.6682,1382,3067.17
305520,2.8934,1.2222,13.0448,1373,3067.17
305525,-5.7413,-1.3827,13.3764,1373,3067.17
305530,-3.4644,2.5558,7.9092,1385,3066.86
305535,3.043,3.7541,8.8789,1374,3066.86
305540,2.1668,0.7913,13.3584,1379,3066.86
305545,-6.2309,-1.0523,12.967,1375,3066.86
305550,-2.4588,2.6252,7.6842,1384,3066.86
305555,3.3543,3.7721,9.1913,1373,3066.86
305560,1.4521,0.3915,13.6805,1371,3066.86
305565,-6.681,-0.6309,12.4582,1379,3066.86
305570,-1.5311,2.7402,7.4328,1380,3066.86
305575,3.6559,3.7649,9.505,1371,3066.86
305580,0.6548,-0.0419,13.9187,1375,3066.86
305585,-7.0054,-0.1879,11.9806,1375,3066.86
305590,-0.6309,2.9485,7.3969,1383,3067.17
305595,3.9552,3.6847,9.9814,1381,3067.17
305600,-0.1484,-0.3771,14.1677,1371,3067.17
305605,-7.2006,0.2933,11.4694,1373,3067.17
305610,0.1544,2.9712,7.3454,1375,3067.01
305615,4.2796,3.4884,10.331,1373,3067.01
305620,-0.984,-0.8296,14.3496,1380,3067.01
305625,-7.2413,0.735,10.9403,1381,3067.01
305630,0.8212,3.1783,7.4795,1373,3066.86
305635,4.4245,3.2645,10.72,1372,3066.86
305640,-1.8783,-1.1636,14.3939,1371,3066.86
305645,-7.1228,1.1492,10.3453,1385,3066.86
305650,1.342,3.2705,7.6004,1380,3066.7
305655,4.4807,3.0107,11.1881,1381,3066.7
305660,-2.7366,-1.5203,14.4047,1373,3066.7
305665,-6.8187,1.4952,9.8438,1379,3066.7
305670,1.7741,3.3507,7.8015,1373,3066.23
305675,4.4209,2.7258,11.6502,1384,3066.23
305680,-3.4919,-1.6448,14.2587,1371,3066.23
305685,-6.2764,1.8088,9.3003,1385,3066.86
305690,2.0889,3.4357,8.0493,1371,3066.86
305695,4.1791,2.223,12.1087,1377,3066.86
305700,-4.2725,-1.7873,14.1018,1381,3066.86
305705,-5.5761,2.1057,8.843,1384,3066.54
305710,2.3703,3.5602,8.2744,1381,3066.54
305715,3.6966,1.8124,12.469,1371,3066.54
305720,-4.9105,-1.6951,13.7942,1375,3066.54
305725,-4.7453,2.302,8.3414,1381,3066.7
305730,2.6612,3.6428,8.5521,1381,3066.7
305735,3.0514,1.4102,12.8976,1373,3066.7
305740,-5.4875,-1.5191,13.5524,1375,3066.7
305745,-3.7936,2.46,7.9978,1381,3066.39
305750,2.9341,3.705,8.7951,1375,3066.39
305755,2.4002,0.9673,13.2699,1372,3066.39
305760,-6.0298,-1.1839,13.0951,1367,3066.39
305765,-2.8347,2.6193,7.6794,1385,3066.07
305770,3.2406,3.7481,9.1147,1371,3066.07
305775,1.6903,0.5375,13.5763,1373,3066.07
305780,-6.529,-0.808,12.6198,1385,3066.07
305785,-1.8687,2.721,7.4843,1381,3065.92
305790,3.5111,3.7876,9.4176,1371,3065.92
305795,0.9325,0.1604,13.8229,1370,3065.92
305800,-6.8977,-0.3747,12.1362,1375,3065.92
305805,-0.9864,2.8695,7.4005,1380,3065.92
305810,3.8044,3.7421,9.8366,1375,3065.92
305815,0.1544,-0.2765,14.0324,1377,3065.92
305820,-7.1168,0.1041,11.6849,1375,3065.92
305825,-0.1113,2.9999,7.3394,1373,3066.39
305830,4.124,3.6057,10.1442,1379,3066.39
305835,-0.6656,-0.674,14.2539,1372,3066.39
305840,-7.2604,0.5614,11.1306,1375,3066.39
305845,0.5746,3.0849,7.4388,1374,3066.54
305850,4.3012,3.4093,10.5812,1371,3066.54
305855,-1.5227,-1.0199,14.3903,1374,3066.54
305860,-7.2209,1.002,10.5249,1385,3066.54
305865,1.1744,3.1795,7.4986,1369,3066.86
305870,4.4592,3.1304,11.0277,1375,3066.86
305875,-2.393,-1.3012,14.4454,1371,3066.86
305880,-6.9875,1.3431,10.094,1379,3066.86
305885,1.6065,3.2825,7.7381,1381,3066.7
305890,4.3993,2.8084,11.5005,1378,3066.7
305895,-3.2657,-1.6161,14.3508,1373,3066.7
305900,-6.5146,1.6723,9.5038,1375,3066.7
305905,1.9585,3.3411,7.9906,1373,3066.7
305910,4.2653,2.4337,11.9471,1381,3066.7
305915,-3.9708,-1.7538,14.2192,1378,3066.7
305920,-5.9173,1.9609,8.9818,1381,3066.39
305925,2.2697,3.4692,8.1894,1374,3066.39
305930,3.887,2.0506,12.3445,1375,3066.39
305935,-4.7094,-1.749,13.8792,1380,3066.39
305940,-5.1511,2.2122,8.5186,1385,3067.33
305945,2.4828,3.6272,8.4168,1375,3067.33
305950,3.3279,1.5646,12.7814,1375,3067.33
305955,-5.3032,-1.6281,13.6553,1372,3067.33
305960,-4.2282,2.3918,8.1547,1387,3066.7
305965,2.8108,3.6883,8.6921,1380,3066.7
305970,2.6971,1.093,13.0807,1373,3066.7
305975,-5.8754,-1.3563,13.2651,1373,3066.7
305980,-3.2489,2.5223,7.7788,1382,3066.86
305985,3.0562,3.729,9.0225,1375,3066.86
305990,2.0051,0.6943,13.4339,1379,3066.86
305995,-6.3865,-0.9625,12.8521,1378,3066.86
306000,-2.2458,2.6791,7.6064,1385,3066.7
306005,3.3483,3.7385,9.244,1379,3066.7
306010,1.2414,0.2693,13.7248,1371,3066.7
306015,-6.79,-0.5818,12.3289,1375,3066.7
306020,-1.3084,2.8455,7.452,1381,3067.33
306025,3.6763,3.7493,9.669,1373,3067.33
306030,0.4633,-0.0922,14.0252,1375,3067.33
306035,-7.1431,-0.0742,11.88,1379,3067.33
306040,-0.3974,2.9329,7.3263,1378,3067.96
306045,3.9672,3.6655,9.979,1379,3067.96
306050,-0.3807,-0.5231,14.1677,1368,3067.96
306055,-7.2796,0.3843,11.376,1373,3067.96
306060,0.3699,3.0418,7.3969,1369,3068.11
306065,4.2557,3.4548,10.4363,1373,3068.11
306070,-1.2689,-0.9158,14.3329,1370,3068.11
306075,-7.3143,0.8691,10.7164,1383,3068.11
306080,0.9732,3.1532,7.4651,1375,3067.8
306085,4.446,3.2034,10.8445,1373,3067.8
306090,-2.1811,-1.2582,14.4741,1371,3067.8
306095,-7.0797,1.2713,10.2376,1386,3067.8
306100,1.4916,3.2705,7.6315,1373,3067.8
306105,4.4544,2.9125,11.3294,1375,3067.8
306110,-3.0155,-1.5083,14.3269,1375,3067.8
306115,-6.7002,1.6161,9.657,1373,3067.8
306120,1.8759,3.4153,7.8661,1370,3067.8
306125,4.3515,2.5391,11.8309,1384,3067.8
306130,-3.8056,-1.7131,14.2922,1371,3067.8
306135,-6.116,1.9309,9.1423,1379,3067.8
306140,2.1883,3.4584,8.084,1372,3067.8
306145,4.0175,2.1572,12.2356,1375,3067.8
306150,-4.5215,-1.7813,14.0252,1385,3067.8
306155,-5.3702,2.1787,8.7053,1384,3067.48
306160,2.4313,3.5219,8.3127,1381,3067.48
306165,3.4668,1.6975,12.6965,1373,3067.48
306170,-5.1775,-1.6831,13.7415,1373,3067.48
306175,-4.4353,2.332,8.2468,1388,3067.8
306180,2.7126,3.6571,8.6095,1380,3067.8
306185,2.8575,1.2342,13.0017,1374,3067.8
306190,-5.7784,-1.4198,13.3489,1374,3067.8
306195,-3.462,2.5534,7.8721,1382,3067.48
306200,3.049,3.7529,8.922,1373,3067.48
306205,2.1021,0.7985,13.3932,1379,3067.48
306210,-6.2872,-1.0475,12.9826,1367,3067.48
306215,-2.4684,2.6456,7.6327,1384,3067.48
306220,3.2633,3.7541,9.2129,1378,3067.48
306225,1.4377,0.3819,13.6853,1372,3067.48
306230,-6.7648,-0.6105,12.4163,1381,3067.48
306235,-1.4485,2.8359,7.4723,1379,3067.8
306240,3.6452,3.7709,9.5984,1373,3067.8
306245,0.5926,-0.0215,13.9762,1372,3067.8
306250,-7.0581,-0.1879,11.9854,1380,3067.8
306255,-0.5866,2.9125,7.3239,1383,3068.11
306260,3.9588,3.6703,9.9311,1379,3068.11
306265,-0.2358,-0.4238,14.1725,1373,3068.11
306270,-7.2341,0.2909,11.4898,1379,3068.11
306275,0.1772,3.0754,7.3957,1373,3068.43
306280,4.2066,3.5686,10.3956,1373,3068.43
306285,-1.1301,-0.808,14.3054,1375,3068.43
306290,-7.3203,0.7961,10.8577,1375,3068.43
306295,0.8859,3.1089,7.4316,1373,3067.64
306300,4.4173,3.2585,10.8002,1372,3067.64
306305,-2.0004,-1.2402,14.4047,1373,3067.64
306310,-7.1431,1.221,10.3346,1385,3067.64
306315,1.336,3.2573,7.6076,1372,3067.17
306320,4.4305,3.0251,11.2527,1373,3067.17
306325,-2.8347,-1.4892,14.3784,1373,3067.17
306330,-6.7995,1.5419,9.7588,1375,3067.17
306335,1.7741,3.3399,7.7871,1375,3066.39
306340,4.2892,2.6384,11.728,1382,3066.39
306345,-3.6296,-1.7406,14.3389,1375,3066.39
306350,-6.2165,1.8771,9.2787,1382,3066.39
306355,2.0901,3.4488,8.078,1369,3066.39
306360,4.0342,2.2733,12.1506,1377,3066.39
306365,-4.3287,-1.7561,14.0671,1381,3066.39
306370,-5.5402,2.0662,8.8023,1380,3065.45
306375,2.3487,3.5446,8.2899,1373,3065.45
306380,3.6188,1.8352,12.5289,1373,3065.45
306385,-5.0075,-1.6795,13.7858,1375,3065.45
306390,-4.7309,2.2769,8.333,1379,3065.92
306395,2.6157,3.6368,8.5653,1375,3065.92
306400,2.9712,1.3982,12.882,1373,3065.92
306405,-5.5522,-1.4964,13.4614,1379,3065.92
306410,-3.7936,2.4241,7.932,1385,3065.92
306415,2.9257,3.7445,8.8945,1379,3065.92
306420,2.3727,0.9433,13.2603,1375,3065.92
306425,-6.1339,-1.2282,13.046,1377,3065.92
306430,-2.8156,2.6073,7.6854,1385,3065.6
306435,3.2166,3.7888,9.1662,1373,3065.6
306440,1.7083,0.5183,13.4794,1385,3065.6
306445,-6.5457,-0.7973,12.5995,1379,3065.6
306450,-1.8435,2.7473,7.5082,1373,3065.76
306455,3.5171,3.7709,9.5002,1373,3065.76
306460,0.9254,0.1532,13.8098,1373,3065.76
306465,-6.9432,-0.3352,12.1506,1375,3065.76
306470,-0.9194,2.8754,7.3382,1379,3066.07
306475,3.8331,3.7385,9.7947,1373,3066.07
306480,0.1544,-0.2394,14.0432,1375,3066.07
306485,-7.1754,0.0958,11.6777,1373,3066.07
306490,-0.1269,2.9592,7.4065,1385,3065.92
306495,4.0342,3.6057,10.2137,1379,3065.92
306500,-0.7338,-0.674,14.2347,1371,3065.92
306505,-7.2712,0.6021,11.1031,1373,3065.92
306510,0.5519,3.1029,7.4256,1372,3066.07
306515,4.2976,3.4393,10.6291,1372,3066.07
306520,-1.5694,-1.0175,14.3808,1374,3066.07
306525,-7.2245,1.0295,10.5824,1383,3066.07
306530,1.1157,3.1759,7.5334,1373,3065.92
306535,4.4664,3.1137,11.0504,1375,3065.92
306540,-2.4588,-1.3623,14.3652,1371,3065.92
