timestamp_ms,ax,ay,az,acs_adc,rpm
43254,-3.0754,-1.5981,13.6757,1427,3021.3
43259,-5.6108,1.731,9.5505,1445,3021.3
43264,1.9225,3.4955,8.7747,1428,3021.3
43269,3.3327,2.4301,11.6203,1435,3021.3
43274,-3.2561,-1.6723,13.5895,1425,3021.3
43279,-5.4504,1.8651,9.4104,1455,3021.3
43284,1.9788,3.5159,8.8071,1427,3021.3
43289,3.1975,2.3248,11.7519,1433,3021.3
43294,-3.4488,-1.7154,13.5644,1435,3021.3
43299,-5.3151,1.9776,9.268,1459,3021.45
43304,2.0159,3.5398,8.8777,1431,3021.45
43309,3.0179,2.144,11.8345,1432,3021.45
43314,-3.6045,-1.7394,13.459,1435,3021.45
43319,-5.0625,2.1009,9.0716,1439,3021.15
43324,2.071,3.6069,9.0154,1433,3021.15
43329,2.8371,2.0327,11.8944,1431,3021.15
43334,-3.7781,-1.7837,13.3872,1437,3021.15
43339,-4.8171,2.1703,8.9902,1439,3022.37
43344,2.1213,3.6512,9.0513,1431,3022.37
43349,2.6252,1.8711,12.0249,1427,3022.37
43354,-3.9756,-1.7992,13.3908,1438,3022.37
43359,-4.61,2.2242,8.8609,1460,3021.91
43364,2.1727,3.711,9.1255,1435,3021.91
43369,2.4229,1.7645,12.1817,1431,3021.91
43374,-4.1671,-1.7526,13.3118,1429,3021.91
43379,-4.3383,2.3092,8.7843,1460,3021.76
43384,2.1907,3.711,9.2273,1436,3021.76
43389,2.1823,1.5874,12.2882,1428,3021.76
43394,-4.3203,-1.7382,13.1525,1433,3021.76
43399,-4.0929,2.3451,8.6503,1461,3022.06
43404,2.2553,3.7601,9.2919,1434,3022.06
43409,1.9597,1.4629,12.3828,1431,3022.06
43414,-4.47,-1.6867,13.0783,1429,3022.06
43419,-3.8199,2.4265,8.4982,1460,3022.06
43424,2.3523,3.8068,9.396,1438,3022.06
43429,1.7442,1.3084,12.4211,1427,3022.06
43434,-4.5693,-1.6185,12.985,1429,3022.06
43439,-3.5135,2.4816,8.3929,1461,3022.06
43444,2.4481,3.8451,9.4595,1436,3022.06
43449,1.555,1.2306,12.536,1427,3022.06
43454,-4.7477,-1.5658,12.9119,1430,3022.06
43459,-3.1819,2.5462,8.2899,1454,3022.06
43464,2.5079,3.8463,9.5337,1434,3022.06
43469,1.2653,1.0534,12.6749,1431,3022.06
43474,-4.8746,-1.5143,12.7707,1429,3022.06
43479,-2.897,2.569,8.1989,1447,3021.76
43484,2.5582,3.8511,9.6283,1433,3021.76
43489,1.0439,0.9325,12.7898,1431,3021.76
43494,-5.0111,-1.4317,12.6306,1432,3021.76
43499,-2.5869,2.6037,8.1116,1455,3021.6
43504,2.6612,3.8607,9.6738,1433,3021.6
43509,0.8236,0.7817,12.8305,1436,3021.6
43514,-5.126,-1.3348,12.5229,1426,3021.6
43519,-2.2853,2.6348,8.0852,1453,3021.76
43524,2.7773,3.8762,9.7229,1431,3021.76
43529,0.5914,0.6548,12.8724,1432,3021.76
43534,-5.2241,-1.2186,12.4199,1432,3021.76
43539,-2.0063,2.6983,7.9847,1455,3021.6
43544,2.7605,3.899,9.7851,1433,3021.6
43549,0.3867,0.5578,13.0316,1429,3021.6
43554,-5.3989,-1.0953,12.2835,1435,3021.6
43559,-1.7131,2.6767,7.9787,1455,3021.45
43564,2.885,3.8307,9.894,1437,3021.45
43569,0.2107,0.413,13.0879,1429,3021.45
43574,-5.4624,-0.9397,12.1099,1443,3021.45
43579,-1.4389,2.7138,7.9332,1451,3021.15
43584,2.8958,3.7948,9.9671,1434,3021.15
43589,-0.0168,0.267,13.1645,1423,3021.15
43594,-5.5964,-0.8583,12.0117,1433,3021.15
43599,-1.1863,2.7653,7.9487,1454,3021.0
43604,2.9868,3.8104,10.0257,1433,3021.0
43609,-0.158,0.1448,13.198,1429,3021.0
43614,-5.6778,-0.6919,11.9159,1433,3021.0
43619,-0.905,2.8383,7.8769,1445,3021.0
43624,3.0981,3.8271,10.0832,1435,3021.0
43629,-0.3807,0.0491,13.3225,1429,3021.0
43634,-5.8035,-0.5555,11.7555,1433,3021.0
43639,-0.6452,2.8635,7.8841,1447,3021.0
43644,3.1591,3.7733,10.1598,1433,3021.0
43649,-0.5531,-0.0419,13.3991,1429,3021.0
43654,-5.8921,-0.4238,11.6227,1431,3021.0
43659,-0.3855,2.9305,7.9116,1447,3020.84
43664,3.1867,3.7457,10.2711,1435,3020.84
43669,-0.7374,-0.1341,13.5177,1431,3020.84
43674,-6.0166,-0.2059,11.4814,1428,3020.84
43679,-0.1508,2.9712,7.9416,1449,3020.84
43684,3.2717,3.729,10.3729,1432,3020.84
43689,-0.8918,-0.2729,13.532,1431,3020.84
43694,-6.0681,-0.0239,11.4215,1434,3020.84
43699,0.0359,3.0095,8.0313,1447,3020.54
43704,3.3555,3.6655,10.4363,1439,3020.54
43709,-1.0367,-0.3639,13.556,1427,3020.54
43714,-6.11,0.1413,11.2025,1431,3020.54
43719,0.2813,3.073,7.9679,1439,3020.39
43724,3.468,3.6105,10.5141,1432,3020.39
43729,-1.2474,-0.5279,13.6505,1429,3020.39
43734,-6.1435,0.328,11.1103,1431,3020.39
43739,0.498,3.1352,8.0876,1439,3020.69
43744,3.5063,3.5171,10.6087,1431,3020.69
43749,-1.4389,-0.6129,13.6362,1429,3020.69
43754,-6.1256,0.4573,10.8996,1432,3020.69
43759,0.6883,3.146,8.084,1445,3020.54
43764,3.553,3.4716,10.7057,1429,3020.54
43769,-1.5646,-0.7338,13.69,1432,3020.54
43774,-6.1447,0.6512,10.8134,1427,3020.54
43779,0.8499,3.2034,8.1391,1439,3020.54
43784,3.5757,3.4369,10.744,1430,3020.54
43789,-1.6903,-0.826,13.7104,1429,3020.54
43794,-6.1268,0.7661,10.6686,1431,3020.54
43799,1.0463,3.2142,8.1726,1440,3020.54
43804,3.5973,3.3255,10.8541,1428,3020.54
43809,-1.8986,-0.9361,13.7343,1423,3020.54
43814,-6.1543,0.9481,10.568,1437,3020.54
43819,1.1744,3.2753,8.2648,1444,3020.69
43824,3.626,3.219,10.9619,1429,3020.69
43829,-2.0638,-1.0235,13.6589,1431,3020.69
43834,-6.116,1.0295,10.3453,1437,3020.69
43839,1.306,3.3136,8.3474,1432,3020.54
43844,3.6176,3.1244,11.054,1429,3020.54
43849,-2.2613,-1.0989,13.7272,1429,3020.54
43854,-6.098,1.2151,10.167,1439,3020.54
43859,1.4317,3.3579,8.3258,1438,3020.69
43864,3.6021,3.0011,11.1426,1431,3020.69
43869,-2.4289,-1.2438,13.7044,1427,3020.69
43874,-6.0094,1.342,10.0449,1439,3020.69
43879,1.5562,3.3854,8.4563,1439,3020.39
43884,3.5733,2.8539,11.2216,1433,3020.39
43889,-2.5522,-1.3862,13.7008,1426,3020.39
43894,-5.8933,1.4736,9.845,1435,3020.39
43899,1.6712,3.4345,8.5605,1443,3019.93
43904,3.5506,2.8084,11.3545,1433,3019.93
43909,-2.7581,-1.494,13.6781,1427,3019.93
43914,-5.8023,1.5838,9.7683,1429,3019.93
43919,1.7131,3.4309,8.6227,1439,3019.93
43924,3.4177,2.63,11.4766,1429,3019.93
43929,-2.9401,-1.549,13.623,1429,3019.93
43934,-5.6826,1.6987,9.6043,1429,3019.93
43939,1.8567,3.4524,8.691,1435,3019.32
43944,3.3399,2.5654,11.5472,1433,3019.32
43949,-3.0801,-1.6436,13.6613,1427,3019.32
43954,-5.5593,1.7765,9.5086,1436,3019.32
43959,1.8735,3.4907,8.7819,1436,3019.02
43964,3.1927,2.4146,11.6358,1435,3019.02
43969,-3.292,-1.6376,13.5165,1427,3019.02
43974,-5.4109,1.8567,9.3458,1450,3019.02
43979,1.9692,3.5446,8.8322,1429,3019.02
43984,3.0933,2.3906,11.7244,1437,3019.02
43989,-3.4273,-1.7023,13.5931,1429,3019.02
43994,-5.2792,1.9561,9.2703,1445,3018.26
43999,1.9525,3.565,8.8885,1430,3018.26
44004,2.976,2.2087,11.8286,1451,3018.26
44009,-3.5913,-1.749,13.4387,1429,3018.26
44014,-5.0865,2.0159,9.1387,1455,3018.87
44019,2.0458,3.6152,9.013,1431,3018.87
44024,2.7952,2.1045,11.9351,1433,3018.87
44029,-3.7302,-1.7226,13.4434,1435,3018.87
44034,-4.9165,2.1213,9.0752,1455,3019.02
44039,2.0746,3.6081,9.0764,1429,3019.02
44044,2.6612,1.919,11.9483,1433,3019.02
44049,-3.8331,-1.7478,13.386,1419,3019.02
44054,-4.7489,2.2075,8.9687,1443,3018.41
44059,2.1213,3.6919,9.1949,1433,3018.41
44064,2.5091,1.8543,12.0464,1427,3018.41
44069,-4.0043,-1.731,13.3261,1439,3018.41
44074,-4.5274,2.2649,8.7867,1453,3019.78
44079,2.2146,3.6966,9.2081,1431,3019.78
44084,2.3343,1.6747,12.1913,1431,3019.78
44089,-4.1587,-1.7502,13.2208,1439,3019.78
44094,-4.2557,2.3152,8.7245,1455,3019.63
44099,2.2601,3.7685,9.2512,1435,3019.63
44104,2.1356,1.567,12.2739,1431,3019.63
44109,-4.2988,-1.7107,13.1597,1432,3019.63
44114,-4.0282,2.3715,8.5677,1445,3019.93
44119,2.3284,3.7637,9.341,1433,3019.93
44124,1.9644,1.3934,12.3756,1427,3019.93
44129,-4.4388,-1.7178,13.0664,1431,3019.93
44134,-3.7781,2.4289,8.4707,1459,3020.08
44139,2.4038,3.8128,9.4332,1431,3020.08
44144,1.7741,1.2989,12.4103,1428,3020.08
44149,-4.5693,-1.6771,12.9359,1427,3020.08
44154,-3.5099,2.4205,8.3402,1455,3019.78
44159,2.4421,3.7721,9.4763,1435,3019.78
44164,1.4892,1.1564,12.5061,1429,3019.78
44169,-4.6711,-1.5862,12.8533,1429,3019.78
44174,-3.2034,2.4169,8.3043,1450,3019.78
44179,2.4888,3.7972,9.5086,1437,3019.78
44184,1.312,1.069,12.5803,1425,3019.78
44189,-4.8064,-1.5598,12.6965,1430,3019.78
44194,-2.897,2.5223,8.2049,1453,3019.93
44199,2.5355,3.8104,9.6247,1433,3019.93
44204,1.0714,0.8811,12.7252,1437,3019.93
44209,-4.9177,-1.5036,12.645,1429,3019.93
44214,-2.6683,2.5666,8.1666,1451,3019.63
44219,2.624,3.8283,9.7061,1432,3019.63
44224,0.8631,0.7781,12.7551,1435,3019.63
44229,-5.0518,-1.3898,12.5791,1431,3019.63
44234,-2.4122,2.5821,8.1008,1453,3019.63
44239,2.6468,3.8056,9.7492,1431,3019.63
44244,0.662,0.6632,12.8832,1429,3019.63
44249,-5.1954,-1.2989,12.4498,1429,3019.63
44254,-2.1344,2.6169,8.0768,1453,3019.63
44259,2.6803,3.8535,9.8282,1432,3019.63
44264,0.4537,0.6045,12.9443,1432,3019.63
44269,-5.3439,-1.1708,12.3385,1423,3019.63
44274,-1.8974,2.6707,8.0924,1455,3019.63
44279,2.7569,3.8547,9.9216,1431,3019.63
44284,0.2801,0.4669,13.0628,1427,3019.63
44289,-5.4576,-1.0834,12.1817,1431,3019.63
44294,-1.6664,2.7043,7.9763,1450,3019.78
44299,2.818,3.9229,10.0078,1435,3019.78
44304,0.1041,0.3843,13.1322,1431,3019.78
44309,-5.5402,-0.9385,12.0871,1437,3019.78
44314,-1.3767,2.7485,7.9906,1459,3019.78
44319,2.9413,3.9061,10.0556,1435,3019.78
44324,-0.1161,0.249,13.1921,1423,3019.78
44329,-5.691,-0.8128,11.9866,1435,3019.78
44334,-1.136,2.8204,7.9248,1435,3019.63
44339,2.9916,3.893,10.1598,1439,3019.63
44344,-0.2514,0.2334,13.283,1426,3019.63
44349,-5.7329,-0.5794,11.9602,1433,3019.63
44354,-0.8356,2.8671,7.9847,1453,3019.32
44359,3.0358,3.8367,10.2017,1435,3019.32
44364,-0.4441,0.0527,13.2962,1427,3019.32
44369,-5.7808,-0.4705,11.746,1433,3019.32
44374,-0.6069,2.903,7.9368,1445,3019.48
44379,3.1663,3.8487,10.222,1435,3019.48
44384,-0.589,-0.0192,13.4075,1421,3019.48
44389,-5.8718,-0.3041,11.6538,1429,3019.48
44394,-0.3639,2.9832,7.9859,1445,3019.48
44399,3.2142,3.7625,10.2975,1430,3019.48
44404,-0.7314,-0.1508,13.4375,1429,3019.48
44409,-5.8993,-0.1808,11.5029,1432,3019.48
44414,-0.1784,3.0023,7.9559,1445,3019.63
44419,3.2872,3.7457,10.3549,1432,3019.63
44424,-0.8631,-0.243,13.5033,1429,3019.63
44429,-6.0023,-0.0383,11.3856,1433,3019.63
44434,0.1065,2.9868,7.9942,1449,3019.63
44439,3.3842,3.6966,10.3956,1435,3019.63
44444,-1.0391,-0.3831,13.55,1429,3019.63
44449,-6.0322,0.079,11.2539,1431,3019.63
44454,0.2813,3.055,8.0086,1444,3019.93
44459,3.4297,3.6188,10.4962,1433,3019.93
44464,-1.1768,-0.4477,13.6015,1429,3019.93
44469,-6.0968,0.2538,11.0696,1431,3019.93
44474,0.4693,3.0502,8.0026,1437,3019.63
44479,3.474,3.5518,10.568,1432,3019.63
44484,-1.3276,-0.6033,13.6673,1427,3019.63
44489,-6.0861,0.3508,10.9714,1431,3019.63
44494,0.6404,3.0981,8.0864,1435,3019.78
44499,3.5518,3.4836,10.6482,1434,3019.78
44504,-1.4688,-0.6812,13.6458,1431,3019.78
44509,-6.1363,0.5315,10.8026,1431,3019.78
44514,0.8368,3.1388,8.0768,1440,3019.78
44519,3.5937,3.3794,10.7607,1431,3019.78
44524,-1.6328,-0.8547,13.7295,1431,3019.78
44529,-6.1818,0.6823,10.7129,1428,3019.78
44534,0.9469,3.158,8.1822,1438,3019.78
44539,3.6033,3.3016,10.8709,1433,3019.78
44544,-1.8579,-0.9505,13.6613,1431,3019.78
44549,-6.1986,0.8475,10.5333,1429,3019.78
44554,1.148,3.2214,8.2384,1443,3019.63
44559,3.5817,3.2178,10.9463,1431,3019.63
44564,-2.0411,-1.0307,13.7499,1427,3019.63
44569,-6.116,1.0175,10.4579,1435,3019.63
44574,1.2462,3.286,8.2791,1437,3019.32
44579,3.5817,3.1364,11.0564,1431,3019.32
44584,-2.2122,-1.1205,13.6996,1429,3019.32
44589,-6.1327,1.1815,10.2077,1445,3019.32
44594,1.3396,3.3555,8.3701,1437,3019.32
44599,3.5135,3.1077,11.1785,1429,3019.32
44604,-2.3822,-1.2366,13.7224,1425,3019.32
44609,-6.0166,1.2701,10.1047,1437,3019.32
44614,1.4916,3.3399,8.4204,1437,3019.02
44619,3.5039,3.0059,11.2791,1429,3019.02
44624,-2.5486,-1.3372,13.7463,1428,3019.02
44629,-5.9664,1.397,10.0461,1437,3019.02
44634,1.5467,3.4524,8.5258,1439,3018.56
44639,3.4393,2.9066,11.3569,1431,3018.56
44644,-2.6552,-1.3934,13.6685,1429,3018.56
44649,-5.8478,1.5443,9.8581,1436,3018.56
44654,1.6604,3.4716,8.6072,1444,3018.72
44659,3.3938,2.7354,11.4203,1433,3018.72
44664,-2.8024,-1.4281,13.6505,1427,3018.72
44669,-5.7102,1.6508,9.7827,1436,3018.72
44674,1.7178,3.5063,8.6826,1440,3018.72
44679,3.4058,2.721,11.5269,1429,3018.72
44684,-2.964,-1.494,13.6374,1427,3018.72
44689,-5.6539,1.743,9.5864,1431,3018.72
44694,1.8375,3.474,8.7388,1436,3018.87
44699,3.286,2.5546,11.582,1431,3018.87
44704,-3.1687,-1.5957,13.6074,1431,3018.87
44709,-5.5366,1.8543,9.4846,1433,3018.87
44714,1.9082,3.5614,8.7688,1437,3018.87
44719,3.2202,2.4349,11.6586,1433,3018.87
44724,-3.292,-1.64,13.526,1429,3018.87
44729,-5.3439,1.8902,9.3458,1445,3018.87
44734,1.9776,3.541,8.8166,1437,3019.17
44739,3.1232,2.2757,11.7867,1437,3019.17
44744,-3.4081,-1.7011,13.4758,1423,3019.17
44749,-5.199,2.0039,9.2512,1445,3018.87
44754,2.0674,3.6033,8.9854,1429,3018.87
44759,2.9892,2.1308,11.8393,1435,3018.87
44764,-3.5626,-1.7561,13.4351,1427,3018.87
44769,-5.0266,2.0123,9.0573,1459,3018.56
44774,2.1033,3.5997,9.0214,1428,3018.56
44779,2.8515,2.0734,11.9614,1436,3018.56
44784,-3.705,-1.8016,13.3956,1435,3018.56
44789,-4.8423,2.0842,8.9268,1460,3018.87
44794,2.1332,3.6057,9.1063,1429,3018.87
44799,2.6791,1.9249,12.0488,1434,3018.87
44804,-3.9085,-1.8232,13.2794,1435,3018.87
44809,-4.6531,2.1787,8.8992,1459,3018.72
44814,2.1584,3.6571,9.1459,1429,3018.72
44819,2.3978,1.7933,12.1578,1433,3018.72
44824,-4.0223,-1.7837,13.2627,1435,3018.72
44829,-4.3981,2.2051,8.7843,1455,3018.72
44834,2.2182,3.6859,9.2129,1430,3018.72
44839,2.223,1.6783,12.2535,1429,3018.72
44844,-4.1515,-1.7801,13.1765,1437,3018.72
44849,-4.1815,2.2625,8.6263,1453,3018.72
44854,2.235,3.723,9.2955,1435,3018.72
44859,2.0195,1.549,12.3265,1427,3018.72
44864,-4.3359,-1.7358,13.0915,1435,3018.72
44869,-3.9911,2.3703,8.5808,1455,3018.87
44874,2.2625,3.7864,9.3841,1433,3018.87
44879,1.816,1.4473,12.4522,1431,3018.87
44884,-4.4604,-1.7071,13.0544,1431,3018.87
44889,-3.7541,2.4157,8.5126,1439,3019.02
44894,2.3391,3.7673,9.3937,1431,3019.02
44899,1.6328,1.3288,12.4726,1423,3019.02
44904,-4.6627,-1.6197,12.9263,1431,3019.02
44909,-3.5063,2.4672,8.4527,1460,3019.32
44914,2.3679,3.8654,9.505,1432,3019.32
44919,1.4437,1.1983,12.5971,1429,3019.32
44924,-4.7202,-1.5347,12.8485,1431,3019.32
44929,-3.2729,2.5055,8.3462,1459,3019.48
44934,2.4397,3.8654,9.5984,1434,3019.48
44939,1.2617,1.1181,12.6725,1427,3019.48
44944,-4.8231,-1.5263,12.706,1429,3019.48
44949,-2.9832,2.5426,8.2181,1455,3019.48
44954,2.5426,3.9121,9.6738,1434,3019.48
44959,1.0654,0.9744,12.73,1427,3019.48
44964,-4.9141,-1.4425,12.6438,1435,3019.48
44969,-2.6743,2.5522,8.1139,1455,3019.63
44974,2.6252,3.8882,9.6845,1431,3019.63
44979,0.8499,0.8691,12.7743,1429,3019.63
44984,-5.0589,-1.3539,12.5097,1431,3019.63
44989,-2.405,2.5881,8.1044,1451,3019.63
44994,2.6875,3.8906,9.7683,1433,3019.63
44999,0.6524,0.7817,12.9251,1429,3019.63
45004,-5.1332,-1.2653,12.4175,1433,3019.63
45009,-2.1213,2.6456,8.0541,1455,3019.78
45014,2.7378,3.8978,9.8186,1433,3019.78
45019,0.4872,0.589,12.9526,1431,3019.78
45024,-5.2876,-1.1013,12.3218,1431,3019.78
45029,-1.8663,2.6755,8.0744,1453,3019.93
45034,2.8383,3.863,9.9252,1432,3019.93
45039,0.2957,0.5112,13.0137,1431,3019.93
45044,-5.3534,-1.0283,12.1745,1429,3019.93
45049,-1.5658,2.6863,7.9835,1453,3020.08
45054,2.9473,3.8846,9.973,1431,3020.08
45059,0.1544,0.3484,13.1777,1430,3020.08
45064,-5.4612,-0.9158,12.0919,1433,3020.08
45069,-1.3024,2.7605,7.9895,1453,3020.24
45074,2.9532,3.8056,10.0401,1430,3020.24
45079,-0.0994,0.2502,13.1885,1427,3020.24
45084,-5.6443,-0.8152,11.9171,1438,3020.24
45089,-1.0678,2.7593,7.9428,1451,3020.24
45094,3.0047,3.8176,10.0856,1435,3020.24
45099,-0.2059,0.1413,13.2842,1427,3020.24
45104,-5.7413,-0.6764,11.7986,1437,3020.24
45109,-0.7913,2.873,7.9452,1439,3020.39
45114,3.061,3.8199,10.0856,1429,3020.39
45119,-0.4334,0.0838,13.3082,1429,3020.39
45124,-5.8203,-0.5171,11.6789,1433,3020.39
45129,-0.595,2.8551,7.9356,1451,3020.69
45134,3.1137,3.7469,10.246,1432,3020.69
45139,-0.5602,-0.0994,13.4494,1429,3020.69
45144,-5.9221,-0.3519,11.5616,1432,3020.69
45149,-0.3364,2.9113,7.8997,1440,3020.39
45154,3.2298,3.7733,10.2879,1433,3020.39
45159,-0.7829,-0.1832,13.4542,1427,3020.39
45164,-6.013,-0.1784,11.485,1433,3020.39
45169,-0.0646,2.9616,7.9476,1448,3020.69
45174,3.2681,3.717,10.3657,1431,3020.69
45179,-1.0068,-0.2945,13.5105,1429,3020.69
45184,-6.0478,0.0144,11.3246,1431,3020.69
45189,0.1401,3.0011,7.9727,1445,3020.24
45194,3.3495,3.6607,10.4806,1433,3020.24
45199,-1.1073,-0.3843,13.5991,1427,3020.24
45204,-6.0956,0.1867,11.2049,1429,3020.24
45209,0.3388,3.0227,8.0182,1445,3019.93
45214,3.383,3.5793,10.5884,1435,3019.93
45219,-1.3288,-0.5267,13.6589,1431,3019.93
45224,-6.1327,0.3424,11.0049,1432,3019.93
45229,0.4896,3.1256,8.0302,1446,3019.48
45234,3.4453,3.6045,10.647,1436,3019.48
45239,-1.4916,-0.577,13.6781,1423,3019.48
45244,-6.1423,0.5399,10.9223,1432,3019.48
45249,0.7242,3.1268,8.1068,1439,3019.32
45254,3.5231,3.5075,10.7141,1435,3019.32
45259,-1.6089,-0.7326,13.6888,1423,3019.32
45264,-6.1316,0.6452,10.7416,1429,3019.32
45269,0.9062,3.2166,8.1223,1437,3019.02
45274,3.5674,3.4441,10.8661,1431,3019.02
45279,-1.7214,-0.7805,13.7044,1429,3019.02
45284,-6.1028,0.8009,10.6291,1429,3019.02
45289,1.0319,3.2633,8.2061,1435,3018.72
45294,3.5901,3.316,10.8122,1431,3018.72
45299,-1.8483,-0.9433,13.6865,1429,3018.72
45304,-6.1088,0.9002,10.4639,1429,3018.72
45309,1.1444,3.2992,8.2708,1439,3018.72
45314,3.6033,3.2657,10.9702,1432,3018.72
45319,-2.0554,-1.0199,13.7523,1431,3018.72
45324,-6.0525,1.0223,10.3046,1427,3018.72
45329,1.3132,3.2657,8.3139,1439,3018.26
45334,3.6344,3.158,11.0349,1429,3018.26
45339,-2.1392,-1.1372,13.6505,1431,3018.26
45344,-6.0286,1.1624,10.234,1431,3018.26
45349,1.3958,3.298,8.4156,1437,3018.26
45354,3.5877,3.0765,11.1175,1431,3018.26
45359,-2.3343,-1.2067,13.6888,1431,3018.26
45364,-6.0346,1.2977,10.1023,1435,3018.26
45369,1.506,3.3639,8.4324,1443,3018.11
45374,3.5817,2.9604,11.242,1431,3018.11
45379,-2.4588,-1.3324,13.6206,1427,3018.11
45384,-5.9053,1.3384,9.9527,1435,3018.11
45389,1.6077,3.3842,8.5018,1437,3017.96
45394,3.5255,2.8778,11.3198,1431,3017.96
45399,-2.648,-1.4054,13.6673,1429,3017.96
45404,-5.8838,1.5024,9.8031,1440,3017.96
45409,1.6879,3.4153,8.5629,1439,3017.8
45414,3.4632,2.7378,11.3928,1433,3017.8
45419,-2.8096,-1.5359,13.6218,1427,3017.8
45424,-5.7736,1.6209,9.7372,1437,3017.8
45429,1.7705,3.4512,8.6239,1439,3017.8
45434,3.3124,2.624,11.4886,1431,3017.8
45439,-2.9736,-1.5479,13.5823,1433,3017.8
45444,-5.6491,1.7286,9.6187,1436,3017.8
45449,1.8112,3.474,8.7041,1439,3017.5
45454,3.2513,2.5295,11.6131,1435,3017.5
45459,-3.0885,-1.6197,13.5608,1429,3017.5
45464,-5.5438,1.7669,9.505,1431,3017.5
45469,1.8866,3.4895,8.8286,1439,3017.96
45474,3.1915,2.4888,11.6131,1431,3017.96
45479,-3.2645,-1.6424,13.5763,1431,3017.96
45484,-5.4396,1.8794,9.3913,1430,3017.96
45489,1.9609,3.5506,8.8741,1437,3017.8
45494,3.0215,2.3439,11.7627,1435,3017.8
45499,-3.4165,-1.6664,13.5033,1431,3017.8
45504,-5.2517,1.9249,9.232,1432,3017.8
45509,2.0051,3.6057,8.9304,1437,3017.96
45514,2.9485,2.2266,11.8106,1435,3017.96
45519,-3.5913,-1.6735,13.4746,1427,3017.96
45524,-5.0901,2.0782,9.1638,1437,3018.11
45529,2.0506,3.6164,9.0417,1429,3018.11
45534,2.8311,2.1093,11.9171,1435,3018.11
45539,-3.7158,-1.7286,13.3968,1427,3018.11
45544,-4.9009,2.1272,9.0202,1456,3017.96
45549,2.1093,3.6488,9.0178,1431,3017.96
45554,2.7138,1.9764,11.983,1437,3017.96
45559,-3.8439,-1.7454,13.3201,1429,3017.96
45564,-4.7369,2.1883,8.9304,1453,3017.96
45569,2.1691,3.7362,9.2105,1423,3017.96
45574,2.5055,1.8615,12.1566,1433,3017.96
45579,-3.9444,-1.7657,13.2663,1434,3017.96
45584,-4.4939,2.2051,8.7759,1455,3017.8
45589,2.2326,3.7637,9.2452,1429,3017.8
45594,2.3655,1.7119,12.1398,1433,3017.8
45599,-4.0534,-1.7478,13.2447,1433,3017.8
45604,-4.2832,2.2697,8.7209,1451,3017.35
45609,2.2817,3.796,9.2835,1431,3017.35
45614,2.1775,1.6245,12.2511,1429,3017.35
45619,-4.2162,-1.7466,13.0963,1434,3017.35
45624,-4.063,2.3188,8.5856,1439,3017.05
45629,2.3308,3.7445,9.3218,1433,3017.05
45634,1.9573,1.488,12.3361,1429,3017.05
45639,-4.2916,-1.7214,13.0448,1436,3017.05
45644,-3.8295,2.3535,8.5509,1455,3016.89
45649,2.3715,3.7996,9.4451,1432,3016.89
45654,1.7885,1.3827,12.3684,1429,3016.89
45659,-4.4077,-1.7131,12.9443,1435,3016.89
45664,-3.6057,2.3523,8.4204,1459,3016.59
45669,2.4134,3.8092,9.5349,1433,3016.59
45674,1.585,1.2821,12.3996,1431,3016.59
45679,-4.531,-1.6472,12.8916,1432,3016.59
45684,-3.4225,2.4122,8.357,1459,3016.74
45689,2.4062,3.8044,9.5493,1435,3016.74
45694,1.4557,1.1983,12.5181,1425,3016.74
45699,-4.6256,-1.6005,12.7886,1431,3016.74
45704,-3.2166,2.4541,8.2552,1460,3016.59
45709,2.4541,3.7721,9.6618,1432,3016.59
45714,1.2905,1.057,12.5947,1431,3016.59
45719,-4.7633,-1.567,12.7072,1431,3016.59
45724,-2.9856,2.484,8.2169,1449,3017.35
45729,2.478,3.8188,9.6403,1431,3017.35
45734,1.093,0.9433,12.7048,1434,3017.35
45739,-4.8997,-1.4964,12.5827,1431,3017.35
45744,-2.7629,2.5295,8.2145,1453,3017.35
45749,2.5067,3.8379,9.7659,1433,3017.35
45754,0.9397,0.8092,12.7743,1429,3017.35
45759,-5.0266,-1.415,12.4822,1431,3017.35
45764,-2.5091,2.6169,8.1475,1461,3017.5
45769,2.6013,3.875,9.7743,1435,3017.5
45774,0.7398,0.7554,12.7755,1427,3017.5
45779,-5.1463,-1.3455,12.4618,1429,3017.5
45784,-2.2936,2.6635,8.0924,1453,3017.8
45789,2.6695,3.9193,9.8557,1432,3017.8
45794,0.5219,0.6752,12.9227,1427,3017.8
45799,-5.2241,-1.2139,12.372,1432,3017.8
45804,-2.0423,2.6671,8.0302,1453,3017.35
45809,2.7426,3.9085,9.8737,1435,3017.35
45814,0.3699,0.5782,12.9478,1427,3017.35
45819,-5.3594,-1.1061,12.2619,1431,3017.35
45824,-1.8088,2.6995,8.0313,1455,3017.05
45829,2.794,3.893,9.9335,1431,3017.05
45834,0.1664,0.4956,13.0053,1431,3017.05
45839,-5.4037,-0.9457,12.1745,1431,3017.05
45844,-1.5299,2.7533,8.0086,1449,3017.05
45849,2.8635,3.9085,10.009,1432,3017.05
45854,0.0024,0.4322,13.1011,1431,3017.05
45859,-5.4648,-0.8595,12.1123,1427,3017.05
45864,-1.3156,2.6923,7.9847,1447,3016.89
45869,2.9305,3.8738,9.9958,1429,3016.89
45874,-0.1041,0.2646,13.1514,1430,3016.89
45879,-5.5557,-0.7769,11.9351,1431,3016.89
45884,-1.0762,2.7833,7.9547,1453,3016.74
45889,3.0215,3.8702,10.1347,1431,3016.74
45894,-0.255,0.1951,13.2902,1431,3016.74
45899,-5.6036,-0.6404,11.8513,1432,3016.74
45904,-0.8428,2.8683,7.9332,1456,3016.89
45909,3.0682,3.808,10.1694,1434,3016.89
45914,-0.3412,0.097,13.2244,1429,3016.89
45919,-5.6659,-0.5578,11.7352,1433,3016.89
45924,-0.6644,2.885,7.9033,1437,3016.74
45929,3.1328,3.8152,10.1742,1432,3016.74
45934,-0.5291,0.012,13.3285,1429,3016.74
45939,-5.7616,-0.4693,11.6047,1436,3016.74
45944,-0.4669,2.8766,7.8841,1437,3016.59
45949,3.1412,3.7673,10.2963,1433,3016.59
45954,-0.6273,-0.1401,13.3704,1428,3016.59
45959,-5.8275,-0.2909,11.5772,1432,3016.59
45964,-0.2909,2.897,7.9811,1449,3016.14
45969,3.2202,3.7697,10.3609,1435,3016.14
45974,-0.7733,-0.1748,13.441,1435,3016.14
45979,-5.8969,-0.2167,11.4503,1433,3016.14
45984,-0.103,2.879,7.914,1439,3016.89
45989,3.2729,3.6859,10.4363,1433,3016.89
45994,-0.899,-0.2921,13.447,1430,3016.89
45999,-5.9699,-0.0658,11.3006,1433,3016.89
46004,0.0826,2.9628,7.9954,1445,3016.44
46009,3.292,3.7026,10.4698,1432,3016.44
46014,-1.0163,-0.3448,13.4829,1421,3016.44
46019,-6.0142,0.0658,11.1642,1432,3016.44
46024,0.2286,2.9868,8.0361,1447,3016.44
46029,3.3471,3.6152,10.5524,1435,3016.44
46034,-1.221,-0.48,13.5129,1431,3016.44
46039,-6.0657,0.1975,11.1163,1431,3016.44
46044,0.4178,3.0263,8.0936,1446,3016.59
46049,3.3555,3.5769,10.6267,1433,3016.59
46054,-1.324,-0.5555,13.5428,1429,3016.59
46059,-6.0729,0.3519,11.0109,1419,3016.59
46064,0.5495,3.0969,8.0816,1446,3016.29
46069,3.3914,3.5123,10.6877,1431,3016.29
46074,-1.4437,-0.674,13.6302,1429,3016.29
46079,-6.1112,0.5052,10.8972,1431,3016.29
46084,0.7135,3.1556,8.1487,1439,3016.59
46089,3.456,3.5135,10.7835,1434,3016.59
46094,-1.634,-0.7302,13.6553,1429,3016.59
46099,-6.1244,0.6105,10.7859,1432,3016.59
46104,0.8655,3.1927,8.2037,1440,3016.44
46109,3.5015,3.389,10.8086,1433,3016.44
46114,-1.7202,-0.8272,13.7092,1423,3016.44
46119,-6.0956,0.7422,10.6398,1432,3016.44
46124,1.0199,3.2477,8.2217,1443,3016.74
46129,3.5506,3.4165,10.8529,1433,3016.74
46134,-1.8818,-0.9373,13.6793,1427,3016.74
46139,-6.1339,0.8559,10.5776,1429,3016.74
46144,1.1253,3.2382,8.2528,1439,3016.89
46149,3.5446,3.316,10.9571,1433,3016.89
46154,-1.9609,-0.9732,13.6936,1429,3016.89
46159,-6.0681,1.0056,10.4291,1429,3016.89
46164,1.2486,3.2908,8.3043,1439,3016.89
46169,3.6308,3.1999,11.0277,1433,3016.89
46174,-2.0818,-1.0822,13.6781,1429,3016.89
46179,-6.0873,1.0834,10.2819,1427,3016.89
46184,1.3599,3.3016,8.3462,1439,3017.35
46189,3.5997,3.0873,11.0864,1431,3017.35
46194,-2.2194,-1.2067,13.6553,1430,3017.35
46199,-5.94,1.1887,10.1897,1432,3017.35
46204,1.4569,3.3363,8.4372,1443,3017.5
46209,3.614,2.958,11.1474,1432,3017.5
46214,-2.3703,-1.3096,13.6721,1431,3017.5
46219,-5.964,1.3491,9.9946,1433,3017.5
46224,1.5754,3.383,8.4922,1439,3017.65
46229,3.547,2.8838,11.2743,1429,3017.65
46234,-2.4983,-1.415,13.6458,1433,3017.65
46239,-5.8562,1.409,9.8988,1435,3017.65
46244,1.6676,3.3962,8.5114,1439,3017.5
46249,3.5195,2.7904,11.3725,1427,3017.5
46254,-2.7581,-1.4234,13.617,1423,3017.5
46259,-5.7904,1.5455,9.7875,1433,3017.5
46264,1.725,3.4105,8.6203,1437,3017.5
46269,3.4046,2.6432,11.4563,1434,3017.5
46274,-2.8934,-1.5586,13.6194,1427,3017.5
46279,-5.7042,1.6065,9.6774,1435,3017.5
46284,1.7753,3.4405,8.6622,1439,3017.5
46289,3.3339,2.5618,11.5137,1429,3017.5
46294,-3.0706,-1.6161,13.5955,1429,3017.5
46299,-5.6192,1.7466,9.5481,1436,3017.5
46304,1.8447,3.474,8.7125,1439,3017.65
46309,3.213,2.496,11.6238,1433,3017.65
46314,-3.2058,-1.6472,13.5751,1427,3017.65
46319,-5.4947,1.8567,9.4523,1436,3017.65
46324,1.8687,3.5219,8.8885,1438,3017.8
46329,3.1137,2.405,11.74,1433,3017.8
46334,-3.3495,-1.6568,13.5177,1431,3017.8
46339,-5.3211,1.9668,9.3434,1431,3017.8
46344,1.9573,3.571,8.904,1437,3017.8
46349,2.9987,2.308,11.8022,1433,3017.8
46354,-3.4884,-1.7214,13.4399,1432,3017.8
46359,-5.1487,1.9644,9.2141,1433,3017.8
46364,1.986,3.5506,9.0094,1436,3017.8
46369,2.8299,2.1967,11.9602,1433,3017.8
46374,-3.6595,-1.6783,13.3896,1429,3017.8
46379,-5.0278,2.0961,9.0417,1431,3017.8
46384,2.0243,3.6751,9.08,1435,3017.5
46389,2.7509,2.0219,11.9614,1434,3017.5
46394,-3.7912,-1.7478,13.3345,1427,3017.5
46399,-4.8626,2.1177,8.9938,1444,3016.89
46404,2.1093,3.6955,9.0992,1431,3016.89
46409,2.5522,1.9273,12.0165,1435,3016.89
46414,-3.8834,-1.7394,13.3297,1427,3016.89
46419,-4.6196,2.1787,8.8454,1455,3018.11
46424,2.1931,3.7445,9.183,1429,3018.11
46429,2.4648,1.8268,12.1745,1432,3018.11
46434,-4.027,-1.7418,13.2651,1427,3018.11
46439,-4.4448,2.2338,8.764,1453,3017.05
46444,2.2494,3.7505,9.2273,1427,3017.05
46449,2.296,1.6412,12.2116,1433,3017.05
46454,-4.0953,-1.7789,13.131,1433,3017.05
46459,-4.1803,2.2889,8.6826,1459,3017.2
46464,2.2685,3.7457,9.3398,1427,3017.2
46469,2.1213,1.5407,12.2643,1432,3017.2
46474,-4.2318,-1.7466,13.1118,1437,3017.2
46479,-4.0055,2.32,8.6119,1453,3017.05
46484,2.3667,3.7745,9.4128,1427,3017.05
46489,1.992,1.4222,12.3134,1431,3017.05
46494,-4.3311,-1.7789,13.0424,1437,3017.05
46499,-3.7601,2.3834,8.521,1459,3017.2
46504,2.4134,3.7637,9.4751,1433,3017.2
46509,1.7957,1.3024,12.4367,1423,3017.2
46514,-4.4257,-1.7107,12.9,1435,3017.2
46519,-3.5985,2.3631,8.4096,1458,3017.35
46524,2.4193,3.7876,9.4703,1431,3017.35
46529,1.5886,1.2234,12.4714,1430,3017.35
46534,-4.61,-1.7071,12.8401,1437,3017.35
46539,-3.3567,2.4648,8.3857,1460,3017.65
46544,2.4421,3.7792,9.5349,1437,3017.65
46549,1.3623,1.1217,12.5971,1429,3017.65
46554,-4.7968,-1.5981,12.7096,1435,3017.65
46559,-3.122,2.4684,8.2576,1460,3017.96
46564,2.4337,3.7745,9.6079,1433,3017.96
46569,1.2043,0.9792,12.6462,1430,3017.96
46574,-4.8578,-1.5359,12.7324,1429,3017.96
46579,-2.8814,2.5343,8.193,1460,3018.11
46584,2.4852,3.8391,9.6223,1432,3018.11
46589,0.9325,0.8691,12.7192,1432,3018.11
46594,-5.0218,-1.4377,12.6222,1433,3018.11
46599,-2.6217,2.557,8.1199,1453,3018.41
46604,2.5402,3.8714,9.754,1431,3018.41
46609,0.7422,0.7769,12.8593,1428,3018.41
46614,-5.1056,-1.3024,12.5121,1427,3018.41
46619,-2.3499,2.6408,8.0589,1463,3018.26
46624,2.5666,3.9025,9.845,1435,3018.26
46629,0.5638,0.7003,12.9287,1426,3018.26
46634,-5.2397,-1.2198,12.3996,1428,3018.26
46639,-2.1105,2.7043,8.0721,1461,3018.41
46644,2.66,3.9588,9.9108,1437,3018.41
46649,0.3627,0.5914,12.9694,1427,3018.41
46654,-5.357,-1.069,12.3277,1431,3018.41
46659,-1.8483,2.7378,8.005,1455,3018.56
46664,2.7545,3.9313,9.906,1434,3018.56
46669,0.2167,0.4764,13.028,1431,3018.56
46674,-5.3774,-0.9852,12.2655,1430,3018.56
46679,-1.6125,2.715,8.0517,1445,3018.56
46684,2.8695,3.9097,9.9707,1433,3018.56
46689,0.0982,0.4334,13.0831,1433,3018.56
46694,-5.5138,-0.8667,12.1218,1435,3018.56
46699,-1.3084,2.8156,7.9942,1451,3018.41
46704,2.9245,3.9085,10.0329,1436,3018.41
46709,-0.1209,0.2538,13.1549,1433,3018.41
46714,-5.5653,-0.814,11.9471,1431,3018.41
46719,-1.0906,2.8204,7.9057,1452,3018.56
46724,3.0119,3.8666,10.1167,1433,3018.56
46729,-0.243,0.2143,13.2615,1431,3018.56
46734,-5.63,-0.6141,11.8214,1428,3018.56
46739,-0.8344,2.8742,7.8721,1458,3018.72
46744,3.0897,3.8595,10.1658,1431,3018.72
46749,-0.3807,0.0766,13.3094,1435,3018.72
46754,-5.7006,-0.5327,11.74,1433,3018.72
46759,-0.6404,2.8922,7.9236,1447,3018.87
46764,3.1544,3.8056,10.2017,1433,3018.87
46769,-0.5088,-0.0431,13.3716,1427,3018.87
46774,-5.8119,-0.3771,11.5831,1435,3018.87
46779,-0.3627,2.9102,7.9284,1433,3019.02
46784,3.1879,3.735,10.2663,1433,3019.02
46789,-0.6141,-0.1939,13.4662,1428,3019.02
46794,-5.8873,-0.261,11.4622,1437,3019.02
46799,-0.1975,2.9113,7.9284,1449,3019.63
46804,3.2813,3.6727,10.3453,1436,3019.63
46809,-0.7745,-0.2777,13.4231,1428,3019.63
46814,-5.9616,-0.1137,11.3186,1431,3019.63
46819,0.0323,2.97,7.9487,1451,3019.48
46824,3.3459,3.6524,10.3968,1432,3019.48
46829,-0.9529,-0.3891,13.55,1431,3019.48
46834,-6.0657,0.0072,11.242,1433,3019.48
46839,0.2322,3.0107,7.9895,1437,3019.63
46844,3.3674,3.62,10.5022,1433,3019.63
46849,-1.1528,-0.498,13.5751,1427,3019.63
46854,-6.1208,0.2059,11.0552,1431,3019.63
46859,0.4465,3.0837,8.011,1448,3020.08
46864,3.4285,3.5973,10.5692,1432,3020.08
46869,-1.324,-0.5578,13.6374,1429,3020.08
46874,-6.1471,0.3639,11.0181,1432,3020.08
46879,0.5842,3.0969,8.0673,1449,3020.08
46884,3.4453,3.4848,10.6566,1432,3020.08
46889,-1.5407,-0.6859,13.6541,1430,3020.08
46894,-6.1806,0.5375,10.823,1431,3020.08
46899,0.7937,3.1711,8.1487,1449,3020.08
46904,3.4536,3.486,10.811,1433,3020.08
46909,-1.7011,-0.7961,13.6912,1431,3020.08
46914,-6.2201,0.7087,10.7332,1431,3020.08
46919,0.9098,3.1699,8.1535,1445,3020.24
46924,3.5314,3.3459,10.799,1437,3020.24
46929,-1.901,-0.8954,13.7403,1427,3020.24
46934,-6.1639,0.8978,10.5955,1431,3020.24
46939,1.0475,3.2777,8.2253,1438,3020.08
46944,3.5542,3.2741,10.9954,1431,3020.08
46949,-2.0243,-0.9996,13.7882,1423,3020.08
46954,-6.1567,1.0475,10.4579,1431,3020.08
46959,1.2917,3.316,8.2337,1439,3019.93
46964,3.5853,3.1723,11.0672,1434,3019.93
46969,-2.2194,-1.0977,13.7367,1430,3019.93
46974,-6.0753,1.166,10.2987,1431,3019.93
46979,1.4126,3.3351,8.3282,1439,3019.78
46984,3.6176,3.1149,11.1163,1431,3019.78
46989,-2.3403,-1.1779,13.7487,1429,3019.78
46994,-6.0094,1.3096,10.1574,1429,3019.78
46999,1.4521,3.3734,8.4312,1440,3019.93
47004,3.571,2.9449,11.2025,1429,3019.93
47009,-2.4948,-1.3324,13.6853,1430,3019.93
47014,-5.9592,1.4078,10.0018,1431,3019.93
47019,1.5969,3.4453,8.503,1443,3019.93
47024,3.5506,2.8611,11.242,1431,3019.93
47029,-2.6456,-1.3862,13.6948,1431,3019.93
47034,-5.873,1.506,9.8114,1434,3019.93
47039,1.6927,3.4453,8.5988,1445,3021.3
47044,3.4524,2.7114,11.3928,1431,3021.3
47049,-2.806,-1.4868,13.6649,1430,3021.3
47054,-5.7976,1.6568,9.6426,1438,3021.3
47059,1.7837,3.4596,8.6467,1435,3021.6
47064,3.4213,2.6073,11.5556,1429,3021.6
47069,-3.0586,-1.5706,13.6386,1423,3021.6
47074,-5.6348,1.7466,9.5134,1437,3021.6
47079,1.9082,3.4776,8.7173,1439,3021.91
47084,3.3124,2.4217,11.6298,1433,3021.91
47089,-3.2274,-1.64,13.5632,1427,3021.91
47094,-5.4851,1.8423,9.4487,1437,3021.91
47099,1.9896,3.5781,8.8178,1439,3021.3
47104,3.1903,2.332,11.6837,1434,3021.3
47109,-3.401,-1.7178,13.544,1432,3021.3
47114,-5.3056,1.9022,9.2105,1433,3021.3
47119,2.0363,3.5482,8.8897,1439,3020.39
47124,3.043,2.1632,11.7543,1433,3020.39
47129,-3.5757,-1.7442,13.4877,1429,3020.39
47134,-5.0901,2.0303,9.1578,1429,3020.39
47139,2.0865,3.614,8.9567,1436,3020.08
47144,2.8826,2.0722,11.9159,1431,3020.08
47149,-3.7673,-1.8028,13.4399,1427,3020.08
47154,-4.8961,2.0997,8.9735,1432,3020.08
47159,2.1153,3.6488,9.0728,1437,3019.78
47164,2.636,1.9405,12.0476,1435,3019.78
47169,-3.9576,-1.7597,13.2914,1421,3019.78
47174,-4.689,2.1835,8.8969,1432,3019.78
47179,2.1045,3.6643,9.2069,1436,3019.63
47184,2.4193,1.7897,12.1841,1437,3019.63
47189,-4.0247,-1.7873,13.2687,1429,3019.63
47194,-4.4987,2.2266,8.8346,1448,3019.02
47199,2.1883,3.6907,9.2608,1428,3019.02
47204,3.401,2.6432,11.4874,1436,3019.02
47209,-4.1755,-1.7765,13.1657,1423,3019.02
47214,-5.6455,1.7765,9.5972,1459,3019.48
47219,2.2422,3.7445,9.3649,1423,3019.48
47224,3.298,2.5295,11.6334,1433,3019.48
47229,-3.1879,-1.567,13.6769,1433,3019.48
47234,-5.5174,1.8675,9.4727,1453,3019.02
47239,2.2374,3.8008,9.3637,1431,3019.02
47244,3.2154,2.4086,11.6921,1432,3019.02
47249,-3.3315,-1.6412,13.562,1433,3019.02
47254,-5.3953,1.9034,9.3075,1455,3019.17
47259,2.0039,3.5757,8.8538,1433,3019.17
47264,3.1017,2.2589,11.7711,1423,3019.17
47269,-3.4656,-1.6735,13.5153,1438,3019.17
47274,-5.1631,2.0219,9.2153,1451,3018.87
47279,2.059,3.62,8.9483,1431,3018.87
47284,2.9161,2.0626,11.8393,1427,3018.87
47289,-3.5829,-1.7597,13.4518,1433,3018.87
47294,-4.944,2.0327,9.0728,1453,3019.02
47299,2.1201,3.644,9.0561,1437,3019.02
47304,2.7653,2.0351,11.9734,1427,3019.02
47309,-3.7362,-1.7585,13.4446,1433,3019.02
47314,-4.7992,2.1225,8.9028,1440,3019.02
47319,2.1715,3.6512,9.0884,1431,3019.02
47324,2.5977,1.8711,12.0297,1430,3019.02
47329,-3.8942,-1.8364,13.2962,1433,3019.02
47334,-4.5574,2.1811,8.8334,1435,3019.02
47339,2.1931,3.6823,9.1758,1431,3019.02
47344,2.4241,1.7442,12.1458,1431,3019.02
47349,-4.0761,-1.7909,13.2196,1427,3019.02
47354,-4.3551,2.217,8.7352,1449,3019.32
47359,2.2853,3.7014,9.238,1431,3019.32
47364,2.2194,1.5933,12.2224,1429,3019.32
47369,-4.2485,-1.8052,13.1502,1428,3019.32
47374,-4.1228,2.3008,8.6778,1455,3019.63
47379,2.2661,3.7709,9.335,1435,3019.63
47384,2.0255,1.5347,12.2679,1429,3019.63
47389,-4.3539,-1.7561,13.058,1427,3019.63
47394,-3.8954,2.308,8.4982,1461,3019.78
47399,2.3068,3.723,9.4092,1433,3019.78
47404,1.8483,1.3479,12.4091,1431,3019.78
47409,-4.5418,-1.7142,12.9933,1431,3019.78
47414,-3.6428,2.4385,8.4372,1455,3019.48
47419,2.3463,3.8379,9.5181,1433,3019.48
47424,1.5694,1.2737,12.5277,1428,3019.48
47429,-4.6567,-1.6209,12.8473,1431,3019.48
47434,-3.4022,2.4253,8.3318,1451,3019.17
47439,2.3679,3.8271,9.5349,1433,3019.17
47444,1.3408,1.1121,12.6103,1435,3019.17
47449,-4.7776,-1.6316,12.785,1433,3019.17
47454,-3.1328,2.4768,8.321,1455,3019.17
47459,2.4624,3.8798,9.6163,1432,3019.17
47464,1.1815,1.0259,12.6558,1431,3019.17
47469,-4.8483,-1.4676,12.6821,1429,3019.17
47474,-2.8647,2.5546,8.2696,1453,3019.17
47479,2.5007,3.887,9.7288,1433,3019.17
47484,0.9685,0.8727,12.718,1432,3019.17
47489,-4.9572,-1.4377,12.6055,1427,3019.17
47494,-2.6564,2.5845,8.1092,1453,3018.72
47499,2.6049,3.9456,9.6822,1430,3018.72
47504,0.832,0.8475,12.8305,1431,3018.72
47509,-5.1152,-1.3084,12.542,1429,3018.72
47514,-2.3403,2.6276,8.0529,1455,3018.56
47519,2.6767,3.9337,9.8007,1432,3018.56
47524,0.6009,0.7075,12.8593,1427,3018.56
47529,-5.2086,-1.2163,12.4163,1431,3018.56
47534,-2.1129,2.6911,8.0349,1454,3018.56
47539,2.7402,3.9085,9.7827,1434,3018.56
47544,0.4022,0.5902,12.9921,1436,3018.56
47549,-5.2936,-1.0882,12.3254,1435,3018.56
47554,-1.828,2.6791,8.0469,1451,3018.56
47559,2.8455,3.875,9.8988,1433,3018.56
47564,0.2526,0.4417,13.0436,1425,3018.56
47569,-5.357,-1.0032,12.1733,1432,3018.56
47574,-1.5933,2.6995,7.9547,1435,3018.56
47579,2.9102,3.8607,9.9982,1430,3018.56
47584,0.1149,0.3938,13.0927,1421,3018.56
47589,-5.4468,-0.9122,12.0907,1432,3018.56
47594,-1.3168,2.7797,7.9547,1439,3017.8
47599,2.9389,3.8475,10.0114,1434,3017.8
47604,-0.0862,0.2418,13.1932,1429,3017.8
47609,-5.5462,-0.8224,11.9961,1432,3017.8
47614,-1.1133,2.7737,7.92,1443,3019.48
47619,2.9928,3.7924,10.07,1433,3019.48
47624,-0.2155,0.1448,13.2986,1428,3019.48
47629,-5.6539,-0.6752,11.8393,1434,3019.48
47634,-0.8212,2.8323,7.938,1445,3018.56
47639,3.043,3.8283,10.0868,1433,3018.56
47644,-0.3891,0.0431,13.3549,1427,3018.56
47649,-5.7329,-0.5662,11.7507,1431,3018.56
47654,-0.668,2.8874,7.9152,1445,3018.41
47659,3.1328,3.79,10.1897,1433,3018.41
47664,-0.5255,-0.0455,13.4087,1429,3018.41
47669,-5.8275,-0.3998,11.6167,1433,3018.41
47674,-0.3974,2.903,7.9009,1447,3018.56
47679,3.1651,3.7721,10.2544,1435,3018.56
47684,-0.7398,-0.1544,13.4087,1435,3018.56
47689,-5.879,-0.2849,11.5101,1431,3018.56
47694,-0.2083,2.9197,7.9751,1444,3018.56
47699,3.1987,3.7314,10.3561,1435,3018.56
47704,-0.8894,-0.2274,13.4746,1429,3018.56
47709,-6.013,-0.1137,11.3569,1432,3018.56
47714,-0.0024,2.9353,7.9464,1433,3018.56
47719,3.2789,3.6931,10.4459,1429,3018.56
47724,-1.0367,-0.3484,13.5308,1425,3018.56
47729,-6.0609,0.0251,11.2875,1431,3018.56
47734,0.1856,3.0107,8.0242,1435,3018.87
47739,3.3639,3.6763,10.5369,1433,3018.87
47744,-1.1803,-0.4274,13.5871,1431,3018.87
47749,-6.0873,0.1903,11.1438,1429,3018.87
47754,0.3855,3.0694,8.0349,1440,3018.72
47759,3.4129,3.5817,10.6183,1432,3018.72
47764,-1.3132,-0.5638,13.6015,1429,3018.72
47769,-6.1399,0.3926,10.9978,1429,3018.72
47774,0.571,3.1017,8.09,1439,3018.72
47779,3.4824,3.5853,10.6662,1431,3018.72
47784,-1.4928,-0.6488,13.6529,1427,3018.72
47789,-6.1268,0.5674,10.8517,1430,3018.72
47794,0.7302,3.1556,8.1223,1439,3018.56
47799,3.5015,3.4812,10.7536,1427,3018.56
47804,-1.6173,-0.7649,13.6685,1429,3018.56
47809,-6.1363,0.6919,10.7452,1433,3018.56
47814,0.9026,3.2142,8.1271,1443,3018.56
47819,3.5303,3.4093,10.7955,1427,3018.56
47824,-1.7777,-0.8404,13.6996,1429,3018.56
47829,-6.1339,0.8104,10.6578,1435,3018.56
47834,1.0582,3.2573,8.2624,1439,3018.56
47839,3.5362,3.3555,10.8613,1429,3018.56
47844,-1.8914,-0.9673,13.7068,1427,3018.56
47849,-6.0908,0.9242,10.4938,1439,3018.56
47854,1.2067,3.2573,8.2444,1439,3018.87
47859,3.5853,3.2334,10.9822,1431,3018.87
47864,-2.0602,-1.069,13.7164,1427,3018.87
47869,-6.0621,1.0475,10.3394,1439,3018.87
47874,1.2953,3.2968,8.3534,1437,3019.17
47879,3.6009,3.1113,11.0756,1433,3019.17
47884,-2.2039,-1.1217,13.6936,1427,3019.17
47889,-6.0178,1.1815,10.2759,1436,3019.17
47894,1.4198,3.3315,8.4384,1436,3019.48
47899,3.6009,3.0358,11.145,1435,3019.48
47904,-2.3475,-1.227,13.6577,1429,3019.48
47909,-5.9915,1.3084,10.0628,1432,3019.48
47914,1.5538,3.3399,8.4443,1439,3019.93
47919,3.5793,2.9137,11.2539,1428,3019.93
47924,-2.5367,-1.3779,13.6996,1428,3019.93
47929,-5.9364,1.4066,9.9443,1429,3019.93
47934,1.6305,3.4129,8.5629,1438,3019.93
47939,3.5279,2.7952,11.3557,1431,3019.93
47944,-2.7198,-1.4916,13.6649,1429,3019.93
47949,-5.843,1.5838,9.7851,1432,3019.93
47954,1.7729,3.4393,8.5928,1437,3019.63
47959,3.4848,2.6659,11.3832,1433,3019.63
47964,-2.8814,-1.5909,13.6314,1428,3019.63
47969,-5.7042,1.646,9.681,1432,3019.63
47974,1.8148,3.474,8.6981,1429,3019.63
47979,3.3591,2.5654,11.5496,1433,3019.63
47984,-3.1316,-1.658,13.6458,1427,3019.63
47989,-5.5833,1.8016,9.5768,1461,3020.08
47994,1.8483,3.5159,8.7448,1428,3020.08
47999,3.2058,2.4612,11.6526,1436,3020.08
48004,-3.2633,-1.6616,13.5919,1429,3020.08
48009,-5.4743,1.8471,9.4056,1460,3019.78
48014,1.907,3.5087,8.855,1429,3019.78
48019,3.1256,2.3068,11.795,1432,3019.78
48024,-3.4453,-1.6999,13.4674,1433,3019.78
48029,-5.278,1.9776,9.2847,1439,3019.48
48034,2.0279,3.5626,8.9376,1429,3019.48
48039,2.9521,2.2398,11.8465,1431,3019.48
48044,-3.6212,-1.731,13.5248,1435,3019.48
48049,-5.0506,2.0566,9.1925,1439,3020.08
48054,1.9944,3.5829,8.9627,1435,3020.08
48059,2.8,2.0889,11.977,1431,3020.08
48064,-3.7757,-1.7466,13.3884,1435,3020.08
48069,-4.8399,2.1548,9.019,1439,3019.78
48074,2.0842,3.6595,9.0668,1433,3019.78
48079,2.6576,1.962,12.0368,1429,3019.78
48084,-3.9229,-1.8016,13.3537,1433,3019.78
48089,-4.6866,2.1871,8.8873,1461,3020.54
48094,2.1249,3.6919,9.1351,1436,3020.54
48099,2.4517,1.8256,12.1901,1430,3020.54
48104,-4.0462,-1.7346,13.2998,1431,3020.54
48109,-4.4149,2.32,8.7807,1455,3020.54
48114,2.2422,3.7541,9.1877,1433,3020.54
48119,2.2757,1.7095,12.2966,1429,3020.54
48124,-4.1946,-1.7202,13.2244,1431,3020.54
48129,-4.1659,2.2805,8.6167,1456,3020.54
48134,2.2841,3.7397,9.2033,1431,3020.54
48139,2.0949,1.5562,12.4379,1429,3020.54
48144,-4.3874,-1.7382,13.0795,1429,3020.54
48149,-3.881,2.3391,8.4767,1461,3020.54
48154,2.3739,3.7972,9.3398,1436,3020.54
48159,1.8794,1.482,12.536,1428,3020.54
48164,-4.4879,-1.6951,12.9993,1427,3020.54
48169,-3.6691,2.3882,8.4192,1461,3020.39
48174,2.4397,3.784,9.3625,1435,3020.39
48179,1.6807,1.3216,12.6031,1429,3020.39
48184,-4.622,-1.6664,12.8796,1431,3020.39
48189,-3.4034,2.4229,8.3187,1455,3020.24
48194,2.4792,3.7936,9.402,1433,3020.24
48199,1.4557,1.2151,12.785,1427,3020.24
48204,-4.7441,-1.5957,12.8557,1431,3020.24
48209,-3.1376,2.46,8.2181,1453,3020.08
48214,2.5307,3.7649,9.4499,1432,3020.08
48219,1.1983,1.0666,12.8652,1431,3020.08
48224,-4.877,-1.5323,12.7216,1431,3020.08
48229,-2.8216,2.4684,8.0768,1454,3020.54
48234,2.5989,3.7936,9.5301,1431,3020.54
48239,0.9816,0.9924,13.0137,1432,3020.54
48244,-4.9752,-1.4581,12.5947,1428,3020.54
48249,-2.5271,2.5331,7.9619,1455,3020.69
48254,2.6707,3.7517,9.5553,1431,3020.69
48259,0.7685,0.8212,13.1011,1433,3020.69
48264,-5.132,-1.3982,12.5348,1429,3020.69
48269,-2.2517,2.5594,7.9703,1451,3020.84
48274,2.6779,3.8415,9.663,1431,3020.84
48279,0.4118,0.7673,13.1059,1428,3020.84
48284,-5.2277,-1.2462,12.3828,1430,3020.84
48289,-1.98,2.5798,7.8195,1450,3020.84
48294,2.7809,3.8523,9.7767,1431,3020.84
48299,0.2682,0.6129,13.2339,1427,3020.84
48304,-5.3415,-1.0918,12.3541,1435,3020.84
48309,-1.7322,2.5833,7.8685,1436,3020.69
48314,2.8778,3.8583,9.8246,1431,3020.69
48319,0.1125,0.5351,13.3046,1422,3020.69
48324,-5.5138,-0.9852,12.1458,1435,3020.69
48329,-1.47,2.6336,7.8063,1455,3021.3
48334,2.909,3.8235,9.9467,1435,3021.3
48339,-0.1281,0.4034,13.4243,1427,3021.3
48344,-5.6312,-0.8559,12.0345,1433,3021.3
48349,-1.1648,2.7402,7.7919,1451,3020.84
48354,3.0107,3.8954,10.1047,1437,3020.84
48359,-0.3663,0.31,13.4422,1423,3020.84
48364,-5.6479,-0.6716,11.91,1433,3020.84
48369,-0.8823,2.7438,7.7141,1447,3020.39
48374,3.1184,3.8523,10.1418,1431,3020.39
48379,-0.5363,0.1975,13.55,1419,3020.39
48384,-5.7377,-0.492,11.7711,1432,3020.39
48389,-0.6393,2.8264,7.7189,1449,3020.24
48394,3.2046,3.8595,10.1933,1431,3020.24
48399,-0.6907,0.0587,13.623,1431,3020.24
48404,-5.8694,-0.3579,11.6574,1437,3020.24
48409,-0.401,2.8276,7.7835,1445,3020.08
48414,3.2537,3.8188,10.2963,1435,3020.08
48419,-0.8691,-0.0168,13.629,1429,3020.08
48424,-5.8299,-0.1951,11.5317,1431,3020.08
48429,-0.182,2.8874,7.7656,1447,3020.08
48434,3.3184,3.7433,10.398,1433,3020.08
48439,-0.9589,-0.1245,13.6577,1429,3020.08
48444,-5.8945,-0.0419,11.3377,1431,3020.08
48449,0.0563,2.9209,7.7668,1440,3020.08
48454,3.4273,3.7074,10.5082,1433,3020.08
48459,-1.1157,-0.2586,13.6541,1423,3020.08
48464,-5.9412,0.103,11.1905,1431,3020.08
48469,0.2622,2.9042,7.7644,1439,3019.93
48474,3.4931,3.638,10.6039,1429,3019.93
48479,-1.2234,-0.3795,13.7248,1431,3019.93
48484,-5.9951,0.231,11.06,1435,3019.93
48489,0.504,2.9796,7.7764,1439,3020.54
48494,3.547,3.5733,10.6291,1433,3020.54
48499,-1.409,-0.5471,13.7511,1429,3020.54
48504,-6.0011,0.3831,10.9152,1432,3020.54
48509,0.6931,2.9604,7.8087,1439,3020.69
48514,3.6093,3.4979,10.8493,1431,3020.69
48519,-1.5562,-0.6345,13.7475,1432,3020.69
48524,-6.0657,0.5243,10.7907,1433,3020.69
48529,0.8368,3.0454,7.8937,1445,3020.69
48534,3.6188,3.4512,10.8816,1429,3020.69
48539,-1.7202,-0.7578,13.7643,1433,3020.69
48544,-6.1004,0.6381,10.6111,1432,3020.69
48549,1.0092,3.0897,7.9787,1443,3020.69
48554,3.5913,3.3555,10.9966,1431,3020.69
48559,-1.9297,-0.9038,13.793,1431,3020.69
48564,-6.0609,0.8392,10.4926,1435,3020.69
48569,1.1887,3.1077,8.017,1443,3020.54
48574,3.6536,3.2729,11.084,1433,3020.54
48579,-2.1416,-1.0343,13.8576,1428,3020.54
48584,-6.0765,1.0139,10.3705,1437,3020.54
48589,1.2893,3.158,8.0529,1440,3020.39
48594,3.6045,3.1963,11.2743,1427,3020.39
48599,-2.3367,-1.0762,13.7978,1429,3020.39
48604,-6.0442,1.1947,10.2268,1439,3020.39
48609,1.4329,3.2238,8.1678,1439,3020.39
48614,3.5626,3.0646,11.3485,1431,3020.39
48619,-2.4828,-1.1911,13.7798,1423,3020.39
48624,-5.9699,1.3012,10.0377,1437,3020.39
48629,1.482,3.2968,8.2253,1439,3020.24
48634,3.5362,3.0478,11.4754,1431,3020.24
48639,-2.6624,-1.3024,13.8086,1429,3020.24
48644,-5.8861,1.4305,9.9276,1429,3020.24
48649,1.6161,3.3124,8.2887,1443,3019.93
48654,3.4728,2.8647,11.546,1431,3019.93
48659,-2.8635,-1.4054,13.7714,1431,3019.93
48664,-5.7664,1.6041,9.7971,1431,3019.93
48669,1.7035,3.3555,8.3869,1440,3020.24
48674,3.371,2.8156,11.7017,1433,3020.24
48679,-2.9844,-1.4593,13.7655,1431,3020.24
48684,-5.6036,1.7107,9.6582,1431,3020.24
48689,1.8232,3.401,8.4922,1435,3020.08
48694,3.3411,2.6827,11.8333,1435,3020.08
48699,-3.1975,-1.5036,13.6769,1428,3020.08
48704,-5.5055,1.7765,9.5158,1433,3020.08
48709,1.8771,3.3938,8.5222,1445,3020.08
48714,3.2382,2.5331,11.8345,1437,3020.08
48719,-3.2813,-1.5586,13.6278,1426,3020.08
48724,-5.3642,1.8483,9.2811,1461,3020.39
48729,1.9417,3.456,8.6227,1429,3020.39
48734,3.1053,2.4289,11.965,1435,3020.39
48739,-3.4884,-1.5742,13.5883,1433,3020.39
48744,-5.217,1.9225,9.1758,1462,3020.69
48749,2.0387,3.4752,8.7149,1428,3020.69
48754,2.9796,2.2649,12.0285,1435,3020.69
48759,-3.6871,-1.6783,13.544,1433,3020.69
48764,-5.0087,2.0518,9.007,1445,3021.0
48769,2.1201,3.541,8.7556,1429,3021.0
48774,2.806,2.1476,12.1961,1432,3021.0
48779,-3.7637,-1.7202,13.4806,1433,3021.0
48784,-4.7716,2.0411,8.9076,1443,3020.84
48789,2.2027,3.5865,8.8262,1433,3020.84
48794,2.7019,1.9728,12.2547,1430,3020.84
48799,-3.9552,-1.7789,13.2986,1436,3020.84
48804,-4.5825,2.1548,8.7233,1453,3020.84
48809,2.2254,3.6129,9.007,1432,3020.84
48814,2.3954,1.8316,12.3577,1429,3020.84
48819,-4.0989,-1.8064,13.277,1437,3020.84
48824,-4.3072,2.1656,8.6143,1460,3020.84
48829,2.3116,3.6799,9.0261,1435,3020.84
48834,2.2625,1.6807,12.481,1427,3020.84
48839,-4.1958,-1.731,13.1765,1435,3020.84
48844,-4.0857,2.2793,8.5509,1449,3020.84
48849,2.3655,3.6751,9.1159,1432,3020.84
48854,1.9716,1.5969,12.5791,1429,3020.84
48859,-4.3551,-1.7633,13.1023,1437,3020.84
48864,-3.7792,2.308,8.3629,1461,3020.84
48869,2.3631,3.6787,9.2225,1421,3020.84
48874,1.7154,1.4485,12.6522,1430,3020.84
48879,-4.5562,-1.725,12.9754,1427,3020.84
48884,-3.571,2.3906,8.3234,1460,3021.15
48889,2.4205,3.7792,9.3541,1433,3021.15
48894,1.4533,1.3348,12.7779,1431,3021.15
48899,-4.6795,-1.6209,12.8521,1427,3021.15
48904,-3.3315,2.393,8.2109,1461,3021.3
48909,2.4816,3.7649,9.4427,1437,3021.3
48914,1.2582,1.1779,12.8473,1431,3021.3
48919,-4.8542,-1.5754,12.8257,1432,3021.3
48924,-3.0466,2.4948,8.1511,1459,3021.15
48929,2.5307,3.8092,9.5014,1431,3021.15
48934,1.0259,1.0558,12.9167,1427,3021.15
48939,-4.9907,-1.5083,12.712,1432,3021.15
48944,-2.7438,2.5175,8.0409,1452,3021.6
48949,2.569,3.814,9.5816,1432,3021.6
48954,0.8188,0.9146,13.0364,1434,3021.6
48959,-5.1236,-1.4126,12.6198,1433,3021.6
48964,-2.3942,2.5762,7.9703,1454,3022.06
48969,2.6923,3.8666,9.6977,1431,3022.06
48974,0.571,0.8033,13.0939,1431,3022.06
48979,-5.199,-1.2689,12.4929,1429,3022.06
48984,-2.1261,2.5486,7.9224,1453,3022.37
48989,2.7665,3.8762,9.8186,1431,3022.37
48994,0.395,0.6943,13.1597,1431,3022.37
48999,-5.3115,-1.1684,12.3684,1429,3022.37
49004,-1.8352,2.6528,7.8111,1459,3022.67
49009,2.8898,3.8954,9.7755,1433,3022.67
49014,0.1592,0.5734,13.2687,1427,3022.67
49019,-5.4456,-1.0032,12.299,1437,3022.67
49024,-1.5311,2.6288,7.8614,1455,3023.13
49029,2.9928,3.869,9.9527,1433,3023.13
49034,-0.0886,0.4453,13.313,1427,3023.13
49039,-5.5701,-0.8811,12.0811,1435,3023.13
49044,-1.2091,2.7066,7.7824,1439,3022.82
49049,3.1364,3.8714,9.9563,1434,3022.82
49054,-0.2813,0.3196,13.4662,1423,3022.82
49059,-5.6994,-0.6704,11.995,1427,3022.82
49064,-0.8775,2.7366,7.7189,1453,3023.89
49069,3.1975,3.8367,10.0556,1433,3023.89
49074,-0.5112,0.1784,13.4901,1426,3023.89
49079,-5.7126,-0.5351,11.8142,1435,3023.89
49084,-0.6045,2.8024,7.7081,1445,3023.58
49089,3.2992,3.8176,10.2053,1430,3023.58
49094,-0.674,0.0395,13.5727,1431,3023.58
49099,-5.8131,-0.3807,11.631,1433,3023.58
49104,-0.3148,2.7988,7.7345,1447,3023.89
49109,3.383,3.7888,10.2783,1431,3023.89
49114,-0.8296,-0.0946,13.6469,1431,3023.89
49119,-5.879,-0.2155,11.4575,1433,3023.89
49124,0.0036,2.8623,7.7081,1446,3024.19
49129,3.4488,3.735,10.3896,1437,3024.19
49134,-0.9984,-0.2777,13.6888,1431,3024.19
49139,-5.958,-0.0347,11.3042,1431,3024.19
49144,0.2227,2.8886,7.6758,1447,3024.5
49149,3.5326,3.6344,10.5297,1435,3024.5
49154,-1.2246,-0.3639,13.787,1427,3024.5
49159,-6.0573,0.146,11.1043,1431,3024.5
49164,0.4788,2.9628,7.7417,1443,3024.96
49169,3.5374,3.5805,10.6303,1433,3024.96
49174,-1.4593,-0.5219,13.7906,1429,3024.96
49179,-6.1232,0.346,11.0014,1433,3024.96
49184,0.68,2.9951,7.7979,1443,3024.96
49189,3.6176,3.535,10.756,1431,3024.96
49194,-1.6305,-0.674,13.8074,1429,3024.96
49199,-6.1375,0.5578,10.7907,1431,3024.96
49204,0.8871,3.0694,7.8578,1445,3024.8
49209,3.6512,3.48,10.9463,1432,3024.8
49214,-1.9106,-0.8416,13.8672,1431,3024.8
49219,-6.1782,0.7434,10.5967,1433,3024.8
49224,1.075,3.0706,7.8961,1444,3024.8
49229,3.6643,3.3028,11.0852,1433,3024.8
49234,-2.0961,-0.9038,13.8588,1432,3024.8
49239,-6.122,0.9577,10.4902,1438,3024.8
49244,1.233,3.1352,8.0325,1445,3024.96
49249,3.6452,3.2406,11.1642,1431,3024.96
49254,-2.314,-1.1001,13.8361,1429,3024.96
49259,-6.122,1.1612,10.3011,1435,3024.96
49264,1.3862,3.2465,8.1044,1437,3025.26
49269,3.6895,3.1364,11.327,1433,3025.26
49274,-2.5762,-1.2498,13.8145,1425,3025.26
49279,-5.9819,1.3455,10.1311,1439,3025.26
49284,1.561,3.3016,8.1822,1438,3024.8
49289,3.5925,3.0059,11.4754,1434,3024.8
49294,-2.7677,-1.336,13.8205,1425,3024.8
49299,-5.8873,1.4784,9.9,1437,3024.8
49304,1.6412,3.31,8.2432,1440,3024.8
49309,3.5195,2.8479,11.5987,1433,3024.8
49314,-2.9604,-1.4401,13.7295,1431,3024.8
49319,-5.788,1.5718,9.7013,1429,3024.8
49324,1.7549,3.3782,8.3677,1447,3025.11
49329,3.4285,2.7438,11.7663,1431,3025.11
49334,-3.2094,-1.4641,13.8145,1429,3025.11
49339,-5.6132,1.7394,9.5972,1429,3025.11
49344,1.8352,3.4441,8.5018,1435,3025.26
49349,3.316,2.551,11.8022,1436,3025.26
49354,-3.3315,-1.5718,13.6673,1427,3025.26
49359,-5.4181,1.8579,9.3577,1446,3024.8
49364,1.9573,3.4285,8.6371,1429,3024.8
49369,3.225,2.4169,11.9638,1433,3024.8
49374,-3.5829,-1.6939,13.6074,1423,3024.8
49379,-5.2134,1.98,9.1363,1449,3025.26
49384,2.0937,3.48,8.5509,1431,3025.26
49389,3.061,2.2422,12.1314,1435,3025.26
49394,-3.7757,-1.7083,13.5715,1431,3025.26
49399,-4.9488,2.0794,9.0692,1461,3024.8
49404,2.1189,3.6045,8.8298,1429,3024.8
49409,2.7438,2.0889,12.2882,1432,3024.8
49414,-3.8882,-1.7645,13.4159,1431,3024.8
49419,-4.6627,2.1703,8.8226,1439,3024.8
49424,2.2553,3.6021,8.8166,1433,3024.8
49429,2.569,1.9118,12.4475,1430,3024.8
49434,-4.0749,-1.7753,13.3884,1437,3024.8
49439,-4.4017,2.2206,8.7448,1446,3024.35
49444,2.3152,3.6691,8.9435,1435,3024.35
49449,2.2889,1.7514,12.487,1428,3024.35
49454,-4.2748,-1.731,13.2507,1437,3024.35
49459,-4.112,2.2541,8.5449,1460,3024.96
49464,2.3403,3.6643,9.0297,1433,3024.96
49469,2.0219,1.5993,12.6354,1429,3024.96
49474,-4.4508,-1.7526,13.1442,1431,3024.96
49479,-3.7876,2.3104,8.3606,1437,3024.04
49484,2.4349,3.7014,9.1063,1432,3024.04
49489,1.7298,1.4641,12.7407,1428,3024.04
49494,-4.561,-1.6879,13.0424,1427,3024.04
49499,-3.4764,2.3667,8.3402,1461,3021.76
49504,2.4744,3.7194,9.2859,1435,3021.76
49509,1.4605,1.2917,12.8078,1427,3021.76
49514,-4.707,-1.6305,12.8976,1429,3021.76
49519,-3.2082,2.3894,8.1535,1463,3022.67
49524,2.5031,3.79,9.335,1439,3022.67
49529,1.2163,1.1492,12.9119,1429,3022.67
49534,-4.8447,-1.5443,12.8174,1429,3022.67
49539,-2.9054,2.4648,8.163,1455,3021.3
49544,2.545,3.8056,9.4774,1437,3021.3
49549,0.9948,1.0223,13.0041,1429,3021.3
49554,-4.9668,-1.4928,12.6617,1429,3021.3
49559,-2.654,2.4924,7.9883,1455,3021.15
49564,2.6264,3.7816,9.584,1433,3021.15
49569,0.8009,0.8823,13.052,1433,3021.15
49574,-5.1439,-1.3862,12.5241,1431,3021.15
49579,-2.3391,2.5929,7.9452,1453,3021.0
49584,2.6827,3.8188,9.6115,1435,3021.0
49589,0.5339,0.7721,13.1166,1433,3021.0
49594,-5.2194,-1.2881,12.4032,1427,3021.0
49599,-2.1069,2.5798,7.8673,1455,3020.54
49604,2.7282,3.8666,9.8055,1434,3020.54
49609,0.3424,0.6812,13.2483,1433,3020.54
49614,-5.3786,-1.1253,12.3601,1428,3020.54
49619,-1.7992,2.6276,7.8709,1452,3020.08
49624,2.8539,3.8846,9.7851,1423,3020.08
49629,0.1257,0.577,13.2351,1433,3020.08
49634,-5.4552,-1.0235,12.1913,1433,3020.08
49639,-1.561,2.6516,7.8697,1459,3019.63
49644,2.897,3.8642,9.9491,1433,3019.63
49649,-0.0646,0.4597,13.392,1429,3019.63
49654,-5.5318,-0.8679,12.074,1437,3019.63
49659,-1.2797,2.6612,7.8183,1459,3019.48
49664,3.0203,3.8499,9.9335,1435,3019.48
49669,-0.2382,0.3232,13.3932,1431,3019.48
49674,-5.6192,-0.7482,12.0524,1437,3019.48
49679,-1.0666,2.7461,7.8434,1453,3019.32
49684,3.0347,3.8211,10.0497,1431,3019.32
49689,-0.4477,0.2729,13.4243,1421,3019.32
49694,-5.6635,-0.5962,11.7867,1433,3019.32
49699,-0.8045,2.7857,7.7764,1431,3019.48
49704,3.1615,3.8463,10.1646,1433,3019.48
49709,-0.5519,0.1556,13.5548,1429,3019.48
49714,-5.7521,-0.4752,11.7388,1435,3019.48
49719,-0.5387,2.8024,7.7656,1445,3019.63
49724,3.2537,3.8403,10.1754,1436,3019.63
49729,-0.7183,0.0012,13.55,1427,3019.63
49734,-5.7844,-0.3292,11.5867,1429,3019.63
49739,-0.3208,2.8922,7.7345,1446,3019.78
49744,3.316,3.7996,10.3214,1433,3019.78
49749,-0.8547,-0.0634,13.6721,1431,3019.78
49754,-5.8395,-0.2227,11.479,1433,3019.78
49759,-0.0802,2.8479,7.7321,1445,3020.08
49764,3.3651,3.7098,10.4112,1431,3020.08
49769,-0.9804,-0.2035,13.6517,1427,3020.08
49774,-5.9568,-0.0251,11.3042,1429,3020.08
49779,0.1472,2.9413,7.7704,1449,3020.39
49784,3.4477,3.6751,10.5836,1436,3020.39
49789,-1.1528,-0.3184,13.7714,1429,3020.39
49794,-5.9675,0.0706,11.1534,1427,3020.39
49799,0.3148,2.9173,7.7393,1445,3020.39
49804,3.4991,3.6093,10.586,1433,3020.39
49809,-1.3204,-0.4573,13.7152,1431,3020.39
49814,-6.0729,0.2634,11.0361,1431,3020.39
49819,0.4836,2.9844,7.7967,1440,3020.54
49824,3.5398,3.565,10.7248,1431,3020.54
49829,-1.5,-0.577,13.7595,1427,3020.54
49834,-6.0992,0.4238,10.8972,1431,3020.54
49839,0.7266,2.9868,7.8614,1439,3020.39
49844,3.5698,3.4608,10.835,1433,3020.39
49849,-1.6436,-0.7183,13.7559,1430,3020.39
49854,-6.1304,0.5686,10.7751,1430,3020.39
49859,0.8727,3.0801,7.908,1437,3020.54
49864,3.5925,3.4177,10.9762,1433,3020.54
49869,-1.8471,-0.8464,13.811,1430,3020.54
49874,-6.1016,0.741,10.5752,1425,3020.54
49879,1.0187,3.1017,7.9823,1437,3020.24
49884,3.6332,3.3375,11.0648,1432,3020.24
49889,-2.0446,-0.9254,13.8181,1431,3020.24
49894,-6.0693,0.9481,10.4543,1427,3020.24
49899,1.1827,3.1639,8.0433,1439,3019.63
49904,3.5805,3.3004,11.1594,1431,3019.63
49909,-2.1979,-1.0367,13.805,1431,3019.63
49914,-6.043,1.0702,10.3214,1433,3019.63
49919,1.3228,3.2118,8.0744,1444,3019.32
49924,3.5949,3.225,11.2516,1432,3019.32
49929,-2.4098,-1.1528,13.8469,1428,3019.32
49934,-6.031,1.2306,10.1574,1438,3019.32
49939,1.4305,3.2705,8.1918,1439,3019.63
49944,3.5135,3.0801,11.3749,1429,3019.63
49949,-2.5259,-1.1744,13.8624,1429,3019.63
49954,-5.8885,1.3527,10.0724,1439,3019.63
49959,1.5143,3.3255,8.3127,1439,3019.63
49964,3.5303,2.9999,11.4814,1433,3019.63
49969,-2.7162,-1.2689,13.8313,1427,3019.63
49974,-5.8742,1.4557,9.9264,1435,3019.63
49979,1.6376,3.3279,8.321,1439,3019.93
49984,3.5303,2.8838,11.5293,1431,3019.93
49989,-2.8599,-1.3695,13.7164,1421,3019.93
49994,-5.7796,1.5969,9.7995,1436,3019.93
49999,1.7514,3.3603,8.4443,1438,3020.08
50004,3.474,2.7773,11.6921,1434,3020.08
50009,-2.9796,-1.4796,13.6984,1426,3020.08
50014,-5.6228,1.6688,9.5972,1435,3020.08
50019,1.8459,3.4309,8.3905,1439,3020.24
50024,3.3914,2.6624,11.7567,1429,3020.24
50029,-3.134,-1.5443,13.6553,1429,3020.24
50034,-5.515,1.7801,9.4355,1428,3020.24
50039,1.9345,3.4644,8.5329,1437,3020.24
50044,3.2549,2.4756,11.874,1433,3020.24
50049,-3.292,-1.6269,13.6051,1431,3020.24
50054,-5.3642,1.822,9.3015,1431,3020.24
50059,2.0004,3.5087,8.6419,1435,3020.69
50064,3.1232,2.3715,11.9698,1436,3020.69
50069,-3.4309,-1.6712,13.6086,1431,3020.69
50074,-5.1427,1.913,9.2153,1436,3020.54
50079,2.1201,3.5039,8.685,1431,3020.54
50084,3.0191,2.2374,12.0596,1435,3020.54
50089,-3.6464,-1.7669,13.4997,1429,3020.54
50094,-4.9979,1.9992,8.989,1455,3020.69
50099,2.1129,3.5015,8.752,1428,3020.69
50104,2.7952,2.1225,12.1877,1437,3020.69
50109,-3.7828,-1.749,13.4518,1429,3020.69
50114,-4.7393,2.0339,8.8825,1447,3021.0
50119,2.1225,3.4943,8.8214,1429,3021.0
50124,2.5929,1.9166,12.2799,1433,3021.0
50129,-4.0031,-1.7933,13.3429,1435,3021.0
50134,-4.5598,2.1668,8.746,1455,3021.15
50139,2.2027,3.6093,8.9735,1428,3021.15
50144,2.3499,1.804,12.3804,1431,3021.15
50149,-4.1013,-1.798,13.2902,1437,3021.15
50154,-4.3155,2.1823,8.6371,1445,3021.3
50159,2.2326,3.5985,9.0046,1433,3021.3
50164,2.1548,1.6604,12.4929,1428,3021.3
50169,-4.2976,-1.8004,13.1956,1437,3021.3
50174,-4.0618,2.2745,8.5114,1451,3021.76
50179,2.2757,3.6859,9.1279,1433,3021.76
50184,1.8926,1.5921,12.5779,1422,3021.76
50189,-4.4831,-1.7035,13.064,1434,3021.76
50194,-3.8367,2.3619,8.4084,1446,3022.06
50199,2.3331,3.6931,9.1686,1435,3022.06
50204,1.6197,1.3898,12.7324,1431,3022.06
50209,-4.6256,-1.7083,13.0304,1429,3022.06
50214,-3.5111,2.4565,8.272,1443,3022.52
50219,2.4157,3.8152,9.3278,1432,3022.52
50224,1.3791,1.2977,12.8377,1431,3022.52
50229,-4.7621,-1.5969,12.9071,1431,3022.52
50234,-3.2154,2.4217,8.175,1449,3022.52
50239,2.5091,3.8379,9.4164,1431,3022.52
50244,1.1504,1.1289,12.9059,1431,3022.52
50249,-4.8902,-1.5167,12.7922,1431,3022.52
50254,-2.9078,2.5187,8.102,1455,3021.76
50259,2.5857,3.8894,9.4487,1437,3021.76
50264,0.8703,1.0475,13.0077,1427,3021.76
50269,-5.0123,-1.4234,12.6845,1423,3021.76
50274,-2.5941,2.5283,7.9787,1456,3021.76
50279,2.7031,3.893,9.5972,1433,3021.76
50284,0.7458,0.911,13.0604,1426,3021.76
50289,-5.1308,-1.3384,12.6031,1431,3021.76
50294,-2.3128,2.5678,7.9212,1454,3021.6
50299,2.7749,3.8942,9.6091,1432,3021.6
50304,0.4645,0.7709,13.1286,1435,3021.6
50309,-5.211,-1.1971,12.4355,1433,3021.6
50314,-2.0207,2.5881,7.9045,1454,3021.3
50319,2.8192,3.8463,9.7695,1435,3021.3
50324,0.3124,0.6632,13.2184,1431,3021.3
50329,-5.2936,-1.1205,12.2835,1432,3021.3
50334,-1.7107,2.6384,7.8326,1452,3021.3
50339,2.9532,3.8798,9.8342,1429,3021.3
50344,0.1221,0.571,13.2328,1433,3021.3
50349,-5.3953,-0.9589,12.1649,1429,3021.3
50354,-1.4234,2.63,7.7524,1459,3021.6
50359,3.0239,3.8379,9.9168,1431,3021.6
50364,-0.097,0.3735,13.3154,1428,3021.6
50369,-5.4875,-0.8811,11.9842,1433,3021.6
50374,-1.1708,2.6971,7.7009,1443,3021.76
50379,3.1029,3.8367,9.9503,1433,3021.76
50384,-0.2454,0.2729,13.4147,1428,3021.76
50389,-5.5952,-0.6728,11.9064,1435,3021.76
50394,-0.8607,2.7581,7.7572,1443,3022.06
50399,3.1903,3.7649,10.0616,1433,3022.06
50404,-0.4717,0.1377,13.5213,1423,3022.06
50409,-5.7066,-0.5962,11.7627,1435,3022.06
50414,-0.6189,2.7617,7.7009,1449,3022.21
50419,3.2441,3.7876,10.173,1433,3022.21
50424,-0.5854,0.0204,13.5344,1427,3022.21
50429,-5.855,-0.4142,11.631,1435,3022.21
50434,-0.31,2.812,7.7153,1439,3021.6
50439,3.3387,3.7493,10.2687,1433,3021.6
50444,-0.8152,-0.1377,13.6051,1429,3021.6
50449,-5.9496,-0.2574,11.467,1447,3021.6
50454,-0.0994,2.8503,7.7476,1446,3023.13
50459,3.3986,3.7373,10.386,1435,3023.13
50464,-1.0247,-0.2203,13.6745,1431,3023.13
50469,-6.0717,-0.0874,11.4108,1433,3023.13
50474,0.1269,2.8946,7.7213,1447,3023.13
50479,3.4417,3.7062,10.4627,1432,3023.13
50484,-1.251,-0.3579,13.7188,1429,3023.13
50489,-6.0849,0.1508,11.2108,1434,3023.13
50494,0.3639,2.9401,7.8147,1447,3022.97
50499,3.4632,3.626,10.6039,1431,3022.97
50504,-1.4413,-0.4657,13.8122,1432,3022.97
50509,-6.1507,0.3867,11.0492,1430,3022.97
50514,0.5519,3.0203,7.8829,1447,3022.97
50519,3.5303,3.5829,10.7667,1433,3022.97
50524,-1.6448,-0.6404,13.7846,1427,3022.97
50529,-6.1543,0.5267,10.902,1432,3022.97
50534,0.7889,3.0382,7.8925,1439,3022.67
50539,3.5925,3.5027,10.9176,1433,3022.67
50544,-1.8364,-0.7183,13.8253,1425,3022.67
50549,-6.1327,0.7793,10.7404,1432,3022.67
50554,0.984,3.1208,7.8817,1437,3023.13
50559,3.6212,3.4117,10.9451,1431,3023.13
50564,-1.9944,-0.8571,13.8217,1431,3023.13
50569,-6.0813,0.9074,10.6386,1421,3023.13
50574,1.1121,3.1879,7.9954,1446,3023.58
50579,3.6883,3.3327,11.1354,1430,3023.58
50584,-2.1775,-0.9397,13.8696,1432,3023.58
50589,-6.092,1.0534,10.337,1427,3023.58
50594,1.3443,3.2154,8.0325,1437,3023.43
50599,3.6799,3.1903,11.2312,1431,3023.43
50604,-2.3523,-1.1133,13.8361,1427,3023.43
50609,-6.0094,1.2007,10.1957,1435,3023.43
50614,1.47,3.2741,8.1092,1439,3023.58
50619,3.6835,3.0885,11.3653,1431,3023.58
50624,-2.5091,-1.1899,13.7786,1431,3023.58
50629,-5.928,1.3982,9.9802,1435,3023.58
50634,1.6101,3.2693,8.1594,1437,3023.43
50639,3.6859,2.9664,11.4874,1431,3023.43
50644,-2.7126,-1.33,13.7571,1428,3023.43
50649,-5.8275,1.482,9.8904,1439,3023.43
50654,1.7142,3.3519,8.3007,1439,3023.74
50659,3.5913,2.8347,11.6023,1432,3023.74
50664,-2.9018,-1.4401,13.6912,1428,3023.74
50669,-5.703,1.6221,9.6271,1437,3023.74
50674,1.8447,3.377,8.3558,1439,3023.89
50679,3.4512,2.63,11.7076,1432,3023.89
50684,-3.1388,-1.5945,13.6805,1427,3023.89
50689,-5.5653,1.6987,9.4834,1426,3023.89
50694,1.9285,3.4129,8.4432,1443,3023.13
50699,3.3375,2.5223,11.8872,1427,3023.13
50704,-3.304,-1.6628,13.6481,1427,3023.13
50709,-5.357,1.7921,9.3266,1429,3023.13
50714,1.9836,3.4153,8.5365,1436,3022.67
50719,3.1436,2.3571,11.9674,1433,3022.67
50724,-3.4752,-1.6903,13.5691,1432,3022.67
50729,-5.1535,1.9441,9.1794,1431,3022.67
50734,2.1021,3.4692,8.6407,1436,3022.82
50739,2.9892,2.2422,12.0883,1435,3022.82
50744,-3.699,-1.7801,13.459,1427,3022.82
50749,-4.9524,2.0207,8.9866,1437,3023.28
50754,2.1368,3.5398,8.7915,1431,3023.28
50759,2.7318,2.0554,12.238,1437,3023.28
50764,-3.8846,-1.8052,13.4638,1427,3023.28
50769,-4.725,2.0626,8.8514,1463,3023.13
50774,2.1608,3.6069,8.9076,1427,3023.13
50779,2.5438,1.9453,12.3086,1437,3023.13
50784,-4.0773,-1.7813,13.3824,1431,3023.13
50789,-4.4975,2.1775,8.7724,1459,3023.58
50794,2.1883,3.6344,9.0501,1429,3023.58
50799,2.2685,1.7801,12.5049,1433,3023.58
50804,-4.2329,-1.7609,13.289,1435,3023.58
50809,-4.2389,2.2781,8.5533,1434,3023.28
50814,2.2494,3.6571,9.0453,1433,3023.28
50819,2.0135,1.6604,12.5971,1432,3023.28
50824,-4.4532,-1.7154,13.1849,1437,3023.28
50829,-3.9768,2.3248,8.515,1446,3022.67
50834,2.2936,3.7098,9.147,1434,3022.67
50839,1.7561,1.4676,12.7192,1427,3022.67
50844,-4.5969,-1.7131,13.0604,1436,3022.67
50849,-3.6356,2.4181,8.3534,1459,3023.89
50854,2.4193,3.7912,9.2476,1432,3023.89
50859,1.5131,1.3767,12.7479,1429,3023.89
50864,-4.7214,-1.5814,12.9682,1431,3023.89
50869,-3.3327,2.4612,8.2516,1440,3023.43
50874,2.4852,3.881,9.3194,1432,3023.43
50879,1.2689,1.1756,12.9012,1431,3023.43
50884,-4.8638,-1.5622,12.8353,1431,3023.43
50889,-3.0071,2.5055,8.1187,1455,3022.97
50894,2.6312,3.8906,9.3996,1433,3022.97
50899,1.0451,1.0965,12.9897,1428,3022.97
50904,-4.9692,-1.4246,12.7336,1429,3022.97
50909,-2.6504,2.5414,8.0242,1463,3023.28
50914,2.6911,3.9073,9.4834,1432,3023.28
50919,0.7446,0.9038,13.0185,1428,3023.28
50924,-5.0925,-1.3671,12.6103,1429,3023.28
50929,-2.3727,2.5726,7.9787,1459,3023.58
50934,2.7713,3.893,9.5792,1435,3023.58
50939,0.5746,0.8344,13.1478,1427,3023.58
50944,-5.2301,-1.2306,12.469,1429,3023.58
50949,-2.0255,2.6276,7.8697,1461,3024.5
50954,2.9006,3.8547,9.6474,1429,3024.5
50959,0.3005,0.674,13.2375,1433,3024.5
50964,-5.3283,-1.1169,12.2966,1431,3024.5
50969,-1.6807,2.6181,7.8219,1449,3025.11
50974,2.9724,3.8618,9.7659,1433,3025.11
50979,0.0718,0.516,13.3668,1433,3025.11
50984,-5.4815,-0.923,12.1661,1429,3025.11
50989,-1.3551,2.6552,7.7452,1455,3025.41
50994,3.0909,3.8475,9.8857,1429,3025.41
50999,-0.1018,0.3591,13.3824,1423,3025.41
51004,-5.6599,-0.8116,12.0009,1431,3025.41
51009,-1.0343,2.6923,7.7464,1459,3025.11
51014,3.1376,3.814,9.9623,1431,3025.11
51019,-0.3519,0.2251,13.4734,1430,3025.11
51024,-5.7245,-0.662,11.8561,1433,3025.11
51029,-0.741,2.7892,7.7428,1443,3025.11
51034,3.2465,3.7972,10.0664,1431,3025.11
51039,-0.5028,0.0515,13.5464,1423,3025.11
51044,-5.8323,-0.4992,11.7148,1436,3025.11
51049,-0.4381,2.7821,7.7393,1451,3024.96
51054,3.3076,3.7721,10.2268,1434,3024.96
51059,-0.7661,-0.091,13.5823,1421,3024.96
51064,-5.9448,-0.243,11.5257,1433,3024.96
51069,-0.1101,2.8671,7.7452,1439,3024.96
51074,3.3986,3.7577,10.3585,1432,3024.96
51079,-0.9661,-0.2298,13.6888,1423,3024.96
51084,-6.0346,-0.0479,11.394,1432,3024.96
51089,0.1173,2.9102,7.7512,1445,3025.11
51094,3.4536,3.6595,10.4375,1432,3025.11
51099,-1.1875,-0.34,13.7391,1427,3025.11
51104,-6.0968,0.1448,11.1785,1432,3025.11
51109,0.3388,2.9592,7.7919,1447,3024.5
51114,3.4943,3.6069,10.6231,1433,3024.5
51119,-1.403,-0.4405,13.7834,1427,3024.5
51124,-6.1304,0.3519,11.0828,1431,3024.5
51129,0.5363,2.9999,7.8554,1449,3023.43
51134,3.5566,3.5087,10.7105,1433,3023.43
51139,-1.5742,-0.6021,13.7451,1430,3023.43
51144,-6.1148,0.5555,10.8637,1432,3023.43
51149,0.7434,3.0514,7.9248,1439,3022.52
51154,3.5853,3.4991,10.896,1435,3022.52
51159,-1.7968,-0.7697,13.8756,1423,3022.52
51164,-6.1363,0.7147,10.7248,1431,3022.52
51169,0.9325,3.1017,7.914,1439,3022.21
51174,3.6464,3.3627,10.9355,1431,3022.21
51179,-1.9285,-0.8787,13.8014,1427,3022.21
51184,-6.128,0.8835,10.5716,1431,3022.21
51189,1.1253,3.1843,8.0194,1453,3022.21
51194,3.6595,3.3028,11.0648,1429,3022.21
51199,-2.1045,-0.9325,13.8397,1432,3022.21
51204,-6.0837,1.0499,10.4016,1433,3022.21
51209,1.3036,3.1855,8.0481,1440,3022.06
51214,3.6883,3.2202,11.1594,1433,3022.06
51219,-2.3343,-1.0965,13.8816,1432,3022.06
51224,-6.049,1.1756,10.228,1430,3022.06
51229,1.4617,3.3076,8.1511,1445,3023.58
51234,3.6691,3.1484,11.3054,1427,3023.58
51239,-2.5091,-1.1983,13.8672,1431,3023.58
51244,-5.946,1.3372,10.0736,1434,3023.58
51249,1.5897,3.2693,8.2408,1445,3023.28
51254,3.6619,2.9772,11.4311,1429,3023.28
51259,-2.7342,-1.3024,13.799,1427,3023.28
51264,-5.843,1.4581,9.9144,1439,3023.28
51269,1.7023,3.3375,8.2851,1437,3024.35
51274,3.5949,2.8754,11.5927,1429,3024.35
51279,-2.9102,-1.3982,13.7116,1422,3024.35
51284,-5.7257,1.5874,9.6953,1437,3024.35
51289,1.7921,3.371,8.3833,1440,3024.65
51294,3.4608,2.66,11.7124,1433,3024.65
51299,-3.0789,-1.5263,13.7248,1425,3024.65
51304,-5.5342,1.7214,9.4739,1435,3024.65
51309,1.9034,3.4153,8.4432,1443,3024.5
51314,3.3435,2.5319,11.8238,1433,3024.5
51319,-3.3136,-1.6376,13.6781,1429,3024.5
51324,-5.381,1.8543,9.3003,1431,3024.5
51329,2.0004,3.4764,8.588,1444,3023.13
51334,3.1292,2.3152,12.0249,1429,3023.13
51339,-3.4441,-1.6759,13.6039,1430,3023.13
51344,-5.1535,1.9201,9.1494,1421,3023.13
51349,2.0375,3.5338,8.6838,1437,3021.45
51354,3.0131,2.2889,12.1254,1435,3021.45
51359,-3.6715,-1.7502,13.4997,1429,3021.45
51364,-4.9704,1.9764,9.0585,1431,3021.45
51369,2.1129,3.5099,8.7209,1437,3020.54
51374,2.7509,2.0985,12.1757,1432,3020.54
51379,-3.7661,-1.7478,13.4231,1427,3020.54
51384,-4.7525,2.0506,8.8633,1438,3019.78
51389,2.1883,3.5781,8.9052,1429,3019.78
51394,2.5355,1.9908,12.2631,1439,3019.78
51399,-3.9337,-1.7909,13.3584,1427,3019.78
51404,-4.5753,2.1009,8.8095,1447,3019.48
51409,2.1943,3.5925,8.9483,1429,3019.48
51414,2.3331,1.8687,12.3014,1433,3019.48
51419,-4.0642,-1.7873,13.2926,1431,3019.48
51424,-4.3515,2.1907,8.6754,1451,3019.02
51429,2.2374,3.6236,9.0465,1429,3019.02
51434,2.1883,1.7897,12.4283,1433,3019.02
51439,-4.2389,-1.7142,13.2136,1432,3019.02
51444,-4.1456,2.2422,8.6024,1449,3018.72
51449,2.2122,3.6512,9.1542,1431,3018.72
51454,1.9585,1.6149,12.5265,1430,3018.72
51459,-4.3622,-1.7669,13.0688,1437,3018.72
51464,-3.9109,2.3164,8.4647,1440,3019.02
51469,2.3224,3.7062,9.2273,1433,3019.02
51474,1.7178,1.5323,12.6318,1431,3019.02
51479,-4.4496,-1.719,13.0891,1439,3019.02
51484,-3.6679,2.3846,8.4132,1447,3018.87
51489,2.3463,3.7541,9.3386,1433,3018.87
51494,1.5646,1.3922,12.6809,1429,3018.87
51499,-4.5454,-1.6735,12.9155,1437,3018.87
51504,-3.4285,2.4038,8.272,1463,3019.48
51509,2.4277,3.8319,9.4056,1451,3019.48
51514,1.3048,1.2486,12.7779,1429,3019.48
51519,-4.7573,-1.6173,12.8988,1437,3019.48
51524,-3.1532,2.4636,8.1906,1455,3019.48
51529,2.4972,3.8307,9.4152,1435,3019.48
51534,1.1037,1.1301,12.8437,1431,3019.48
51539,-4.8554,-1.5359,12.7814,1429,3019.48
51544,-2.8575,2.496,8.102,1461,3020.24
51549,2.6061,3.8846,9.5265,1429,3020.24
51554,0.929,1.0894,12.949,1429,3020.24
51559,-4.9512,-1.4401,12.7036,1431,3020.24
51564,-2.6109,2.5127,8.0397,1461,3020.39
51569,2.7354,3.8738,9.5732,1435,3020.39
51574,0.656,0.923,13.04,1431,3020.39
51579,-5.0781,-1.3372,12.6031,1429,3020.39
51584,-2.3607,2.5355,7.9344,1461,3021.15
51589,2.7845,3.893,9.6546,1435,3021.15
51594,0.5531,0.7841,13.1071,1427,3021.15
51599,-5.1607,-1.2498,12.4259,1431,3021.15
51604,-2.0159,2.5845,7.8614,1459,3021.15
51609,2.8323,3.8199,9.7097,1433,3021.15
51614,0.3124,0.6357,13.198,1429,3021.15
51619,-5.3127,-1.136,12.3457,1431,3021.15
51624,-1.7334,2.6061,7.7788,1455,3020.54
51629,2.909,3.8391,9.7995,1435,3020.54
51634,0.1089,0.5363,13.2567,1433,3020.54
51639,-5.3331,-1.0056,12.22,1434,3020.54
51644,-1.5,2.6695,7.8243,1455,3019.78
51649,2.964,3.8247,9.8869,1433,3019.78
51654,-0.0227,0.4262,13.3728,1435,3019.78
51659,-5.4468,-0.8918,12.074,1433,3019.78
51664,-1.2067,2.6695,7.7728,1455,3019.48
51669,3.0418,3.881,9.985,1432,3019.48
51674,-0.2514,0.3112,13.3872,1432,3019.48
51679,-5.5486,-0.7602,11.9542,1427,3019.48
51684,-0.9816,2.7126,7.75,1453,3019.48
51689,3.067,3.8391,10.0736,1429,3019.48
51694,-0.3855,0.1963,13.4315,1432,3019.48
51699,-5.6719,-0.6608,11.7986,1433,3019.48
51704,-0.7374,2.7126,7.7141,1455,3019.63
51709,3.1544,3.8199,10.1478,1431,3019.63
51714,-0.5255,0.1269,13.4817,1429,3019.63
51719,-5.7461,-0.4776,11.6442,1434,3019.63
51724,-0.4705,2.7749,7.7536,1451,3019.63
51729,3.2334,3.802,10.2651,1433,3019.63
51734,-0.7638,0.006,13.5691,1428,3019.63
51739,-5.8395,-0.3376,11.5855,1437,3019.63
51744,-0.3304,2.8383,7.7692,1447,3019.63
51749,3.231,3.7242,10.3501,1435,3019.63
51754,-0.8715,-0.1425,13.5763,1429,3019.63
51759,-5.9472,-0.1772,11.4515,1433,3019.63
51764,-0.0742,2.909,7.8183,1449,3019.48
51769,3.2753,3.7326,10.4794,1439,3019.48
51774,-1.0582,-0.2358,13.6326,1424,3019.48
51779,-6.0154,0.006,11.2683,1430,3019.48
51784,0.1353,2.8886,7.7776,1443,3019.32
51789,3.3902,3.7038,10.5644,1429,3019.32
51794,-1.245,-0.3591,13.6996,1427,3019.32
51799,-6.0418,0.1963,11.212,1431,3019.32
51804,0.3065,2.9844,7.8147,1439,3019.17
51809,3.4081,3.6715,10.6207,1431,3019.17
51814,-1.3731,-0.4561,13.6853,1429,3019.17
51819,-6.098,0.3005,11.0145,1429,3019.17
51824,0.5148,3.0191,7.8027,1447,3019.17
51829,3.5063,3.5817,10.6961,1429,3019.17
51834,-1.5107,-0.5411,13.7738,1428,3019.17
51839,-6.0537,0.5207,11.0026,1430,3019.17
51844,0.7195,3.0765,7.9021,1445,3019.02
51849,3.553,3.5686,10.7847,1432,3019.02
51854,-1.6807,-0.6476,13.7786,1431,3019.02
51859,-6.049,0.5734,10.7619,1431,3019.02
51864,0.8499,3.1316,7.9176,1447,3018.87
51869,3.6045,3.4644,10.8804,1433,3018.87
51874,-1.8124,-0.7446,13.7858,1429,3018.87
51879,-6.0669,0.8056,10.6829,1431,3018.87
51884,1.008,3.0957,7.9691,1439,3018.72
51889,3.6488,3.3686,10.9966,1433,3018.72
51894,-1.9261,-0.8739,13.7978,1423,3018.72
51899,-6.0178,0.8823,10.5117,1432,3018.72
51904,1.1157,3.1603,8.0457,1436,3018.56
51909,3.6691,3.2717,11.0971,1433,3018.56
51914,-2.0219,-0.9816,13.7463,1427,3018.56
51919,-6.0106,1.0259,10.3154,1429,3018.56
51924,1.3312,3.1819,8.0278,1443,3018.87
51929,3.638,3.1687,11.1989,1433,3018.87
51934,-2.1943,-1.0882,13.7798,1428,3018.87
51939,-5.9412,1.0726,10.1909,1431,3018.87
51944,1.3815,3.2346,8.1211,1439,3018.87
51949,3.62,3.0885,11.321,1432,3018.87
51954,-2.3774,-1.2055,13.7391,1429,3018.87
51959,-5.9101,1.2402,10.0712,1431,3018.87
51964,1.5143,3.2226,8.1798,1439,3019.32
51969,3.626,2.9832,11.406,1431,3019.32
51974,-2.5833,-1.3264,13.7726,1431,3019.32
51979,-5.879,1.3539,9.918,1431,3019.32
51984,1.6041,3.2394,8.2229,1439,3019.32
51989,3.541,2.903,11.5197,1429,3019.32
51994,-2.7354,-1.3767,13.6769,1433,3019.32
51999,-5.7652,1.476,9.7396,1437,3019.32
52004,1.7083,3.3303,8.3582,1440,3019.02
52009,3.4728,2.812,11.6071,1431,3019.02
52014,-2.8898,-1.5215,13.7164,1429,3019.02
52019,-5.6778,1.5706,9.6642,1436,3019.02
52024,1.7813,3.3387,8.4228,1435,3018.72
52029,3.3495,2.6959,11.7256,1431,3018.72
52034,-3.0849,-1.5407,13.6769,1427,3018.72
52039,-5.5534,1.7035,9.56,1435,3018.72
52044,1.8639,3.383,8.5198,1436,3018.56
52049,3.1927,2.6109,11.7986,1431,3018.56
52054,-3.2501,-1.6257,13.6601,1427,3018.56
52059,-5.4564,1.7789,9.4367,1439,3018.56
52064,1.907,3.4524,8.6084,1438,3018.41
52069,3.1149,2.5199,11.9147,1433,3018.41
52074,-3.4189,-1.6185,13.556,1426,3018.41
52079,-5.3056,1.8926,9.2548,1436,3018.41
52084,1.9393,3.4632,8.6598,1435,3018.11
52089,2.9497,2.3822,12.0213,1432,3018.11
52094,-3.5207,-1.6843,13.5488,1427,3018.11
52099,-5.1164,1.9992,9.2117,1436,3018.11
52104,2.0303,3.5446,8.7652,1440,3017.96
52109,2.8335,2.2314,12.1087,1431,3017.96
52114,-3.6488,-1.7071,13.4518,1420,3017.96
52119,-4.9524,2.0578,9.0609,1427,3017.96
52124,2.077,3.5733,8.91,1438,3018.41
52129,2.6899,2.1488,12.226,1432,3018.41
52134,-3.7816,-1.731,13.4446,1427,3018.41
52139,-4.7573,2.083,8.9256,1429,3018.41
52144,2.1512,3.5997,8.8813,1435,3017.96
52149,2.5582,2.0387,12.2332,1414,3017.96
52154,-3.8583,-1.7059,13.362,1423,3017.96
52159,-4.561,2.1799,8.8274,2135,3016.89
52164,2.2039,3.6248,8.9795,1431,3016.89
52169,2.4134,1.8735,12.3242,1435,3016.89
52174,-3.9899,-1.7238,13.2423,1429,3016.89
52179,-4.3646,2.2158,8.7329,1449,3017.65
52184,2.2817,3.6356,9.0884,1432,3017.65
52189,2.2817,1.725,12.4606,1435,3017.65
52194,-4.0917,-1.7933,13.2052,1427,3017.65
52199,-4.1719,2.2649,8.594,1462,3018.26
52204,2.3296,3.6799,9.1219,1429,3018.26
52209,2.0734,1.7107,12.4427,1433,3018.26
52214,-4.221,-1.7837,13.1394,1433,3018.26
52219,-3.9528,2.2326,8.4994,1455,3017.5
52224,2.3224,3.6727,9.2057,1429,3017.5
52229,1.895,1.5419,12.5504,1434,3017.5
52234,-4.3682,-1.7454,13.0436,1435,3017.5
52239,-3.7373,2.3655,8.4216,1454,3017.65
52244,2.3715,3.7074,9.2189,1433,3017.65
52249,1.6759,1.4222,12.6965,1433,3017.65
52254,-4.4831,-1.7154,12.973,1437,3017.65
52259,-3.4979,2.3391,8.2935,1448,3017.2
52264,2.381,3.7026,9.3326,1431,3017.2
52269,1.4186,1.2833,12.7862,1430,3017.2
52274,-3.5973,-1.7334,13.4806,1435,3017.2
52279,-3.2573,2.4409,8.2396,1460,3017.65
52284,2.4481,3.7625,9.396,1436,3017.65
52289,2.7078,2.1835,12.1685,1432,3017.65
52294,-3.7362,-1.7214,13.4015,1435,3017.65
52299,-4.8518,2.0722,8.9543,1459,3017.5
52304,2.1069,3.5482,8.9124,1435,3017.5
52309,2.5007,2.0351,12.2487,1431,3017.5
52314,-3.8607,-1.7346,13.4027,1432,3017.5
52319,-4.6244,2.1356,8.8526,1462,3017.65
52324,2.144,3.6164,8.9675,1433,3017.65
52329,2.4098,1.9908,12.3433,1433,3017.65
52334,-4.0163,-1.7394,13.2962,1431,3017.65
52339,-4.4448,2.1991,8.7855,1459,3017.35
52344,2.2051,3.6392,9.0357,1432,3017.35
52349,2.2194,1.7945,12.4068,1431,3017.35
52354,-4.1276,-1.7442,13.2064,1429,3017.35
52359,-4.2425,2.247,8.6048,1449,3018.56
52364,2.3008,3.6835,9.1099,1435,3018.56
52369,2.0865,1.7334,12.4558,1431,3018.56
52374,-4.2473,-1.737,13.1525,1429,3018.56
52379,-4.0211,2.2793,8.5234,1459,3018.41
52384,2.387,3.729,9.1363,1435,3018.41
52389,1.9237,1.5694,12.5301,1427,3018.41
52394,-4.3239,-1.737,13.0137,1444,3018.41
52399,-3.7733,2.3535,8.4216,1456,3018.41
52404,2.4026,3.7338,9.3051,1433,3018.41
52409,1.7442,1.488,12.6988,1427,3018.41
52414,-4.4604,-1.6747,13.0101,1430,3018.41
52419,-3.5602,2.3475,8.3342,1455,3018.26
52424,2.478,3.7385,9.3087,1434,3018.26
52429,1.5155,1.3264,12.7084,1428,3018.26
52434,-4.5657,-1.7274,12.8593,1432,3018.26
52439,-3.3016,2.4157,8.2145,1459,3018.26
52444,2.5127,3.7385,9.4068,1433,3018.26
52449,1.3348,1.227,12.8054,1432,3018.26
52454,-4.6663,-1.6185,12.7407,1431,3018.26
52459,-3.0514,2.4002,8.1499,1453,3018.41
52464,2.5043,3.7326,9.4786,1433,3018.41
52469,1.1193,1.063,12.8772,1432,3018.41
52474,-4.7716,-1.5957,12.6809,1429,3018.41
52479,-2.8802,2.4565,8.1211,1455,3018.26
52484,2.5821,3.7924,9.5744,1433,3018.26
52489,0.9038,1.0259,12.9706,1430,3018.26
52494,-4.9584,-1.482,12.6234,1431,3018.26
52499,-2.6025,2.5043,8.0098,1459,3018.26
52504,2.6037,3.8223,9.6043,1433,3018.26
52509,0.6859,0.8523,13.0304,1428,3018.26
52514,-5.0625,-1.3994,12.5169,1429,3018.26
52519,-2.3535,2.5331,8.0313,1455,3018.26
52524,2.6504,3.8774,9.6881,1435,3018.26
52529,0.5614,0.7985,13.1023,1431,3018.26
52534,-5.2122,-1.2881,12.4259,1434,3018.26
52539,-2.1045,2.557,7.932,1451,3018.26
52544,2.7294,3.8235,9.7516,1435,3018.26
52549,0.2873,0.6524,13.2136,1429,3018.26
52554,-5.3187,-1.1875,12.3325,1437,3018.26
52559,-1.9094,2.6468,7.9523,1451,3018.87
52564,2.7916,3.8954,9.8162,1433,3018.87
52569,0.1161,0.5914,13.2028,1427,3018.87
52574,-5.448,-1.0307,12.1877,1434,3018.87
52579,-1.5993,2.63,7.8542,1443,3018.72
52584,2.8635,3.8379,9.8641,1435,3018.72
52589,0.006,0.4836,13.3812,1427,3018.72
52594,-5.539,-0.9313,12.153,1432,3018.72
52599,-1.3803,2.7186,7.8386,1444,3020.24
52604,2.9916,3.8966,9.9443,1435,3020.24
52609,-0.2083,0.3903,13.3872,1425,3020.24
52614,-5.6096,-0.7793,11.971,1433,3020.24
52619,-1.1025,2.739,7.78,1447,3019.78
52624,3.0059,3.8607,10.0688,1433,3019.78
52629,-0.3771,0.2693,13.5081,1429,3019.78
52634,-5.679,-0.6177,11.8944,1431,3019.78
52639,-0.8523,2.7928,7.8159,1448,3019.63
52644,3.1735,3.8367,10.0197,1433,3019.63
52649,-0.5447,0.1844,13.5572,1432,3019.63
52654,-5.7509,-0.4764,11.7651,1431,3019.63
52659,-0.595,2.7892,7.7704,1447,3019.78
52664,3.1591,3.8235,10.2556,1435,3019.78
52669,-0.7219,0.0515,13.6314,1431,3019.78
52674,-5.788,-0.3376,11.6047,1433,3019.78
52679,-0.3651,2.8407,7.6986,1445,3019.93
52684,3.3579,3.7565,10.2855,1453,3019.93
52689,-0.832,-0.0826,13.6326,1430,3019.93
52694,-5.8646,-0.1951,11.5005,1431,3019.93
52699,-0.0778,2.8946,7.7728,1444,3020.08
52704,3.3722,3.7517,10.3932,1435,3020.08
52709,-0.99,-0.2191,13.6912,1426,3020.08
52714,-5.8921,-0.1018,11.3365,1432,3020.08
52719,0.0994,2.9341,7.7716,1438,3020.39
52724,3.4477,3.6583,10.5141,1431,3020.39
52729,-1.0965,-0.3232,13.7295,1431,3020.39
52734,-5.9675,0.085,11.2839,1431,3020.39
52739,0.2993,2.9209,7.8195,1438,3020.39
52744,3.4943,3.6129,10.5596,1433,3020.39
52749,-1.2582,-0.4082,13.7703,1431,3020.39
52754,-5.9939,0.2502,11.0373,1427,3020.39
52759,0.5148,2.9772,7.8374,1439,3020.39
52764,3.5015,3.559,10.665,1431,3020.39
52769,-1.4246,-0.5926,13.7894,1431,3020.39
52774,-6.0633,0.3891,10.9726,1428,3020.39
52779,0.7015,3.0227,7.8566,1433,3020.69
52784,3.5769,3.5111,10.7739,1429,3020.69
52789,-1.6053,-0.662,13.7786,1432,3020.69
52794,-6.128,0.5411,10.7536,1433,3020.69
52799,0.838,3.061,7.9308,1444,3020.84
52804,3.5793,3.4165,10.9008,1427,3020.84
52809,-1.7849,-0.759,13.8193,1431,3020.84
52814,-6.11,0.7721,10.6458,1435,3020.84
52819,0.9912,3.1065,8.023,1439,3020.39
52824,3.5602,3.3291,10.999,1427,3020.39
52829,-1.9585,-0.8751,13.8253,1429,3020.39
52834,-6.098,0.9062,10.4615,1437,3020.39
52839,1.1313,3.1915,8.0756,1437,3020.24
52844,3.5829,3.2896,11.0708,1432,3020.24
52849,-2.1751,-1.0463,13.8313,1427,3020.24
52854,-6.1088,1.0846,10.3896,1437,3020.24
52859,1.312,3.1999,8.1367,1440,3019.78
52864,3.5985,3.1603,11.1666,1433,3019.78
52869,-2.32,-1.136,13.8062,1426,3019.78
52874,-6.0154,1.2091,10.1754,1435,3019.78
52879,1.3946,3.2896,8.2001,1437,3019.48
52884,3.5398,3.0909,11.2731,1431,3019.48
52889,-2.4888,-1.1851,13.8157,1429,3019.48
52894,-5.9616,1.312,10.0413,1433,3019.48
52899,1.5455,3.2693,8.1942,1446,3018.87
52904,3.5207,2.9832,11.4191,1429,3018.87
52909,-2.6707,-1.3168,13.7954,1427,3018.87
52914,-5.8586,1.4341,9.9599,1428,3018.87
52919,1.5742,3.3555,8.3582,1443,3018.26
52924,3.4524,2.9125,11.5484,1433,3018.26
52929,-2.8228,-1.3934,13.7463,1429,3018.26
52934,-5.7593,1.549,9.7911,1433,3018.26
52939,1.6604,3.3483,8.4168,1437,3018.11
52944,3.4141,2.7641,11.5532,1437,3018.11
52949,-2.9389,-1.4581,13.7714,1429,3018.11
52954,-5.6395,1.6316,9.6726,1433,3018.11
52959,1.7837,3.3854,8.4396,1447,3017.96
52964,3.3351,2.7198,11.7232,1439,3017.96
52969,-3.0969,-1.4808,13.6422,1427,3017.96
52974,-5.5222,1.7262,9.5684,1440,3017.2
52979,1.8483,3.4153,8.582,1431,3017.2
52984,3.2118,2.5654,11.8381,1437,3017.2
52989,-3.2034,-1.5658,13.6434,1430,3017.2
52994,-5.3379,1.7933,9.4248,1455,3018.41
52999,1.9082,3.4488,8.6227,1427,3018.41
53004,3.1675,2.4481,11.8597,1431,3018.41
53009,-3.3387,-1.6113,13.5979,1432,3018.41
53014,-5.2625,1.883,9.2488,1455,3018.11
53019,1.9752,3.5123,8.7149,1426,3018.11
53024,3.0143,2.3224,11.9961,1433,3018.11
53029,-3.4572,-1.67,13.5105,1431,3018.11
53034,-5.0865,1.9764,9.0788,1454,3017.96
53039,2.053,3.5159,8.7412,1429,3017.96
53044,2.9054,2.217,12.1039,1431,3017.96
53049,-3.6105,-1.7418,13.4578,1435,3017.96
53054,-4.9344,2.0446,9.0202,1453,3017.5
53059,2.0973,3.5721,8.8083,1426,3017.5
53064,2.7043,2.1703,12.1769,1429,3017.5
53069,-3.7038,-1.7454,13.3932,1439,3017.5
53074,-4.7345,2.0698,8.904,1453,3018.56
53079,2.1368,3.5674,8.8981,1432,3018.56
53084,2.5115,1.9537,12.2619,1431,3018.56
53089,-3.875,-1.7789,13.3812,1436,3018.56
53094,-4.5574,2.1656,8.8131,1460,3017.96
53099,2.1847,3.6236,9.0166,1433,3017.96
53104,2.3164,1.9273,12.3625,1433,3017.96
53109,-4.045,-1.7861,13.2854,1433,3017.96
53114,-4.3898,2.1632,8.7149,1461,3017.65
53119,2.2434,3.6176,9.0896,1437,3017.65
53124,2.1093,1.731,12.4439,1431,3017.65
53129,-4.1515,-1.7406,13.2172,1429,3017.65
53134,-4.1204,2.2781,8.6263,1463,3017.8
53139,2.2673,3.6763,9.1674,1432,3017.8
53144,1.9872,1.7011,12.536,1429,3017.8
53149,-4.3239,-1.7633,13.137,1433,3017.8
53154,-3.9109,2.3188,8.5269,1449,3017.65
53159,2.2625,3.6512,9.2548,1436,3017.65
53164,1.7585,1.5107,12.6246,1429,3017.65
53169,-4.4341,-1.7274,13.0711,1433,3017.65
53174,-3.7086,2.411,8.4312,1461,3017.8
53179,2.3834,3.7781,9.2105,1437,3017.8
53184,1.6005,1.4365,12.645,1430,3017.8
53189,-4.5226,-1.6556,12.9802,1427,3017.8
53194,-3.5015,2.3954,8.3199,1455,3017.96
53199,2.3619,3.729,9.3745,1433,3017.96
53204,1.4234,1.2594,12.7383,1429,3017.96
53209,-4.6495,-1.5993,12.9083,1429,3017.96
53214,-3.2729,2.4493,8.1977,1455,3017.96
53219,2.5079,3.8738,9.4308,1433,3017.96
53224,1.2067,1.2007,12.7838,1431,3017.96
53229,-4.7764,-1.5957,12.8066,1433,3017.96
53234,-3.0059,2.4409,8.1331,1461,3018.26
53239,2.4888,3.8463,9.5062,1433,3018.26
53244,1.0451,1.0798,12.9119,1432,3018.26
53249,-4.865,-1.4928,12.7012,1430,3018.26
53254,-2.8024,2.5247,8.0541,1453,3018.26
53259,2.6169,3.8834,9.5493,1429,3018.26
53264,0.8392,1.0104,12.9263,1433,3018.26
53269,-4.9512,-1.3982,12.639,1429,3018.26
53274,-2.5199,2.5031,7.9895,1451,3018.41
53279,2.6468,3.8056,9.5996,1435,3018.41
53284,0.6153,0.8464,13.0963,1433,3018.41
53289,-5.0637,-1.3312,12.5097,1423,3018.41
53294,-2.2924,2.5869,7.9176,1454,3018.26
53299,2.7521,3.8559,9.6606,1431,3018.26
53304,0.5088,0.7865,13.0747,1429,3018.26
53309,-5.1727,-1.2402,12.4163,1435,3018.26
53314,-2.0099,2.5869,7.9033,1460,3018.26
53319,2.7785,3.8247,9.7779,1433,3018.26
53324,0.2334,0.6728,13.1549,1427,3018.26
53329,-5.2625,-1.1337,12.2966,1435,3018.26
53334,-1.7789,2.6228,7.8314,1455,3018.41
53339,2.8778,3.8319,9.8497,1435,3018.41
53344,0.0862,0.5602,13.3154,1427,3018.41
53349,-5.357,-1.0259,12.1733,1433,3018.41
53354,-1.5083,2.624,7.8578,1451,3018.56
53359,2.8994,3.8271,9.8629,1435,3018.56
53364,-0.0443,0.4286,13.3034,1427,3018.56
53369,-5.4444,-0.9433,12.0536,1434,3018.56
53374,-1.2737,2.6923,7.7656,1437,3018.56
53379,2.9628,3.8487,9.9635,1433,3018.56
53384,-0.2358,0.3472,13.4363,1421,3018.56
53389,-5.5438,-0.7805,12.0069,1433,3018.56
53394,-1.0523,2.7043,7.7261,1440,3018.87
53399,3.0394,3.7996,10.0413,1431,3018.87
53404,-0.3903,0.2227,13.4375,1423,3018.87
53409,-5.6635,-0.6871,11.8776,1435,3018.87
53414,-0.8236,2.7461,7.7165,1445,3018.87
53419,3.1077,3.8499,10.173,1431,3018.87
53424,-0.5339,0.164,13.4973,1427,3018.87
53429,-5.7221,-0.5195,11.8238,1431,3018.87
53434,-0.6009,2.7653,7.7357,1446,3019.17
53439,3.1699,3.7972,10.2101,1431,3019.17
53444,-0.6835,0.018,13.5428,1423,3019.17
53449,-5.8383,-0.3735,11.6107,1431,3019.17
53454,-0.419,2.8168,7.7871,1445,3019.48
53459,3.2286,3.7792,10.3274,1433,3019.48
53464,-0.8416,-0.0682,13.6218,1431,3019.48
53469,-5.8885,-0.1903,11.4826,1432,3019.48
53474,-0.1796,2.8539,7.7261,1448,3019.32
53479,3.2813,3.7302,10.3908,1437,3019.32
53484,-1.0463,-0.1844,13.6541,1431,3019.32
53489,-5.9328,-0.0371,11.3928,1431,3019.32
53494,0.0371,2.9269,7.8721,1437,3019.32
53499,3.4046,3.7409,10.4722,1435,3019.32
53504,-1.1013,-0.3244,13.6865,1429,3019.32
53509,-5.9652,0.1257,11.2851,1430,3019.32
53514,0.3017,2.9796,7.8159,1437,3019.17
53519,3.4285,3.6452,10.6326,1434,3019.17
53524,-1.3108,-0.4238,13.7236,1427,3019.17
53529,-5.9843,0.316,11.1175,1430,3019.17
53534,0.4561,3.0754,7.8374,1437,3019.17
53539,3.4931,3.6308,10.6326,1431,3019.17
53544,-1.4593,-0.5088,13.7212,1431,3019.17
53549,-6.0322,0.3855,10.981,1431,3019.17
53554,0.6141,3.0454,7.8841,1438,3019.17
53559,3.5267,3.5303,10.7655,1430,3019.17
53564,-1.5981,-0.6129,13.7762,1429,3019.17
53569,-6.0908,0.5698,10.8601,1427,3019.17
53574,0.8332,3.1029,7.9452,1437,3019.32
53579,3.6129,3.5063,10.8864,1432,3019.32
53584,-1.7298,-0.7566,13.8098,1429,3019.32
53589,-6.025,0.7015,10.7188,1435,3019.32
53594,0.9613,3.1101,7.9045,1443,3019.17
53599,3.5997,3.3818,10.9714,1429,3019.17
53604,-1.8771,-0.7913,13.781,1428,3019.17
53609,-6.0681,0.844,10.5752,1437,3019.17
53614,1.1061,3.1903,8.0194,1443,3019.48
53619,3.6571,3.3363,11.0169,1429,3019.48
53624,-2.0039,-0.9541,13.7774,1427,3019.48
53629,-6.013,0.9996,10.4052,1439,3019.48
53634,1.245,3.1639,8.1008,1431,3019.78
53639,3.6344,3.1568,11.1235,1431,3019.78
53644,-2.1488,-1.0714,13.7846,1427,3019.78
53649,-5.9687,1.1061,10.2975,1434,3019.78
53654,1.3815,3.2382,8.163,1437,3020.24
53659,3.6404,3.1232,11.2791,1433,3020.24
53664,-2.3894,-1.1959,13.787,1427,3020.24
53669,-5.9999,1.2725,10.1215,1437,3020.24
53674,1.549,3.2322,8.1726,1439,3020.54
53679,3.6129,2.9916,11.3689,1434,3020.54
53684,-2.5666,-1.33,13.7583,1421,3020.54
53689,-5.8766,1.4066,9.9874,1435,3020.54
53694,1.6688,3.2729,8.2516,1431,3020.54
53699,3.5554,2.9113,11.4622,1432,3020.54
53704,-2.7629,-1.3958,13.7188,1427,3020.54
53709,-5.7856,1.5179,9.8366,1430,3020.54
53714,1.7023,3.3184,8.3462,1439,3021.0
53719,3.4393,2.739,11.6741,1430,3021.0
53724,-2.9844,-1.5107,13.7439,1431,3021.0
53729,-5.6755,1.6053,9.6175,1427,3021.0
53734,1.7861,3.377,8.3881,1435,3020.69
53739,3.3064,2.7186,11.7244,1433,3020.69
53744,-3.1137,-1.5167,13.7499,1427,3020.69
53749,-5.5162,1.7202,9.5565,1435,3020.69
53754,1.8507,3.4034,8.4839,1443,3020.24
53759,3.1927,2.5762,11.8693,1431,3020.24
53764,-3.2908,-1.5921,13.6469,1427,3020.24
53769,-5.3714,1.8495,9.426,1445,3019.48
53774,1.919,3.4261,8.6227,1430,3019.48
53779,3.0502,2.466,11.995,1436,3019.48
53784,-3.4333,-1.6544,13.5751,1426,3019.48
53789,-5.2122,1.9237,9.244,1459,3019.78
53794,1.9106,3.4692,8.7197,1427,3019.78
53799,2.8802,2.2889,12.0871,1435,3019.78
53804,-3.5578,-1.6604,13.5141,1433,3019.78
53809,-5.0506,1.9932,9.0944,1459,3019.78
53814,2.0016,3.5279,8.8011,1428,3019.78
53819,2.818,2.2063,12.1542,1433,3019.78
53824,-3.7182,-1.6987,13.5057,1435,3019.78
53829,-4.8411,2.0925,8.9555,1437,3019.78
53834,2.1261,3.6081,8.7927,1431,3019.78
53839,2.6205,2.047,12.2188,1431,3019.78
53844,-3.8403,-1.7142,13.3764,1435,3019.78
53849,-4.6795,2.1907,8.9004,1453,3019.93
53854,2.1596,3.5841,8.9256,1431,3019.93
53859,2.4768,1.9429,12.3816,1429,3019.93
53864,-4.0127,-1.7418,13.3381,1437,3019.93
53869,-4.4484,2.2051,8.6455,1445,3019.63
53874,2.235,3.6907,9.019,1433,3019.63
53879,2.2577,1.804,12.4151,1429,3019.63
53884,-4.1551,-1.7406,13.2435,1431,3019.63
53889,-4.1922,2.2553,8.6766,1454,3019.48
53894,2.302,3.7002,9.0728,1431,3019.48
53899,2.0925,1.6556,12.5396,1429,3019.48
53904,-4.2533,-1.7526,13.1202,1431,3019.48
53909,-3.9899,2.2829,8.4587,1440,3019.32
53914,2.4181,3.7134,9.1219,1432,3019.32
53919,1.9118,1.5227,12.5468,1429,3019.32
53924,-4.3838,-1.7095,13.0556,1431,3019.32
53929,-3.7014,2.3451,8.4132,1461,3019.32
53934,2.4349,3.699,9.2763,1433,3019.32
53939,1.6819,1.4186,12.6426,1429,3019.32
53944,-4.4807,-1.67,12.9203,1428,3019.32
53949,-3.4189,2.3894,8.3222,1468,3019.32
53954,2.4433,3.7098,9.2715,1435,3019.32
53959,1.4664,1.2881,12.7671,1429,3019.32
53964,-4.628,-1.6269,12.8748,1429,3019.32
53969,-3.1927,2.3882,8.2265,1455,3019.32
53974,2.472,3.7254,9.3865,1435,3019.32
53979,1.1779,1.1408,12.815,1426,3019.32
53984,-4.8016,-1.6053,12.7898,1430,3019.32
53989,-2.9281,2.4576,8.1523,1453,3019.48
53994,2.5426,3.7781,9.5002,1431,3019.48
53999,0.9325,1.0618,12.8952,1429,3019.48
54004,-4.8638,-1.5012,12.724,1431,3019.48
54009,-2.6983,2.4349,8.0649,1449,3019.63
54014,2.5917,3.808,9.5816,1431,3019.63
54019,0.7985,0.8835,13.0089,1431,3019.63
54024,-5.0829,-1.4114,12.6055,1431,3019.63
54029,-2.4529,2.5821,8.0433,1453,3019.63
54034,2.5857,3.8307,9.6474,1431,3019.63
54039,0.5483,0.8344,13.119,1433,3019.63
54044,-5.1822,-1.3431,12.5121,1430,3019.63
54049,-2.1979,2.5474,7.9452,1453,3019.78
54054,2.7138,3.8319,9.6822,1432,3019.78
54059,0.3436,0.7554,13.2112,1432,3019.78
54064,-5.3067,-1.2019,12.3972,1431,3019.78
54069,-1.9237,2.6276,7.9344,1453,3020.24
54074,2.8084,3.9097,9.8198,1431,3020.24
54079,0.1688,0.6153,13.2663,1431,3020.24
54084,-5.4181,-1.0247,12.2691,1435,3020.24
54089,-1.6508,2.6635,7.8027,1456,3020.69
54094,2.8611,3.8535,9.8246,1433,3020.69
54099,-0.0299,0.4717,13.3465,1427,3020.69
54104,-5.4995,-0.9673,12.1482,1435,3020.69
54109,-1.3503,2.6947,7.8099,1448,3020.69
54114,2.9437,3.9121,9.8701,1433,3020.69
54119,-0.2035,0.3938,13.4135,1423,3020.69
54124,-5.5917,-0.7781,12.0548,1431,3020.69
54129,-1.0738,2.7162,7.8003,1451,3020.84
54134,3.0598,3.8618,10.0042,1435,3020.84
54139,-0.419,0.2682,13.5236,1421,3020.84
54144,-5.6659,-0.6656,11.88,1435,3020.84
54149,-0.8404,2.7892,7.7524,1439,3020.54
54154,3.1316,3.8475,10.0808,1433,3020.54
54159,-0.5638,0.1784,13.5524,1423,3020.54
54164,-5.703,-0.4633,11.7472,1433,3020.54
54169,-0.5758,2.806,7.7656,1439,3020.54
54174,3.2322,3.8104,10.2005,1433,3020.54
54179,-0.6668,0.0754,13.629,1427,3020.54
54184,-5.8071,-0.3472,11.6203,1431,3020.54
54189,-0.3053,2.8527,7.744,1447,3020.54
54194,3.2992,3.7601,10.2987,1431,3020.54
54199,-0.8715,-0.085,13.6194,1428,3020.54
54204,-5.8035,-0.1939,11.4383,1431,3020.54
54209,-0.0814,2.8874,7.7644,1446,3020.54
54214,3.395,3.711,10.3657,1433,3020.54
54219,-0.9254,-0.1927,13.6434,1432,3020.54
54224,-5.9065,-0.0814,11.3198,1433,3020.54
54229,0.1053,2.9245,7.7309,1445,3020.69
54234,3.468,3.6559,10.4686,1437,3020.69
54239,-1.1408,-0.3699,13.7008,1429,3020.69
54244,-5.9891,0.0563,11.1953,1431,3020.69
54249,0.3615,2.9425,7.8135,1445,3020.84
54254,3.4979,3.559,10.5776,1433,3020.84
54259,-1.2258,-0.4848,13.7212,1427,3020.84
54264,-6.0226,0.2215,11.0492,1431,3020.84
54269,0.51,2.988,7.8386,1435,3021.15
54274,3.5733,3.5099,10.6315,1433,3021.15
54279,-1.397,-0.5938,13.8313,1427,3021.15
54284,-6.1351,0.4118,10.9415,1429,3021.15
54289,0.729,3.0323,7.8877,1439,3021.15
54294,3.5817,3.4477,10.7667,1433,3021.15
54299,-1.6328,-0.6776,13.787,1431,3021.15
54304,-6.1423,0.6237,10.7524,1429,3021.15
54309,0.8882,3.0502,7.9057,1439,3021.0
54314,3.5973,3.4129,10.9439,1433,3021.0
54319,-1.8471,-0.8152,13.8529,1429,3021.0
54324,-6.1351,0.7733,10.5824,1430,3021.0
54329,1.0499,3.0861,7.9571,1439,3020.69
54334,3.6021,3.3459,10.969,1431,3020.69
54339,-2.0506,-0.9421,13.793,1427,3020.69
54344,-6.098,0.9577,10.4842,1435,3020.69
54349,1.1648,3.1963,8.1128,1436,3020.69
54354,3.5793,3.2178,11.0852,1431,3020.69
54359,-2.2027,-1.0331,13.8564,1428,3020.69
54364,-6.025,1.0965,10.325,1436,3020.69
54369,1.2989,3.1999,8.1056,1437,3020.54
54374,3.559,3.1196,11.1498,1430,3020.54
54379,-2.3978,-1.1684,13.811,1429,3020.54
54384,-6.0334,1.2534,10.2208,1439,3020.54
54389,1.4341,3.304,8.2253,1437,3020.69
54394,3.5195,3.0682,11.3401,1432,3020.69
54399,-2.5486,-1.2546,13.8349,1427,3020.69
54404,-5.8921,1.3958,10.0724,1439,3020.69
54409,1.5167,3.3028,8.2217,1439,3020.84
54414,3.5171,2.9257,11.4132,1433,3020.84
54419,-2.6779,-1.3635,13.8385,1427,3020.84
54424,-5.7856,1.549,9.8845,1437,3020.84
54429,1.7059,3.3974,8.3246,1440,3020.69
54434,3.4656,2.8503,11.4646,1435,3020.69
54439,-2.8503,-1.3743,13.7643,1429,3020.69
54444,-5.697,1.6364,9.7073,1432,3020.69
54449,1.7514,3.3866,8.3821,1443,3021.15
54454,3.3914,2.7126,11.6143,1431,3021.15
54459,-3.0251,-1.4772,13.72,1429,3021.15
54464,-5.5462,1.7107,9.5648,1429,3021.15
54469,1.8495,3.4393,8.4611,1439,3020.69
54474,3.3124,2.6528,11.7352,1434,3020.69
54479,-3.2417,-1.573,13.6841,1427,3020.69
54484,-5.46,1.7873,9.4068,1433,3020.69
54489,1.9285,3.4369,8.5712,1439,3020.39
54494,3.1723,2.4181,11.8561,1439,3020.39
54499,-3.3267,-1.64,13.5727,1425,3020.39
54504,-5.2206,1.9034,9.2811,1443,3020.24
54509,2.0147,3.5303,8.6598,1429,3020.24
54514,3.0323,2.3272,11.9698,1437,3020.24
54519,-3.4692,-1.6999,13.5572,1431,3020.24
54524,-5.0482,1.9477,9.0992,1451,3019.78
54529,2.0949,3.5051,8.758,1428,3019.78
54534,2.9042,2.1452,12.0536,1436,3019.78
54539,-3.6476,-1.7526,13.5021,1433,3019.78
54544,-4.8614,2.0315,8.9495,1455,3020.84
54549,2.1476,3.5721,8.8466,1430,3020.84
54554,2.6827,2.0411,12.1805,1431,3020.84
54559,-3.7876,-1.7789,13.4087,1437,3020.84
54564,-4.6579,2.1045,8.8418,1460,3020.08
54569,2.2003,3.5937,8.9388,1433,3020.08
54574,2.5055,1.907,12.3038,1428,3020.08
54579,-3.9923,-1.81,13.3189,1433,3020.08
54584,-4.4161,2.1739,8.7065,1453,3020.08
54589,2.2051,3.6368,9.0249,1433,3020.08
54594,2.2637,1.7813,12.4307,1420,3020.08
54599,-4.1384,-1.7885,13.2112,1437,3020.08
54604,-4.2222,2.241,8.6371,1461,3020.24
54609,2.2218,3.644,9.0884,1434,3020.24
54614,2.0087,1.6269,12.5169,1427,3020.24
54619,-4.2282,-1.7538,13.1669,1432,3020.24
54624,-3.9983,2.2793,8.4719,1451,3020.08
54629,2.3272,3.6763,9.2045,1435,3020.08
54634,1.8519,1.5455,12.5791,1421,3020.08
54639,-4.4484,-1.7083,13.0975,1431,3020.08
54644,-3.7254,2.3475,8.4036,1447,3020.08
54649,2.2889,3.6919,9.2524,1437,3020.08
54654,1.6089,1.3455,12.6689,1427,3020.08
54659,-4.5873,-1.6819,13.0137,1431,3020.08
54664,-3.4884,2.4169,8.3019,1459,3019.78
54669,2.3918,3.7697,9.2979,1435,3019.78
54674,1.3934,1.385,12.8221,1431,3019.78
54679,-4.7285,-1.5766,12.9036,1431,3019.78
54684,-3.2022,2.4768,8.2157,1463,3021.0
54689,2.4397,3.8199,9.4535,1435,3021.0
54694,1.1768,1.1157,12.876,1435,3021.0
54699,-4.8088,-1.5251,12.7719,1431,3021.0
54704,-2.9305,2.5247,8.084,1454,3020.24
54709,2.5115,3.8894,9.5002,1435,3020.24
54714,0.9445,1.0451,12.9466,1428,3020.24
54719,-4.9213,-1.4341,12.7551,1437,3020.24
54724,-2.6576,2.5426,8.0397,1453,3020.24
54729,2.6444,3.8942,9.5325,1434,3020.24
54734,0.7829,0.9038,13.0352,1427,3020.24
54739,-5.0338,-1.3443,12.639,1437,3020.24
54744,-2.3762,2.5546,7.9392,1451,3020.39
54749,2.7414,3.8702,9.6774,1432,3020.39
54754,0.5555,0.8116,13.1298,1431,3020.39
54759,-5.1248,-1.2749,12.4906,1431,3020.39
54764,-2.1009,2.575,7.9128,1449,3020.39
54769,2.7928,3.8978,9.7073,1431,3020.39
54774,0.6093,-0.6165,-0.6165,1427,3020.39
54779,-5.2241,-1.1696,12.3684,1432,3020.39
54784,-1.8208,2.6528,7.8434,1453,3020.08
54789,2.8647,3.8966,9.8282,1431,3020.08
54794,0.17,0.6357,13.2974,1433,3020.08
54799,-5.2912,-1.0092,12.2152,1430,3020.08
54804,-1.5646,2.6228,7.8087,1453,3019.93
54809,2.9808,3.869,9.8617,1433,3019.93
54814,-0.0251,0.4609,13.3189,1428,3019.93
54819,-5.3834,-0.9218,12.1171,1433,3019.93
54824,-1.3036,2.6935,7.7991,1451,3020.08
54829,2.9987,3.8223,9.9491,1432,3020.08
54834,-0.1712,0.3675,13.3525,1423,3020.08
54839,-5.5282,-0.7961,11.9961,1435,3020.08
54844,-1.0199,2.7054,7.7357,1451,3020.08
54849,3.0574,3.8271,10.0545,1433,3020.08
54854,-0.3747,0.2191,13.4925,1427,3020.08
54859,-5.6144,-0.7075,11.8752,1435,3020.08
54864,-0.7745,2.7916,7.7237,1443,3020.54
54869,3.1113,3.8164,10.1131,1434,3020.54
54874,-0.5303,0.1496,13.4997,1423,3020.54
54879,-5.7557,-0.5207,11.746,1447,3020.54
54884,-0.5435,2.8168,7.7704,1439,3020.84
54889,3.1999,3.7828,10.2927,1433,3020.84
54894,-0.6668,-0.0299,13.6015,1427,3020.84
54899,-5.8694,-0.3687,11.6119,1433,3020.84
54904,-0.3112,2.8563,7.7524,1449,3020.84
54909,3.2214,3.7721,10.2975,1433,3020.84
54914,-0.8906,-0.1508,13.6709,1427,3020.84
54919,-5.9065,-0.2167,11.4898,1432,3020.84
54924,-0.1053,2.8443,7.7608,1447,3021.15
54929,3.3255,3.7182,10.404,1432,3021.15
54934,-1.0139,-0.249,13.7116,1431,3021.15
54939,-5.9891,-0.0455,11.3389,1430,3021.15
54944,0.1604,2.9245,7.7644,1448,3021.0
54949,3.3986,3.6847,10.5201,1428,3021.0
54954,-1.2258,-0.3232,13.6242,1429,3021.0
54959,-6.0585,0.1879,11.1869,1429,3021.0
54964,0.3579,2.9748,7.8171,1448,3021.0
54969,3.4213,3.6176,10.568,1437,3021.0
54974,-1.4006,-0.4549,13.8169,1431,3021.0
54979,-6.0932,0.3711,11.0397,1430,3021.0
54984,0.5411,2.9928,7.8661,1439,3021.0
54989,3.5314,3.5817,10.6817,1435,3021.0
54994,-1.549,-0.5986,13.8038,1423,3021.0
54999,-6.1196,0.5686,10.8709,1431,3021.0
55004,0.7841,3.0682,7.9464,1437,3020.84
55009,3.5793,3.5063,10.8541,1432,3020.84
55014,-1.7274,-0.7171,13.8469,1429,3020.84
55019,-6.0789,0.6907,10.7416,1432,3020.84
55024,0.9002,3.134,7.9392,1440,3021.0
55029,3.6248,3.4034,10.9271,1432,3021.0
55034,-1.8591,-0.8128,13.8385,1430,3021.0
55039,-6.0693,0.8475,10.6147,1429,3021.0
55044,1.136,3.1927,8.017,1438,3021.15
55049,3.6488,3.3387,11.0468,1431,3021.15
55054,-2.0375,-0.9409,13.7942,1430,3021.15
55059,-6.0621,0.984,10.4722,1435,3021.15
55064,1.2677,3.1975,8.0337,1440,3021.15
55069,3.6583,3.225,11.1558,1427,3021.15
55074,-2.1919,-1.0654,13.8612,1431,3021.15
55079,-5.9903,1.1049,10.2915,1437,3021.15
55084,1.3898,3.2094,8.108,1439,3020.84
55089,3.6057,3.1328,11.163,1429,3020.84
55094,-2.3978,-1.1624,13.7954,1427,3020.84
55099,-5.9388,1.2797,10.1394,1437,3020.84
55104,1.5,3.2417,8.1403,1437,3020.54
55109,3.6332,3.043,11.327,1429,3020.54
55114,-2.5606,-1.2414,13.8169,1428,3020.54
55119,-5.8323,1.4138,10.0042,1437,3020.54
55124,1.6149,3.2884,8.2085,1436,3020.39
55129,3.553,2.897,11.4407,1432,3020.39
55134,-2.6947,-1.3707,13.7403,1427,3020.39
55139,-5.7293,1.5012,9.8342,1439,3020.39
55144,1.6281,3.3124,8.3103,1443,3020.39
55149,3.462,2.7366,11.625,1433,3020.39
55154,-2.8814,-1.4485,13.7307,1427,3020.39
55159,-5.6707,1.6269,9.681,1434,3020.39
55164,1.8028,3.3507,8.4336,1444,3020.39
55169,3.389,2.6731,11.7005,1434,3020.39
55174,-3.0382,-1.5562,13.6841,1429,3020.39
55179,-5.5138,1.6975,9.5385,1433,3020.39
55184,1.8495,3.401,8.4779,1443,3020.08
55189,3.2465,2.5486,11.8381,1429,3020.08
55194,-3.2202,-1.6484,13.6326,1429,3020.08
55199,-5.387,1.816,9.4236,1429,3020.08
55204,1.9453,3.4141,8.5269,1435,3020.54
55209,3.0897,2.4313,11.9375,1433,3020.54
55214,-3.4201,-1.7238,13.5667,1423,3020.54
55219,-5.2493,1.9249,9.2739,1431,3020.54
55224,1.9573,3.4477,8.655,1437,3020.24
55229,2.9161,2.2517,12.0835,1437,3020.24
55234,-3.5638,-1.7023,13.4734,1427,3020.24
55239,-5.0422,1.9561,9.1411,1444,3020.84
55244,2.0554,3.4967,8.7089,1428,3020.84
55249,2.8276,2.2003,12.1123,1438,3020.84
55254,-3.7421,-1.7514,13.4782,1426,3020.84
55259,-4.8411,2.0674,9.0106,1464,3020.24
55264,2.0901,3.5231,8.8178,1427,3020.24
55269,2.6121,2.0638,12.2511,1433,3020.24
55274,-3.9049,-1.7681,13.4291,1431,3020.24
55279,-4.6639,2.1524,8.8514,1463,3020.69
55284,2.144,3.6117,8.9603,1431,3020.69
55289,2.4313,1.919,12.4056,1432,3020.69
55294,-4.0713,-1.7801,13.3237,1433,3020.69
55299,-4.3946,2.2063,8.7173,1437,3020.39
55304,2.1919,3.6368,9.0214,1432,3020.39
55309,2.1847,1.7849,12.4846,1430,3020.39
55314,-4.1755,-1.7825,13.2232,1435,3020.39
55319,-4.2114,2.2637,8.5916,1451,3020.24
55324,2.2709,3.6799,9.0872,1431,3020.24
55329,1.9597,1.6388,12.5277,1425,3020.24
55334,-4.2796,-1.7131,13.1885,1432,3020.24
55339,-3.966,2.3367,8.4264,1446,3020.39
55344,2.3511,3.7481,9.1854,1433,3020.39
55349,1.7861,1.506,12.615,1429,3020.39
55354,-4.4843,-1.7274,13.0951,1429,3020.39
55359,-3.6595,2.4122,8.4216,1463,3020.54
55364,2.411,3.8044,9.2512,1429,3020.54
55369,1.5526,1.4174,12.7467,1429,3020.54
55374,-4.555,-1.6532,13.0053,1429,3020.54
55379,-3.389,2.4014,8.2708,1454,3020.08
55384,2.4493,3.7613,9.2512,1431,3020.08
55389,1.3228,1.2713,12.7982,1431,3020.08
55394,-4.7274,-1.5778,12.9203,1427,3020.08
55399,-3.1556,2.4672,8.2037,1451,3021.0
55404,2.5462,3.8092,9.3529,1433,3021.0
55409,1.1193,1.1408,12.9036,1429,3021.0
55414,-4.8159,-1.5323,12.7814,1425,3021.0
55419,-2.8192,2.4732,8.0804,1459,3020.84
55424,2.6133,3.7984,9.4595,1433,3020.84
55429,0.9254,0.9601,12.9407,1427,3020.84
55434,-4.9225,-1.4341,12.6378,1431,3020.84
55439,-2.5474,2.4995,8.0589,1459,3020.84
55444,2.6671,3.8259,9.4906,1435,3020.84
55449,0.7266,0.9122,13.0304,1429,3020.84
55454,-5.0889,-1.3707,12.5636,1429,3020.84
55459,-2.3152,2.496,7.9392,1449,3020.84
55464,2.7318,3.7589,9.5732,1433,3020.84
55469,0.4788,0.7374,13.1837,1429,3020.84
55474,-5.1404,-1.2737,12.4618,1432,3020.84
55479,-1.9632,2.5977,7.8961,1456,3021.0
55484,2.7773,3.8379,9.6845,1435,3021.0
55489,0.2346,0.6177,13.1765,1429,3021.0
55494,-5.2948,-1.1684,12.2727,1429,3021.0
55499,-1.6999,2.6504,7.8326,1453,3021.45
55504,2.8311,3.8379,9.7947,1430,3021.45
55509,0.0922,0.5148,13.3249,1431,3021.45
55514,-5.4564,-1.063,12.1578,1427,3021.45
55519,-1.415,2.6731,7.7991,1449,3021.6
55524,2.9125,3.8475,9.9,1427,3021.6
55529,-0.1448,0.3903,13.3728,1430,3021.6
55534,-5.5318,-0.9122,12.1027,1431,3021.6
55539,-1.1732,2.7114,7.7931,1453,3021.76
55544,2.9999,3.8535,10.0305,1434,3021.76
55549,-0.3448,0.261,13.465,1427,3021.76
55554,-5.6874,-0.7254,11.9375,1437,3021.76
55559,-0.8811,2.7019,7.7907,1445,3021.6
55564,3.1161,3.8786,10.0736,1433,3021.6
55569,-0.5148,0.1257,13.5033,1427,3021.6
55574,-5.8083,-0.5483,11.7567,1433,3021.6
55579,-0.6381,2.7749,7.7405,1445,3022.37
55584,3.1484,3.8391,10.1742,1433,3022.37
55589,-0.7075,0.0658,13.5835,1426,3022.37
55594,-5.8502,-0.3519,11.6969,1433,3022.37
55599,-0.3735,2.8335,7.7644,1439,3022.06
55604,3.2813,3.7876,10.2699,1433,3022.06
55609,-0.8631,-0.1209,13.6877,1423,3022.06
55614,-5.9245,-0.1281,11.4826,1432,3022.06
55619,-0.1161,2.8826,7.8254,1447,3022.21
55624,3.3375,3.79,10.4088,1433,3022.21
55629,-1.0439,-0.2322,13.7343,1429,3022.21
55634,-5.9783,-0.006,11.3198,1433,3022.21
55639,0.1018,2.9485,7.756,1447,3022.67
55644,3.401,3.7362,10.4315,1431,3022.67
55649,-1.2186,-0.3029,13.793,1435,3022.67
55654,-6.0513,0.1413,11.2372,1431,3022.67
55659,0.3807,3.0035,7.835,1449,3022.82
55664,3.4788,3.6416,10.574,1435,3022.82
55669,-1.403,-0.4022,13.7427,1431,3022.82
55674,-6.0669,0.3615,11.0038,1433,3022.82
55679,0.6045,3.0406,7.865,1445,3022.82
55684,3.5578,3.553,10.6458,1436,3022.82
55689,-1.5299,-0.5866,13.9031,1427,3022.82
55694,-6.0657,0.5698,10.9523,1433,3022.82
55699,0.7626,3.0885,7.8302,1439,3022.97
55704,3.6368,3.4788,10.7488,1433,3022.97
55709,-1.6855,-0.7422,13.8756,1425,3022.97
55714,-6.1004,0.6823,10.7176,1430,3022.97
55719,0.99,3.1364,7.9033,1437,3023.13
55724,3.7146,3.4022,10.9762,1431,3023.13
55729,-1.889,-0.8523,13.9007,1430,3023.13
55734,-6.0633,0.8811,10.5441,1430,3023.13
55739,1.1528,3.1568,7.9859,1440,3023.74
55744,3.6835,3.1987,11.066,1429,3023.74
55749,-2.0267,-1.0092,13.8325,1431,3023.74
55754,-6.0322,1.0139,10.4052,1427,3023.74
55759,1.3108,3.2322,8.1187,1443,3023.74
55764,3.7086,3.1448,11.1534,1431,3023.74
55769,-2.2685,-1.136,13.872,1427,3023.74
55774,-6.0178,1.1564,10.161,1430,3023.74
55779,1.4653,3.2214,8.1439,1439,3023.89
55784,3.6428,2.9832,11.2575,1429,3023.89
55789,-2.4744,-1.2653,13.8588,1429,3023.89
55794,-5.9221,1.3431,10.0114,1437,3023.89
55799,1.5467,3.2561,8.2157,1435,3023.74
55804,3.5901,2.8922,11.4299,1421,3023.74
55809,-2.745,-1.391,13.7966,1427,3023.74
55814,-5.8347,1.4629,9.8414,1437,3023.74
55819,1.6807,3.292,8.2839,1437,3023.58
55824,3.4895,2.7461,11.6155,1434,3023.58
55829,-3.0107,-1.5455,13.8193,1427,3023.58
55834,-5.709,1.6101,9.6917,1433,3023.58
55839,1.7681,3.3782,8.3809,1439,3023.28
55844,3.3519,2.6695,11.722,1433,3023.28
55849,-3.1364,-1.5407,13.6673,1427,3023.28
55854,-5.5222,1.737,9.5181,1435,3023.28
55859,1.8663,3.383,8.4982,1440,3022.82
55864,3.201,2.5235,11.8178,1429,3022.82
55869,-3.3351,-1.6747,13.7104,1427,3022.82
55874,-5.3893,1.8112,9.3625,1431,3022.82
55879,1.9333,3.4477,8.5006,1437,3022.97
55884,3.0706,2.4074,11.9566,1431,3022.97
55889,-3.4979,-1.6688,13.6446,1423,3022.97
55894,-5.1942,1.9872,9.1961,1430,3022.97
55899,1.9417,3.4907,8.7029,1434,3022.82
55904,2.8814,2.2398,12.0859,1434,3022.82
55909,-3.6847,-1.737,13.5835,1431,3022.82
55914,-4.962,2.0566,9.0381,1439,3022.52
55919,2.0375,3.5614,8.752,1431,3022.52
55924,2.6863,2.1512,12.2032,1437,3022.52
55929,-3.8678,-1.7681,13.4434,1427,3022.52
55934,-4.707,2.1811,8.9304,1443,3022.67
55939,2.1225,3.6236,8.8609,1427,3022.67
55944,2.4433,1.9333,12.305,1434,3022.67
55949,-3.9804,-1.749,13.4554,1433,3022.67
55954,-4.4736,2.2206,8.746,1459,3022.21
55959,2.1979,3.6643,8.9555,1427,3022.21
55964,2.2721,1.8962,12.3744,1432,3022.21
55969,-4.1851,-1.7083,13.38,1435,3022.21
55974,-4.2689,2.2793,8.6586,1453,3022.06
55979,2.2673,3.7242,9.0716,1427,3022.06
55984,1.9872,1.6652,12.4941,1430,3022.06
55989,-4.2952,-1.7071,13.1801,1439,3022.06
55994,-3.9684,2.3008,8.4659,1453,3022.21
55999,2.3415,3.7194,9.1135,1432,3022.21
56004,1.804,1.5514,12.5971,1428,3022.21
56009,-4.4867,-1.6879,13.1106,1436,3022.21
56014,-3.6799,2.3762,8.4108,1448,3021.45
56019,2.4193,3.814,9.2596,1433,3021.45
56024,1.6424,1.3731,12.6534,1427,3021.45
56029,-4.5562,-1.6628,12.9347,1433,3021.45
56034,-3.3782,2.381,8.1965,1455,3023.28
56039,2.5259,3.808,9.2763,1432,3023.28
56044,1.3958,1.2414,12.7563,1429,3023.28
56049,-4.6747,-1.6053,12.8569,1431,3023.28
56054,-3.1029,2.4553,8.1846,1453,3022.97
56059,2.563,3.7457,9.3482,1431,3022.97
56064,1.1001,1.0846,12.8473,1428,3022.97
56069,-4.8746,-1.5215,12.791,1428,3022.97
56074,-2.7821,2.49,8.0397,1459,3023.13
56079,2.6312,3.7912,9.4751,1435,3023.13
56084,0.8906,0.8942,12.9802,1431,3023.13
56089,-5.0087,-1.4473,12.6234,1429,3023.13
56094,-2.4002,2.563,8.0014,1453,3023.58
56099,2.6911,3.8164,9.5553,1435,3023.58
56104,0.6201,0.8068,13.0496,1429,3023.58
56109,-5.1332,-1.3791,12.5289,1432,3023.58
56114,-2.15,2.5426,7.8973,1456,3023.43
56119,2.7473,3.8092,9.6462,1432,3023.43
56124,0.3867,0.6847,13.2639,1433,3023.43
56129,-5.302,-1.2139,12.4163,1431,3023.43
56134,-1.8603,2.6264,7.8494,1453,3023.58
56139,2.8252,3.8511,9.7743,1433,3023.58
56144,0.1173,0.5303,13.2519,1433,3023.58
56149,-5.448,-1.1037,12.2559,1432,3023.58
56154,-1.5263,2.6504,7.8506,1455,3024.04
56159,2.9245,3.8451,9.8641,1433,3024.04
56164,-0.0335,0.4286,13.2998,1430,3024.04
56169,-5.5929,-0.9026,12.1625,1429,3024.04
56174,-1.2079,2.7019,7.8147,1455,3023.89
56179,3.0287,3.9037,9.8952,1428,3023.89
56184,-0.3112,0.3196,13.4446,1429,3023.89
56189,-5.7341,-0.7039,12.0081,1438,3023.89
56194,-0.9002,2.739,7.7895,1451,3024.35
56199,3.1017,3.8642,10.0389,1435,3024.35
56204,-0.5124,0.1568,13.5213,1426,3024.35
56209,-5.7377,-0.5387,11.8238,1439,3024.35
56214,-0.565,2.8204,7.7033,1452,3024.35
56219,3.1987,3.8702,10.1359,1448,3024.35
56224,-0.7111,0.0204,13.6481,1427,3024.35
56229,-5.952,-0.2729,11.7268,1435,3024.35
56234,-0.2933,2.8599,7.7572,1436,3024.65
56239,3.2777,3.8391,10.2819,1433,3024.65
56244,-0.9804,-0.1101,13.6673,1425,3024.65
56249,-5.9268,-0.103,11.5532,1434,3024.65
56254,-0.0192,2.9006,7.7596,1440,3024.5
56259,3.3914,3.8032,10.4016,1433,3024.5
56264,-1.0977,-0.2227,13.7762,1427,3024.5
56269,-6.0071,0.0706,11.4,1430,3024.5
56274,0.2322,2.9544,7.7524,1447,3024.5
56279,3.5123,3.6871,10.4974,1429,3024.5
56284,-1.3132,-0.3843,13.7403,1427,3024.5
56289,-6.0657,0.261,11.1953,1431,3024.5
56294,0.4764,3.0071,7.8111,1439,3024.35
56299,3.5566,3.6356,10.6219,1431,3024.35
56304,-1.4569,-0.504,13.7679,1431,3024.35
56309,-6.0621,0.4633,11.0265,1432,3024.35
56314,0.6955,3.067,7.7788,1447,3024.04
56319,3.6524,3.5207,10.7284,1437,3024.04
56324,-1.6209,-0.6273,13.8026,1431,3024.04
56329,-6.0885,0.6237,10.805,1435,3024.04
56334,0.8751,3.1137,7.8661,1439,3024.04
56339,3.7373,3.4321,10.8972,1431,3024.04
56344,-1.8124,-0.7805,13.8792,1425,3024.04
56349,-6.037,0.7602,10.6734,1431,3024.04
56354,1.1289,3.1436,7.8937,1439,3024.19
56359,3.7553,3.3411,11.0026,1433,3024.19
56364,-1.9752,-0.9409,13.8433,1429,3024.19
56369,-6.0741,0.9529,10.4196,1429,3024.19
56374,1.2594,3.1903,7.9751,1439,3024.35
56379,3.7194,3.2058,11.139,1431,3024.35
56384,-2.2063,-1.081,13.8696,1432,3024.35
56389,-6.0394,1.0834,10.2951,1429,3024.35
56394,1.4269,3.1496,8.0601,1444,3024.5
56399,3.6931,3.1017,11.2611,1432,3024.5
56404,-2.3966,-1.245,13.8385,1429,3024.5
56409,-5.9675,1.251,10.1119,1435,3024.5
56414,1.5251,3.2334,8.1762,1454,3024.5
56419,3.6284,2.9916,11.3988,1429,3024.5
56424,-2.648,-1.3779,13.8002,1429,3024.5
56429,-5.8838,1.4401,9.8916,1439,3024.5
56434,1.6532,3.2681,8.1774,1439,3024.5
56439,3.6033,2.8036,11.5484,1431,3024.5
56444,-2.9521,-1.4976,13.8014,1427,3024.5
56449,-5.7688,1.6005,9.7983,1437,3024.5
56454,1.7478,3.3483,8.3426,1437,3024.8
56459,3.4249,2.6887,11.7196,1433,3024.8
56464,-3.0813,-1.5538,13.7212,1426,3024.8
56469,-5.5677,1.7202,9.5852,1439,3024.8
56474,1.8016,3.3998,8.4384,1439,3024.96
56479,3.286,2.5175,11.8465,1433,3024.96
56484,-3.3531,-1.6508,13.7499,1421,3024.96
56489,-5.4396,1.8711,9.3913,1435,3024.96
56494,1.9501,3.4488,8.5006,1445,3024.96
56499,3.1017,2.4361,11.9207,1429,3024.96
56504,-3.5027,-1.7059,13.6326,1430,3024.96
56509,-5.2014,1.9465,9.2153,1429,3024.96
56514,1.9764,3.4812,8.6012,1433,3024.8
56519,2.9568,2.2745,12.0835,1435,3024.8
56524,-3.7302,-1.7238,13.5859,1428,3024.8
56529,-4.9835,2.0806,9.0501,1432,3024.8
56534,2.0602,3.541,8.6766,1437,3024.96
56539,2.7354,2.1476,12.214,1437,3024.96
56544,-3.9433,-1.7238,13.4746,1419,3024.96
56549,-4.725,2.1775,8.9136,1439,3024.35
56554,2.1225,3.5949,8.8454,1429,3024.35
56559,2.4337,1.9405,12.3565,1435,3024.35
56564,-4.0606,-1.7334,13.3453,1429,3024.35
56569,-4.4317,2.2266,8.7508,1456,3025.26
56574,2.1895,3.6512,8.9627,1427,3025.26
56579,2.2685,1.8148,12.4558,1433,3025.26
56584,-4.276,-1.7262,13.2735,1433,3025.26
56589,-4.1899,2.3092,8.6215,1459,3024.5
56594,2.2936,3.6811,9.0525,1431,3024.5
56599,2.0051,1.6053,12.5588,1431,3024.5
56604,-4.3766,-1.6735,13.1741,1429,3024.5
56609,-3.8451,2.3511,8.3941,1451,3024.5
56614,2.4122,3.7781,9.098,1432,3024.5
56619,1.7573,1.4832,12.6905,1429,3024.5
56624,-4.5729,-1.6448,13.0652,1437,3024.5
56629,-3.5063,2.3918,8.3318,1451,3024.35
56634,2.4349,3.7781,9.1961,1436,3024.35
56639,1.5143,1.2929,12.8102,1431,3024.35
56644,-4.7429,-1.6305,12.9263,1431,3024.35
56649,-3.1951,2.4624,8.1846,1461,3024.8
56654,2.5522,3.8487,9.3338,1433,3024.8
56659,1.2438,1.1349,12.8832,1428,3024.8
56664,-4.804,-1.5119,12.8449,1431,3024.8
56669,-2.8754,2.4792,8.1439,1455,3025.11
56674,2.6432,3.7972,9.4008,1431,3025.11
56679,0.9637,0.9852,13.0089,1432,3025.11
56684,-4.9931,-1.4437,12.6725,1429,3025.11
56689,-2.5343,2.4888,7.9835,1459,3025.41
56694,2.7521,3.8295,9.5397,1435,3025.41
56699,0.6835,0.8535,13.1418,1427,3025.41
56704,-5.1535,-1.2845,12.5779,1431,3025.41
56709,-2.1799,2.5426,7.92,1461,3025.57
56714,2.7797,3.8032,9.5996,1436,3025.57
56719,0.3974,0.6333,13.2112,1428,3025.57
56724,-5.2589,-1.2222,12.3936,1431,3025.57
56729,-1.8555,2.5582,7.8183,1453,3025.72
56734,2.8742,3.8259,9.6893,1433,3025.72
56739,0.2574,0.5758,13.3381,1429,3025.72
56744,-5.4588,-1.0307,12.2882,1432,3025.72
56749,-1.4892,2.6815,7.7824,1453,3025.72
56754,2.9712,3.8319,9.7863,1431,3025.72
56759,-0.0575,0.3795,13.3704,1431,3025.72
56764,-5.5797,-0.893,12.0764,1421,3025.72
56769,-1.1779,2.6863,7.7261,1454,3026.02
56774,3.0454,3.8451,9.8725,1437,3026.02
56779,-0.2502,0.2155,13.5045,1427,3026.02
56784,-5.7245,-0.7075,11.9052,1432,3026.02
56789,-0.8583,2.7222,7.7177,1455,3026.02
56794,3.1675,3.8223,10.0521,1427,3026.02
56799,-0.5088,0.1041,13.6278,1423,3026.02
56804,-5.8646,-0.51,11.8118,1435,3026.02
56809,-0.504,2.7904,7.7728,1447,3026.18
56814,3.2585,3.8104,10.173,1439,3026.18
56819,-0.7099,-0.0204,13.6398,1429,3026.18
56824,-5.9496,-0.3256,11.6035,1433,3026.18
56829,-0.2083,2.8443,7.7692,1449,3026.18
56834,3.3339,3.7984,10.2544,1430,3026.18
56839,-0.9553,-0.1796,13.714,1428,3026.18
56844,-6.0597,-0.0694,11.4814,1435,3026.18
56849,0.0204,2.8671,7.7895,1443,3026.02
56854,3.4429,3.723,10.3753,1433,3026.02
56859,-1.2079,-0.334,13.7511,1427,3026.02
56864,-6.1256,0.1484,11.2456,1431,3026.02
56869,0.3124,2.9293,7.7692,1445,3025.87
56874,3.5147,3.6356,10.5572,1427,3025.87
56879,-1.3779,-0.4645,13.8397,1429,3025.87
56884,-6.1687,0.4046,11.0756,1431,3025.87
56889,0.5303,2.9928,7.7871,1443,3025.41
56894,3.6117,3.5626,10.6829,1433,3025.41
56899,-1.5886,-0.5578,13.8469,1430,3025.41
56904,-6.1387,0.5926,10.8912,1423,3025.41
56909,0.7841,3.0634,7.9511,1445,3025.11
56914,3.6859,3.45,10.7691,1433,3025.11
56919,-1.7597,-0.7111,13.9031,1429,3025.11
56924,-6.1351,0.7494,10.7164,1433,3025.11
56929,0.99,3.1184,7.8817,1435,3025.11
56934,3.6835,3.3674,10.8565,1435,3025.11
56939,-1.9764,-0.9074,13.878,1429,3025.11
56944,-6.0741,0.9313,10.5453,1432,3025.11
56949,1.1851,3.1687,7.9906,1439,3024.96
56954,3.7493,3.2453,11.0397,1430,3024.96
56959,-2.1404,-1.0151,13.9402,1431,3024.96
56964,-6.0693,1.0953,10.3166,1431,3024.96
56969,1.3671,3.2238,8.0541,1445,3025.11
56974,3.7194,3.1424,11.1582,1431,3025.11
56979,-2.3786,-1.1456,13.8959,1433,3025.11
56984,-5.9855,1.2641,10.1813,1429,3025.11
56989,1.4246,3.2801,8.1558,1440,3025.11
56994,3.6691,3.0095,11.3198,1431,3025.11
56999,-2.5821,-1.2534,13.8361,1429,3025.11
57004,-5.9053,1.3743,9.9647,1435,3025.11
57009,1.6197,3.3291,8.2277,1446,3025.41
57014,3.5518,2.8718,11.4347,1429,3025.41
57019,-2.7677,-1.3755,13.8876,1427,3025.41
57024,-5.7425,1.5586,9.8043,1435,3025.41
57029,1.6855,3.3531,8.3414,1435,3025.41
57034,3.4979,2.7545,11.564,1431,3025.41
57039,-3.0095,-1.5251,13.8002,1429,3025.41
57044,-5.6252,1.6795,9.6103,1437,3025.41
57049,1.8735,3.4022,8.4479,1436,3025.57
57054,3.3674,2.575,11.8214,1430,3025.57
57059,-3.237,-1.6161,13.7248,1427,3025.57
57064,-5.4145,1.8435,9.3889,1439,3025.57
57069,1.9668,3.4237,8.4396,1440,3025.87
57074,3.2154,2.4014,11.8561,1434,3025.87
57079,-3.3734,-1.6879,13.5715,1429,3025.87
57084,-5.2744,1.9417,9.1686,1433,3025.87
57089,2.0255,3.4943,8.6455,1445,3025.87
57094,3.037,2.247,12.0297,1421,3025.87
57099,-3.6248,-1.7621,13.5596,1427,3025.87
57104,-5.0218,2.0411,9.0764,1427,3025.87
57109,2.1165,3.5219,8.7759,1439,3026.02
57114,2.8036,2.0698,12.1362,1435,3026.02
57119,-3.8331,-1.7897,13.4973,1427,3026.02
57124,-4.7537,2.0961,8.9016,1433,3026.02
57129,2.1524,3.6009,8.8729,1437,3025.57
57134,2.5355,1.9261,12.2823,1438,3025.57
57139,-4.0462,-1.7669,13.4015,1423,3025.57
57144,-4.5023,2.2398,8.7257,1459,3026.02
57149,2.1991,3.6224,8.934,1430,3026.02
57154,2.308,1.7454,12.4498,1432,3026.02
57159,-4.2784,-1.7837,13.2507,1431,3026.02
57164,-4.1623,2.2829,8.582,1459,3025.72
57169,2.2529,3.6392,9.0836,1432,3025.72
57174,1.9908,1.5802,12.5803,1430,3025.72
57179,-4.4544,-1.7286,13.1693,1434,3025.72
57184,-3.8247,2.3691,8.4384,1446,3027.55
57189,2.3415,3.7134,9.092,1431,3027.55
57194,1.7394,1.3922,12.706,1429,3027.55
57199,-4.6591,-1.6795,13.119,1435,3027.55
57204,-3.4895,2.387,8.2935,1439,3026.33
57209,2.4146,3.7565,9.2763,1437,3026.33
57214,1.3922,1.2306,12.7395,1423,3026.33
57219,-4.8016,-1.567,12.9538,1433,3026.33
57224,-3.1292,2.4445,8.1367,1455,3026.48
57229,2.496,3.8116,9.3565,1435,3026.48
57234,1.1085,1.087,12.9179,1433,3026.48
57239,-4.9775,-1.4844,12.8509,1433,3026.48
57244,-2.7964,2.5259,8.102,1440,3026.02
57249,2.648,3.8774,9.4475,1437,3026.02
57254,0.8751,0.9397,13.04,1431,3026.02
57259,-5.108,-1.3994,12.6258,1429,3026.02
57264,-2.4074,2.5367,7.9607,1464,3025.87
57269,2.7162,3.8247,9.5385,1435,3025.87
57274,0.5315,0.7985,13.2316,1429,3025.87
57279,-5.2409,-1.2474,12.56,1427,3025.87
57284,-2.0913,2.5654,7.8518,1463,3026.02
57289,2.8156,3.8858,9.6618,1433,3026.02
57294,0.3256,0.65,13.1921,1427,3026.02
57299,-5.3391,-1.1181,12.3637,1431,3026.02
57304,-1.7131,2.6468,7.841,1455,3026.02
57309,2.9556,3.9014,9.8138,1433,3026.02
57314,0.0311,0.516,13.3644,1430,3026.02
57319,-5.5031,-0.9732,12.2667,1432,3026.02
57324,-3.3411,2.3966,8.2588,1454,3026.33
57329,3.0083,3.863,9.8833,1431,3026.33
57334,1.3252,1.233,12.8617,1433,3026.33
57339,-4.8207,-1.6065,12.8485,1431,3026.33
57344,-2.9712,2.4481,8.1151,1453,3026.33
57349,3.1304,3.8654,9.9276,1431,3026.33
57354,1.1349,1.0451,12.9897,1429,3026.33
57359,-4.956,-1.4796,12.7395,1425,3026.33
57364,-2.5929,2.5379,8.0194,1463,3026.18
57369,2.6659,3.7733,9.4667,1431,3026.18
57374,0.747,0.8547,13.0424,1429,3026.18
57379,-5.0913,-1.3755,12.6234,1434,3026.18
57384,-2.2541,2.5534,7.8937,1453,3026.02
57389,2.7461,3.8307,9.6067,1435,3026.02
57394,0.51,0.7374,13.222,1425,3026.02
57399,-5.284,-1.2498,12.5121,1447,3026.02
57404,-1.9393,2.5654,7.8219,1445,3026.02
57409,2.8311,3.8331,9.6762,1434,3026.02
57414,0.1927,0.5459,13.277,1425,3026.02
57419,-5.4049,-1.1241,12.3325,1432,3026.02
57424,-1.5395,2.636,7.847,1453,3026.18
57429,2.9257,3.881,9.8414,1432,3026.18
57434,-0.0251,0.492,13.3884,1423,3026.18
57439,-5.5713,-0.9361,12.1135,1435,3026.18
57444,-1.2965,2.6707,7.7644,1445,3026.18
57449,3.0047,3.8355,9.8689,1431,3026.18
57454,-0.2251,0.2658,13.471,1429,3026.18
57459,-5.7281,-0.7314,12.0512,1440,3026.18
57464,-0.9445,2.7438,7.7692,1440,3026.33
57469,3.1244,3.8367,10.0245,1435,3026.33
57474,-0.4621,0.1616,13.4829,1431,3026.33
57479,-5.8251,-0.5279,11.8752,1432,3026.33
57484,-0.6512,2.7509,7.7249,1449,3026.33
57489,3.2082,3.8259,10.1574,1434,3026.33
57494,-0.6716,0.0048,13.6469,1431,3026.33
57499,-5.9161,-0.3029,11.6849,1432,3026.33
57504,-0.3112,2.8826,7.7859,1439,3026.79
57509,3.3555,3.8188,10.2185,1433,3026.79
57514,-0.9014,-0.1209,13.6529,1427,3026.79
57519,-6.019,-0.0742,11.4718,1432,3026.79
57524,-0.0132,2.9173,7.7955,1440,3026.79
57529,3.3758,3.7373,10.3741,1427,3026.79
57534,-1.1133,-0.2897,13.7679,1431,3026.79
57539,-6.0549,0.0946,11.3413,1432,3026.79
57544,0.267,2.9449,7.7656,1443,3026.63
57549,3.5326,3.717,10.4663,1432,3026.63
57554,-1.3491,-0.4525,13.7966,1433,3026.63
57559,-6.1435,0.3364,11.1486,1431,3026.63
57564,0.5327,3.0299,7.8099,1439,3026.63
57569,3.626,3.5733,10.6793,1431,3026.63
57574,-1.5335,-0.5722,13.884,1429,3026.63
57579,-6.1232,0.565,10.9331,1435,3026.63
57584,0.7793,3.0969,7.8314,1439,3026.79
57589,3.6583,3.5231,10.7631,1431,3026.79
57594,-1.7849,-0.7278,13.9055,1427,3026.79
57599,-6.1435,0.7578,10.7691,1439,3026.79
57604,0.996,3.1256,7.8913,1437,3026.48
57609,3.7218,3.3854,10.8936,1431,3026.48
57614,-1.9944,-0.8727,13.8289,1428,3026.48
57619,-6.1363,0.917,10.5369,1437,3026.48
57624,1.1791,3.146,8.0026,1439,3026.48
57629,3.7266,3.298,11.0241,1433,3026.48
57634,-2.1488,-0.9936,13.8959,1427,3026.48
57639,-6.0633,1.1552,10.3346,1435,3026.48
57644,1.3635,3.2214,8.0385,1437,3027.09
57649,3.7158,3.1053,11.2049,1433,3027.09
57654,-2.381,-1.1887,13.8971,1427,3027.09
57659,-5.9987,1.2737,10.1766,1431,3027.09
57664,1.4964,3.2441,8.0912,1440,3026.79
57669,3.723,2.9616,11.3868,1432,3026.79
57674,-2.6217,-1.2689,13.86,1429,3026.79
57679,-5.873,1.4437,9.9431,1431,3026.79
57684,1.6269,3.2956,8.2193,1439,3027.4
57689,3.6476,2.8216,11.5436,1431,3027.4
57694,-2.8216,-1.4868,13.8241,1427,3027.4
57699,-5.7485,1.5658,9.7288,1443,3027.7
57704,1.7717,3.3639,8.3115,1430,3027.7
57709,3.5207,2.6887,11.7064,1436,3027.7
57714,-3.0813,-1.5383,13.7427,1423,3027.7
57719,-5.5952,1.7166,9.5181,1463,3027.55
57724,1.8842,3.3914,8.3665,1430,3027.55
57729,3.377,2.49,11.8681,1433,3027.55
57734,-3.3447,-1.6305,13.7152,1435,3027.55
57739,-5.375,1.8543,9.3374,1448,3026.63
57744,1.9644,3.4417,8.521,1431,3026.63
57749,3.1472,2.3607,11.9961,1431,3026.63
57754,-3.5973,-1.7095,13.6051,1436,3026.63
57759,-5.1846,1.9441,9.1506,1463,3027.4
57764,2.0937,3.4309,8.6012,1437,3027.4
57769,2.9137,2.1584,12.1949,1430,3027.4
57774,-3.7876,-1.7789,13.5141,1438,3027.4
57779,-4.8686,2.1225,8.989,1449,3026.18
57784,2.1261,3.5602,8.7999,1433,3026.18
57789,2.5929,2.0207,12.2906,1429,3026.18
57794,-3.9804,-1.749,13.3896,1429,3026.18
57799,-4.5957,2.138,8.7664,1459,3025.87
57804,2.1608,3.5745,8.8645,1436,3025.87
57809,2.3846,1.8076,12.3637,1427,3025.87
57814,-4.1587,-1.8052,13.3513,1429,3025.87
57819,-4.3048,2.2901,8.6622,1455,3025.57
57824,2.2015,3.6739,8.9567,1435,3025.57
57829,2.1045,1.6664,12.4594,1431,3025.57
57834,-4.3012,-1.7669,13.2519,1431,3025.57
57839,-4.0498,2.308,8.4803,1459,3025.87
57844,2.2302,3.7098,9.0764,1439,3025.87
57849,1.8567,1.4952,12.6749,1431,3025.87
57854,-4.5107,-1.7071,13.1106,1431,3025.87
57859,-3.6907,2.4421,8.3402,1459,3026.02
57864,2.3834,3.8008,9.1854,1435,3026.02
57869,1.5622,1.385,12.736,1427,3026.02
57874,-4.6998,-1.6209,13.0101,1433,3026.02
57879,-3.3507,2.4325,8.2648,1455,3025.72
57884,2.4696,3.7888,9.2907,1433,3025.72
57889,1.3072,1.1851,12.8976,1433,3025.72
57894,-4.859,-1.5706,12.9203,1432,3025.72
57899,-3.0227,2.5091,8.1175,1455,3024.5
57904,2.5462,3.8271,9.3937,1432,3024.5
57909,1.063,1.0606,12.9215,1433,3024.5
57914,-5.0027,-1.4569,12.7467,1431,3024.5
57919,-2.6803,2.5259,8.0541,1452,3023.43
57924,2.642,3.887,9.5181,1432,3023.43
57929,0.7482,0.9038,13.064,1431,3023.43
57934,-5.0578,-1.3755,12.6929,1431,3023.43
57939,-2.3308,2.5929,7.9631,1455,3022.52
57944,2.7677,3.8666,9.5517,1433,3022.52
57949,0.5471,0.7877,13.1466,1430,3022.52
57954,-5.1978,-1.2498,12.4917,1432,3022.52
57959,-2.0375,2.6228,7.9188,1454,3022.06
57964,2.8048,3.8391,9.6822,1433,3022.06
57969,0.2993,0.6464,13.2399,1429,3022.06
57974,-5.2529,-1.1265,12.317,1437,3022.06
57979,-1.7238,2.6312,7.8386,1453,3021.45
57984,2.9006,3.8774,9.7025,1435,3021.45
57989,0.0922,0.589,13.3237,1428,3021.45
57994,-5.3738,-1.0175,12.2332,1436,3021.45
57999,-1.4485,2.6647,7.8195,1439,3021.0
58004,2.9485,3.8367,9.8378,1433,3021.0
58009,-0.067,0.395,13.38,1428,3021.0
58014,-5.4995,-0.8739,12.0464,1431,3021.0
58019,-1.1983,2.6875,7.7405,1439,3020.84
58024,3.0167,3.8152,9.9168,1434,3020.84
58029,-0.2478,0.3041,13.453,1426,3020.84
58034,-5.6084,-0.7709,12.0129,1432,3020.84
58039,-0.9325,2.7354,7.7704,1446,3020.08
58044,3.0706,3.808,10.0389,1435,3020.08
58049,-0.4262,0.2119,13.4889,1432,3020.08
58054,-5.6312,-0.668,11.789,1431,3020.08
58059,-0.7398,2.7653,7.7788,1447,3020.24
58064,3.14,3.7637,10.167,1432,3020.24
58069,-0.4872,0.0479,13.6206,1431,3020.24
58074,-5.8047,-0.4501,11.6957,1433,3020.24
58079,-0.4836,2.7916,7.7141,1449,3020.08
58084,3.1699,3.7924,10.1766,1436,3020.08
58089,-0.7913,-0.0024,13.5859,1432,3020.08
58094,-5.855,-0.328,11.5951,1432,3020.08
58099,-0.2849,2.8335,7.7871,1439,3020.08
58104,3.2633,3.7649,10.2675,1436,3020.08
58109,-0.8906,-0.1448,13.623,1431,3020.08
58114,-5.9125,-0.1341,11.4168,1429,3020.08
58119,-0.0132,2.9149,7.7345,1439,3020.39
58124,3.3782,3.7397,10.3789,1433,3020.39
58129,-1.1313,-0.2191,13.7367,1427,3020.39
58134,-6.0059,0.0335,11.2863,1429,3020.39
58139,0.1891,2.9389,7.8482,1438,3020.54
58144,3.3926,3.6464,10.5046,1433,3020.54
58149,-1.2833,-0.3591,13.7499,1431,3020.54
58154,-6.0633,0.2239,11.1342,1429,3020.54
58159,0.3675,3.0131,7.7752,1440,3020.69
58164,3.468,3.644,10.5536,1435,3020.69
58169,-1.3862,-0.5064,13.7882,1429,3020.69
58174,-6.0837,0.4022,11.0528,1429,3020.69
58179,0.6129,3.0131,7.8973,1439,3020.69
58184,3.5386,3.5458,10.7284,1432,3020.69
58189,-1.5886,-0.595,13.8205,1432,3020.69
58194,-6.0849,0.6009,10.8218,1429,3020.69
58199,0.7685,3.0706,7.9176,1445,3021.0
58204,3.5781,3.5314,10.8206,1427,3021.0
58209,-1.6951,-0.7242,13.8421,1429,3021.0
58214,-6.1028,0.7207,10.6925,1435,3021.0
58219,0.9301,3.1077,7.9332,1439,3021.0
58224,3.6105,3.389,10.9367,1431,3021.0
58229,-1.8447,-0.8404,13.775,1429,3021.0
58234,-6.0525,0.8954,10.5548,1431,3021.0
58239,1.0774,3.1544,7.9739,1437,3020.84
58244,3.614,3.3064,11.0409,1429,3020.84
58249,-1.9848,-0.9517,13.8576,1427,3020.84
58254,-6.013,1.0199,10.4172,1436,3020.84
58259,1.2103,3.1987,8.0709,1436,3020.84
58264,3.6595,3.1867,11.1259,1433,3020.84
58269,-2.1799,-1.0989,13.7762,1423,3020.84
58274,-6.0023,1.1444,10.2532,1438,3020.84
58279,1.3707,3.2561,8.1666,1436,3020.69
58284,3.6536,3.1173,11.2336,1436,3020.69
58289,-2.3619,-1.1552,13.8145,1425,3020.69
58294,-5.9256,1.3132,10.0999,1437,3020.69
58299,1.482,3.2597,8.1774,1447,3020.69
58304,3.5973,2.9904,11.2659,1431,3020.69
58309,-2.5019,-1.3001,13.7918,1429,3020.69
58314,-5.8359,1.3838,9.9419,1429,3020.69
58319,1.64,3.3064,8.3246,1440,3021.0
58324,3.5434,2.891,11.5041,1431,3021.0
58329,-2.7473,-1.3803,13.7559,1428,3021.0
58334,-5.7676,1.5311,9.7468,1427,3021.0
58339,1.7166,3.3291,8.3438,1437,3020.69
58344,3.4477,2.7605,11.558,1435,3020.69
58349,-2.9161,-1.5083,13.7224,1427,3020.69
58354,-5.6383,1.6544,9.6786,1433,3020.69
58359,1.7597,3.3758,8.4467,1437,3021.15
58364,3.3303,2.6348,11.7591,1434,3021.15
58369,-3.1161,-1.5886,13.702,1425,3021.15
58374,-5.515,1.7717,9.4846,1440,3021.0
58379,1.8806,3.3866,8.4982,1428,3021.0
58384,3.1975,2.4744,11.8357,1436,3021.0
58389,-3.298,-1.6388,13.6553,1427,3021.0
58394,-5.3893,1.8878,9.3494,1463,3021.15
58399,1.9369,3.5171,8.5581,1431,3021.15
58404,3.0358,2.3918,11.9542,1433,3021.15
58409,-3.4441,-1.7107,13.5979,1435,3021.15
58414,-5.1739,1.9166,9.2153,1455,3021.3
58419,1.992,3.5003,8.679,1431,3021.3
58424,2.8611,2.2517,12.0524,1433,3021.3
58429,-3.6332,-1.7346,13.5584,1435,3021.3
58434,-4.9692,2.0411,9.0393,1439,3021.76
58439,2.0794,3.5566,8.8071,1433,3021.76
58444,2.6624,2.1284,12.129,1433,3021.76
58449,-3.784,-1.7274,13.471,1436,3021.76
58454,-4.7716,2.0865,8.8921,1445,3022.06
58459,2.0997,3.5769,8.8681,1435,3022.06
58464,2.5594,2.0183,12.2918,1429,3022.06
58469,-3.9995,-1.7262,13.4482,1435,3022.06
58474,-4.5238,2.241,8.8059,1463,3022.37
58479,2.1644,3.6691,8.9603,1434,3022.37
58484,2.2984,1.8459,12.4331,1432,3022.37
58489,-4.1563,-1.7382,13.2615,1423,3022.37
58494,-4.2796,2.2422,8.6311,1439,3022.06
58499,2.2242,3.6571,9.0489,1434,3022.06
58504,2.065,1.6616,12.5313,1429,3022.06
58509,-4.2916,-1.7119,13.2507,1427,3022.06
58514,-4.0282,2.32,8.4946,1440,3022.82
58519,2.326,3.7134,9.104,1434,3022.82
58524,1.8926,1.5634,12.5971,1431,3022.82
58529,-4.4293,-1.719,13.0999,1429,3022.82
58534,-3.7637,2.3391,8.3725,1463,3022.67
58539,2.4038,3.7697,9.2261,1434,3022.67
58544,1.5886,1.3467,12.6845,1429,3022.67
58549,-4.5705,-1.6281,13.058,1429,3022.67
58554,-3.4141,2.4002,8.278,1461,3022.82
58559,2.4852,3.8008,9.2883,1435,3022.82
58564,1.4246,1.2761,12.8066,1431,3022.82
58569,-4.725,-1.6173,12.8868,1429,3022.82
58574,-3.1065,2.4241,8.1774,1453,3022.67
58579,2.5546,3.7792,9.3793,1432,3022.67
58584,1.136,1.1001,12.9143,1431,3022.67
58589,-4.859,-1.5,12.7946,1432,3022.67
58594,-2.812,2.49,8.0936,1455,3022.67
58599,2.6635,3.8199,9.4176,1434,3022.67
58604,0.8224,0.996,12.9694,1431,3022.67
58609,-4.974,-1.4102,12.6761,1430,3022.67
58614,-2.4876,2.5115,7.9643,1460,3022.52
58619,2.6695,3.8499,9.5325,1432,3022.52
58624,0.6273,0.8356,13.0723,1431,3022.52
58629,-5.1272,-1.2905,12.4894,1429,3022.52
58634,-2.2146,2.5115,7.9057,1456,3022.37
58639,2.806,3.8666,9.6845,1427,3022.37
58644,0.4118,0.6943,13.1358,1429,3022.37
58649,-5.2062,-1.1827,12.4642,1433,3022.37
58654,-1.8854,2.5678,7.9057,1447,3022.21
58659,2.8,3.8044,9.7193,1433,3022.21
58664,0.1688,0.5614,13.2339,1430,3022.21
58669,-5.3642,-1.0965,12.2739,1435,3022.21
58674,-1.6185,2.624,7.8458,1445,3022.37
58679,2.8527,3.8894,9.8067,1431,3022.37
58684,0.073,0.4752,13.3106,1425,3022.37
58689,-5.5126,-0.9541,12.1326,1432,3022.37
58694,-1.3036,2.6839,7.7488,1449,3022.37
58699,2.9556,3.8331,9.8725,1433,3022.37
58704,-0.2191,0.3112,13.4255,1427,3022.37
58709,-5.5905,-0.8116,12.0488,1431,3022.37
58714,-1.0319,2.733,7.7716,1437,3022.37
58719,3.0538,3.8451,9.9922,1435,3022.37
58724,-0.3867,0.2239,13.4961,1429,3022.37
58729,-5.7569,-0.6404,11.8716,1433,3022.37
58734,-0.7195,2.7545,7.7931,1449,3022.82
58739,3.1412,3.8343,10.0676,1432,3022.82
58744,-0.6201,0.1077,13.538,1427,3022.82
58749,-5.8359,-0.4812,11.7986,1434,3022.82
58754,-0.4836,2.8264,7.7201,1447,3022.97
58759,3.1831,3.8188,10.1813,1433,3022.97
58764,-0.7841,0.018,13.6673,1431,3022.97
58769,-5.8957,-0.2466,11.57,1433,3022.97
58774,-0.2263,2.8383,7.7752,1447,3022.97
58779,3.2717,3.7373,10.3202,1436,3022.97
58784,-0.9756,-0.1472,13.6589,1428,3022.97
58789,-5.9855,-0.0874,11.4227,1431,3022.97
58794,0.0371,2.8802,7.7728,1448,3023.13
58799,3.4297,3.7134,10.4315,1434,3023.13
58804,-1.1552,-0.2586,13.6829,1427,3023.13
58809,-6.0059,0.1293,11.2911,1432,3023.13
58814,0.2753,2.9365,7.8254,1437,3023.13
58819,3.48,3.6416,10.5309,1430,3023.13
58824,-1.3216,-0.4082,13.7703,1433,3023.13
58829,-6.0286,0.2945,11.1342,1429,3023.13
58834,0.4669,3.0131,7.7919,1439,3022.97
58839,3.5506,3.6164,10.6686,1433,3022.97
58844,-1.4844,-0.5291,13.7978,1431,3022.97
58849,-6.0705,0.5004,10.9427,1432,3022.97
58854,0.6692,3.0442,7.8566,1439,3022.97
58859,3.5937,3.4884,10.8266,1431,3022.97
58864,-1.6424,-0.6883,13.872,1432,3022.97
58869,-6.0513,0.6345,10.8362,1432,3022.97
58874,0.8607,3.0909,7.8973,1440,3022.82
58879,3.6093,3.4656,10.8721,1429,3022.82
58884,-1.8112,-0.8021,13.8397,1429,3022.82
58889,-6.0992,0.8464,10.5884,1435,3022.82
58894,1.1049,3.1436,7.9799,1437,3022.82
58899,3.6512,3.3818,11.0205,1431,3022.82
58904,-2.0255,-0.9182,13.866,1429,3022.82
58909,-6.0693,0.9924,10.4256,1437,3022.82
58914,1.2318,3.1675,7.9966,1445,3022.82
58919,3.6631,3.2166,11.1223,1432,3022.82
58924,-2.1679,-1.0606,13.8277,1429,3022.82
58929,-6.0142,1.1253,10.3394,1437,3022.82
58934,1.3683,3.2609,8.1032,1439,3022.67
58939,3.6176,3.1125,11.2934,1431,3022.67
58944,-2.3667,-1.1815,13.8026,1423,3022.67
58949,-5.9628,1.2605,10.1071,1439,3022.67
58954,1.5479,3.2585,8.1295,1443,3022.67
58959,3.6164,2.9628,11.3844,1433,3022.67
58964,-2.5414,-1.3108,13.8636,1427,3022.67
58969,-5.8682,1.4078,9.979,1437,3022.67
58974,1.6041,3.3016,8.3007,1444,3022.67
58979,3.5518,2.8766,11.4646,1432,3022.67
58984,-2.7306,-1.4593,13.7738,1431,3022.67
58989,-5.7581,1.5598,9.754,1431,3022.67
58994,1.7406,3.3459,8.3617,1439,3022.37
58999,3.4584,2.7246,11.6023,1433,3022.37
59004,-2.9724,-1.5215,13.7583,1430,3022.37
59009,-5.6252,1.6652,9.6558,1431,3022.37
59014,1.8112,3.3998,8.4168,1438,3022.67
59019,3.322,2.5893,11.7292,1436,3022.67
59024,-3.1568,-1.5945,13.6158,1425,3022.67
59029,-5.4911,1.7885,9.4152,1440,3022.67
59034,1.8938,3.4536,8.5018,1429,3022.67
59039,3.158,2.4972,11.8681,1437,3022.67
59044,-3.371,-1.6316,13.6757,1421,3022.67
59049,-5.3187,1.895,9.3063,1447,3022.82
59054,1.9297,3.4548,8.6275,1429,3022.82
59059,3.0191,2.326,12.0141,1435,3022.82
59064,-3.5314,-1.7238,13.5763,1429,3022.82
59069,-5.0925,1.9908,9.1111,1462,3022.37
59074,1.9752,3.4776,8.7029,1427,3022.37
59079,2.8371,2.1943,12.1302,1434,3022.37
59084,-3.7397,-1.7346,13.556,1429,3022.37
59089,-4.877,2.0638,9.0357,1455,3023.43
59094,2.0482,3.4776,8.7676,1433,3023.43
59099,2.6624,2.0734,12.2044,1430,3023.43
59104,-3.9648,-1.7573,13.4351,1435,3023.43
59109,-4.6352,2.1656,8.8669,1449,3023.43
59114,2.0961,3.5889,8.9076,1432,3023.43
59119,2.4301,1.9249,12.3672,1428,3023.43
59124,-4.0594,-1.7573,13.3501,1439,3023.43
59129,-4.3934,2.2374,8.7005,1459,3023.74
59134,2.1931,3.6835,8.9148,1433,3023.74
59139,2.2206,1.7717,12.4678,1429,3023.74
59144,-4.2258,-1.7669,13.3034,1432,3023.74
59149,-4.1216,2.3188,8.6107,1448,3024.04
59154,2.3008,3.7158,9.0429,1432,3024.04
59159,1.9082,1.5874,12.5552,1433,3024.04
59164,-4.4209,-1.67,13.1262,1432,3024.04
59169,-3.8223,2.3906,8.3989,1449,3023.89
59174,2.3774,3.7697,9.1758,1431,3023.89
59179,1.6891,1.4653,12.7108,1429,3023.89
59184,-4.5514,-1.6831,13.1262,1429,3023.89
59189,-3.4644,2.381,8.3234,1451,3023.74
59194,2.4541,3.7936,9.2356,1432,3023.74
59199,1.4509,1.2989,12.7838,1429,3023.74
59204,-4.7238,-1.6209,12.8736,1431,3023.74
59209,-3.1376,2.4588,8.2325,1461,3023.58
59214,2.5283,3.8427,9.3027,1435,3023.58
59219,1.1097,1.1325,12.9119,1429,3023.58
59224,-4.8231,-1.4892,12.7802,1427,3023.58
59229,-2.8826,2.4876,8.1116,1456,3023.58
59234,2.6612,3.8008,9.4104,1431,3023.58
59239,0.9505,1.0068,12.9885,1432,3023.58
59244,-4.9728,-1.4581,12.706,1433,3023.58
59249,-2.5498,2.4744,8.0278,1451,3023.13
59254,2.7222,3.8403,9.4798,1431,3023.13
59259,0.6788,-0.6165,-0.6165,1429,3023.13
59264,-5.0518,-1.3443,12.5504,1431,3023.13
59269,-2.1979,2.5702,7.8853,1453,3023.13
59274,2.7629,3.8451,9.5672,1431,3023.13
59279,0.492,0.7266,13.2112,1429,3023.13
59284,-5.2265,-1.2246,12.3505,1432,3023.13
59289,-1.8495,2.6157,7.8829,1455,3023.28
59294,2.8276,3.8559,9.6786,1431,3023.28
59299,0.2837,0.6009,13.2304,1433,3023.28
59304,-5.3355,-1.1528,12.2104,1429,3023.28
59309,-1.6233,2.6288,7.8781,1455,3023.58
59314,2.8934,3.8307,9.7803,1433,3023.58
59319,0.0227,0.4286,13.3058,1427,3023.58
59324,-5.454,-0.9744,12.1242,1435,3023.58
59329,-1.3144,2.6947,7.8207,1452,3023.58
59334,2.9832,3.8487,9.9072,1435,3023.58
59339,-0.1484,0.3723,13.4626,1427,3023.58
59344,-5.6096,-0.8033,11.9794,1435,3023.58
59349,-0.9852,2.7019,7.7991,1445,3022.97
59354,3.043,3.8176,9.9539,1433,3022.97
59359,-0.3879,0.1879,13.5009,1429,3022.97
59364,-5.7676,-0.6189,11.9159,1434,3022.97
59369,-0.7183,2.8048,7.7728,1443,3024.19
59374,3.1184,3.8307,10.1191,1436,3024.19
59379,-0.5926,0.0754,13.5799,1427,3024.19
59384,-5.8586,-0.4968,11.7268,1434,3024.19
59389,-0.4573,2.7509,7.7584,1447,3024.04
59394,3.2058,3.7314,10.1766,1430,3024.04
59399,-0.8009,-0.0467,13.6936,1428,3024.04
59404,-5.9448,-0.2442,11.582,1432,3024.04
59409,-0.1568,2.8551,7.7752,1446,3024.04
59414,3.3866,3.814,10.2963,1433,3024.04
59419,-0.9708,-0.1616,13.6517,1429,3024.04
59424,-6.0226,-0.0359,11.3605,1430,3024.04
59429,0.0611,2.9006,7.7991,1450,3024.04
59434,3.3902,3.6775,10.4244,1435,3024.04
59439,-1.2031,-0.3926,13.775,1433,3024.04
59444,-6.0394,0.1915,11.2013,1435,3024.04
59449,0.3723,2.9808,7.7919,1437,3024.04
59454,3.5087,3.6751,10.5381,1431,3024.04
59459,-1.4485,-0.4681,13.8433,1427,3024.04
59464,-6.0621,0.3508,11.0169,1433,3024.04
59469,0.5507,2.9664,7.8566,1437,3024.19
59474,3.5171,3.5769,10.6805,1433,3024.19
59479,-1.585,-0.5818,13.878,1427,3024.19
59484,-6.1064,0.5387,10.9319,1429,3024.19
59489,0.7757,3.0837,7.8769,1444,3024.5
59494,3.6117,3.5255,10.7176,1431,3024.5
59499,-1.7406,-0.68,13.9067,1431,3024.5
59504,-6.1471,0.741,10.8014,1427,3024.5
59509,0.978,3.1436,7.9547,1440,3024.96
59514,3.6559,3.3686,10.9188,1429,3024.96
59519,-1.9609,-0.8284,13.8936,1427,3024.96
59524,-6.0645,0.911,10.5129,1435,3024.96
59529,1.1827,3.2022,7.9559,1443,3024.96
59534,3.7194,3.3243,11.0433,1429,3024.96
59539,-2.083,-1.0068,13.8756,1428,3024.96
59544,-6.025,1.1037,10.3597,1437,3024.96
59549,1.3168,3.2465,8.0565,1439,3025.11
59554,3.7062,3.1268,11.2204,1429,3025.11
59559,-2.3296,-1.1636,13.8696,1429,3025.11
59564,-5.9759,1.2306,10.1191,1439,3025.11
59569,1.5119,3.2813,8.1355,1437,3025.57
59574,3.6978,2.9904,11.3365,1433,3025.57
59579,-2.5199,-1.2294,13.8505,1425,3025.57
59584,-5.9005,1.4102,9.918,1439,3025.57
59589,1.6269,3.3255,8.2564,1443,3026.02
59594,3.6093,2.8024,11.485,1435,3026.02
59599,-2.7509,-1.4928,13.8157,1429,3026.02
59604,-5.7832,1.5,9.73,1434,3026.02
59609,1.7585,3.3435,8.2983,1445,3026.48
59614,3.5039,2.7354,11.5915,1428,3026.48
59619,-3.0011,-1.5646,13.8145,1429,3026.48
59624,-5.6324,1.6712,9.5876,1427,3026.48
59629,1.8316,3.3734,8.3905,1439,3026.63
59634,3.4022,2.5055,11.7244,1433,3026.63
59639,-3.201,-1.6436,13.7499,1429,3026.63
59644,-5.4289,1.8196,9.3577,1431,3026.63
59649,1.9058,3.4488,8.497,1439,3026.79
59654,3.1867,2.4014,11.9447,1437,3026.79
59659,-3.5015,-1.6783,13.641,1423,3026.79
59664,-5.2146,1.9393,9.2045,1451,3027.09
59669,2.0387,3.462,8.6107,1423,3027.09
59674,2.9556,2.2051,12.044,1436,3027.09
59679,-3.6978,-1.8148,13.611,1431,3027.09
59684,-4.9572,2.0243,9.0477,1463,3026.94
59689,2.0542,3.535,8.77,1431,3026.94
59694,2.7258,2.0399,12.2224,1435,3026.94
59699,-3.9576,-1.804,13.4949,1436,3026.94
59704,-4.6878,2.1177,8.8717,1443,3026.63
59709,2.1775,3.5314,8.8166,1433,3026.63
59714,2.5115,1.8567,12.3349,1429,3026.63
59719,-4.1432,-1.7777,13.4159,1437,3026.63
59724,-4.3766,2.2266,8.7113,1459,3027.7
59729,2.1799,3.6667,8.9866,1433,3027.7
59734,2.1416,1.7035,12.5277,1428,3027.7
59739,-4.3359,-1.737,13.2842,1435,3027.7
59744,-4.0893,2.3331,8.5401,1459,3027.55
59749,2.2505,3.6811,9.019,1435,3027.55
59754,1.883,1.4976,12.5995,1429,3027.55
59759,-4.531,-1.743,13.2076,1427,3027.55
59764,-3.7182,2.4062,8.4396,1459,3027.7
59769,2.3894,3.7984,9.153,1430,3027.7
59774,1.561,1.3336,12.7192,1431,3027.7
59779,-4.7202,-1.664,13.1035,1429,3027.7
59784,-3.3674,2.4361,8.266,1462,3027.55
59789,2.4397,3.8355,9.3003,1435,3027.55
59794,1.2558,1.1732,12.8952,1429,3027.55
59799,-4.8997,-1.567,12.9838,1433,3027.55
59804,-2.9485,2.496,8.0984,1456,3028.16
59809,2.6133,3.8858,9.3661,1437,3028.16
59814,0.9828,1.0139,13.0065,1425,3028.16
59819,-5.0601,-1.4557,12.7779,1431,3028.16
59824,-2.5881,2.5474,8.0026,1453,3028.47
59829,2.6635,3.8858,9.4607,1433,3028.47
59834,0.6512,0.893,13.1717,1431,3028.47
59839,-5.2074,-1.3036,12.6103,1432,3028.47
59844,-2.1895,2.5809,7.9116,1453,3028.77
59849,2.8012,3.9014,9.5744,1433,3028.77
59854,0.4417,0.6919,13.2232,1429,3028.77
59859,-5.3606,-1.1301,12.4283,1429,3028.77
59864,-1.7633,2.6276,7.8434,1453,3028.93
59869,2.9293,3.8882,9.7085,1431,3028.93
59874,0.1041,0.5399,13.3309,1429,3028.93
59879,-5.4779,-0.9936,12.3397,1437,3028.93
59884,-1.3587,2.6671,7.7476,1455,3029.39
59889,3.0682,3.8858,9.7707,1423,3029.39
59894,-0.1137,0.3783,13.4147,1428,3029.39
59899,-5.6276,-0.8021,12.1111,1437,3029.39
59904,-1.0187,2.7258,7.7177,1439,3030.0
59909,3.1831,3.8295,9.9395,1433,3030.0
59914,-0.3783,0.1915,13.5512,1423,3030.0
59919,-5.7664,-0.5806,11.9052,1429,3030.0
59924,-0.6141,2.794,7.6974,1445,3030.3
59929,3.2872,3.802,10.0521,1434,3030.3
59934,-0.5926,0.012,13.6541,1429,3030.3
59939,-5.8706,-0.4106,11.7723,1433,3030.3
59944,-0.267,2.8311,7.6674,1447,3030.61
59949,3.4441,3.7733,10.1837,1429,3030.61
59954,-0.8368,-0.1664,13.6948,1431,3030.61
59959,-5.9711,-0.1425,11.5089,1432,3030.61
59964,0.0347,2.873,7.6507,1448,3030.92
59969,3.5267,3.7002,10.3908,1435,3030.92
59974,-1.0606,-0.3519,13.7691,1431,3030.92
59979,-6.1351,0.1173,11.3437,1428,3030.92
59984,0.3496,2.9413,7.7033,1447,3030.76
59989,3.6152,3.6416,10.4698,1435,3030.76
59994,-1.3372,-0.4968,13.793,1426,3030.76
59999,-6.1507,0.2801,11.0995,1433,3030.76
60004,0.6393,2.9532,7.774,1437,3030.61
60009,3.6619,3.4955,10.641,1432,3030.61
60014,-1.6113,-0.6847,13.8576,1429,3030.61
60019,-6.2273,0.5758,10.8804,1433,3030.61
60024,0.9254,3.0694,7.8123,1440,3030.61
60029,3.6859,3.4297,10.8098,1431,3030.61
60034,-1.9034,-0.8906,13.8804,1433,3030.61
60039,-6.1842,0.7901,10.6255,1429,3030.61
60044,1.1109,3.0837,7.926,1439,3030.92
60049,3.6907,3.2705,11.0313,1427,3030.92
60054,-2.2063,-1.0738,13.9211,1431,3030.92
60059,-6.1914,1.0642,10.3837,1437,3030.92
60064,1.3348,3.1891,8.0134,1443,3030.92
60069,3.7098,3.1496,11.218,1431,3030.92
60074,-2.5199,-1.1839,13.9199,1431,3030.92
60079,-6.0358,1.2725,10.1897,1438,3030.92
60084,1.5036,3.2597,8.0732,1437,3031.07
60089,3.6452,2.9688,11.3617,1431,3031.07
60094,-2.7545,-1.3635,13.9247,1430,3031.07
60099,-5.9101,1.4796,9.9934,1438,3031.07
60104,1.6532,3.3627,8.187,1438,3030.92
60109,3.5829,2.8742,11.5293,1433,3030.92
60114,-3.0394,-1.4676,13.86,1427,3030.92
60119,-5.8203,1.6843,9.7552,1436,3030.92
60124,1.7669,3.4058,8.2935,1439,3030.92
60129,3.4357,2.642,11.7627,1429,3030.92
60134,-3.2872,-1.5562,13.8086,1429,3030.92
60139,-5.5462,1.8459,9.505,1431,3030.92
60144,1.9357,3.45,8.4264,1439,3031.07
60149,3.2669,2.5187,11.9016,1434,3031.07
60154,-3.5303,-1.6544,13.7355,1421,3031.07
60159,-5.3367,1.9597,9.3601,1447,3031.68
60164,1.968,3.4656,8.5078,1429,3031.68
60169,3.0251,2.2853,12.0931,1437,3031.68
60174,-3.7637,-1.725,13.5919,1423,3031.68
60179,-5.0063,2.1153,9.0836,1459,3031.99
60184,2.1093,3.6117,8.6981,1430,3031.99
60189,2.7545,2.053,12.2475,1449,3031.99
60194,-4.0067,-1.7119,13.5165,1432,3031.99
60199,-4.6651,2.1799,8.843,1453,3032.29
60204,2.2122,3.6751,8.7532,1432,3032.29
60209,2.484,1.828,12.39,1432,3032.29
60214,-4.2222,-1.7334,13.4351,1435,3032.29
60219,-4.288,2.2589,8.6131,1444,3032.29
60224,2.3188,3.6895,8.9316,1436,3032.29
60229,2.2242,1.6544,12.5875,1431,3032.29
60234,-4.4388,-1.7154,13.3189,1437,3032.29
60239,-3.8379,2.3798,8.4479,1465,3032.75
60244,2.4481,3.7505,9.0214,1433,3032.75
60249,1.8112,1.4138,12.7587,1429,3032.75
60254,-4.6567,-1.6771,13.064,1429,3032.75
60259,-3.4237,2.4074,8.2636,1449,3032.29
60264,2.5558,3.7733,9.0812,1433,3032.29
60269,1.4712,1.2079,12.9323,1429,3032.29
60274,-4.8914,-1.5897,12.961,1433,3032.29
60279,-3.0143,2.49,8.0649,1461,3032.14
60284,2.7114,3.8068,9.2488,1433,3032.14
60289,1.075,1.008,12.9897,1429,3032.14
60294,-5.0075,-1.4916,12.7659,1432,3032.14
60299,-2.5438,2.5666,8.023,1449,3031.83
60304,2.7521,3.8714,9.4367,1431,3031.83
60309,0.7805,0.8296,13.113,1431,3031.83
60314,-5.2194,-1.3024,12.6498,1432,3031.83
60319,-2.1524,2.5127,7.8614,1456,3031.68
60324,2.8898,3.8391,9.5421,1433,3031.68
60329,0.4944,0.6069,13.2579,1433,3031.68
60334,-5.4073,-1.1456,12.4534,1431,3031.68
60339,-1.725,2.636,7.8207,1453,3031.99
60344,2.9868,3.8475,9.7396,1432,3031.99
60349,0.1053,0.4669,13.3884,1432,3031.99
60354,-5.5665,-0.9649,12.2104,1433,3031.99
60359,-1.2857,2.6899,7.7345,1450,3032.29
60364,3.0825,3.8535,9.7791,1435,3032.29
60369,-0.1616,0.261,13.4674,1431,3032.29
60374,-5.7844,-0.7673,12.0572,1437,3032.29
60379,-0.8571,2.7354,7.7464,1448,3032.29
60384,3.2298,3.7936,9.985,1443,3032.29
60389,-0.4621,0.0934,13.5596,1429,3032.29
60394,-5.9268,-0.504,11.8226,1435,3032.29
60399,-0.5064,2.7904,7.6447,1445,3032.45
60404,3.298,3.7864,10.1227,1433,3032.45
60409,-0.7075,-0.1113,13.72,1429,3032.45
60414,-6.0585,-0.2658,11.5999,1431,3032.45
60419,-0.1341,2.8467,7.6902,1448,3032.45
60424,3.4201,3.7553,10.252,1429,3032.45
60429,-1.0187,-0.2047,13.775,1430,3032.45
60434,-6.1687,0.0012,11.4215,1429,3032.45
60439,0.2167,2.8886,7.7201,1447,3032.14
60444,3.5147,3.6607,10.4507,1434,3032.14
60449,-1.318,-0.4058,13.878,1431,3032.14
60454,-6.2309,0.2789,11.145,1430,3032.14
60459,0.5064,3.0143,7.7824,1444,3032.14
60464,3.6236,3.5925,10.55,1433,3032.14
60469,-1.5957,-0.6021,13.8445,1428,3032.14
60474,-6.2381,0.5255,10.9523,1433,3032.14
60479,0.7817,3.0586,7.8841,1437,3032.45
60484,3.699,3.4824,10.7907,1423,3032.45
60489,-1.8759,-0.8045,13.9366,1437,3032.45
60494,-6.2453,0.8056,10.72,1431,3032.45
60499,1.0259,3.1352,7.8853,1439,3032.6
60504,3.7098,3.3279,10.9499,1428,3032.6
60509,-2.1751,-0.9732,14.0049,1430,3032.6
60514,-6.1962,1.0415,10.4686,1430,3032.6
60519,1.2653,3.1879,7.9966,1435,3032.14
60524,3.735,3.1603,11.1259,1430,3032.14
60529,-2.4529,-1.1384,13.9402,1433,3032.14
60534,-6.1172,1.2641,10.2208,1436,3032.14
60539,1.4748,3.3016,8.0661,1437,3032.14
60544,3.6811,3.0418,11.2946,1431,3032.14
60549,-2.6983,-1.2809,13.9905,1431,3032.14
60554,-5.9628,1.4581,10.0317,1437,3032.14
60559,1.6233,3.2848,8.1918,1437,3031.99
60564,3.6404,2.8467,11.5089,1431,3031.99
60569,-2.9521,-1.415,13.872,1422,3031.99
60574,-5.861,1.6484,9.7731,1439,3031.99
60579,1.8088,3.3423,8.2684,1440,3032.14
60584,3.5781,2.7174,11.716,1433,3032.14
60589,-3.237,-1.5071,13.8481,1429,3032.14
60594,-5.5881,1.8004,9.6127,1430,3032.14
60599,1.9046,3.4309,8.4108,1445,3032.14
60604,3.3423,2.4541,11.8118,1433,3032.14
60609,-3.4584,-1.573,13.708,1429,3032.14
60614,-5.3032,1.9237,9.2751,1429,3032.14
60619,2.0351,3.5051,8.497,1435,3032.29
60624,3.1651,2.2936,12.0512,1435,3032.29
60629,-3.7122,-1.652,13.708,1427,3032.29
60634,-4.9895,2.0973,9.08,1461,3032.6
60639,2.2051,3.6021,8.6335,1429,3032.6
60644,2.8491,2.0087,12.1925,1437,3032.6
60649,-3.9816,-1.7633,13.5751,1433,3032.6
60654,-4.7034,2.1452,8.8597,1455,3032.45
60659,2.2649,3.6176,8.8047,1431,3032.45
60664,2.5534,1.8783,12.378,1437,3032.45
60669,-4.1982,-1.7992,13.4399,1436,3032.45
60674,-4.2653,2.2338,8.6048,1445,3031.99
60679,2.3308,3.6643,8.8131,1435,3031.99
60684,2.2015,1.6269,12.5708,1427,3031.99
60689,-4.4532,-1.7645,13.3142,1435,3031.99
60694,-3.8798,2.3331,8.4791,1453,3032.6
60699,2.4481,3.7457,9.0621,1432,3032.6
60704,1.8555,1.4042,12.7467,1427,3032.6
60709,-4.6364,-1.6855,13.1549,1435,3032.6
60714,-3.4919,2.3858,8.2911,1438,3033.37
60719,2.5498,3.7553,9.1207,1431,3033.37
60724,1.5311,1.1588,12.8808,1431,3033.37
60729,-4.8746,-1.6281,13.0149,1420,3033.37
60734,-3.0442,2.4505,8.163,1459,3032.91
60739,2.642,3.8128,9.2787,1435,3032.91
60744,1.1456,1.0355,12.9814,1427,3032.91
60749,-5.0829,-1.4808,12.785,1432,3032.91
60754,-2.5857,2.5031,7.9871,1455,3033.52
60759,2.7198,3.8164,9.4535,1434,3033.52
60764,0.7614,0.8272,13.1406,1427,3033.52
60769,-5.2792,-1.3168,12.6426,1433,3033.52
60774,-2.1524,2.5426,7.8494,1447,3033.83
60779,2.8287,3.8487,9.5433,1434,3033.83
60784,0.4441,0.6404,13.2723,1429,3033.83
60789,-5.5354,-1.1217,12.4056,1431,3033.83
60794,-1.6616,2.6324,7.7249,1455,3033.83
60799,2.9317,3.8499,9.6367,1429,3033.83
60804,0.0646,0.4298,13.4075,1429,3033.83
60809,-5.6814,-0.9182,12.2463,1433,3033.83
60814,-1.2594,2.7234,7.7237,1455,3033.52
60819,3.1065,3.8439,9.827,1431,3033.52
60824,-0.1975,0.2753,13.5141,1432,3033.52
60829,-5.8514,-0.674,12.0021,1437,3033.52
60834,-0.8009,2.7557,7.7213,1451,3033.67
60839,3.2537,3.8798,9.9347,1431,3033.67
60844,-0.5279,0.0862,13.6302,1427,3033.67
60849,-6.0154,-0.4705,11.8226,1437,3033.67
60854,-0.4501,2.7976,7.6938,1451,3033.52
60859,3.3196,3.8044,10.1035,1431,3033.52
60864,-0.8116,-0.091,13.69,1430,3033.52
60869,-6.0849,-0.164,11.6274,1435,3033.52
60874,-0.0563,2.903,7.6998,1448,3033.37
60879,3.4848,3.7266,10.3034,1430,3033.37
60884,-1.1253,-0.2885,13.8493,1429,3033.37
60889,-6.1962,0.1089,11.3545,1429,3033.37
60894,0.3017,2.9078,7.7093,1450,3032.91
60899,3.6404,3.6284,10.4399,1437,3032.91
60904,-1.3827,-0.4453,13.8421,1429,3032.91
60909,-6.2201,0.419,11.133,1431,3032.91
60914,0.6165,3.049,7.7967,1449,3032.45
60919,3.6871,3.5781,10.6494,1433,3032.45
60924,-1.7023,-0.6692,13.9259,1427,3032.45
60929,-6.2153,0.6285,10.9307,1432,3032.45
60934,0.899,3.0466,7.7464,1436,3032.14
60939,3.7493,3.4069,10.8517,1429,3032.14
60944,-1.9537,-0.8667,13.9546,1427,3032.14
60949,-6.1998,0.8918,10.7536,1431,3032.14
60954,1.1432,3.1783,7.8937,1437,3032.14
60959,3.8044,3.3243,10.9798,1431,3032.14
60964,-2.2146,-0.972,13.9534,1427,3032.14
60969,-6.1316,1.1169,10.4423,1429,3032.14
60974,1.3623,3.2046,7.999,1437,3031.99
60979,3.8176,3.1412,11.1857,1429,3031.99
60984,-2.484,-1.1971,13.9977,1431,3031.99
60989,-6.0657,1.324,10.2173,1433,3031.99
60994,1.5359,3.3088,8.0517,1437,3032.14
60999,3.7649,3.0239,11.3677,1429,3032.14
61004,-2.7629,-1.3204,13.8936,1432,3032.14
61009,-5.9245,1.4952,9.9395,1436,3032.14
61014,1.6759,3.2944,8.1487,1436,3032.14
61019,3.6188,2.8347,11.5736,1428,3032.14
61024,-3.0526,-1.4365,13.86,1423,3032.14
61029,-5.7353,1.658,9.6893,1439,3032.14
61034,1.8387,3.4046,8.2468,1437,3031.99
61039,3.5003,2.6372,11.7555,1432,3031.99
61044,-3.2633,-1.555,13.8074,1429,3031.99
61049,-5.4827,1.7861,9.4511,1428,3031.99
61054,2.0051,3.4465,8.4384,1440,3032.29
61059,3.3447,2.3918,11.9734,1431,3032.29
61064,-3.486,-1.6676,13.6745,1432,3032.29
61069,-5.2265,1.992,9.2201,1431,3032.29
61074,2.0997,3.5542,8.5521,1435,3031.99
61079,3.0825,2.1991,12.0572,1433,3031.99
61084,-3.8164,-1.7633,13.6051,1428,3031.99
61089,-4.9356,2.0973,8.9519,1445,3031.99
61094,2.1691,3.5326,8.6503,1431,3031.99
61099,2.7904,2.0075,12.317,1436,3031.99
61104,-4.0211,-1.8268,13.5057,1429,3031.99
61109,-4.5753,2.1691,8.7233,1456,3032.75
61114,2.3116,3.632,8.7257,1433,3032.75
61119,2.5139,1.822,12.4726,1433,3032.75
61124,-4.2617,-1.749,13.3788,1435,3032.75
61129,-4.2138,2.2745,8.6646,1439,3033.06
61134,2.3739,3.6559,8.9399,1433,3033.06
61139,2.138,1.5311,12.6091,1430,3033.06
61144,-4.5035,-1.725,13.1968,1437,3033.06
61149,-3.7864,2.314,8.351,1445,3032.6
61154,2.4768,3.7002,9.0609,1432,3032.6
61159,1.7765,1.3348,12.8018,1427,3032.6
61164,-4.7238,-1.6676,13.119,1435,3032.6
61169,-3.3543,2.3739,8.2504,1439,3032.6
61174,2.5522,3.7792,9.1494,1428,3032.6
61179,1.4186,1.1169,12.8772,1427,3032.6
61184,-4.956,-1.5682,12.8569,1430,3032.6
61189,-2.9844,2.4696,8.0996,1459,3032.45
61194,2.6181,3.7757,9.3577,1429,3032.45
61199,1.0199,0.9409,13.0484,1427,3032.45
61204,-5.2038,-1.4449,12.6953,1431,3032.45
61209,-2.5043,2.5187,7.9739,1453,3032.6
61214,2.6743,3.7924,9.4344,1435,3032.6
61219,0.6788,0.7554,13.1861,1423,3032.6
61224,-5.3259,-1.3168,12.5767,1429,3032.6
61229,-2.047,2.5726,7.8889,1448,3032.45
61234,2.8455,3.8283,9.5672,1433,3032.45
61239,0.3855,0.5806,13.3405,1431,3032.45
61244,-5.5498,-1.069,12.3684,1430,3032.45
61249,-1.5969,2.6707,7.7704,1453,3032.45
61254,2.982,3.8164,9.7037,1432,3032.45
61259,-0.0108,0.4537,13.3788,1435,3032.45
61264,-5.7054,-0.8823,12.22,1431,3032.45
61269,-1.1887,2.7114,7.7345,1455,3032.45
61274,3.0873,3.8762,9.815,1431,3032.45
61279,-0.2658,0.2729,13.5272,1433,3032.45
61284,-5.8814,-0.6393,12.0033,1433,3032.45
61289,-0.7709,2.7677,7.689,1455,3032.45
61294,3.2753,3.784,9.9934,1434,3032.45
61299,-0.6141,0.0383,13.6529,1426,3032.45
61304,-6.0011,-0.3974,11.8274,1437,3032.45
61309,-0.3879,2.8587,7.7297,1450,3032.75
61314,3.3531,3.802,10.1454,1431,3032.75
61319,-0.8631,-0.1101,13.7379,1429,3032.75
61324,-6.0406,-0.1281,11.6203,1433,3032.75
61329,-0.0323,2.897,7.6794,1445,3032.6
61334,3.486,3.711,10.2975,1433,3032.6
61339,-1.1265,-0.3268,13.8086,1429,3032.6
61344,-6.1962,0.1221,11.315,1431,3032.6
61349,0.3077,3.0335,7.7273,1446,3032.45
61354,3.6392,3.644,10.4256,1425,3032.45
61359,-1.385,-0.4752,13.8852,1427,3032.45
61364,-6.1866,0.3903,11.0995,1431,3032.45
61369,0.6369,3.0347,7.7033,1449,3032.29
61374,3.6919,3.5602,10.6482,1433,3032.29
61379,-1.6819,-0.644,13.9139,1429,3032.29
61384,-6.1938,0.6129,10.884,1423,3032.29
61389,0.8667,3.1268,7.8386,1437,3032.14
61394,3.7936,3.4632,10.823,1429,3032.14
61399,-1.9513,-0.8152,13.9666,1427,3032.14
61404,-6.1878,0.8583,10.574,1431,3032.14
61409,1.1444,3.1795,7.8817,1439,3032.29
61414,3.7816,3.3243,10.9738,1425,3032.29
61419,-2.1811,-1.008,13.9881,1429,3032.29
61424,-6.1567,1.0714,10.392,1407,3032.29
61429,1.3001,3.2082,7.9775,1439,3032.29
61434,3.8199,3.1508,11.1426,1429,3032.29
61439,-2.4481,-1.2139,13.9869,1431,3032.29
61444,-6.0346,1.3324,10.143,1437,3032.29
61449,1.5251,3.2573,8.0924,1439,3032.6
61454,3.79,2.9497,11.4012,1429,3032.6
61459,-2.7234,-1.3348,13.9019,1433,3032.6
61464,-5.8921,1.5095,9.8462,1439,3032.6
61469,1.7238,3.3567,8.1307,1439,3032.91
61474,3.6835,2.7821,11.5939,1435,3032.91
61479,-2.988,-1.4856,13.8947,1429,3032.91
61484,-5.7221,1.6747,9.6786,1437,3032.91
61489,1.8615,3.4022,8.2947,1440,3033.37
61494,3.547,2.5809,11.789,1434,3033.37
61499,-3.2896,-1.5909,13.7966,1427,3033.37
61504,-5.4959,1.8052,9.3577,1432,3033.37
61509,2.0016,3.4381,8.4084,1445,3033.52
61514,3.3435,2.3918,11.9435,1429,3033.52
61519,-3.5913,-1.719,13.726,1432,3033.52
61524,-5.2361,1.9429,9.1542,1422,3033.52
61529,2.0889,3.5314,8.5605,1439,3033.67
61534,3.0957,2.1344,12.1398,1435,3033.67
61539,-3.9073,-1.8112,13.5548,1429,3033.67
61544,-4.8734,2.0842,8.9232,1444,3033.67
61549,2.2134,3.5769,8.6921,1429,3033.67
61554,2.7916,1.9489,12.2679,1436,3033.67
61559,-4.124,-1.8268,13.5069,1430,3033.67
61564,-4.5059,2.1656,8.7664,1455,3033.67
61569,2.302,3.547,8.7891,1429,3033.67
61574,2.4074,1.7119,12.4391,1433,3033.67
61579,-4.3646,-1.8004,13.3453,1435,3033.67
61584,-4.1468,2.2685,8.515,1449,3033.06
61589,2.387,3.6416,8.989,1431,3033.06
61594,2.053,1.5251,12.6115,1427,3033.06
61599,-4.604,-1.7454,13.1873,1437,3033.06
61604,-3.6655,2.3559,8.3534,1455,3034.13
61609,2.4517,3.729,9.0417,1433,3034.13
61614,1.5886,1.3108,12.7635,1429,3034.13
61619,-4.8255,-1.6735,13.0604,1437,3034.13
61624,-3.1819,2.4385,8.1954,1445,3034.13
61629,2.5391,3.7864,9.2332,1431,3034.13
61634,1.1971,1.0798,13.0532,1431,3034.13
61639,-5.0925,-1.5682,12.8832,1431,3034.13
61644,-2.7641,2.4912,8.0409,1461,3034.75
61649,2.7007,3.7936,9.2464,1436,3034.75
61654,0.8619,0.8739,13.04,1428,3034.75
61659,-5.3127,-1.4018,12.7228,1431,3034.75
61664,-2.3164,2.5247,7.8482,1453,3034.9
61669,2.8276,3.8283,9.4236,1433,3034.9
61674,0.5207,0.6416,13.0759,1428,3034.9
61679,-5.5486,-1.1803,12.6103,1433,3034.9
61684,-1.8759,2.7964,8.1451,1455,3035.05
61689,2.8144,3.972,9.9395,1435,3035.05
61694,0.0407,0.5507,13.4399,1432,3035.05
61699,-5.5833,-0.9361,12.2128,1432,3035.05
61704,-1.3144,2.5486,7.416,1452,3035.21
61709,3.1951,3.8211,9.5325,1431,3035.21
61714,-0.1329,0.2729,13.5201,1430,3035.21
61719,-5.9783,-0.7063,12.4391,1433,3035.21
61724,-0.9373,2.8623,8.0098,1454,3035.36
61729,3.1735,3.8834,9.9862,1431,3035.36
61734,-0.6045,0.097,13.5009,1430,3035.36
61739,-5.9807,-0.4561,11.5664,1436,3035.36
61744,-0.4357,2.7725,7.4903,1451,3035.52
61749,3.4153,3.8128,10.1263,1432,3035.52
61754,-0.8631,-0.0922,13.9486,1423,3035.52
61759,-6.1878,-0.1209,11.9112,1437,3035.52
61764,0.0395,2.9245,7.6902,1447,3035.52
61769,3.5913,3.7625,10.1418,1433,3035.52
61774,-1.2234,-0.3053,13.5979,1428,3035.52
61779,-6.207,0.1293,11.327,1435,3035.52
61784,0.3136,2.9317,7.7093,1444,3036.28
61789,3.6607,3.6667,10.6099,1431,3036.28
61794,-1.4736,-0.5207,14.0001,1431,3036.28
61799,-6.2441,0.4334,11.1151,1435,3036.28
61804,0.7111,3.0167,7.58,1445,3035.98
61809,3.8199,3.5578,10.5237,1433,3035.98
61814,-1.8088,-0.6883,13.9031,1431,3035.98
61819,-6.2728,0.7123,10.8781,1433,3035.98
61824,0.9924,3.1603,7.9452,1439,3035.52
61829,3.8044,3.4069,10.9475,1431,3035.52
61834,-2.0111,-0.9086,13.9666,1425,3035.52
61839,-6.2022,0.9553,10.4782,1431,3035.52
61844,1.2857,3.1388,7.7548,1440,3035.36
61849,3.9241,3.2585,11.0337,1431,3035.36
61854,-2.314,-1.0546,13.9702,1431,3035.36
61859,-6.1387,1.1732,10.4208,1431,3035.36
61864,1.4629,3.2453,8.0948,1445,3034.9
61869,3.8702,3.0586,11.2635,1427,3034.9
61874,-2.6935,-1.2929,13.7655,1431,3034.9
61879,-5.9891,1.3312,10.0006,1437,3034.9
61884,1.7298,3.2825,8.1606,1438,3034.59
61889,3.7565,2.9161,11.5089,1431,3034.59
61894,-2.9293,-1.4305,13.9594,1432,3034.59
61899,-5.843,1.5933,9.8665,1437,3034.59
61904,1.9142,3.3794,8.193,1437,3034.44
61909,3.6799,2.7043,11.582,1431,3034.44
61914,-3.2298,-1.573,13.7331,1427,3034.44
61919,-5.6252,1.6915,9.5277,1435,3034.44
61924,1.9956,3.4105,8.4611,1439,3034.44
61929,3.4333,2.478,11.9351,1433,3034.44
61934,-3.5757,-1.6879,13.7679,1427,3034.44
61939,-5.3486,1.8974,9.2524,1429,3034.44
61944,2.1213,3.4441,8.4408,1443,3034.29
61949,3.2645,2.241,11.9746,1435,3034.29
61954,-3.8367,-1.7945,13.6637,1427,3034.29
61959,-5.0566,2.0291,9.1183,1431,3034.29
61964,2.2517,3.4967,8.6802,1437,3034.44
61969,2.8958,2.0423,12.2368,1435,3034.44
61974,-4.0797,-1.834,13.4746,1427,3034.44
61979,-4.6436,2.1644,8.7532,1450,3033.98
61984,2.3343,3.5841,8.7305,1429,3033.98
61989,2.5702,1.8232,12.384,1435,3033.98
61994,-4.3766,-1.804,13.4375,1431,3033.98
61999,-4.2808,2.2817,8.6826,1455,3034.75
62004,2.3547,3.6787,8.9112,1429,3034.75
62009,2.1308,1.5443,12.5384,1436,3034.75
62014,-4.5849,-1.7597,13.1705,1436,3034.75
62019,-3.8271,2.3547,8.3893,1440,3033.98
62024,2.5211,3.735,9.0585,1433,3033.98
62029,1.7322,1.3779,12.7647,1427,3033.98
62034,-4.8459,-1.6843,13.1142,1435,3033.98
62039,-3.3627,2.4241,8.2492,1463,3034.59
62044,2.5426,3.7505,9.1279,1437,3034.59
62049,1.3623,1.1684,12.9012,1427,3034.59
62054,-5.0649,-1.5634,12.8868,1435,3034.59
62059,-2.9149,2.5067,8.1343,1443,3034.44
62064,2.636,3.8271,9.4116,1429,3034.44
62069,0.9373,0.9541,13.1573,1431,3034.44
62074,-5.278,-1.3874,12.6785,1427,3034.44
62079,-2.4505,2.5426,7.9464,1459,3034.59
62084,2.8,3.8762,9.432,1435,3034.59
62089,0.589,0.7638,13.1956,1427,3034.59
62094,-5.4923,-1.2103,12.5468,1433,3034.59
62099,-1.9956,2.624,7.908,1454,3034.59
62104,2.8647,3.8559,9.6151,1431,3034.59
62109,0.2789,0.5183,13.3405,1429,3034.59
62114,-5.6886,-1.0151,12.3098,1432,3034.59
62119,-1.476,2.7294,7.7129,1456,3034.75
62124,3.0694,3.9433,9.7372,1433,3034.75
62129,-0.1053,0.3998,13.4865,1429,3034.75
62134,-5.8203,-0.7865,12.1961,1433,3034.75
62139,-1.0534,2.7581,7.7093,1451,3034.9
62144,3.152,3.9037,9.8928,1427,3034.9
62149,-0.4393,0.1437,13.5667,1434,3034.9
62154,-5.9628,-0.5243,11.8884,1431,3034.9
62159,-0.6261,2.8084,7.6662,1448,3034.59
62164,3.3471,3.8463,10.0449,1433,3034.59
62169,-0.6812,-0.0168,13.7319,1429,3034.59
62174,-6.0885,-0.2203,11.7196,1435,3034.59
62179,-0.2083,2.8647,7.7165,1437,3034.75
62184,3.4668,3.7661,10.1969,1435,3034.75
62189,-1.0223,-0.2502,13.7894,1417,3034.75
62194,-6.1962,-0.0024,11.4658,1433,3034.75
62199,0.1245,2.9066,7.695,1443,3034.29
62204,3.5769,3.7146,10.4291,1433,3034.29
62209,-1.2833,-0.3783,13.9163,1431,3034.29
62214,-6.2189,0.3208,11.2408,1432,3034.29
62219,0.5375,2.9808,7.671,1449,3034.13
62224,3.7816,3.5769,10.5321,1434,3034.13
62229,-1.5969,-0.6213,13.8864,1431,3034.13
62234,-6.2537,0.5519,10.9343,1432,3034.13
62239,0.8188,3.0634,7.8805,1447,3034.59
62244,3.808,3.4704,10.7787,1433,3034.59
62249,-1.8519,-0.7961,13.9797,1431,3034.59
62254,-6.2321,0.7901,10.7188,1433,3034.59
62259,1.1037,3.152,7.8446,1439,3034.44
62264,3.8726,3.3124,10.8888,1435,3034.44
62269,-2.1296,-0.9732,13.9714,1423,3034.44
62274,-6.2058,0.9996,10.4734,1431,3034.44
62279,1.3659,3.2346,7.9428,1439,3034.59
62284,3.8714,3.1675,11.1163,1431,3034.59
62289,-2.4181,-1.1444,13.9666,1429,3034.59
62294,-6.1088,1.2426,10.1478,1419,3034.59
62299,1.6029,3.2346,8.0673,1437,3035.05
62304,3.8571,3.0167,11.2958,1431,3035.05
62309,-2.7761,-1.3527,13.9606,1429,3035.05
62314,-5.9448,1.4473,9.9096,1437,3035.05
62319,1.7382,3.31,8.2001,1439,3035.05
62324,3.7278,2.8084,11.5089,1432,3035.05
62329,-3.1232,-1.4521,13.8756,1433,3035.05
62334,-5.7988,1.6544,9.6379,1439,3035.05
62339,1.8998,3.3782,8.3558,1437,3035.36
62344,3.6188,2.5774,11.74,1431,3035.36
62349,-3.3543,-1.6197,13.8062,1429,3035.36
62354,-6.274,0.9218,10.5704,1438,3035.36
62359,2.0279,3.4405,8.4862,1439,3035.67
62364,3.8487,3.2298,11.0504,1434,3035.67
62369,-3.6488,-1.7083,13.6757,1431,3035.67
62374,-6.2058,1.1983,10.2424,1431,3035.67
62379,2.1751,3.5578,8.606,1439,3035.82
62384,3.8044,3.0502,11.2994,1432,3035.82
62389,-2.7737,-1.3803,13.9414,1429,3035.82
62394,-6.0741,1.4593,10.0257,1432,3035.82
62399,1.6436,3.3411,8.1403,1437,3035.52
62404,3.7206,2.8647,11.5065,1435,3035.52
62409,-3.0574,-1.5,13.8876,1430,3035.52
62414,-5.867,1.6664,9.7947,1447,3035.82
62419,1.8818,3.377,8.3043,1421,3035.82
62424,3.5446,2.648,11.6921,1437,3035.82
62429,-3.3375,-1.6293,13.8181,1431,3035.82
62434,-5.6048,1.8124,9.499,1443,3035.36
62439,1.9752,3.4357,8.4324,1429,3035.36
62444,3.2789,2.4181,11.9279,1434,3035.36
62449,-3.6368,-1.6723,13.7583,1433,3035.36
62454,-5.2672,2.0219,9.2273,1452,3035.21
62459,2.1057,3.4967,8.5497,1435,3035.21
62464,3.043,2.2075,12.056,1420,3035.21
62469,-3.9612,-1.7274,13.6302,1437,3035.21
62474,-4.9404,2.1057,9.0022,1443,3035.36
62479,2.1907,3.5578,8.6862,1431,3035.36
62484,2.7485,1.9752,12.2679,1429,3035.36
62489,-4.2018,-1.7669,13.5021,1432,3035.36
62494,-4.5095,2.2338,8.7436,1453,3035.21
62499,2.2913,3.6727,8.8322,1433,3035.21
62504,2.393,1.7705,12.4989,1427,3035.21
62509,-4.4484,-1.7406,13.3716,1427,3035.21
62514,-4.1013,2.314,8.515,1453,3035.52
62519,2.4289,3.705,8.9423,1435,3035.52
62524,2.0746,1.4796,12.5983,1429,3035.52
62529,-4.6974,-1.7298,13.2232,1431,3035.52
62534,-3.6799,2.3882,8.3534,1455,3035.67
62539,2.5295,3.8068,9.1135,1431,3035.67
62544,1.6328,1.3156,12.7623,1433,3035.67
62549,-4.9213,-1.6149,13.0532,1433,3035.67
62554,-3.1759,2.4469,8.0804,1456,3035.82
62559,2.6432,3.8678,9.2165,1432,3035.82
62564,1.2965,1.0463,12.9466,1429,3035.82
62569,-5.1487,-1.476,12.864,1429,3035.82
62574,-2.6923,2.5055,8.0397,1459,3035.98
62579,2.8096,3.8978,9.408,1431,3035.98
62584,0.844,0.8894,13.1885,1432,3035.98
62589,-5.3834,-1.3132,12.6354,1435,3035.98
62594,-2.162,2.5714,7.8841,1453,3035.98
62599,2.9018,3.881,9.511,1439,3035.98
62604,0.4489,0.6333,13.313,1427,3035.98
62609,-5.545,-1.1193,12.4798,1437,3035.98
62614,-1.6891,2.6683,7.7895,1439,3035.67
62619,3.0933,3.9109,9.6822,1433,3035.67
62624,0.0611,0.4681,13.3848,1426,3035.67
62629,-5.7808,-0.8392,12.1805,1435,3035.67
62634,-1.2055,2.6911,7.7237,1445,3036.59
62639,3.207,3.9073,9.815,1430,3036.59
62644,-0.2322,0.2526,13.5943,1431,3036.59
62649,-5.9221,-0.6524,12.0177,1431,3036.59
62654,-0.747,2.7785,7.7105,1445,3036.13
62659,3.3555,3.8511,9.9228,1433,3036.13
62664,-0.5507,0.0168,13.6589,1429,3036.13
62669,-6.0478,-0.3771,11.7855,1435,3036.13
62674,-0.3388,2.8539,7.6794,1439,3036.28
62679,3.4369,3.7709,10.1215,1434,3036.28
62684,-0.8978,-0.1748,13.7918,1421,3036.28
62689,-6.1794,-0.0922,11.5401,1433,3036.28
62694,0.0515,2.9018,7.6722,1435,3036.13
62699,3.5961,3.7338,10.2951,1429,3036.13
62704,-1.1636,-0.3543,13.8469,1428,3036.13
62709,-6.2381,0.1688,11.248,1432,3036.13
62714,0.4381,2.9461,7.7069,1439,3036.28
62719,3.6907,3.6188,10.483,1429,3036.28
62724,-1.4509,-0.565,13.8636,1429,3036.28
62729,-6.2788,0.4741,10.9918,1433,3036.28
62734,0.7925,3.055,7.762,1437,3036.44
62739,3.8116,3.5326,10.6877,1428,3036.44
62744,-1.8256,-0.7721,14.0013,1434,3036.44
62749,-6.3099,0.7566,10.8086,1436,3036.44
62754,1.0451,3.0909,7.859,1433,3036.59
62759,3.8642,3.3243,10.8828,1432,3036.59
62764,-2.1069,-0.9972,13.9163,1422,3036.59
62769,-6.2776,1.0127,10.4423,1437,3036.59
62774,1.3695,3.1867,7.9272,1439,3036.74
62779,3.8678,3.1591,11.0456,1435,3036.74
62784,-2.4074,-1.1959,13.9702,1431,3036.74
62789,-6.1902,1.2941,10.234,1429,3036.74
62794,1.5311,3.2429,8.0673,1435,3036.74
62799,3.8571,2.9712,11.315,1431,3036.74
62804,-2.8216,-1.3396,13.9307,1429,3036.74
62809,-6.019,1.488,9.9359,1433,3036.74
62814,1.7561,3.3303,8.1558,1434,3037.05
62819,3.7493,2.8096,11.5029,1437,3037.05
62824,-3.1424,-1.5179,13.8624,1429,3037.05
62829,-5.788,1.6879,9.6594,1459,3037.05
62834,1.8902,3.4058,8.3055,1429,3037.05
62839,3.5542,2.6025,11.746,1434,3037.05
62844,-3.5015,-1.6664,13.811,1433,3037.05
62849,-5.4827,1.8699,9.4056,1447,3036.59
62854,2.0315,3.5003,8.4048,1433,3036.59
62859,3.2884,2.3846,11.965,1433,3036.59
62864,-3.7577,-1.743,13.7044,1437,3036.59
62869,-5.205,2.0255,9.1255,1445,3037.21
62874,2.1392,3.4991,8.576,1432,3037.21
62879,2.964,2.0877,12.1482,1429,3037.21
62884,-4.0905,-1.7765,13.6134,1437,3037.21
62889,-4.7812,2.1476,8.8789,1459,3036.9
62894,2.2254,3.5961,8.7747,1435,3036.9
62899,2.6181,1.919,12.3194,1430,3036.9
62904,-4.3036,-1.7561,13.471,1429,3036.9
62909,-4.3287,2.241,8.6407,1447,3036.44
62914,2.32,3.6356,8.8777,1433,3036.44
62919,2.2769,1.6161,12.5516,1427,3036.44
62924,-4.616,-1.7705,13.2758,1431,3036.44
62929,-3.8642,2.4014,8.4898,1459,3037.67
62934,2.4888,3.7721,8.995,1436,3037.67
62939,1.8172,1.3886,12.7324,1426,8840.43
62944,-4.8147,-1.6664,13.0915,1433,8840.43
62949,-3.4129,2.4122,8.2037,1449,4627.13
62954,2.5426,3.8068,9.1698,1437,4627.13
62959,1.4018,1.136,12.9586,1431,4627.13
62964,-5.0877,-1.5886,12.9814,1430,4627.13
62969,-2.8802,2.5007,8.0721,1454,3037.67
62974,2.7246,3.8595,9.3254,1429,3037.67
62979,1.0223,0.9409,13.058,1431,3037.67
62984,-5.3451,-1.3539,12.7814,1429,3037.67
62989,-2.3762,2.5726,7.9332,1455,3038.13
62994,2.8252,3.9253,9.4643,1433,3038.13
62999,0.5387,0.7087,13.3058,1431,3038.13
63004,-5.5186,-1.2258,12.5791,1437,3038.13
63009,-1.8483,2.6564,7.8003,1453,3038.13
63014,3.0586,3.9133,9.6079,1433,3038.13
63019,0.1856,0.5136,13.3944,1423,3038.13
63024,-5.7497,-0.9445,12.3493,1432,3038.13
63029,-1.3168,2.6731,7.7584,1445,3037.82
63034,3.1771,3.8858,9.8114,1432,3037.82
63039,-0.2131,0.2586,13.5572,1428,3037.82
63044,-5.8921,-0.6668,12.0572,1429,3037.82
63049,-0.8452,2.7521,7.6866,1445,3037.82
63054,3.3423,3.8702,9.8988,1429,3037.82
63059,-0.5578,0.0766,13.5847,1431,3037.82
63064,-6.0525,-0.3783,11.8441,1434,3037.82
63069,-0.3675,2.8072,7.6854,1447,3037.51
63074,3.4824,3.8367,10.1275,1432,3037.51
63079,-0.8475,-0.097,13.7966,1428,3037.51
63084,-6.1304,-0.1018,11.5592,1432,3037.51
63089,0.0611,2.9137,7.6495,1435,3037.51
63094,3.6308,3.7745,10.3106,1431,3037.51
63099,-1.1432,-0.328,13.8433,1429,3037.51
63104,-6.213,0.2167,11.3162,1423,3037.51
63109,0.4453,2.9664,7.7512,1439,3037.51
63114,3.7122,3.6643,10.4567,1430,3037.51
63119,-1.4664,-0.5459,13.8732,1430,3037.51
63124,-6.2932,0.4417,11.0516,1429,3037.51
63129,0.7697,3.0562,7.7476,1439,3037.82
63134,3.8283,3.5195,10.7057,1429,3037.82
63139,-1.7729,-0.759,13.9773,1433,3037.82
63144,-6.2979,0.7482,10.7859,1439,3037.82
63149,1.075,3.1053,7.8063,1435,3037.51
63154,3.9373,3.3698,10.8721,1433,3037.51
63159,-2.0782,-0.9589,14.0001,1427,3037.51
63164,-6.2489,0.9852,10.4866,1438,3037.51
63169,1.33,3.1819,7.908,1437,3037.21
63174,3.9456,3.1687,11.0899,1433,3037.21
63179,-2.472,-1.1923,13.963,1431,3037.21
63184,-6.1711,1.2498,10.2292,1437,3037.21
63189,1.5538,3.2633,7.9847,1443,3037.05
63194,3.8475,2.9916,11.3318,1431,3037.05
63199,-2.7797,-1.3611,13.9486,1430,3037.05
63204,-5.9675,1.4605,9.9371,1427,3037.05
63209,1.7585,3.322,8.1738,1436,3036.59
63214,3.7769,2.8084,11.5927,1435,3036.59
63219,-3.1101,-1.5299,13.8708,1428,3036.59
63224,-5.7736,1.7119,9.6953,1444,3036.44
63229,1.9106,3.4333,8.327,1429,3036.44
63234,3.62,2.6109,11.7926,1433,3036.44
63239,-3.4381,-1.6616,13.7978,1429,3036.44
63244,-5.5019,1.8268,9.3972,1448,3036.44
63249,2.0183,3.4345,8.4432,1431,3036.44
63254,3.2813,2.3379,11.9878,1432,3036.44
63259,-3.7661,-1.7214,13.7295,1437,3036.44
63264,-5.1451,2.0075,9.1758,1443,3036.13
63269,2.1488,3.5243,8.5521,1435,3036.13
63274,3.0023,2.1476,12.1434,1431,3036.13
63279,-4.0079,-1.7657,13.5655,1438,3036.13
63284,-4.7645,2.1009,8.9004,1463,3036.59
63289,2.2063,3.5267,8.6718,1433,3036.59
63294,2.6671,1.8699,12.408,1432,3036.59
63299,-4.3311,-1.8124,13.5177,1436,3036.59
63304,-4.3766,2.2577,8.6742,1439,3036.13
63309,2.3164,3.614,8.8657,1429,3036.13
63314,2.2745,1.646,12.5229,1429,3036.13
63319,-4.5645,-1.7789,13.3561,1430,3036.13
63324,-3.8954,2.3308,8.4324,1460,3036.9
63329,2.411,3.6966,8.9818,1435,3036.9
63334,1.8591,1.4222,12.7036,1427,3036.9
63339,-4.8746,-1.6831,13.1585,1433,3036.9
63344,-3.4488,2.4325,8.2361,1449,3037.05
63349,2.5642,3.7948,9.1171,1434,3037.05
63354,1.397,1.2055,12.9778,1428,3037.05
63359,-5.0398,-1.5814,12.9897,1433,3037.05
63364,-2.9568,2.4983,8.1104,1460,3036.9
63369,2.6743,3.8523,9.3027,1432,3036.9
63374,0.996,0.9649,13.1083,1431,3036.9
63379,-5.3103,-1.4305,12.8054,1429,3036.9
63384,-2.4828,2.5941,7.9212,1453,3036.74
63389,2.7952,3.9133,9.4379,1429,3036.74
63394,0.6488,0.7518,13.2471,1432,3036.74
63399,-5.5067,-1.2055,12.5875,1433,3036.74
63404,-1.968,2.575,7.8207,1459,3036.28
63409,2.9125,3.9265,9.6187,1432,3036.28
63414,0.2215,0.5578,13.3297,1429,3036.28
63419,-5.6743,-1.0116,12.3577,1436,3036.28
63424,-1.4234,2.6791,7.7596,1445,3036.13
63429,3.0682,3.9301,9.7444,1432,3036.13
63434,-0.1173,0.3148,13.4626,1421,3036.13
63439,-5.8407,-0.7482,12.1745,1433,3036.13
63444,-0.9589,2.7569,7.7009,1445,3035.98
63449,3.2597,3.8726,9.8773,1429,3035.98
63454,-0.4836,0.1425,13.5799,1427,3035.98
63459,-6.0011,-0.4513,11.904,1429,3035.98
63464,-0.5004,2.8287,7.6962,1447,3035.52
63469,3.3914,3.8391,10.1131,1432,3035.52
63474,-0.7661,-0.0599,13.7703,1430,3035.52
63479,-6.0837,-0.1808,11.6334,1432,3035.52
63484,-0.1377,2.8718,7.671,1445,3035.05
63489,3.541,3.7769,10.1957,1435,3035.05
63494,-1.0247,-0.249,13.787,1426,3035.05
63499,-6.1974,0.0778,11.4862,1431,3035.05
63504,0.2203,2.9951,7.6842,1433,3034.75
63509,3.6823,3.7098,10.3908,1429,3034.75
63514,-1.3168,-0.4142,13.9295,1429,3034.75
63519,-6.207,0.3041,11.1833,1427,3034.75
63524,0.595,3.0011,7.7177,1439,3034.44
63529,3.7984,3.5207,10.6051,1431,3034.44
63534,-1.5371,-0.6668,13.9355,1432,3034.44
63539,-6.2118,0.5662,10.9834,1431,3034.44
63544,0.9062,3.0993,7.847,1445,3034.59
63549,3.8726,3.4788,10.799,1429,3034.59
63554,-1.8112,-0.8068,13.957,1433,3034.59
63559,-6.2201,0.7494,10.6434,1439,3034.59
63564,1.1157,3.0945,7.8243,1437,3034.44
63569,3.9169,3.2848,10.9319,1433,3034.44
63574,-2.2051,-1.0523,13.9426,1427,3034.44
63579,-6.189,1.0774,10.471,1433,3034.44
63584,1.4126,3.2322,7.9703,1437,3034.59
63589,3.9409,3.1699,11.157,1431,3034.59
63594,-2.466,-1.2031,13.8912,1429,3034.59
63599,-6.0837,1.2677,10.1143,1438,3034.59
63604,1.5814,3.213,8.0697,1439,3034.75
63609,3.8702,2.9209,11.4084,1429,3034.75
63614,-2.8024,-1.415,13.9606,1429,3034.75
63619,-5.9544,1.5036,9.9276,1431,3034.75
63624,1.7705,3.316,8.1415,1443,3034.75
63629,3.7362,2.7665,11.6131,1435,3034.75
63634,-3.0885,-1.5227,13.854,1430,3034.75
63639,-5.7449,1.6436,9.6558,1431,3034.44
63644,1.901,3.4022,8.2744,1427,3034.44
63649,3.5662,2.5151,11.8465,1437,3034.44
63654,-3.4333,-1.6532,13.7822,1423,3034.44
63659,-5.4743,1.8771,9.3482,1460,3034.75
63664,2.0243,3.4297,8.3737,1431,3034.75
63669,3.2968,2.3691,11.9219,1431,3034.75
63674,-3.7002,-1.7071,13.7595,1432,3034.75
63679,-5.1439,2.0123,9.1494,1455,3034.29
63684,2.0985,3.5039,8.5629,1432,3034.29
63689,2.9975,2.1105,12.2799,1432,3034.29
63694,-3.9804,-1.7813,13.5859,1438,3034.29
63699,-4.7872,2.1177,8.9124,1459,3034.44
63704,2.2338,3.6069,8.6514,1431,3034.44
63709,2.6133,1.901,12.3469,1427,3034.44
63714,-4.2545,-1.7753,13.4554,1437,3034.44
63719,-4.3706,2.2206,8.7472,1455,3034.44
63724,2.2733,3.6476,8.8322,1433,3034.44
63729,2.211,1.6903,12.5684,1431,3034.44
63734,-4.4544,-1.7478,13.283,1436,3034.44
63739,-4.0259,2.2901,8.4491,1455,3033.83
63744,2.4229,3.6883,9.007,1433,3033.83
63749,1.9369,1.5012,12.6965,1429,3033.83
63754,-4.7657,-1.7059,13.1801,1432,3033.83
63759,-3.5853,2.3834,8.3366,1455,3034.9
63764,2.4612,3.7254,9.0836,1436,3034.9
63769,1.488,1.2522,12.8652,1427,3034.9
63774,-4.9309,-1.567,12.9646,1433,3034.9
63779,-3.152,2.4924,8.1558,1453,3033.98
63784,2.5774,3.8092,9.256,1433,3033.98
63789,1.1169,1.0534,13.0783,1431,3033.98
63794,-5.187,-1.47,12.8509,1433,3033.98
63799,-2.6683,2.5402,8.0134,1453,3033.83
63804,2.6923,3.8834,9.3685,1429,3033.83
63809,0.7721,0.7949,13.1334,1431,3033.83
63814,-5.3786,-1.2857,12.633,1427,3033.83
63819,-2.2087,2.5893,7.914,1455,3034.13
63824,2.8299,3.9181,9.5589,1427,3034.13
63829,0.4118,0.6524,13.3309,1422,3034.13
63834,-5.5761,-1.093,12.4702,1433,3034.13
63839,-1.7262,2.6456,7.7728,1455,3034.13
63844,3.0323,3.9097,9.5696,1432,3034.13
63849,0.0479,0.4549,13.4339,1426,3034.13
63854,-5.7138,-0.8799,12.2978,1433,3034.13
63859,-1.3084,2.7402,7.7596,1438,3033.83
63864,3.1795,3.8774,9.8737,1433,3033.83
63869,-0.2885,0.3148,13.5524,1427,3033.83
63874,-5.8694,-0.577,12.044,1433,3033.83
63879,-0.7626,2.8084,7.6914,1447,3033.52
63884,3.2765,3.8535,9.9491,1433,3033.52
63889,-0.5531,0.091,13.6266,1429,3033.52
63894,-5.9616,-0.413,11.7914,1433,3033.52
63899,-0.4417,2.8347,7.6926,1446,3033.52
63904,3.462,3.8211,10.1143,1432,3033.52
63909,-0.8248,-0.1089,13.6541,1431,3033.52
63914,-6.1004,-0.1329,11.5784,1435,3033.52
63919,-0.0491,2.8778,7.6591,1447,3033.37
63924,3.5757,3.7505,10.2328,1433,3033.37
63929,-1.0965,-0.3268,13.8002,1428,3033.37
63934,-6.1399,0.1389,11.4263,1433,3033.37
63939,0.2717,2.9784,7.695,1438,3033.52
63944,3.6931,3.6105,10.4399,1433,3033.52
63949,-1.3204,-0.4944,13.8409,1430,3033.52
63954,-6.2046,0.346,11.1366,1429,3033.52
63959,0.6189,3.0287,7.8183,1439,3033.67
63964,3.802,3.5219,10.6051,1431,3033.67
63969,-1.5718,-0.6943,13.9067,1429,3033.67
63974,-6.2309,0.5854,10.9008,1432,3033.67
63979,0.899,3.1053,7.8338,1440,3033.83
63984,3.8607,3.4105,10.7847,1427,3033.83
63989,-1.8794,-0.8978,13.9115,1428,3033.83
63994,-6.2477,0.8535,10.6147,1435,3033.83
63999,1.1384,3.1496,7.9284,1443,3033.98
64004,3.881,3.2872,11.0157,1431,3033.98
64009,-2.1703,-1.1073,13.9355,1427,3033.98
64014,-6.1854,1.1193,10.4028,1440,3033.98
64019,1.4545,3.2034,8.0421,1435,3033.98
64024,3.8738,3.1508,11.1606,1433,3033.98
64029,-2.5175,-1.251,13.9007,1427,3033.98
64034,-6.116,1.3228,10.1263,1439,3033.98
64039,1.6173,3.2501,8.1008,1439,3033.67
64044,3.8128,2.9305,11.3641,1433,3033.67
64049,-2.8563,-1.4078,13.9199,1429,3033.67
64054,-5.9101,1.5239,9.8318,1427,3033.67
64059,1.7801,3.3196,8.1666,1437,3033.52
64064,3.6703,2.7677,11.5939,1435,3033.52
64069,-3.122,-1.5155,13.8062,1430,3033.52
64074,-5.7269,1.7083,9.651,1431,3033.52
64079,1.8495,3.3818,8.3594,1435,3033.52
64084,3.4453,2.5414,11.8022,1435,3033.52
64089,-3.3734,-1.6556,13.7798,1427,3033.52
64094,-5.4719,1.8375,9.3446,1455,3032.91
64099,1.9764,3.4034,8.4372,1427,3032.91
64104,3.2777,2.3715,11.9842,1435,3032.91
64109,-3.6847,-1.7693,13.6888,1430,3032.91
64114,-5.1631,2.0267,9.1506,1454,3032.91
64119,2.0901,3.4848,8.6335,1427,3032.91
64124,2.9197,2.15,12.1697,1433,3032.91
64129,-3.9025,-1.7921,13.5284,1436,3032.91
64134,-4.871,2.1237,8.9447,1447,3032.91
64139,2.2027,3.5745,8.7688,1435,3032.91
64144,2.6839,1.9549,12.3481,1431,3032.91
64149,-4.1922,-1.7549,13.4554,1437,3032.91
64154,-4.5298,2.2278,8.6933,1455,3032.91
64159,2.2841,3.6571,8.9292,1437,3032.91
64164,2.3188,1.7142,12.4606,1427,3032.91
64169,-4.4412,-1.7801,13.2866,1432,3032.91
64174,-4.1108,2.3403,8.5844,1444,3032.91
64179,2.3499,3.6679,9.0333,1429,3032.91
64184,2.0051,1.5311,12.6881,1426,3032.91
64189,-4.6902,-1.6987,13.1932,1425,3032.91
64194,-3.6955,2.4457,8.3761,1461,3033.21
64199,2.411,3.7397,9.1698,1435,3033.21
64204,1.6556,1.342,12.7707,1427,3033.21
64209,-4.9045,-1.6328,13.0304,1431,3033.21
64214,-3.225,2.5079,8.1882,1453,3033.37
64219,2.563,3.808,9.232,1431,3033.37
64224,1.2689,1.1133,12.9993,1428,3033.37
64229,-5.0937,-1.4928,12.8389,1433,3033.37
64234,-2.7749,2.5522,8.0122,1445,3033.21
64239,2.6588,3.8678,9.3913,1433,3033.21
64244,0.8894,0.8954,13.0316,1431,3033.21
64249,-5.2936,-1.3527,12.6665,1428,3033.21
64254,-2.3427,2.5917,7.9045,1455,3033.21
64259,2.8371,3.9145,9.5636,1433,3033.21
64264,0.5686,0.7195,13.216,1432,3033.21
64269,-5.4839,-1.1277,12.5013,1429,3033.21
64274,-1.8316,2.6432,7.8243,1460,3033.21
64279,2.9592,3.8846,9.6522,1433,3033.21
64284,0.2083,0.5207,13.3309,1431,3033.21
64289,-5.6336,-0.9673,12.2583,1433,3033.21
64294,-1.4473,2.6839,7.7357,1453,3033.06
64299,3.067,3.8595,9.8497,1433,3033.06
64304,-0.091,0.3328,13.4877,1423,3033.06
64309,-5.7569,-0.7302,12.1075,1434,3033.06
64314,-0.9529,2.7701,7.7764,1453,3033.21
64319,3.2765,3.8678,9.9671,1433,3033.21
64324,-0.4166,0.1377,13.5572,1427,3033.21
64329,-5.9101,-0.5004,11.8573,1433,3033.21
64334,-0.5602,2.8132,7.7021,1439,3033.37
64339,3.3926,3.8355,10.137,1431,3033.37
64344,-0.6381,-0.0778,13.6733,1427,3033.37
64349,-6.0142,-0.2478,11.6191,1431,3033.37
64354,-0.1724,2.8706,7.7333,1447,3033.37
64359,3.4764,3.7792,10.2663,1434,3033.37
64364,-0.9313,-0.2622,13.7451,1426,3033.37
64369,-6.1375,-0.0215,11.3964,1435,3033.37
64374,0.1999,2.9532,7.7009,1445,3033.83
64379,3.6129,3.6799,10.4675,1435,3033.83
64384,-1.2151,-0.4286,13.8193,1421,3033.83
64389,-6.2453,0.2107,11.1187,1431,3033.83
64394,0.5722,3.0047,7.7764,1432,3034.29
64399,3.7421,3.5805,10.5548,1431,3034.29
64404,-1.4868,-0.5938,13.9426,1428,3034.29
64409,-6.2836,0.4968,10.9463,1428,3034.29
64414,0.8847,3.037,7.8231,1437,3034.44
64419,3.7948,3.4201,10.8134,1429,3034.44
64424,-1.81,-0.8056,13.8505,1427,3034.44
64429,-6.3099,0.7661,10.6135,1432,3034.44
64434,1.1037,3.1244,7.8901,1445,3034.9
64439,3.8259,3.3339,11.0229,1431,3034.9
64444,-2.1057,-1.0223,13.9498,1431,3034.9
64449,-6.2309,1.0331,10.4291,1435,3034.9
64454,1.3635,3.1556,7.9811,1437,3035.21
64459,3.863,3.128,11.1845,1433,3035.21
64464,-2.4385,-1.2175,13.9091,1427,3035.21
64469,-6.1746,1.2534,10.1382,1437,3035.21
64474,1.561,3.2813,8.1271,1437,3035.05
64479,3.7745,2.9951,11.4012,1435,3035.05
64484,-2.7282,-1.3635,13.8912,1427,3035.05
64489,-5.9891,1.476,9.8521,1433,3035.05
64494,1.7753,3.3076,8.2468,1439,3035.05
64499,3.723,2.7797,11.6023,1432,3035.05
64504,-3.0634,-1.573,13.8289,1428,3035.05
64509,-5.7604,1.67,9.6019,1429,3035.05
64514,1.889,3.3806,8.4108,1437,3034.9
64519,3.4991,2.6061,11.7771,1433,3034.9
64524,-3.3758,-1.658,13.7547,1425,3034.9
64529,-5.5258,1.8663,9.3494,1439,3034.59
64534,1.9884,3.4177,8.4503,1429,3034.59
64539,3.3112,2.4122,11.9387,1437,3034.59
64544,-3.6775,-1.7178,13.7176,1427,3034.59
64549,-5.2241,2.0171,9.1854,1461,3034.59
64554,2.0662,3.5159,8.6095,1429,3034.59
64559,3.0083,2.1668,12.2176,1435,3034.59
64564,-3.9157,-1.7873,13.5129,1433,3034.59
64569,-4.9141,2.0937,8.8765,1438,3034.9
64574,2.1823,3.565,8.7496,1433,3034.9
64579,2.6863,1.9453,12.3074,1429,3034.9
64584,-4.1994,-1.7921,13.4243,1437,3034.9
64589,-4.5011,2.2075,8.6718,1455,3035.05
64594,2.2494,3.632,8.8957,1433,3035.05
64599,2.3571,1.7538,12.5169,1429,3035.05
64604,-4.4807,-1.7358,13.2962,1433,3035.05
64609,-4.0869,2.3343,8.4874,1437,3035.05
64614,2.381,3.7014,9.0429,1432,3035.05
64619,2.0004,1.4485,12.6605,1427,3035.05
64624,-4.7345,-1.7238,13.1549,1431,3035.05
64629,-3.6093,2.4325,8.3258,1461,3035.98
64634,2.466,3.7733,9.1877,1437,3035.98
64639,1.6245,1.2246,12.8233,1428,3035.98
64644,-4.9752,-1.5754,12.9203,1427,3035.98
64649,-3.1723,2.5307,8.1439,1455,3035.36
64654,2.6324,3.8199,9.3266,1431,3035.36
64659,1.2127,1.0151,13.0221,1427,3035.36
64664,-5.1799,-1.4497,12.8257,1433,3035.36
64669,-2.6312,2.5391,8.0266,1449,3035.52
64674,2.7617,3.875,9.4379,1439,3035.52
64679,0.7781,0.8128,13.0927,1431,3035.52
64684,-5.3738,-1.3036,12.56,1431,3035.52
64689,-2.1488,2.636,7.926,1455,3035.36
64694,2.873,3.8846,9.5996,1430,3035.36
64699,0.4549,0.595,13.2351,1427,3035.36
64704,-5.5414,-1.0403,12.3768,1427,3035.36
64709,-1.664,2.6528,7.7847,1455,3034.9
64714,3.0382,3.8906,9.7169,1435,3034.9
64719,0.1149,0.3998,13.3752,1429,3034.9
64724,-5.7557,-0.8164,12.1374,1435,3034.9
64729,-1.2115,2.7342,7.7692,1448,3034.75
64734,3.1603,3.8439,9.8689,1433,3034.75
64739,-0.2646,0.2286,13.5201,1426,3034.75
64744,-5.8371,-0.5986,11.9411,1433,3034.75
64749,-0.7542,2.8192,7.7452,1443,3034.59
64754,3.3291,3.8595,10.0401,1433,3034.59
64759,-0.5004,0.0156,13.556,1429,3034.59
64764,-6.0094,-0.3352,11.7651,1431,3034.59
64769,-0.3208,2.879,7.7309,1455,3034.59
64774,3.45,3.7685,10.1586,1429,3034.59
64779,-0.7973,-0.164,13.72,1429,3034.59
64784,-6.1076,-0.0994,11.5149,1431,3034.59
64789,0.0766,2.9042,7.6602,1443,3034.9
64794,3.571,3.723,10.3513,1434,3034.9
64799,-1.1253,-0.4106,13.8086,1429,3034.9
64804,-6.2249,0.1784,11.2815,1429,3034.9
64809,0.4106,2.982,7.7261,1439,3034.9
64814,3.6787,3.6308,10.5022,1431,3034.9
64819,-1.3815,-0.5279,13.8301,1423,3034.9
64824,-6.2668,0.407,11.0038,1432,3034.9
64829,0.8128,3.0394,7.8027,1439,3035.21
64834,3.7984,3.5434,10.665,1432,3035.21
64839,-1.6723,-0.7494,13.9127,1430,3035.21
64844,-6.2956,0.7075,10.7344,1427,3035.21
64849,1.0403,3.0873,7.853,1439,3035.36
64854,3.8738,3.3902,10.902,1429,3035.36
64859,-1.9824,-0.9972,13.9295,1429,3035.36
64864,-6.2237,0.9397,10.4232,1435,3035.36
64869,1.2953,3.1388,7.9847,1440,3035.82
64874,3.8607,3.2214,11.1701,1434,3035.82
64879,-2.3116,-1.1756,13.8804,1437,3035.82
64884,-6.201,1.2103,10.2185,1435,3035.82
64889,1.5371,3.231,8.0409,1437,3035.98
64894,3.8223,3.0179,11.3066,1431,3035.98
64899,-2.6492,-1.3635,13.8983,1421,3035.98
64904,-6.0932,1.4329,9.9216,1437,3035.98
64909,1.6855,3.2932,8.1846,1443,3036.44
64914,3.7553,2.8467,11.5544,1433,3036.44
64919,-3.0227,-1.5215,13.8828,1431,3036.44
64924,-5.8921,1.6149,9.657,1431,3036.44
64929,1.8902,3.3651,8.345,1439,3036.59
64934,3.6021,2.6217,11.7603,1433,3036.59
64939,-3.3399,-1.6424,13.7858,1430,3036.59
64944,-5.6048,1.7909,9.4224,1433,3036.59
64949,2.0063,3.4225,8.4635,1437,3036.59
64954,3.383,2.4122,11.9387,1437,3036.59
64959,-3.6488,-1.7083,13.6697,1427,3036.59
64964,-5.3247,2.0135,9.2213,1448,3036.59
64969,2.1033,3.4656,8.6,1420,3036.59
64974,3.1017,2.1859,12.1135,1432,3036.59
64979,-3.9816,-1.7597,13.5392,1432,3036.59
64984,-4.9237,2.1272,8.928,1448,3035.36
64989,2.1991,3.5398,8.7604,1433,3035.36
64994,2.7869,1.9381,12.372,1432,3035.36
64999,-4.2473,-1.7885,13.4506,1435,3035.36
65004,-4.5023,2.2386,8.6862,1445,3036.59
65009,2.3116,3.6308,8.8538,1433,3036.59
65014,2.4086,1.6747,12.5169,1430,3036.59
65019,-4.4867,-1.7526,13.3309,1435,3036.59
65024,-4.0797,2.3463,8.5114,1459,3036.59
65029,2.3547,3.705,9.0094,1432,3036.59
65034,1.9956,1.4329,12.6761,1427,3036.59
65039,-4.7525,-1.7142,13.1346,1428,3036.59
65044,-3.5877,2.4265,8.266,1447,3037.05
65049,2.4912,3.7445,9.1686,1435,3037.05
65054,1.5586,1.2498,12.9059,1432,3037.05
65059,-5.029,-1.6101,12.9981,1431,3037.05
65064,-3.067,2.5067,8.09,1455,3036.9
65069,2.624,3.7745,9.2739,1435,3036.9
65074,1.1672,0.9649,13.0053,1427,3036.9
65079,-5.2481,-1.4593,12.7647,1434,3036.9
65084,-2.5774,2.5857,7.9942,1455,3035.98
65089,2.7318,3.899,9.5014,1433,3035.98
65094,0.729,0.8068,13.1861,1427,3035.98
65099,-5.4205,-1.257,12.6522,1433,3035.98
65104,-2.0853,2.5905,7.8661,1452,3035.36
65109,2.9245,3.8942,9.5924,1435,3035.36
65114,0.3903,0.6033,13.307,1431,3035.36
65119,-5.636,-1.0523,12.4498,1432,3035.36
65124,-1.5802,2.7162,7.8626,1459,3035.05
65129,3.0538,3.9193,9.7612,1431,3035.05
65134,-0.0084,0.4441,13.4339,1427,3035.05
65139,-5.7593,-0.838,12.1925,1433,3035.05
65144,-1.1301,2.7174,7.7273,1443,3034.29
65149,3.1855,3.8547,9.9323,1433,3034.29
65154,-0.3029,0.2298,13.5153,1421,3034.29
65159,-5.8718,-0.5519,11.9626,1433,3034.29
65164,-0.6859,2.8778,7.7728,1439,3033.37
65169,3.2525,3.8068,10.0425,1432,3033.37
65174,-0.583,0.0335,13.6206,1425,3033.37
65179,-5.9711,-0.2993,11.7017,1433,3033.37
65184,-0.3292,2.8192,7.7237,1443,3030.15
65189,3.4034,3.8044,10.222,1428,3030.15
65194,-0.8499,-0.1592,13.6374,1423,3030.15
65199,-5.9927,-0.1101,11.4862,1430,3030.15
65204,0.0192,2.9604,7.7117,1445,3027.7
65209,3.4955,3.7816,10.3813,1429,3027.7
65214,-1.0439,-0.2861,13.6781,1430,3027.7
65219,-6.0633,0.0682,11.2934,1432,3027.7
65224,0.2693,2.9341,7.762,1444,3026.02
65229,3.5721,3.6631,10.5093,1435,3026.02
65234,-1.239,-0.4154,13.7643,1430,3026.02
65239,-6.0657,0.2514,11.0864,1432,3026.02
65244,0.559,2.9604,7.7835,1440,3025.57
65249,3.6392,3.5733,10.6638,1431,3025.57
65254,-1.4269,-0.5782,13.7307,1427,3025.57
65259,-6.1232,0.4537,10.8745,1429,3025.57
65264,0.7266,3.0323,7.9487,1439,3024.96
65269,3.6751,3.4512,10.817,1431,3024.96
65274,-1.5886,-0.7374,13.7631,1429,3024.96
65279,-6.1375,0.5997,10.6805,1427,3024.96
65284,0.9457,3.0706,7.9476,1439,3024.04
65289,3.6978,3.3639,10.9379,1431,3024.04
65294,-1.8244,-0.8787,13.7427,1429,3024.04
65299,-6.1567,0.8272,10.5333,1429,3024.04
65304,1.0953,3.1161,8.0457,1443,3023.43
65309,3.6703,3.2429,11.0792,1429,3023.43
65314,-2.0183,-1.0104,13.7906,1428,3023.43
65319,-6.1339,0.972,10.3453,1432,3023.43
65324,1.2857,3.1687,8.102,1443,3023.13
65329,3.6512,3.2058,11.1965,1431,3023.13
65334,-2.2721,-1.1349,13.6972,1431,3023.13
65339,-6.122,1.154,10.2101,1438,3023.13
65344,1.4126,3.2537,8.2756,1439,3023.43
65349,3.6164,3.0825,11.2899,1429,3023.43
65354,-2.5019,-1.2641,13.7427,1429,3023.43
65359,-6.0418,1.3048,10.0305,1435,3023.43
65364,1.5287,3.2944,8.3127,1439,3023.89
65369,3.5698,2.988,11.4479,1429,3023.89
65374,-2.721,-1.3803,13.7415,1427,3023.89
65379,-5.9652,1.4557,9.8749,1437,3023.89
65384,1.64,3.3423,8.4048,1439,3024.19
65389,3.5135,2.8311,11.57,1431,3024.19
65394,-2.9509,-1.476,13.7176,1423,3024.19
65399,-5.8239,1.6281,9.6774,1437,3024.19
65404,1.7549,3.3567,8.4671,1440,3023.74
65409,3.4237,2.733,11.7244,1435,3023.74
65414,-3.1771,-1.5443,13.6158,1428,3023.74
65419,-5.6755,1.7897,9.5193,1433,3023.74
65424,1.8483,3.4405,8.5653,1444,3024.5
65429,3.3088,2.5486,11.8106,1429,3024.5
65434,-3.3375,-1.5718,13.5931,1431,3024.5
65439,-5.4875,1.9261,9.3625,1429,3024.5
65444,1.9477,3.4776,8.6646,1437,3024.5
65449,3.201,2.3774,11.9447,1434,3024.5
65454,-3.5374,-1.664,13.5967,1422,3024.5
65459,-5.284,2.0207,9.1925,1432,3025.26
65464,2.0279,3.5291,8.7652,1427,3025.26
65469,3.0442,2.2266,12.0536,1435,3025.26
65474,-3.7433,-1.7011,13.5033,1427,3025.26
65479,-5.0458,2.0865,9.0501,1455,3025.87
65484,2.0973,3.5949,8.8478,1430,3025.87
65489,2.8635,2.0758,12.2164,1435,3025.87
65494,-3.9349,-1.7226,13.4291,1432,3025.87
65499,-4.7405,2.1835,8.8693,1455,3026.33
65504,2.2302,3.6176,8.9603,1429,3026.33
65509,2.6432,1.907,12.2978,1434,3026.33
65514,-4.1061,-1.725,13.3632,1435,3026.33
65519,-4.4017,2.2182,8.6826,1439,3026.02
65524,2.3236,3.6643,9.0034,1431,3026.02
65529,2.3798,1.6819,12.4702,1431,3026.02
65534,-4.3084,-1.7657,13.1765,1435,3026.02
65539,-4.1503,2.2685,8.5353,1459,3026.33
65544,2.4337,3.7134,9.0908,1433,3026.33
65549,2.1093,1.5359,12.5504,1429,3026.33
65554,-4.4664,-1.6807,13.0652,1433,3026.33
65559,-3.717,2.3439,8.406,1444,3026.02
65564,2.4684,3.7242,9.238,1434,3026.02
65569,1.798,1.3527,12.6953,1429,3026.02
65574,-4.6076,-1.6664,12.9478,1433,3026.02
65579,-3.4536,2.3499,8.2887,1451,3026.18
65584,2.5211,3.7505,9.3529,1431,3026.18
65589,1.5215,1.16,12.8174,1430,3026.18
65594,-4.7956,-1.5754,12.7898,1429,3026.18
65599,-3.0801,2.4696,8.1535,1459,3026.48
65604,2.6121,3.7673,9.42,1433,3026.48
65609,1.2103,1.0379,12.9275,1429,3026.48
65614,-5.0087,-1.5036,12.6534,1429,3026.48
65619,-2.7378,2.4337,8.0541,1453,3027.09
65624,2.6887,3.79,9.5577,1437,3027.09
65629,0.9122,0.8739,13.0101,1429,3027.09
65634,-5.1739,-1.3874,12.5241,1433,3027.09
65639,-2.3451,2.6001,7.932,1455,3028.01
65644,2.7581,3.8678,9.669,1433,3028.01
65649,0.6237,0.7195,13.0771,1431,3028.01
65654,-5.3642,-1.245,12.3948,1403,3028.01
65659,-1.9776,2.5941,7.8745,1451,3028.47
65664,2.8491,3.8535,9.8294,1433,3028.47
65669,0.3615,0.5279,13.2399,1433,3028.47
65674,-5.6024,-1.0918,12.2308,1431,3028.47
65679,-1.6149,2.6564,7.8278,1455,3028.77
65684,2.9473,3.863,9.8653,1433,3028.77
65689,0.0862,0.3795,13.3668,1433,3028.77
65694,-5.7138,-0.8607,12.0596,1434,3028.77
65699,-1.2282,2.7414,7.8554,1459,3028.93
65704,3.0299,3.8678,10.009,1431,3028.93
65709,-0.2215,0.2191,13.4698,1427,3028.93
65714,-5.8167,-0.6608,11.8992,1437,3028.93
65719,-0.8595,2.8048,7.7752,1449,3029.23
65724,3.1891,3.8738,10.0784,1429,3029.23
65729,-0.4681,0.0766,13.5368,1428,3029.23
65734,-5.9759,-0.4238,11.7555,1432,3029.23
65739,-0.4836,2.8084,7.7859,1455,3028.62
65744,3.237,3.8092,10.1909,1433,3028.62
65749,-0.7757,-0.1197,13.6158,1428,3028.62
65754,-6.037,-0.1927,11.5424,1437,3028.62
65759,-0.1377,2.8766,7.7979,1445,3028.16
65764,3.3866,3.7589,10.3884,1431,3028.16
65769,-1.0068,-0.2107,13.7475,1429,3028.16
65774,-6.1076,0.0479,11.3713,1433,3028.16
65779,0.1377,2.9796,7.8123,1444,3027.7
65784,3.4536,3.7182,10.4878,1431,3027.7
65789,-1.2318,-0.3723,13.726,1431,3027.7
65794,-6.1411,0.2394,11.139,1431,3027.7
65799,0.4142,2.976,7.8626,1447,3027.4
65804,3.6009,3.6272,10.6338,1435,3027.4
65809,-1.4186,-0.5363,13.787,1430,3027.4
65814,-6.2153,0.4657,10.9642,1432,3027.4
65819,0.68,3.0754,7.8817,1437,3027.7
65824,3.6727,3.5291,10.756,1433,3027.7
65829,-1.6257,-0.7111,13.7798,1422,3027.7
65834,-6.2261,0.7051,10.8014,1433,3027.7
65839,0.8918,3.1603,7.9799,1439,3028.31
65844,3.735,3.3806,10.8661,1430,3028.31
65849,-1.8483,-0.8595,13.8888,1427,3028.31
65854,-6.1974,0.8667,10.6159,1429,3028.31
65859,1.1289,3.1999,7.9487,1439,3028.93
65864,3.8104,3.3279,10.9571,1433,3028.93
65869,-2.1476,-1.002,13.8959,1431,3028.93
65874,-6.1351,1.0403,10.4734,1429,3028.93
65879,1.3228,3.1963,8.0541,1439,3029.08
65884,3.8786,3.128,11.1079,1427,3029.08
65889,-2.381,-1.1169,13.8983,1429,3029.08
65894,-6.104,1.2462,10.1897,1435,3029.08
65899,1.5024,3.225,8.0685,1439,3028.77
65904,3.7385,3.0155,11.3126,1429,3028.77
65909,-2.7892,-1.3072,13.8588,1431,3028.77
65914,-6.0561,1.4257,9.9335,1433,3028.77
65919,1.743,3.3172,8.181,1430,3039.67
65924,3.9241,2.7665,11.5652,1429,3039.67
65929,-3.2022,-1.6305,13.9031,1419,3039.67
65934,-6.0561,1.749,9.5612,1426,3039.67
65939,2.0877,3.4848,8.2756,1433,3060.6
65944,3.96,2.4301,11.8848,1429,3060.6
65949,-3.9648,-1.7992,13.9103,1415,3060.6
65954,-5.7365,2.1021,9.1626,1437,3074.56
65959,2.4421,3.5338,8.3821,1421,3074.56
65964,3.7864,1.8759,12.3146,1427,3074.56
65969,-4.8459,-1.8076,13.7978,1427,3074.56
65974,-4.9021,2.4325,8.6514,1447,3082.77
65979,2.7617,3.5973,8.5281,1427,3082.77
65984,3.2573,1.2797,12.8329,1419,3082.77
65989,-5.764,-1.5862,13.5129,1417,3082.77
65994,-3.6823,2.6899,8.1499,1447,3087.69
65999,3.0287,3.6452,8.7568,1423,3087.69
66004,2.3978,0.6895,13.295,1417,3087.69
66009,-6.5182,-1.1408,13.0472,1419,3087.69
66014,-2.2721,2.9209,7.7752,1445,3090.87
66019,3.4129,3.6715,9.0968,1421,3090.87
66024,1.3707,0.0682,13.8026,1417,3090.87
66029,-7.1479,-0.492,12.4558,1423,3090.87
66034,-0.8811,3.1017,7.4651,1440,3092.15
66039,3.8331,3.6859,9.5134,1419,3092.15
66044,0.1676,-0.5112,14.1868,1417,3092.15
66049,-7.513,0.0946,11.8309,1419,3092.15
66054,0.4214,3.1675,7.3239,1432,3092.94
66059,4.2772,3.5446,10.0449,1421,3092.94
66064,-1.1995,-1.0295,14.4574,1417,3092.94
66069,-7.5142,0.7877,11.1594,1418,3092.94
66074,1.3503,3.3064,7.337,1429,3093.9
66079,4.6268,3.2884,10.5441,1419,3093.9
66084,-2.4672,-1.4617,14.552,1419,3093.9
66089,-7.2173,1.4138,10.41,1427,3093.9
66094,2.0087,3.3363,7.5118,1429,3094.22
66099,4.7214,2.8683,11.3294,1420,3094.22
66104,-3.7278,-1.7382,14.5472,1417,3094.22
66109,-6.5266,1.883,9.6953,1421,3094.22
66114,2.4217,3.3734,7.7093,1425,3093.9
66119,4.4388,2.2302,11.9351,1423,3093.9
66124,-4.7944,-1.7741,14.2419,1420,3093.9
66129,-5.5294,2.3487,9.0561,1438,3093.9
66134,2.654,3.4393,8.0601,1423,3093.9
66139,3.7649,1.5682,12.6162,1417,3093.9
66144,-5.6767,-1.6077,13.866,1421,3093.9
66149,-4.1276,2.6157,8.3677,1448,3094.22
66154,2.9652,3.5997,8.3845,1426,3094.22
66159,2.8024,0.8583,13.2172,1416,3094.22
66164,-6.5374,-1.1588,13.3884,1421,3094.22
66169,-2.6456,2.8898,7.8949,1445,3094.7
66174,3.3255,3.7218,8.8035,1421,3094.7
66179,1.67,0.1951,13.623,1421,3094.7
66184,-7.1635,-0.5255,12.7635,1421,3094.7
66189,-1.1791,3.0191,7.5776,1439,3094.06
66194,3.7086,3.7122,9.2572,1421,3094.06
66199,0.4334,-0.4441,14.048,1417,3094.06
66204,-7.5537,0.1544,12.1745,1421,3094.06
66209,0.1209,3.1687,7.4196,1436,3095.02
66214,4.1755,3.644,9.7624,1423,3095.02
66219,-0.8775,-1.0008,14.3927,1415,3095.02
66224,-7.6387,0.7781,11.3689,1419,3095.02
66229,1.1396,3.2753,7.3478,1432,3094.86
66234,4.6232,3.3483,10.3585,1419,3094.86
66239,-2.2278,-1.4856,14.552,1419,3094.86
66244,-7.3813,1.4006,10.6267,1427,3094.86
66249,1.8435,3.3243,7.5118,1421,3094.86
66254,4.7633,2.9604,11.1199,1421,3094.86
66259,-3.4884,-1.7909,14.5532,1416,3094.86
66264,-6.7325,1.8878,9.8629,1419,3094.86
66269,2.296,3.3734,7.6459,1427,3094.86
66274,4.5167,2.3619,11.7902,1425,3094.86
66279,-4.689,-1.816,14.3772,1419,3094.86
66284,-5.6659,2.3068,9.177,1447,3094.7
66289,2.5798,3.4488,7.9715,1423,3094.7
66294,3.8906,1.6867,12.4642,1416,3094.7
66299,-5.6958,-1.6269,14.0049,1423,3094.7
66304,-4.3515,2.6624,8.4958,1427,3093.74
66309,2.8683,3.535,8.3234,1422,3093.74
66314,2.9233,0.9661,13.0424,1421,3093.74
66319,-6.45,-1.2031,13.471,1419,3093.74
66324,-2.8826,2.8754,8.0002,1439,3092.94
66329,3.2022,3.6763,8.7376,1421,3092.94
66334,1.822,0.2574,13.5452,1423,3092.94
66339,-7.1287,-0.6069,12.9083,1418,3092.94
66344,-1.4377,2.9951,7.6243,1439,3092.15
66349,3.5518,3.7326,9.1207,1421,3092.15
66354,0.6105,-0.334,14.0588,1407,3092.15
66359,-7.4735,0.0503,12.2667,1427,3092.15
66364,-0.1688,3.1615,7.4388,1433,3092.15
66369,4.0414,3.6236,9.681,1417,3092.15
66374,-0.5997,-0.8894,14.2934,1417,3092.15
66379,-7.6351,0.6883,11.5676,1421,3092.15
66384,0.9038,3.2573,7.3658,1430,3091.83
66389,4.4748,3.4069,10.2412,1423,3091.83
66394,-1.9166,-1.3443,14.5172,1419,3091.83
66399,-7.4448,1.2665,10.8433,1423,3091.83
66404,1.6604,3.2681,7.4412,1431,3091.35
66409,4.6843,3.043,10.908,1418,3091.35
66414,-3.1627,-1.6628,14.6082,1418,3091.35
66419,-6.9073,1.7681,10.076,1429,3091.35
66424,2.1416,3.3315,7.6327,1431,3091.35
66429,4.5897,2.5534,11.6023,1421,3091.35
66434,-4.2832,-1.8483,14.4526,1416,3091.35
66439,-6.0346,2.1644,9.3182,1447,3091.35
66444,2.484,3.4046,7.835,1420,3091.35
66449,4.0989,1.9178,12.2787,1425,3091.35
66454,-5.2744,-1.7274,14.1246,1427,3091.35
66459,-4.8518,2.4744,8.7412,1449,3091.35
66464,2.7414,3.5147,8.2169,1423,3091.35
66469,3.2226,1.2151,12.9443,1417,3091.35
66474,-6.104,-1.3767,13.6757,1417,3091.35
66479,-3.4357,2.7102,8.1499,1451,3091.67
66484,3.0466,3.632,8.5557,1425,3091.67
66489,2.2386,0.5471,13.4219,1420,3091.67
66494,-6.8486,-0.8715,13.1382,1419,3091.67
66499,-1.9824,2.976,7.7548,1445,3091.83
66504,3.4788,3.711,8.9411,1420,3091.83
66509,1.1145,-0.0838,13.8229,1420,3091.83
66514,-7.3706,-0.2418,12.457,1427,3091.83
66519,-0.5638,3.0861,7.4208,1447,3092.15
66524,3.8954,3.6512,9.3853,1420,3092.15
66529,-0.0826,-0.6991,14.1916,1419,3092.15
66534,-7.6339,0.3675,11.819,1419,3092.15
66539,0.51,3.1807,7.3717,1434,3092.94
66544,4.2713,3.5279,10.1011,1427,3092.94
66549,-1.4449,-1.1504,14.5544,1416,3092.94
66554,-7.5214,1.0546,11.0696,1417,3092.94
66559,1.4078,3.2753,7.3562,1431,3094.06
66564,4.6531,3.213,10.6769,1422,3094.06
66569,-2.6959,-1.6532,14.5639,1419,3094.06
66574,-7.1479,1.5874,10.1754,1429,3094.06
66579,2.0327,3.292,7.5226,1429,3094.38
66584,4.7537,2.7521,11.3844,1416,3094.38
66589,-3.9241,-1.828,14.5544,1417,3094.38
66594,-6.3494,2.0614,9.5181,1421,3094.38
66599,2.4732,3.3639,7.774,1423,3094.7
66604,4.367,2.0626,12.0261,1423,3094.7
66609,-5.017,-1.8052,14.2611,1422,3094.7
66614,-5.2014,2.4169,8.8753,1428,3094.86
66619,2.739,3.4895,8.0996,1423,3094.86
66624,3.5973,1.3611,12.7,1418,3094.86
66629,-5.9101,-1.4425,13.7655,1417,3094.86
66634,-3.7781,2.6827,8.2289,1439,3095.18
66639,3.0993,3.6069,8.4084,1426,3095.18
66644,2.5821,0.6369,13.2794,1415,3095.18
66649,-6.766,-0.9385,13.3058,1419,3095.18
66654,-2.2709,2.903,7.8195,1443,3095.5
66659,3.3878,3.6416,8.8669,1419,3095.5
66664,1.421,-0.0323,13.7583,1427,3095.5
66669,-7.349,-0.3352,12.5959,1437,3095.5
66674,-0.8188,3.1005,7.5034,1421,3095.5
66679,3.8235,3.65,9.402,1427,3095.5
66684,0.103,-0.5842,14.2263,1418,3095.5
66689,-7.665,0.3699,11.9135,1420,3095.5
66694,0.4705,3.1639,7.331,1435,3095.66
66699,4.3467,3.5745,9.9132,1423,3095.66
66704,-1.1983,-1.1432,14.4729,1413,3095.66
66709,-7.6387,0.9792,11.1737,1419,3095.66
66714,1.391,3.2681,7.4436,1431,3096.29
66719,4.7549,3.231,10.5931,1419,3096.29
66724,-2.5774,-1.646,14.6262,1419,3096.29
66729,-7.2484,1.5562,10.3729,1425,3096.29
66734,2.0399,3.2836,7.5405,1427,3096.77
66739,4.8662,2.7533,11.3114,1426,3096.77
66744,-14.7136,-0.6165,-0.6165,1415,3096.77
66749,-6.4368,2.0794,9.5876,1419,3096.77
66754,2.4612,3.4141,7.762,1426,3096.45
66759,4.4149,2.0842,11.9973,1426,3096.45
66764,-4.9787,-1.804,14.2168,1423,3096.45
66769,-5.2589,2.4229,8.8562,1427,3096.93
66774,2.7246,3.5195,8.0948,1421,3096.93
66779,3.723,1.3527,12.6725,1416,3096.93
66784,-5.9891,-1.4581,13.8517,1422,3096.93
66789,-3.8199,2.739,8.2504,1446,3097.09
66794,3.0562,3.5877,8.4108,1425,3097.09
66799,2.6025,0.6357,13.2591,1407,3097.09
66804,-6.8486,-0.9194,13.2675,1420,3097.09
66809,-2.2817,2.9724,7.8243,1439,3097.25
66814,3.3746,3.7194,8.8573,1421,3097.25
66819,1.3671,0.0048,13.8074,1419,3097.25
66824,-7.4376,-0.267,12.6186,1423,3097.25
66829,-0.747,3.128,7.5058,1427,3097.73
66834,3.9014,3.6703,9.3362,1421,3097.73
66839,0.0551,-0.6871,14.2084,1419,3097.73
66844,-7.7776,0.4238,11.8764,1419,3097.73
66849,0.4884,3.2262,7.4041,1437,3097.73
66854,4.3958,3.5374,9.9599,1423,3097.73
66859,-1.3228,-1.2342,14.5484,1413,3097.73
66864,-7.7057,1.069,11.1426,1419,3097.73
66869,1.409,3.292,7.3753,1431,3097.25
66874,4.7525,3.1915,10.5752,1417,3097.25
66879,-2.6947,-1.6233,14.6393,1418,3097.25
66884,-7.2903,1.6185,10.3214,1427,3097.25
66889,2.0662,3.3291,7.5537,1430,3096.77
66894,4.7238,2.7043,11.3665,1421,3096.77
66899,-3.9875,-1.8328,14.5603,1417,3096.77
66904,-6.3698,2.0806,9.5708,1421,3096.77
66909,2.4181,3.3603,7.78,1427,3096.93
66914,4.3922,2.0435,12.0009,1427,3096.93
66919,-5.1284,-1.7418,14.2383,1420,3096.93
66924,-5.2062,2.4421,8.8741,1433,3096.93
66929,2.7258,3.4692,8.1738,1421,3096.93
66934,3.5566,1.3252,12.7216,1417,3096.93
66939,-6.1232,-1.4341,13.7918,1417,3096.93
66944,-3.7158,2.7569,8.1798,1437,3097.41
66949,3.0454,3.6152,8.4647,1427,3097.41
66954,2.5163,0.589,13.3022,1416,3097.41
66959,-6.9707,-0.9002,13.2926,1418,3097.41
66964,-2.217,2.9485,7.847,1439,3095.98
66969,3.4393,3.705,8.9388,1419,3095.98
66974,1.2426,-0.0634,13.793,1418,3095.98
66979,-7.4603,-0.2346,12.5672,1423,3095.98
66984,-0.7302,3.1149,7.4843,1421,3094.06
66989,3.8654,3.6667,9.408,1421,3094.06
66994,-0.0024,-0.6548,14.2192,1416,3094.06
66999,-7.6842,0.4369,11.8513,1418,3094.06
67004,0.4393,3.1975,7.3813,1435,3092.78
67009,4.3527,3.5159,9.9419,1421,3092.78
67014,-1.3348,-1.1684,14.3892,1407,3092.78
67019,-7.598,1.0235,11.072,1417,3092.78
67024,1.3623,3.2406,7.422,1432,3091.83
67029,4.6292,3.2286,10.6614,1418,3091.83
67034,-2.6492,-1.6257,14.5747,1419,3091.83
67039,-7.191,1.5622,10.3645,1429,3091.83
67044,1.9513,3.2956,7.5238,1427,3091.03
67049,4.6711,2.7557,11.2731,1420,3091.03
67054,-3.8367,-1.8447,14.4945,1414,3091.03
67059,-6.4835,2.0087,9.6163,1417,3091.03
67064,2.3475,3.3686,7.7907,1427,3090.71
67069,4.3431,2.2039,11.9626,1423,3090.71
67074,-4.8303,-1.8208,14.2515,1405,3090.71
67079,-5.3774,2.332,8.9028,1447,3090.39
67084,2.66,3.4417,8.0625,1419,3090.39
67089,3.6895,1.488,12.621,1419,3090.39
67094,-5.7557,-1.5526,13.8816,1426,3090.39
67099,-4.0773,2.6408,8.3677,1446,3090.08
67104,2.9137,3.5398,8.4731,1417,3090.08
67109,2.7318,0.8428,13.2088,1419,3090.08
67114,-6.4907,-1.087,13.3764,1419,3090.08
67119,-2.6767,2.8754,7.8638,1446,3090.08
67124,3.2118,3.6344,8.8143,1425,3090.08
67129,1.6556,0.1736,13.5979,1421,3090.08
67134,-7.106,-0.5219,12.7623,1419,3090.08
67139,-1.2821,3.0251,7.5968,1447,3089.76
67144,3.6176,3.6739,9.2656,1421,3089.76
67149,0.5435,-0.3687,14.0779,1415,3089.76
67154,-7.4819,0.1006,12.1171,1421,3089.76
67159,-0.0527,3.1711,7.3993,1435,3090.23
67164,4.0618,3.6356,9.7588,1419,3090.23
67169,-0.6548,-0.9182,14.3066,1419,3090.23
67174,-7.604,0.6776,11.3952,1423,3090.23
67179,0.9673,3.2106,7.3622,1429,3090.55
67184,4.5191,3.4058,10.3561,1421,3090.55
67189,-1.9261,-1.4006,14.4538,1417,3090.55
67194,-7.4256,1.2857,10.6446,1417,3090.55
67199,1.7286,3.2657,7.5393,1433,3091.03
