timestamp_ms,ax,ay,az,acs_adc,rpm
9629,-3.5267,-1.4078,12.1446,1461,2902.76
9634,-2.8335,2.1787,8.8633,1497,2902.48
9639,1.9872,3.7553,10.1694,1455,2902.48
9644,0.4776,1.6376,11.7974,1467,2902.48
9649,-2.873,-1.6065,12.4307,1459,2902.48
9654,-3.7242,1.8411,9.2057,1465,2902.48
9659,1.7322,3.5111,9.9072,1477,2902.62
9664,1.5981,2.1787,11.5053,1465,2902.62
9669,-2.3248,-1.5502,12.5839,1455,2902.62
9674,-4.4281,1.4162,9.6426,1465,2902.62
9679,1.4629,3.3291,9.6893,1478,2902.48
9684,2.3343,2.7749,11.2551,1459,2902.48
9689,-1.895,-1.0953,12.6378,1465,2902.48
9694,-4.8231,1.0558,10.137,1460,2902.48
9699,1.0199,3.1939,9.4367,1471,2902.62
9704,2.6635,3.2992,10.9738,1471,2902.62
9709,-1.6101,-0.4681,12.6031,1460,2902.62
9714,-4.8842,0.4645,10.6925,1461,2902.62
9719,0.431,2.9592,9.1171,1481,2903.04
9724,2.6384,3.626,10.7595,1461,2903.04
9729,-1.476,0.091,12.5468,1455,2903.04
9734,-4.7262,-0.1999,11.2025,1467,2903.04
9739,-0.3555,2.7569,8.8765,1497,2903.04
9744,2.4241,3.7972,10.5201,1459,2903.04
9749,-1.3575,0.5231,12.3852,1464,2903.04
9754,-4.3898,-0.8607,11.6681,1463,2903.04
9759,-1.3228,2.5283,8.7604,1484,2903.04
9764,2.1512,3.8738,10.3813,1470,2903.04
9769,-0.972,0.9792,12.1649,1462,2903.04
9774,-3.9085,-1.2821,12.0596,1459,2903.04
9779,-2.3667,2.3296,8.8418,1503,2902.9
9784,1.9884,3.8319,10.2723,1465,2902.9
9789,-0.1053,1.4042,11.9758,1462,2902.9
9794,-3.2956,-1.5275,12.3158,1467,2902.9
9799,-3.3399,2.0794,9.08,1503,2902.48
9804,1.8854,3.6883,10.1179,1459,2902.48
9809,1.1145,1.9357,11.6897,1469,2902.48
9814,-2.5941,-1.5682,12.4858,1461,2902.48
9819,-4.1037,1.7286,9.396,1465,2902.48
9824,1.6783,3.462,9.8474,1471,2902.48
9829,2.0901,2.4253,11.4215,1461,2902.48
9834,-2.0279,-1.3827,12.5947,1461,2902.48
9839,-4.6663,1.2139,9.7671,1465,2902.48
9844,1.2594,3.1987,9.5158,1479,2902.34
9849,2.5953,2.9485,11.1223,1462,2902.34
9854,-1.6951,-0.8739,12.6115,1455,2902.34
9859,-4.9309,0.7183,10.3825,1463,2902.34
9864,0.7554,3.049,9.2584,1482,2902.34
9869,2.6372,3.4848,10.8972,1461,2902.34
9874,-1.5754,-0.2777,12.5732,1455,2902.34
9879,-4.865,0.1245,10.9367,1463,2902.34
9884,0.0706,2.8886,8.9639,1495,2902.06
9889,2.5103,3.8104,10.6973,1465,2902.06
9894,-1.5227,0.3256,12.4163,1463,2902.06
9899,-4.5633,-0.4633,11.4646,1461,2902.06
9904,-0.8404,2.6576,8.8298,1497,2901.92
9909,2.308,3.8822,10.477,1461,2901.92
9914,-1.2055,0.7709,12.2583,1459,2901.92
9919,-4.0175,-1.0546,11.7914,1459,2901.92
9924,-1.8196,2.4349,8.7568,1501,2902.06
9929,2.0853,3.8247,10.319,1465,2902.06
9934,-0.498,1.166,11.995,1460,2902.06
9939,-3.5255,-1.4784,12.1578,1469,2902.06
9944,-2.9113,2.1512,8.9004,1479,2902.2
9949,1.8783,3.711,10.1442,1467,2902.2
9954,0.5279,1.6221,11.8142,1465,2902.2
9959,-2.9365,-1.6412,12.4642,1455,2902.2
9964,-3.802,1.8268,9.2237,1461,2902.2
9969,1.7154,3.5039,9.9563,1481,2902.48
9974,1.6017,2.2158,11.5963,1467,2902.48
9979,-2.3391,-1.421,12.621,1455,2902.48
9984,-4.4568,1.5562,9.7025,1469,2902.48
9989,1.4641,3.3926,9.6438,1481,2902.48
9994,2.4541,2.7246,11.2192,1455,2902.48
9999,-1.8148,-1.0534,12.5851,1464,2902.48
10004,-4.8183,0.9625,10.1227,1455,2902.48
10009,1.0056,3.1304,9.3721,1477,2902.34
10014,2.7318,3.1939,10.9355,1459,2902.34
10019,-1.5107,-0.5411,12.5899,1460,2902.34
10024,-4.9428,0.3364,10.7308,1461,2902.34
10029,0.3496,2.8635,9.0261,1481,2902.34
10034,2.6085,3.5829,10.7033,1461,2902.34
10039,-1.4856,0.0299,12.542,1453,2902.34
10044,-4.7704,-0.2167,11.2384,1465,2902.34
10049,-0.4477,2.715,8.8621,1496,2902.48
10054,2.3858,3.8642,10.5824,1459,2902.48
10059,-1.4293,0.571,12.3672,1463,2902.48
10064,-4.3922,-0.7841,11.655,1462,2902.48
10069,-1.3575,2.5678,8.7305,1497,2902.76
10074,2.1991,3.9325,10.4375,1465,2902.76
10079,-0.9972,1.0175,12.1602,1460,2902.76
10084,-3.8188,-1.2749,12.0309,1455,2902.76
10089,-2.3164,2.2901,8.8059,1501,2903.04
10094,2.0638,3.8283,10.2436,1463,2903.04
10099,0.0036,1.3922,11.88,1461,2903.04
10104,-3.1663,-1.5826,12.2894,1465,2903.04
10109,-3.3279,2.0075,9.0309,1501,2904.02
10114,1.8507,3.559,10.0784,1455,2904.02
10119,1.1337,1.8495,11.6502,1463,2904.02
10124,-2.6384,-1.67,12.4606,1471,2904.02
10129,-4.1695,1.6783,9.4272,1465,2904.02
10134,1.6293,3.4249,9.8378,1469,2904.16
10139,2.047,2.4325,11.3892,1456,2904.16
10144,-2.1225,-1.3515,12.6534,1461,2904.16
10149,-4.7058,1.2941,9.9347,1461,2904.16
10154,1.2953,3.3088,9.5589,1471,2904.3
10159,2.6169,3.0227,11.0828,1463,2904.3
10164,-1.749,-0.8033,12.6941,1453,2904.3
10169,-4.9356,0.7733,10.4232,1464,2904.3
10174,0.8152,3.1029,9.1746,1483,2904.44
10179,2.7821,3.4189,10.8541,1459,2904.44
10184,-1.5227,-0.267,12.5983,1455,2904.44
10189,-4.8159,0.1113,10.9355,1460,2904.44
10194,0.0898,2.8623,8.9208,1492,2904.58
10199,2.5965,3.6643,10.6326,1461,2904.58
10204,-1.4425,0.2334,12.4223,1459,2904.58
10209,-4.61,-0.4848,11.4132,1461,2904.58
10214,-0.7841,2.6288,8.7724,1493,2904.3
10219,2.3092,3.8379,10.5093,1463,2904.3
10224,-1.2749,0.6812,12.2978,1453,2904.3
10229,-4.2377,-1.0475,11.8357,1461,2904.3
10234,-1.7238,2.4385,8.7568,1499,2904.44
10239,2.1416,3.8942,10.4064,1462,2904.44
10244,-0.6967,1.142,12.1123,1459,2904.44
10249,-3.6715,-1.3587,12.123,1467,2904.44
10254,-2.6947,2.2948,8.8849,1470,2904.58
10259,1.962,3.808,10.1813,1458,2904.58
10264,0.4154,1.579,11.8681,1466,2904.58
10269,-2.9808,-1.5862,12.3984,1453,2904.58
10274,-3.5877,1.9094,9.1159,1460,2904.58
10279,1.8387,3.5566,9.973,1471,2904.73
10284,1.5718,2.0614,11.6083,1465,2904.73
10289,-2.3762,-1.5909,12.5672,1455,2904.73
10294,-4.3598,1.5251,9.5457,1468,2904.73
10299,1.5479,3.3591,9.7516,1479,2905.01
10304,2.3176,2.6097,11.3042,1461,2905.01
10309,-1.919,-1.2318,12.6019,1461,2905.01
10314,-4.853,1.0487,10.0616,1459,2905.01
10319,1.1145,3.1448,9.4535,1467,2905.01
10324,2.6743,3.146,11.0109,1465,2905.01
10329,-1.6688,-0.6416,12.6354,1455,2905.01
10334,-5.017,0.6117,10.5776,1459,2905.01
10339,0.6153,3.0514,9.1506,1484,2905.57
10344,2.6935,3.547,10.7847,1454,2905.57
10349,-1.5502,-0.0682,12.5145,1454,2905.57
10354,-4.7896,0.0084,11.054,1465,2905.57
10359,-0.1425,2.7964,8.9076,1487,2904.73
10364,2.5582,3.7769,10.574,1461,2904.73
10369,-1.4425,0.4214,12.4056,1463,2904.73
10374,-4.4472,-0.6835,11.5017,1463,2904.73
10379,-1.0582,2.5917,8.7364,1496,2904.58
10384,2.2793,3.8618,10.4555,1468,2904.58
10389,-1.142,0.7709,12.1183,1461,2904.58
10394,-4.0115,-1.1911,11.9124,1459,2904.58
10399,-2.0542,2.3547,8.758,1477,2904.16
10404,2.0147,3.8176,10.313,1465,2904.16
10409,-0.3567,1.2558,11.9854,1459,2904.16
10414,-3.5099,-1.5119,12.2547,1463,2904.16
10419,-3.0562,2.1177,8.9399,1479,2904.3
10424,1.8567,3.7218,10.143,1455,2904.3
10429,0.6967,1.7633,11.7412,1464,2904.3
10434,-2.8814,-1.5778,12.4427,1453,2904.3
10439,-3.8834,1.8723,9.2715,1461,2904.3
10444,1.743,3.5147,9.8857,1471,2904.02
10449,1.8232,2.2565,11.5317,1461,2904.02
10454,-2.2458,-1.4234,12.5468,1453,2904.02
10459,-4.5035,1.4162,9.6498,1466,2904.02
10464,1.4569,3.2992,9.657,1472,2904.73
10469,2.545,2.8192,11.2599,1461,2904.73
10474,-1.8004,-1.0523,12.6342,1459,2904.73
10479,-4.8961,0.8547,10.1945,1460,2904.73
10484,0.9697,3.0765,9.3446,1481,2904.58
10489,2.4696,3.7721,10.6326,1465,2904.58
10494,-1.5742,0.3352,12.4223,1459,2904.58
10499,-4.6531,-0.559,11.4826,1461,2904.58
10504,0.3172,2.9556,9.0692,1483,2904.73
10509,2.2853,3.9732,10.4675,1465,2904.73
10514,-1.2617,0.7985,12.2439,1459,2904.73
10519,-4.0247,-1.0618,11.9016,1463,2904.73
10524,-1.8842,2.3858,8.7089,1502,2905.01
10529,2.1943,3.8822,10.319,1461,2905.01
10534,-0.425,1.1899,11.9578,1459,2905.01
10539,-3.5099,-1.5155,12.1542,1465,2905.01
10544,-2.8874,2.071,8.8825,1499,2904.87
10549,1.9441,3.7002,10.1873,1464,2904.87
10554,0.6273,1.646,11.7507,1460,2904.87
10559,-2.9066,-1.6843,12.4139,1468,2904.87
10564,-3.8295,1.798,9.1782,1497,2904.87
10569,1.7322,3.5111,9.8677,1463,2904.87
10574,1.6604,2.1632,11.5209,1465,2904.87
10579,-2.4002,-1.5155,12.5516,1461,2904.87
10584,-4.4891,1.5239,9.6798,1481,2905.01
10589,1.494,3.3627,9.742,1459,2905.01
10594,2.387,2.7904,11.2839,1459,2905.01
10599,-1.8962,-1.087,12.6498,1461,2905.01
10604,-4.8662,1.087,10.1382,1471,2905.01
10609,1.0774,3.1675,9.3541,1479,2905.29
10614,2.8216,3.2741,10.9331,1461,2905.29
10619,-1.5993,-0.5207,12.6498,1460,2905.29
10624,-4.9584,0.4537,10.6853,1461,2905.29
10629,0.4609,2.982,9.086,1468,2905.29
10634,2.7019,3.5829,10.7284,1460,2905.29
10639,-1.5071,-0.0168,12.5372,1455,2905.29
10644,-4.7872,-0.2322,11.1175,1463,2905.29
10649,-0.3376,2.7509,8.8119,1487,2905.01
10654,2.4349,3.8008,10.5093,1461,2905.01
10659,-1.4425,0.4621,12.4127,1459,2905.01
10664,-4.4688,-0.8009,11.6023,1459,2905.01
10669,-1.2294,2.5642,8.7376,1493,2904.87
10674,2.1823,3.9492,10.3777,1463,2904.87
10679,-1.0774,0.9146,12.1985,1465,2904.87
10684,-3.9672,-1.221,12.0189,1459,2904.87
10689,-2.2063,2.3727,8.7807,1495,2904.87
10694,2.0794,3.8762,10.3154,1467,2904.87
10699,-0.1891,1.336,11.983,1459,2904.87
10704,-3.3423,-1.4916,12.2092,1456,2904.87
10709,-3.14,2.1225,8.9603,1479,2904.87
10714,1.9513,3.6883,10.1263,1463,2904.87
10719,0.9996,1.81,11.7436,1459,2904.87
10724,-2.727,-1.652,12.4822,1467,2904.87
10729,-4.0127,1.7609,9.3386,1500,2905.15
10734,1.6664,3.4644,9.8797,1455,2905.15
10739,1.9513,2.3284,11.4323,1467,2905.15
10744,-2.1883,-1.4293,12.5324,1455,2905.15
10749,-4.6412,1.3671,9.7264,1463,2905.15
10754,1.336,3.2549,9.596,1480,2905.29
10759,2.5307,2.897,11.23,1466,2905.29
10764,-1.828,-0.99,12.6665,1455,2905.29
10769,-4.9225,0.8894,10.3202,1468,2905.29
10774,0.8894,3.122,9.3266,1481,2905.43
10779,2.7701,3.3866,10.9247,1458,2905.43
10784,-1.6029,-0.3555,12.5767,1463,2905.43
10789,-4.944,0.2933,10.8254,1461,2905.43
10794,0.2622,2.9509,9.0405,1477,2905.57
10799,2.6731,3.7134,10.6937,1468,2905.57
10804,-1.5371,0.1496,12.4726,1460,2905.57
10809,-4.6603,-0.3496,11.2731,1462,2905.57
10814,-0.5638,2.7354,8.8286,1482,2905.57
10819,2.4277,3.796,10.5441,1464,2905.57
10824,-1.3001,0.5866,12.3529,1455,2905.57
10829,-4.3084,-0.917,11.6897,1469,2905.57
10834,-1.4892,2.472,8.7173,1499,2905.57
10839,2.1668,3.8451,10.3753,1464,2905.57
10844,-0.8655,0.972,12.1326,1462,2905.57
10849,-3.8128,-1.397,12.0871,1465,2905.57
10854,-2.4936,2.3044,8.8143,1484,2905.43
10859,1.9704,3.796,10.2568,1467,2905.43
10864,0.1257,1.5048,11.9674,1461,2905.43
10869,-3.2274,-1.5718,12.3493,1455,2905.43
10874,-3.4381,2.0375,9.0321,1499,2905.57
10879,1.9034,3.6787,10.0628,1461,2905.57
10884,1.2151,1.9668,11.6717,1461,2905.57
10889,-2.5917,-1.5299,12.5061,1465,2905.57
10894,-4.1803,1.6807,9.4236,1501,2905.43
10899,1.6316,3.4393,9.7588,1455,2905.43
10904,2.2182,2.4792,11.3641,1467,2905.43
10909,-2.0853,-1.3228,12.6174,1459,2905.43
10914,-4.7417,1.2222,9.8857,1459,2905.43
10919,1.2917,3.1747,9.4918,1483,2904.87
10924,2.6432,2.9784,11.133,1463,2904.87
10929,-1.6975,-0.8308,12.5875,1455,2904.87
10934,-4.9333,0.6859,10.4124,1465,2904.87
10939,0.6955,3.0119,9.2189,1481,2904.58
10944,2.6624,3.4512,10.8673,1460,2904.58
10949,-1.5921,-0.2227,12.572,1459,2904.58
10954,-4.9285,0.1269,10.9152,1462,2904.58
10959,0.0299,2.8623,8.9747,1482,2904.58
10964,2.5379,3.7421,10.6135,1464,2904.58
10969,-1.5179,0.3208,12.4439,1459,2904.58
10974,-4.616,-0.4669,11.4179,1459,2904.58
10979,-0.8128,2.6887,8.8202,1480,2904.16
10984,2.3583,3.9313,10.4986,1461,2904.16
10989,-1.2845,0.759,12.2547,1460,2904.16
10994,-4.1635,-0.9984,11.8393,1461,2904.16
10999,-1.798,2.4505,8.8059,1499,2904.3
11004,2.1368,3.7948,10.3334,1462,2904.3
11009,-0.5459,1.1372,11.9842,1459,2904.3
11014,-3.6152,-1.4545,12.1661,1461,2904.3
11019,-2.8287,2.1524,8.928,1499,2904.44
11024,1.9381,3.6978,10.1897,1462,2904.44
11029,0.5088,1.6257,11.7603,1461,2904.44
11034,-3.0155,-1.6269,12.3924,1465,2904.44
11039,-3.7397,1.8675,9.2009,1483,2904.16
11044,1.7837,3.5243,9.9742,1465,2904.16
11049,1.5371,2.1488,11.5628,1467,2904.16
11054,-2.4481,-1.4832,12.5923,1455,2904.16
11059,-4.4221,1.5167,9.5756,1463,2905.29
11064,1.5383,3.3878,9.7181,1461,2905.29
11069,2.4014,2.7258,11.2575,1455,2905.29
11074,-1.9285,-1.0989,12.639,1461,2905.29
11079,-4.7944,1.0618,10.0784,1467,2905.29
11084,1.1049,3.134,9.396,1470,2904.87
11089,2.7282,3.213,11.0373,1459,2904.87
11094,-1.652,-0.583,12.6139,1461,2904.87
11099,-4.889,0.4824,10.5955,1459,2904.87
11104,0.5243,2.9317,9.0812,1479,2904.44
11109,2.6779,3.5362,10.7847,1463,2904.44
11114,-1.5431,-0.0431,12.5229,1459,2904.44
11119,-4.8135,-0.1448,11.0684,1459,2904.44
11124,-0.2777,2.7809,8.9184,1483,2904.3
11129,2.4277,3.7924,10.6219,1461,2904.3
11134,-1.5,0.4633,12.3206,1455,2904.3
11139,-4.5167,-0.6847,11.5688,1465,2904.3
11144,-1.136,2.5893,8.7736,1494,2904.3
11149,2.2458,3.9109,10.4363,1460,2904.3
11154,-1.1145,0.9182,12.1949,1465,2904.3
11159,-3.984,-1.1827,11.9578,1463,2904.3
11164,-2.132,2.375,8.8143,1501,2904.44
11169,2.0913,3.8906,10.2819,1465,2904.44
11174,-0.2286,1.3348,11.9207,1459,2904.44
11179,-3.395,-1.549,12.232,1456,2904.44
11184,-3.1328,2.1141,8.9543,1485,2904.44
11189,1.9441,3.7014,10.1323,1467,2904.44
11194,0.9194,1.7885,11.7112,1455,2904.44
11199,-2.7976,-1.6735,12.4846,1469,2904.44
11204,-4.0079,1.731,9.2787,1482,2904.16
11209,1.7214,3.468,9.9371,1455,2904.16
11214,1.9309,2.3008,11.4251,1467,2904.16
11219,-2.2482,-1.4712,12.5743,1459,2904.16
11224,-4.6507,1.3838,9.7588,1459,2904.16
11229,1.3575,3.292,9.6211,1479,2904.3
11234,2.5235,2.8982,11.1977,1465,2904.3
11239,-1.8818,-0.9481,12.639,1455,2904.3
11244,-4.9117,0.9206,10.2532,1471,2904.3
11249,0.929,3.1244,9.2967,1471,2903.88
11254,2.7354,3.3686,10.9319,1451,2903.88
11259,-1.6281,-0.3867,12.5708,1461,2903.88
11264,-4.889,0.3316,10.7859,1461,2903.88
11269,0.2873,2.9365,9.0202,1471,2903.6
11274,2.6456,3.6811,10.6937,1465,2903.6
11279,-1.5095,0.1077,12.536,1461,2903.6
11284,-4.6531,-0.3472,11.2899,1461,2903.6
11289,-0.5207,2.6647,8.7831,1483,2903.46
11294,2.4181,3.7996,10.5093,1462,2903.46
11299,-1.3659,0.595,12.3421,1461,2903.46
11304,-4.3227,-0.9589,11.7448,1465,2903.46
11309,-1.506,2.5127,8.758,1495,2903.46
11314,2.1165,3.9014,10.3825,1461,2903.46
11319,-0.8404,1.0582,12.1123,1465,2903.46
11324,-3.8116,-1.3431,12.0512,1463,2903.46
11329,-2.557,2.2661,8.8717,1500,2903.46
11334,2.0039,3.8056,10.234,1464,2903.46
11339,0.1724,1.5526,11.9351,1463,2903.46
11344,-3.1627,-1.561,12.3469,1460,2903.46
11349,-3.4788,2.0123,9.1423,1485,2903.32
11354,1.8998,3.62,10.0509,1463,2903.32
11359,1.3443,2.0111,11.5939,1464,2903.32
11364,-2.4696,-1.5754,12.5061,1461,2903.32
11369,-4.2329,1.6388,9.4595,1480,2903.04
11374,1.6137,3.3866,9.821,1459,2903.04
11379,2.2182,2.5199,11.3318,1461,2903.04
11384,-1.9836,-1.2498,12.5959,1459,2903.04
11389,-4.7597,1.1564,9.9371,1467,2903.04
11394,1.2474,3.1807,9.4451,1471,2903.74
11399,2.6887,3.0502,11.0959,1459,2903.74
11404,-1.6963,-0.7745,12.6378,1460,2903.74
11409,-4.9309,0.6452,10.5022,1459,2903.74
11414,0.6572,3.0382,9.1698,1479,2903.6
11419,2.6731,3.5195,10.8314,1461,2903.6
11424,-1.6113,-0.158,12.5456,1453,2903.6
11429,-4.8495,0.0299,11.0157,1463,2903.6
11434,-0.067,2.8706,8.9675,1483,2903.6
11439,2.5319,3.7996,10.641,1461,2903.6
11444,-1.5119,0.3555,12.378,1455,2903.6
11449,-4.5107,-0.5255,11.5245,1461,2903.6
11454,-0.9349,2.6264,8.8083,1494,2903.32
11459,2.3355,3.8547,10.4339,1465,2903.32
11464,-1.1492,0.8009,12.2009,1463,2903.32
11469,-4.033,-1.1468,11.8094,1461,2903.32
11474,-1.9393,2.387,8.77,1499,2903.46
11479,2.0865,3.7757,10.325,1463,2903.46
11484,-0.4202,1.2007,12.0464,1459,2903.46
11489,-3.5147,-1.4952,12.1422,1459,2903.46
11494,-2.9449,2.1524,8.8837,1480,2903.74
11499,1.8747,3.6823,10.1526,1465,2903.74
11504,0.6632,1.6951,11.8238,1456,2903.74
11509,-2.9413,-1.6364,12.3888,1469,2903.74
11514,-3.8379,1.8974,9.238,1499,2904.02
11519,1.7526,3.535,9.9814,1459,2904.02
11524,1.7334,2.2613,11.5748,1467,2904.02
11529,-2.2781,-1.3922,12.5025,1461,2904.02
11534,-4.4388,1.488,9.675,1461,2904.02
11539,1.4533,3.3603,9.6822,1481,2903.74
11544,2.4828,2.7629,11.1953,1465,2903.74
11549,-1.8435,-1.0451,12.6162,1453,2903.74
11554,-4.8507,0.9864,10.1586,1467,2903.74
11559,1.0331,3.1328,9.4152,1477,2904.02
11564,2.7054,3.225,10.9212,1459,2904.02
11569,-1.6209,-0.4513,12.5696,1461,2904.02
11574,-4.9344,0.3591,10.6315,1461,2904.02
11579,0.3615,2.8623,9.1219,1472,2903.74
11584,2.6324,3.614,10.7763,1465,2903.74
11589,-1.5586,0.0551,12.4941,1461,2903.74
11594,-4.7585,-0.2634,11.3006,1459,2903.74
11599,-0.4381,2.7378,8.8621,1483,2903.74
11604,2.3739,3.8367,10.5489,1461,2903.74
11609,-1.4676,0.5495,12.3349,1454,2903.74
11614,-4.3646,-0.759,11.6382,1467,2903.74
11619,-1.391,2.5654,8.7783,1501,2903.32
11624,2.211,3.9361,10.4339,1461,2903.32
11629,-0.9768,0.9996,12.1434,1462,2903.32
11634,-3.8319,-1.2378,12.0524,1463,2903.32
11639,-2.326,2.2948,8.8035,1501,2903.32
11644,2.0435,3.7876,10.2592,1465,2903.32
11649,0.0515,1.3827,11.8345,1461,2903.32
11654,-3.237,-1.6137,12.2428,1459,2903.32
11659,-3.3267,2.0135,9.0178,1501,2903.74
11664,1.8268,3.5817,10.1083,1461,2903.74
11669,1.1588,1.8711,11.6729,1459,2903.74
11674,-2.6995,-1.2294,-0.6165,1463,2903.74
11679,-4.1264,1.6903,9.4104,1497,2903.88
11684,1.6544,3.4117,9.833,1453,2903.88
11689,2.0554,2.4804,11.3629,1465,2903.88
11694,-2.1596,-1.3048,12.6629,1458,2903.88
11699,-4.7453,1.2977,9.8904,1467,2903.88
11704,1.2893,3.2944,9.5397,1468,2903.88
11709,2.6205,3.0514,11.145,1456,2903.88
11714,-1.7813,-0.8045,12.6498,1459,2903.88
11719,-4.9117,0.7685,10.4232,1461,2903.88
11724,0.759,3.0658,9.2069,1479,2903.74
11729,2.7294,3.4393,10.8864,1460,2903.74
11734,-1.5299,-0.2167,12.633,1453,2903.74
11739,-4.8303,0.0982,10.9068,1459,2903.74
11744,0.0407,2.8467,8.9304,1483,2903.74
11749,2.5558,3.7074,10.6183,1455,2903.74
11754,-1.494,0.2598,12.4307,1451,2903.74
11759,-4.6256,-0.5447,11.4156,1461,2903.74
11764,-0.8068,2.6264,8.8023,1467,2904.16
11769,2.2901,3.8726,10.5046,1463,2904.16
11774,-1.3204,0.6764,12.2966,1463,2904.16
11779,-4.2413,-1.0379,11.8657,1451,2904.16
11784,-1.7873,2.4696,8.7281,1496,2904.44
11789,2.0985,3.8642,10.3358,1461,2904.44
11794,-0.6093,1.1768,12.1087,1453,2904.44
11799,-3.6823,-1.3647,12.1745,1459,2904.44
11804,-2.7461,2.2362,8.8921,1501,2905.01
11809,2.0183,3.7745,10.2568,1463,2905.01
11814,0.4896,1.6005,11.8489,1459,2905.01
11819,-2.9939,-1.6305,12.3661,1467,2905.01
11824,-3.6547,1.913,9.1578,1479,2905.15
11829,1.8244,3.535,9.9096,1456,2905.15
11834,1.6065,2.1033,11.5448,1468,2905.15
11839,-2.4624,-1.5718,12.5037,1459,2905.15
11844,-4.3682,1.5443,9.5445,1461,2905.15
11849,1.579,3.2765,9.7001,1478,2905.15
11854,2.3487,2.5989,11.3449,1464,2905.15
11859,-1.998,-1.2534,12.6354,1454,2905.15
11864,-4.8423,1.0259,10.0987,1467,2905.15
11869,1.1408,3.1831,9.4152,1471,2904.73
11874,2.7078,3.1759,11.0492,1461,2904.73
11879,-1.7298,-0.6345,12.6833,1461,2904.73
11884,-4.9692,0.6165,10.6123,1461,2904.73
11889,0.5866,3.0251,9.0644,1471,2904.87
11894,2.6947,3.6021,10.8493,1464,2904.87
11899,-1.652,-0.0323,12.5971,1459,2904.87
11904,-4.7669,-0.0575,11.1067,1461,2904.87
11909,-0.1951,2.7952,8.8538,1481,2904.73
11914,2.5307,3.8319,10.6913,1461,2904.73
11919,-1.4509,0.4334,12.4175,1455,2904.73
11924,-4.4544,-0.6859,11.5065,1465,2904.73
11929,-1.0618,2.5235,8.7125,1501,2904.87
11934,2.3308,3.8271,10.4148,1459,2904.87
11939,-1.1408,0.8416,12.2284,1466,2904.87
11944,-4.0211,-1.2043,11.9124,1463,2904.87
11949,-2.0231,2.3679,8.7484,1494,2904.73
11954,2.0518,3.8092,10.2879,1467,2904.73
11959,-0.3567,1.3096,12.0321,1461,2904.73
11964,-3.5039,-1.5562,12.2631,1461,2904.73
11969,-3.0299,2.1237,8.9028,1497,2904.44
11974,1.9237,3.6895,10.1263,1463,2904.44
11979,0.7338,1.816,11.8681,1460,2904.44
11984,-2.8479,-1.585,12.4163,1465,2904.44
11989,-3.8918,1.8244,9.2177,1496,2904.58
11994,1.8028,3.5231,9.8797,1456,2904.58
11999,1.8723,2.2948,11.5616,1466,2904.58
12004,-2.2505,-1.4257,12.5384,1460,2904.58
12009,-4.5717,1.3982,9.6654,1460,2904.58
12014,1.4138,3.2669,9.6199,1470,2904.44
12019,2.563,2.812,11.2839,1463,2904.44
12024,-1.816,-1.0104,12.6414,1460,2904.44
12029,-4.8495,0.8523,10.1969,1464,2904.44
12034,0.9792,3.0706,9.2715,1477,2904.73
12039,2.7426,3.2717,10.9535,1455,2904.73
12044,-1.5909,-0.4549,12.651,1459,2904.73
12049,-4.9333,0.2777,10.7404,1460,2904.73
12054,0.3208,2.9437,9.0549,1482,2905.15
12059,2.6037,3.6775,10.6997,1463,2905.15
12064,-1.6257,0.0922,12.5875,1455,2905.15
12069,-4.7369,-0.2239,11.2336,1459,2905.15
12074,-0.5016,2.7222,8.7831,1477,2905.57
12079,2.4217,3.869,10.5165,1465,2905.57
12084,-1.4341,0.5902,12.4343,1459,2905.57
12089,-4.3407,-0.7865,11.7424,1464,2905.57
12094,-1.3874,2.4876,8.7089,1495,2905.85
12099,2.2625,3.8738,10.3358,1459,2905.85
12104,-0.9062,0.9936,12.2607,1461,2905.85
12109,-3.7912,-1.3372,11.9961,1455,2905.85
12114,-2.3343,2.2003,8.6969,1497,2905.99
12119,2.0818,3.7589,10.2795,1463,2905.99
12124,0.0299,1.4353,11.9483,1461,2905.99
12129,-3.2717,-1.6017,12.2631,1465,2905.99
12134,-3.2896,2.0446,8.9854,1497,2906.13
12139,1.8555,3.6081,10.0341,1460,2906.13
12144,1.0546,1.9118,11.7855,1463,2906.13
12149,-2.7378,-1.6065,12.4498,1457,2906.13
12154,-4.1084,1.725,9.335,1467,2906.27
12159,1.6795,3.4213,9.8186,1453,2906.27
12164,2.0267,2.5271,11.5341,1455,2906.27
12169,-2.1775,-1.2869,12.5672,1458,2906.27
12174,-4.6268,1.3635,9.8318,1469,2906.27
12179,1.3276,3.2453,9.4715,1467,2905.99
12184,2.6288,2.9808,11.2647,1457,2905.99
12189,-1.737,-0.8727,12.6366,1459,2905.99
12194,-4.877,0.759,10.307,1455,2905.99
12199,0.8356,3.0155,9.2081,1469,2906.27
12204,2.7833,3.3734,10.9355,1453,2906.27
12209,-1.5694,-0.3292,12.5672,1449,2906.27
12214,-4.9464,0.1592,10.8505,1459,2906.27
12219,0.1592,2.8359,8.9771,1481,2906.41
12224,2.5474,3.6787,10.6913,1453,2906.41
12229,-1.5155,0.1963,12.5588,1451,2906.41
12234,-4.7381,-0.4274,11.3689,1455,2906.41
12239,-0.7207,2.7031,8.8059,1464,2906.27
12244,2.3523,3.887,10.5608,1461,2906.27
12249,-1.3515,0.6991,12.402,1459,2906.27
12254,-4.2665,-0.9278,11.7938,1455,2906.27
12259,-1.6065,2.4481,8.7101,1490,2906.41
12264,2.2051,3.9373,10.3382,1459,2906.41
12269,-0.7757,1.0953,12.1099,1453,2906.41
12274,-3.6811,-1.3587,12.1266,1455,2906.41
12279,-2.5774,2.2374,8.7975,1492,2906.27
12284,2.0602,3.7601,10.1885,1459,2906.27
12289,0.2394,1.4952,11.9231,1455,2906.27
12294,-3.0993,-1.5826,12.3325,1465,2906.27
12299,-3.4872,1.9273,9.0297,1471,2905.99
12304,1.8615,3.547,9.9994,1451,2905.99
12309,1.3096,1.968,11.6813,1464,2905.99
12314,-2.6037,-1.6257,12.5516,1452,2905.99
12319,-4.2569,1.6053,9.3913,1461,2905.99
12324,1.6233,3.3411,9.7217,1469,2906.7
12329,2.1488,2.5594,11.4718,1461,2906.7
12334,-2.1081,-1.2821,12.6186,1453,2906.7
12339,-4.7262,1.2701,9.8557,1467,2906.7
12344,1.2641,3.2525,9.4104,1467,2906.41
12349,2.66,3.0993,11.1486,1453,2906.41
12354,-1.7693,-0.7087,12.6809,1453,2906.41
12359,-4.9105,0.723,10.386,1455,2906.41
12364,0.7721,3.0837,9.104,1467,2906.41
12369,2.7725,3.4884,10.9212,1455,2906.41
12374,-1.5814,-0.2023,12.6306,1453,2906.41
12379,-4.8111,0.0539,10.9008,1459,2906.41
12384,0.0287,2.7833,8.8717,1480,2906.55
12389,2.5953,3.7182,10.6434,1455,2906.55
12394,-1.4928,0.3244,12.5181,1451,2906.55
12399,-4.5945,-0.5602,11.3844,1461,2906.55
12404,-0.8332,2.6372,8.7257,1486,2906.55
12409,2.3475,3.8295,10.4866,1459,2906.55
12414,-1.3132,0.729,12.3577,1461,2906.55
12419,-4.2078,-1.0534,11.8393,1459,2906.55
12424,-1.798,2.4014,8.74,1489,2906.41
12429,2.1093,3.8642,10.3645,1465,2906.41
12434,-0.6393,1.154,12.1171,1455,2906.41
12439,-3.6679,-1.3874,12.1254,1453,2906.41
12444,-2.7605,2.1991,8.7939,1493,2906.27
12449,2.0063,3.7888,10.1825,1469,2906.27
12454,0.4609,1.6053,11.9255,1459,2906.27
12459,-3.0454,-1.5407,12.3756,1465,2906.27
12464,-3.632,1.9537,9.086,1481,2905.71
12469,1.889,3.5614,9.9695,1453,2905.71
12474,1.5359,2.0901,11.6502,1465,2905.71
12479,-2.4768,-1.5371,12.5217,1453,2905.71
12484,-4.3503,1.5431,9.5289,1453,2905.71
12489,1.5909,3.3052,9.6989,1470,2906.84
12494,2.3571,2.6336,11.4563,1455,2906.84
12499,-2.0147,-1.2079,12.6246,1454,2906.84
12504,-4.7812,1.1253,10.0114,1464,2906.84
12509,1.1732,3.1364,9.3625,1471,2906.41
12514,2.6899,3.1328,11.0828,1455,2906.41
12519,-1.7837,-0.6572,12.6522,1455,2906.41
12524,-4.9704,0.6584,10.5489,1453,2906.41
12529,0.5986,2.9628,9.0836,1467,2906.13
12534,2.7007,3.5793,10.8625,1463,2906.13
12539,-1.6448,-0.0443,12.5839,1455,2906.13
12544,-4.7992,0.012,11.0756,1455,2906.13
12549,-0.1173,2.7928,8.8442,1478,2905.85
12554,2.6121,3.7912,10.6171,1459,2905.85
12559,-1.4832,0.4429,12.457,1453,2905.85
12564,-4.4784,-0.5986,11.4958,1465,2905.85
12569,-0.9744,2.6097,8.7077,1493,2905.85
12574,2.3152,3.8511,10.4256,1459,2905.85
12579,-1.2282,0.8344,12.2679,1455,2905.85
12584,-4.0366,-1.142,11.8932,1455,2905.85
12589,-1.9776,2.326,8.6945,1491,2905.99
12594,2.0877,3.8044,10.3633,1463,2905.99
12599,-0.4298,1.227,12.1194,1453,2905.99
12604,-3.5039,-1.4796,12.214,1459,2905.99
12609,-2.9556,2.138,8.8765,1497,2905.99
12614,1.9405,3.711,10.1969,1463,2905.99
12619,0.5662,1.7095,11.8896,1455,2905.99
12624,-2.9748,-1.5969,12.4115,1465,2905.99
12629,-3.8116,1.834,9.1782,1496,2905.99
12634,1.7873,3.5051,9.9264,1455,2905.99
12639,1.7095,2.2494,11.5975,1464,2905.99
12644,-2.3583,-1.4748,12.5516,1459,2905.99
12649,-4.4077,1.4928,9.5636,1451,2905.99
12654,1.4952,3.2968,9.596,1465,2906.13
12659,2.4349,2.7426,11.2683,1459,2906.13
12664,-1.907,-1.0582,12.5983,1451,2906.13
12669,-4.8471,0.9553,10.1047,1463,2906.13
12674,1.0475,3.0622,9.3541,1469,2906.41
12679,2.7258,3.2226,11.0397,1454,2906.41
12684,-1.658,-0.5567,12.6486,1452,2906.41
12689,-5.0015,0.4549,10.6255,1453,2906.41
12694,0.431,2.8695,9.0273,1477,2906.84
12699,2.6947,3.5291,10.8661,1460,2906.84
12704,-1.6316,-0.0275,12.5959,1455,2906.84
12709,-4.8387,-0.1496,11.1713,1455,2906.84
12714,-0.3017,2.7641,8.8502,1470,2906.98
12719,2.4732,3.8642,10.6183,1459,2906.98
12724,-1.5179,0.5602,12.4882,1452,2906.98
12729,-4.4879,-0.7195,11.5987,1459,2906.98
12734,-1.1875,2.5606,8.7293,1487,2907.26
12739,2.3331,3.9121,10.3896,1455,2907.26
12744,-1.1169,0.9242,12.3002,1453,2907.26
12749,-3.9624,-1.1803,11.9566,1459,2907.26
12754,-2.0937,2.326,8.6933,1491,2907.12
12759,2.1057,3.8164,10.2651,1459,2907.12
12764,-0.2346,1.3012,12.056,1453,2907.12
12769,-3.4105,-1.5275,12.1817,1458,2907.12
12774,-3.0981,2.0578,8.8945,1480,2907.12
12779,1.9166,3.638,10.1155,1459,2907.12
12784,0.7973,1.7921,11.8645,1463,2907.12
12789,-2.8455,-1.6496,12.4534,1456,2907.12
12794,-3.9612,1.7789,9.2452,1480,2906.7
12799,1.6855,3.4728,9.809,1455,2906.7
12804,1.7897,2.3619,11.5436,1455,2906.7
12809,-2.2984,-1.3934,12.5827,1452,2906.7
12814,-4.5059,1.4305,9.6989,1464,2906.7
12819,1.4664,3.3196,9.5612,1462,2907.12
12824,2.5414,2.8479,11.3066,1453,2907.12
12829,-1.8627,-1.0247,12.6761,1452,2907.12
12834,-4.8423,0.9768,10.1778,1459,2907.12
12839,1.0199,3.0957,9.2931,1471,2905.85
12844,2.8024,3.3184,10.9786,1458,2905.85
12849,-1.6448,-0.4633,12.6174,1449,2905.85
12854,-4.8459,0.3089,10.756,1459,2905.85
12859,0.3663,2.909,8.9818,1479,2905.71
12864,2.6647,3.62,10.7787,1455,2905.71
12869,-1.5215,0.0814,12.4989,1463,2905.71
12874,-4.7417,-0.3256,11.2372,1463,2905.71
12879,-0.4381,2.7126,8.8717,1484,2905.99
12884,2.4002,3.8343,10.5728,1461,2905.99
12889,-1.4653,0.5842,12.3708,1456,2905.99
12894,-4.4209,-0.8452,11.6945,1452,2905.99
12899,-1.3515,2.5259,8.7568,1492,2906.41
12904,2.223,3.9169,10.3837,1455,2906.41
12909,-1.0008,0.9828,12.1745,1453,2906.41
12914,-3.8822,-1.3036,12.0309,1461,2906.41
12919,-2.3391,2.2853,8.7831,1490,2906.55
12924,2.1201,3.8367,10.2711,1459,2906.55
12929,-0.0766,1.3946,12.0452,1456,2906.55
12934,-3.2848,-1.5455,12.3038,1465,2906.55
12939,-3.2765,2.0578,8.9232,1491,2907.12
12944,1.9728,3.6404,9.997,1459,2907.12
12949,1.0894,1.8208,11.7555,1468,2907.12
12954,-2.7354,-1.5886,12.4977,1451,2907.12
12959,-4.0582,1.6987,9.2572,1460,2907.12
12964,1.7154,3.401,9.7947,1467,2907.54
12969,1.9884,2.4253,11.4886,1460,2907.54
12974,-2.2314,-1.409,12.6258,1455,2907.54
12979,-4.6747,1.3192,9.7276,1467,2907.54
12984,1.4126,3.2214,9.5505,1466,2908.39
12989,2.5762,2.9341,11.2228,1455,2908.39
12994,-1.8878,-0.9505,12.7372,1453,2908.39
12999,-4.9153,0.9206,10.2268,1435,2908.39
13004,0.9026,3.0801,9.2285,1471,2908.39
13009,2.7821,3.4058,10.9786,1460,2908.39
13014,-1.646,-0.3543,12.6701,1453,2908.39
13019,-4.9069,0.3029,10.7799,1459,2908.39
13024,0.3053,2.8958,8.9208,1471,2907.96
13029,2.6624,3.6799,10.7045,1471,2907.96
13034,-1.567,0.1329,12.5552,1451,2907.96
13039,-4.6998,-0.3508,11.1989,1461,2907.96
13044,-0.4872,2.6899,8.7281,1491,2907.96
13049,2.466,3.8235,10.5022,1459,2907.96
13054,-1.3671,0.5722,12.39,1461,2907.96
13059,-4.3646,-0.9086,11.6478,1459,2907.96
13064,-1.4066,2.5211,8.7209,1493,2907.26
13069,2.2051,3.8834,10.4148,1465,2907.26
13074,-0.9325,0.9613,12.2727,1451,2907.26
13079,-3.8654,-1.2989,12.0105,1455,2907.26
13084,-2.411,2.3152,8.8131,1493,2906.55
13089,2.047,3.7804,10.2891,1459,2906.55
13094,0.0407,1.421,12.0105,1454,2906.55
13099,-3.3028,-1.5586,12.3313,1461,2906.55
13104,-3.3315,2.0423,8.9926,1470,2906.27
13109,1.9453,3.6547,10.0401,1453,2906.27
13114,1.1744,1.9297,11.7639,1463,2906.27
13119,-2.6492,-1.5957,12.5181,1455,2906.27
13124,-4.1372,1.7071,9.3242,1453,2906.27
13129,1.7095,3.4285,9.7791,1469,2906.27
13134,2.1153,2.4409,11.4862,1461,2906.27
13139,-2.132,-1.3276,12.6091,1451,2906.27
13144,-4.6555,1.2857,9.8055,1467,2906.27
13149,1.336,3.2058,9.4679,1469,2906.27
13154,2.6252,2.9616,11.2468,1453,2906.27
13159,-1.8052,-0.923,12.6534,1459,2906.27
13164,-4.9548,0.7985,10.2951,1455,2906.27
13169,0.8607,3.0394,9.1854,1465,2905.99
13174,2.7354,3.4357,10.9798,1460,2905.99
13179,-1.6448,-0.3184,12.633,1455,2905.99
13184,-4.9153,0.2215,10.9008,1459,2905.99
13189,0.1544,2.8563,8.8981,1481,2905.71
13194,2.5845,3.7493,10.726,1459,2905.71
13199,-1.6269,0.2107,12.5301,1448,2905.71
13204,-4.6292,-0.3543,11.3749,1463,2905.71
13209,-0.6752,2.6875,8.7604,1479,2905.57
13214,2.4229,3.9025,10.5465,1459,2905.57
13219,-1.3587,0.6991,12.3505,1462,2905.57
13224,-4.2054,-0.9445,11.7603,1461,2905.57
13229,-1.5933,2.4289,8.6742,1485,2905.85
13234,2.2242,3.8499,10.3705,1464,2905.85
13239,-0.747,1.057,12.1637,1453,2905.85
13244,-3.7014,-1.3958,12.1159,1453,2905.85
13249,-2.5989,2.2194,8.8346,1469,2906.27
13254,1.9992,3.7709,10.2185,1461,2906.27
13259,0.2418,1.5371,11.9566,1455,2906.27
13264,-3.1412,-1.6017,12.3337,1465,2906.27
13269,-3.5111,1.9537,9.0704,1495,2906.98
13274,1.8507,3.5578,10.0365,1453,2906.98
13279,1.342,2.0051,11.6753,1465,2906.98
13284,-2.5965,-1.5155,12.5217,1459,2906.98
13289,-4.2329,1.6376,9.4092,1453,2906.98
13294,1.6269,3.4237,9.7659,1469,2907.4
13299,2.247,2.6157,11.3856,1460,2907.4
13304,-2.0662,-1.1863,12.6234,1451,2907.4
13309,-4.725,1.1911,9.894,1467,2907.4
13314,1.239,3.1975,9.4595,1465,2908.24
13319,2.6935,3.0646,11.1247,1454,2908.24
13324,-1.7322,-0.7673,12.6701,1463,2908.24
13329,-4.9297,0.6764,10.398,1455,2908.24
13334,0.7422,2.9808,9.1147,1467,2908.53
13339,2.7809,3.4069,10.8146,1463,2908.53
13344,-1.5909,-0.2406,12.6055,1459,2908.53
13349,-4.9213,0.1149,10.9032,1459,2908.53
13354,0.0239,2.7821,8.8609,1477,2908.67
13359,2.5941,3.7385,10.6566,1459,2908.67
13364,-1.5778,0.2849,12.4798,1451,2908.67
13369,-4.6878,-0.4453,11.3904,1464,2908.67
13374,-0.7889,2.6552,8.7364,1495,2908.67
13379,2.411,3.8738,10.4698,1454,2908.67
13384,-1.336,0.7326,12.3864,1461,2908.67
13389,-4.2174,-0.9924,11.8214,1459,2908.67
13394,-1.6939,2.46,8.734,1490,2908.1
13399,2.2386,3.863,10.3753,1463,2908.1
13404,-0.7254,1.1636,12.1937,1451,2908.1
13409,-3.6847,-1.3396,12.0835,1453,2908.1
13414,-2.6193,2.2146,8.7759,1493,2907.54
13419,2.0662,3.7266,10.1766,1462,2907.54
13424,0.3388,1.5658,11.9806,1455,2907.54
13429,-3.1125,-1.6029,12.3541,1463,2907.54
13434,-3.5458,1.919,9.0417,1495,2906.7
13439,1.8723,3.5243,9.9683,1451,2906.7
13444,1.3779,2.0494,11.6574,1463,2906.7
13449,-2.5343,-1.5694,12.5265,1455,2906.7
13454,-4.2976,1.5682,9.4248,1455,2906.7
13459,1.5598,3.3567,9.7276,1466,2906.55
13464,2.2326,2.5941,11.4934,1459,2906.55
13469,-2.1308,-1.2534,12.6234,1449,2906.55
13474,-4.7465,1.1851,9.8928,1462,2906.55
13479,1.2582,3.1735,9.4547,1469,2906.7
13484,2.6959,3.1196,11.1498,1453,2906.7
13489,-1.7585,-0.6788,12.5971,1455,2906.7
13494,-4.9093,0.6572,10.477,1455,2906.7
13499,0.723,3.067,9.1063,1467,2906.41
13504,2.7426,3.5267,10.8326,1459,2906.41
13509,-1.555,-0.1472,12.548,1449,2906.41
13514,-4.8399,0.0515,11.0109,1455,2906.41
13519,-0.0239,2.7737,8.8358,1471,2906.84
13524,2.5881,3.6895,10.6087,1459,2906.84
13529,-1.494,0.3484,12.4822,1452,2906.84
13534,-4.5945,-0.5459,11.497,1461,2906.84
13539,-0.8571,2.6228,8.764,1478,2906.98
13544,2.3188,3.8702,10.5117,1454,2906.98
13549,-1.2857,0.7697,12.3038,1453,2906.98
13554,-4.1719,-1.0642,11.8118,1461,2906.98
13559,-1.8735,2.3978,8.7029,1492,2907.4
13564,2.1332,3.8894,10.3597,1461,2907.4
13569,-0.5698,1.1887,12.1781,1455,2907.4
13574,-3.6619,-1.3743,12.2595,1455,2907.4
13579,-2.8132,2.223,8.8609,1493,2908.53
13584,2.0351,3.7924,10.1598,1455,2908.53
13589,0.5171,1.6197,11.8896,1455,2908.53
13594,-3.0586,-1.6053,12.384,1461,2908.53
13599,-3.6524,1.9058,9.0764,1480,2909.09
13604,1.8723,3.565,9.9587,1455,2909.09
13609,1.549,2.0626,11.6717,1461,2909.09
13614,-2.5031,-1.5586,12.5648,1461,2909.09
13619,-4.3251,1.5287,9.3745,1467,2909.09
13624,1.6137,3.2872,9.6666,1465,2909.8
13629,2.3403,2.5786,11.3605,1459,2909.8
13634,-2.0267,-1.2821,12.6462,1463,2909.8
13639,-4.8435,1.0918,9.9515,1463,2909.8
13644,1.2186,3.1472,9.4332,1465,2910.5
13649,2.7186,3.1161,11.1761,1455,2910.5
13654,-1.7681,-0.7171,12.6701,1459,2910.5
13659,-5.0099,0.6524,10.4315,1454,2910.5
13664,0.6644,2.9916,9.0884,1477,2910.64
13669,2.7665,3.5386,10.92,1455,2910.64
13674,-1.6472,-0.1532,12.6749,1455,2910.64
13679,-4.8937,0.0838,11.0073,1455,2910.64
13684,0.0359,2.8599,8.8166,1469,2910.64
13689,2.6767,3.7804,10.6099,1459,2910.64
13694,-1.5083,0.3148,12.5121,1451,2910.64
13699,-4.5645,-0.5183,11.3713,1459,2910.64
13704,-0.808,2.6504,8.6886,1491,2910.64
13709,2.3846,3.8403,10.4232,1455,2910.64
13714,-1.2474,0.7111,12.3996,1460,2910.64
13719,-4.221,-1.0391,11.7783,1459,2910.64
13724,-1.7286,2.4337,8.6347,1491,2909.51
13729,2.1632,3.8343,10.3573,1463,2909.51
13734,-0.6692,1.087,12.1877,1453,2909.51
13739,-3.784,-1.47,12.1542,1455,2909.51
13744,-2.6947,2.2494,8.8657,1471,2907.68
13749,1.98,3.7804,10.24,1461,2907.68
13754,0.2765,1.5407,12.0452,1459,2907.68
13759,-3.1137,-1.5826,12.3744,1465,2907.68
13764,-3.6009,1.9896,9.0501,1480,2906.55
13769,1.8962,3.6057,9.9204,1454,2906.55
13774,1.4545,2.0327,11.6586,1460,2906.55
13779,-2.5211,-1.5155,12.5588,1454,2906.55
13784,-4.2844,1.6257,9.4739,1460,2906.55
13789,1.658,3.3591,9.7348,1461,2906.98
13794,2.3475,2.5235,11.4024,1455,2906.98
13799,-2.0111,-1.2342,12.5947,1452,2906.98
13804,-4.7202,1.1432,9.8916,1462,2906.98
13809,1.233,3.1556,9.3529,1469,2906.41
13814,2.709,3.0562,11.1773,1455,2906.41
13819,-1.7538,-0.7721,12.6641,1453,2906.41
13824,-4.9728,0.6596,10.4627,1461,2906.41
13829,0.6249,2.9413,9.1219,1479,2906.41
13834,2.7126,3.5075,10.9104,1455,2906.41
13839,-1.6628,-0.1341,12.5911,1451,2906.41
13844,-4.9153,0.0886,10.9523,1455,2906.41
13849,-0.0156,2.8287,8.9244,1463,2906.41
13854,2.5367,3.8116,10.7141,1461,2906.41
13859,-1.5778,0.3663,12.4965,1453,2906.41
13864,-4.5765,-0.486,11.4646,1461,2906.41
13869,-0.8619,2.6228,8.7712,1491,2906.98
13874,2.3906,3.8858,10.489,1455,2906.98
13879,-1.2605,0.7913,12.2691,1453,2906.98
13884,-4.0713,-1.0654,11.898,1455,2906.98
13889,-1.8328,2.3966,8.7029,1492,2906.84
13894,2.1548,3.8271,10.3573,1463,2906.84
13899,-0.5171,1.1708,12.1302,1459,2906.84
13904,-3.547,-1.4688,12.153,1461,2906.84
13909,-2.8455,2.1584,8.8358,1491,2907.26
13914,1.962,3.6547,10.1885,1459,2907.26
13919,0.4693,1.5634,11.9387,1462,2907.26
13924,-3.0251,-1.6376,12.3804,1453,2907.26
13929,-3.7206,1.9321,9.1016,1467,2907.54
13934,1.7825,3.5446,10.0018,1455,2907.54
13939,1.5598,2.1476,11.6286,1455,2907.54
13944,-2.4373,-1.4664,12.5696,1453,2907.54
13949,-4.4029,1.5909,9.5337,1467,2907.54
13954,1.5371,3.3902,9.6857,1464,2907.68
13959,2.4421,2.648,11.3725,1455,2907.68
13964,-2.0123,-1.1037,12.6617,1451,2907.68
13969,-4.8279,1.0846,9.9491,1455,2907.68
13974,1.1851,3.1747,9.3637,1469,2908.1
13979,2.8084,3.1304,11.048,1454,2908.1
13984,-1.664,-0.6788,12.621,1451,2908.1
13989,-4.974,0.5219,10.5117,1454,2908.1
13994,0.5986,2.9233,9.0585,1479,2907.96
13999,2.8036,3.4907,10.829,1455,2907.96
14004,-1.5862,-0.1341,12.6797,1451,2907.96
14009,-4.8698,-0.0263,11.0373,1455,2907.96
14014,-0.152,2.7485,8.8693,1485,2907.68
14019,2.4948,3.7996,10.6171,1459,2907.68
14024,-1.6149,0.3723,12.5253,1455,2907.68
14029,-4.5693,-0.5997,11.5089,1451,2907.68
14034,-0.9912,2.5786,8.6886,1490,2907.4
14039,2.3044,3.9229,10.4579,1455,2907.4
14044,-1.2989,0.8523,12.3553,1451,2907.4
14049,-4.1204,-1.0523,11.9076,1459,2907.4
14054,-1.901,2.375,8.6802,1487,2907.4
14059,2.1644,3.893,10.2651,1454,2907.4
14064,-0.4453,1.227,12.1422,1451,2907.4
14069,-3.5003,-1.4413,12.1578,1461,2907.4
14074,-2.8335,2.1021,8.8514,1479,2907.26
14079,2.0183,3.6332,10.1909,1451,2907.26
14084,0.6273,1.6125,11.8848,1463,2907.26
14089,-2.9449,-1.6209,12.3385,1451,2907.26
14094,-3.7637,1.8124,9.0872,1460,2907.12
14099,1.7789,3.4979,9.9048,1461,2907.12
14104,1.6532,2.1476,11.661,1453,2907.12
14109,-2.4325,-1.5287,12.572,1451,2907.12
14114,-4.452,1.5239,9.5684,1467,2907.12
14119,1.5359,3.3495,9.6367,1465,2908.1
14124,2.375,2.7653,11.3605,1451,2908.1
14129,-1.998,-1.1193,12.6773,1451,2908.1
14134,-4.8507,1.1001,10.0221,1451,2908.1
14139,1.1325,3.1747,9.3434,1466,2907.82
14144,2.7078,3.201,11.06,1453,2907.82
14149,-1.6436,-0.5435,12.6534,1449,2907.82
14154,-4.9428,0.5507,10.5728,1453,2907.82
14159,0.5818,2.9221,9.0034,1478,2908.1
14164,2.7857,3.5386,10.7835,1451,2908.1
14169,-1.5586,-0.0682,12.5743,1449,2908.1
14174,-4.7872,-0.0934,11.0612,1460,2908.1
14179,-0.1867,2.7198,8.7903,1484,2908.1
14184,2.496,3.7553,10.6422,1459,2908.1
14189,-1.4521,0.3831,12.4738,1453,2908.1
14194,-4.5418,-0.68,11.5436,1451,2908.1
14199,-1.081,2.5522,8.6814,1485,2908.39
14204,2.3056,3.8978,10.4459,1461,2908.39
14209,-1.172,0.8368,12.3122,1453,2908.39
14214,-4.1084,-1.0989,11.9507,1456,2908.39
14219,-1.974,2.4122,8.6778,1489,2908.67
14224,2.1272,3.9049,10.343,1459,2908.67
14229,-0.4477,1.257,12.1111,1451,2908.67
14234,-3.5135,-1.4521,12.2128,1463,2908.67
14239,-2.9449,2.1632,8.8669,1469,2908.67
14244,2.0399,3.7385,10.1131,1453,2908.67
14249,0.6357,1.6951,11.9315,1463,2908.67
14254,-2.9185,-1.6029,12.3876,1451,2908.67
14259,-3.7517,1.834,9.1099,1451,2908.67
14264,1.8304,3.5015,9.8845,1467,2908.95
14269,1.7418,2.1344,11.57,1485,2908.95
14274,-2.381,-1.5766,12.5265,1451,2908.95
14279,-4.4377,1.4545,9.5217,1461,2908.95
14284,1.5275,3.2537,9.6379,1467,2908.95
14289,2.3954,2.6767,11.3772,1453,2908.95
14294,-1.9908,-1.1492,12.7204,1455,2908.95
14299,-4.9081,1.1085,10.0269,1449,2908.95
14304,1.0965,3.1759,9.341,1467,2908.95
14309,2.7186,3.213,11.0899,1462,2908.95
14314,-1.719,-0.6213,12.6749,1453,2908.95
14319,-5.0039,0.5602,10.5022,1455,2908.95
14324,0.559,3.0119,9.0345,1467,2908.95
14329,2.7066,3.6188,10.8433,1455,2908.95
14334,-1.5957,-0.0347,12.6306,1449,2908.95
14339,-4.8327,0.0192,11.0157,1456,2908.95
14344,-0.1532,2.7952,8.8155,1485,2908.95
14349,2.5881,3.7912,10.6279,1459,2908.95
14354,-1.488,0.4238,12.4391,1455,2908.95
14359,-4.5047,-0.6345,11.5149,1455,2908.95
14364,-1.0151,2.5642,8.7005,1487,2909.09
14369,2.2984,3.808,10.4399,1453,2909.09
14374,-1.1289,0.7937,12.311,1451,2909.09
14379,-4.124,-1.1337,11.8693,1453,2909.09
14384,-1.9872,2.4002,8.6622,1495,2909.23
14389,2.0853,3.8439,10.3226,1459,2909.23
14394,-0.431,1.2402,12.1793,1453,2909.23
14399,-3.5937,-1.4545,12.1997,1462,2909.23
14404,-2.9449,2.1608,8.8957,1471,2909.37
14409,1.9656,3.7505,10.1131,1451,2909.37
14414,0.577,1.6795,11.8932,1464,2909.37
14419,-2.9999,-1.5778,12.3672,1452,2909.37
14424,-3.7601,1.9345,9.1183,1463,2909.37
14429,1.8651,3.5674,9.9,1468,2909.37
14434,1.6927,2.1284,11.6837,1455,2909.37
14439,-2.4385,-1.4904,12.5205,1449,2909.37
14444,-4.4053,1.5562,9.487,1467,2909.37
14449,1.6305,3.3375,9.6426,1464,2909.51
14454,2.4517,2.6336,11.3689,1455,2909.51
14459,-1.9525,-1.1744,12.6605,1451,2909.51
14464,-4.853,1.0499,9.9826,1451,2909.51
14469,1.1504,3.1472,9.3146,1470,2909.66
14474,2.7198,3.1496,11.1438,1453,2909.66
14479,-1.7298,-0.6656,12.7144,1449,2909.66
14484,-4.9991,0.5471,10.5177,1461,2909.66
14489,0.5806,2.9784,9.0848,1471,2909.51
14494,2.7258,3.5434,10.9164,1453,2909.51
14499,-1.6723,-0.0898,12.621,1449,2909.51
14504,-4.9033,0.0646,11.0708,1459,2909.51
14509,-0.1269,2.8671,8.8214,1482,2909.51
14514,2.5379,3.8247,10.6793,1455,2909.51
14519,-1.5874,0.3998,12.4786,1455,2909.51
14524,-4.5274,-0.5267,11.4802,1453,2909.51
14529,-0.9074,2.5738,8.6323,1491,2909.51
14534,2.3834,3.8822,10.4878,1455,2909.51
14539,-1.221,0.7985,12.2595,1451,2909.51
14544,-4.1156,-1.1025,11.8214,1453,2909.51
14549,-1.8651,2.4193,8.606,1493,2909.51
14554,2.1201,3.7876,10.3453,1457,2909.51
14559,-0.492,1.1875,12.0787,1453,2909.51
14564,-3.6057,-1.4377,12.1613,1461,2909.51
14569,-2.8383,2.1368,8.8095,1485,2909.37
14574,1.9333,3.6835,10.1275,1453,2909.37
14579,0.5195,1.6017,11.9662,1463,2909.37
14584,-3.0861,-1.6197,12.4008,1450,2909.37
14589,-3.705,1.9273,9.0848,1461,2909.37
14594,1.8232,3.5362,9.8821,1469,2909.51
14599,1.5838,2.1093,11.6765,1455,2909.51
14604,-2.5391,-1.4964,12.5516,1448,2909.51
14609,-4.4101,1.5862,9.5146,1465,2909.51
14614,1.5969,3.4081,9.6726,1467,2909.66
14619,2.3284,2.636,11.3904,1454,2909.66
14624,-2.0494,-1.1612,12.6581,1455,2909.66
14629,-4.8183,1.1672,9.8857,1453,2909.66
14634,1.2246,3.1711,9.3553,1468,2909.51
14639,2.7797,3.0706,11.1199,1453,2909.51
14644,-1.6987,-0.7075,12.6593,1447,2909.51
14649,-4.9799,0.5519,10.4579,1459,2909.51
14654,0.6369,2.9616,9.0764,1479,2909.51
14659,2.7342,3.4596,10.8553,1453,2909.51
14664,-1.6185,-0.1341,12.6198,1449,2909.51
14669,-4.9105,0.0204,10.9714,1453,2909.51
14674,-0.0467,2.7869,8.8597,1469,2909.23
14679,2.5379,3.7421,10.6626,1456,2909.23
14684,-1.5886,0.3412,12.5696,1455,2909.23
14689,-4.6687,-0.516,11.5161,1453,2909.23
14694,-0.8894,2.5941,8.7101,1492,2908.81
14699,2.3439,3.9145,10.4543,1453,2908.81
14704,-1.3372,0.7566,12.3409,1449,2908.81
14709,-4.1815,-1.0032,11.7914,1454,2908.81
14714,-1.7801,2.4385,8.667,1487,2908.81
14719,2.2625,3.8954,10.3813,1453,2908.81
14724,-0.595,1.1468,12.1302,1448,2908.81
14729,-3.6224,-1.4676,12.1183,1461,2908.81
14734,-2.7497,2.1308,8.7927,1487,2908.81
14739,2.0482,3.7218,10.1143,1452,2908.81
14744,0.4322,1.5921,11.9303,1461,2908.81
14749,-3.0909,-1.658,12.3732,1451,2908.81
14754,-3.6332,1.901,9.0788,1455,2908.81
14759,1.8268,3.541,9.9551,1465,2908.95
14764,1.4605,2.0554,11.7328,1452,2908.95
14769,-2.551,-1.5742,12.4917,1451,2908.95
14774,-4.3503,1.5622,9.4008,1466,2908.95
14779,1.6137,3.3866,9.7252,1464,2908.95
14784,2.2709,2.6408,11.4467,1452,2908.95
14789,-2.083,-1.1995,12.6402,1449,2908.95
14794,-4.8171,1.239,9.9383,1455,2908.95
14799,1.2342,3.2058,9.4116,1465,2908.95
14804,2.745,3.1053,11.139,1455,2908.95
14809,-1.737,-0.7147,12.6617,1450,2908.95
14814,-4.9572,0.6608,10.4208,1455,2908.95
14819,0.7027,3.0347,9.0525,1467,2909.09
14824,2.8276,3.5087,10.884,1459,2909.09
14829,-1.5658,-0.1676,12.6294,1447,2909.09
14834,-4.8578,0.0407,10.9822,1453,2909.09
14839,-0.0036,2.8204,8.8597,1483,2909.23
14844,2.5821,3.7254,10.6422,1459,2909.23
14849,-1.4748,0.2717,12.5049,1451,2909.23
14854,-4.6459,-0.5387,11.4395,1451,2909.23
14859,-0.8128,2.6276,8.7185,1481,2909.37
14864,2.3272,3.8906,10.5177,1455,2909.37
14869,-1.2953,0.7434,12.3625,1451,2909.37
14874,-4.2006,-1.0319,11.898,1455,2909.37
14879,-1.7502,2.4169,8.6371,1487,2909.37
14884,2.1691,3.9109,10.2939,1455,2909.37
14889,-0.6548,1.1923,12.1709,1453,2909.37
14894,-3.7026,-1.3827,12.1278,1463,2909.37
14899,-2.6444,2.2051,8.7616,1481,2909.37
14904,2.0937,3.7888,10.1514,1455,2909.37
14909,0.3639,1.5682,11.9626,1465,2909.37
14914,-3.0742,-1.6041,12.3912,1451,2909.37
14919,-3.5626,1.9393,8.9663,1454,2909.37
14924,1.913,3.5745,9.9671,1469,2909.37
14929,1.4497,2.0135,11.716,1451,2909.37
14934,-2.5283,-1.6065,12.5648,1451,2909.37
14939,-4.2677,1.5957,9.4188,1465,2909.37
14944,1.6041,3.3507,9.6558,1465,2909.23
14949,2.2757,2.5295,11.4586,1451,2909.23
14954,-2.1009,-1.2689,12.6258,1455,2909.23
14959,-4.7848,1.2067,9.8258,1453,2909.23
14964,1.2653,3.2142,9.4284,1467,2909.09
14969,2.6815,3.0335,11.1773,1453,2909.09
14974,-1.8256,-0.7554,12.7324,1449,2909.09
14979,-4.9979,0.7362,10.3872,1455,2909.09
14984,0.8033,3.0945,9.1782,1479,2909.09
14989,2.7533,3.4704,10.9044,1455,2909.09
14994,-1.5754,-0.1784,12.6174,1449,2909.09
14999,-4.8722,0.1556,10.9128,1450,2909.09
15004,0.0587,2.8539,8.8777,1466,2909.09
15009,2.6025,3.7266,10.653,1459,2909.09
15014,-1.4976,0.2849,12.5396,1451,2909.09
15019,-4.5969,-0.4573,11.3689,1449,2909.09
15024,-0.7721,2.6432,8.6682,1486,2909.23
15029,2.3882,3.8487,10.4998,1447,2909.23
15034,-1.2426,0.7195,12.3265,1449,2909.23
15039,-4.2449,-1.0247,11.7615,1451,2909.23
15044,-1.6855,2.4026,8.6646,1491,2908.95
15049,2.1308,3.8307,10.3837,1455,2908.95
15054,-0.6931,1.1097,12.2164,1455,2908.95
15059,-3.7505,-1.3838,12.0644,1454,2908.95
15064,-2.6133,2.2158,8.7424,1484,2908.81
15069,1.9764,3.7697,10.2041,1455,2908.81
15074,0.2777,1.5371,12.038,1465,2908.81
15079,-3.1987,-1.5886,12.4044,1451,2908.81
15084,-3.5662,2.0087,9.086,1455,2908.81
15089,1.8639,3.6081,9.9503,1471,2909.09
15094,1.3779,2.0051,11.7364,1449,2909.09
15099,-2.5786,-1.5215,12.5121,1450,2909.09
15104,-4.2425,1.6735,9.3637,1465,2909.09
15109,1.6652,3.3866,9.7097,1466,2909.23
15114,2.2577,2.5103,11.5173,1453,2909.23
15119,-2.0518,-1.2546,12.639,1453,2909.23
15124,-4.7764,1.2282,9.8593,1453,2909.23
15129,1.306,3.1771,9.3937,1467,2909.51
15134,2.6863,2.9712,11.1797,1455,2909.51
15139,-1.7861,-0.8236,12.6234,1447,2909.51
15144,-4.956,0.7027,10.3322,1453,2909.51
15149,0.7326,3.0251,9.183,1477,2909.51
15154,2.7557,3.4632,10.9499,1459,2909.51
15159,-1.6328,-0.2897,12.6797,1449,2909.51
15164,-4.9704,0.2011,10.8637,1455,2909.51
15169,0.0395,2.8527,8.8155,1463,2909.66
15174,2.6312,3.7457,10.7248,1459,2909.66
15179,-1.5909,0.2514,12.5516,1452,2909.66
15184,-4.6986,-0.3196,11.3749,1454,2909.66
15189,-0.6704,2.6827,8.7293,1481,2909.66
15194,2.411,3.9181,10.5668,1455,2909.66
15199,-1.336,0.6297,12.3553,1451,2909.66
15204,-4.2174,-0.8715,11.7268,1455,2909.66
15209,-1.5814,2.4026,8.6383,1487,2909.66
15214,2.2266,3.8331,10.3681,1451,2909.66
15219,-0.6704,1.0307,12.1721,1453,2909.66
15224,-3.7709,-1.3563,12.0644,1461,2909.66
15229,-2.5582,2.2529,8.7424,1483,2909.94
15234,1.6915,3.4776,9.8904,1453,2909.94
15239,0.2251,1.4605,11.9878,1464,2909.94
15244,-2.3499,-1.4389,12.5911,1449,2909.94
15249,-4.5574,1.4736,9.675,1455,2909.94
15254,1.4653,3.3148,9.5469,1458,2909.94
15259,2.5259,2.8479,11.315,1452,2909.94
15264,-1.9201,-1.0163,12.7168,1451,2909.94
15269,-4.8698,0.9936,10.1646,1465,2909.94
15274,1.075,3.1699,9.2692,1464,2910.22
15279,2.8072,3.2382,11.0109,1453,2910.22
15284,-1.6831,-0.4812,12.6857,1451,2910.22
15289,-4.9859,0.3962,10.6231,1451,2910.22
15294,0.4681,2.9281,9.0381,1465,2910.5
15299,2.7258,3.5386,10.7476,1455,2910.5
15304,-1.6053,0.0048,12.6653,1449,2910.5
15309,-4.8088,-0.1688,11.0792,1455,2910.5
15314,-0.2753,2.7054,8.7472,1471,2911.07
15319,2.5391,3.8223,10.5465,1453,2911.07
15324,-1.4976,0.4621,12.5253,1453,2911.07
15329,-4.5442,-0.65,11.5508,1459,2911.07
15334,-1.1181,2.545,8.6826,1479,2910.93
15339,2.3068,3.9109,10.4675,1459,2910.93
15344,-1.1708,0.8727,12.3421,1453,2910.93
15349,-4.1073,-1.1313,11.9112,1459,2910.93
15354,-2.0482,2.3727,8.661,1487,2911.35
15359,2.1608,3.8822,10.2711,1455,2911.35
15364,-0.3879,1.2558,12.1183,1453,2911.35
15369,-3.5291,-1.4305,12.2523,1459,2911.35
15374,-2.9987,2.1021,8.8095,1491,2911.35
15379,1.9884,3.6955,10.0832,1459,2911.35
15384,0.7087,1.646,11.9303,1455,2911.35
15389,-2.982,-1.6448,12.4127,1456,2911.35
15394,-3.7565,1.8471,9.0896,1492,2911.07
15399,1.8818,3.5063,9.9048,1455,2911.07
15404,1.6903,2.1488,11.728,1455,2911.07
15409,-2.4804,-1.5323,12.5755,1459,2911.07
15414,-4.4508,1.5287,9.5301,1487,2910.93
15419,1.5562,3.2968,9.5936,1452,2910.93
15424,2.3739,2.7102,11.3533,1459,2910.93
15429,-2.0291,-1.1313,12.6426,1455,2910.93
15434,-4.8674,1.1025,10.0173,1461,2910.93
15439,1.1983,3.1496,9.3589,1462,2911.63
15444,2.745,3.2118,11.1247,1455,2911.63
15449,-1.7418,-0.5842,12.7623,1459,2911.63
15454,-4.9752,0.6428,10.501,1462,2911.63
15459,0.6596,3.0083,9.0692,1467,2911.63
15464,2.7785,3.5686,10.8062,1453,2911.63
15469,-1.6053,-0.0874,12.6761,1451,2911.63
15474,-4.8554,0.0132,11.0253,1460,2911.63
15479,-0.0455,2.8311,8.8166,1470,2911.49
15484,2.6133,3.7948,10.6374,1455,2911.49
15489,-1.4748,0.3208,12.5013,1459,2911.49
15494,-4.6017,-0.589,11.4096,1454,2911.49
15499,-0.8464,2.5462,8.6395,1469,2911.63
15504,2.3403,3.8678,10.5058,1461,2911.63
15509,-1.227,0.7171,12.3852,1451,2911.63
15514,-4.2258,-1.0187,11.8357,1461,2911.63
15519,-1.7921,2.4181,8.6024,1471,2911.35
15524,2.1356,3.9325,10.3286,1455,2911.35
15529,-0.6584,1.1181,12.1781,1462,2911.35
15534,-3.711,-1.3886,12.202,1461,2911.35
15539,-2.6887,2.1991,8.7269,1491,2911.49
15544,2.0207,3.8116,10.1993,1461,2911.49
15549,0.3364,1.5706,11.9686,1458,2911.49
15554,-3.1448,-1.573,12.408,1451,2911.49
15559,-3.5518,2.0231,9.0082,1469,2911.49
15564,1.9154,3.6129,9.9479,1456,2911.49
15569,1.4293,2.0243,11.7328,1453,2911.49
15574,-2.5426,-1.5514,12.5468,1463,2911.49
15579,-4.2569,1.6281,9.3218,1496,2911.63
15584,1.6807,3.3567,9.7013,1452,2911.63
15589,2.2781,2.46,11.4862,1461,2911.63
15594,-2.0949,-1.3527,12.6342,1460,2911.63
15599,-4.7573,1.2115,9.8174,1454,2911.63
15604,1.3192,3.1903,9.4619,1469,2911.91
15609,2.6372,2.9987,11.1701,1459,2911.91
15614,-1.8435,-0.8308,12.736,1449,2911.91
15619,-5.0314,0.741,10.319,1466,2911.91
15624,0.8356,3.067,9.2009,1469,2912.2
15629,2.7222,3.4177,10.9223,1454,2912.2
15634,-1.6532,-0.255,12.7276,1455,2912.2
15639,-4.9476,0.2155,10.8769,1455,2912.2
15644,0.164,2.9269,8.9112,1467,2912.48
15649,2.6336,3.7158,10.6841,1459,2912.48
15654,-1.5634,0.2346,12.6402,1463,2912.48
15659,-4.7369,-0.3699,11.309,1459,2912.48
15664,-0.583,2.7162,8.6598,1472,2913.05
15669,2.4864,3.8511,10.5082,1463,2913.05
15674,-1.3024,0.5866,12.4223,1454,2913.05
15679,-4.3419,-0.899,11.6945,1464,2913.05
15684,-1.4198,2.4636,8.6048,1495,2913.19
15689,2.2338,3.8415,10.3765,1455,2913.19
15694,-0.8464,0.9673,12.2691,1455,2913.19
15699,-3.9085,-1.342,12.0823,1459,2913.19
15704,-2.393,2.2745,8.7113,1487,2912.48
15709,2.0351,3.8068,10.2197,1463,2912.48
15714,-0.0227,1.3707,12.1111,1453,2912.48
15719,-3.4058,-1.5335,12.3301,1452,2912.48
15724,-3.2908,2.1584,8.9328,1495,2911.07
15729,1.9022,3.7158,10.0054,1461,2911.07
15734,0.9768,1.8735,11.9231,1455,2911.07
15739,-2.8252,-1.5682,12.536,1465,2911.07
15744,-4.0282,1.7921,9.2452,1493,2910.36
15749,1.7753,3.4465,9.7923,1455,2910.36
15754,2.0399,2.3152,11.6131,1463,2910.36
15759,-2.247,-1.391,12.6127,1453,2910.36
15764,-4.5957,1.3599,9.7121,1454,2910.36
15769,1.4126,3.2537,9.5433,1471,2909.66
15774,2.6252,2.8467,11.3186,1459,2909.66
15779,-1.822,-1.0116,12.6354,1449,2909.66
15784,-4.9261,0.8332,10.1622,1465,2909.66
15789,0.9708,3.0323,9.2261,1467,2909.51
15794,2.7438,3.2597,11.0385,1453,2909.51
15799,-1.6676,-0.4956,12.6665,1459,2909.51
15804,-4.9883,0.3053,10.7033,1452,2909.51
15809,0.3328,2.8778,9.0225,1466,2909.66
15814,2.6288,3.6272,10.7859,1459,2909.66
15819,-1.5838,0.0634,12.5863,1453,2909.66
15824,-4.7968,-0.2071,11.2204,1453,2909.66
15829,-0.3926,2.7641,8.7688,1478,2909.94
15834,2.5139,3.9169,10.5656,1453,2909.94
15839,-1.4569,0.5734,12.4331,1453,2909.94
15844,-4.3802,-0.7374,11.6286,1463,2909.94
15849,-1.2761,2.5151,8.6275,1491,2910.22
15854,2.3044,3.9073,10.3741,1453,2910.22
15859,-0.9529,0.8859,12.202,1459,2910.22
15864,-3.9145,-1.2294,11.9818,1453,2910.22
15869,-2.1931,2.2482,8.6766,1491,2910.78
15874,2.0961,3.8199,10.313,1463,2910.78
15879,-0.1401,1.2617,12.0656,1455,2910.78
15884,-3.4177,-1.5598,12.2595,1452,2910.78
15889,-3.1137,2.0339,8.8645,1471,2911.35
15894,1.9333,3.6619,10.1059,1455,2911.35
15899,0.9086,1.8028,11.8333,1449,2911.35
15904,-2.9125,-1.6424,12.5193,1463,2911.35
15909,-3.9672,1.8735,9.2608,1469,2911.77
15914,1.7107,3.4919,9.8892,1449,2911.77
15919,1.8555,2.2996,11.6502,1461,2911.77
15924,-2.3846,-1.4078,12.6103,1454,2911.77
15929,-4.5981,1.506,9.5589,1455,2911.77
15934,1.5,3.3531,9.5972,1465,2911.21
15939,2.5666,2.7689,11.3593,1459,2911.21
15944,-1.9369,-1.0187,12.724,1449,2911.21
15949,-4.8602,1.0247,10.0916,1463,2911.21
15954,1.0666,3.1268,9.2285,1469,2910.64
15959,2.8419,3.1987,10.9966,1450,2910.64
15964,-1.5742,-0.5243,12.6821,1453,2910.64
15969,-4.9213,0.4034,10.6075,1452,2910.64
15974,0.4585,2.8778,9.0489,1465,2910.22
15979,2.7258,3.565,10.8242,1455,2910.22
15984,-1.5514,-0.0706,12.6653,1453,2910.22
15989,-4.8542,-0.1772,11.0421,1467,2910.22
15994,-0.2741,2.7629,8.8011,1479,2910.22
15999,2.4397,3.8379,10.6147,1455,2910.22
16004,-1.5167,0.4609,12.5372,1450,2910.22
16009,-4.549,-0.6452,11.582,1459,2910.22
16014,-1.1396,2.5917,8.6898,1481,2909.8
16019,2.2948,3.966,10.4052,1459,2909.8
16024,-1.1744,0.9026,12.3373,1455,2909.8
16029,-4.0821,-1.0846,11.8752,1454,2909.8
16034,-2.047,2.387,8.6646,1493,2910.78
16039,2.2003,3.8798,10.2819,1453,2910.78
16044,-0.3208,1.2809,12.068,1450,2910.78
16049,-3.5147,-1.5071,12.2404,1454,2910.78
16054,-2.9437,2.0949,8.8454,1487,2910.22
16059,2.0099,3.6643,10.0257,1459,2910.22
16064,0.7254,1.6735,11.9028,1451,2910.22
16069,-2.9568,-1.6424,12.4091,1461,2910.22
16074,-3.7769,1.8316,9.1315,1467,2908.1
16079,1.7801,3.4788,9.9395,1449,2908.1
16084,1.6783,2.2218,11.6717,1462,2908.1
16089,-2.472,-1.5107,12.56,1450,2908.1
16094,-4.4975,1.5359,9.5205,1454,2908.1
16099,1.5275,3.3387,9.6762,1463,2906.98
16104,2.3427,2.7581,11.4036,1455,2906.98
16109,-1.9812,-1.0762,12.6689,1451,2906.98
16114,-4.8363,1.0678,10.0604,1463,2906.98
16119,1.0906,3.1843,9.3374,1465,2905.85
16124,2.7497,3.2465,11.0947,1454,2905.85
16129,-1.6293,-0.5148,12.6426,1455,2905.85
16134,-4.889,0.498,10.6291,1451,2905.85
16139,0.5698,2.9748,9.0609,1463,2905.01
16144,2.7114,3.5518,10.7607,1459,2905.01
16149,-1.5383,-0.0347,12.5336,1453,2905.01
16154,-4.7537,-0.1951,11.1091,1453,2905.01
16159,-0.3136,2.7222,8.8382,1477,2904.44
16164,2.4253,3.7625,10.647,1459,2904.44
16169,-1.4186,0.4274,12.4953,1439,2904.44
16174,-4.4676,-0.7566,11.6107,1463,2904.44
16179,-1.2079,2.4995,8.6826,1472,2904.3
16184,2.2122,3.8834,10.4734,1451,2904.3
16189,-1.142,0.8835,12.2775,1459,2904.3
16194,-4.0115,-1.1456,11.989,1455,2904.3
16199,-2.1572,2.3523,8.6874,1485,2904.73
16204,2.0686,3.8942,10.2975,1465,2904.73
16209,-0.2693,1.3623,11.977,1453,2904.73
16214,-3.3722,-1.4772,12.2607,1453,2904.73
16219,-3.1256,2.0985,8.904,1463,2904.58
16224,1.998,3.7062,10.0987,1461,2904.58
16229,0.9553,1.8148,11.7603,1451,2904.58
16234,-2.7485,-1.6269,12.457,1464,2904.58
16239,-3.9385,1.7526,9.2416,1495,2904.73
16244,1.7274,3.4393,9.8725,1453,2904.73
16249,1.9441,2.2924,11.5221,1465,2904.73
16254,-2.2206,-1.4281,12.5432,1453,2904.73
16259,-4.5945,1.336,9.7121,1454,2904.73
16264,1.3874,3.2645,9.59,1467,2904.58
16269,2.4864,2.8946,11.2192,1456,2904.58
16274,-1.8447,-0.9493,12.6546,1447,2904.58
16279,-4.974,0.929,10.2663,1464,2904.58
16284,0.8763,3.1388,9.2727,1467,2904.73
16289,2.727,3.3998,10.9642,1449,2904.73
16294,-1.6688,-0.3627,12.6426,1455,2904.73
16299,-4.944,0.3328,10.7847,1455,2904.73
16304,0.2562,2.9401,9.0225,1467,2904.87
16309,2.6157,3.7038,10.7093,1455,2904.87
16314,-1.5646,0.1891,12.5624,1451,2904.87
16319,-4.6663,-0.3496,11.2396,1451,2904.87
16324,-0.5758,2.6624,8.7676,1470,2905.01
16329,2.4169,3.8403,10.483,1455,2905.01
16334,-1.3455,0.6117,12.3445,1451,2905.01
16339,-4.2713,-0.8847,11.716,1461,2905.01
16344,-1.5131,2.4397,8.7209,1487,2905.01
16349,2.1632,3.8451,10.3789,1455,2905.01
16354,-0.8332,1.0451,12.1829,1456,2905.01
16359,-3.8774,-1.33,12.0656,1458,2905.01
16364,-2.5259,2.2709,8.7831,1493,2904.87
16369,1.992,3.7421,10.2568,1459,2904.87
16374,0.0371,1.4629,12.0309,1453,2904.87
16379,-3.2561,-1.5191,12.372,1455,2904.87
16384,-3.4824,2.0435,9.0405,1491,2904.87
16389,1.8316,3.6272,9.9922,1461,2904.87
16394,1.2534,1.9776,11.7196,1459,2904.87
16399,-2.6504,-1.5036,12.481,1452,2904.87
16404,-4.1982,1.658,9.3781,1467,2904.73
16409,1.6568,3.4129,9.7324,1455,2904.73
16414,2.2003,2.5414,11.479,1455,2904.73
16419,-2.0399,-1.2701,12.6139,1449,2904.73
16424,-4.6783,1.2115,9.8438,1463,2904.73
16429,1.306,3.1244,9.4224,1463,2905.01
16434,2.654,2.9916,11.1618,1455,2905.01
16439,-1.67,-0.814,12.6498,1453,2905.01
16444,-4.95,0.6644,10.4148,1451,2905.01
16449,0.7099,3.0143,9.1602,1466,2905.15
16454,2.66,3.4931,10.9104,1454,2905.15
16459,-1.6281,-0.1951,12.6258,1449,2905.15
16464,-4.9333,0.0742,10.9032,1455,2905.15
16469,-0.012,2.8371,8.8813,1478,2905.43
16474,2.5247,3.7816,10.6757,1454,2905.43
16479,-1.5622,0.3747,12.5025,1449,2905.43
16484,-4.6352,-0.4465,11.4239,1459,2905.43
16489,-0.838,2.6875,8.7771,1471,2905.71
16494,2.3894,3.899,10.5213,1454,2905.71
16499,-1.2186,0.723,12.2835,1455,2905.71
16504,-4.1037,-1.0235,11.7998,1454,2905.71
16509,-1.81,2.4169,8.6754,1485,2905.85
16514,2.1943,3.808,10.3274,1455,2905.85
16519,-0.5267,1.0918,12.0883,1451,2905.85
16524,-3.5877,-1.4629,12.2044,1458,2905.85
16529,-2.7557,2.1177,8.8107,1494,2905.99
16534,1.962,3.6751,10.167,1455,2905.99
16539,0.4345,1.5646,11.8549,1453,2905.99
16544,-3.0275,-1.6328,12.3565,1461,2905.99
16549,-3.6955,1.8818,9.1351,1468,2906.27
16554,1.7741,3.5386,9.997,1451,2906.27
16559,1.4772,2.1165,11.6849,1463,2906.27
16564,-2.5079,-1.476,12.6318,1449,2906.27
16569,-4.385,1.5802,9.5146,1455,2906.27
16574,1.6065,3.3531,9.6893,1465,2906.41
16579,2.32,2.6827,11.3892,1459,2906.41
16584,-1.9728,-1.1289,12.6617,1450,2906.41
16589,-4.78,1.0702,10.0209,1463,2906.41
16594,1.1564,3.1472,9.3817,1467,2906.41
16599,2.7246,3.1304,11.0492,1451,2906.41
16604,-1.6508,-0.6608,12.6737,1447,2906.41
16609,-4.9273,0.4872,10.5058,1450,2906.41
16614,0.5722,2.9209,9.0477,1465,2906.7
16619,2.7043,3.4931,10.823,1453,2906.7
16624,-1.5658,-0.0706,12.633,1453,2906.7
16629,-4.8734,-0.0886,10.9822,1453,2906.7
16634,-0.1496,2.7366,8.8849,1478,2906.7
16639,2.4397,3.7792,10.6542,1454,2906.7
16644,-1.567,0.425,12.5037,1447,2906.7
16649,-4.5478,-0.6237,11.4598,1463,2906.7
16654,-1.057,2.6073,8.7604,1485,2906.98
16659,2.3056,3.9085,10.4627,1450,2906.98
16664,-1.1899,0.8236,12.3361,1456,2906.98
16669,-4.0893,-1.0822,11.8645,1453,2906.98
16674,-1.9848,2.3966,8.6993,1487,2907.12
16679,2.2051,3.9205,10.3238,1461,2907.12
16684,-0.4405,1.2378,12.074,1453,2907.12
16689,-3.486,-1.4784,12.202,1455,2907.12
16694,-2.9161,2.1081,8.8466,1483,2907.68
16699,2.0279,3.711,10.1287,1461,2907.68
16704,0.6704,1.6508,11.8657,1449,2907.68
16709,-2.9018,-1.6388,12.4451,1463,2907.68
16714,-3.814,1.8148,9.1159,1493,2908.24
16719,1.7992,3.4812,9.8773,1449,2908.24
16724,1.6735,2.1907,11.6107,1459,2908.24
16729,-2.4457,-1.5335,12.6162,1452,2908.24
16734,-4.4927,1.5287,9.5624,1453,2908.24
16739,1.5323,3.322,9.6558,1469,2908.39
16744,2.3846,2.7533,11.3449,1455,2908.39
16749,-1.9992,-1.1025,12.6785,1447,2908.39
16754,-4.8411,1.1229,10.003,1464,2908.39
16759,1.1492,3.1735,9.3302,1465,2908.67
16764,2.7761,3.2106,11.0696,1449,2908.67
16769,-1.743,-0.589,12.6641,1458,2908.67
16774,-4.9716,0.5555,10.6135,1452,2908.67
16779,0.595,2.976,9.007,1463,2908.81
16784,2.7617,3.5841,10.8457,1458,2908.81
16789,-1.5502,-0.0443,12.6306,1451,2908.81
16794,-4.7896,-0.0934,11.0097,1453,2908.81
16799,-0.1915,2.7605,8.7855,1471,2908.39
16804,2.5055,3.79,10.6326,1455,2908.39
16809,-1.4736,0.4322,12.5157,1449,2908.39
16814,-4.5382,-0.6644,11.5137,1463,2908.39
16819,-1.0127,2.5821,8.6742,1471,2908.39
16824,2.2769,3.8535,10.4483,1453,2908.39
16829,-1.1779,0.8021,12.3625,1461,2908.39
16834,-4.0654,-1.1552,11.9411,1461,2908.39
16839,-1.9908,2.3966,8.6886,1485,2908.53
16844,2.083,3.9193,10.3346,1462,2908.53
16849,-0.4705,1.2198,12.1159,1451,2908.53
16854,-3.5518,-1.4509,12.2044,1451,2908.53
16859,-2.8946,2.1392,8.7939,1463,2908.53
16864,2.0099,3.7541,10.1406,1461,2908.53
16869,0.662,1.646,11.8896,1451,2908.53
16874,-2.9209,-1.6161,12.4546,1461,2908.53
16879,-3.7601,1.8711,9.092,1468,2908.81
16884,1.8399,3.4991,9.9419,1449,2908.81
16889,1.7418,2.1177,11.6382,1462,2908.81
16894,-2.3559,-1.4784,12.5468,1451,2908.81
16899,-4.4233,1.4724,9.5062,1449,2908.81
16904,1.5766,3.3016,9.6738,1469,2908.39
16909,2.3786,2.6612,11.3425,1459,2908.39
16914,-1.9764,-1.1863,12.6976,1449,2908.39
16919,-4.8973,1.0439,10.0137,1463,2908.39
16924,1.1229,3.1484,9.3422,1467,2908.39
16929,2.7102,3.1544,11.0756,1451,2908.39
16934,-1.7202,-0.6261,12.6486,1451,2908.39
16939,-5.0326,0.5782,10.5489,1455,2908.39
16944,0.5171,3.0095,9.0094,1463,2907.82
16949,2.6803,3.5757,10.8098,1461,2907.82
16954,-1.6221,-0.0287,12.6294,1451,2907.82
16959,-4.8255,-0.0311,11.0301,1455,2907.82
16964,-0.1784,2.7665,8.8202,1479,2907.26
16969,2.5426,3.7637,10.5189,1454,2907.26
16974,-1.4916,0.4345,12.4463,1452,2907.26
16979,-4.5107,-0.6644,11.5149,1463,2907.26
16984,-1.081,2.5905,8.7125,1492,2906.55
16989,2.3164,3.8391,10.41,1453,2906.55
16994,-1.1265,0.8535,12.3577,1459,2906.55
16999,-4.033,-1.136,11.8693,1455,2906.55
17004,-2.0339,2.3595,8.6443,1479,2906.13
17009,2.0865,3.7721,10.2735,1462,2906.13
17014,-0.3663,1.2294,12.056,1455,2906.13
17019,-3.5039,-1.4712,12.1685,1455,2906.13
17024,-2.9844,2.1141,8.8358,1496,2905.85
17029,1.9142,3.6835,10.1514,1455,2905.85
17034,0.7171,1.719,11.88,1452,2905.85
17039,-2.9389,-1.567,12.4127,1462,2905.85
17044,-3.8786,1.8447,9.1506,1493,2905.71
17049,1.7933,3.486,9.8857,1451,2905.71
17054,1.7789,2.2458,11.5688,1463,2905.71
17059,-2.3667,-1.3946,12.6067,1459,2905.71
17064,-4.4412,1.4545,9.6594,1457,2905.71
17069,1.4856,3.2753,9.6055,1465,2905.43
17074,2.4553,2.8144,11.2851,1455,2905.43
17079,-1.8723,-1.0295,12.6701,1449,2905.43
17084,-4.8518,0.9469,10.0616,1463,2905.43
17089,1.0391,3.0718,9.3111,1479,2905.99
17094,2.7043,3.2417,11.054,1455,2905.99
17099,-1.6293,-0.5351,12.6713,1451,2905.99
17104,-4.974,0.4178,10.7069,1461,2905.99
17109,0.4106,2.9221,9.0381,1471,2905.85
17114,2.6085,3.6033,10.7667,1461,2905.85
17119,-1.6125,0.0503,12.5696,1453,2905.85
17124,-4.8004,-0.1712,11.2192,1454,2905.85
17129,-0.3663,2.7617,8.8131,1470,2906.13
17134,2.4361,3.8451,10.6015,1459,2906.13
17139,-1.4461,0.5842,12.4666,1451,2906.13
17144,-4.452,-0.7278,11.6322,1460,2906.13
17149,-1.2605,2.5426,8.7137,1491,2906.41
17154,2.3008,3.9002,10.4339,1453,2906.41
17159,-1.0151,0.9337,12.2284,1455,2906.41
17164,-3.9133,-1.2546,11.9686,1455,2906.41
17169,-2.2936,2.2721,8.7879,1491,2906.55
17174,2.0674,3.7709,10.2316,1460,2906.55
17179,-0.1544,1.3216,12.0189,1455,2906.55
17184,-3.3531,-1.567,12.2751,1459,2906.55
17189,-3.2226,2.0506,8.9148,1477,2906.7
17194,1.9573,3.6093,10.0868,1455,2906.7
17199,0.9673,1.8016,11.7902,1455,2906.7
17204,-2.806,-1.6245,12.4882,1453,2906.7
17209,-4.0462,1.7107,9.3278,1483,2907.12
17214,1.6939,3.4632,9.8557,1453,2907.12
17219,1.8675,2.308,11.5317,1451,2907.12
17224,-2.2841,-1.3767,12.621,1454,2907.12
17229,-4.6364,1.3467,9.6833,1463,2907.12
17234,1.3958,3.2848,9.5409,1461,2907.82
17239,2.5486,2.8874,11.2958,1453,2907.82
17244,-1.8459,-0.929,12.7156,1451,2907.82
17249,-4.8686,0.8906,10.2424,1455,2907.82
17254,0.9972,3.0849,9.2177,1467,2908.39
17259,2.7869,3.3339,10.9499,1453,2908.39
17264,-1.6652,-0.3867,12.6294,1449,2908.39
17269,-4.9249,0.2921,10.75,1455,2908.39
17274,0.328,2.8766,8.9459,1471,2908.95
17279,2.6276,3.6703,10.7224,1455,2908.95
17284,-1.555,0.1269,12.5324,1452,2908.95
17289,-4.7417,-0.2693,11.2204,1454,2908.95
17294,-0.4621,2.6815,8.7329,1460,2909.8
17299,2.4325,3.7912,10.5548,1459,2909.8
17304,-1.4054,0.577,12.5372,1451,2909.8
17309,-4.4867,-0.7901,11.6969,1453,2909.8
17314,-1.3467,2.5534,8.7293,1483,2909.94
17319,2.2948,3.9397,10.3932,1452,2909.94
17324,-1.0463,0.9732,12.305,1455,2909.94
17329,-3.9708,-1.1911,11.9938,1455,2909.94
17334,-2.2793,2.3343,8.6993,1488,2910.08
17339,2.0937,3.8774,10.2412,1449,2910.08
17344,-0.0922,1.3431,12.0943,1450,2910.08
17349,-3.395,-1.5622,12.2787,1451,2910.08
17354,-3.2058,2.071,8.8909,1469,2910.22
17359,1.9992,3.6871,10.0844,1453,2910.22
17364,1.008,1.7897,11.7615,1459,2910.22
17369,-2.7845,-1.6137,12.4666,1447,2910.22
17374,-4.0306,1.7705,9.2249,1491,2909.51
17379,1.7502,3.4668,9.8282,1451,2909.51
17384,1.8639,2.302,11.5377,1453,2909.51
17389,-2.2793,-1.4605,12.6019,1455,2909.51
17394,-4.5777,1.3922,9.6175,1461,2909.51
17399,1.4269,3.286,9.5792,1460,2908.67
17404,2.4912,2.8479,11.2539,1453,2908.67
17409,-1.9285,-0.9936,12.7,1450,2908.67
17414,-4.9225,0.9625,10.2125,1459,2908.67
17419,0.978,3.1232,9.3039,1477,2908.67
17424,2.7402,3.3315,11.0205,1453,2908.67
17429,-1.7011,-0.4429,12.7276,1445,2908.67
17434,-4.9117,0.3807,10.7452,1455,2908.67
17439,0.4106,2.8934,8.9567,1471,2908.95
17444,2.7162,3.6715,10.738,1459,2908.95
17449,-1.5742,0.0694,12.6019,1454,2908.95
17454,-4.7154,-0.1867,11.2599,1459,2908.95
17459,-0.3711,2.7461,8.7257,1459,2909.37
17464,2.496,3.8056,10.5405,1453,2909.37
17469,-1.3994,0.4824,12.4391,1452,2909.37
17474,-4.4676,-0.8164,11.576,1461,2909.37
17479,-1.2234,2.5247,8.5964,1487,2909.94
17484,2.2841,3.8786,10.4256,1455,2909.94
17489,-1.0367,0.8918,12.2846,1451,2909.94
17494,-4.0247,-1.2186,12.05,1459,2909.94
17499,-2.1787,2.3595,8.7137,1485,2909.37
17504,2.0506,3.8523,10.2963,1455,2909.37
17509,-0.2478,1.3036,12.0871,1452,2909.37
17514,-3.3938,-1.5155,12.2679,1453,2909.37
17519,-3.1364,2.0901,8.8909,1477,2908.81
17524,1.9597,3.729,10.0724,1452,2908.81
17529,0.8727,1.7717,11.8585,1455,2908.81
17534,-2.8216,-1.5682,12.4858,1455,2908.81
17539,-3.9456,1.8375,9.1435,1487,2907.68
17544,1.8148,3.5039,9.918,1453,2907.68
17549,1.8495,2.2386,11.5496,1459,2907.68
17554,-2.2541,-1.4413,12.5947,1455,2907.68
17559,-4.5394,1.3755,9.6247,1461,2907.68
17564,1.4688,3.2801,9.5708,1463,2908.1
17569,2.4768,2.8108,11.3126,1453,2908.1
17574,-1.8974,-1.0546,12.6653,1451,2908.1
17579,-4.9117,0.9325,10.1047,1461,2908.1
17584,1.0391,3.1041,9.2967,1463,2907.54
17589,2.7306,3.3172,11.06,1453,2907.54
17594,-1.7154,-0.4585,12.6677,1451,2907.54
17599,-4.9775,0.4262,10.7248,1459,2907.54
17604,0.4046,2.9532,9.0214,1479,2907.12
17609,2.6468,3.6703,10.7488,1455,2907.12
17614,-1.6352,0.1053,12.6007,1453,2907.12
17619,-4.7309,-0.1437,11.1737,1452,2907.12
17624,-0.3328,2.745,8.7652,1469,2906.98
17629,2.5139,3.8355,10.6195,1462,2906.98
17634,-1.4509,0.5483,12.475,1450,2906.98
17639,-4.367,-0.7973,11.6143,1458,2906.98
17644,-1.2534,2.5055,8.6514,1487,2906.84
17649,2.2158,3.8463,10.3154,1455,2906.84
17654,-1.0379,0.9062,12.2787,1451,2906.84
17659,-3.8738,-1.2821,11.9483,1459,2906.84
17664,-2.2398,2.3116,8.7388,1487,2906.84
17669,2.0291,3.7709,10.2687,1453,2906.84
17674,-0.1125,1.3348,12.1183,1451,2906.84
17679,-3.4189,-1.5407,12.2978,1462,2906.84
17684,-3.1843,2.0243,8.9256,1465,2906.84
17689,1.9118,3.6272,10.076,1451,2906.84
17694,0.8583,1.8184,11.8118,1462,2906.84
17699,-2.8036,-1.561,12.5145,1449,2906.84
17704,-4.0031,1.7681,9.2823,1469,2906.84
17709,1.737,3.4979,9.8354,1451,2906.84
17714,1.9321,2.3739,11.5329,1453,2906.84
17719,-2.2422,-1.3719,12.5636,1451,2906.84
17724,-4.5765,1.3324,9.6845,1466,2906.84
17729,1.4401,3.2968,9.5445,1459,2907.4
17734,2.5869,2.8419,11.2456,1453,2907.4
17739,-1.834,-0.9601,12.6593,1451,2907.4
17744,-4.8937,0.8452,10.2244,1449,2907.4
17749,0.996,3.0837,9.2464,1469,2907.26
17754,2.7234,3.3112,10.9774,1453,2907.26
17759,-1.5921,-0.431,12.6534,1449,2907.26
17764,-4.9057,0.2705,10.7703,1459,2907.26
17769,0.243,2.8252,9.0118,1467,2907.54
17774,2.5953,3.6679,10.7727,1451,2907.54
17779,-1.5467,0.1293,12.5696,1449,2907.54
17784,-4.8518,-0.2789,11.2743,1455,2907.54
17789,-0.4405,2.7414,8.8083,1481,2907.82
17794,2.4289,3.9349,10.5441,1459,2907.82
17799,-1.4952,0.6225,12.4307,1451,2907.82
17804,-4.379,-0.7829,11.6586,1451,2907.82
17809,-1.3599,2.5163,8.7113,1483,2907.96
17814,2.2589,3.9014,10.3825,1455,2907.96
17819,-0.911,0.9804,12.2523,1451,2907.96
17824,-3.8295,-1.2462,12.0392,1455,2907.96
17829,-2.308,2.241,8.7245,1484,2908.39
17834,2.132,3.7912,10.2592,1453,2908.39
17839,0.0227,1.3599,11.995,1447,2908.39
17844,-3.3315,-1.5933,12.2739,1463,2908.39
17849,-3.2537,2.0231,8.9028,1468,2908.81
17854,1.9201,3.5829,10.0844,1449,2908.81
17859,0.99,1.8459,11.8585,1460,2908.81
17864,-2.788,-1.6041,12.5205,1451,2908.81
17869,-4.0761,1.7789,9.2488,1455,2908.81
17874,1.7262,3.4668,9.7755,1465,2909.23
17879,1.974,2.3739,11.5185,1454,2909.23
17884,-2.2709,-1.3443,12.6522,1451,2909.23
17889,-4.6256,1.385,9.7576,1463,2909.23
17894,1.3946,3.2753,9.4822,1465,2908.24
17899,2.5642,2.8934,11.2216,1451,2908.24
17904,-1.8519,-0.8727,12.6617,1447,2908.24
17909,-4.871,0.8942,10.2927,1455,2908.24
17914,0.9445,3.0454,9.2129,1467,2907.68
17919,2.7629,3.3555,10.9583,1453,2907.68
17924,-1.5933,-0.401,12.6581,1453,2907.68
17929,-4.8722,0.2418,10.7356,1449,2907.68
17934,0.3017,2.8599,8.8992,1471,2907.26
17939,2.6743,3.6224,10.7787,1452,2907.26
17944,-1.5227,0.097,12.5217,1444,2907.26
17949,-4.7238,-0.3364,11.2767,1455,2907.26
17954,-0.5183,2.7007,8.758,1464,2906.98
17959,2.3894,3.8295,10.6159,1452,2906.98
17964,-1.4305,0.5555,12.4091,1455,2906.98
17969,-4.3742,-0.8547,11.5951,1458,2906.98
17974,-1.4269,2.5402,8.7233,1485,2906.84
17979,2.1979,3.9014,10.4303,1463,2906.84
17984,-0.9421,0.9996,12.1769,1449,2906.84
17989,-3.8726,-1.2462,12.0416,1448,2906.84
17994,-2.4074,2.3092,8.7879,1472,2906.55
17999,2.1105,3.79,10.2627,1459,2906.55
18004,0.0204,1.4257,12.0153,1453,2906.55
18009,-3.2274,-1.5395,12.293,1465,2906.55
18014,-3.3208,1.9992,8.9208,1480,2907.4
18019,1.9453,3.6033,10.0018,1451,2907.4
18024,1.1672,1.8806,11.6921,1465,2907.4
18029,-2.6264,-1.6352,12.4738,1451,2907.4
18034,-4.1156,1.6328,9.335,1453,2907.4
18039,1.6771,3.4069,9.7923,1467,2906.84
18044,2.1009,2.3966,11.4766,1455,2906.84
18049,-2.235,-1.3659,12.621,1451,2906.84
18054,-4.6675,1.2917,9.7671,1467,2906.84
18059,1.3599,3.1927,9.5481,1465,2907.12
18064,2.5379,2.9688,11.2887,1452,2907.12
18069,-1.8651,-0.8691,12.7551,1453,2907.12
18074,-4.9632,0.8559,10.3106,1453,2907.12
18079,0.8823,3.1017,9.1913,1463,2907.12
18084,2.7043,3.4477,10.9128,1455,2907.12
18089,-1.6544,-0.2729,12.6653,1454,2907.12
18094,-4.8734,0.2909,10.8601,1459,2907.12
18099,0.2131,2.8671,8.9388,1468,2907.54
18104,2.6947,3.729,10.7284,1453,2907.54
18109,-1.561,0.1365,12.5432,1449,2907.54
18114,-4.6256,-0.4058,11.3162,1465,2907.54
18119,-0.5782,2.6612,8.6742,1467,2908.1
18124,2.4157,3.8176,10.5285,1451,2908.1
18129,-1.3635,0.6081,12.3984,1455,2908.1
18134,-4.2737,-0.9565,11.7388,1459,2908.1
18139,-1.5323,2.4469,8.6742,1491,2908.67
18144,2.1967,3.8439,10.3801,1463,2908.67
18149,-0.7685,1.0415,12.2751,1454,2908.67
18154,-3.8571,-1.3503,12.0392,1451,2908.67
18159,-2.5283,2.2829,8.7496,1486,2908.81
18164,2.0662,3.7792,10.2065,1461,2908.81
18169,0.0359,1.4808,12.0357,1449,2908.81
18174,-3.213,-1.5311,12.3481,1461,2908.81
18179,-3.4345,2.0518,8.9699,1481,2908.39
18184,1.9381,3.6344,10.0233,1449,2908.39
18189,1.2031,1.98,11.7531,1463,2908.39
18194,-2.624,-1.5335,12.5109,1453,2908.39
18199,-4.1683,1.6975,9.3254,1452,2908.39
18204,1.7119,3.4393,9.8043,1470,2907.96
18209,2.1644,2.4349,11.4802,1461,2907.96
18214,-2.1332,-1.3264,12.6378,1451,2907.96
18219,-4.707,1.2294,9.7767,1461,2907.96
18224,1.3946,3.2238,9.4906,1467,2907.96
18229,2.5977,2.9532,11.1929,1453,2907.96
18234,-1.8064,-0.8583,12.6965,1453,2907.96
18239,-4.9752,0.7745,10.3932,1455,2907.96
18244,0.8188,3.0358,9.2093,1471,2907.82
18249,2.6576,3.4022,10.9726,1459,2907.82
18254,-1.6676,-0.3196,12.6857,1459,2907.82
18259,-4.9548,0.2538,10.8948,1451,2907.82
18264,0.1963,2.9125,8.9519,1469,2907.68
18269,2.6288,3.7457,10.6973,1461,2907.68
18274,-1.5802,0.2382,12.5576,1450,2907.68
18279,-4.6735,-0.3053,11.3437,1464,2907.68
18284,-0.6189,2.6779,8.7424,1491,2907.96
18289,2.4325,3.8654,10.4974,1453,2907.96
18294,-1.3312,0.6584,12.372,1453,2907.96
18299,-4.2461,-0.9349,11.7352,1452,2907.96
18304,-1.5119,2.4684,8.6215,1487,2908.1
18309,2.241,3.8056,10.3681,1459,2908.1
18314,-0.7398,1.0331,12.2164,1451,2908.1
18319,-3.7613,-1.3815,12.0823,1453,2908.1
18324,-2.5199,2.2637,8.7819,1471,2908.39
18329,2.0027,3.735,10.2137,1461,2908.39
18334,0.073,1.4485,11.9782,1455,2908.39
18339,-3.2477,-1.573,12.293,1459,2908.39
18344,-3.4393,2.0363,8.995,1495,2908.95
18349,1.8579,3.6332,10.0616,1451,2908.95
18354,1.1827,1.9728,11.7759,1462,2908.95
18359,-2.7031,-1.5263,12.5516,1453,2908.95
18364,-4.1922,1.7047,9.3111,1453,2908.95
18369,1.6484,3.4285,9.7372,1469,2909.8
18374,2.1668,2.466,11.4838,1455,2909.8
18379,-2.1644,-1.3024,12.6581,1452,2909.8
18384,-4.6687,1.2929,9.8102,1463,2909.8
18389,1.3815,3.286,9.4164,1471,2911.21
18394,2.654,2.9892,11.1809,1451,2911.21
18399,-1.7992,-0.8499,12.6761,1461,2911.21
18404,-4.9823,0.7326,10.2592,1455,2911.21
18409,0.8535,3.0107,9.1794,1465,2912.9
18414,2.7581,3.3662,10.9331,1463,2912.9
18419,-1.6352,-0.3675,12.6641,1453,2912.9
18424,-5.0278,0.2682,10.7691,1455,2912.9
18429,0.2418,2.8216,8.9447,1477,2914.6
18434,2.6647,3.6583,10.7224,1454,2914.6
18439,-1.6113,0.1365,12.6258,1451,2914.6
18444,-4.8243,-0.3041,11.2767,1462,2914.6
18449,-0.4537,2.6719,8.7688,1492,2915.45
18454,2.5007,3.8499,10.4914,1455,2915.45
18459,-1.4497,0.5698,12.5049,1456,2915.45
18464,-4.476,-0.7709,11.6705,1459,2915.45
18469,-1.2486,2.5319,8.6383,1484,2916.73
18474,2.3786,3.9289,10.3765,1455,2916.73
18479,-1.0104,0.9613,12.3182,1453,2916.73
18484,-4.0402,-1.2139,11.9698,1460,2916.73
18489,-2.1404,2.3188,8.6323,1481,2917.86
18494,2.1919,3.7912,10.1957,1453,2917.86
18499,-0.2023,1.2677,12.1254,1451,2917.86
18504,-3.5721,-1.5467,12.214,1461,2917.86
18509,-2.9868,2.1153,8.7436,1479,2917.86
18514,2.0423,3.6404,10.1023,1453,2917.86
18519,0.68,1.7131,11.9435,1461,2917.86
18524,-3.0478,-1.6412,12.4582,1461,2917.86
18529,-3.8128,1.9058,9.074,1471,2915.88
18534,1.8375,3.5135,9.8701,1453,2915.88
18539,1.6245,2.1703,11.734,1453,2915.88
18544,-2.569,-1.4641,12.6318,1451,2915.88
18549,-4.4436,1.5802,9.4535,1459,2915.88
18554,1.5874,3.3938,9.5589,1466,2913.47
18559,2.3535,2.6731,11.4718,1453,2913.47
18564,-2.0327,-1.1205,12.6701,1449,2913.47
18569,-4.7944,1.1217,9.9515,1459,2913.47
18574,1.2115,3.1675,9.3326,1468,2911.91
18579,2.7509,3.122,11.2097,1451,2911.91
18584,-1.725,-0.68,12.6929,1444,2911.91
18589,-4.9476,0.6141,10.4136,1453,2911.91
18594,0.6943,2.9485,8.9902,1469,2910.78
18599,2.7641,3.4872,10.8589,1455,2910.78
18604,-1.6029,-0.1832,12.633,1453,2910.78
18616,-19.508,-0.0431,44.0629,1471,2909.8
18620,2.4636,3.7409,10.7595,1453,2909.8
18625,-1.555,0.2741,12.4678,1451,2909.8
18630,-4.6615,-0.4776,11.4191,1467,2909.8
18635,-0.8511,2.6384,8.7233,1487,2908.95
18640,2.3068,3.8834,10.5129,1453,2908.95
18645,-1.2881,0.7494,12.3696,1461,2908.95
18650,-4.1887,-0.9888,11.8046,1455,2908.95
18655,-1.7621,2.4146,8.7029,1487,2908.1
18660,2.1691,3.881,10.3322,1460,2908.1
18665,-0.5614,1.1468,12.1602,1453,2908.1
18670,-3.6033,-1.4018,12.1135,1453,2908.1
18675,-2.7306,2.2015,8.8322,1493,2907.54
18680,2.0698,3.7517,10.2185,1461,2907.54
18685,0.4776,1.579,11.88,1452,2907.54
18690,-3.0095,-1.6257,12.3601,1463,2907.54
18695,-3.5985,1.8998,8.995,1485,2907.54
18700,1.8806,3.5051,9.9886,1452,2907.54
18705,1.4676,2.065,11.6849,1465,2907.54
18710,-2.5043,-1.5945,12.6091,1453,2907.54
18715,-4.367,1.5933,9.4403,1453,2907.54
18720,1.6089,3.3662,9.7444,1469,2907.68
18725,2.2577,2.624,11.4598,1463,2907.68
18730,-2.0554,-1.2139,12.6617,1449,2907.68
18735,-4.7872,1.154,9.9491,1465,2907.68
18740,1.1935,3.1639,9.4116,1464,2907.26
18745,2.6899,3.1424,11.1175,1451,2907.26
18750,-1.7968,-0.6931,12.7036,1455,2907.26
18755,-4.9333,0.6572,10.483,1459,2907.26
18760,0.668,3.0095,9.1327,1465,2906.84
18765,2.7521,3.5207,10.8601,1459,2906.84
18770,-1.5838,-0.1544,12.6558,1452,2906.84
18775,-4.8219,0.0215,10.9738,1460,2906.84
18780,-0.0383,2.8036,8.7891,1470,2906.27
18785,2.545,3.7697,10.6482,1460,2906.27
18790,-1.488,0.346,12.5229,1451,2906.27
18795,-4.4915,-0.6165,11.4359,1466,2906.27
18800,-0.905,2.5965,8.6694,1493,2905.85
18805,2.3044,3.875,10.4926,1461,2905.85
18810,-1.2306,0.759,12.3062,1455,2905.85
18815,-4.1001,-1.1396,11.8357,1463,2905.85
18820,-1.9094,2.3595,8.7113,1485,2905.71
18825,2.0794,3.8403,10.3729,1463,2905.71
18830,-0.4705,1.2103,12.123,1455,2905.71
18835,-3.5662,-1.4389,12.1613,1455,2905.71
18840,-2.8934,2.1895,8.8753,1496,2905.57
18845,1.9908,3.7469,10.1718,1460,2905.57
18850,0.6464,1.6496,11.8597,1455,2905.57
18855,-2.9377,-1.5969,12.3972,1460,2905.57
18860,-3.7661,1.901,9.1195,1494,2905.57
18865,1.8567,3.547,9.9024,1454,2905.57
18870,1.6903,2.1596,11.631,1463,2905.57
18875,-2.3571,-1.4976,12.5444,1459,2905.57
18880,-4.4592,1.4904,9.5158,1458,2905.57
18885,1.5251,3.3196,9.6379,1471,2905.29
18890,2.4146,2.6791,11.3114,1459,2905.29
18895,-1.9261,-1.1468,12.627,1451,2905.29
18900,-4.8303,1.0163,10.0078,1462,2905.29
18905,1.0487,3.1352,9.3733,1469,2905.57
18910,2.6923,3.1927,11.0887,1459,2905.57
18915,-1.7083,-0.5315,12.6629,1452,2905.57
18920,-4.9512,0.516,10.6362,1461,2905.57
18925,0.4549,2.9449,9.1135,1479,2905.15
18930,2.6612,3.6619,10.8002,1463,2905.15
18935,-1.6484,0.0012,12.6091,1455,2905.15
18940,-4.7836,-0.0754,11.1414,1461,2905.15
18945,-0.2693,2.7737,8.8286,1469,2905.29
18950,2.4828,3.8188,10.6171,1459,2905.29
18955,-1.4461,0.5052,12.4319,1451,2905.29
18960,-4.3682,-0.6919,11.6215,1461,2905.29
18965,-1.1468,2.5474,8.6718,1485,2905.29
18970,2.247,3.8487,10.4782,1455,2905.29
18975,-1.1085,0.9062,12.2691,1453,2905.29
18980,-3.9277,-1.2115,12.0081,1455,2905.29
18985,-2.1644,2.3044,8.6921,1485,2905.43
18990,2.0794,3.7673,10.313,1455,2905.43
18995,-0.2274,1.2857,12.0309,1453,2905.43
19000,-3.4225,-1.5215,12.2308,1459,2905.43
19005,-3.1268,2.077,8.9447,1487,2905.43
19010,1.9082,3.6416,10.173,1453,2905.43
19015,0.8787,1.7861,11.8393,1463,2905.43
19020,-2.8036,-1.5862,12.4283,1450,2905.43
19025,-3.9576,1.7765,9.2033,1464,2905.43
19030,1.7095,3.468,9.8605,1453,2905.43
19035,1.9142,2.32,11.4874,1455,2905.43
19040,-2.2494,-1.3408,12.6258,1451,2905.43
19045,-4.5765,1.4078,9.7624,1464,2905.43
19050,1.4449,3.2825,9.5804,1464,2905.57
19055,2.557,2.8754,11.2324,1455,2905.57
19060,-1.8699,-0.9625,12.6929,1451,2905.57
19065,-4.9033,0.8356,10.1311,1455,2905.57
19070,0.9469,3.0263,9.3146,1469,2905.43
19075,2.721,3.3136,10.987,1455,2905.43
19080,-1.6568,-0.4082,12.6845,1451,2905.43
19085,-4.9404,0.3316,10.7787,1455,2905.43
19090,0.2538,2.8539,9.007,1479,2905.57
19095,2.569,3.6787,10.671,1455,2905.57
19100,-1.6101,0.1161,12.5432,1452,2905.57
19105,-4.7633,-0.2801,11.2504,1459,2905.57
19110,-0.5447,2.6899,8.8131,1480,2905.71
19115,2.381,3.8559,10.5991,1461,2905.71
19120,-1.4102,0.6213,12.4247,1451,2905.71
19125,-4.3407,-0.7961,11.6909,1453,2905.71
19130,-1.4174,2.5127,8.6957,1487,2905.71
19135,2.2625,3.8786,10.3884,1455,2905.71
19140,-0.9278,1.0187,12.2104,1447,2905.71
19145,-3.7912,-1.2881,12.0728,1459,2905.71
19150,-2.4505,2.2422,8.7759,1496,2905.99
19155,2.0686,3.7469,10.2711,1460,2905.99
19160,0.0958,1.4844,11.9674,1452,2905.99
19165,-3.219,-1.573,12.2655,1461,2905.99
19170,-3.3603,1.9501,8.9914,1466,2905.71
19175,1.8914,3.5135,10.0137,1453,2905.71
19180,1.154,1.919,11.7531,1465,2905.71
19185,-2.7019,-1.567,12.5408,1447,2905.71
19190,-4.1348,1.7059,9.3314,1455,2905.71
19195,1.6819,3.3938,9.742,1468,2906.41
19200,2.0614,2.4912,11.4551,1460,2906.41
19205,-2.1835,-1.3048,12.6103,1453,2906.41
19210,-4.6843,1.2809,9.8426,1466,2906.41
19215,1.3216,3.237,9.481,1471,2906.55
19220,2.624,3.0682,11.2492,1455,2906.55
19225,-1.81,-0.7937,12.7144,1455,2906.55
19230,-4.8878,0.7709,10.325,1455,2906.55
19235,0.8068,3.0658,9.1566,1463,2906.55
19240,2.7414,3.4752,10.9535,1461,2906.55
19245,-1.6053,-0.2825,12.6366,1459,2906.55
19250,-4.8902,0.1472,10.829,1461,2906.55
19255,0.1748,2.8024,8.9088,1477,2906.41
19260,2.5977,3.7146,10.7045,1461,2906.41
19265,-1.573,0.2023,12.4798,1448,2906.41
19270,-4.6843,-0.4489,11.3641,1467,2906.41
19275,-0.7254,2.6193,8.7221,1467,2906.55
19280,2.3535,3.9205,10.5477,1451,2906.55
19285,-1.3479,0.6716,12.3661,1455,2906.55
19290,-4.3,-0.9278,11.7986,1461,2906.55
19295,-1.6556,2.478,8.7065,1485,2906.55
19300,2.1213,3.9373,10.3741,1460,2906.55
19305,-0.7733,1.1169,12.1661,1452,2906.55
19310,-3.7338,-1.3156,12.0572,1453,2906.55
19315,-2.5893,2.217,8.7843,1467,2906.55
19320,2.0602,3.7757,10.1957,1463,2906.55
19325,0.2957,1.5335,11.9112,1452,2906.55
19330,-3.1544,-1.579,12.3696,1463,2906.55
19335,-3.4596,1.9393,9.0249,1480,2906.55
19340,1.9297,3.5506,9.9276,1451,2906.55
19345,1.3862,2.0195,11.643,1465,2906.55
19350,-2.5474,-1.5802,12.4834,1455,2906.55
19355,-4.2521,1.5969,9.4044,1453,2906.55
19360,1.6508,3.3555,9.7492,1469,2906.7
19365,2.2182,2.5343,11.4838,1459,2906.7
19370,-2.0937,-1.2582,12.6821,1451,2906.7
19375,-4.7573,1.1863,9.8928,1469,2906.7
19380,1.2713,3.1256,9.4212,1467,2906.98
19385,2.6468,3.0478,11.1546,1453,2906.98
19390,-1.8268,-0.7254,12.7096,1453,2906.98
19395,-4.9584,0.7051,10.4363,1454,2906.98
19400,0.729,3.0382,9.1686,1465,2906.84
19405,2.7054,3.5434,10.8948,1463,2906.84
19410,-1.64,-0.1556,12.6821,1454,2906.84
19415,-4.8028,0.085,10.902,1455,2906.84
19420,0.0527,2.8515,8.8514,1469,2906.98
19425,2.5857,3.7589,10.6195,1456,2906.98
19430,-1.5036,0.2993,12.5181,1450,2906.98
19435,-4.5502,-0.486,11.3701,1464,2906.98
19440,-0.7817,2.6001,8.6694,1487,2907.26
19445,2.3583,3.8511,10.477,1453,2907.26
19450,-1.2761,0.7015,12.3912,1461,2907.26
19455,-4.1348,-1.0738,11.8286,1459,2907.26
19460,-1.7609,2.3894,8.6598,1492,2907.54
19465,2.1249,3.8188,10.4088,1463,2907.54
19470,-0.6141,1.1121,12.1566,1453,2907.54
19475,-3.6679,-1.4305,12.1242,1459,2907.54
19480,-2.7521,2.2446,8.8693,1497,2908.1
19485,2.0075,3.7529,10.1849,1459,2908.1
19490,0.4381,1.5945,11.9195,1453,2908.1
19495,-3.122,-1.5886,12.3505,1463,2908.1
19500,-3.6284,1.9573,9.0549,1497,2908.67
19505,1.8495,3.5853,9.9946,1451,2908.67
19510,1.4664,2.1069,11.6933,1461,2908.67
19515,-2.5414,-1.4916,12.5229,1454,2908.67
19520,-4.2844,1.6209,9.4595,1459,2908.67
19525,1.6293,3.395,9.6438,1469,2908.53
19530,2.3679,2.5809,11.4132,1455,2908.53
19535,-2.0363,-1.2103,12.6366,1449,2908.53
19540,-4.8052,1.166,9.9024,1465,2908.53
19545,1.2294,3.1388,9.4427,1469,2909.09
19550,2.7066,3.037,11.1618,1453,2909.09
19555,-1.7597,-0.7446,12.6462,1455,2909.09
19560,-4.9811,0.6333,10.4375,1459,2909.09
19565,0.7015,2.9939,9.074,1468,2908.81
19570,2.7138,3.4967,10.9128,1455,2908.81
19575,-1.6568,-0.1784,12.6725,1455,2908.81
19580,-4.8926,0.1125,11.0241,1459,2908.81
19585,-0.0227,2.8264,8.8969,1470,2908.81
19590,2.5271,3.802,10.671,1455,2908.81
19595,-1.585,0.3328,12.5013,1451,2908.81
19600,-4.6052,-0.4046,11.382,1461,2908.81
19605,-0.7745,2.6456,8.6455,1490,2908.67
19610,2.411,3.9014,10.5082,1451,2908.67
19615,-1.2749,0.7063,12.3517,1455,2908.67
19620,-4.1432,-1.008,11.7831,1462,2908.67
19625,-1.743,2.3415,8.6119,1491,2908.67
19630,2.1644,3.8259,10.2604,1461,2908.67
19635,-0.577,1.1121,12.0931,1455,2908.67
19640,-3.6248,-1.4425,12.1123,1461,2908.67
19645,-2.6755,2.1847,8.74,1485,2908.81
19650,1.9776,3.6943,10.2077,1460,2908.81
19655,0.3639,1.5395,11.9806,1459,2908.81
19660,-3.1472,-1.6029,12.384,1463,2908.81
19665,-3.632,1.9525,9.0154,1495,2908.67
19670,1.7992,3.5793,9.9671,1452,2908.67
19675,1.4126,2.0806,11.7017,1461,2908.67
19680,-2.557,-1.4952,12.5636,1459,2908.67
19685,-4.3359,1.725,9.4727,1460,2908.67
19690,1.6113,3.3998,9.7636,1465,2908.53
19695,2.2924,2.6252,11.4335,1459,2908.53
19700,-2.0399,-1.1576,12.6773,1449,2908.53
19705,-4.7561,1.1768,9.9048,1461,2908.53
19710,1.2809,3.1723,9.3913,1467,2908.39
19715,2.7665,3.0538,11.1187,1453,2908.39
19720,-1.6759,-0.6883,12.6558,1453,2908.39
19725,-4.974,0.6464,10.3813,1454,2908.39
19730,0.6847,3.0035,9.0716,1463,2908.53
19735,2.7713,3.4357,10.89,1453,2908.53
19740,-1.5718,-0.2179,12.6713,1454,2908.53
19745,-4.9249,0.006,10.9331,1456,2908.53
19750,-0.0204,2.733,8.8777,1469,2908.39
19755,2.5558,3.7194,10.6817,1455,2908.39
19760,-1.5706,0.3029,12.566,1460,2908.39
19765,-4.6735,-0.5291,11.4658,1459,2908.39
19770,-0.8236,2.648,8.7592,1480,2908.53
19775,2.3367,3.9468,10.4962,1455,2908.53
19780,-1.3683,0.759,12.3948,1459,2908.53
19785,-4.1863,-0.9637,11.8333,1459,2908.53
19790,-1.7693,2.411,8.7305,1491,2908.67
19795,2.2075,3.9229,10.416,1459,2908.67
19800,-0.5626,1.148,12.1733,1454,2908.67
19805,-3.6308,-1.3803,12.1973,1456,2908.67
19810,-2.6635,2.2015,8.7616,1479,2908.67
19815,2.0482,3.7362,10.1095,1453,2908.67
19820,0.395,1.5179,11.9459,1453,2908.67
19825,-3.128,-1.6592,12.3792,1461,2908.67
19830,-3.6045,1.9022,9.0644,1497,2908.95
19835,1.8316,3.4895,9.9192,1449,2908.95
19840,1.4174,2.0602,11.71,1460,2908.95
19845,-2.6049,-1.5718,12.5384,1452,2908.95
19850,-4.3012,1.64,9.4475,1450,2908.95
19855,1.5897,3.322,9.6666,1466,2909.23
19860,2.2194,2.6025,11.4826,1455,2909.23
19865,-2.1691,-1.2115,12.6785,1447,2909.23
19870,-4.8123,1.2222,9.9252,1461,2909.23
19875,1.3001,3.1843,9.4104,1467,2909.94
19880,2.6959,3.1053,11.1594,1454,2909.94
19885,-1.7669,-0.7123,12.6294,1453,2909.94
19890,-4.9548,0.7111,10.3441,1455,2909.94
19895,0.7219,3.0406,9.0585,1465,2909.8
19900,2.7497,3.4584,10.8745,1461,2909.8
19905,-1.5395,-0.1712,12.6833,1455,2909.8
19910,-4.8662,0.0694,10.8888,1454,2909.8
19915,0.0694,2.7845,8.8657,1471,2909.66
19920,2.6324,3.6715,10.6686,1459,2909.66
19925,-1.482,0.2203,12.5348,1452,2909.66
19930,-4.6615,-0.504,11.3282,1461,2909.66
19935,-0.7566,2.6157,8.7436,1483,2909.37
19940,2.3248,3.8595,10.55,1453,2909.37
19945,-1.385,0.668,12.3553,1459,2909.37
19950,-4.2641,-0.9936,11.807,1460,2909.37
19955,-1.6999,2.4337,8.6419,1487,2908.95
19960,2.1871,3.9265,10.3549,1463,2908.95
19965,-0.7015,1.1301,12.1422,1453,2908.95
19970,-3.7792,-1.336,12.1625,1453,2908.95
19975,-2.6061,2.2805,8.8143,1471,2909.09
19980,2.0997,3.784,10.2436,1454,2909.09
19985,0.2622,1.5155,11.9303,1455,2909.09
19990,-3.0897,-1.5658,12.3505,1461,2909.09
19995,-3.4943,1.9585,8.9591,1496,2909.09
20000,1.9237,3.5434,9.9838,1452,2909.09
20005,1.4353,1.9585,11.7112,1461,2909.09
20010,-2.551,-1.6161,12.566,1455,2909.09
20015,-4.2521,1.6568,9.4344,1459,2909.09
20020,1.6041,3.3351,9.7252,1467,2909.37
20025,2.1739,2.5367,11.4575,1456,2909.37
20030,-2.1632,-1.2821,12.6725,1451,2909.37
20035,-4.8123,1.2354,9.8569,1465,2909.37
20040,1.2617,3.1735,9.4607,1466,2909.37
20045,2.6049,3.0574,11.1785,1459,2909.37
20050,-1.834,-0.7697,12.7324,1459,2909.37
20055,-4.9752,0.808,10.398,1461,2909.37
20060,0.7925,3.0574,9.1423,1463,2909.51
20065,2.7461,3.5123,10.914,1462,2909.51
20070,-1.6364,-0.2334,12.6893,1453,2909.51
20075,-4.8914,0.1448,10.8864,1455,2909.51
20080,0.1065,2.8635,8.8801,1471,2910.08
20085,2.6683,3.7553,10.6494,1435,2910.08
20090,-1.5239,0.261,12.5767,1453,2910.08
20095,-4.6124,-0.4537,11.3461,1461,2910.08
20100,-0.6201,2.6576,8.6802,1485,2910.78
20105,2.4912,3.8008,10.4962,1455,2910.78
20110,-1.3084,0.6333,12.372,1455,2910.78
20115,-4.2437,-0.984,11.6945,1459,2910.78
20120,-1.5957,2.4169,8.6455,1478,2910.93
20125,2.1596,3.863,10.398,1461,2910.93
20130,-0.7554,1.0283,12.2439,1451,2910.93
20135,-3.8427,-1.3396,12.1003,1453,2910.93
20140,-2.5558,2.2709,8.7388,1495,2911.07
20145,2.0375,3.7936,10.2041,1462,2911.07
20150,0.1101,1.47,12.0177,1453,2911.07
20155,-3.2094,-1.5095,12.3445,1463,2911.07
20160,-3.3902,2.077,8.9627,1477,2911.07
20165,1.913,3.6416,10.0126,1451,2911.07
20170,1.251,1.9812,11.7591,1460,2911.07
20175,-2.727,-1.5311,12.5265,1455,2911.07
20180,-4.0953,1.7202,9.2703,1454,2911.07
20185,1.7777,3.3758,9.7492,1469,2911.49
20190,2.2098,2.3822,11.4946,1459,2911.49
20195,-2.211,-1.3767,12.6641,1452,2911.49
20200,-4.6986,1.2773,9.7444,1465,2911.49
20205,1.3647,3.1879,9.4367,1467,2911.91
20210,2.6252,2.9125,11.2132,1451,2911.91
20215,-1.8615,-0.9385,12.6857,1456,2911.91
20220,-5.0027,0.8691,10.3046,1455,2911.91
20225,0.8942,3.0203,9.1985,1463,2912.34
20230,2.7497,3.3543,11.0337,1461,2912.34
20235,-1.7298,-0.3436,12.7084,1455,2912.34
20240,-4.9883,0.3412,10.7859,1453,2912.34
20245,0.3005,2.8838,8.9064,1471,2912.48
20250,2.6647,3.7278,10.7643,1455,2912.48
20255,-1.6281,0.1676,12.6617,1450,2912.48
20260,-4.7453,-0.1652,11.2132,1464,2912.48
20265,-0.3903,2.7497,8.6562,1472,2912.76
20270,2.5355,3.8463,10.55,1455,2912.76
20275,-1.4078,0.5148,12.4738,1462,2912.76
20280,-4.3634,-0.7805,11.5939,1459,2912.76
20285,-1.2653,2.5091,8.5712,1483,2913.19
20290,2.2996,3.8642,10.3884,1464,2913.19
20295,-0.9337,0.8571,12.2332,1455,2913.19
20300,-4.0127,-1.2558,11.9818,1452,2913.19
20305,-2.1464,2.2841,8.685,1487,2913.47
20310,2.0985,3.7589,10.2687,1460,2913.47
20315,-0.2682,1.2989,12.1302,1452,2913.47
20320,-3.4417,-1.5514,12.2643,1464,2913.47
20325,-3.1017,2.1189,8.8274,1469,2913.61
20330,1.8878,3.6775,10.1047,1455,2913.61
20335,0.7649,1.7801,11.8944,1466,2913.61
20340,-3.0299,-1.5838,12.4834,1449,2913.61
20345,-3.9421,1.8974,9.1806,1455,2913.61
20350,1.7669,3.5183,9.8976,1463,2913.05
20355,1.7765,2.2302,11.6729,1465,2913.05
20360,-2.4565,-1.4317,12.5708,1448,2913.05
20365,-4.4915,1.5395,9.5122,1465,2913.05
20370,1.5778,3.3243,9.5708,1465,2913.33
20375,2.4912,2.7078,11.3078,1454,2913.33
20380,-1.9489,-1.0882,12.7036,1453,2913.33
20385,-4.8447,1.0187,9.9826,1453,2913.33
20390,1.1492,3.0646,9.3326,1467,2912.76
20395,2.7749,3.1603,11.0768,1453,2912.76
20400,-1.737,-0.6452,12.7108,1452,2912.76
20405,-5.0829,0.5495,10.5596,1459,2912.76
20410,0.5914,2.9449,9.0225,1471,2913.05
20415,2.7043,3.5338,10.8086,1459,2913.05
20420,-1.6807,-0.097,12.7132,1449,2913.05
20425,-4.8878,-0.0108,10.9978,1455,2913.05
20430,-0.0742,2.7701,8.7807,1470,2912.76
20435,2.5546,3.7876,10.6063,1461,2912.76
20440,-1.5083,0.346,12.5983,1451,2912.76
20445,-4.6519,-0.4513,11.4575,1451,2912.76
20450,-0.838,2.6312,8.7005,1483,2912.76
20455,2.399,3.9253,10.4914,1455,2912.76
20460,-1.3312,0.7757,12.4187,1449,2912.76
20465,-4.136,-1.0008,11.8477,1455,2912.76
20470,-1.7837,2.4026,8.6479,1484,2912.76
20475,2.1919,3.8451,10.3166,1455,2912.76
20480,-0.5483,1.0953,12.141,1453,2912.76
20485,-3.6452,-1.4353,12.1865,1455,2912.76
20490,-2.7222,2.1632,8.7807,1484,2912.62
20495,2.0315,3.7481,10.1622,1451,2912.62
20500,0.3843,1.5323,12.0333,1461,2912.62
20505,-3.1568,-1.6328,12.3708,1455,2912.62
20510,-3.5769,1.9477,9.0261,1479,2912.34
20515,1.8232,3.5159,9.991,1449,2912.34
20520,1.3946,2.0686,11.8417,1461,2912.34
20525,-2.6492,-1.555,12.5636,1453,2912.34
20530,-4.3251,1.6903,9.402,1461,2912.34
20535,1.6424,3.3591,9.6235,1463,2912.2
20540,2.2134,2.5343,11.4718,1459,2912.2
20545,-2.2003,-1.239,12.6019,1450,2912.2
20550,-4.7669,1.2833,9.8426,1461,2912.2
20555,1.336,3.2106,9.4284,1470,2911.91
20560,2.7043,2.988,11.2144,1455,2911.91
20565,-1.7645,-0.826,12.6905,1451,2911.91
20570,-4.9177,0.7171,10.3501,1453,2911.91
20575,0.8152,3.0299,9.1602,1469,2911.63
20580,2.7833,3.4081,10.8625,1455,2911.63
20585,-1.5814,-0.3124,12.6905,1453,2911.63
20590,-4.9057,0.1508,10.8541,1459,2911.63
20595,0.1269,2.7976,8.8909,1470,2911.35
20600,2.5821,3.6799,10.7308,1463,2911.35
20605,-1.5526,0.1736,12.5767,1451,2911.35
20610,-4.7369,-0.4082,11.3425,1461,2911.35
20615,-0.571,2.6516,8.7149,1487,2911.77
20620,2.393,3.8822,10.6003,1454,2911.77
20625,-1.4509,0.5782,12.3732,1461,2911.77
20630,-4.3395,-0.8511,11.7998,1459,2911.77
20635,-1.4389,2.496,8.6407,1484,2912.06
20640,2.2398,3.9241,10.3226,1460,2912.06
20645,-0.8499,1.0068,12.1745,1455,2912.06
20650,-3.8355,-1.2234,12.0919,1453,2912.06
20655,-2.3331,2.3116,8.7089,1493,2912.62
20660,2.1596,3.8367,10.2328,1459,2912.62
20665,0.1185,1.4078,12.0273,1454,2912.62
20670,-3.2693,-1.549,12.305,1462,2912.62
20675,-3.2573,2.0399,8.9076,1493,2913.19
20680,1.9333,3.5913,9.9994,1447,2913.19
20685,1.0798,1.8328,11.8118,1464,2913.19
20690,-2.7749,-1.6496,12.5743,1455,2913.19
20695,-4.0522,1.7454,9.2644,1453,2913.19
20700,1.725,3.4141,9.8605,1467,2913.33
20705,1.9956,2.3619,11.6167,1459,2913.33
20710,-2.3463,-1.4293,12.6593,1451,2913.33
20715,-4.634,1.4389,9.6678,1463,2913.33
20720,1.4533,3.2944,9.5134,1469,2913.33
20725,2.5079,2.8443,11.309,1453,2913.33
20730,-1.9956,-1.0211,12.7204,1455,2913.33
20735,-4.9321,1.0499,10.1347,1455,2913.33
20740,1.0463,3.152,9.2787,1468,2910.93
20745,2.8072,3.2681,10.9978,1463,2910.93
20750,-1.6676,-0.4968,12.6402,1453,2910.93
20755,-4.9273,0.395,10.635,1453,2910.93
20760,0.4465,2.9221,8.9615,1469,2908.39
20765,2.7007,3.6045,10.7895,1452,2908.39
20770,-1.5598,0.0383,12.6318,1451,2908.39
20775,-4.7645,-0.2538,11.1642,1463,2908.39
20780,-0.3316,2.7497,8.7747,1495,2906.7
20785,2.4349,3.7721,10.5393,1453,2906.7
20790,-1.4832,0.4812,12.4127,1459,2906.7
20795,-4.4041,-0.7757,11.6035,1455,2906.7
20800,-1.2893,2.5259,8.7185,1491,2905.99
20805,2.1512,3.8882,10.4459,1459,2905.99
20810,-1.0187,0.9242,12.2439,1455,2905.99
20815,-3.9444,-1.245,11.9878,1455,2905.99
20820,-2.1859,2.314,8.7688,1495,2905.85
20825,2.077,3.7912,10.2771,1461,2905.85
20830,-0.1305,1.3336,12.0189,1454,2905.85
20835,-3.3088,-1.5167,12.2607,1451,2905.85
20840,-3.1711,2.0782,8.9687,1493,2905.57
20845,1.986,3.6332,10.0054,1451,2905.57
20850,1.0618,1.8148,11.7483,1464,2905.57
20855,-2.6995,-1.5921,12.4439,1459,2905.57
20860,-4.0043,1.7274,9.2488,1456,2905.57
20865,1.7226,3.3962,9.7707,1467,2905.71
20870,2.0027,2.3487,11.4622,1460,2905.71
20875,-2.241,-1.421,12.5983,1449,2905.71
20880,-4.628,1.3647,9.7815,1464,2905.71
20885,1.3635,3.225,9.5517,1469,2905.99
20890,2.5546,2.9102,11.2013,1453,2905.99
20895,-1.9106,-0.9577,12.6558,1453,2905.99
20900,-4.9165,0.893,10.2783,1460,2905.99
20905,0.8835,3.0742,9.2548,1471,2905.99
20910,2.6983,3.3878,10.9595,1461,2905.99
20915,-1.7119,-0.3915,12.6641,1453,2905.99
20920,-4.9213,0.3508,10.7907,1459,2905.99
20925,0.2466,2.9221,8.9016,1478,2906.13
20930,2.6683,3.6847,10.6853,1455,2906.13
20935,-1.573,0.1472,12.5803,1453,2906.13
20940,-4.6591,-0.2478,11.2611,1461,2906.13
20945,-0.4944,2.6719,8.7724,1487,2905.99
20950,2.4169,3.8451,10.5489,1455,2905.99
20955,-1.3755,0.5674,12.317,1453,2905.99
20960,-4.2545,-0.9038,11.6442,1459,2905.99
20965,-1.5,2.4349,8.661,1491,2905.85
20970,2.2278,3.8295,10.4267,1459,2905.85
20975,-0.8607,1.002,12.153,1456,2905.85
20980,-3.8116,-1.3204,12.0428,1459,2905.85
20985,-2.4888,2.2326,8.7508,1494,2905.85
20990,1.9896,3.7565,10.3082,1455,2905.85
20995,0.0826,1.4401,11.9303,1461,2905.85
21000,-3.2753,-1.5562,12.3026,1453,2905.85
21005,-3.3806,2.0446,9.0357,1471,2905.71
21010,1.8902,3.6607,10.0796,1455,2905.71
21015,1.2617,1.986,11.6693,1461,2905.71
21020,-2.6743,-1.5455,12.5253,1451,2905.71
21025,-4.1539,1.7442,9.4595,1467,2905.71
21030,1.6831,3.4285,9.7767,1467,2905.71
21035,2.2122,2.4505,11.4168,1453,2905.71
21040,-2.0997,-1.2881,12.5911,1455,2905.71
21045,-4.7022,1.2713,9.8689,1455,2905.71
21050,1.3216,3.1831,9.4703,1468,2905.85
21055,2.6288,2.97,11.1247,1455,2905.85
21060,-1.7801,-0.7997,12.621,1451,2905.85
21065,-4.8997,0.7518,10.3992,1455,2905.85
21070,0.7745,3.0191,9.2105,1482,2905.85
21075,2.6803,3.377,10.8529,1460,2905.85
21080,-1.6472,-0.2682,12.6354,1452,2905.85
21085,-4.9704,0.1389,10.9451,1455,2905.85
21090,0.0539,2.8527,8.9699,1464,2905.99
21095,2.5187,3.7421,10.6913,1459,2905.99
21100,-1.5957,0.255,12.5121,1455,2905.99
21105,-4.6232,-0.3603,11.4622,1456,2905.99
21110,-0.7614,2.6444,8.7472,1485,2905.99
21115,2.3403,3.8918,10.4675,1461,2905.99
21120,-1.2953,0.7111,12.3505,1451,2905.99
21125,-4.1911,-0.9577,11.7759,1455,2905.99
21130,-1.6807,2.4062,8.7281,1492,2905.71
21135,2.1919,3.8487,10.307,1459,2905.71
21140,-0.6117,1.1109,12.1194,1452,2905.71
21145,-3.6404,-1.4006,12.1183,1463,2905.71
21150,-2.6791,2.1847,8.8071,1469,2905.43
21155,1.9944,3.6978,10.2041,1453,2905.43
21160,0.3388,1.5323,11.8956,1467,2905.43
21165,-3.0706,-1.6472,12.3625,1451,2905.43
21170,-3.6081,1.9082,9.1387,1455,2905.43
21175,1.8208,3.5195,9.9719,1466,2905.29
21180,1.4437,2.0913,11.6167,1453,2905.29
21185,-2.5714,-1.5083,12.481,1453,2905.29
21190,-4.3251,1.6137,9.5217,1466,2905.29
21195,1.579,3.3531,9.6726,1467,2905.43
21200,2.3116,2.6588,11.382,1453,2905.43
21205,-2.0458,-1.154,12.6593,1459,2905.43
21210,-4.8004,1.1636,10.058,1455,2905.43
21215,1.2127,3.1831,9.4008,1468,2905.43
21220,2.6935,3.1113,11.066,1461,2905.43
21225,-1.6903,-0.6572,12.6174,1455,2905.43
21230,-4.938,0.595,10.5357,1459,2905.43
21235,0.6404,2.976,9.092,1478,2905.29
21240,2.7019,3.4967,10.8038,1459,2905.29
21245,-1.5945,-0.1365,12.5444,1449,2905.29
21250,-4.7896,-0.0587,11.0588,1465,2905.29
21255,-0.1377,2.7892,8.8945,1471,2905.01
21260,2.472,3.7517,10.641,1451,2905.01
21265,-1.5778,0.3879,12.4594,1459,2905.01
21270,-4.543,-0.6177,11.5855,1453,2905.01
21275,-1.0116,2.6217,8.7987,1491,2904.87
21280,2.2877,3.887,10.4124,1465,2904.87
21285,-1.2378,0.7853,12.2416,1452,2904.87
21290,-4.0618,-1.0666,11.9626,1455,2904.87
21295,-1.9609,2.3715,8.7101,1469,2904.58
21300,2.1488,3.8954,10.3166,1454,2904.58
21305,1.3324,1.9944,11.6849,1455,2904.58
21310,-3.468,-1.4317,12.2799,1463,2904.58
21315,-4.1767,1.6424,9.4344,1471,2904.87
21320,1.9896,3.6978,10.1622,1451,2904.87
21325,2.1859,2.5091,11.3617,1465,2904.87
21330,-2.1165,-1.2929,12.6127,1455,2904.87
21335,-4.7417,1.2079,9.8988,1459,2904.87
21340,1.8124,3.4333,9.9467,1469,2905.99
21345,2.6612,3.067,11.1163,1459,2905.99
21350,-1.81,-0.7901,12.6438,1449,2905.99
21355,-4.9512,0.7195,10.4507,1465,2905.99
21360,0.7398,3.0514,9.165,1467,2905.43
21365,2.7102,3.5135,10.8014,1455,2905.43
21370,-1.6592,-0.2119,12.5588,1453,2905.43
21375,-4.8722,0.1389,10.9355,1459,2905.43
21380,0.0587,2.8814,8.9268,1463,2905.57
21385,2.5462,3.7661,10.6027,1459,2905.57
21390,-1.5694,0.3364,12.4822,1455,2905.57
21395,-4.5622,-0.4908,11.3904,1459,2905.57
21400,-0.8392,2.6372,8.7269,1471,2905.57
21405,2.3667,3.8475,10.4303,1455,2905.57
21410,-1.2725,0.6931,12.3265,1453,2905.57
21415,-4.13,-1.0403,11.8405,1461,2905.57
21420,-1.8232,2.4134,8.7544,1489,2905.57
21425,2.1225,3.8271,10.3633,1459,2905.57
21430,-0.5938,1.1253,12.0991,1461,2905.57
21435,-3.5973,-1.4054,12.1111,1459,2905.57
21440,-2.7773,2.1955,8.8813,1491,2905.85
21445,1.9549,3.7182,10.1993,1463,2905.85
21450,0.5303,1.5957,11.8381,1451,2905.85
21455,-3.0287,-1.5646,12.4187,1459,2905.85
21460,-3.711,1.9441,9.1722,1480,2905.57
21465,1.8699,3.5614,9.9539,1455,2905.57
21470,1.6305,2.1153,11.5628,1459,2905.57
21475,-2.4445,-1.4389,12.5887,1458,2905.57
21480,-4.3838,1.5431,9.5253,1494,2906.41
21485,1.585,3.3387,9.6379,1451,2906.41
21490,2.411,2.6276,11.3102,1459,2906.41
21495,-1.9525,-1.1791,12.6306,1455,2906.41
21500,-4.8004,1.0989,10.0521,1463,2906.41
21505,1.1337,3.1173,9.3398,1465,2906.13
21510,2.7318,3.1125,11.1043,1455,2906.13
21515,-1.6879,-0.6524,12.6139,1451,2906.13
21520,-4.974,0.5519,10.5656,1455,2906.13
21525,0.5734,2.9353,9.1387,1469,2906.13
21530,2.6707,3.5326,10.8098,1453,2906.13
21535,-1.6652,-0.0898,12.5708,1451,2906.13
21540,-4.8303,0.0323,11.0684,1454,2906.13
21545,-0.1796,2.788,8.8693,1472,2906.27
21550,2.4636,3.8008,10.5716,1453,2906.27
21555,-1.5574,0.413,12.5025,1451,2906.27
21560,-4.5394,-0.5794,11.5353,1455,2906.27
21565,-1.0534,2.6037,8.7783,1485,2906.55
21570,2.3248,3.9325,10.4675,1461,2906.55
21575,-1.1552,0.832,12.2344,1451,2906.55
21580,-4.0067,-1.1133,11.9351,1455,2906.55
21585,-2.0051,2.3391,8.7329,1485,2906.7
21590,2.1368,3.8068,10.3226,1461,2906.7
21595,-0.3376,1.221,12.0464,1451,2906.7
21600,-3.462,-1.5323,12.2068,1453,2906.7
21605,-2.9784,2.0435,8.8562,1485,2906.55
21610,1.9501,3.5877,10.1251,1455,2906.55
21615,0.729,1.6604,11.7914,1451,2906.55
21620,-2.9676,-1.6173,12.4702,1462,2906.55
21625,-3.8379,1.8316,9.2105,1490,2906.84
21630,1.7526,3.486,10.0042,1455,2906.84
21635,1.7334,2.1847,11.5664,1467,2906.84
21640,-2.3942,-1.4461,12.6318,1452,2906.84
21645,-4.4927,1.506,9.6582,1459,2906.84
21650,1.4772,3.3303,9.651,1469,2907.12
21655,2.4756,2.8012,11.2791,1455,2907.12
21660,-1.9405,-0.9984,12.6378,1453,2907.12
21665,-4.8602,1.0618,10.1801,1464,2907.12
21670,1.087,3.1532,9.3541,1465,2906.98
21675,2.7892,3.2034,10.9798,1455,2906.98
21680,-1.6328,-0.5471,12.6067,1453,2906.98
21685,-4.8758,0.4729,10.5919,1452,2906.98
21690,0.4441,2.8946,9.0297,1467,2906.98
21695,2.7043,3.547,10.7583,1455,2906.98
21700,-1.6089,0.0275,12.5708,1453,2906.98
21705,-4.8147,-0.1556,11.2097,1455,2906.98
21710,-0.2957,2.745,8.8885,1481,2906.84
21715,2.4325,3.7936,10.5848,1453,2906.84
21720,-1.5311,0.4693,12.4498,1453,2906.84
21725,-4.5131,-0.6931,11.6298,1461,2906.84
21730,-1.2198,2.5486,8.7209,1486,2906.7
21735,2.2242,3.8846,10.4279,1451,2906.7
21740,-1.1372,0.8835,12.2511,1459,2906.7
21745,-3.9935,-1.1456,11.9662,1455,2906.7
21750,-2.1368,2.3978,8.7628,1487,2907.96
21755,2.1153,3.8499,10.2208,1455,2907.96
21760,-0.2322,1.3288,12.0201,1450,2907.96
21765,-3.3938,-1.4964,12.1985,1455,2907.96
21770,-3.0921,2.0518,8.9088,1492,2907.82
21775,1.9968,3.6248,10.1155,1460,2907.82
21780,0.9158,1.743,11.7879,1445,2907.82
21785,-2.8551,-1.6233,12.4642,1464,2907.82
21790,-3.9409,1.7609,9.2308,1468,2908.1
21795,1.7549,3.4357,9.9144,1453,2908.1
21800,1.8184,2.2817,11.4946,1465,2908.1
21805,-2.3727,-1.4365,12.6043,1451,2908.1
21810,-4.5861,1.3982,9.6857,1455,2908.1
21815,1.403,3.2777,9.6127,1467,2908.53
21820,2.4732,2.8252,11.303,1461,2908.53
21825,-1.9405,-1.0163,12.6414,1451,2908.53
21830,-4.8878,1.0319,10.1718,1467,2908.53
21835,1.0475,3.14,9.3015,1465,2908.39
21840,2.7641,3.322,11.0014,1453,2908.39
21845,-1.7418,-0.4836,12.6342,1453,2908.39
21850,-4.9656,0.4621,10.6805,1452,2908.39
21855,0.4537,2.9437,9.0333,1463,2908.67
21860,2.7102,3.632,10.732,1458,2908.67
21865,-1.555,0.0563,12.5073,1455,2908.67
21870,-4.725,-0.1592,11.1833,1456,2908.67
21875,-0.2825,2.733,8.7939,1477,2908.24
21880,2.4948,3.79,10.5548,1455,2908.24
21885,-1.4377,0.4573,12.4475,1450,2908.24
21890,-4.4999,-0.7673,11.655,1463,2908.24
21895,-1.2163,2.5319,8.734,1477,2908.24
21900,2.2494,3.8475,10.392,1451,2908.24
21905,-1.0594,0.8954,12.1853,1459,2908.24
21910,-4.0175,-1.1875,12.0009,1454,2908.24
21915,-2.1644,2.3583,8.7556,1485,2908.1
21920,2.1069,3.8642,10.2651,1459,2908.1
21925,-0.2346,1.3396,12.0057,1451,2908.1
21930,-3.4141,-1.4796,12.2535,1451,2908.1
21935,-3.1424,2.1201,8.8837,1476,2908.24
21940,1.9968,3.6823,10.1299,1461,2908.24
21945,0.899,1.7861,11.7256,1449,2908.24
21950,-2.8503,-1.5598,12.4774,1463,2908.24
21955,-3.9253,1.8411,9.2201,1487,2908.53
21960,1.8208,3.4991,9.8581,1450,2908.53
21965,1.8974,2.2924,11.4886,1465,2908.53
21970,-2.2889,-1.5083,12.5803,1448,2908.53
21975,-4.5454,1.3539,9.6474,1454,2908.53
21980,1.4856,3.2274,9.5529,1471,2908.95
21985,2.5271,2.8036,11.2779,1461,2908.95
21990,-1.9285,-1.0475,12.6809,1453,2908.95
21995,-4.9249,0.9768,10.1634,1465,2908.95
22000,1.0331,3.1077,9.3326,1468,2909.37
22005,2.7066,3.2621,10.9894,1455,2909.37
22010,-1.7514,-0.5171,12.6498,1454,2909.37
22015,-4.9464,0.4968,10.6554,1451,2909.37
22020,0.4729,2.9425,9.0465,1468,2909.51
22025,2.6181,3.6344,10.7667,1453,2909.51
22030,-1.6029,0.0407,12.6055,1459,2909.51
22035,-4.7752,-0.0802,11.2049,1455,2909.51
22040,-0.2861,2.7761,8.8071,1479,2909.51
22045,2.5331,3.8391,10.5489,1451,2909.51
22050,-1.482,0.4848,12.4115,1451,2909.51
22055,-4.4472,-0.7673,11.5784,1462,2909.51
22060,-1.1612,2.5031,8.6933,1471,2909.37
22065,2.296,3.7804,10.3944,1455,2909.37
22070,-1.0139,0.8595,12.2655,1461,2909.37
22075,-3.9792,-1.2091,11.959,1453,2909.37
22080,-2.0913,2.3691,8.691,1493,2909.23
22085,2.065,3.8056,10.2927,1461,2909.23
22090,-0.2358,1.2605,12.0464,1453,2909.23
22095,-3.5291,-1.5287,12.2511,1453,2909.23
22100,-3.061,2.132,8.9064,1469,2909.23
22105,1.9022,3.6631,10.1359,1463,2909.23
22110,0.7865,1.7238,11.7879,1452,2909.23
22115,-2.9197,-1.5455,12.4415,1465,2909.23
22120,-3.9061,1.8794,9.1877,1481,2909.23
22125,1.8495,3.5039,9.8892,1452,2909.23
22130,1.8387,2.2793,11.5305,1465,2909.23
22135,-2.3631,-1.3874,12.6162,1452,2909.23
22140,-4.5179,1.494,9.6367,1455,2909.23
22145,1.5538,3.2932,9.5996,1470,2909.09
22150,2.5486,2.7473,11.2707,1461,2909.09
22155,-1.9261,-1.0427,12.6569,1447,2909.09
22160,-4.9165,0.9792,10.0796,1465,2909.09
22165,1.0977,3.0957,9.2524,1467,2909.09
22170,2.739,3.219,11.0504,1455,2909.09
22175,-1.7119,-0.5794,12.6809,1455,2909.09
22180,-4.968,0.4298,10.6338,1459,2909.09
22185,0.4393,2.9125,9.0489,1466,2909.09
22190,2.654,3.638,10.8254,1458,2909.09
22195,-1.6676,0.0036,12.5708,1461,2909.09
22200,-4.8363,-0.0766,11.133,1455,2909.09
22205,-0.2885,2.7761,8.8155,1479,2908.95
22210,2.484,3.8702,10.5884,1459,2908.95
22215,-1.5479,0.4932,12.4738,1448,2908.95
22220,-4.5191,-0.6261,11.5712,1461,2908.95
22225,-1.1205,2.5438,8.6754,1479,2909.09
22230,2.3487,3.9002,10.4555,1453,2909.09
22235,-1.0882,0.8703,12.2535,1459,2909.09
22240,-3.9732,-1.1588,11.8956,1461,2909.09
22245,-2.0482,2.3523,8.7197,1483,2909.23
22250,2.1488,3.7421,10.3082,1459,2909.23
22255,-0.2658,1.1959,12.0285,1451,2909.23
22260,-3.4848,-1.5419,12.2128,1452,2909.23
22265,-3.0119,2.0734,8.8885,1471,2909.51
22270,1.9585,3.6464,10.1359,1461,2909.51
22275,0.7398,1.6951,11.8597,1451,2909.51
22280,-2.9197,-1.6053,12.4606,1465,2909.51
22285,-3.8427,1.8579,9.2332,1481,2909.51
22290,1.7861,3.4728,9.9419,1453,2909.51
22295,1.7131,2.2218,11.5796,1466,2909.51
22300,-2.4193,-1.4569,12.6079,1453,2909.51
22305,-4.4819,1.5419,9.596,1459,2909.51
22310,1.5263,3.3902,9.651,1467,2909.8
22315,2.4936,2.7821,11.2444,1462,2909.8
22320,-1.998,-1.0654,12.6773,1451,2909.8
22325,-4.8794,1.0463,10.076,1465,2909.8
22330,1.1349,3.1184,9.329,1469,2910.78
22335,2.818,3.1747,10.9846,1453,2910.78
22340,-1.7023,-0.6033,12.6342,1455,2910.78
22345,-4.9632,0.4657,10.5931,1455,2910.78
22350,0.5734,2.9161,9.0249,1465,2911.63
22355,2.7713,3.5027,10.7512,1453,2911.63
22360,-1.573,-0.1113,12.5827,1453,2911.63
22365,-4.9009,-0.0587,11.0828,1453,2911.63
22370,-0.1209,2.727,8.7999,1478,2912.2
22375,2.5139,3.7852,10.5776,1459,2912.2
22380,-1.5622,0.3926,12.4906,1451,2912.2
22385,-4.5837,-0.6153,11.5484,1458,2912.2
22390,-0.9589,2.6013,8.746,1482,2912.9
22395,2.302,3.9061,10.416,1461,2912.9
22400,-1.2198,0.8116,12.3577,1453,2912.9
22405,-4.2365,-1.0235,11.8501,1453,2912.9
22410,-1.8088,2.4457,8.6957,1477,2913.33
22415,2.2158,3.8942,10.2891,1453,2913.33
22420,-0.516,1.1684,12.1051,1450,2913.33
22425,-3.6488,-1.4054,12.153,1456,2913.33
22430,-2.7366,2.1895,8.7915,1492,2913.19
22435,2.0387,3.7481,10.1478,1453,2913.19
22440,0.4896,1.5383,11.9052,1454,2913.19
22445,-3.1113,-1.67,12.3828,1460,2913.19
22450,-3.6081,1.895,9.0034,1469,2912.2
22455,1.8854,3.4955,9.9874,1458,2912.2
22460,1.4832,2.0183,11.716,1457,2912.2
22465,-2.6205,-1.6305,12.5983,1452,2912.2
22470,-4.3574,1.6125,9.4236,1469,2911.91
22475,1.6305,3.3507,9.6606,1451,2911.91
22480,2.1967,2.5534,11.4563,1455,2911.91
22485,-2.1799,-1.2402,12.6665,1451,2911.91
22490,-4.8004,1.2797,9.8797,1464,2911.91
22495,1.251,3.2046,9.4355,1467,2910.93
22500,2.6695,3.0622,11.169,1455,2910.93
22505,-1.7945,-0.7614,12.6737,1455,2910.93
22510,-4.9728,0.7458,10.4303,1455,2910.93
22515,0.8068,3.0418,9.1626,1467,2910.22
22520,2.8311,3.4632,10.8649,1453,2910.22
22525,-1.5933,-0.261,12.6522,1447,2910.22
22530,-4.9009,0.1652,10.963,1459,2910.22
22535,0.1664,2.8311,8.8741,1477,2909.94
22540,2.5941,3.7098,10.641,1454,2909.94
22545,-1.5371,0.2155,12.4846,1451,2909.94
22550,-4.6424,-0.4705,11.382,1455,2909.94
22555,-0.6979,2.6695,8.7089,1465,2909.8
22560,2.3128,3.8343,10.4938,1455,2909.8
22565,-1.2977,0.6584,12.4319,1452,2909.8
22570,-4.3455,-0.9697,11.8202,1459,2909.8
22575,-1.6101,2.4804,8.6898,1485,2909.8
22580,2.1811,3.863,10.3777,1453,2909.8
22585,-0.7649,1.0714,12.153,1453,2909.8
22590,-3.8056,-1.3348,12.1326,1453,2909.8
22595,-2.5714,2.2577,8.7939,1484,2909.37
22600,2.0566,3.7888,10.2496,1453,2909.37
22605,0.2418,1.5083,11.9171,1451,2909.37
22610,-3.1723,-1.561,12.378,1458,2909.37
22615,-3.4189,1.9872,9.0178,1487,2908.24
22620,1.8962,3.5841,9.997,1451,2908.24
22625,1.3611,1.9489,11.7268,1460,2908.24
22630,-2.648,-1.6257,12.5181,1453,2908.24
22635,-4.1707,1.6508,9.3398,1467,2907.68
22640,1.6843,3.377,9.8653,1453,2907.68
22645,2.2087,2.5175,11.4563,1453,2907.68
22650,-2.1213,-1.3264,12.6749,1448,2907.68
22655,-4.7369,1.2067,9.8569,1465,2907.68
22660,1.2821,3.1699,9.4463,1464,2907.12
22665,2.624,3.0311,11.1546,1453,2907.12
22670,-1.8292,-0.838,12.6462,1451,2907.12
22675,-4.9991,0.7805,10.3501,1453,2907.12
22680,0.8045,3.0789,9.2177,1465,2906.84
22685,2.7426,3.4668,10.8888,1453,2906.84
22690,-1.6556,-0.2682,12.6318,1449,2906.84
22695,-4.9021,0.2023,10.9032,1455,2906.84
22700,0.0982,2.8671,8.9328,1479,2906.7
22705,2.6492,3.6978,10.6626,1453,2906.7
22710,-1.5048,0.249,12.4917,1447,2906.7
22715,-4.6052,-0.4094,11.3868,1454,2906.7
22720,-0.723,2.6983,8.7987,1481,2906.27
22725,2.3595,3.8535,10.501,1453,2906.27
22730,-1.3276,0.6835,12.3002,1455,2906.27
22735,-4.1539,-0.984,11.8178,1453,2906.27
22740,-1.6915,2.4469,8.7736,1479,2905.71
22745,2.15,3.79,10.3286,1455,2905.71
22750,-0.6656,1.081,12.1314,1453,2905.71
22755,-3.6895,-1.4162,12.1506,1455,2905.71
22760,-2.6803,2.2422,8.8669,1489,2905.57
22765,1.962,3.7074,10.1754,1459,2905.57
22770,0.3998,1.5514,11.8824,1451,2905.57
22775,-3.0849,-1.5622,12.3601,1465,2905.57
22780,-3.5877,1.9776,9.1554,1461,2905.29
22785,1.9046,3.6069,10.0221,1453,2905.29
22790,1.5179,2.0602,11.6586,1464,2905.29
22795,-2.5283,-1.4976,12.5013,1449,2905.29
22800,-4.3359,1.6173,9.487,1455,2905.29
22805,1.6496,3.3806,9.7157,1467,2905.15
22810,2.3379,2.6169,11.3222,1463,2905.15
22815,-1.992,-1.2043,12.6414,1450,2905.15
22820,-4.7848,1.1313,10.0078,1461,2905.15
22825,1.1899,3.1591,9.4128,1466,2905.29
22830,2.715,3.0921,11.0995,1455,2905.29
22835,-1.731,-0.6668,12.6258,1455,2905.29
22840,-4.9752,0.589,10.495,1455,2905.29
22845,0.5974,3.0143,9.1267,1465,2905.29
22850,2.7114,3.5458,10.835,1455,2905.29
22855,-1.67,-0.1006,12.5887,1453,2905.29
22860,-4.871,0.0599,11.0361,1455,2905.29
22865,-0.1245,2.8096,8.9064,1479,2905.15
22870,2.5151,3.7697,10.6183,1455,2905.15
22875,-1.5347,0.4334,12.4199,1451,2905.15
22880,-4.5753,-0.5303,11.5137,1459,2905.15
22885,-0.9732,2.6049,8.7472,1469,2905.29
22890,2.2984,3.8858,10.4555,1454,2905.29
22895,-1.1791,0.8224,12.2631,1461,2905.29
22900,-4.0426,-1.0942,11.88,1459,2905.29
22905,-1.9788,2.3631,8.7197,1491,2905.01
22910,2.132,3.7888,10.3298,1462,2905.01
22915,-0.407,1.1995,12.0584,1451,2905.01
22920,-3.4848,-1.5203,12.2164,1453,2905.01
22925,-2.9485,2.1249,8.91,1469,2905.15
22930,1.9585,3.6919,10.1837,1461,2905.15
22935,0.6752,1.6556,11.8381,1453,2905.15
22940,-2.9293,-1.6472,12.4271,1461,2905.15
22945,-3.8523,1.8244,9.2296,1495,2905.29
22950,1.8064,3.5075,9.8904,1451,2905.29
22955,1.7119,2.2494,11.5221,1464,2905.29
22960,-2.405,-1.4413,12.5899,1471,2905.29
22965,-4.5083,1.4545,9.651,1455,2905.29
22970,1.5179,3.3447,9.6187,1468,2905.57
22975,2.4792,2.7737,11.2348,1459,2905.57
22980,-1.9429,-1.0104,12.6402,1451,2905.57
22985,-4.8949,1.0068,10.1239,1464,2905.57
22990,1.0499,3.1208,9.323,1469,2905.57
22995,2.7593,3.2238,10.9403,1453,2905.57
23000,-1.6855,-0.4956,12.6546,1453,2905.57
23005,-4.9344,0.4154,10.6829,1459,2905.57
23010,0.4441,2.903,9.0309,1467,2905.43
23015,2.6707,3.6308,10.7607,1455,2905.43
23020,-1.6281,0.0395,12.5253,1452,2905.43
23025,-4.7956,-0.1652,11.2587,1455,2905.43
23030,-0.3436,2.6803,8.8418,1471,2905.15
23035,2.3894,3.7996,10.6159,1459,2905.15
23040,-1.4892,0.4908,12.4223,1451,2905.15
23045,-4.4568,-0.7506,11.6322,1456,2905.15
23050,-1.2414,2.5127,8.7053,1483,2905.01
23055,2.2494,3.8942,10.4363,1453,2905.01
23060,-1.0439,0.9313,12.2128,1455,2905.01
23065,-3.9433,-1.2043,11.983,1452,2905.01
23070,-2.2661,2.296,8.7592,1493,2904.73
23075,2.0782,3.8271,10.2208,1459,2904.73
23080,-0.1389,1.3491,11.9973,1453,2904.73
23085,-3.2992,-1.5107,12.2308,1455,2904.73
23090,-3.1963,2.0746,8.9376,1481,2904.02
23095,1.9429,3.6488,10.0975,1459,2904.02
23100,1.0127,1.8292,11.7364,1455,2904.02
23105,-2.6863,-1.6388,12.5013,1455,2904.02
23110,-4.0342,1.7226,9.3529,1480,2905.29
23115,1.7083,3.4225,9.8557,1452,2905.29
23120,1.9788,2.399,11.5137,1459,2905.29
23125,-2.2362,-1.3934,12.5624,1454,2905.29
23130,-4.6531,1.33,9.7564,1462,2905.29
23135,1.3815,3.2717,9.5684,1463,2904.87
23140,2.5474,2.9054,11.2144,1454,2904.87
23145,-1.8196,-0.9278,12.706,1453,2904.87
23150,-4.9165,0.8631,10.2783,1454,2904.87
23155,0.8847,3.1161,9.2464,1465,2904.73
23160,2.739,3.45,10.9307,1453,2904.73
23165,-1.6185,-0.322,12.645,1449,2904.73
23170,-4.8902,0.2418,10.8804,1455,2904.73
23175,0.2406,2.8599,8.9603,1479,2904.73
23180,2.6504,3.7158,10.6841,1453,2904.73
23185,-1.5718,0.1724,12.463,1451,2904.73
23190,-4.6519,-0.3879,11.3114,1452,2904.73
23195,-0.5722,2.6995,8.7688,1464,2904.87
23200,2.3954,3.8618,10.4974,1455,2904.87
23205,-1.342,0.6225,12.2739,1453,2904.87
23210,-4.2605,-0.9541,11.7507,1451,2904.87
23215,-1.5921,2.4792,8.7712,1484,2904.73
23220,2.1296,3.814,10.3944,1454,2904.73
23225,-0.8284,1.0355,12.1218,1451,2904.73
23230,-3.7637,-1.3838,12.038,1454,2904.73
23235,-2.5618,2.2697,8.7951,1487,2905.01
23240,2.0039,3.7781,10.1801,1455,2905.01
23245,0.255,1.5048,11.9602,1452,2905.01
23250,-3.1639,-1.5395,12.3744,1463,2905.01
23255,-3.4979,1.9884,9.1111,1467,2905.15
23260,1.8723,3.571,10.0078,1449,2905.15
23265,1.3647,2.0123,11.6909,1465,2905.15
23270,-2.557,-1.5538,12.463,1452,2905.15
23275,-4.2449,1.6448,9.4619,1451,2905.15
23280,1.6221,3.4022,9.754,1467,2905.15
23285,2.2673,2.5391,11.4371,1455,2905.15
23290,-2.065,-1.2402,12.6091,1451,2905.15
23295,-4.7489,1.1887,9.9108,1465,2905.15
23300,1.2402,3.1999,9.4176,1467,2905.71
23305,2.6624,2.9951,11.084,1459,2905.71
23310,-1.7178,-0.7661,12.6641,1453,2905.71
23315,-4.9632,0.6488,10.4591,1453,2905.71
23320,0.68,3.0347,9.1626,1465,2905.29
23325,2.6995,3.5123,10.8565,1455,2905.29
23330,-1.6568,-0.1772,12.5923,1452,2905.29
23335,-4.9009,0.1065,10.9666,1455,2905.29
23340,-0.0335,2.8431,8.8729,1478,2905.71
23345,2.5642,3.7709,10.6015,1455,2905.71
23350,-1.5921,0.346,12.4139,1451,2905.71
23355,-4.5729,-0.4705,11.5053,1465,2905.71
23360,-0.8954,2.6384,8.7628,1477,2905.85
23365,2.387,3.8846,10.4603,1455,2905.85
23370,-1.2186,0.7338,12.2511,1461,2905.85
23375,-4.13,-1.0714,11.8549,1455,2905.85
23380,-1.8244,2.3631,8.6778,1487,2906.13
23385,2.1476,3.7792,10.3166,1459,2906.13
23390,-0.5243,1.1301,12.056,1452,2906.13
23395,-3.6045,-1.4617,12.1877,1459,2906.13
23400,-2.7833,2.1763,8.855,1465,2906.13
23405,1.9333,3.699,10.1658,1463,2906.13
23410,0.5183,1.6017,11.8417,1455,2906.13
23415,-3.0335,-1.6053,12.3553,1461,2906.13
23420,-3.7278,1.913,9.2033,1494,2906.13
23425,1.7957,3.535,9.9419,1452,2906.13
23430,1.6652,2.1284,11.643,1466,2906.13
23435,-2.4804,-1.488,12.6162,1454,2906.13
23440,-4.379,1.6053,9.5996,1454,2906.13
23445,1.549,3.3519,9.5924,1468,2905.99
23450,2.3966,2.709,11.3784,1459,2905.99
23455,-2.0027,-1.0906,12.6258,1451,2905.99
23460,-4.7896,1.1097,10.082,1463,2905.99
23465,1.1708,3.1591,9.3781,1469,2905.99
23470,2.7378,3.1029,11.0468,1455,2905.99
23475,-1.652,-0.6225,12.6079,1455,2905.99
23480,-4.9452,0.5148,10.5237,1453,2905.99
23485,0.5112,2.9532,9.1063,1471,2905.57
23490,2.6863,3.541,10.8266,1461,2905.57
23495,-1.64,-0.0994,12.542,1455,2905.57
23500,-4.859,-0.085,11.1043,1455,2905.57
23505,-0.2263,2.7797,8.8909,1479,2905.71
23510,2.4253,3.79,10.6159,1459,2905.71
23515,-1.5514,0.4178,12.4618,1451,2905.71
23520,-4.4987,-0.5902,11.5903,1463,2905.71
23525,-1.1277,2.5618,8.6933,1491,2905.85
23530,2.2984,3.9373,10.4256,1455,2905.85
23535,-1.1325,0.8847,12.1973,1460,2905.85
23540,-4.0199,-1.1313,11.9758,1455,2905.85
23545,-2.053,2.3703,8.7592,1490,2906.13
23550,2.1368,3.8259,10.2508,1461,2906.13
23555,-0.3268,1.2749,12.0416,1453,2906.13
23560,-3.4261,-1.4832,12.2475,1459,2906.13
23565,-3.0466,2.1069,8.922,1496,2906.13
23570,1.9872,3.6607,10.143,1459,2906.13
23575,0.8033,1.6927,11.7531,1455,2906.13
23580,-2.8946,-1.6233,12.4199,1461,2906.13
23585,-3.9002,1.7885,9.2296,1493,2906.13
23590,1.7585,3.462,9.9,1455,2906.13
23595,1.7681,2.2398,11.546,1453,2906.13
23600,-2.381,-1.4904,12.572,1453,2906.13
23605,-4.5514,1.4676,9.7085,1463,2906.13
23610,1.4976,3.2884,9.6223,1463,2906.41
23615,2.4804,2.8359,11.2563,1451,2906.41
23620,-1.9944,-1.0331,12.6749,1455,2906.41
23625,-4.871,1.0223,10.2125,1461,2906.41
23630,1.0427,3.1687,9.2967,1465,2906.27
23635,2.7964,3.316,10.9846,1455,2906.27
23640,-1.6652,-0.4788,12.6258,1451,2906.27
23645,-4.9225,0.4298,10.7188,1455,2906.27
23650,0.4393,2.9532,9.0668,1468,2907.4
23655,2.6815,3.5698,10.7045,1452,2907.4
23660,-1.573,0.0718,12.5648,1452,2907.4
23665,-4.786,-0.2155,11.1965,1454,2907.4
23670,-0.3232,2.7246,8.7795,1463,2907.26
23675,2.4553,3.784,10.5656,1455,2907.26
23680,-1.4449,0.4441,12.4367,1450,2907.26
23685,-4.4544,-0.7482,11.7005,1459,2907.26
23690,-1.2761,2.5498,8.7281,1491,2907.26
23695,2.217,3.8894,10.4375,1452,2907.26
23700,-1.0403,0.9349,12.2009,1451,2907.26
23705,-4.0414,-1.2163,12.0033,1459,2907.26
23710,-2.2122,2.3715,8.7915,1489,2907.68
23715,2.0782,3.79,10.2711,1453,2907.68
23720,-0.2083,1.3192,12.0584,1454,2907.68
23725,-3.3806,-1.4772,12.2858,1459,2907.68
23730,-3.1699,2.0985,8.9495,1483,2907.82
23735,1.9644,3.6655,10.0437,1451,2907.82
23740,0.9685,1.7909,11.7926,1478,2907.82
23745,-2.7701,-1.6077,12.4355,1451,2907.82
23750,-3.966,1.7921,9.2751,1469,2907.82
23755,1.7861,3.395,9.906,1452,2907.82
23760,1.9369,2.3104,11.57,1453,2907.82
23765,-2.3152,-1.4593,12.5612,1451,2907.82
23770,-4.6064,1.403,9.6989,1464,2907.82
23775,1.4269,3.2717,9.6031,1462,2907.54
23780,2.5079,2.8371,11.2851,1455,2907.54
23785,-1.9357,-1.0355,12.6689,1455,2907.54
23790,-4.8746,0.9529,10.2376,1455,2907.54
23795,0.9577,3.152,9.2991,1464,2907.54
23800,2.7258,3.3172,10.9511,1455,2907.54
23805,-1.7274,-0.4369,12.6833,1455,2907.54
23810,-4.9823,0.3974,10.7811,1454,2907.54
23821,-15.2475,-29.9981,0.1556,1467,2907.96
23825,-1.6352,0.0958,12.5887,1447,2907.96
23830,-4.7094,-0.1987,11.2336,1459,2907.96
23835,-0.3855,2.7294,8.7939,1481,2908.24
23840,2.5007,3.8032,10.4938,1459,2908.24
23845,-1.4054,0.5315,12.3972,1453,2908.24
23850,-4.3838,-0.8009,11.643,1453,2908.24
23855,-1.312,2.4972,8.7065,1481,2908.39
23860,2.2745,3.8128,10.3681,1455,2908.39
23865,-0.9697,0.8787,12.1685,1453,2908.39
23870,-3.9145,-1.2773,12.0237,1453,2908.39
23875,-2.2996,2.2913,8.7352,1487,2908.53
23880,2.0638,3.7697,10.2639,1455,2908.53
23885,-0.1257,1.3443,11.9938,1453,2908.53
23890,-3.4189,-1.5275,12.2763,1459,2908.53
23895,-3.1867,2.1272,8.9986,1491,2908.67
23900,1.8926,3.7074,10.1167,1454,2908.67
23905,0.9469,1.8387,11.8082,1463,2908.67
23910,-2.7952,-1.5574,12.4965,1449,2908.67
23915,-3.9995,1.8196,9.2871,1471,2908.67
23920,1.7945,3.4584,9.8497,1449,2908.67
23925,2.0255,2.3152,11.5436,1467,2908.67
23930,-2.2505,-1.4066,12.5636,1454,2908.67
23935,-4.5765,1.4102,9.6977,1464,2908.67
23940,1.4641,3.2441,9.5421,1461,2908.53
23945,2.5965,2.8204,11.2671,1453,2908.53
23950,-1.8639,-1.0475,12.5564,1455,2908.53
23955,-4.9045,0.8667,10.1969,1453,2908.53
23960,0.9421,3.0394,9.2727,1465,2908.39
23965,2.7066,3.2717,10.9774,1455,2908.39
23970,-1.6819,-0.4657,12.6414,1449,2908.39
23975,-5.0075,0.3639,10.75,1454,2908.39
23980,0.3496,2.9401,9.0118,1479,2908.53
23985,2.6384,3.6667,10.6901,1455,2908.53
23990,-1.652,0.0874,12.5995,1449,2908.53
23995,-4.7884,-0.1927,11.1905,1449,2908.53
24000,-0.4034,2.7737,8.8035,1483,2908.39
24005,2.5019,3.887,10.5189,1461,2908.39
24010,-1.4198,0.5758,12.3972,1455,2908.39
24015,-4.3155,-0.7075,11.7064,1455,2908.39
24020,-1.2438,2.5654,8.7149,1479,2908.67
24025,2.302,3.8762,10.41,1455,2908.67
24030,-1.0068,0.9266,12.1649,1453,2908.67
24035,-3.8595,-1.2641,11.9866,1455,2908.67
24040,-2.2194,2.2685,8.7508,1491,2908.53
24045,2.0674,3.7242,10.258,1455,2908.53
24050,-0.0658,1.3515,11.983,1453,2908.53
24061,16.9318,-1.0618,16.9318,1466,2908.81
24065,1.8244,3.6152,10.1023,1459,2908.81
24070,0.9218,1.8184,11.7747,1463,2908.81
24075,-2.873,-1.5862,12.5133,1453,2908.81
24080,-4.0294,1.8555,9.3326,1471,2908.67
24085,1.7274,3.5015,9.8533,1453,2908.67
24090,1.9525,2.3559,11.5209,1460,2908.67
24095,-2.3044,-1.3168,12.5875,1431,2908.67
24100,-4.5981,1.4856,9.7683,1465,2908.67
24105,1.5155,3.316,9.5505,1463,2909.09
24110,2.6552,2.8228,11.2516,1455,2909.09
24115,-1.8579,-0.984,12.6809,1453,2909.09
24120,-4.9321,0.9158,10.1718,1461,2909.09
24125,0.9589,3.0849,9.2548,1467,2909.23
24130,2.8156,3.2705,11.0277,1459,2909.23
24135,-1.6472,-0.4513,12.6558,1453,2909.23
24140,-4.9285,0.3424,10.6745,1459,2909.23
24145,0.3412,2.9137,9.0297,1487,2909.37
24150,2.5953,3.5757,10.7488,1459,2909.37
24155,-1.6233,0.0599,12.6186,1450,2909.37
24160,-4.7872,-0.2454,11.2168,1455,2909.37
24165,-0.4429,2.7234,8.8202,1467,2909.37
24170,2.4349,3.8607,10.586,1455,2909.37
24175,-1.4964,0.5555,12.3756,1451,2909.37
24180,-4.47,-0.6895,11.6478,1459,2909.37
24185,-1.2258,2.5654,8.7077,1481,2909.37
24190,2.3272,3.9456,10.4375,1455,2909.37
24195,-1.0259,0.9086,12.2272,1458,2909.37
24200,-3.9337,-1.2067,11.977,1456,2909.37
24205,-2.1895,2.3068,8.7412,1495,2909.37
24210,2.1261,3.7721,10.2855,1455,2909.37
24215,-0.103,1.2402,11.9973,1453,2909.37
24220,-3.3698,-1.5311,12.2631,1461,2909.37
24225,-3.1017,2.0806,8.9016,1492,2909.51
24230,1.9561,3.5889,10.1167,1455,2909.51
24235,0.9158,1.7274,11.8513,1461,2909.51
24240,-2.8706,-1.6484,12.4786,1461,2909.51
24245,-3.9923,1.7957,9.2308,1471,2908.81
24250,1.7609,3.4309,9.8701,1455,2908.81
24255,1.8328,2.3188,11.5436,1461,2908.81
24260,-2.3906,-1.4174,12.6127,1452,2908.81
24265,-4.5861,1.4605,9.7839,1463,2908.81
24270,1.4293,3.3052,9.5936,1455,2909.09
24275,2.5007,2.8335,11.2982,1453,2909.09
24280,-1.9453,-0.9948,12.6809,1453,2909.09
24285,-4.8806,1.0223,10.1957,1459,2909.09
24290,1.063,3.134,9.2955,1467,2908.81
24295,2.8048,3.2465,11.0193,1455,2908.81
24300,-1.664,-0.4441,12.6127,1453,2908.81
24305,-4.9213,0.4393,10.6841,1455,2908.81
24310,0.4381,2.903,8.9627,1470,2908.1
24315,2.6971,3.5602,10.7224,1459,2908.1
24320,-1.5742,0.0359,12.5612,1451,2908.1
24325,-4.7262,-0.2586,11.1893,1459,2908.1
24330,-0.3627,2.6995,8.7843,1479,2907.68
24335,2.4277,3.7757,10.5824,1459,2907.68
24340,-1.5179,0.5016,12.4295,1461,2907.68
24345,-4.4664,-0.7554,11.6346,1453,2907.68
24350,-1.221,2.5379,8.7305,1485,2907.68
24355,2.1943,3.8726,10.4291,1455,2907.68
24360,-1.1169,0.8631,12.2284,1449,2907.68
24365,-4.0055,-1.172,11.9471,1459,2907.68
24370,-2.2182,2.3451,8.7604,1492,2908.1
24375,2.1404,3.8618,10.258,1455,2908.1
24380,-0.1963,1.3408,12.0081,1454,2908.1
24385,-3.4034,-1.4964,12.2835,1462,2908.1
24390,-3.0861,2.1057,8.9124,1486,2908.67
24395,2.0327,3.6428,10.0712,1452,2908.67
24400,0.9649,1.7334,11.7914,1460,2908.67
24405,-2.8419,-1.6221,12.487,1455,2908.67
24410,-3.9385,1.798,9.2775,1469,2908.95
24415,1.7825,3.4441,9.8462,1453,2908.95
24420,1.9142,2.2338,11.5448,1459,2908.95
24425,-2.3463,-1.4736,12.6282,1455,2908.95
24430,-4.5681,1.4353,9.663,1465,2908.95
24435,1.4054,3.2525,9.5936,1465,2908.95
24440,2.5091,2.7797,11.2875,1455,2908.95
24445,-1.9561,-1.0606,12.6953,1463,2908.95
24450,-4.9416,0.9768,10.1921,1460,2908.95
24455,0.9804,3.1244,9.3242,1465,2908.67
24460,2.7174,3.2741,10.9858,1453,2908.67
24465,-1.6831,-0.4669,12.6282,1452,2908.67
24470,-4.9692,0.4561,10.7452,1459,2908.67
24475,0.4489,2.958,9.0812,1479,2908.81
24480,2.7198,3.6176,10.72,1453,2908.81
24485,-1.5862,0.0802,12.5564,1449,2908.81
24490,-4.7501,-0.1556,11.1761,1459,2908.81
24495,-0.3268,2.7701,8.77,1480,2909.23
24500,2.5809,3.7792,10.5536,1456,2909.23
24505,-1.4317,0.4908,12.4211,1447,2909.23
24510,-4.3946,-0.7709,11.6131,1455,2909.23
24515,-1.2175,2.5367,8.752,1485,2909.09
24520,2.2087,3.8104,10.3896,1460,2909.09
24525,-1.0415,0.8571,12.2918,1450,2909.09
24530,-3.9504,-1.2366,11.91,1455,2909.09
24535,-2.1644,2.3499,8.7245,1487,2908.81
24540,2.0554,3.8439,10.3034,1453,2908.81
24545,-0.2286,1.306,12.0345,1453,2908.81
24550,-3.5003,-1.4844,12.2942,1459,2908.81
24555,-3.0885,2.0973,8.9268,1490,2908.81
24560,1.9836,3.6787,10.0868,1453,2908.81
24565,0.8631,1.7454,11.7855,1461,2908.81
24570,-2.8287,-1.5287,12.4391,1451,2908.81
24575,-3.9193,1.8507,9.2344,1467,2908.81
24580,1.7897,3.4848,9.8892,1451,2908.81
24585,1.883,2.2458,11.5951,1455,2908.81
24590,-2.3451,-1.4413,12.5708,1453,2908.81
24595,-4.5167,1.409,9.6295,1460,2908.81
24600,1.5215,3.2286,9.5816,1463,2908.81
24605,2.5618,2.7473,11.2276,1453,2908.81
24610,-1.9345,-1.0834,12.6139,1451,2908.81
24615,-4.9069,0.9613,10.1107,1455,2908.81
24620,1.0139,3.1065,9.3518,1463,2908.81
24625,2.6899,3.2705,11.0456,1453,2908.81
24630,-1.7107,-0.5148,12.6462,1449,2908.81
24635,-5.023,0.4357,10.6949,1455,2908.81
24640,0.4322,2.9269,9.0656,1477,2908.53
24645,2.6743,3.5817,10.7691,1453,2908.53
24650,-1.6424,0.0599,12.5504,1447,2908.53
24655,-4.8219,-0.1113,11.242,1455,2908.53
24660,-0.255,2.8216,8.8346,1481,2908.67
24665,2.5235,3.8403,10.5441,1455,2908.67
24670,-1.4557,0.4992,12.3433,1447,2908.67
24675,-4.4269,-0.65,11.5389,1452,2908.67
24680,-1.1732,2.5618,8.7185,1483,2908.95
24685,2.3403,3.869,10.4136,1454,2908.95
24690,-1.0211,0.8847,12.1853,1449,2908.95
24695,-3.966,-1.1684,12.0201,1453,2908.95
24700,-2.1404,2.3415,8.7484,1490,2908.95
24705,2.1093,3.808,10.307,1453,2908.95
24710,-0.2526,1.2653,12.0668,1451,2908.95
24715,-3.5111,-1.5299,12.2571,1455,2908.95
24720,-3.0742,2.0578,8.8358,1471,2908.53
24725,1.913,3.6452,10.161,1451,2908.53
24730,0.7721,1.7274,11.8238,1461,2908.53
24735,-3.0071,-1.5921,12.5109,1449,2908.53
24740,-3.9085,1.8579,9.2356,1465,2909.51
24745,1.7717,3.5099,9.8438,1455,2909.51
24750,1.8459,2.2865,11.5365,1451,2909.51
24755,-2.387,-1.403,12.6306,1451,2909.51
24760,-4.5083,1.488,9.6917,1463,2909.51
24765,1.5048,3.316,9.5912,1463,2908.95
24770,2.5295,2.7569,11.2899,1453,2908.95
24775,-1.9453,-1.0475,12.6689,1451,2908.95
24780,-4.8351,0.9768,10.1335,1451,2908.95
24785,1.0594,3.1196,9.2799,1463,2908.53
24790,2.7725,3.231,10.9583,1453,2908.53
24795,-1.6747,-0.5387,12.6665,1449,2908.53
24800,-4.962,0.3819,10.6686,1455,2908.53
24805,0.4345,2.9269,9.0776,1478,2908.53
24810,2.654,3.5674,10.7739,1455,2908.53
24815,-1.6305,0.0299,12.6031,1451,2908.53
24820,-4.8291,-0.1425,11.1211,1455,2908.53
24825,-0.2765,2.7988,8.9004,1480,2908.67
24830,2.4876,3.8403,10.5632,1459,2908.67
24835,-1.4796,0.4932,12.4475,1453,2908.67
24840,-4.5035,-0.6428,11.6298,1452,2908.67
24845,-1.1744,2.5402,8.746,1486,2908.67
24850,2.3272,3.8966,10.4208,1455,2908.67
24855,-1.0774,0.8559,12.1661,1449,2908.67
24860,-3.9911,-1.1696,11.9698,1453,2908.67
24865,-2.1177,2.3511,8.7233,1487,2908.53
24870,2.1512,3.8295,10.3046,1451,2908.53
24875,-0.2574,1.2797,12.0428,1449,2908.53
24880,-3.4201,-1.5323,12.2128,1459,2908.53
24885,-3.0406,2.053,8.8837,1467,2908.53
24890,1.9896,3.6428,10.1478,1451,2908.53
24895,0.8356,1.7214,11.8585,1464,2908.53
24900,-2.9425,-1.6448,12.5217,1449,2908.53
24905,-3.9109,1.8387,9.2751,1453,2908.53
24910,1.7178,3.468,9.8988,1452,2908.53
24915,1.7813,2.2924,11.582,1453,2908.53
24920,-2.4397,-1.4688,12.5851,1455,2908.53
24925,-4.5586,1.476,9.6642,1467,2908.53
24930,1.4784,3.3052,9.6283,1463,2908.24
24935,2.4636,2.824,11.2839,1459,2908.24
24940,-2.0123,-1.0044,12.6809,1453,2908.24
24945,-4.8662,1.0906,10.24,1452,2908.24
24950,1.0594,3.1496,9.3146,1463,2908.24
24955,2.7438,3.2465,10.987,1458,2908.24
24960,-1.7035,-0.51,12.6426,1448,2908.24
24965,-4.9285,0.419,10.6542,1455,2908.24
24970,0.4764,2.9233,9.019,1471,2907.68
24975,2.6767,3.5303,10.7847,1451,2907.68
24980,-1.6233,0.0551,12.5684,1449,2907.68
24985,-4.7681,-0.2215,11.1259,1455,2907.68
24990,-0.3029,2.7641,8.8406,1465,2907.54
24995,2.4397,3.7792,10.5141,1451,2907.54
25000,-1.5191,0.4262,12.4163,1455,2907.54
25005,-4.47,-0.8128,11.5496,1452,2907.54
25010,-1.2079,2.5654,8.7245,1483,2907.4
25015,2.2637,3.9121,10.4986,1459,2907.4
25020,-1.0858,0.8823,12.2152,1449,2907.4
25025,-4.0139,-1.1744,12.0117,1453,2907.4
25030,-2.1632,2.3439,8.7197,1494,2907.68
25035,2.1308,3.881,10.2747,1455,2907.68
25040,-0.243,1.318,12.0117,1453,2907.68
25045,-3.4153,-1.4856,12.2858,1463,2907.68
25050,-3.1101,2.1105,8.9148,1479,2908.24
25055,1.962,3.699,10.1011,1449,2908.24
25060,0.9301,1.7154,11.7555,1463,2908.24
25065,-2.8299,-1.6388,12.4654,1449,2908.24
25070,-3.9049,1.8172,9.2464,1453,2908.24
25075,1.7394,3.4776,9.8342,1463,2908.24
25080,1.9034,2.2218,11.5508,1459,2908.24
25085,-2.393,-1.5048,12.6414,1451,2908.24
25090,-4.5825,1.409,9.6175,1464,2908.24
25095,1.4664,3.2609,9.566,1463,2908.39
25100,2.472,2.7713,11.3222,1454,2908.39
25105,-1.9441,-1.0582,12.6641,1455,2908.39
25110,-4.9045,1.0032,10.1394,1449,2908.39
25115,1.0367,3.1352,9.3027,1463,2908.39
25120,2.7605,3.2597,11.0181,1453,2908.39
25125,-1.6987,-0.5148,12.7072,1455,2908.39
25130,-4.9584,0.4752,10.732,1455,2908.39
25135,0.3998,2.9712,9.0166,1477,2908.39
25140,2.7174,3.5985,10.7164,1454,2908.39
25145,-1.585,0.0299,12.5708,1451,2908.39
25150,-4.7178,-0.17,11.1737,1463,2908.39
25155,-0.2873,2.7605,8.7963,1467,2908.67
25160,2.5211,3.7816,10.5764,1451,2908.67
25165,-1.4317,0.4848,12.487,1455,2908.67
25170,-4.458,-0.7518,11.5831,1453,2908.67
25175,-1.1803,2.5343,8.7125,1485,2909.09
25180,2.296,3.8355,10.416,1459,2909.09
25185,-1.0343,0.911,12.214,1451,2909.09
25190,-3.9875,-1.2222,11.9878,1453,2909.09
25195,-2.1296,2.3463,8.7029,1493,2908.95
25200,2.0794,3.8008,10.2855,1460,2908.95
25205,-0.2717,1.2941,12.0488,1453,2908.95
25210,-3.4668,-1.549,12.2368,1461,2908.95
25215,-3.0562,2.1225,8.8861,1467,2908.81
25220,1.9932,3.6739,10.1215,1449,2908.81
25225,0.8511,1.7573,11.8142,1465,2908.81
25230,-2.8695,-1.5574,12.5109,1449,2908.81
25235,-3.8822,1.8771,9.2249,1453,2908.81
25240,1.81,3.4752,9.8509,1465,2909.09
25245,1.8747,2.2194,11.5472,1455,2909.09
25250,-2.3104,-1.4676,12.5684,1451,2909.09
25255,-4.525,1.4305,9.6199,1463,2909.09
25260,1.4964,3.2417,9.5577,1465,2909.23
25265,2.5175,2.7533,11.321,1451,2909.23
25270,-1.8579,-1.081,12.627,1453,2909.23
25275,-4.8902,1.0199,10.1634,1449,2909.23
25280,0.9984,3.1053,9.3374,1461,2908.81
25285,2.7318,3.2106,11.0145,1453,2908.81
25290,-1.6915,-0.5483,12.5995,1454,2908.81
25295,-4.9632,0.4537,10.6458,1453,2908.81
25300,0.4322,2.9509,9.0465,1471,2908.95
25305,2.66,3.6188,10.7787,1451,2908.95
25310,-1.6137,0.0168,12.5624,1449,2908.95
25315,-4.8339,-0.0419,11.1833,1459,2908.95
25320,-0.2885,2.7928,8.8119,1465,2908.95
25325,2.5391,3.8068,10.5668,1453,2908.95
25330,-1.5024,0.4525,12.4199,1459,2908.95
25335,-4.4592,-0.6165,11.5951,1455,2908.95
25340,-1.1576,2.624,8.7305,1483,2909.51
25345,2.3152,3.869,10.4184,1455,2909.51
25350,-0.9972,0.9074,12.2404,1452,2909.51
25355,-3.9875,-1.1923,11.9758,1452,2909.51
25360,-2.0734,2.3248,8.6479,1483,2909.37
25365,2.1308,3.7804,10.2268,1458,2909.37
25370,-0.2921,1.2701,12.0333,1453,2909.37
25375,-3.4895,-1.5012,12.2356,1464,2909.37
25380,-3.0634,2.1069,8.8837,1467,2908.95
25385,1.8986,3.6571,10.0796,1451,2908.95
25390,0.7901,1.7406,11.8118,1465,2908.95
25395,-2.9592,-1.6077,12.4008,1449,2908.95
25400,-3.8666,1.8184,9.1782,1454,2908.95
25405,1.7992,3.4967,9.9515,1468,2909.66
25410,1.7705,2.2589,11.5796,1456,2909.66
25415,-2.4026,-1.4138,12.6402,1449,2909.66
25420,-4.4819,1.482,9.6079,1467,2909.66
25425,1.5071,3.304,9.6271,1465,2909.23
25430,2.5007,2.7689,11.2659,1452,2909.23
25435,-1.9345,-0.99,12.6725,1451,2909.23
25440,-4.8518,1.0475,10.1047,1452,2909.23
25445,1.1001,3.1292,9.3182,1463,2909.23
25450,2.7904,3.1795,11.0672,1451,2909.23
25455,-1.6604,-0.5578,12.6294,1453,2909.23
25460,-4.9644,0.4537,10.5381,1454,2909.23
25465,0.504,2.9173,9.0273,1477,2909.51
25470,2.6923,3.4919,10.7548,1453,2909.51
25475,-1.6041,0.0192,12.5205,1448,2909.51
25480,-4.9081,-0.1209,11.1019,1459,2909.51
25485,-0.2454,2.7845,8.8573,1481,2908.95
25490,2.4672,3.7685,10.586,1453,2908.95
25495,-1.5071,0.4681,12.4606,1455,2908.95
25500,-4.5777,-0.6488,11.5736,1455,2908.95
25505,-1.1133,2.5833,8.752,1483,2910.08
25510,2.3571,3.9133,10.4387,1461,2910.08
25515,-1.1121,0.8894,12.3038,1450,2910.08
25520,-4.0534,-1.0942,11.9818,1452,2910.08
25525,-2.0291,2.3894,8.7616,1493,2909.37
25530,2.1739,3.8188,10.2592,1455,2909.37
25535,-0.3256,1.2318,12.0524,1451,2909.37
25540,-3.5015,-1.4784,12.214,1463,2909.37
25545,-3.0023,2.1129,8.8526,1469,2909.37
25550,2.0423,3.6476,10.0844,1453,2909.37
25555,0.7649,1.6676,11.8214,1461,2909.37
25560,-2.9796,-1.658,12.4427,1451,2909.37
25565,-3.8247,1.8411,9.2296,1453,2909.37
25570,1.7945,3.4357,9.8869,1460,2909.37
25575,1.6999,2.1823,11.6023,1465,2909.37
25580,-2.4995,-1.4856,12.5552,1449,2909.37
25585,-4.476,1.4964,9.6355,1467,2909.37
25590,1.5311,3.3351,9.6905,1459,2909.23
25595,2.4122,2.7857,11.4156,1451,2909.23
25600,-2.0602,-1.0594,12.6522,1452,2909.23
25605,-4.8423,1.1121,10.0784,1452,2909.23
25610,1.1408,3.14,9.3458,1465,2909.09
25615,2.7402,3.207,11.0301,1453,2909.09
25620,-1.7322,-0.5578,12.6965,1450,2909.09
25625,-4.9608,0.5734,10.6147,1453,2909.09
25630,0.595,2.9544,9.0453,1471,2909.23
25635,2.7593,3.5255,10.7907,1453,2909.23
25640,-1.5694,-0.0682,12.5863,1447,2909.23
25645,-4.8518,-0.0862,11.1019,1459,2909.23
25650,-0.1796,2.7689,8.8011,1481,2909.66
25655,2.5654,3.7026,10.5955,1455,2909.66
25660,-1.4736,0.3926,12.4941,1453,2909.66
25665,-4.6304,-0.6536,11.5077,1453,2909.66
25670,-1.0702,2.5953,8.6921,1481,2909.66
25675,2.3415,3.8786,10.4016,1459,2909.66
25680,-1.1971,0.8691,12.2882,1450,2909.66
25685,-4.1922,-1.0774,11.892,1455,2909.66
25690,-1.9537,2.3966,8.7496,1487,2909.51
25695,2.1656,3.8882,10.3501,1455,2909.51
25700,-0.4357,1.2594,12.0632,1447,2909.51
25705,-3.6105,-1.4042,12.2152,1461,2909.51
25710,-2.8718,2.1847,8.7999,1481,2908.53
25715,2.0351,3.7601,10.1538,1451,2908.53
25720,0.6476,1.6209,11.8154,1463,2908.53
25725,-2.9916,-1.6137,12.4714,1451,2908.53
25730,-3.735,1.8531,9.1722,1456,2908.53
25735,1.8699,3.5039,9.9252,1464,2908.53
25740,1.6783,2.1045,11.5796,1455,2908.53
25745,-2.466,-1.5419,12.572,1449,2908.53
25750,-4.4436,1.5083,9.5373,1467,2908.53
25755,1.5323,3.2968,9.6534,1460,2907.96
25760,2.387,2.7031,11.3509,1451,2907.96
25765,-2.053,-1.1959,12.6677,1455,2907.96
25770,-4.8854,1.1049,10.0449,1453,2907.96
25775,1.1253,3.1591,9.3697,1461,2907.96
25780,2.6959,3.1807,11.0373,1455,2907.96
25785,-1.7753,-0.6261,12.6761,1453,2907.96
25790,-5.0218,0.6033,10.5908,1451,2907.96
25795,0.6249,3.0358,9.08,1471,2907.82
25800,2.7198,3.5698,10.7871,1450,2907.82
25805,-1.6628,-0.0419,12.6689,1451,2907.82
25810,-4.7956,-0.0048,11.0588,1459,2907.82
25815,-0.1748,2.8287,8.8059,1461,2907.4
25820,2.5905,3.7721,10.5608,1452,2907.4
25825,-1.4617,0.4118,12.4846,1459,2907.4
25830,-4.5274,-0.65,11.4395,1455,2907.4
25835,-1.0163,2.5953,8.7448,1485,2908.39
25840,2.3128,3.8199,10.4878,1459,2908.39
25845,-1.1456,0.7614,12.3146,1451,2908.39
25850,-4.0642,-1.1384,11.8513,1453,2908.39
25855,-1.9872,2.3248,8.7281,1487,2907.54
25860,2.0925,3.8092,10.3418,1455,2907.54
25865,-0.4034,1.2342,12.0871,1450,2907.54
25870,-3.6296,-1.4664,12.2044,1463,2907.54
25875,-2.982,2.1572,8.9064,1483,2908.39
25880,1.998,3.7338,10.1478,1451,2908.39
25885,0.6548,1.6843,11.8705,1465,2908.39
25890,-2.9353,-1.5826,12.4343,1453,2908.39
25895,-3.7888,1.883,9.0992,1455,2908.39
25900,1.8591,3.5135,9.9467,1464,2907.68
25905,1.7597,2.1464,11.5867,1461,2907.68
25910,-2.3978,-1.4281,12.56,1451,2907.68
25915,-4.4544,1.5239,9.6043,1465,2907.68
25920,1.5897,3.3028,9.6295,1463,2907.68
25925,2.5055,2.6109,11.2791,1451,2907.68
25930,-1.9465,-1.1636,12.6258,1455,2907.68
25935,-4.883,1.0439,10.0664,1453,2907.68
25940,1.1001,3.1173,9.3518,1465,2907.68
25945,2.721,3.1843,11.0983,1463,2907.68
25950,-1.7262,-0.5914,12.6258,1453,2907.68
25955,-5.0123,0.5375,10.6207,1452,2907.68
25960,0.5483,2.964,9.0848,1471,2907.68
25965,2.6504,3.6081,10.8074,1453,2907.68
25970,-1.6759,-0.0263,12.5552,1449,2907.68
25975,-4.8147,0.0,11.151,1461,2907.68
25980,-0.1688,2.7928,8.8741,1491,2907.4
25985,2.5127,3.8391,10.5943,1451,2907.4
25990,-1.5083,0.4932,12.3924,1459,2907.4
25995,-4.4532,-0.6153,11.5592,1455,2907.4
26000,-1.0415,2.6312,8.7424,1483,2907.26
26005,2.3619,3.8666,10.4244,1461,2907.26
26010,-1.0989,0.808,12.2188,1451,2907.26
26015,-3.9492,-1.1372,11.9351,1435,2907.26
26020,-2.0231,2.326,8.7161,1487,2907.12
26025,2.1009,3.7601,10.2939,1459,2907.12
26030,-0.2945,1.1995,12.0428,1449,2907.12
26035,-3.5075,-1.5227,12.2451,1462,2907.12
26040,-3.0191,2.1093,8.8849,1493,2906.84
26045,1.9309,3.6248,10.1646,1448,2906.84
26050,0.7302,1.6843,11.8298,1464,2906.84
26055,-2.9521,-1.573,12.4546,1452,2906.84
26060,-3.8547,1.8663,9.1997,1449,2906.84
26065,1.7549,3.486,9.9599,1469,2906.7
26070,1.7526,2.2589,11.5245,1459,2906.7
26075,-2.4146,-1.4174,12.6641,1449,2906.7
26080,-4.4867,1.5239,9.5984,1464,2906.7
26085,1.482,3.316,9.6678,1467,2907.12
26090,2.5007,2.7509,11.2551,1452,2907.12
26095,-1.8663,-1.0355,12.6689,1453,2907.12
26100,-4.8662,0.9708,10.1071,1455,2907.12
26105,1.0475,3.1077,9.329,1467,2906.98
26110,2.8216,3.1939,10.9918,1460,2906.98
26115,-1.6604,-0.5267,12.5815,1454,2906.98
26120,-4.9428,0.4082,10.6422,1455,2906.98
26125,0.3974,2.9341,9.0944,1477,2907.12
26130,2.6516,3.5757,10.7823,1455,2907.12
26135,-1.5945,0.0096,12.6282,1449,2907.12
26140,-4.8339,-0.1808,11.1881,1463,2907.12
26145,-0.346,2.6995,8.8765,1489,2907.26
26150,2.4433,3.796,10.5572,1455,2907.26
26155,-1.5299,0.5351,12.4068,1453,2907.26
26160,-4.4796,-0.6812,11.6274,1453,2907.26
26165,-1.1971,2.5965,8.7891,1484,2907.4
26170,2.2913,3.9468,10.4339,1463,2907.4
26175,-1.069,0.9517,12.2308,1451,2907.4
26180,-3.9612,-1.1708,11.9602,1453,2907.4
26185,-2.1668,2.3739,8.7496,1485,2907.4
26190,2.1727,3.7876,10.2352,1461,2907.4
26195,-0.0958,1.2869,12.0093,1451,2907.4
26200,-3.3615,-1.5502,12.2846,1463,2907.4
26205,-3.1316,2.0698,8.922,1479,2907.12
26210,1.9333,3.6176,10.1335,1451,2907.12
26215,0.9062,1.7083,11.7974,1460,2907.12
26220,-2.8347,-1.6652,12.5037,1455,2907.12
26225,-3.9696,1.7478,9.2512,1455,2907.12
26230,1.6999,3.4297,9.839,1468,2907.82
26235,1.8519,2.2936,11.5568,1455,2907.82
26240,-2.4122,-1.4246,12.6569,1451,2907.82
26245,-4.6088,1.482,9.7133,1461,2907.82
26250,1.421,3.298,9.5313,1467,2907.68
26255,2.4972,2.8527,11.3054,1452,2907.68
26260,-1.9561,-0.9744,12.6234,1450,2907.68
26265,-4.9021,0.9876,10.1801,1451,2907.68
26270,0.9972,3.1137,9.2787,1463,2907.68
26275,2.7833,3.3076,11.0349,1455,2907.68
26280,-1.6532,-0.4645,12.5983,1453,2907.68
26285,-4.9201,0.3998,10.7081,1455,2907.68
26290,0.3819,2.8958,9.0142,1471,2907.82
26295,2.6815,3.5925,10.7655,1453,2907.82
26300,-1.5,0.0299,12.5289,1451,2907.82
26305,-4.7908,-0.2777,11.1821,1461,2907.82
26310,-0.4226,2.7078,8.8262,1487,2907.82
26315,2.472,3.7972,10.5584,1453,2907.82
26320,-1.4234,0.5423,12.4666,1461,2907.82
26325,-4.4975,-0.7769,11.6466,1455,2907.82
26330,-1.2665,2.5714,8.7484,1481,2907.82
26335,2.2374,3.9157,10.3789,1460,2907.82
26340,-1.0379,0.9685,12.2188,1451,2907.82
26345,-4.0127,-1.2043,11.983,1451,2907.82
26350,-2.2434,2.381,8.7556,1481,2907.68
26355,2.0853,3.8355,10.2604,1455,2907.68
26360,-0.1065,1.342,11.9914,1461,2907.68
26365,-3.3579,-1.5191,12.3074,1461,2907.68
26370,-3.152,2.0806,8.9136,1489,2907.96
26375,1.986,3.6512,10.064,1449,2907.96
26380,1.0475,1.7741,11.7531,1465,2907.96
26385,-2.7665,-1.6281,12.5157,1453,2907.96
26390,-3.9828,1.7394,9.2883,1453,2907.96
26395,1.7394,3.4165,9.8509,1463,2908.24
26400,1.9597,2.2972,11.4634,1455,2908.24
26405,-2.3595,-1.4174,12.6318,1449,2908.24
26410,-4.6316,1.3815,9.6702,1463,2908.24
26415,1.3934,3.2082,9.5241,1466,2908.67
26420,2.5031,2.8371,11.2539,1449,2908.67
26425,-1.9597,-0.9876,12.6941,1453,2908.67
26430,-4.9524,0.9421,10.1538,1455,2908.67
26435,0.9888,3.1268,9.2512,1469,2909.37
26440,2.739,3.3399,11.0014,1461,2909.37
26445,-1.7382,-0.4693,12.6641,1453,2909.37
26450,-4.9512,0.4561,10.7248,1455,2909.37
26455,0.3723,2.9329,8.9962,1468,2909.66
26460,2.7138,3.6009,10.7643,1453,2909.66
26465,-1.5766,0.0479,12.572,1451,2909.66
26470,-4.7417,-0.1628,11.157,1459,2909.66
26475,-0.334,2.715,8.7975,1485,2909.8
26480,2.5331,3.7326,10.5261,1451,2909.8
26485,-1.3874,0.492,12.4522,1455,2909.8
26490,-4.4424,-0.826,11.6514,1459,2909.8
26495,-1.2665,2.5235,8.7185,1480,2909.8
26500,2.2553,3.8666,10.4088,1461,2909.8
26505,-1.002,0.9361,12.2392,1451,2909.8
26510,-4.0031,-1.2426,11.9495,1455,2909.8
26515,-2.2314,2.3559,8.7388,1491,2909.8
26520,1.8842,3.6033,10.0114,1459,2909.8
26525,1.5574,2.1392,11.6945,1453,2909.8
26530,-2.5462,-1.4174,12.5492,1463,2909.8
26535,-4.3275,1.5993,9.4379,1485,2910.5
26540,1.6364,3.3591,9.6798,1455,2910.5
26545,2.3774,2.5319,11.3401,1461,2910.5
26550,-2.0554,-1.1995,12.6749,1459,2910.5
26555,-4.7944,1.1468,9.9467,1452,2910.5
26560,1.221,3.1639,9.3996,1467,2910.22
26565,2.7306,3.0047,11.1354,1453,2910.22
26570,-1.6975,-0.7171,12.6426,1453,2910.22
26575,-5.0063,0.6488,10.4543,1463,2910.22
26580,0.7099,2.9712,9.1111,1463,2909.8
26585,2.6971,3.4536,10.8445,1453,2909.8
26590,-1.6424,-0.1724,12.5803,1452,2909.8
26595,-5.0123,0.0946,11.0409,1447,2909.8
26600,0.018,2.824,8.8957,1467,2909.94
26605,2.5666,3.7757,10.7129,1461,2909.94
26610,-1.585,0.3017,12.4834,1453,2909.94
26615,-4.61,-0.4166,11.4407,1455,2909.94
26620,-0.7614,2.6635,8.7269,1471,2909.8
26625,2.4505,3.9301,10.4591,1453,2909.8
26630,-1.2821,0.7219,12.3361,1448,2909.8
26635,-4.1851,-0.9565,11.8621,1463,2909.8
26640,-1.664,2.4313,8.6969,1484,2909.8
26645,2.2482,3.8618,10.3011,1449,2909.8
26650,-0.6764,1.1097,12.1206,1459,2909.8
26655,-3.6847,-1.4078,12.1003,1449,2909.8
26660,-2.6492,2.1907,8.7879,1486,2910.64
26665,2.0399,3.7158,10.1825,1463,2910.64
26670,0.3364,1.5347,11.9471,1451,2910.64
26675,-3.2058,-1.6412,12.4056,1455,2910.64
26680,-3.5781,1.9884,9.0058,1491,2910.64
26685,1.8711,3.5805,9.9659,1455,2910.64
26690,1.3491,2.0004,11.7268,1453,2910.64
26695,-2.7258,-1.5395,12.5624,1459,2910.64
26700,-4.2892,1.6879,9.4655,1469,2909.8
26705,1.6771,3.3806,9.7576,1449,2909.8
26710,2.1799,2.5379,11.4108,1463,2909.8
26715,-2.2003,-1.2342,12.6629,1453,2909.8
26720,-4.7549,1.2773,9.8462,1451,2909.8
26725,1.336,3.2166,9.4475,1467,2910.36
26730,2.721,3.0418,11.1701,1455,2910.36
26735,-1.8148,-0.7757,12.736,1448,2910.36
26740,-4.9524,0.741,10.4375,1465,2910.36
26745,0.8188,3.0203,9.1387,1465,2909.66
26750,2.7593,3.371,10.8948,1455,2909.66
26755,-1.585,-0.2646,12.6162,1453,2909.66
26760,-4.9117,0.1353,10.8972,1455,2909.66
26765,0.1496,2.8156,8.9184,1465,2909.23
26770,2.5762,3.7002,10.7057,1467,2909.23
26775,-1.5933,0.2263,12.5552,1450,2909.23
26780,-4.6986,-0.413,11.3784,1455,2909.23
26785,-0.6883,2.6528,8.7736,1471,2909.09
26790,2.4002,3.869,10.5608,1453,2909.09
26795,-1.3683,0.662,12.3732,1451,2909.09
26800,-4.3048,-0.917,11.7579,1461,2909.09
26805,-1.5826,2.4816,8.6993,1481,2908.95
26810,2.2697,3.9349,10.3094,1455,2908.95
26815,-0.7494,1.1025,12.2104,1459,2908.95
26820,-3.7804,-1.3096,12.1302,1455,2908.95
26825,-2.5498,2.2494,8.7915,1487,2909.23
26830,2.0542,3.8152,10.1706,1461,2909.23
26835,0.2239,1.4593,11.9195,1449,2909.23
26840,-3.1963,-1.5897,12.3277,1453,2909.23
26845,-3.4285,2.0087,9.0357,1483,2909.37
26850,1.907,3.547,9.979,1455,2909.37
26855,1.2749,1.9561,11.7771,1453,2909.37
26860,-2.6659,-1.5933,12.5348,1459,2909.37
26865,-4.2018,1.6448,9.3805,1486,2908.81
26870,1.719,3.389,9.7731,1446,2908.81
26875,2.1404,2.4708,11.4491,1463,2908.81
26880,-2.223,-1.306,12.621,1455,2908.81
26885,-4.7202,1.2713,9.8761,1455,2908.81
26890,1.3132,3.2573,9.4918,1466,2908.81
26895,2.6181,3.0323,11.1642,1453,2908.81
26900,-1.8471,-0.8128,12.639,1451,2908.81
26905,-4.9883,0.7997,10.3286,1464,2908.81
26910,0.8595,3.0538,9.2201,1465,2908.39
26915,2.7773,3.3998,10.902,1451,2908.39
26920,-1.6652,-0.2861,12.6174,1454,2908.39
26925,-4.9021,0.1808,10.8709,1455,2908.39
26930,0.2011,2.8383,8.8849,1463,2908.24
26935,2.6145,3.711,10.6279,1460,2908.24
26940,-1.5598,0.1844,12.5217,1452,2908.24
26945,-4.6352,-0.4238,11.3413,1459,2908.24
26950,-0.6357,2.6372,8.7915,1471,2908.1
26955,2.3631,3.8702,10.5165,1455,2908.1
26960,-1.3515,0.6213,12.3613,1451,2908.1
26965,-4.3263,-0.9661,11.7543,1464,2908.1
26970,-1.5203,2.4612,8.6742,1485,2908.53
26975,2.1715,3.9002,10.3908,1451,2908.53
26980,-0.7901,1.0678,12.1218,1459,2908.53
26985,-3.7721,-1.324,12.0907,1455,2908.53
26990,-2.5367,2.2781,8.7783,1477,2908.39
26995,2.0291,3.7781,10.2053,1459,2908.39
27000,0.2358,1.4581,11.9171,1452,2908.39
27005,-3.2346,-1.5455,12.3517,1453,2908.39
27010,-3.3926,2.0051,9.0633,1485,2908.53
27015,1.9369,3.6212,10.0245,1455,2908.53
27020,1.2977,1.8986,11.6693,1451,2908.53
27025,-2.636,-1.5646,12.56,1461,2908.53
27030,-4.2126,1.6544,9.3589,1477,2908.67
27035,1.6723,3.389,9.7791,1451,2908.67
27040,2.1476,2.4253,11.3988,1463,2908.67
27045,-2.15,-1.3072,12.6737,1455,2908.67
27050,-4.7549,1.2091,9.8605,1454,2908.67
27055,1.3443,3.207,9.5062,1465,2909.51
27060,2.6169,2.9425,11.151,1455,2909.51
27065,-1.8806,-0.8775,12.7443,1449,2909.51
27070,-5.0039,0.8045,10.319,1463,2909.51
27075,0.8499,3.0287,9.1877,1465,2910.36
27080,2.7222,3.3543,10.8948,1451,2910.36
27085,-1.6783,-0.3089,12.6689,1455,2910.36
27090,-4.9273,0.2777,10.8266,1453,2910.36
27095,0.2394,2.9018,8.8849,1463,2910.22
27100,2.6659,3.723,10.6554,1459,2910.22
27105,-1.5838,0.1903,12.5528,1455,2910.22
27110,-4.6843,-0.3448,11.327,1455,2910.22
27115,-0.5447,2.66,8.661,1470,2909.94
27120,2.4995,3.8499,10.4615,1455,2909.94
27125,-1.324,0.6189,12.3182,1449,2909.94
27130,-4.3144,-0.8799,11.7112,1461,2909.94
27135,-1.4449,2.496,8.679,1484,2909.66
27140,2.2613,3.8523,10.4088,1453,2909.66
27145,-0.8679,0.9984,12.1841,1455,2909.66
27150,-3.8391,-1.3144,12.038,1455,2909.66
27155,-2.4541,2.2505,8.7568,1483,2909.23
27160,2.0087,3.735,10.2268,1463,2909.23
27165,0.1077,1.4222,11.995,1453,2909.23
27170,-3.3375,-1.555,12.3373,1453,2909.23
27175,-3.3315,2.0626,9.0549,1483,2909.51
27180,1.8962,3.6093,10.0293,1459,2909.51
27185,1.1815,1.9094,11.7376,1453,2909.51
27190,-2.7282,-1.5826,12.4343,1463,2909.51
27195,-4.1731,1.7346,9.3865,1491,2910.22
27200,1.7238,3.4093,9.7731,1453,2910.22
27205,2.1332,2.393,11.4287,1461,2910.22
27210,-2.2182,-1.3252,12.6522,1456,2910.22
27215,-4.6974,1.3156,9.7707,1453,2910.22
27220,1.3803,3.2274,9.4667,1465,2910.36
27225,2.6228,2.8826,11.1773,1455,2910.36
27230,-1.8184,-0.9038,12.6462,1448,2910.36
27235,-4.9309,0.8643,10.2795,1465,2910.36
27240,0.9278,3.0478,9.2129,1468,2910.64
27245,2.7653,3.3076,10.9439,1453,2910.64
27250,-1.6759,-0.413,12.6462,1453,2910.64
27255,-4.9512,0.3436,10.7583,1455,2910.64
27260,0.3005,2.8802,8.9699,1459,2910.5
27265,2.6528,3.6931,10.7069,1455,2910.5
27270,-1.5945,0.1365,12.5181,1453,2910.5
27275,-4.8088,-0.1867,11.2803,1459,2910.5
27280,-0.4824,2.739,8.7843,1467,2910.22
27285,2.4588,3.8283,10.5512,1462,2910.22
27290,-1.4353,0.5555,12.3948,1447,2910.22
27295,-4.3742,-0.7661,11.6753,1461,2910.22
27300,-1.3431,2.5379,8.6191,1487,2909.66
27305,2.2745,3.893,10.4088,1452,2909.66
27310,-0.9146,0.9493,12.1482,1459,2909.66
27315,-3.8966,-1.2474,12.0093,1451,2909.66
27320,-2.2793,2.2901,8.7041,1484,2909.37
27325,2.1117,3.7338,10.2663,1464,2909.37
27330,-0.1065,1.3503,11.9902,1454,2909.37
27335,-3.3818,-1.5479,12.2344,1451,2909.37
27340,-3.2262,2.059,8.9064,1469,2909.09
27345,1.9154,3.5937,10.0868,1461,2909.09
27350,0.9613,1.7897,11.7902,1453,2909.09
27355,-2.8264,-1.5933,12.4702,1459,2909.09
27360,-3.9947,1.731,9.2692,1491,2908.95
27365,1.7346,3.4536,9.8545,1449,2908.95
27370,1.9297,2.3427,11.4958,1463,2908.95
27375,-2.3176,-1.3072,12.6426,1451,2908.95
27380,-4.6208,1.421,9.6798,1455,2908.95
27385,1.4497,3.3136,9.6115,1465,2908.67
27390,2.569,2.8766,11.2444,1461,2908.67
27395,-1.901,-0.9134,12.6462,1448,2908.67
27400,-4.9261,0.9278,10.1873,1467,2908.67
27405,1.0044,3.0801,9.2356,1484,2908.95
27410,2.7521,3.2968,10.9846,1455,2908.95
27415,-1.6412,-0.3986,12.6773,1454,2908.95
27420,-4.9273,0.3172,10.7248,1455,2908.95
27425,0.34,2.8982,9.0178,1464,2908.95
27430,2.6145,3.6464,10.7631,1459,2908.95
27435,-1.5574,0.0706,12.5492,1450,2908.95
27440,-4.8016,-0.2693,11.2037,1453,2908.95
27445,-0.4405,2.7031,8.8047,1471,2909.09
27450,2.4433,3.8128,10.5465,1453,2909.09
27455,-1.4641,0.5255,12.3828,1448,2909.09
27460,-4.4604,-0.7446,11.6657,1465,2909.09
27465,-1.3312,2.563,8.7065,1485,2909.09
27470,2.2494,3.8822,10.4016,1450,2909.09
27475,-1.002,0.9505,12.2164,1456,2909.09
27480,-3.9588,-1.2019,11.9961,1459,2909.09
27485,-2.2972,2.3643,8.8035,1484,2908.95
27490,2.1129,3.784,10.2017,1461,2908.95
27495,-0.1149,1.3827,12.0105,1454,2908.95
27500,-3.3866,-1.4413,12.3529,1451,2908.95
27505,-3.2094,2.0674,8.9244,1467,2908.1
27510,1.974,3.5817,9.9946,1459,2908.1
27515,0.9948,1.7885,11.8094,1452,2908.1
27520,-2.818,-1.6017,12.4702,1459,2908.1
27525,-4.0151,1.7561,9.2404,1493,2908.53
27530,1.7514,3.4165,9.8234,1447,2908.53
27535,1.9441,2.3044,11.5484,1463,2908.53
27540,-2.3439,-1.4102,12.6091,1456,2908.53
27545,-4.6328,1.3803,9.7025,1449,2908.53
27550,1.4186,3.2465,9.584,1463,2908.53
27555,2.4912,2.8276,11.236,1455,2908.53
27560,-1.9465,-0.9924,12.6665,1450,2908.53
27565,-4.9333,0.9266,10.1778,1464,2908.53
27570,0.9912,3.1137,9.2476,1464,2908.39
27575,2.733,3.3375,10.9774,1453,2908.39
27580,-1.7131,-0.3747,12.6953,1449,2908.39
27585,-4.9141,0.3651,10.7619,1455,2908.39
27590,0.395,2.8982,9.0046,1461,2908.81
27595,2.7174,3.6093,10.744,1461,2908.81
27600,-1.5694,0.1006,12.5552,1455,2908.81
27605,-4.7369,-0.2035,11.1857,1451,2908.81
27610,-0.3771,2.7318,8.746,1469,2909.09
27615,2.4337,3.8475,10.5776,1453,2909.09
27620,-1.4138,0.504,12.3242,1451,2909.09
27625,-4.4101,-0.7793,11.5975,1462,2909.09
27630,-1.3024,2.5115,8.7173,1487,2909.37
27635,2.2242,3.8511,10.4435,1453,2909.37
27640,-0.9984,0.9218,12.2439,1455,2909.37
27645,-3.9588,-1.2582,12.044,1453,2909.37
27650,-2.2458,2.3308,8.7807,1479,2909.51
27655,2.0423,3.8199,10.3166,1464,2909.51
27660,-0.1437,1.3036,12.0117,1453,2909.51
27665,-3.4081,-1.506,12.3062,1453,2909.51
27670,-3.1807,2.1332,8.9364,1463,2909.94
27675,1.9848,3.6631,10.0963,1461,2909.94
27680,0.9541,1.7777,11.795,1459,2909.94
27685,-2.8647,-1.573,12.4834,1459,2909.94
27690,-4.0043,1.7957,9.232,1490,2910.36
27695,1.8196,3.4979,9.8378,1450,2910.36
27700,1.9597,2.2278,11.5604,1462,2910.36
27705,-2.3499,-1.4042,12.6246,1455,2910.36
27710,-4.5657,1.3874,9.6426,1451,2910.36
27715,1.4664,3.2465,9.5445,1469,2910.93
27720,2.5259,2.733,11.2563,1455,2910.93
27725,-1.8974,-1.0546,12.6486,1449,2910.93
27730,-4.9105,0.9349,10.1023,1467,2910.93
27735,1.0451,3.0933,9.3218,1462,2911.35
27740,2.7473,3.2681,10.9714,1451,2911.35
27745,-1.7849,-0.5243,12.7252,1453,2911.35
27750,-4.9644,0.4848,10.6362,1454,2911.35
27755,0.4525,2.9461,9.0477,1463,2911.21
27760,2.6588,3.6081,10.8074,1461,2911.21
27765,-1.6652,-0.0048,12.6079,1453,2911.21
27770,-4.7956,-0.0778,11.0947,1455,2911.21
27775,-0.2286,2.7904,8.8143,1471,2910.78
27780,2.5474,3.8343,10.5919,1455,2910.78
27785,-1.4856,0.5136,12.4774,1446,2910.78
27790,-4.4424,-0.6668,11.5808,1462,2910.78
27795,-1.0726,2.5438,8.6227,1477,2910.64
27800,2.3451,3.8343,10.4603,1449,2910.64
27805,-1.0977,0.7985,12.2846,1451,2910.64
27810,-4.0785,-1.1875,11.892,1456,2910.64
27815,-2.0578,2.3595,8.7257,1487,2911.07
27820,2.0614,3.7613,10.2891,1461,2911.07
27825,-0.3675,1.2402,12.1123,1453,2911.07
27830,-3.5602,-1.5071,12.202,1452,2911.07
27835,-2.988,2.1775,8.8729,1485,2911.21
27840,1.9573,3.6547,10.1382,1461,2911.21
27845,0.6632,1.6436,11.8585,1451,2911.21
27850,-3.0478,-1.5945,12.4127,1463,2911.21
27855,-3.8307,1.9381,9.2081,1471,2910.93
27860,1.8064,3.5554,9.9048,1453,2910.93
27865,1.7011,2.1428,11.5831,1463,2910.93
27870,-2.4349,-1.4246,12.5875,1447,2910.93
27875,-4.458,1.5455,9.5505,1455,2910.93
27880,1.5826,3.3339,9.5888,1465,2910.93
27885,2.4924,2.6384,11.315,1455,2910.93
27890,-1.9788,-1.1504,12.6893,1451,2910.93
27895,-4.8255,1.0726,10.0413,1467,2910.93
27900,1.1636,3.0897,9.3769,1464,2911.21
27905,2.7869,3.122,11.066,1453,2911.21
27910,-1.7645,-0.6177,12.6294,1460,2911.21
27915,-4.9967,0.5435,10.501,1449,2911.21
27920,0.6153,2.9688,9.0968,1454,2911.21
27925,2.7066,3.5219,10.8182,1453,2911.21
27930,-1.6735,-0.1161,12.6534,1453,2911.21
27935,-4.9297,0.0443,11.0445,1463,2911.21
27940,-0.0491,2.7581,8.8813,1471,2911.35
27945,2.545,3.7804,10.6087,1453,2911.35
27950,-1.6041,0.3555,12.4546,1451,2911.35
27955,-4.6424,-0.4561,11.4802,1459,2911.35
27960,-0.8344,2.6396,8.7053,1468,2910.93
27965,2.4098,3.9121,10.5022,1454,2910.93
27970,-1.1863,0.7805,12.3146,1453,2910.93
27975,-4.124,-1.0044,11.8645,1456,2910.93
27980,-1.7585,2.4612,8.6227,1483,2911.91
27985,2.2338,3.8535,10.3214,1451,2911.91
27990,-0.5171,1.1097,12.1326,1451,2911.91
27995,-3.6524,-1.4281,12.1338,1452,2911.91
28000,-2.6983,2.1787,8.7879,1493,2911.77
28005,2.0147,3.6691,10.2089,1459,2911.77
28010,0.4166,1.5526,11.9147,1453,2911.77
28015,-3.1615,-1.6053,12.3756,1462,2911.77
28020,-3.5949,1.9178,9.0465,1483,2911.77
28025,1.8328,3.5314,9.9982,1451,2911.77
28030,1.4162,2.0183,11.7148,1460,2911.77
28035,-2.6468,-1.5419,12.5899,1451,2911.77
28040,-4.2892,1.6496,9.42,2207,2909.37
28045,1.6592,3.4261,9.7252,1453,2909.37
28050,2.2565,2.551,11.4203,1451,2909.37
28055,-2.1296,-1.1756,12.6354,1454,2909.37
28060,-4.7908,1.2522,9.9407,1462,2909.37
28065,1.3132,3.2322,9.4906,1461,2910.78
28070,2.7473,3.0143,11.1247,1451,2910.78
28075,-1.7202,-0.7302,12.651,1459,2910.78
28080,-4.9237,0.6967,10.404,1453,2910.78
28085,0.7195,3.0239,9.0968,1467,2908.95
28090,2.7964,3.4058,10.8733,1454,2908.95
28095,-1.5862,-0.2646,12.5935,1449,2908.95
28100,-4.9273,0.0886,10.8924,1454,2908.95
28105,0.1053,2.8264,8.9316,1479,2908.53
28110,2.5271,3.6823,10.6554,1455,2908.53
28115,-1.5826,0.2682,12.5073,1447,2908.53
28120,-4.701,-0.4513,11.3677,1455,2908.53
28125,-0.7422,2.6432,8.7688,1463,2908.53
28130,2.3451,3.8762,10.4758,1459,2908.53
28135,-1.3659,0.729,12.384,1455,2908.53
28140,-4.2796,-0.9469,11.8298,1451,2908.53
28145,-1.6424,2.4912,8.7604,1487,2908.81
28150,2.1919,3.8846,10.3633,1455,2908.81
28155,-0.6704,1.1073,12.1374,1449,2908.81
28160,-3.7876,-1.3467,12.1206,1455,2908.81
28165,-2.5929,2.2374,8.7843,1495,2909.23
28170,2.0889,3.717,10.1598,1453,2909.23
28175,0.3196,1.5275,11.9052,1451,2909.23
28180,-3.1819,-1.6376,12.3972,1460,2909.23
28185,-3.5123,1.9417,9.0956,1483,2909.51
28190,1.8423,3.5338,9.9335,1453,2909.51
28195,1.3659,1.9776,11.7256,1465,2909.51
28200,-2.6372,-1.5814,12.4917,1453,2909.51
28205,-4.282,1.6376,9.396,1464,2909.37
28210,1.6161,3.3639,9.7719,1453,2909.37
28215,2.2098,2.4864,11.467,1452,2909.37
28220,-2.1775,-1.2498,12.6677,1453,2909.37
28225,-4.7381,1.2546,9.8593,1465,2909.37
28230,1.3036,3.2836,9.414,1465,2911.07
28235,2.6588,3.0406,11.1642,1451,2911.07
28240,-1.8603,-0.7877,12.6665,1455,2911.07
28245,-4.9596,0.7961,10.3717,1451,2911.07
28250,0.8021,3.0682,9.1961,1465,2910.93
28255,2.8084,3.4393,10.92,1453,2910.93
28260,-1.6472,-0.243,12.6127,1451,2910.93
28265,-4.8878,0.2047,10.8769,1455,2910.93
28270,0.2131,2.8347,8.8753,1469,2910.78
28275,2.6612,3.7206,10.6662,1453,2910.78
28280,-1.4928,0.1652,12.5372,1447,2910.78
28285,-4.6795,-0.4298,11.3437,1453,2910.78
28290,-0.6165,2.6336,8.7293,1483,2910.78
28295,2.4098,3.893,10.5429,1455,2910.78
28300,-1.3132,0.6548,12.3433,1451,2910.78
28305,-4.385,-0.9122,11.6825,1452,2910.78
28310,-1.5167,2.5151,8.6993,1469,2911.07
28315,2.1847,3.8738,10.3465,1453,2911.07
28320,-0.8619,1.0032,12.1841,1453,2911.07
28325,-3.863,-1.3252,12.1099,1453,2911.07
28330,-2.49,2.3212,8.8035,1486,2910.93
28335,2.0566,3.8092,10.2185,1453,2910.93
28340,0.1496,1.4317,11.9566,1451,2910.93
28345,-3.3387,-1.5347,12.3122,1455,2910.93
28350,-3.3363,2.0949,8.9926,1484,2910.93
28355,2.0195,3.614,10.0437,1455,2910.93
28360,1.2318,1.8675,11.7076,1461,2910.93
28365,-2.6719,-1.5993,12.5396,1453,2910.93
28370,-4.1396,1.725,9.3099,1463,2910.93
28375,1.7119,3.4153,9.7468,1451,2910.93
28380,2.083,2.3415,11.4814,1455,2910.93
28385,-2.2829,-1.3431,12.6785,1455,2910.93
28390,-4.6567,1.336,9.7815,1460,2910.93
28395,1.3838,3.237,9.5181,1454,2911.21
28400,2.5558,2.8659,11.2599,1450,2911.21
28405,-1.9405,-0.9457,12.6845,1451,2911.21
28410,-4.9692,0.8847,10.1849,1459,2911.21
28415,0.9074,3.0765,9.2356,1468,2911.63
28420,2.7066,3.3243,11.0002,1453,2911.63
28425,-1.7298,-0.3567,12.6953,1453,2911.63
28430,-4.9141,0.3819,10.7751,1451,2911.63
28435,0.3412,2.9413,8.9962,1471,2911.49
28440,2.745,3.6332,10.6722,1455,2911.49
28445,-1.5718,0.0838,12.5791,1452,2911.49
28450,-4.7429,-0.2239,11.2288,1453,2911.49
28455,-0.3747,2.709,8.7999,1469,2911.77
28460,2.5295,3.8116,10.5213,1455,2911.77
28465,-1.3515,0.5076,12.3936,1453,2911.77
28470,-4.4197,-0.7841,11.6179,1459,2911.77
28475,-1.2965,2.5163,8.7149,1483,2911.91
28480,2.2505,3.8427,10.3896,1459,2911.91
28485,-0.9505,0.8787,12.2751,1459,2911.91
28490,-4.033,-1.2785,11.9758,1455,2911.91
28495,-2.2422,2.3284,8.7412,1491,2911.77
28500,2.0494,3.7769,10.2675,1459,2911.77
28505,-0.1999,1.3671,12.1063,1453,2911.77
28510,-3.5123,-1.4581,12.2942,1452,2911.77
28515,-3.1627,2.1967,8.9435,1480,2911.35
28520,1.9417,3.6667,10.0892,1459,2911.35
28525,0.8954,1.7873,11.7986,1451,2911.35
28530,-2.8778,-1.5826,12.4558,1455,2911.35
28535,-3.9085,1.8555,9.2153,1494,2911.07
28540,1.8304,3.4776,9.8845,1451,2911.07
28545,1.9261,2.2326,11.5604,1465,2911.07
28550,-2.3786,-1.3922,12.6139,1453,2911.07
28555,-4.5226,1.4329,9.6319,1459,2911.07
28560,1.5526,3.3028,9.572,1464,2911.07
28565,2.5259,2.709,11.2516,1455,2911.07
28570,-1.9776,-1.0523,12.7264,1449,2911.07
28575,-4.8818,0.9912,10.1071,1462,2911.07
28580,1.0606,3.0754,9.2811,1465,2910.93
28585,2.7461,3.1987,11.0409,1451,2910.93
28590,-1.7298,-0.516,12.6857,1453,2910.93
28595,-4.9656,0.5171,10.6542,1454,2910.93
28600,0.5495,2.9185,9.074,1464,2910.64
28605,2.6899,3.5889,10.8194,1459,2910.64
28610,-1.6436,-0.0551,12.6426,1451,2910.64
28615,-4.8447,-0.0575,11.1474,1455,2910.64
28620,-0.2394,2.7629,8.8394,1469,2910.78
28625,2.5798,3.8367,10.6219,1460,2910.78
28630,-1.5562,0.4657,12.396,1449,2910.78
28635,-4.5131,-0.5914,11.5149,1463,2910.78
28640,-1.081,2.5905,8.679,1486,2911.07
28645,2.3703,3.881,10.4675,1452,2911.07
28650,-1.1612,0.8236,12.2571,1452,2911.07
28655,-4.0606,-1.1744,11.886,1455,2911.07
28660,-1.9728,2.3715,8.679,1481,2910.78
28665,2.1536,3.7864,10.3046,1459,2910.78
28670,-0.3855,1.2127,12.129,1450,2910.78
28675,-3.5506,-1.4617,12.1697,1453,2910.78
28680,-2.9317,2.1356,8.8621,1483,2910.5
28685,1.9609,3.6919,10.1382,1453,2910.5
28690,0.577,1.6412,11.8525,1452,2910.5
28695,-3.0358,-1.6221,12.4247,1463,2910.5
28700,-3.8092,1.9321,9.1459,1489,2910.36
28705,1.7957,3.5207,9.9587,1447,2910.36
28710,1.6735,2.1656,11.6502,1463,2910.36
28715,-2.5031,-1.4377,12.6139,1453,2910.36
28720,-4.4329,1.6161,9.6007,1453,2910.36
28725,1.6269,3.3435,9.6642,1465,2910.36
28730,2.4337,2.6456,11.3006,1461,2910.36
28735,-2.0279,-1.136,12.6581,1451,2910.36
28740,-4.8327,1.1085,10.0006,1464,2910.36
28745,1.1959,3.1807,9.3829,1467,2910.22
28750,2.7653,3.152,11.066,1454,2910.22
28755,-1.7585,-0.6153,12.7204,1453,2910.22
28760,-5.0099,0.5662,10.5357,1453,2910.22
28765,0.6632,2.9664,9.1004,1455,2910.36
28770,2.715,3.5051,10.7703,1461,2910.36
28775,-1.6688,-0.1185,12.6127,1451,2910.36
28780,-4.9045,-0.0168,10.993,1451,2910.36
28785,-0.1006,2.7857,8.8286,1471,2910.22
28790,2.5067,3.7912,10.6446,1453,2910.22
28795,-1.5526,0.3938,12.4882,1457,2910.22
28800,-4.6459,-0.5243,11.4934,1464,2910.22
28805,-0.8918,2.6049,8.6886,1493,2910.5
28810,2.3858,3.8918,10.4411,1455,2910.5
28815,-1.2773,0.7697,12.3373,1459,2910.5
28820,-4.1958,-1.0343,11.8693,1455,2910.5
28825,-1.8208,2.4265,8.6826,1485,2910.5
28830,2.1799,3.8822,10.325,1464,2910.5
28835,-0.5339,1.1983,12.1865,1454,2910.5
28840,-3.6595,-1.4377,12.1206,1449,2910.5
28845,-2.7174,2.1967,8.7891,1467,2909.66
28850,2.0351,3.6583,10.1406,1459,2909.66
28855,0.4226,1.5562,11.9135,1451,2909.66
28860,-3.0646,-1.6137,12.372,1460,2909.66
28865,-3.632,1.9154,9.0824,1471,2909.66
28870,1.8148,3.5303,9.9838,1451,2909.66
28875,1.4377,2.0578,11.6825,1465,2909.66
28880,-2.5462,-1.5538,12.566,1455,2909.66
28885,-4.3802,1.5957,9.4379,1451,2909.66
28890,1.6364,3.3399,9.7217,1467,2909.23
28895,2.2924,2.5929,11.3497,1455,2909.23
28900,-2.15,-1.166,12.6713,1449,2909.23
28905,-4.8016,1.2438,9.9898,1463,2909.23
28910,1.2582,3.1927,9.3948,1464,2909.37
28915,2.6659,3.0885,11.078,1451,2909.37
28920,-1.7897,-0.6752,12.615,1453,2909.37
28925,-4.95,0.6931,10.5153,1453,2909.37
28930,0.7099,2.9916,9.1159,1460,2908.95
28935,2.7593,3.4943,10.8697,1462,2908.95
28940,-1.6029,-0.1856,12.6007,1455,2908.95
28945,-4.8734,0.079,10.9583,1453,2908.95
28950,0.0204,2.8539,8.8597,1469,2908.67
28955,2.5391,3.699,10.6662,1451,2908.67
28960,-1.585,0.2813,12.5085,1447,2908.67
28965,-4.5981,-0.5495,11.4886,1463,2908.67
28970,-0.8392,2.6276,8.7005,1483,2908.67
28975,2.296,3.8403,10.5022,1451,2908.67
28980,-1.3048,0.729,12.3708,1455,2908.67
28985,-4.2533,-0.9936,11.8417,1456,2908.67
28990,-1.7202,2.4636,8.6838,1471,2908.95
28995,2.1787,3.8846,10.3238,1462,2908.95
29000,-0.6285,1.1432,12.1326,1450,2908.95
29005,-3.6835,-1.4353,12.1434,1451,2908.95
29010,-2.6947,2.2446,8.7724,1465,2908.95
29015,2.1021,3.7493,10.2161,1456,2908.95
29020,0.4465,1.5371,11.9315,1453,2908.95
29025,-3.1041,-1.5921,12.4199,1461,2908.95
29030,-3.5446,1.974,9.0489,1481,2909.09
29035,1.919,3.6033,9.9563,1451,2909.09
29040,1.4425,2.0087,11.7053,1463,2909.09
29045,-2.5642,-1.5598,12.5396,1453,2909.09
29050,-4.2737,1.573,9.4152,1449,2909.09
29055,1.6293,3.3603,9.7097,1467,2909.37
29060,2.2482,2.5522,11.3772,1461,2909.37
29065,-2.1344,-1.2629,12.6294,1449,2909.37
29070,-4.792,1.1732,9.9036,1465,2909.37
29075,1.2438,3.1819,9.4619,1467,2909.51
29080,2.6683,3.0562,11.1977,1449,2909.51
29085,-1.7921,-0.7661,12.7108,1455,2909.51
29090,-4.9656,0.723,10.4303,1453,2909.51
29095,0.7446,3.049,9.1255,1461,2909.51
29100,2.7665,3.4692,10.9403,1463,2909.51
29105,-1.646,-0.2011,12.6198,1453,2909.51
29110,-4.8614,0.1544,10.9379,1449,2909.51
29115,0.0874,2.8443,8.9052,1468,2909.23
29120,2.5977,3.7254,10.6698,1453,2909.23
29125,-1.5347,0.2801,12.4953,1448,2909.23
29130,-4.634,-0.4561,11.4251,1462,2909.23
29135,-0.7362,2.66,8.685,1490,2909.37
29140,2.3703,3.7828,10.4519,1455,2909.37
29145,-1.3084,0.6285,12.3397,1455,2909.37
29150,-4.2198,-1.0068,11.7795,1455,2909.37
29155,-1.6676,2.4636,8.758,1491,2909.51
29160,2.1332,3.8104,10.3633,1463,2909.51
29165,-0.6452,1.0546,12.1602,1451,2909.51
29170,-3.7673,-1.4449,12.1003,1452,2909.51
29175,-2.654,2.2446,8.8023,1463,2909.51
29180,2.0363,3.7373,10.1694,1463,2909.51
29185,0.2741,1.5167,11.9471,1451,2909.51
29190,-3.1999,-1.5897,12.3828,1461,2909.51
29195,-3.5147,2.0506,9.0477,1477,2910.5
29200,1.9058,3.6129,9.9276,1449,2910.5
29205,1.4162,2.0219,11.6789,1459,2910.5
29210,-2.6157,-1.5143,12.5672,1450,2910.5
29215,-4.2725,1.6999,9.4104,1452,2910.5
29220,1.6951,3.3998,9.7288,1468,2910.36
29225,2.2685,2.4576,11.4467,1459,2910.36
29230,-2.1536,-1.2582,12.6941,1448,2910.36
29235,-4.7094,1.3048,9.8462,1461,2910.36
29240,1.3132,3.1951,9.4367,1467,2910.22
29245,2.6624,2.9377,11.1725,1451,2910.22
29250,-1.8387,-0.8619,12.6558,1460,2910.22
29255,-4.9823,0.7554,10.3262,1454,2910.22
29260,0.7805,2.9951,9.1566,1461,2910.22
29265,2.7138,3.4069,10.9355,1455,2910.22
29270,-1.6891,-0.2658,12.6821,1451,2910.22
29275,-4.9273,0.2286,10.8697,1451,2910.22
29280,0.1712,2.8587,8.9076,1477,2910.08
29285,2.6432,3.7373,10.6734,1455,2910.08
29290,-1.5646,0.2286,12.5396,1447,2910.08
29295,-4.6866,-0.3041,11.3473,1463,2910.08
29300,-0.5806,2.7234,8.7855,1486,2910.78
29305,2.4445,3.869,10.5165,1451,2910.78
29310,-1.3396,0.595,12.3565,1454,2910.78
29315,-4.2389,-0.8799,11.7064,1451,2910.78
29320,-1.5239,2.4888,8.6694,1481,2910.64
29325,2.2637,3.8547,10.3537,1455,2910.64
29330,-0.7853,1.0151,12.1506,1451,2910.64
29335,-3.7948,-1.3491,12.0608,1455,2910.64
29340,-2.4804,2.2398,8.7496,1484,2910.64
29345,2.0123,3.7278,10.2065,1455,2910.64
29350,0.1568,1.4126,11.959,1451,2910.64
29355,-3.2872,-1.5945,12.3218,1455,2910.64
29360,-3.401,2.053,8.9902,1468,2910.78
29365,1.889,3.5853,10.058,1450,2910.78
29370,1.1983,1.8794,11.8022,1465,2910.78
29375,-2.7438,-1.5933,12.5528,1449,2910.78
29380,-4.1707,1.7442,9.3326,1455,2910.78
29385,1.7214,3.4417,9.7456,1464,2910.5
29390,2.0937,2.4229,11.4706,1461,2910.5
29395,-2.2505,-1.2653,12.6558,1451,2910.5
29400,-4.6687,1.3791,9.7887,1463,2910.5
29405,1.3587,3.2585,9.5158,1467,2910.5
29410,2.6887,2.8814,11.2336,1451,2910.5
29415,-1.8471,-0.8715,12.6474,1455,2910.5
29420,-4.9596,0.8487,10.2663,1452,2910.5
29425,0.8763,3.037,9.2081,1464,2910.36
29430,2.7461,3.2525,10.9786,1455,2910.36
29435,-1.6783,-0.4202,12.6761,1454,2910.36
29440,-4.9656,0.3136,10.8002,1455,2910.36
29445,0.2945,2.8455,8.9232,1469,2910.5
29450,2.6647,3.6164,10.7308,1453,2910.5
29455,-1.6089,0.097,12.5277,1450,2910.5
29460,-4.7728,-0.2418,11.2623,1460,2910.5
29465,-0.4812,2.6624,8.7747,1462,2910.78
29470,2.4529,3.8642,10.556,1455,2910.78
29475,-1.4784,0.5842,12.4331,1453,2910.78
29480,-4.44,-0.741,11.6933,1455,2910.78
29485,-1.3408,2.5702,8.6945,1484,2911.21
29490,2.2781,3.8846,10.4124,1459,2911.21
29495,-0.9792,0.9445,12.2428,1450,2911.21
29500,-3.9205,-1.2689,11.977,1454,2911.21
29505,-2.2529,2.3355,8.7412,1491,2911.07
29510,2.0877,3.8307,10.2089,1454,2911.07
29515,-0.0658,1.3228,11.9938,1451,2911.07
29520,-3.3806,-1.5251,12.2918,1459,2911.07
29525,-3.1687,2.1033,8.9878,1482,2910.93
29530,1.9573,3.5853,10.0592,1451,2910.93
29535,0.9457,1.7538,11.7483,1465,2910.93
29540,-2.8359,-1.64,12.4415,1449,2910.93
29545,-4.0247,1.7741,9.3003,1455,2910.93
29550,1.7154,3.4189,9.918,1464,2910.78
29555,1.8806,2.3152,11.5855,1452,2910.78
29560,-2.3822,-1.3922,12.5971,1451,2910.78
29565,-4.6124,1.4341,9.6726,1465,2910.78
29570,1.4413,3.298,9.5864,1461,2910.93
29575,2.4804,2.7988,11.2384,1453,2910.93
29580,-2.0123,-0.9409,12.6917,1459,2910.93
29585,-4.9356,1.0139,10.2041,1455,2910.93
29590,1.0439,3.1412,9.2787,1467,2911.21
29595,2.7845,3.2358,10.9894,1453,2911.21
29600,-1.6867,-0.4441,12.6785,1449,2911.21
29605,-4.944,0.4357,10.6662,1454,2911.21
29610,0.4717,2.9449,9.0142,1471,2911.21
29615,2.7186,3.5422,10.7488,1452,2911.21
29620,-1.5874,-0.0287,12.6103,1445,2911.21
29625,-4.8363,-0.1724,11.1905,1452,2911.21
29630,-0.2526,2.7473,8.7747,1487,2911.35
29635,2.5091,3.7804,10.5237,1455,2911.35
29640,-1.4784,0.4549,12.4822,1451,2911.35
29645,-4.537,-0.723,11.6155,1452,2911.35
29650,-1.1193,2.6037,8.7041,1483,2911.35
29655,2.2913,3.9014,10.4327,1453,2911.35
29660,-1.1468,0.8464,12.287,1451,2911.35
29665,-4.0797,-1.1145,11.9363,1453,2911.35
29670,-2.0087,2.46,8.7245,1487,2911.63
29675,2.1871,3.8774,10.2687,1453,2911.63
29680,-0.4154,1.2246,12.1194,1452,2911.63
29685,-3.5626,-1.4449,12.2296,1455,2911.63
29690,-2.9473,2.2194,8.8981,1484,2911.77
29695,2.0435,3.7218,10.0736,1461,2911.77
29700,0.7398,1.6795,11.8417,1456,2911.77
29705,-2.97,-1.6364,12.4223,1455,2911.77
29710,-3.7733,1.8495,9.2129,1471,2911.35
29715,1.8567,3.5255,9.9024,1455,2911.35
29720,1.7214,2.1332,11.643,1459,2911.35
29725,-2.46,-1.5395,12.6354,1453,2911.35
29730,-4.47,1.4904,9.5577,1461,2911.35
29735,1.5431,3.3136,9.6977,1461,2912.2
29740,2.3595,2.5977,11.3868,1453,2912.2
29745,-2.0698,-1.1959,12.7096,1452,2912.2
29750,-4.8722,1.0977,10.0341,1461,2912.2
29755,1.1744,3.1508,9.3553,1469,2911.49
29760,2.7318,3.1208,11.0875,1454,2911.49
29765,-1.81,-0.5962,12.6869,1451,2911.49
29770,-5.0182,0.656,10.5177,1455,2911.49
29775,0.6823,3.0287,9.0561,1469,2911.63
29780,2.7904,3.5039,10.8673,1455,2911.63
29785,-1.6388,-0.1245,12.645,1454,2911.63
29790,-4.8662,0.0539,10.9786,1455,2911.63
29795,-0.0048,2.8264,8.819,1471,2912.06
29800,2.6205,3.7541,10.6554,1460,2912.06
29805,-1.4676,0.3292,12.4654,1451,2912.06
29810,-4.6029,-0.4968,11.4646,1461,2912.06
29815,-0.8356,2.6276,8.7221,1485,2911.63
29820,2.3786,3.7864,10.4746,1455,2911.63
29825,-1.2222,0.6632,12.3397,1455,2911.63
29830,-4.2521,-1.0894,11.8405,1453,2911.63
29835,-1.7909,2.4361,8.6766,1487,2911.35
29840,2.1225,3.8259,10.3346,1461,2911.35
29845,-0.7003,1.1408,12.1829,1453,2911.35
29850,-3.729,-1.4066,12.1506,1455,2911.35
29855,-2.7186,2.2793,8.7652,1472,2911.07
29860,2.0494,3.705,10.1131,1448,2911.07
29865,0.3244,1.5335,11.8884,1453,2911.07
29870,-3.1328,-1.5526,12.4127,1455,2911.07
29875,-3.5793,2.053,9.1004,1488,2910.22
29880,1.9321,3.6188,9.9599,1451,2910.22
29885,1.4617,2.0004,11.6837,1461,2910.22
29890,-2.5618,-1.5419,12.5612,1449,2910.22
29895,-4.2114,1.6604,9.4092,1449,2910.22
29900,1.658,3.3603,9.7252,1467,2909.37
29905,2.2673,2.478,11.4108,1455,2909.37
29910,-2.1045,-1.3048,12.6486,1449,2909.37
29915,-4.7609,1.166,9.8509,1463,2909.37
29920,1.257,3.1448,9.3984,1466,2908.81
29925,2.6169,3.0323,11.1342,1452,2908.81
29930,-1.81,-0.7817,12.6713,1453,2908.81
29935,-5.0111,0.7159,10.3884,1453,2908.81
29940,0.7578,3.0143,9.2033,1465,2908.67
29945,2.6935,3.4536,10.975,1455,2908.67
29950,-1.6927,-0.1951,12.645,1453,2908.67
29955,-4.9153,0.2071,10.9259,1455,2908.67
29960,0.1257,2.873,8.8992,1468,2908.1
29965,2.6516,3.7577,10.6099,1454,2908.1
29970,-1.585,0.3184,12.4558,1451,2908.1
29975,-4.5945,-0.3986,11.4132,1456,2908.1
29980,-0.7362,2.6695,8.7424,1484,2907.96
29985,2.4181,3.8283,10.5105,1455,2907.96
29990,-1.257,0.6847,12.3122,1453,2907.96
29995,-4.2006,-0.9708,11.7603,1459,2907.96
30000,-1.6735,2.4756,8.6957,1483,2908.1
30005,2.1847,3.8164,10.3477,1459,2908.1
30010,-0.6177,1.0738,12.1171,1451,2908.1
30015,-3.7074,-1.4114,12.1218,1455,2908.1
30020,-2.6635,2.2182,8.8538,1493,2908.24
30025,1.9788,3.6978,10.1287,1455,2908.24
30030,0.322,1.5083,11.9483,1459,2908.24
30035,-3.1747,-1.5622,12.3313,1460,2908.24
30040,-3.5781,2.0255,9.068,1470,2908.1
30045,1.8591,3.5925,10.0149,1452,2908.1
30050,1.3551,1.998,11.6957,1459,2908.1
30055,-2.6145,-1.4808,12.5696,1449,2908.1
30060,-4.2892,1.7095,9.4559,1462,2908.1
30065,1.6735,3.4034,9.6893,1465,2907.82
30070,2.2865,2.5582,11.3425,1455,2907.82
30075,-2.0446,-1.2163,12.6342,1452,2907.82
30080,-4.7405,1.1672,9.9252,1461,2907.82
30085,1.2534,3.1987,9.4499,1463,2907.96
30090,2.727,2.988,11.2013,1455,2907.96
30095,-1.725,-0.7793,12.627,1453,2907.96
30100,-4.9356,0.6428,10.4291,1455,2907.96
30105,0.7135,2.9473,9.1506,1469,2908.24
30110,2.6815,3.395,10.9092,1459,2908.24
30115,-1.7023,-0.2179,12.6174,1452,2908.24
30120,-4.9608,0.1161,10.9499,1453,2908.24
30125,0.0383,2.8587,8.8897,1469,2907.82
30130,2.5402,3.7589,10.7045,1455,2907.82
30135,-1.5778,0.3292,12.5001,1449,2907.82
30140,-4.6148,-0.4142,11.4215,1459,2907.82
30145,-0.7254,2.6791,8.7364,1485,2907.4
30150,2.4026,3.8918,10.4866,1454,2907.4
30155,-1.3312,0.7219,12.3481,1455,2907.4
30160,-4.1743,-0.9912,11.8058,1455,2907.4
30165,-1.7131,2.4588,8.74,1487,2907.4
30170,2.2039,3.8367,10.3178,1455,2907.4
30175,-0.5866,1.0738,12.0632,1452,2907.4
30180,-3.6547,-1.4353,12.1506,1453,2907.4
30185,-2.66,2.1668,8.8466,1477,2907.54
30190,2.0363,3.7026,10.1981,1453,2907.54
30195,0.4322,1.5095,11.8764,1455,2907.54
30200,-3.0813,-1.6843,12.402,1453,2907.54
30205,-3.5997,1.9417,9.0896,1481,2907.54
30210,1.7968,3.5147,9.9719,1451,2907.54
30215,1.4389,2.0494,11.6753,1459,2907.54
30220,-2.6181,-1.5419,12.5911,1453,2907.54
30225,-4.3862,1.64,9.4954,1463,2907.54
30230,1.6101,3.3806,9.754,1454,2907.4
30235,2.2398,2.6001,11.3725,1454,2907.4
30240,-2.1129,-1.1289,12.6246,1453,2907.4
30245,-4.7633,1.2605,9.9491,1455,2907.4
30250,1.221,3.2525,9.408,1466,2907.82
30255,2.7246,3.0694,11.0768,1453,2907.82
30260,-1.7549,-0.644,12.736,1439,2907.82
30265,-4.9608,0.6584,10.4914,1453,2907.82
30270,0.6979,2.9796,9.1123,1471,2907.82
30275,2.8,3.4093,10.823,1455,2907.82
30280,-1.5802,-0.1784,12.566,1449,2907.82
30285,-4.8626,0.0192,11.0014,1453,2907.82
30290,-0.0527,2.7869,8.8981,1477,2907.82
30295,2.4995,3.7074,10.6231,1455,2907.82
30300,-1.5263,0.322,12.4906,1452,2907.82
30305,-4.6711,-0.5124,11.4958,1454,2907.82
30310,-0.8882,2.6396,8.7352,1486,2907.82
30315,2.3355,3.899,10.4603,1454,2907.82
30320,-1.318,0.7506,12.3349,1451,2907.82
30325,-4.2174,-1.0116,11.8321,1459,2907.82
30330,-1.8447,2.5031,8.752,1485,2907.68
30335,2.1751,3.8858,10.3238,1453,2907.68
30340,-0.6009,1.221,12.1326,1453,2907.68
30345,-3.6392,-1.4054,12.1027,1459,2907.68
30350,-2.733,2.1919,8.8597,1484,2907.82
30355,2.0746,3.6859,10.1323,1453,2907.82
30360,0.4932,1.5479,11.8824,1463,2907.82
30365,-2.9892,-1.6269,12.3529,1451,2907.82
30370,-3.6105,1.8663,9.0824,1469,2908.1
30375,1.8651,3.5099,9.9419,1453,2908.1
30380,1.5467,1.986,11.6298,1455,2908.1
30385,-2.5247,-1.5909,12.566,1453,2908.1
30390,-4.379,1.5347,9.487,1465,2908.1
30395,1.555,3.31,9.6833,1465,2908.53
30400,2.2422,2.6013,11.3701,1451,2908.53
30405,-2.1416,-1.2115,12.6785,1453,2908.53
30410,-4.8746,1.245,10.0353,1448,2908.53
30415,1.1672,3.2609,9.4284,1467,2908.24
30420,2.6468,3.1316,11.1043,1459,2908.24
30425,-1.7968,-0.6704,12.6833,1451,2908.24
30430,-4.9344,0.6596,10.4902,1455,2908.24
30435,0.6812,3.0562,9.1279,1482,2908.24
30440,2.8108,3.48,10.8397,1452,2908.24
30445,-1.5933,-0.1353,12.5815,1450,2908.24
30450,-4.8363,0.079,11.0253,1455,2908.24
30455,-0.0383,2.8431,8.8789,1479,2907.96
30460,2.5402,3.6428,10.5979,1453,2907.96
30465,-1.5131,0.3244,12.4307,1453,2907.96
30470,-4.5586,-0.559,11.4359,1455,2907.96
30475,-0.893,2.5809,8.6766,1485,2908.81
30480,2.3415,3.8068,10.5093,1459,2908.81
30485,-1.2761,0.7147,12.3062,1451,2908.81
30490,-4.1719,-1.0511,11.8884,1455,2908.81
30495,-1.8292,2.4385,8.7233,1487,2907.82
30500,2.1153,3.8427,10.3058,1455,2907.82
30505,-0.5974,1.1408,12.1326,1452,2907.82
30510,-3.626,-1.4066,12.1973,1461,2907.82
30515,-2.7749,2.2505,8.8334,1486,2907.68
30520,1.9992,3.7541,10.1203,1453,2907.68
30525,0.5064,1.5969,11.9279,1463,2907.68
30530,-3.0335,-1.5682,12.3876,1449,2907.68
30535,-3.6488,1.9752,9.0297,1455,2907.4
30540,1.8902,3.5374,9.9515,1455,2907.4
30545,1.5838,2.0602,11.6358,1451,2907.4
30550,-2.4696,-1.5239,12.5432,1453,2907.4
30555,-4.3347,1.5443,9.5289,1463,2907.4
30560,1.573,3.3471,9.7073,1465,2908.1
30565,2.3308,2.6013,11.388,1455,2908.1
30570,-2.0016,-1.1995,12.6498,1453,2908.1
30575,-4.8387,1.1181,9.9479,1454,2908.1
30580,1.1995,3.152,9.4164,1464,2907.82
30585,2.6468,3.1017,11.0684,1454,2907.82
30590,-1.8064,-0.6488,12.6821,1449,2907.82
30595,-4.9859,0.6117,10.5177,1455,2907.82
30600,0.6021,3.0167,9.1207,1471,2907.82
30605,2.7234,3.5003,10.8852,1455,2907.82
30610,-1.658,-0.073,12.5755,1433,2907.82
30615,-4.8351,0.1293,10.9834,1455,2907.82
30620,-0.0491,2.8683,8.922,1483,2908.1
30625,2.6324,3.7433,10.6386,1453,2908.1
30630,-1.5179,0.3831,12.4343,1453,2908.1
30635,-4.5083,-0.5231,11.5065,1451,2908.1
30640,-0.911,2.6288,8.7065,1485,2908.24
30645,2.3834,3.8032,10.3944,1453,2908.24
30650,-1.1696,0.7626,12.2296,1451,2908.24
30655,-4.1084,-1.0666,11.8369,1455,2908.24
30660,-1.8938,2.4062,8.764,1493,2907.96
30665,2.1308,3.7661,10.3142,1454,2907.96
30670,-0.504,1.1456,12.1206,1451,2907.96
30675,-3.6069,-1.4796,12.1554,1463,2907.96
30680,-2.8587,2.2063,8.8849,1466,2907.54
30685,1.962,3.6739,10.1478,1453,2907.54
30690,0.5279,1.6125,11.8669,1464,2907.54
30695,-3.0323,-1.5479,12.4175,1451,2907.54
30700,-3.7254,1.9537,9.1686,1457,2907.54
30705,1.8064,3.5159,9.8892,1467,2908.1
30710,1.6017,2.1213,11.6286,1455,2908.1
30715,-2.5079,-1.4796,12.5564,1450,2908.1
30720,-4.373,1.5874,9.5313,1465,2908.1
30725,1.6221,3.3399,9.6331,1463,2908.1
30730,2.4313,2.642,11.3581,1454,2908.1
30735,-2.0219,-1.1085,12.6629,1455,2908.1
30740,-4.7884,1.1073,10.0389,1451,2908.1
30745,1.1672,3.1496,9.3577,1464,2908.24
30750,2.7043,3.0502,11.1115,1453,2908.24
30755,-1.7059,-0.6776,12.6246,1453,2908.24
30760,-4.9835,0.5279,10.5477,1453,2908.24
30765,0.5519,2.9401,9.1243,1471,2908.53
30770,2.6552,3.5207,10.8062,1455,2908.53
30775,-1.6412,-0.1197,12.5983,1449,2908.53
30780,-4.9153,0.0036,11.0732,1459,2908.53
30785,-0.1137,2.7964,8.8933,1469,2908.53
30790,2.5379,3.8235,10.6123,1455,2908.53
30795,-1.5957,0.3687,12.4522,1455,2908.53
30800,-4.5957,-0.4968,11.5544,1451,2908.53
30805,-0.9529,2.6336,8.7376,1483,2908.53
30810,2.3727,3.9229,10.507,1459,2908.53
30815,-1.1815,0.8128,12.2631,1453,2908.53
30820,-4.0809,-1.0175,11.8884,1453,2908.53
30825,-1.895,2.4385,8.7293,1477,2908.81
30830,2.2098,3.8008,10.3262,1461,2908.81
30835,-0.4824,1.16,12.0704,1450,2908.81
30840,-3.6129,-1.4868,12.1733,1463,2908.81
30845,-2.8898,2.1787,8.8466,1464,2908.67
30850,1.9836,3.6428,10.2089,1451,2908.67
30855,0.5387,1.6137,11.8752,1465,2908.67
30860,-3.0406,-1.6017,12.3816,1451,2908.67
30865,-3.7517,1.9082,9.147,1458,2908.67
30870,1.8208,3.5171,9.9455,1467,2908.95
30875,1.5874,2.1249,11.6107,1461,2908.95
30880,-2.5331,-1.4808,12.5696,1449,2908.95
30885,-4.4628,1.5945,9.5612,1465,2908.95
30890,1.5646,3.3387,9.6702,1463,2908.95
30895,2.3475,2.624,11.2887,1451,2908.95
30900,-2.0806,-1.1265,12.6486,1455,2908.95
30905,-4.8459,1.1349,9.9515,1454,2908.95
30910,1.166,3.2118,9.2883,1465,2908.67
30915,2.7426,3.1077,11.0828,1455,2908.67
30920,-1.7334,-0.6596,12.6869,1455,2908.67
30925,-4.944,0.6201,10.5153,1459,2908.67
30930,0.6357,3.0047,9.0621,1471,2908.67
30935,2.7222,3.4872,10.8014,1453,2908.67
30940,-1.6125,-0.1209,12.5708,1447,2908.67
30945,-4.8686,-0.0359,10.9906,1461,2908.67
30950,-0.0778,2.7916,8.8741,1483,2908.67
30955,2.4995,3.7553,10.6458,1455,2908.67
30960,-1.5694,0.3579,12.5025,1455,2908.67
30965,-4.5993,-0.5746,11.5089,1451,2908.67
30970,-0.9325,2.6145,8.7293,1491,2908.81
30975,2.3188,3.893,10.4315,1459,2908.81
30980,-1.2594,0.753,12.3589,1449,2908.81
30985,-4.1503,-1.0307,11.9387,1454,2908.81
30990,-1.8639,2.4565,8.7688,1469,2908.67
30995,2.1787,3.8678,10.3034,1464,2908.67
31000,-0.4812,1.1684,12.1015,1451,2908.67
31005,-3.6033,-1.4461,12.1709,1463,2908.67
31010,-2.8228,2.1907,8.8705,1465,2909.94
31015,2.0339,3.711,10.1263,1453,2909.94
31020,0.5315,1.6125,11.9219,1465,2909.94
31025,-3.0311,-1.6364,12.4319,1451,2909.94
31030,-3.7278,1.9357,9.1375,1455,2909.94
31035,1.8531,3.5207,9.9719,1467,2908.95
31040,1.5538,2.065,11.6394,1459,2908.95
31045,-2.5211,-1.5658,12.5396,1452,2908.95
31050,-4.4317,1.585,9.499,1464,2908.95
31055,1.6077,3.3639,9.7193,1467,2909.09
31060,2.3403,2.6061,11.4144,1451,2909.09
31065,-2.0985,-1.1815,12.6558,1453,2909.09
31070,-4.865,1.1935,10.0006,1455,2909.09
31075,1.2103,3.1603,9.4379,1464,2908.95
31080,2.709,3.0718,11.078,1455,2908.95
31085,-1.7669,-0.6572,12.651,1453,2908.95
31090,-4.9943,0.6524,10.5728,1450,2908.95
31095,0.6895,3.0586,9.1566,1472,2908.95
31100,2.7737,3.5147,10.8122,1453,2908.95
31105,-1.5981,-0.1437,12.6354,1449,2908.95
31110,-4.8315,0.0323,10.9966,1460,2908.95
31115,0.0012,2.8024,8.8502,1484,2908.53
31120,2.5809,3.711,10.6745,1455,2908.53
31125,-1.5359,0.3484,12.4834,1459,2908.53
31130,-4.5418,-0.5112,11.5209,1451,2908.53
31135,-0.8535,2.6552,8.6993,1486,2908.24
31140,2.3727,3.8427,10.4567,1459,2908.24
31145,-1.227,0.759,12.3265,1453,2908.24
31150,-4.1863,-1.0439,11.8681,1455,2908.24
31155,-1.8459,2.4337,8.7077,1472,2907.82
31160,2.156,3.802,10.3406,1459,2907.82
31165,-0.5339,1.1432,12.0764,1453,2907.82
31170,-3.6619,-1.3994,12.2068,1461,2907.82
31175,-2.7737,2.2637,8.8861,1471,2908.1
31180,1.9872,3.7457,10.1047,1451,2908.1
31185,0.5004,1.5682,11.8956,1465,2908.1
31190,-3.0239,-1.5802,12.4211,1449,2908.1
31195,-3.6344,1.9285,9.1171,1453,2908.1
31200,1.8687,3.5183,9.9599,1469,2907.82
31205,1.5945,2.0746,11.6705,1459,2907.82
31210,-1.7933,-0.9086,12.6402,1451,2907.82
31215,-4.9177,0.8128,10.2951,1463,2907.82
31220,1.646,3.3279,9.6965,1464,2908.53
31225,2.7378,3.3495,10.9188,1453,2908.53
31230,-1.6759,-0.3388,12.5504,1448,2908.53
31235,-5.0206,0.2909,10.8062,1451,2908.53
31240,0.2394,2.8982,8.983,1463,2908.81
31245,2.6348,3.6655,10.6853,1455,2908.81
31250,-1.5897,0.1676,12.487,1459,2908.81
31255,-4.7154,-0.2801,11.2863,1452,2908.81
31260,-0.5483,2.7485,8.8178,1477,2908.67
31265,2.5187,3.8475,10.5165,1453,2908.67
31270,-1.3731,0.6225,12.3804,1449,2908.67
31275,-4.2964,-0.8152,11.7076,1461,2908.67
31280,-1.4712,2.5223,8.7233,1490,2908.67
31285,2.2601,3.8523,10.3741,1453,2908.67
31290,-0.8116,0.9864,12.1769,1454,2908.67
31295,-3.8176,-1.3012,12.056,1455,2908.67
31300,-2.3822,2.2625,8.7424,1483,2908.67
31305,2.0626,3.729,10.2843,1459,2908.67
31310,0.079,1.3707,11.9531,1451,2908.67
31315,-3.2836,-1.6041,12.3277,1449,2908.67
31320,-3.3674,2.053,9.0345,1485,2908.53
31325,1.8124,3.5721,10.0497,1461,2908.53
31330,1.1588,1.8687,11.7304,1451,2908.53
31335,-2.806,-1.5431,12.457,1463,2908.53
31340,-4.1276,1.7968,9.3996,1487,2908.67
31345,1.6915,3.3926,9.8294,1449,2908.67
31350,2.0674,2.4217,11.5089,1464,2908.67
31355,-2.2063,-1.3288,12.6127,1451,2908.67
31360,-4.6735,1.4054,9.8869,1451,2908.67
31365,1.3755,3.2178,9.5385,1463,2908.24
31370,2.6635,2.9233,11.218,1459,2908.24
31375,-1.8148,-0.8523,12.6186,1448,2908.24
31380,-4.9392,0.8619,10.3346,1463,2908.24
31385,0.8978,3.0742,9.2356,1467,2908.24
31390,2.7485,3.3136,10.969,1453,2908.24
31395,-1.6197,-0.3567,12.6258,1451,2908.24
31400,-4.9309,0.2346,10.7631,1453,2908.24
31405,0.1808,2.8431,8.9435,1463,2907.96
31410,2.6169,3.6033,10.7033,1463,2907.96
31415,-1.5718,0.164,12.5157,1449,2907.96
31420,-4.7477,-0.3172,11.3306,1453,2907.96
31425,-0.5818,2.6947,8.8334,1467,2908.1
31430,2.3918,3.8235,10.5357,1455,2908.1
31435,-1.4198,0.6237,12.3972,1451,2908.1
31440,-4.3443,-0.8619,11.7663,1463,2908.1
31445,-1.5036,2.5414,8.6933,1471,2908.1
31450,2.2733,3.8954,10.4507,1453,2908.1
31455,-0.8404,1.0151,12.1661,1451,2908.1
31460,-3.8008,-1.2629,12.0632,1455,2908.1
31465,-2.478,2.302,8.8083,1483,2908.24
31470,2.1033,3.8044,10.2161,1463,2908.24
31475,0.079,1.4078,11.8716,1451,2908.24
31480,-3.237,-1.5467,12.3672,1451,2908.24
31485,-3.3734,2.0004,9.0034,1465,2907.82
31490,1.9357,3.5817,10.0736,1461,2907.82
31495,1.1959,1.8699,11.7771,1452,2907.82
31500,-2.721,-1.6161,12.5193,1461,2907.82
31505,-4.1803,1.7059,9.341,1478,2908.39
31510,1.6831,3.3459,9.7827,1449,2908.39
31515,2.0482,2.4241,11.4718,1459,2908.39
31520,-2.2625,-1.3455,12.6031,1451,2908.39
31525,-4.7226,1.342,9.833,1449,2908.39
31530,1.3695,3.2441,9.5397,1468,2907.82
31535,2.5905,2.9137,11.1833,1455,2907.82
31540,-1.8842,-0.8475,12.6641,1451,2907.82
31545,-4.9356,0.8655,10.3298,1463,2907.82
31550,0.893,3.067,9.2249,1464,2907.96
31555,2.7557,3.3459,10.8745,1451,2907.96
31560,-1.6089,-0.2825,12.6809,1455,2907.96
31565,-4.8746,0.237,10.8158,1453,2907.96
31570,0.1963,2.9425,8.9471,1460,2908.24
31575,2.6911,3.699,10.6734,1459,2908.24
31580,-1.5526,0.1927,12.5277,1451,2908.24
31585,-4.7345,-0.3891,11.2755,1451,2908.24
31590,-0.5746,2.7222,8.7329,1469,2908.39
31595,2.4181,3.8008,10.4842,1455,2908.39
31600,-1.3862,0.589,12.3505,1447,2908.39
31605,-4.3467,-0.9002,11.7292,1461,2908.39
31610,-1.4976,2.5199,8.6969,1485,2908.1
31615,2.2266,3.893,10.3453,1449,2908.1
31620,-0.8679,1.0259,12.1673,1460,2908.1
31625,-3.8427,-1.306,12.1206,1453,2908.1
31630,-2.4648,2.3296,8.7855,1485,2907.96
31635,2.0698,3.8032,10.2161,1463,2907.96
31640,0.0802,1.4796,11.9483,1451,2907.96
31645,-3.2549,-1.5347,12.3457,1453,2907.96
31650,-3.3507,2.0183,9.0034,1468,2907.96
31655,1.9561,3.6344,10.0006,1454,2907.96
31660,1.2282,1.8902,11.7316,1451,2907.96
31665,-2.6947,-1.6185,12.5001,1455,2907.96
31670,-4.1432,1.7286,9.3422,1493,2908.1
31675,1.6951,3.3914,9.8282,1453,2908.1
31680,2.1296,2.4289,11.5077,1462,2908.1
31685,-2.1859,-1.3587,12.6067,1455,2908.1
31690,-4.7106,1.3048,9.8485,1453,2908.1
31695,1.3671,3.1999,9.4379,1465,2907.82
31700,2.6109,2.8946,11.1642,1461,2907.82
31705,-1.8723,-0.8523,12.6665,1448,2907.82
31710,-4.9572,0.8727,10.4208,1461,2907.82
31715,0.8284,3.0861,9.2165,1467,2908.1
31720,2.7497,3.3627,10.9176,1453,2908.1
31725,-1.6975,-0.3136,12.6115,1459,2908.1
31730,-4.9081,0.2717,10.8565,1453,2908.1
31735,0.1987,2.9054,9.0034,1464,2907.82
31740,2.6384,3.6966,10.6949,1459,2907.82
31745,-1.5574,0.2131,12.5265,1451,2907.82
31750,-4.6831,-0.3244,11.3749,1453,2907.82
31755,-0.5854,2.727,8.7664,1469,2907.82
31760,2.4505,3.8307,10.4591,1452,2907.82
31765,-1.3491,0.662,12.3289,1448,2907.82
31770,-4.2701,-0.9337,11.7603,1462,2907.82
31775,-1.5143,2.4493,8.7089,1489,2907.68
31780,2.217,3.8188,10.3669,1453,2907.68
31785,-0.7973,0.9876,12.1374,1459,2907.68
31790,-3.8176,-1.3611,12.0368,1455,2907.68
31795,-2.484,2.2781,8.7173,1481,2907.68
31800,2.0435,3.7493,10.1885,1459,2907.68
31805,0.1281,1.3982,11.8932,1451,2907.68
31810,-3.2585,-1.5215,12.384,1451,2907.68
31815,-3.4393,2.0794,9.0489,1495,2908.1
31820,1.8495,3.6021,9.9671,1458,2908.1
31825,1.2234,1.98,11.7208,1453,2908.1
31830,-2.6827,-1.5251,12.5336,1462,2908.1
31835,-4.1563,1.7071,9.4176,1492,2907.96
31840,1.6759,3.4285,9.7695,1451,2907.96
31845,2.1668,2.4529,11.4371,1459,2907.96
31850,-2.1093,-1.2905,12.621,1451,2907.96
31855,-4.6974,1.2761,9.8246,1453,2907.96
31860,1.3515,3.201,9.4882,1463,2908.24
31865,2.6468,2.9197,11.2204,1454,2908.24
31870,-1.743,-0.8823,12.6139,1451,2908.24
31875,-4.9656,0.7482,10.331,1463,2908.24
31880,0.8152,3.0023,9.1973,1463,2908.24
31885,2.7282,3.3794,10.9343,1453,2908.24
31890,-1.6113,-0.2945,12.6174,1453,2908.24
31895,-4.9775,0.2143,10.7967,1455,2908.24
31900,0.1784,2.9365,9.0034,1467,2908.24
31905,2.5929,3.6763,10.665,1461,2908.24
31910,-1.6281,0.1784,12.5181,1452,2908.24
31915,-4.6878,-0.3496,11.4311,1453,2908.24
31920,-0.674,2.7737,8.843,1467,2908.1
31925,2.4074,3.863,10.5249,1455,2908.1
31930,-1.3563,0.6823,12.3421,1453,2908.1
31935,-4.2665,-0.8739,11.7675,1459,2908.1
31940,-1.585,2.4983,8.7281,1481,2908.1
31945,2.2781,3.8235,10.3418,1455,2908.1
31950,-0.6979,1.0187,12.0787,1455,2908.1
31955,-3.7242,-1.3479,12.0596,1459,2908.1
31960,-2.5223,2.2721,8.8418,1465,2907.68
31965,2.0782,3.6739,10.1909,1459,2907.68
31970,0.2418,1.3994,11.9124,1449,2907.68
31975,-3.2094,-1.5826,12.305,1451,2907.68
31980,-3.4512,2.0171,9.0285,1479,2907.54
31985,1.8591,3.6069,10.0413,1461,2907.54
31990,1.2534,1.9716,11.6825,1450,2907.54
31995,-2.6779,-1.5227,12.5612,1453,2907.54
32000,-4.2138,1.6903,9.4822,1478,2907.68
32005,1.6233,3.3878,9.7743,1451,2907.68
32010,2.156,2.4708,11.4287,1461,2907.68
32015,-2.1871,-1.2198,12.5875,1453,2907.68
32020,-4.6819,1.3072,9.8785,1456,2907.68
32025,1.2917,3.2322,9.4547,1455,2907.68
32030,2.6791,2.9724,11.1438,1453,2907.68
32035,-1.7849,-0.7578,12.6474,1451,2907.68
32040,-4.9009,0.741,10.3896,1462,2907.68
32045,0.8116,2.9796,9.1111,1463,2907.96
32050,2.7821,3.3519,10.8876,1453,2907.96
32055,-1.5874,-0.2538,12.5432,1451,2907.96
32060,-4.8997,0.1077,10.884,1453,2907.96
32065,0.0946,2.8228,8.8813,1469,2908.1
32070,2.4852,3.6966,10.6805,1452,2908.1
32075,-1.239,0.2466,12.5289,1447,2908.1
32080,-4.8399,-0.3819,11.3102,1436,2908.1
32085,-0.4741,2.8754,8.6179,1461,2942.47
32090,2.5438,3.881,10.3322,1440,2942.47
32095,-0.5291,0.3136,12.8341,1435,2942.47
32100,-5.466,-0.6285,11.5963,1437,2942.47
32105,-1.002,2.9269,8.2959,1452,3005.86
32110,2.8898,3.6847,10.2747,1435,3005.86
32115,0.1748,0.0611,13.0448,1431,3005.86
32120,-6.2944,-0.4226,11.6478,1429,3005.86
32125,-0.6081,3.1101,8.0337,1437,3043.52
32130,3.316,3.5997,10.1778,1427,3043.52
32135,0.1006,-0.2969,13.5081,1427,3043.52
32140,-7.1132,0.0084,11.4634,1428,3043.52
32145,0.1185,3.2717,7.7548,1435,3065.76
32150,3.7781,3.4764,10.2627,1423,3065.76
32155,-0.5507,-0.7242,14.048,1423,3065.76
32160,-7.5693,0.5507,11.054,1432,3065.76
32165,0.9876,3.3351,7.5681,1433,3079.45
32170,4.1767,3.2597,10.586,1431,3079.45
32175,-1.6735,-1.1875,14.5256,1421,3079.45
32180,-7.5908,1.0774,10.4363,1425,3079.45
32185,1.7262,3.3722,7.5585,1433,3087.21
32190,4.5143,3.0059,11.0576,1431,3087.21
32195,-3.0454,-1.5598,14.6429,1421,3087.21
32200,-7.1204,1.5993,9.7312,1465,3092.15
32205,2.2482,3.3447,7.7081,1421,3092.15
32210,4.5574,2.5295,11.8262,1421,3092.15
32215,-4.3562,-1.6975,14.5843,1429,3092.15
32220,-6.1351,2.1117,9.0106,1433,3095.02
32225,2.5917,3.3698,7.8506,1427,3095.02
32230,4.2928,1.913,12.463,1421,3095.02
32235,-5.515,-1.6113,14.1916,1425,3095.02
32240,-4.7884,2.5738,8.4539,1449,3096.93
32245,2.8754,3.4991,8.1487,1428,3096.93
32250,3.559,1.1696,13.1549,1423,3096.93
32255,-6.5805,-1.2629,13.611,1430,3096.93
32260,-3.2082,2.8587,7.859,1450,3097.89
32265,3.1963,3.6164,8.4695,1431,3097.89
32270,2.4792,0.4226,13.8744,1417,3097.89
32275,-7.4424,-0.7901,13.064,1428,3097.89
32280,-1.6688,3.0622,7.422,1443,3098.85
32285,3.6655,3.7302,8.9016,1429,3098.85
32290,1.1241,-0.2358,14.3987,1419,3098.85
32295,-7.9188,-0.146,12.293,1429,3098.85
32300,-0.1808,3.1424,7.2137,1437,3099.01
32305,4.13,3.6344,9.4224,1420,3099.01
