timestamp_ms,ax,ay,az,acs_adc,rpm
15419,-0.3519,2.3762,10.0808,1550,2511.09
15424,0.6213,3.8188,10.3597,1523,2511.09
15429,-3.1639,1.7202,10.2843,1517,2511.09
15434,-0.8428,-0.644,12.1206,1515,2511.09
15439,-1.8603,0.7314,11.2061,1517,2511.09
15444,-0.0323,2.6384,10.0078,1529,2511.72
15449,0.4645,3.6344,10.3609,1528,2511.72
15454,-2.3894,0.929,10.3968,1515,2511.72
15459,-1.1839,-0.6273,12.1482,1517,2511.72
15464,-1.4066,1.4605,10.7308,1529,2511.72
15469,0.3244,3.1627,10.0784,1525,2512.35
15474,-0.2885,3.1232,10.4196,1523,2512.35
15479,-1.1947,0.146,10.9942,1516,2512.35
15484,-1.567,-0.6416,12.0488,1527,2512.35
15489,-0.8871,1.8998,10.2651,1531,2512.35
15494,0.6488,3.6105,10.2197,1515,2512.35
15499,-1.7466,2.5929,10.3561,1527,2512.35
15504,-0.6632,-0.3807,11.6646,1509,2512.35
15509,-1.919,-0.2897,11.7507,1519,2512.35
15514,-0.425,2.2565,10.167,1564,2512.35
15519,0.7242,3.8235,10.3394,1513,2512.35
15524,-3.0011,2.0135,10.2089,1525,2512.35
15529,-0.7961,-0.6488,11.9435,1517,2512.35
15534,-2.0063,0.3747,11.4203,1515,2512.35
15539,-0.1257,2.5319,10.0377,1549,2511.83
15544,0.6129,3.8523,10.4184,1515,2511.83
15549,-2.879,1.3324,10.222,1527,2511.83
15554,-1.0139,-0.6572,12.1805,1511,2511.83
15559,-1.6305,1.1181,10.9439,1515,2511.83
15564,0.0934,2.9018,10.1023,1533,2511.41
15569,0.0826,3.4381,10.4543,1514,2511.41
15574,-1.6975,0.5231,10.6973,1511,2511.41
15579,-1.3336,-0.6871,12.1111,1523,2511.41
15584,-1.0798,1.6987,10.4232,1519,2511.41
15589,0.4764,3.3998,10.1634,1525,2510.78
15594,-1.0511,2.891,10.3908,1516,2510.78
15599,-0.8404,-0.1197,11.2958,1518,2510.78
15604,-1.7346,-0.5243,11.9052,1515,2510.78
15609,-0.6105,2.1476,10.2244,1555,2510.46
15614,0.644,3.7014,10.2256,1531,2510.46
15619,-2.5474,2.3511,10.3477,1515,2510.46
15624,-0.7386,-0.5052,11.8501,1516,2510.46
15629,-1.9501,0.0527,11.6238,1524,2510.46
15634,-0.237,2.3846,10.0245,1557,2511.09
15639,0.6452,3.8211,10.3872,1522,2511.09
15651,0.0,-29.9981,0.1556,1529,2511.09
15654,-1.798,0.7901,11.1115,1523,2511.09
15659,-0.0335,2.6995,10.0712,1533,2511.3
15664,0.3998,3.6033,10.4232,1531,2511.3
15669,-2.3331,0.8523,10.5034,1517,2511.3
15674,-1.233,-0.6692,12.1302,1517,2511.3
15679,-1.3779,1.4557,10.6614,1528,2511.3
15684,0.3711,3.1424,10.1299,1524,2511.41
15689,-0.2969,3.0873,10.4088,1523,2511.41
15694,-1.1636,0.0718,10.9547,1518,2511.41
15699,-1.6005,-0.6213,11.9782,1525,2511.41
15704,-0.8224,2.0135,10.3286,2201,2510.57
15709,0.6536,3.5853,10.1682,1513,2510.57
15714,-1.7657,2.5821,10.3729,1529,2510.57
15719,-0.6907,-0.4298,11.57,1513,2510.57
15724,-1.8735,-0.2765,11.8298,1519,2510.57
15729,-0.4453,2.1979,10.0688,1541,2512.46
15734,0.7566,3.9133,10.3394,1515,2512.46
15739,-3.0502,2.0087,10.1394,1527,2512.46
15744,-0.7494,-0.5902,12.0728,1513,2512.46
15749,-1.9716,0.3627,11.3401,1519,2512.46
15754,-0.1281,2.5462,10.082,1557,2511.83
15759,0.5626,3.8128,10.4663,1515,2511.83
15764,-2.8838,1.2941,10.3346,1533,2511.83
15769,-1.0343,-0.6608,12.1015,1513,2511.83
15774,-1.6185,1.1337,10.8996,1515,2511.83
15779,0.1879,2.9173,10.1394,1547,2511.72
15784,0.0539,3.377,10.4004,1518,2511.72
15789,-1.6735,0.4788,10.7284,1513,2511.72
15794,-1.391,-0.6213,12.0656,1527,2511.72
15799,-1.0894,1.7597,10.471,1523,2511.72
15804,0.492,3.3339,10.137,1525,2511.41
15809,-1.1504,2.8359,10.3765,1519,2511.41
15814,-0.8404,-0.1891,11.3665,1518,2511.41
15819,-1.7358,-0.4214,11.9171,1517,2511.41
15824,-0.5231,2.1344,10.1347,1547,2511.09
15829,0.6979,3.7565,10.2843,1547,2511.09
15834,-2.6157,2.2817,10.1909,1515,2511.09
15839,-0.6835,-0.4752,11.8968,1516,2511.09
15844,-2.0087,0.0275,11.5329,1515,2511.09
15849,-0.2334,2.4612,10.0389,1555,2510.99
15854,0.6656,3.8355,10.2831,1523,2510.99
15859,-3.1591,1.6436,10.2855,1517,2510.99
15864,-0.9625,-0.6632,12.1386,1517,2510.99
15869,-1.8028,0.8691,11.1869,1517,2510.99
15874,0.1089,2.7988,10.0628,1533,2511.93
15879,0.401,3.5949,10.4399,1529,2511.93
15884,-2.2913,0.7362,10.3968,1515,2511.93
15889,-1.2234,-0.68,12.1194,1523,2511.93
15894,-1.3443,1.5251,10.6793,1530,2511.93
15899,0.4034,3.2226,10.1143,1529,2512.56
15904,-0.3567,3.1304,10.398,1525,2512.56
15909,-1.1564,0.1053,10.987,1524,2512.56
15914,-1.6293,-0.6105,11.9818,1523,2512.56
15919,-0.7877,1.9477,10.2843,1532,2512.56
15924,0.7039,3.6571,10.2053,1519,2512.56
15929,-1.919,2.563,10.3022,1527,2512.56
15934,-0.6871,-0.3555,11.6646,1509,2512.56
15939,-1.9417,-0.3172,11.7627,1525,2512.56
15944,-0.3783,2.2853,10.0952,1561,2514.14
15949,0.7039,3.8307,10.3238,1511,2514.14
15954,-3.1292,1.9609,10.2376,1523,2514.14
15959,-0.7865,-0.5567,11.9447,1515,2514.14
15964,-1.9261,0.5076,11.3114,1517,2514.14
15969,-0.1018,2.5211,9.9958,1533,2513.93
15974,0.4908,3.7685,10.4627,1518,2513.93
15979,-2.8323,1.2043,10.307,1525,2513.93
15984,-1.0762,-0.5842,12.1865,1513,2513.93
15989,-1.5838,1.2414,10.7931,1517,2513.93
15994,0.2358,2.9892,10.1083,1547,2514.35
15999,-0.0658,3.3291,10.4088,1519,2514.35
16004,-1.5299,0.3543,10.8374,1515,2514.35
16009,-1.4784,-0.6261,12.0309,1529,2514.35
16014,-0.972,1.8459,10.4591,1514,2514.35
16019,0.595,3.4572,10.1885,1531,2514.67
16024,-1.3168,2.7689,10.3549,1517,2514.67
16029,-0.7697,-0.2849,11.3796,1513,2514.67
16034,-1.8507,-0.3879,11.8669,1517,2514.67
16039,-0.4693,2.1979,10.1335,1559,2514.99
16044,0.8021,3.7984,10.2951,1529,2514.99
16049,-2.8168,2.1763,10.2544,1515,2514.99
16054,-0.7889,-0.5997,11.9698,1518,2514.99
16059,-2.0111,0.2023,11.5125,1531,2514.99
16064,-0.1317,2.4469,10.0197,1553,2515.51
16069,0.6692,3.8714,10.4136,1527,2515.51
16074,-3.0478,1.4341,10.2029,1526,2515.51
16079,-0.9804,-0.65,12.1206,1507,2515.51
16084,-1.7394,0.9637,11.0456,1519,2515.51
16089,0.1317,2.8826,10.0245,1528,2515.2
16094,0.2813,3.5171,10.3501,1523,2515.2
16099,-1.9764,0.6524,10.5931,1515,2515.2
16104,-1.3204,-0.6991,12.0524,1513,2515.2
16109,-1.1935,1.6496,10.5668,1532,2515.2
16114,0.4322,3.2836,10.1754,1527,2514.99
16119,-0.7614,2.9939,10.4639,1525,2514.99
16124,-0.9206,-0.1161,11.157,1519,2514.99
16129,-1.6843,-0.5734,11.9531,1516,2514.99
16134,-0.6776,2.0782,10.2137,1561,2515.3
16139,0.6572,3.6978,10.2412,1525,2515.3
16144,-2.3511,2.411,10.2711,1515,2515.3
16149,-0.7183,-0.4022,11.7603,1517,2515.3
16154,-1.9321,-0.0108,11.649,1514,2515.3
16159,-0.267,2.3415,10.0724,1557,2514.99
16164,0.6644,3.814,10.3932,1515,2514.99
16169,-3.2585,1.6807,10.252,1529,2514.99
16174,-0.8679,-0.5902,12.135,1527,2514.99
16179,-1.8914,0.7649,11.1486,1515,2514.99
16184,0.0299,2.7402,10.0102,1557,2514.88
16189,0.407,3.6212,10.4016,1527,2514.88
16194,-2.4732,0.9098,10.4902,1517,2514.88
16199,-1.2773,-0.6656,12.1171,1518,2514.88
16204,-1.4257,1.4784,10.7404,1525,2514.88
16209,0.3903,3.1101,10.0401,1547,2514.88
16214,-0.2861,3.1532,10.4746,1525,2514.88
16219,-1.2031,0.0886,10.9343,1515,2514.88
16224,-1.5886,-0.6069,12.0416,1529,2514.88
16229,-0.8272,1.9369,10.3298,1511,2514.88
16234,0.6668,3.6571,10.258,1531,2515.09
16239,-1.8471,2.5247,10.2891,1527,2515.09
16244,-0.6823,-0.4046,11.6442,1519,2515.09
16249,-1.9477,-0.3053,11.7543,1523,2515.09
16254,-0.3484,2.2889,10.1203,1543,2515.2
16259,0.8344,3.8367,10.3118,1518,2515.2
16264,-3.073,1.9884,10.3058,1519,2515.2
16269,-0.7889,-0.5962,12.0333,1513,2515.2
16274,-1.9944,0.3986,11.3497,1517,2515.2
16279,-0.085,2.5558,10.0281,1557,2515.83
16284,0.5962,3.7649,10.3573,1528,2515.83
16289,-2.7916,1.1971,10.2999,1529,2515.83
16294,-1.1648,-0.6632,12.1434,1513,2515.83
16299,-1.5993,1.221,10.8972,1513,2515.83
16304,0.2119,2.9329,10.1251,1545,2515.72
16309,-0.0311,3.4046,10.4531,1517,2515.72
16314,-1.5706,0.3579,10.7643,1515,2515.72
16319,-1.4569,-0.6357,12.0165,1529,2515.72
16324,-1.0499,1.7873,10.4375,1519,2515.72
16329,0.571,3.4309,10.1957,1543,2515.62
16334,-1.2797,2.7761,10.3394,1513,2515.62
16339,-0.7889,-0.2011,11.4634,1517,2515.62
16344,-1.8423,-0.3891,11.88,1517,2515.62
16349,-0.8882,1.9213,10.3872,1561,2515.93
16354,0.6752,3.7505,10.2472,1529,2515.93
16359,-1.506,2.7246,10.3681,1515,2515.93
16364,-0.7709,-0.3136,11.4874,1519,2515.93
16369,-1.8076,-0.3136,11.8286,1529,2515.93
16374,-0.4441,2.1691,10.094,1555,2515.93
16379,0.6859,3.7804,10.3094,1525,2515.93
16384,-2.9413,2.0806,10.2556,1525,2515.93
16389,-0.8272,-0.5303,12.0057,1515,2515.93
16394,-1.9668,0.3292,11.4179,1524,2515.93
16399,-0.1317,2.4972,10.0054,1529,2516.15
16404,0.6309,3.8032,10.3896,1525,2516.15
16409,-3.0418,1.3048,10.2592,1516,2516.15
16414,-1.069,-0.6105,12.1661,1513,2516.15
16419,-1.6783,1.1121,10.9726,1531,2516.15
16424,0.2322,2.9521,10.0832,1525,2516.15
16429,0.1891,3.4081,10.3848,1517,2516.15
16434,-1.8495,0.4645,10.6805,1519,2516.15
16439,-1.4389,-0.6728,12.0776,1517,2516.15
16444,-1.0846,1.7717,10.5584,1567,2516.36
16449,0.565,3.3758,10.1143,1518,2516.36
16454,-0.893,2.9066,10.4483,1519,2516.36
16459,-0.8655,-0.2346,11.2168,1515,2516.36
16464,-1.7765,-0.4956,11.8992,1515,2516.36
16469,-0.5902,2.1045,10.1622,1555,2516.46
16474,0.7506,3.8044,10.2771,1518,2516.46
16479,-2.6157,2.2577,10.2639,1531,2516.46
16484,-0.7099,-0.5291,11.8585,1525,2516.46
16489,-1.9908,0.0287,11.5377,1517,2516.46
16494,-0.2107,2.4086,10.0533,1561,2516.57
16499,0.7147,3.8427,10.3513,1529,2516.57
16504,-3.1855,1.5957,10.2903,1515,2516.57
16509,-0.9816,-0.6393,12.1458,1525,2516.57
16514,-1.7957,0.8499,11.1067,1523,2516.57
16519,0.0754,2.7677,10.0425,1547,2516.25
16524,0.3496,3.5482,10.4734,1525,2516.25
16529,-2.2218,0.7697,10.5381,1514,2516.25
16534,-1.2462,-0.6416,12.0764,1527,2516.25
16539,-1.257,1.5706,10.586,1517,2516.25
16544,0.3962,3.2322,10.0449,1530,2516.36
16549,-0.6141,3.0849,10.4543,1531,2516.36
16554,-1.0882,-0.0383,11.0456,1513,2516.36
16559,-1.6616,-0.5028,11.9471,1528,2516.36
16564,-0.6835,1.9956,10.2256,1541,2516.67
16569,0.7362,3.6583,10.2879,1517,2516.67
16574,-2.2015,2.4098,10.2568,1523,2516.67
16579,-0.7159,-0.4693,11.7902,1515,2516.67
16584,-1.9573,-0.0922,11.6957,1516,2516.67
16589,-0.2394,2.387,10.1359,1563,2517.1
16594,0.7135,3.875,10.3489,1525,2517.1
16599,-3.1903,1.8208,10.2699,1530,2517.1
16604,-0.893,-0.6357,12.0392,1511,2517.1
16609,-1.8771,0.6728,11.2516,1517,2517.1
16614,0.0467,2.6564,10.0078,1545,2516.99
16619,0.5411,3.6978,10.4615,1520,2516.99
16624,-2.6157,0.9637,10.4028,1513,2516.99
16629,-1.2318,-0.6764,12.2092,1533,2516.99
16634,-1.415,1.4102,10.7679,1519,2516.99
16639,0.3699,3.0933,10.0556,1529,2517.2
16644,-0.1676,3.2154,10.3633,1523,2517.2
16649,-1.3324,0.1652,10.8864,1515,2517.2
16654,-1.5299,-0.662,12.0069,1517,2517.2
16659,-0.8643,1.8771,10.3286,1545,2517.41
16664,0.7015,3.6093,10.2627,1527,2517.41
16669,-1.6245,2.6432,10.2975,1517,2517.41
16674,-0.7051,-0.3591,11.497,1523,2517.41
16679,-1.8771,-0.2981,11.7663,1541,2517.41
16684,-0.4142,2.247,10.1203,1555,2517.73
16689,0.7207,3.8056,10.2651,1529,2517.73
16694,-3.0406,2.0004,10.2843,1527,2517.73
16699,-0.808,-0.571,11.9674,1517,2517.73
16704,-1.9285,0.4453,11.3784,1523,2517.73
16709,-0.1209,2.5331,9.9922,1530,2518.05
16714,0.5686,3.796,10.4196,1524,2518.05
16719,-2.9293,1.1516,10.3046,1517,2518.05
16724,-1.0786,-0.6153,12.1805,1513,2518.05
16729,-1.5514,1.1863,10.8493,1532,2518.05
16734,0.2227,2.9832,10.1394,1529,2518.15
16739,0.0108,3.3112,10.4256,1519,2518.15
16744,-1.6125,0.3508,10.7955,1527,2518.15
16749,-1.4353,-0.6045,12.0237,1519,2518.15
16754,-0.9649,1.8435,10.4555,1566,2518.36
16759,0.6249,3.4213,10.1634,1525,2518.36
16764,-1.2438,2.7258,10.4016,1517,2518.36
16769,-0.7829,-0.2981,11.3701,1519,2518.36
16774,-1.816,-0.3531,11.9135,1519,2518.36
16779,-0.4741,2.1907,10.1215,1555,2519.0
16784,0.8428,3.8463,10.2544,1520,2519.0
16789,-2.8299,2.1488,10.2232,1518,2519.0
16794,-0.814,-0.5638,11.9124,1523,2519.0
16799,-1.9716,0.1975,11.5185,1517,2519.0
16804,-0.164,2.4624,10.058,1545,2519.21
16809,0.6955,3.8654,10.41,1531,2519.21
16814,-3.0754,1.385,10.2508,1517,2519.21
16819,-1.0439,-0.6776,12.1362,1523,2519.21
16824,-1.6831,1.0343,10.9427,1531,2519.21
16829,0.2035,2.8575,10.0521,1526,2519.63
16834,0.2119,3.486,10.4004,1527,2519.63
16839,-1.8962,0.5555,10.6781,1525,2519.63
16844,-1.3479,-0.6704,12.0321,1519,2519.63
16849,-1.1085,1.6951,10.5872,1545,2519.63
16854,0.5064,3.3208,10.1514,1515,2519.63
16859,-0.9098,2.8934,10.4004,1513,2519.63
16864,-0.9194,-0.1963,11.1941,1513,2519.63
16869,-1.6819,-0.4525,11.9435,1523,2519.63
16874,-0.5567,2.0925,10.1418,1557,2519.84
16879,0.7099,3.7673,10.2723,1517,2519.84
16884,-2.575,2.2733,10.2532,1529,2519.84
16889,-0.7661,-0.4645,11.88,1525,2519.84
16894,-1.9261,0.0706,11.4646,1519,2519.84
16899,-0.1951,2.4565,10.0221,1565,2519.84
16904,0.6416,3.8128,10.3477,1525,2519.84
16909,-3.1675,1.5622,10.3034,1519,2519.84
16914,-0.9708,-0.6237,12.1111,1519,2519.84
16919,-1.7178,0.9397,11.1043,1527,2519.84
16924,0.1329,2.8216,10.0545,1549,2520.06
16929,0.3759,3.5578,10.4256,1527,2520.06
16934,-2.156,0.656,10.4794,1514,2520.06
16939,-1.385,-0.6883,12.074,1533,2520.06
16944,-1.257,1.6412,10.6027,1523,2520.06
16949,0.4752,3.286,10.1059,1533,2523.23
16954,-0.6393,2.9951,10.3884,1541,2523.23
16959,-1.0343,-0.1365,11.0816,1515,2523.23
16964,-1.7478,-0.516,11.959,1529,2523.23
16969,-0.6261,2.0853,10.2232,1566,2527.7
16974,0.814,3.7912,10.2113,1517,2527.7
16979,-2.4265,2.326,10.2592,1528,2527.7
16984,-0.7649,-0.5195,11.8453,1519,2527.7
16989,-1.9848,0.0455,11.5041,1515,2527.7
16994,-0.2191,2.3715,10.0509,1544,2526.42
16999,0.7374,3.8451,10.3741,1525,2526.42
17004,-3.2142,1.6233,10.343,1516,2526.42
17009,-1.0415,-0.6776,12.0548,1523,2526.42
17014,-1.7885,0.9134,11.1175,1527,2526.42
17019,0.0515,2.7354,10.0365,1547,2523.98
17024,0.3723,3.5494,10.4555,1523,2523.98
17029,-2.1644,0.6644,10.5237,1523,2523.98
17034,-1.2881,-0.6093,12.147,1529,2523.98
17039,-1.2079,1.6592,10.5536,1517,2523.98
17044,0.4369,3.31,10.0963,1527,2522.28
17049,-0.6764,2.9149,10.3741,1531,2522.28
17054,-1.0367,-0.0826,11.2144,1511,2522.28
17059,-1.7214,-0.5052,11.9135,1523,2522.28
17064,-0.5866,2.1009,10.2544,1547,2520.58
17069,0.7374,3.7206,10.2412,1519,2520.58
17074,-2.3248,2.381,10.2544,1527,2520.58
17079,-0.7626,-0.5064,11.7579,1517,2520.58
17084,-1.962,0.0144,11.6155,1517,2520.58
17089,-0.2239,2.4445,10.082,1565,2520.16
17094,0.7338,3.8427,10.3501,1519,2520.16
17099,-3.1663,1.6999,10.3058,1531,2520.16
17104,-1.0008,-0.6668,12.0392,1515,2520.16
17109,-1.8172,0.7817,11.1235,1517,2520.16
17114,0.0407,2.727,10.0437,1551,2519.42
17119,0.4381,3.6284,10.4794,1523,2519.42
17124,-2.4122,0.8308,10.422,1515,2519.42
17129,-1.2558,-0.6979,12.1254,1529,2519.42
17134,-1.3192,1.4844,10.6614,1517,2519.42
17139,0.4106,3.1855,10.155,1531,2519.21
17144,-0.419,3.1113,10.3777,1526,2519.21
17149,-1.2139,0.0862,11.0409,1513,2519.21
17154,-1.6185,-0.6381,11.9878,1519,2519.21
17159,-0.7458,2.0087,10.2759,1543,2518.68
17164,0.6584,3.6069,10.2113,1517,2518.68
17169,-1.9561,2.5343,10.386,1515,2518.68
17174,-0.7326,-0.401,11.6238,1519,2518.68
17179,-1.8771,-0.1999,11.6442,1529,2518.68
17184,-0.3424,2.2505,10.0066,1553,2518.89
17189,0.7697,3.8331,10.3418,1531,2518.89
17194,-3.1987,1.8771,10.2292,1530,2518.89
17199,-0.9086,-0.5997,12.074,1517,2518.89
17204,-1.9261,0.571,11.2408,1519,2518.89
17209,-0.0515,2.6085,10.0054,1545,2519.74
17214,0.5291,3.6835,10.4663,1515,2519.74
17219,-2.7222,0.9673,10.4004,1513,2519.74
17224,-1.166,-0.668,12.1446,1519,2519.74
17229,-1.4569,1.403,10.7464,1533,2519.74
17234,0.346,3.1232,10.0724,1527,2519.95
17239,-0.1712,3.2058,10.4543,1523,2519.95
17244,-1.3276,0.1472,10.9068,1528,2519.95
17249,-1.585,-0.6381,11.959,1519,2519.95
17254,-0.8104,1.9656,10.3681,1543,2519.53
17259,0.7338,3.547,10.1347,1531,2519.53
17264,-1.7166,2.5714,10.3681,1517,2519.53
17269,-0.7458,-0.4118,11.4443,1521,2519.53
17274,-1.919,-0.2466,11.7627,1527,2519.53
17279,-0.3998,2.2494,10.0377,1559,2519.1
17284,0.8571,3.8882,10.4064,1513,2519.1
17289,-3.0478,1.968,10.1742,1529,2519.1
17294,-0.8835,-0.6404,11.9495,1515,2519.1
17299,-1.9237,0.4022,11.315,1519,2519.1
17304,-0.0575,2.5498,10.1011,1528,2519.0
17309,0.6009,3.7649,10.3992,1531,2519.0
17314,-2.8994,1.2486,10.4279,1517,2519.0
17319,-1.1253,-0.6464,12.0907,1517,2519.0
17324,-1.5359,1.2534,10.8589,1533,2519.0
17329,0.2251,2.9676,10.0784,1522,2518.89
17334,0.0287,3.3794,10.404,1519,2518.89
17339,-1.6424,0.2969,10.7967,1529,2518.89
17344,-1.4617,-0.6105,12.0859,1515,2518.89
17349,-0.9469,1.7968,10.404,1565,2518.89
17354,0.5339,3.4369,10.1742,1519,2518.89
17359,-1.3312,2.7845,10.3908,1518,2518.89
17364,-0.8859,-0.2634,11.3916,1516,2518.89
17369,-1.7597,-0.4046,11.7879,1517,2518.89
17374,-0.4693,2.1416,10.1454,1557,2518.79
17379,0.741,3.7769,10.3298,1519,2518.79
17384,-2.8383,2.0853,10.2412,1529,2518.79
17389,-0.8033,-0.5399,11.9519,1527,2518.79
17394,-1.9728,0.2801,11.4347,1517,2518.79
17399,-0.097,2.5103,10.0604,1543,2519.21
17404,0.6393,3.7792,10.3645,1529,2519.21
17409,-3.0574,1.3336,10.3286,1517,2519.21
17414,-1.0415,-0.6859,12.1613,1523,2519.21
17419,-1.658,1.1779,10.9714,1530,2519.21
17424,0.1891,2.8838,9.9934,1532,2519.21
17429,0.2717,3.5219,10.4878,1524,2519.21
17434,-1.9405,0.4968,10.6566,1519,2519.21
17439,-1.3898,-0.6859,12.0919,1527,2519.21
17444,-1.0546,1.7346,10.4746,1523,2519.21
17449,0.6045,3.4237,10.173,1543,2519.63
17454,-0.972,2.8515,10.392,1533,2519.63
17459,-0.8906,-0.2526,11.2539,1515,2519.63
17464,-1.7573,-0.5423,11.8896,1525,2519.63
17469,-0.5698,2.1225,10.1766,1563,2519.63
17474,0.7506,3.7816,10.258,1517,2519.63
17479,-2.6695,2.2482,10.2759,1529,2519.63
17484,-0.7254,-0.5411,11.8118,1517,2519.63
17489,-1.9728,0.1245,11.5209,1517,2519.63
17494,-0.2095,2.4181,10.0724,1563,2519.63
17499,0.7207,3.8511,10.3872,1529,2519.63
17504,-3.2178,1.5359,10.3477,1526,2519.63
17509,-0.9852,-0.6069,12.0524,1519,2519.63
17514,-1.7334,0.9481,11.0899,1517,2519.63
17519,0.0922,2.7473,10.0042,1555,2519.63
17524,0.3232,3.5338,10.5393,1523,2519.63
17529,-2.1416,0.6752,10.5453,1515,2519.63
17534,-1.3575,-0.5902,12.1578,1528,2519.63
17539,-1.1851,1.5718,10.5177,1517,2519.63
17544,0.4741,3.2669,10.1083,1529,2519.74
17549,-0.6692,2.9413,10.3346,1525,2519.74
17554,-1.0858,-0.1149,11.1773,1513,2519.74
17559,-1.6867,-0.5052,11.8908,1523,2519.74
17564,-0.6345,2.1201,10.2879,1565,2519.74
17569,0.7254,3.7134,10.1945,1518,2519.74
17574,-2.3331,2.381,10.3657,1522,2519.74
17579,-0.7973,-0.5507,11.7232,1513,2519.74
17584,-1.913,-0.0311,11.6813,1519,2519.74
17589,-0.1688,2.3403,10.0137,1560,2519.0
17594,0.7638,3.9109,10.4124,1541,2519.0
17599,-3.2441,1.6245,10.1598,1541,2519.0
17604,-0.9242,-0.6117,12.0871,1511,2519.0
17609,-1.8136,0.7422,11.1259,1516,2519.0
17614,-0.0156,2.7713,10.0616,1545,2518.89
17619,0.4154,3.6284,10.4627,1525,2518.89
17624,-2.4409,0.7973,10.4914,1515,2518.89
17629,-1.257,-0.7362,12.0728,1523,2518.89
17634,-1.324,1.4976,10.641,1525,2518.89
17639,0.4082,3.1843,10.1514,1533,2519.0
17644,-0.3926,3.1843,10.392,1525,2519.0
17649,-1.227,0.0587,11.0097,1519,2519.0
17654,-1.6125,-0.6464,11.9124,1517,2519.0
17659,-0.7302,1.9764,10.2855,1564,2518.89
17664,0.6404,3.5686,10.1969,1531,2518.89
17669,-1.992,2.557,10.3621,1516,2518.89
17674,-0.7865,-0.3843,11.6107,1520,2518.89
17679,-1.895,-0.1233,11.7448,1531,2518.89
17684,-0.2813,2.3008,10.058,1557,2519.42
17689,0.723,3.8714,10.3597,1527,2519.42
17694,-3.2322,1.8292,10.2149,1528,2519.42
17699,-0.8906,-0.5722,12.1003,1515,2519.42
17704,-1.8471,0.6033,11.2504,1526,2519.42
17709,-0.0311,2.6851,10.0485,1543,2519.74
17714,0.5052,3.6823,10.4279,1523,2519.74
17719,-2.7318,0.9936,10.416,1515,2519.74
17724,-1.2222,-0.6656,12.129,1515,2519.74
17729,-1.4389,1.4377,10.8062,1541,2519.74
17734,0.3639,3.0789,10.1095,1529,2519.95
17739,-0.1544,3.1747,10.3956,1525,2519.95
17744,-1.397,0.1125,10.8793,1527,2519.95
17749,-1.5634,-0.6416,12.0345,1519,2519.95
17754,-0.8392,1.9597,10.3465,1563,2520.16
17759,0.6931,3.5674,10.167,1529,2520.16
17764,-1.6412,2.624,10.307,1517,2520.16
17769,-0.7949,-0.4214,11.4838,1523,2520.16
17774,-1.8842,-0.2334,11.789,1524,2520.16
17779,-0.3531,2.2302,10.1155,1555,2519.74
17784,0.8033,3.9253,10.325,1526,2519.74
17789,-3.1041,1.9764,10.2436,1519,2519.74
17794,-0.8631,-0.6033,12.0201,1523,2519.74
17799,-1.9333,0.3855,11.3413,1519,2519.74
17804,-0.0994,2.5917,10.0664,1545,2520.58
17809,0.5818,3.7757,10.3908,1541,2520.58
17814,-2.8683,1.239,10.4088,1519,2520.58
17819,-1.1863,-0.6141,12.0704,1525,2520.58
17824,-1.561,1.2821,10.902,1543,2520.58
17829,0.2155,2.9592,9.9838,1533,2520.8
17834,-0.006,3.3399,10.4758,1531,2520.8
17839,-1.6508,0.2921,10.7332,1527,2520.8
17844,-1.476,-0.5555,12.0608,1517,2520.8
17849,-0.9325,1.8507,10.3621,1567,2520.9
17854,0.5722,3.4907,10.2077,1519,2520.9
17859,-1.4222,2.6899,10.3082,1519,2520.9
17864,-0.8894,-0.3316,11.5353,1513,2520.9
17869,-1.8268,-0.3244,11.7783,1524,2520.9
17874,-0.4202,2.2482,10.1658,1564,2521.01
17879,0.7362,3.7457,10.2951,1519,2521.01
17884,-2.9233,2.1105,10.331,1529,2521.01
17889,-0.8643,-0.6033,11.9339,1528,2521.01
17894,-1.9609,0.346,11.4215,1523,2521.01
17899,-0.079,2.545,10.0377,1555,2521.01
17904,0.6776,3.8331,10.483,1531,2521.01
17909,-2.9975,1.2474,10.3226,1523,2521.01
17914,-1.1516,-0.6979,12.1314,1523,2521.01
17919,-1.634,1.1576,10.9451,1533,2521.01
17924,0.2538,2.9808,10.0868,1548,2521.11
17929,0.1939,3.4309,10.4519,1529,2521.11
17934,-1.7621,0.3938,10.6255,1519,2521.11
17939,-1.4533,-0.7075,12.0476,1528,2521.11
17944,-0.9996,1.737,10.4136,1524,2521.11
17949,0.65,3.4369,10.1825,1531,2521.64
17954,-1.0906,2.7785,10.3896,1531,2521.64
17959,-0.8727,-0.2622,11.3737,1516,2521.64
17964,-1.8076,-0.4729,11.8525,1529,2521.64
17969,-0.4429,2.1787,10.1766,1573,2522.07
17974,0.7757,3.7757,10.3034,1523,2522.07
17979,-2.7928,2.1859,10.3561,1531,2522.07
17984,-0.8392,-0.559,11.8429,1527,2522.07
17989,-1.9154,0.2298,11.461,1520,2522.07
17994,-0.1652,2.4433,10.003,1547,2522.49
17999,0.6668,3.8391,10.4639,1530,2522.49
18004,-3.1149,1.3791,10.2532,1519,2522.49
18009,-1.0989,-0.5818,12.1051,1520,2522.49
18014,-1.6783,1.0451,10.9726,1525,2522.49
18019,0.1856,2.8718,10.07,1557,2522.6
18024,0.176,3.401,10.4603,1524,2522.6
18029,-1.9453,0.5124,10.6482,1519,2522.6
18034,-1.4485,-0.5878,12.0345,1533,2522.6
18039,-1.0511,1.7789,10.4854,1524,2522.6
18044,0.5914,3.3974,10.1586,1533,2522.6
18049,-0.9697,2.8371,10.398,1533,2522.6
18054,-0.9625,-0.2693,11.3174,1515,2522.6
18059,-1.7777,-0.4214,11.8298,1527,2522.6
18064,-0.425,2.1823,10.1622,1567,2523.02
18069,0.82,3.8008,10.2496,1519,2523.02
18074,-2.6779,2.2446,10.319,1527,2523.02
18079,-0.8751,-0.6057,11.8728,1523,2523.02
18084,-1.9884,0.1508,11.5113,1519,2523.02
18089,-0.1173,2.4457,10.0269,1568,2523.45
18094,0.7949,3.9181,10.4244,1523,2523.45
18099,-3.1316,1.4293,10.1909,1531,2523.45
18104,-1.0834,-0.6764,12.1135,1517,2523.45
18109,-1.7442,0.9301,11.0026,1523,2523.45
18114,0.1437,2.8922,10.173,1549,2523.55
18119,0.3029,3.5075,10.3896,1525,2523.55
18124,-2.0937,0.6105,10.6183,1517,2523.55
18129,-1.4186,-0.7422,12.0237,1543,2523.55
18134,-1.1217,1.6855,10.635,1516,2523.55
18139,0.5112,3.3088,10.1059,1541,2523.55
18144,-0.893,3.0083,10.4866,1530,2523.55
18149,-1.0223,-0.1951,11.2707,1518,2523.55
18154,-1.7669,-0.5279,11.8872,1525,2523.55
18159,-0.5219,2.0602,10.1215,1565,2523.77
18164,0.7386,3.7014,10.2843,1524,2523.77
18169,-2.6312,2.2996,10.2615,1527,2523.77
18174,-0.8428,-0.4812,11.8992,1517,2523.77
18179,-1.9393,0.1784,11.5772,1519,2523.77
18184,-0.182,2.4541,10.0844,1565,2523.55
18189,0.6847,3.802,10.3645,1527,2523.55
18194,-3.1915,1.4964,10.2735,1532,2523.55
18199,-1.0846,-0.5914,12.0787,1518,2523.55
18204,-1.6676,1.0068,11.0672,1519,2523.55
18209,0.1879,2.824,10.1095,1557,2523.34
18214,0.3567,3.4752,10.4076,1518,2523.34
18219,-2.0961,0.5698,10.5536,1523,2523.34
18224,-1.4605,-0.7195,12.0967,1533,2523.34
18229,-1.1708,1.6855,10.5524,1519,2523.34
18234,0.5614,3.2597,10.0521,1541,2523.23
18239,-0.6907,2.9712,10.4244,1531,2523.23
18244,-1.0427,-0.1927,11.1115,1518,2523.23
18249,-1.7442,-0.4944,11.9088,1525,2523.23
18254,-0.5662,2.0937,10.1885,1559,2523.66
18259,0.8631,3.8176,10.2795,1516,2523.66
18264,-2.4636,2.3164,10.2448,1524,2523.66
18269,-0.7853,-0.5698,11.8166,1511,2523.66
18274,-2.0063,0.0287,11.5221,1526,2523.66
18279,-0.1939,2.4289,10.064,1541,2523.77
18284,0.753,3.8942,10.4208,1529,2523.77
18289,-3.2154,1.6089,10.2783,1545,2523.77
18294,-1.0439,-0.6584,12.1266,1517,2523.77
18299,-1.7992,0.8847,11.1235,1517,2523.77
18304,0.085,2.7414,10.0161,1549,2523.98
18309,0.3974,3.5769,10.4483,1523,2523.98
18314,-2.2027,0.7051,10.5261,1517,2523.98
18319,-1.3527,-0.6021,12.0548,1532,2523.98
18324,-1.1959,1.6221,10.5632,1524,2523.98
18329,0.4537,3.2453,10.1359,1541,2524.4
18334,-0.7015,2.97,10.4327,1527,2524.4
18339,-1.148,-0.097,11.1139,1517,2524.4
18344,-1.6807,-0.4932,11.9064,1525,2524.4
18349,-0.5734,2.065,10.1454,1533,2524.83
18354,0.7494,3.7014,10.2855,1523,2524.83
18359,-2.4217,2.3272,10.24,1523,2524.83
18364,-0.8679,-0.5531,11.825,1523,2524.83
18369,-1.998,0.0515,11.5293,1532,2524.83
18374,-0.1269,2.4505,10.0892,1565,2525.04
18379,0.7853,3.8403,10.2783,1531,2525.04
18384,-3.1867,1.6089,10.3106,1543,2525.04
18389,-1.093,-0.7003,12.0536,1517,2525.04
18394,-1.7992,0.9206,11.1306,1524,2525.04
18399,0.1736,2.7677,10.0305,1555,2525.36
18404,0.4812,3.5901,10.4483,1525,2525.36
18409,-2.2494,0.6117,10.422,1517,2525.36
18414,-1.3898,-0.7123,12.1314,1527,2525.36
18419,-1.1612,1.6209,10.5752,1523,2525.36
18424,0.5291,3.3351,10.167,1533,2525.36
18429,-0.6393,3.0335,10.4244,1517,2525.36
18434,-1.0415,-0.079,11.2001,1515,2525.36
18439,-1.7131,-0.6009,11.8501,1518,2525.36
18444,-0.565,2.0686,10.2149,1560,2525.47
18449,0.7518,3.7158,10.2304,1523,2525.47
18454,-2.3619,2.3894,10.3549,1517,2525.47
18459,-0.8416,-0.5207,11.7316,1525,2525.47
18464,-1.9561,0.0156,11.576,1530,2525.47
18469,-0.1664,2.399,10.0221,1559,2525.36
18474,0.7278,3.8439,10.3537,1529,2525.36
18479,-3.231,1.6305,10.2675,1533,2525.36
18484,-1.0367,-0.595,12.1254,1515,2525.36
18489,-1.7825,0.8942,11.1271,1519,2525.36
18494,0.067,2.7473,9.9647,1549,2525.57
18499,0.4106,3.559,10.5093,1517,2525.57
18504,-2.2517,0.6859,10.5249,1517,2525.57
18509,-1.3527,-0.6225,12.0428,1527,2525.57
18514,-1.2019,1.6125,10.5764,1519,2525.57
18519,0.4968,3.2549,10.1359,1530,2525.57
18524,-0.6357,2.9521,10.4244,1524,2525.57
18529,-1.1133,-0.1041,11.1235,1517,2525.57
18534,-1.7466,-0.5207,11.8705,1518,2525.57
18539,-0.5974,2.1237,10.2939,1565,2525.36
18544,0.7697,3.6955,10.143,1527,2525.36
18549,-2.2996,2.3679,10.2891,1519,2525.36
18554,-0.9278,-0.5997,11.7316,1520,2525.36
18559,-1.9752,0.0455,11.5796,1531,2525.36
18564,-0.1496,2.3439,10.1191,1560,2525.15
18569,0.8116,3.8954,10.3884,1531,2525.15
18574,-3.1927,1.6412,10.2556,1530,2525.15
18579,-1.0463,-0.6452,12.1111,1515,2525.15
18584,-1.8064,0.8045,11.1079,1526,2525.15
18589,0.0395,2.7749,10.1047,1547,2525.36
18594,0.4298,3.5817,10.3992,1523,2525.36
18599,-2.2589,0.7123,10.5441,1515,2525.36
18604,-1.3384,-0.7099,12.0512,1519,2525.36
18609,-1.1899,1.6065,10.58,1527,2525.36
18614,0.4585,3.2453,10.1718,1532,2525.25
18619,-0.6464,3.0394,10.4315,1516,2525.25
18624,-1.1205,-0.0814,11.1546,1519,2525.25
18629,-1.6604,-0.4932,11.8848,1515,2525.25
18634,-0.6057,2.0614,10.2244,1547,2525.36
18639,0.7147,3.6524,10.2316,1527,2525.36
18644,-2.3822,2.4409,10.3609,1515,2525.36
18649,-0.8535,-0.5028,11.7448,1519,2525.36
18654,-1.9836,0.0587,11.6382,1533,2525.36
18659,-0.1796,2.3727,10.0389,1559,2525.47
18664,0.7721,3.8618,10.3884,1529,2525.47
18669,-3.2262,1.579,10.2436,1533,2525.47
18674,-1.0702,-0.5926,12.1685,1515,2525.47
18679,-1.7705,0.8942,11.0947,1518,2525.47
18684,0.1341,2.8311,10.0341,1547,2525.47
18689,0.4729,3.5494,10.4028,1524,2525.47
18694,-2.2314,0.6931,10.5955,1527,2525.47
18699,-1.3946,-0.7398,12.062,1519,2525.47
18704,-1.2127,1.6436,10.6207,1542,2525.47
18709,0.516,3.2513,10.1323,1543,2525.25
18714,-0.5411,2.9999,10.483,1523,2525.25
18719,-1.1229,-0.1544,11.0696,1524,2525.25
18724,-1.7346,-0.5878,11.9112,1524,2525.25
18729,-0.6476,2.0889,10.1682,1568,2525.36
18734,0.7733,3.7326,10.2496,1533,2525.36
18739,-2.3176,2.3463,10.2987,1523,2525.36
18744,-0.8499,-0.4752,11.74,1527,2525.36
18749,-1.9692,-0.0036,11.5592,1543,2525.36
18754,-0.2251,2.3164,10.0868,1564,2525.47
18759,0.8571,3.8714,10.416,1531,2525.47
18764,-3.2202,1.6137,10.2987,1529,2525.47
18769,-1.0104,-0.5806,12.0728,1515,2525.47
18774,-1.8064,0.8332,11.0684,1525,2525.47
18779,0.0658,2.7138,10.0568,1545,2525.36
18784,0.4429,3.5638,10.4938,1523,2525.36
18789,-2.2793,0.7195,10.5489,1523,2525.36
18794,-1.3132,-0.5818,12.0404,1517,2525.36
18799,-1.2438,1.664,10.5919,1543,2525.36
18804,0.4214,3.2046,10.0772,1533,2525.36
18809,-0.6141,2.9963,10.489,1525,2525.36
18814,-1.1432,-0.1113,11.1366,1528,2525.36
18819,-1.6652,-0.4764,11.9291,1523,2525.36
18824,-0.577,2.0482,10.2723,1561,2525.25
18829,0.7853,3.7266,10.2771,1530,2525.25
18834,-2.3619,2.3284,10.2556,1517,2525.25
18839,-0.8966,-0.5614,11.7292,1525,2525.25
18844,-1.9704,0.0491,11.6143,1543,2525.25
18849,-0.1772,2.4134,10.0473,1561,2525.47
18854,0.8045,3.8618,10.3537,1533,2525.47
18859,-3.1807,1.6759,10.2544,1528,2525.47
18864,-1.0427,-0.6847,12.0297,1517,2525.47
18869,-1.8375,0.8523,11.1426,1527,2525.47
18874,0.1101,2.7485,10.0114,1531,2525.78
18879,0.5124,3.5662,10.4758,1523,2525.78
18884,-2.3068,0.7063,10.5285,1515,2525.78
18889,-1.3503,-0.7183,12.0692,1519,2525.78
18894,-1.2043,1.6436,10.6051,1543,2525.78
18899,0.4717,3.304,10.1251,1543,2526.1
18904,-0.5854,3.0598,10.4914,1519,2526.1
18909,-1.1085,-0.1568,11.1127,1525,2526.1
18914,-1.6867,-0.6081,11.9219,1518,2526.1
18919,-0.6249,2.0267,10.1203,1547,2525.68
18924,0.7386,3.7242,10.2556,1525,2525.68
18929,-2.2889,2.4241,10.3226,1517,2525.68
18934,-0.8296,-0.4477,11.8166,1524,2525.68
18939,-1.9166,0.0215,11.57,1533,2525.68
18944,-0.2191,2.3798,10.0389,1559,2526.0
18949,0.7542,3.8068,10.3334,1529,2526.0
18954,-3.2166,1.64,10.319,1529,2526.0
18959,-1.0151,-0.6069,12.0404,1516,2526.0
18964,-1.7358,0.8847,11.1534,1528,2526.0
18969,0.0431,2.7306,10.0281,1547,2525.47
18974,0.4286,3.5901,10.5453,1523,2525.47
18979,-2.3499,0.6871,10.4399,1515,2525.47
18984,-1.324,-0.6656,12.1194,1517,2525.47
18989,-1.2474,1.6125,10.6087,1543,2525.47
18994,0.5088,3.3004,10.1897,1533,2525.68
18999,-0.5997,2.9485,10.4579,1519,2525.68
19004,-1.1073,-0.1101,11.1271,1529,2525.68
19009,-1.731,-0.559,11.9135,1519,2525.68
19014,-0.6321,2.0806,10.2831,1545,2525.68
19019,0.8535,3.7278,10.2173,1529,2525.68
19024,-2.3008,2.3571,10.343,1517,2525.68
19029,-0.8356,-0.5638,11.7017,1545,2525.68
19034,-1.9585,0.0299,11.5676,1533,2525.68
19039,-0.231,2.3415,10.0449,1564,2525.57
19044,0.808,3.9181,10.4483,1528,2525.57
19049,-3.1699,1.6723,10.2903,1531,2525.57
19054,-0.9984,-0.6261,12.0752,1515,2525.57
19059,-1.8352,0.8571,11.0935,1527,2525.57
19064,0.0419,2.715,10.0556,1542,2524.61
19069,0.4729,3.6308,10.5273,1523,2524.61
19074,-2.3104,0.7554,10.5357,1515,2524.61
19079,-1.2737,-0.6369,12.0787,1516,2524.61
19084,-1.2342,1.5814,10.6303,1543,2524.61
19089,0.4393,3.2429,10.143,1529,2524.19
19094,-0.5878,2.9784,10.4124,1519,2524.19
19099,-1.1803,-0.0814,11.1043,1531,2524.19
19104,-1.6771,-0.4908,11.8657,1523,2524.19
19109,-0.5902,2.0853,10.2436,1575,2524.08
19114,0.7422,3.6799,10.2496,1531,2524.08
19119,-2.2972,2.4014,10.3801,1518,2524.08
19124,-0.9026,-0.5243,11.7495,1525,2524.08
19129,-1.9297,0.0144,11.661,1529,2524.08
19134,-0.2131,2.3212,10.0006,1559,2524.08
19139,0.8056,3.8642,10.4411,1528,2524.08
19144,-3.1987,1.6723,10.2747,1528,2524.08
19149,-1.0235,-0.6333,12.0931,1513,2524.08
19154,-1.7933,0.8392,11.139,1523,2524.08
19159,0.1365,2.7641,10.0652,1531,2523.98
19164,0.4417,3.5781,10.4782,1525,2523.98
19169,-2.4086,0.7626,10.4447,1519,2523.98
19174,-1.3252,-0.6931,12.0201,1515,2523.98
19179,-1.2462,1.5443,10.647,1542,2523.98
19184,0.486,3.2717,10.161,1531,2523.87
19189,-0.4154,3.0825,10.3992,1525,2523.87
19194,-1.1468,-0.0347,11.066,1528,2523.87
19199,-1.7166,-0.6213,11.9243,1519,2523.87
19204,-0.6847,2.0494,10.2424,1567,2523.87
19209,0.7614,3.632,10.1957,1529,2523.87
19214,-2.1308,2.4612,10.3837,1517,2523.87
19219,-0.8751,-0.5076,11.734,1520,2523.87
19224,-1.8783,-0.0587,11.6622,1527,2523.87
19229,-0.2789,2.308,9.9766,1564,2523.66
19234,0.7661,3.9193,10.4447,1525,2523.66
19239,-3.2106,1.6652,10.1897,1525,2523.66
19244,-0.9697,-0.6033,12.1482,1515,2523.66
19249,-1.822,0.7183,11.1271,1525,2523.66
19254,0.0527,2.7617,10.0975,1533,2523.45
19259,0.4489,3.5686,10.4315,1529,2523.45
19264,-2.478,0.8499,10.5093,1517,2523.45
19269,-1.324,-0.5878,12.0464,1523,2523.45
19274,-1.2845,1.5383,10.6913,1527,2523.45
19279,0.4106,3.1651,10.0329,1526,2523.66
19284,-0.4106,3.0562,10.4962,1523,2523.66
19289,-1.2342,-0.0634,10.993,1529,2523.66
19294,-1.634,-0.5279,11.9686,1525,2523.66
19299,-0.6847,2.0255,10.2077,1564,2523.98
19304,0.7733,3.729,10.2508,1523,2523.98
19309,-2.1332,2.4313,10.3154,1519,2523.98
19314,-0.8499,-0.4717,11.7136,1523,2523.98
19319,-1.9273,-0.1209,11.643,1523,2523.98
19324,-0.2753,2.3379,10.0808,1562,2523.98
19329,0.8248,3.863,10.4184,1523,2523.98
19334,-3.1747,1.7526,10.2831,1515,2523.98
19339,-0.9948,-0.6165,12.0021,1528,2523.98
19344,-1.8735,0.7015,11.1582,1515,2523.98
19349,0.0539,2.7066,10.0987,1548,2524.08
19354,0.565,3.6751,10.4291,1533,2524.08
19359,-2.5343,0.8942,10.4495,1519,2524.08
19364,-1.2857,-0.6524,12.0261,1523,2524.08
19369,-1.3563,1.4832,10.7727,1546,2524.08
19374,0.3903,3.14,10.1095,1532,2524.51
19379,-0.31,3.14,10.4531,1526,2524.51
19384,-1.2821,-0.0036,10.9726,1527,2524.51
19389,-1.579,-0.5567,11.9794,1519,2524.51
19394,-0.7111,1.9908,10.222,1544,2524.72
19399,0.674,3.5817,10.246,1519,2524.72
19404,-2.0614,2.5139,10.3346,1515,2524.72
19409,-0.8715,-0.431,11.6753,1523,2524.72
19414,-1.8771,-0.1269,11.5975,1519,2524.72
19419,-0.2897,2.3248,10.0545,1557,2524.4
19424,0.7554,3.8032,10.3956,1523,2524.4
19429,-3.1795,1.7813,10.3262,1531,2524.4
19434,-1.008,-0.6333,12.0656,1529,2524.4
19439,-1.8208,0.6859,11.1965,1523,2524.4
19444,0.0563,2.6899,10.0568,1553,2524.19
19449,0.5255,3.6428,10.3992,1543,2524.19
19454,-2.6133,0.8727,10.398,1515,2524.19
19459,-1.2318,-0.6416,12.1147,1526,2524.19
19464,-1.3719,1.5251,10.7619,1531,2524.19
19469,0.3663,3.1891,10.0676,1533,2524.4
19474,-0.2813,3.152,10.4531,1527,2524.4
19479,-1.3228,0.0108,10.92,1527,2524.4
19484,-1.6077,-0.6225,12.0117,1527,2524.4
19489,-0.7135,1.9597,10.2448,1564,2524.4
19494,0.7661,3.6559,10.2208,1522,2524.4
19499,-1.9692,2.4972,10.3166,1515,2524.4
19504,-0.814,-0.401,11.6442,1509,2524.4
19509,-1.9178,-0.1664,11.6334,1524,2524.4
19514,-0.31,2.3056,10.0952,1563,2524.61
19519,0.7805,3.8427,10.3825,1519,2524.61
19524,-3.1795,1.834,10.2855,1533,2524.61
19529,-0.9445,-0.6285,11.9806,1529,2524.61
19534,-1.8818,0.6656,11.2875,1519,2524.61
19539,-0.0275,2.6109,9.997,1547,2524.61
19544,0.5734,3.6727,10.5058,1533,2524.61
19549,-2.5965,0.917,10.404,1519,2524.61
19554,-1.2163,-0.5794,12.1566,1525,2524.61
19559,-1.3695,1.403,10.6817,1533,2524.61
19564,0.3316,3.128,10.088,1532,2524.51
19569,-0.2813,3.1376,10.4088,1525,2524.51
19574,-1.3396,0.0503,10.981,1524,2524.51
19579,-1.5814,-0.5531,11.9135,1524,2524.51
19584,-0.7458,2.0135,10.3094,1529,2524.51
19589,0.6907,3.6308,10.1969,1517,2524.51
19594,-1.901,2.5522,10.343,1519,2524.51
19599,-0.8547,-0.4884,11.5784,1515,2524.51
19604,-1.9034,-0.1508,11.6897,1523,2524.51
19609,-0.2849,2.3188,10.1215,1564,2524.72
19614,0.8092,3.893,10.3657,1518,2524.72
19619,-3.146,1.8687,10.2687,1529,2524.72
19624,-1.0127,-0.6237,12.044,1526,2524.72
19629,-1.8902,0.5997,11.2527,1519,2524.72
19634,-0.0096,2.6707,9.9922,1565,2525.04
19639,0.6261,3.717,10.4399,1533,2525.04
19644,-2.7258,0.8978,10.3813,1523,2525.04
19649,-1.2378,-0.6847,12.0895,1526,2525.04
19654,-1.3934,1.4281,10.7452,1532,2525.04
19659,0.3699,3.1675,10.1059,1544,2525.15
19664,-0.2131,3.213,10.4208,1528,2525.15
19669,-1.3755,0.1125,10.9499,1524,2525.15
19674,-1.5814,-0.6596,11.9566,1528,2525.15
19679,-0.7578,1.9477,10.3106,1544,2525.04
19684,0.6955,3.5674,10.2017,1517,2525.04
19689,-1.8004,2.5762,10.4698,1525,2525.04
19694,-0.8643,-0.4214,11.5688,1515,2525.04
19699,-1.8818,-0.1496,11.6981,1520,2525.04
19704,-0.3388,2.2637,10.0485,1565,2525.36
19709,0.7805,3.8702,10.3717,1517,2525.36
19714,-3.1101,1.8495,10.2687,1528,2525.36
19719,-0.9816,-0.559,12.074,1527,2525.36
19724,-1.8495,0.6201,11.2348,1518,2525.36
19729,0.0239,2.6408,10.0365,1542,2525.47
19734,0.559,3.6524,10.4435,1528,2525.47
19739,-2.721,0.899,10.3932,1523,2525.47
19744,-1.251,-0.6141,12.0811,1525,2525.47
19749,-1.3886,1.4389,10.7524,1531,2525.47
19754,0.3903,3.1568,10.082,1548,2525.68
19759,-0.1796,3.1603,10.4567,1527,2525.68
19764,-1.3408,0.0694,10.9475,1523,2525.68
19769,-1.6065,-0.5938,11.9542,1528,2525.68
19774,-0.7877,2.0219,10.3717,1523,2525.68
19779,0.723,3.6536,10.1969,1533,2525.78
19784,-1.8292,2.5857,10.3992,1529,2525.78
19789,-0.8703,-0.4549,11.5496,1515,2525.78
19794,-1.8639,-0.1616,11.7759,1523,2525.78
19799,-0.3029,2.2398,10.0413,1562,2525.89
19804,0.808,3.8906,10.3956,1519,2525.89
19809,-3.1412,1.8268,10.2723,1541,2525.89
19814,-0.996,-0.6141,12.0404,1524,2525.89
19819,-1.8687,0.6033,11.2001,1524,2525.89
19824,-0.0251,2.642,10.0628,1561,2525.89
19829,0.5878,3.644,10.4423,1531,2525.89
19834,-2.5857,1.0331,10.4555,1519,2525.89
19839,-1.2354,-0.6357,12.0488,1524,2525.89
19844,-1.4054,1.4269,10.7595,1529,2525.89
19849,0.3292,3.0777,10.0916,1543,2525.78
19854,-0.1748,3.1759,10.5093,1527,2525.78
19859,-1.4305,0.0826,10.9379,1519,2525.78
19864,-1.5766,-0.5543,11.9938,1528,2525.78
19869,-0.747,1.9752,10.2484,1525,2525.78
19874,0.7087,3.5865,10.1766,1549,2525.89
19879,-1.9022,2.5355,10.319,1523,2525.89
19884,-0.9134,-0.4453,11.5652,1513,2525.89
19889,-1.8974,-0.1844,11.7364,1528,2525.89
19894,-0.3172,2.2673,10.1442,1566,2525.89
19899,0.7985,3.8511,10.343,1518,2525.89
19904,-3.14,1.8543,10.2843,1529,2525.89
19909,-0.9852,-0.5997,12.0225,1529,2525.89
19914,-1.8543,0.6333,11.2827,1519,2525.89
19919,0.0563,2.6935,10.0628,1568,2526.1
19924,0.577,3.6512,10.4423,1531,2526.1
19929,-2.6468,0.9158,10.4327,1519,2526.1
19934,-1.2653,-0.7087,12.1183,1524,2526.1
19939,-1.3898,1.5012,10.732,1531,2526.1
19944,0.334,3.1364,10.076,1551,2525.89
19949,-0.1867,3.237,10.4926,1527,2525.89
19954,-1.3767,0.0646,10.8517,1514,2525.89
19959,-1.5682,-0.6189,11.965,1530,2525.89
19964,-0.7685,1.9273,10.2747,1523,2525.89
19969,0.6919,3.6296,10.2556,1533,2526.21
19974,-1.8866,2.5295,10.3382,1529,2526.21
19979,-0.8464,-0.4034,11.6167,1514,2526.21
19984,-1.8806,-0.2047,11.7053,1525,2526.21
19989,-0.3496,2.2709,10.1299,1563,2526.42
19994,0.7781,3.8535,10.3334,1519,2526.42
19999,-3.1843,1.8651,10.3322,1531,2526.42
20004,-0.9613,-0.5722,12.0105,1519,2526.42
20009,-1.8567,0.6524,11.242,1523,2526.42
20014,-0.0156,2.63,10.0413,1564,2526.32
20019,0.5674,3.6524,10.4411,1533,2526.32
20024,-2.6576,0.9337,10.4232,1519,2526.32
20029,-1.227,-0.5578,12.1446,1525,2526.32
20034,-1.3791,1.4688,10.7141,1523,2526.32
20039,0.3615,3.0885,10.0521,1549,2526.42
20044,-0.2071,3.134,10.5201,1527,2526.42
20049,-1.3408,-0.018,10.9714,1519,2526.42
20054,-1.5526,-0.5531,11.9124,1531,2526.42
20059,-0.7147,1.992,10.2843,1525,2526.42
20064,0.753,3.6452,10.252,1532,2526.53
20069,-1.9178,2.4888,10.3022,1527,2526.53
20074,-0.8727,-0.4597,11.6203,1517,2526.53
20079,-1.8878,-0.1233,11.6861,1525,2526.53
20084,-0.3041,2.3415,10.088,1567,2526.64
20089,0.7901,3.8607,10.3046,1519,2526.64
20094,-2.2649,2.4074,10.3968,1529,2526.64
20099,-0.905,-0.6057,11.6717,1527,2526.64
20104,-1.8878,0.6548,11.2911,1523,2526.64
20109,-0.2143,2.3607,10.0161,1567,2526.74
20114,0.8152,3.863,10.4411,1529,2526.74
20119,-3.201,1.6101,10.2472,1523,2526.74
20124,-1.0355,-0.6249,12.1147,1523,2526.74
20129,-1.7789,0.7937,11.0852,1529,2526.74
20134,0.0407,2.7737,10.0257,1548,2526.0
20139,0.4776,3.6009,10.4519,1527,2526.0
20144,-2.3607,0.7326,10.4866,1517,2526.0
20149,-1.2941,-0.6716,12.0512,1529,2526.0
20154,-1.2127,1.5921,10.6303,1525,2526.0
20159,0.4166,3.2525,10.1323,1541,2525.47
20164,-0.5614,3.0394,10.4303,1533,2525.47
20169,-1.1696,-0.1113,11.1187,1514,2525.47
20174,-1.6508,-0.5543,11.9243,1527,2525.47
20179,-0.6129,2.059,10.2077,1563,2525.15
20184,0.7183,3.6811,10.1993,1519,2525.15
20189,-2.2697,2.4014,10.3453,1543,2525.15
20194,-0.8978,-0.4705,11.7639,1523,2525.15
20199,-1.8842,0.0515,11.6418,1519,2525.15
20204,-0.2251,2.314,10.0293,1571,2525.15
20209,0.7949,3.8379,10.404,1531,2525.15
20214,-3.225,1.5862,10.2687,1522,2525.15
20219,-1.0116,-0.5926,12.0919,1527,2525.15
20224,-1.7621,0.8655,11.0816,1528,2525.15
20229,0.0694,2.7737,10.0904,1555,2525.04
20234,0.4381,3.553,10.4327,1529,2525.04
20239,-2.3499,0.729,10.4986,1517,2525.04
20244,-1.3575,-0.6524,12.0452,1533,2525.04
20249,-1.2414,1.6245,10.6482,1524,2525.04
20254,0.5148,3.2513,10.1215,1531,2524.72
20259,-0.5052,2.9832,10.4579,1531,2524.72
20264,-1.1779,-0.146,11.1067,1513,2524.72
20269,-1.6568,-0.5231,11.9459,1541,2524.72
20274,-0.6393,2.1045,10.2053,1567,2524.72
20279,0.7925,3.7146,10.1825,1518,2524.72
20284,-2.2362,2.405,10.331,1529,2524.72
20289,-0.8894,-0.4908,11.7029,1528,2524.72
20294,-1.9201,-0.0311,11.5808,1519,2524.72
20299,-0.2861,2.3188,10.0664,1566,2524.93
20304,0.7949,3.8882,10.4291,1528,2524.93
20309,-3.2178,1.6939,10.2675,1525,2524.93
20314,-1.0391,-0.6069,12.1003,1525,2524.93
20319,-1.8004,0.7554,11.0971,1529,2524.93
20324,0.0407,2.715,10.0952,1553,2525.36
20329,0.4609,3.5901,10.4651,1525,2525.36
20334,-2.3679,0.8045,10.55,1525,2525.36
20339,-1.3072,-0.6021,12.0309,1531,2525.36
20344,-1.2474,1.5933,10.6602,1523,2525.36
20349,0.413,3.1472,10.0509,1541,2525.47
20354,-0.5447,3.0562,10.4806,1543,2525.47
20359,-1.2582,-0.0982,11.0217,1523,2525.47
20364,-1.6257,-0.4824,11.9722,1527,2525.47
20369,-0.6608,2.0327,10.2077,1551,2525.78
20374,0.7326,3.6931,10.2484,1519,2525.78
20379,-2.2374,2.3487,10.3418,1530,2525.78
20384,-0.9026,-0.4812,11.7507,1523,2525.78
20389,-1.9166,0.012,11.631,1517,2525.78
20394,-0.1927,2.4277,10.0664,1561,2525.36
20399,0.7685,3.8738,10.3872,1527,2525.36
20404,-3.1951,1.6688,10.2663,1519,2525.36
20409,-1.0259,-0.668,12.0632,1523,2525.36
20414,-1.7789,0.8212,11.1618,1521,2525.36
20419,0.1101,2.7976,10.0592,1556,2525.36
20424,0.5447,3.626,10.4615,1523,2525.36
20429,-2.3774,0.729,10.4351,1515,2525.36
20434,-1.3132,-0.6584,12.0919,1542,2525.36
20439,-1.2737,1.6017,10.659,1523,2525.36
20444,0.4274,3.2585,10.1311,1533,2525.36
20449,-0.4489,3.1029,10.4782,1540,2525.36
20454,-1.1564,-0.0958,11.0325,1515,2525.36
20459,-1.6436,-0.5926,11.9291,1526,2525.36
20464,-0.6883,2.0231,10.1813,1555,2525.36
20469,0.7434,3.7062,10.2759,1519,2525.36
20474,-2.2266,2.3954,10.3298,1523,2525.36
20479,-0.8811,-0.4154,11.7388,1513,2525.36
20484,-1.8783,-0.0156,11.6047,1515,2525.36
20489,-0.2693,2.3655,10.0736,1549,2525.25
20494,0.7254,3.8283,10.3837,1515,2525.25
20499,-3.2322,1.7023,10.3118,1511,2525.25
20504,-1.0534,-0.5698,12.0548,1509,2525.25
20509,-1.7741,0.8068,11.1354,1509,2525.25
20514,0.0072,2.7043,9.9994,1532,2526.0
20519,0.4345,3.5829,10.3896,1513,2526.0
20524,-2.3942,0.7135,10.4758,1503,2526.0
20529,-1.3168,-0.5638,12.0823,1522,2526.0
20534,-1.2773,1.579,10.6997,1507,2526.0
20539,0.4262,3.2346,10.07,1515,2526.32
20544,-0.5076,3.0119,10.4842,1519,2526.32
20549,-1.1923,-0.1197,11.0768,1507,2526.32
20554,-1.5874,-0.516,11.9387,1519,2526.32
20559,-0.6584,2.1021,10.2412,1544,2526.64
20564,0.7841,3.6787,10.2472,1513,2526.64
20569,-2.217,2.3739,10.3226,1522,2526.64
20574,-0.9325,-0.5746,11.728,1507,2526.64
20579,-1.9309,-0.0371,11.5652,1512,2526.64
20584,-0.2538,2.3523,10.0389,1561,2526.74
20589,0.8092,3.8978,10.3848,1525,2526.74
20594,-3.1759,1.6975,10.2747,1519,2526.74
20599,-1.0594,-0.6596,12.0201,1517,2526.74
20604,-1.749,0.826,11.1438,1517,2526.74
20609,0.0431,2.7102,10.0353,1549,2526.21
20614,0.4992,3.6368,10.477,1519,2526.21
20619,-2.3762,0.6835,10.4208,1515,2526.21
20624,-1.2749,-0.6141,12.1554,1543,2526.21
20629,-1.2163,1.5586,10.568,1519,2526.21
20634,0.4298,3.2561,10.155,1533,2525.89
20639,-0.5734,3.037,10.3908,1541,2525.89
20644,-1.2127,-0.0251,11.1067,1517,2525.89
20649,-1.6197,-0.5255,11.9231,1527,2525.89
20654,-0.6057,2.0674,10.24,1550,2525.89
20659,0.6907,3.6835,10.228,1519,2525.89
20664,-2.2901,2.4146,10.3825,1527,2525.89
20669,-0.905,-0.5148,11.7352,1519,2525.89
20674,-1.9082,0.0311,11.6011,1523,2525.89
20679,-0.2466,2.3595,9.9982,1542,2525.57
20684,0.7733,3.8595,10.3501,1529,2525.57
20689,-3.2034,1.6233,10.2412,1528,2525.57
20694,-1.0546,-0.6057,12.1063,1525,2525.57
20699,-1.7298,0.844,11.151,1523,2525.57
20704,0.0838,2.7749,10.0616,1557,2525.47
20709,0.4752,3.5949,10.3932,1527,2525.47
20714,-2.3906,0.6847,10.4746,1523,2525.47
20719,-1.3192,-0.6524,12.0799,1542,2525.47
20724,-1.2582,1.6017,10.6614,1523,2525.47
20729,0.4573,3.2753,10.1574,1545,2524.93
20734,-0.4621,3.0442,10.4423,1542,2524.93
20739,-1.1827,-0.085,11.0289,1518,2524.93
20744,-1.6496,-0.6033,11.8836,1532,2524.93
20749,-0.6644,2.0865,10.2448,1548,2524.72
20754,0.6931,3.6919,10.2232,1525,2524.72
20759,-2.217,2.4313,10.3932,1531,2524.72
20764,-0.8835,-0.4908,11.7136,1523,2524.72
20769,-1.8902,-0.0527,11.6705,1525,2524.72
20774,-0.3089,2.302,9.9838,1574,2524.61
20779,0.7578,3.869,10.3848,1525,2524.61
20784,-3.1975,1.6161,10.2412,1527,2524.61
20789,-0.99,-0.5866,12.068,1525,2524.61
20794,-1.7741,0.82,11.1055,1523,2524.61
20799,-0.0084,2.7126,10.0437,1560,2524.93
20804,0.4477,3.5937,10.4375,1527,2524.93
20809,-2.3667,0.7865,10.5093,1519,2524.93
20814,-1.2881,-0.565,12.0847,1541,2524.93
20819,-1.2498,1.6101,10.6757,1523,2524.93
20824,0.4178,3.1639,10.0772,1545,2524.93
20829,-0.5124,2.97,10.4495,1531,2524.93
20834,-1.2546,-0.0862,11.1103,1523,2524.93
20839,-1.5742,-0.5136,11.9375,1530,2524.93
20844,-0.6524,2.0554,10.2268,1543,2525.36
20849,0.723,3.6955,10.2256,1524,2525.36
20854,-2.2146,2.3978,10.331,1531,2525.36
20859,-0.9637,-0.5638,11.6825,1523,2525.36
20864,-1.8771,0.018,11.625,1525,2525.36
20869,-0.2023,2.3739,10.0892,1575,2525.04
20874,0.7901,3.8942,10.398,1529,2525.04
20879,-3.2106,1.6388,10.2604,1533,2525.04
20884,-1.0307,-0.6416,12.0309,1523,2525.04
20889,-1.7418,0.7697,11.1318,1527,2525.04
20894,0.0694,2.7438,10.0796,1561,2525.57
20899,0.4872,3.6296,10.4291,1527,2525.57
20904,-2.3691,0.7649,10.5058,1519,2525.57
20909,-1.2845,-0.6428,12.0883,1543,2525.57
20914,-1.2007,1.5742,10.671,1526,2525.57
20919,0.4118,3.2022,10.0916,1545,2525.68
20924,-0.4513,3.0897,10.4579,1542,2525.68
20929,-1.2366,-0.1041,11.0768,1519,2525.68
20934,-1.5874,-0.5626,11.9866,1529,2525.68
20939,-0.6357,2.0255,10.1682,1571,2526.42
20944,0.6835,3.6919,10.3058,1525,2526.42
20949,-2.2302,2.3966,10.3298,1529,2526.42
20954,-0.9194,-0.4525,11.7879,1518,2526.42
20959,-1.8519,0.0108,11.6406,1525,2526.42
20964,-0.2406,2.3667,9.9994,1574,2526.32
20969,0.6955,3.8343,10.3681,1526,2526.32
20974,-3.1879,1.6364,10.2759,1541,2526.32
20979,-1.0499,-0.589,12.0416,1522,2526.32
20984,-1.7394,0.8763,11.1713,1525,2526.32
20989,0.0587,2.7701,10.0137,1560,2526.32
20994,0.4764,3.6045,10.4124,1525,2526.32
20999,-2.4361,0.7374,10.4854,1523,2526.32
21004,-1.3336,-0.5938,12.0656,1543,2526.32
21009,-1.2198,1.6664,10.6805,1525,2526.32
21014,0.4334,3.2477,10.0892,1545,2526.32
21019,-0.4872,3.0598,10.4651,1545,2526.32
21024,-1.1863,-0.1281,11.0552,1518,2526.32
21029,-1.5838,-0.4884,11.9004,1531,2526.32
21034,-0.6201,2.0494,10.1945,1574,2526.42
21039,0.7685,3.7302,10.2795,1524,2526.42
21044,-2.2003,2.3643,10.3382,1529,2526.42
21049,-0.8918,-0.5016,11.7555,1523,2526.42
21054,-1.8435,-0.0599,11.5939,1525,2526.42
21059,-0.2825,2.3822,10.0616,1573,2526.53
21064,0.7602,3.8906,10.3358,1527,2526.53
21069,-3.1627,1.6747,10.307,1543,2526.53
21074,-1.0379,-0.6273,12.0057,1525,2526.53
21079,-1.7573,0.8499,11.1666,1520,2526.53
21084,0.0419,2.6707,10.0437,1559,2526.74
21089,0.4872,3.6057,10.5189,1529,2526.74
21094,-2.3415,0.7123,10.4459,1519,2526.74
21099,-1.3048,-0.5519,12.0859,1545,2526.74
21104,-1.2163,1.5622,10.6063,1525,2526.74
21109,0.3974,3.2214,10.0856,1545,2526.95
21114,-0.6021,3.0287,10.4483,1544,2526.95
21119,-1.2246,-0.0503,11.145,1521,2526.95
21124,-1.6101,-0.4693,11.9124,1530,2526.95
21129,-0.5914,2.0842,10.2017,1553,2526.85
21134,0.7434,3.6787,10.2484,1525,2526.85
21139,-2.3379,2.3056,10.3453,1531,2526.85
21144,-0.8966,-0.5267,11.7759,1518,2526.85
21149,-1.8747,0.0622,11.6286,1525,2526.85
21154,-0.1903,2.4241,10.0604,1575,2526.64
21159,0.7901,3.8379,10.3406,1519,2526.64
21164,-3.1867,1.6161,10.2939,1541,2526.64
21169,-1.069,-0.6033,12.0668,1524,2526.64
21174,-1.7406,0.9098,11.2276,1525,2526.64
21179,0.073,2.7258,9.9994,1560,2526.21
21184,0.4693,3.5578,10.4567,1525,2526.21
21189,-2.3044,0.6512,10.4686,1524,2526.21
21194,-1.3144,-0.6907,12.1254,1543,2526.21
21199,-1.1851,1.585,10.5943,1523,2526.21
21204,0.4752,3.286,10.1502,1544,2526.0
21209,-0.5638,3.0107,10.4196,1543,2526.0
21214,-1.1696,-0.1018,11.1462,1519,2526.0
21219,-1.634,-0.5626,11.886,1531,2526.0
21224,-0.595,2.071,10.2568,1557,2526.1
21229,0.6883,3.7002,10.2615,1519,2526.1
21234,-2.2757,2.3774,10.4363,1527,2526.1
21239,-0.9146,-0.5148,11.6646,1520,2526.1
21244,-1.907,0.0359,11.6119,1524,2526.1
21249,-0.2322,2.3355,9.9958,1575,2526.53
21254,0.7111,3.8882,10.3777,1531,2526.53
21259,-3.219,1.6185,10.3334,1532,2526.53
21264,-1.0127,-0.5722,12.1027,1523,2526.53
21269,-1.7071,0.8667,11.1103,1528,2526.53
21274,0.018,2.709,10.07,1561,2527.06
21279,0.4166,3.5638,10.4746,1523,2527.06
21284,-2.2972,0.6895,10.507,1516,2527.06
21289,-1.3276,-0.6045,12.0943,1545,2527.06
21294,-1.1947,1.6185,10.5704,1525,2527.06
21299,0.4705,3.2908,10.0724,1544,2527.38
21304,-0.6572,2.9389,10.4327,1545,2527.38
21309,-1.1325,-0.1652,11.1426,1523,2527.38
21314,-1.6316,-0.48,11.8944,1531,2527.38
21319,-0.6093,2.1021,10.2125,1555,2527.81
21324,0.7602,3.7326,10.1837,1525,2527.81
21329,-2.4026,2.3403,10.307,1541,2527.81
21334,-0.9613,-0.6069,11.7148,1523,2527.81
21339,-1.9022,0.1269,11.6095,1525,2527.81
21344,-0.2083,2.3487,10.0545,1572,2527.59
21349,0.8128,3.9468,10.4028,1529,2527.59
21354,-3.1735,1.5742,10.2568,1531,2527.59
21359,-1.0858,-0.5986,12.0297,1526,2527.59
21364,-1.7322,0.9158,11.0588,1528,2527.59
21369,0.103,2.8048,10.0592,1564,2527.7
21374,0.3891,3.5338,10.4603,1529,2527.7
21379,-2.2338,0.6189,10.5608,1523,2527.7
21384,-1.324,-0.6428,12.0165,1545,2527.7
21389,-1.1349,1.6281,10.5644,1525,2527.7
21394,0.4537,3.2717,10.1215,1549,2527.49
21399,-0.7542,2.9497,10.4579,1543,2527.49
21404,-1.1061,-0.2095,11.1785,1523,2527.49
21409,-1.6759,-0.4369,11.9088,1531,2527.49
21414,-0.5231,2.1644,10.2244,1553,2526.64
21419,0.7063,3.6895,10.2496,1527,2526.64
21424,-2.4912,2.2757,10.3226,1529,2526.64
21429,-0.9433,-0.5471,11.7603,1523,2526.64
21434,-1.8687,0.1077,11.5125,1527,2526.64
21439,-0.1963,2.4062,9.9719,1573,2525.47
21444,0.759,3.9073,10.4088,1525,2525.47
21449,-3.2142,1.5251,10.2795,1529,2525.47
21454,-1.0523,-0.559,12.1374,1527,2525.47
21459,-1.6807,0.9517,11.1199,1527,2525.47
21464,0.1365,2.8623,10.0401,1563,2524.93
21469,0.3663,3.4955,10.3729,1529,2524.93
21474,-2.211,0.5782,10.5776,1523,2524.93
21479,-1.3491,-0.6596,12.0584,1543,2524.93
21484,-1.1636,1.6771,10.6374,1525,2524.93
21489,0.4788,3.298,10.0987,1548,2525.25
21494,-0.6859,2.9772,10.477,1545,2525.25
21499,-1.1384,-0.2227,11.0708,1519,2525.25
21504,-1.67,-0.5207,11.9411,1532,2525.25
21509,-0.571,2.1105,10.1598,1555,2525.47
21514,0.7781,3.7721,10.3441,1527,2525.47
21519,-2.4983,2.2553,10.3011,1525,2525.47
21524,-0.8978,-0.498,11.8477,1523,2525.47
21529,-1.8735,0.0898,11.5209,1525,2525.47
21534,-0.2286,2.3894,10.0461,1577,2525.78
21539,0.7518,3.8666,10.3573,1529,2525.78
21544,-3.1651,1.5526,10.3202,1544,2525.78
21549,-1.087,-0.589,12.0907,1527,2525.78
21554,-1.6987,0.929,11.066,1525,2525.78
21559,0.0658,2.7366,10.0149,1563,2525.89
21564,0.3783,3.4931,10.4507,1525,2525.89
21569,-2.1596,0.6153,10.5788,1525,2525.89
21574,-1.3001,-0.5686,12.0345,1547,2525.89
21579,-1.1289,1.7107,10.5189,1525,2525.89
21584,0.4848,3.2633,10.0736,1546,2525.89
21589,-0.7961,2.9269,10.4974,1547,2525.89
21594,-1.1049,-0.2167,11.157,1519,2525.89
21599,-1.6532,-0.4202,11.8932,1531,2525.89
21604,-0.565,2.1021,10.137,1557,2525.78
21609,0.808,3.8056,10.3011,1528,2525.78
21614,-2.5414,2.2769,10.2544,1531,2525.78
21619,-0.929,-0.5626,11.8094,1527,2525.78
21624,-1.8998,0.1101,11.5628,1528,2525.78
21629,-0.1867,2.4612,10.0425,1583,2526.1
21634,0.7757,3.8511,10.3872,1531,2526.1
21639,-3.1843,1.5514,10.3166,1533,2526.1
21644,-1.0846,-0.6285,12.056,1523,2526.1
21649,-1.6927,0.9697,11.048,1527,2526.1
21654,0.1006,2.7928,10.0257,1562,2525.57
21659,0.3938,3.5267,10.4782,1531,2525.57
21664,-2.2039,0.5962,10.495,1523,2525.57
21669,-1.2857,-0.6165,12.0596,1545,2525.57
21674,-1.1612,1.6664,10.5034,1511,2525.57
21679,0.4298,3.3028,10.1622,1525,2526.21
21684,-0.7578,2.9113,10.4124,1528,2526.21
21689,-1.1636,-0.1628,11.1893,1519,2526.21
21694,-1.6113,-0.4944,11.9052,1529,2526.21
21699,-0.5279,2.1081,10.173,1549,2527.17
21704,0.747,3.7038,10.3214,1519,2527.17
21709,-2.4553,2.2386,10.3358,1529,2527.17
21714,-0.9218,-0.498,11.825,1517,2527.17
21719,-1.8794,0.1341,11.5843,1525,2527.17
21724,-0.1963,2.4098,10.0257,1573,2527.7
21729,0.7183,3.8487,10.3908,1527,2527.7
21734,-3.1951,1.5299,10.3896,1529,2527.7
21739,-1.1133,-0.6273,12.0799,1523,2527.7
21744,-1.6735,0.9732,11.0385,1523,2527.7
21749,0.073,2.8168,9.9395,1560,2527.59
21754,0.3903,3.5159,10.5117,1527,2527.59
21759,-2.1715,0.4896,10.5117,1518,2527.59
21764,-1.385,-0.6321,12.1123,1545,2527.59
21769,-1.1432,1.719,10.5225,1525,2527.59
21774,0.5171,3.4081,10.1945,1545,2527.27
21779,-0.8212,2.8706,10.3513,1535,2527.27
21784,-1.0523,-0.2167,11.1845,1519,2527.27
21789,-1.7131,-0.4872,11.8405,1533,2527.27
21794,-0.5686,2.1213,10.1969,1551,2527.49
21799,0.8188,3.7685,10.2891,1527,2527.49
21804,-2.6169,2.2817,10.3801,1530,2527.49
21809,-0.8966,-0.5423,11.7974,1529,2527.49
21814,-1.9022,0.1796,11.5628,1527,2527.49
21819,-0.2011,2.3966,10.009,1565,2527.59
21824,0.7602,3.9037,10.4028,1533,2527.59
21829,-3.1951,1.4916,10.2615,1529,2527.59
21834,-1.0965,-0.6273,12.0883,1528,2527.59
21839,-1.6352,1.0594,11.0181,1528,2527.59
21844,0.085,2.7821,10.0844,1560,2527.59
21849,0.3136,3.4261,10.5812,1529,2527.59
21854,-2.0075,0.5183,10.6231,1543,2527.59
21859,-1.3396,-0.583,12.0799,1549,2527.59
21864,-1.0534,1.7502,10.4842,1527,2527.59
21869,0.5112,3.3806,10.1682,1549,2527.81
21874,-0.9732,2.7976,10.4064,1547,2527.81
21879,-1.0391,-0.2586,11.2659,1515,2527.81
21884,-1.6987,-0.3807,11.8214,1545,2527.81
21889,-0.4597,2.1512,10.1957,1563,2527.7
21894,0.8152,3.7948,10.246,1527,2527.7
21899,-2.66,2.2063,10.3813,1542,2527.7
21904,-0.9517,-0.6285,11.8357,1527,2527.7
21909,-1.9178,0.2107,11.5628,1527,2527.7
21914,-0.1173,2.4169,10.0305,1579,2527.81
21919,0.7494,3.8846,10.4064,1534,2527.81
21924,-3.1173,1.3228,10.1921,1530,2527.81
21929,-1.1157,-0.6345,12.0704,1524,2527.81
21934,-1.6293,1.0894,10.9535,1544,2527.81
21939,0.1592,2.9329,10.1167,1566,2527.59
21944,0.1951,3.4333,10.4483,1529,2527.59
21949,-1.9728,0.4238,10.7009,1528,2527.59
21954,-1.415,-0.6776,12.0285,1545,2527.59
21959,-1.0499,1.737,10.495,1529,2527.59
21964,0.5674,3.4213,10.1849,1553,2527.7
21969,-1.0151,2.8635,10.3884,1545,2527.7
21974,-1.0235,-0.2598,11.2527,1519,2527.7
21979,-1.6963,-0.401,11.7998,1543,2527.7
21984,-0.4597,2.1572,10.1634,1557,2527.81
21989,0.7398,3.8188,10.2975,1523,2527.81
21994,-2.7629,2.1464,10.3441,1541,2527.81
21999,-0.9266,-0.5387,11.892,1529,2527.81
22004,-1.8938,0.2861,11.5185,1527,2527.81
22009,-0.1867,2.4349,9.973,1577,2528.02
22014,0.7326,3.8475,10.4136,1542,2528.02
22019,-3.1484,1.3192,10.2735,1529,2528.02
22024,-1.1205,-0.6021,12.153,1529,2528.02
22029,-1.5838,1.1325,10.9295,1532,2528.02
22034,0.2023,2.8934,10.0389,1563,2528.02
22039,0.1856,3.371,10.3908,1533,2528.02
22044,-1.8878,0.395,10.6554,1524,2528.02
22049,-1.476,-0.6428,11.9973,1545,2528.02
22054,-0.9876,1.822,10.5381,1531,2528.02
22059,0.6045,3.4237,10.222,1547,2527.7
22064,-1.1732,2.7857,10.4639,1545,2527.7
22069,-0.9601,-0.3508,11.2911,1520,2527.7
22074,-1.7226,-0.3615,11.807,1533,2527.7
22079,-0.4357,2.1775,10.1035,1579,2527.81
22084,0.8428,3.9061,10.3022,1527,2527.81
22089,-2.879,2.1141,10.3765,1526,2527.81
22094,-0.9577,-0.5495,11.9818,1531,2527.81
22099,-1.9046,0.3124,11.4551,1526,2527.81
22104,-0.1329,2.5379,10.0389,1583,2527.38
22109,0.6668,3.7888,10.4519,1543,2527.38
22114,-3.0167,1.2917,10.2891,1528,2527.38
22119,-1.1552,-0.5914,12.0452,1532,2527.38
22124,-1.5742,1.1432,10.8733,1544,2527.38
22129,0.1903,2.9305,10.0724,1561,2526.95
22134,0.1197,3.3399,10.4698,1533,2526.95
22139,-1.7837,0.3699,10.7524,1521,2526.95
22144,-1.4293,-0.5614,11.9854,1545,2526.95
22149,-0.9601,1.8292,10.4279,1531,2526.95
22154,0.5531,3.4429,10.1562,1548,2526.53
22159,-1.2186,2.7629,10.4567,1545,2526.53
22164,-0.996,-0.3591,11.3641,1519,2526.53
22169,-1.7274,-0.2957,11.8788,1527,2526.53
22174,-0.4034,2.2015,10.0952,1574,2526.53
22179,0.7781,3.8307,10.2903,1528,2526.53
22184,-2.8611,2.0291,10.2663,1531,2526.53
22189,-0.9756,-0.6105,11.9686,1529,2526.53
22194,-1.8627,0.3244,11.4179,1523,2526.53
22199,-0.0838,2.5606,10.058,1573,2526.53
22204,0.674,3.8164,10.392,1533,2526.53
22209,-3.0035,1.2869,10.3561,1525,2526.53
22214,-1.1959,-0.674,12.0955,1527,2526.53
22219,-1.5526,1.2258,10.9535,1531,2526.53
22224,0.2406,2.9389,10.0449,1557,2526.74
22229,0.1832,3.3794,10.4627,1529,2526.74
22234,-1.7717,0.2957,10.6422,1523,2526.74
22239,-1.4401,-0.6668,12.0668,1531,2526.74
22244,-0.9685,1.8256,10.4411,1528,2526.74
22249,0.577,3.5195,10.2137,1545,2526.85
22254,-1.2941,2.7282,10.3657,1532,2526.85
22259,-0.9876,-0.31,11.3832,1519,2526.85
22264,-1.749,-0.3603,11.7986,1530,2526.85
22269,-0.4142,2.1823,10.1203,1579,2527.17
22274,0.7709,3.8415,10.3621,1525,2527.17
22279,-2.9975,2.0243,10.3322,1543,2527.17
22284,-0.9146,-0.5674,11.995,1527,2527.17
22289,-1.8663,0.3508,11.3246,1525,2527.17
22294,-0.1257,2.5402,10.0257,1576,2527.17
22299,0.6632,3.79,10.386,1543,2527.17
22304,-3.0275,1.2103,10.4004,1527,2527.17
22309,-1.1887,-0.5794,12.0847,1529,2527.17
22314,-1.5407,1.2989,10.9511,1541,2527.17
22319,0.1784,2.9197,10.0137,1555,2526.64
22324,0.1269,3.3327,10.4782,1532,2526.64
22329,-1.6831,0.2263,10.7392,1524,2526.64
22334,-1.4329,-0.5016,12.05,1542,2526.64
22339,-0.8847,1.8783,10.3848,1535,2526.0
22344,0.6201,3.5039,10.2089,1529,2526.0
22349,-1.47,2.6695,10.4064,1531,2526.0
22354,-0.9278,-0.3867,11.4563,1519,2526.0
22359,-1.7669,-0.3555,11.7675,1531,2526.0
22364,-0.3711,2.2625,10.0736,1573,2526.32
22369,0.8272,3.8678,10.246,1523,2526.32
22374,-2.9317,2.0578,10.3226,1543,2526.32
22379,-0.9816,-0.6345,11.9291,1531,2526.32
22384,-1.9166,0.3879,11.4191,1523,2526.32
22389,-0.0599,2.484,10.0437,1581,2526.1
22394,0.6859,3.7876,10.4782,1544,2526.1
22399,-2.9532,1.2091,10.3034,1527,2526.1
22404,-1.1779,-0.6309,12.0476,1528,2526.1
22409,-1.5119,1.2091,10.8673,1543,2526.1
22414,0.2191,2.982,10.1119,1562,2526.53
22419,0.0311,3.3196,10.5273,1531,2526.53
22424,-1.7262,0.2502,10.7392,1517,2526.53
22429,-1.4102,-0.5854,11.9926,1527,2526.53
22434,-0.8679,1.8447,10.3477,1527,2526.42
22439,0.6021,3.4824,10.2065,1545,2526.42
22444,-1.4485,2.6911,10.3825,1531,2526.42
22449,-0.9948,-0.3208,11.4838,1518,2526.42
22454,-1.7418,-0.2634,11.7819,1529,2526.42
22459,-0.3915,2.2338,10.1239,1576,2526.53
22464,0.7566,3.7661,10.2819,1528,2526.53
22469,-2.9939,2.0375,10.3896,1544,2526.53
22474,-0.9732,-0.6165,11.9267,1527,2526.53
22479,-1.8232,0.4669,11.3832,1525,2526.53
22484,-0.0503,2.5067,9.9323,1573,2526.21
22489,0.6584,3.8104,10.483,1544,2526.21
22494,-2.976,1.1277,10.2915,1528,2526.21
22499,-1.1624,-0.6033,12.129,1531,2526.21
22504,-1.5455,1.2689,10.8158,1533,2526.21
22509,0.2993,3.0442,10.0772,1559,2525.89
22514,0.0862,3.31,10.4327,1533,2525.89
22519,-1.6831,0.2215,10.7583,1523,2525.89
22524,-1.4557,-0.6548,12.0153,1543,2525.89
22529,-0.9086,1.9225,10.3968,1531,2525.78
22534,0.6129,3.5279,10.1766,1555,2525.78
22539,-1.4281,2.6456,10.4399,1543,2525.78
22544,-0.8859,-0.3783,11.3737,1523,2525.78
22549,-1.7921,-0.3484,11.7424,1529,2525.78
22554,-0.4238,2.2278,10.1143,1577,2525.89
22559,0.8464,3.863,10.3406,1524,2525.89
22564,-3.0347,2.065,10.3166,1544,2525.89
22569,-0.9685,-0.5638,11.9758,1529,2525.89
22574,-1.889,0.4154,11.3713,1525,2525.89
22579,-0.0958,2.472,9.9898,1581,2525.78
22584,0.668,3.7792,10.4615,1544,2525.78
22589,-2.9449,1.1708,10.2604,1531,2525.78
22594,-1.1492,-0.5291,12.1003,1531,2525.78
22599,-1.5143,1.239,10.9032,1544,2525.78
22604,0.2274,2.9437,10.1047,1564,2525.68
22609,-0.0227,3.2358,10.4746,1529,2525.68
22614,-1.6412,0.2861,10.7787,1527,2525.68
22619,-1.4293,-0.5303,11.9782,1547,2525.68
22624,-0.8571,1.913,10.4459,1531,2525.68
22629,0.6081,3.4848,10.1622,1545,2526.0
22634,-1.4784,2.6576,10.4519,1546,2526.0
22639,-0.996,-0.4202,11.4431,1523,2526.0
22644,-1.7597,-0.2203,11.7986,1541,2526.0
22649,-0.3448,2.1979,10.009,1587,2526.32
22654,0.8428,3.8595,10.2999,1525,2526.32
22659,-2.9868,1.9812,10.2639,1545,2526.32
22664,-0.984,-0.6093,11.9722,1531,2526.32
22669,-1.9058,0.4322,11.4239,1527,2526.32
22674,-0.0754,2.6109,10.076,1583,2526.53
22679,0.6895,3.7745,10.4124,1545,2526.53
22684,-2.8838,1.1504,10.2915,1529,2526.53
22689,-1.1899,-0.6249,12.0644,1531,2526.53
22694,-1.4581,1.306,10.8661,1545,2526.53
22699,0.2813,2.9951,10.155,1567,2526.64
22704,0.0587,3.3088,10.3884,1541,2526.64
22709,-1.6388,0.255,10.8338,1527,2526.64
22714,-1.4724,-0.644,11.9806,1546,2526.64
22719,-0.8691,1.8783,10.3872,1533,2526.64
22724,0.6021,3.5027,10.173,1555,2526.85
22729,-1.4593,2.7282,10.4459,1527,2526.85
22734,-0.9242,-0.3687,11.4455,1525,2526.85
22739,-1.7298,-0.2598,11.8309,1534,2526.85
22744,-0.3783,2.1967,10.0485,1583,2527.17
22749,0.7757,3.869,10.3657,1529,2527.17
22754,-3.1053,1.9585,10.2173,1545,2527.17
22759,-0.9828,-0.5411,12.0069,1541,2527.17
22764,-1.8411,0.4764,11.3078,1527,2527.17
22769,-0.0718,2.5666,10.0042,1588,2527.17
22774,0.6141,3.7206,10.3693,1544,2527.17
22779,-2.9341,1.1001,10.3908,1529,2527.17
22784,-1.2222,-0.6249,12.129,1532,2527.17
22789,-1.4976,1.3443,10.8517,1546,2527.17
22794,0.2909,2.9868,10.0293,1563,2526.85
22799,0.0587,3.2453,10.4088,1541,2526.85
22804,-1.5874,0.1269,10.7069,1519,2526.85
22809,-1.4868,-0.5602,12.038,1542,2526.85
22814,-0.8428,1.9225,10.3753,2373,2526.21
22819,0.6548,3.5793,10.2795,1529,2526.21
22824,-1.5838,2.6109,10.3872,1529,2526.21
22829,-0.9146,-0.4525,11.5245,1543,2526.21
22834,-1.7753,-0.316,11.7483,1525,2526.21
22839,-0.3508,2.1931,10.0568,1577,2527.38
22844,0.8571,3.9193,10.386,1520,2527.38
22849,-3.0658,1.9297,10.2987,1542,2527.38
22854,-0.9984,-0.577,11.9926,1528,2527.38
22859,-1.8651,0.5148,11.3377,1523,2527.38
22864,-0.0587,2.5486,10.076,1548,2526.95
22869,0.6297,3.735,10.3358,1545,2526.95
22874,-2.8299,1.0989,10.3801,1525,2526.95
22879,-1.2366,-0.595,12.0656,1531,2526.95
22884,-1.4557,1.3719,10.8876,1545,2526.95
22889,0.1939,2.9928,10.0748,1554,2526.74
22894,-0.079,3.2825,10.5321,1531,2526.74
22899,-1.6137,0.1425,10.8014,1529,2526.74
22904,-1.4437,-0.5064,11.9698,1532,2526.74
22909,-0.8272,1.9082,10.2891,1550,2526.85
22914,0.6213,3.5482,10.2496,1528,2526.85
22919,-1.664,2.5738,10.4136,1527,2526.85
22924,-0.9457,-0.425,11.5748,1517,2526.85
22929,-1.81,-0.1867,11.7555,1527,2526.85
22934,-0.346,2.2805,10.0616,1567,2526.74
22939,0.7757,3.8283,10.3154,1523,2526.74
22944,-3.0813,1.9094,10.258,1540,2526.74
22949,-1.0247,-0.5974,12.0009,1529,2526.74
22954,-1.8268,0.5578,11.3844,1516,2526.74
22959,-0.0108,2.6121,10.0042,1549,2526.1
22964,0.6883,3.7469,10.4184,1529,2526.1
22969,-2.7916,0.9756,10.3082,1520,2526.1
22974,-1.2438,-0.6428,12.0608,1521,2526.1
22979,-1.4509,1.3767,10.805,1531,2526.1
22984,0.3077,3.0945,10.0341,1546,2526.85
22989,-0.0658,3.2765,10.4603,1525,2526.85
22994,-1.5311,0.1173,10.8194,1519,2526.85
22999,-1.4353,-0.6452,12.0357,1529,2526.85
23004,-0.7554,1.9441,10.2831,2261,2526.74
23009,0.6955,3.6057,10.252,1524,2526.74
23014,-1.7059,2.5786,10.3573,1520,2526.74
23019,-0.9242,-0.395,11.5221,1517,2526.74
23024,-1.8316,-0.243,11.7591,1525,2526.74
23029,-0.3663,2.2948,10.0952,1565,2527.17
23034,0.741,3.8463,10.3418,1523,2527.17
23039,-3.158,1.9166,10.3441,1542,2527.17
23044,-0.9888,-0.6045,11.9315,1524,2527.17
23049,-1.8364,0.5758,11.3401,1523,2527.17
23054,-0.0311,2.5283,9.9719,1565,2527.91
23059,0.6009,3.699,10.4639,1529,2527.91
23064,-2.8036,0.9936,10.392,1523,2527.91
23069,-1.227,-0.5602,12.1374,1528,2527.91
23074,-1.3958,1.3898,10.7595,1531,2527.91
23079,0.2933,3.0777,10.1203,1547,2528.13
23084,-0.1592,3.1125,10.4016,1527,2528.13
23089,-1.4712,0.1149,10.9008,1525,2528.13
23094,-1.5131,-0.5531,11.9399,1525,2528.13
23099,-0.7757,1.98,10.3489,1544,2528.02
23104,0.723,3.6272,10.2089,1518,2528.02
23109,-1.822,2.5247,10.3621,1520,2528.02
23114,-0.923,-0.5255,11.5652,1517,2528.02
23119,-1.8411,-0.1604,11.7316,1519,2528.02
23124,-0.2562,2.2793,10.1143,1563,2528.34
23129,0.8799,3.881,10.3729,1519,2528.34
23134,-3.1304,1.8543,10.2651,1533,2528.34
23139,-1.0439,-0.6644,11.9602,1531,2528.34
23144,-1.81,0.6249,11.2779,1517,2528.34
23149,-0.0431,2.6181,10.0485,1547,2528.66
23154,0.6285,3.7326,10.4399,1541,2528.66
23159,-2.6767,0.9026,10.3549,1525,2528.66
23164,-1.2079,-0.6249,12.159,1525,2528.66
23169,-1.3575,1.415,10.7344,1543,2528.66
23174,0.3663,3.1161,10.1143,1532,2528.66
23179,-0.2861,3.14,10.4339,1528,2528.66
23184,-1.4006,0.0922,10.9666,1524,2528.66
23189,-1.5131,-0.5662,11.9052,1529,2528.66
23194,-0.7063,2.0027,10.2963,1567,2528.55
23199,0.6404,3.5781,10.252,1525,2528.55
23204,-2.0135,2.5379,10.4495,1517,2528.55
23209,-0.9409,-0.4286,11.6131,1523,2528.55
23214,-1.8208,-0.0838,11.6813,1519,2528.55
23219,-0.243,2.3284,10.0197,1561,2528.55
23224,0.7757,3.8607,10.3681,1526,2528.55
23229,-3.2477,1.7083,10.252,1530,2528.55
23234,-1.0379,-0.5962,12.038,1527,2528.55
23239,-1.7897,0.7111,11.2444,1528,2528.55
23244,0.0371,2.6719,10.0461,1551,2528.66
23249,0.5543,3.6284,10.4279,1532,2528.66
23254,-2.5833,0.8152,10.4435,1519,2528.66
23259,-1.2582,-0.6249,12.1039,1529,2528.66
23264,-1.306,1.5359,10.7033,1543,2528.66
23269,0.4381,3.2142,10.1335,1533,2528.76
23274,-0.3388,3.0335,10.4567,1527,2528.76
23279,-1.2318,-0.0335,11.0014,1529,2528.76
23284,-1.6125,-0.5866,11.9112,1523,2528.76
23289,-0.6548,2.0482,10.2663,1575,2529.3
23294,0.7434,3.6667,10.2053,1527,2529.3
23299,-2.1189,2.46,10.416,1523,2529.3
23304,-0.9325,-0.5267,11.5855,1518,2529.3
23309,-1.8878,-0.0275,11.6777,1523,2529.3
23314,-0.2741,2.2948,10.0401,1561,2529.62
23319,0.8021,3.9289,10.4495,1525,2529.62
23324,-3.2513,1.6652,10.2292,1523,2529.62
23329,-1.0534,-0.5722,12.0524,1546,2529.62
23334,-1.798,0.7745,11.1522,1523,2529.62
23339,-0.0072,2.6959,10.0305,1542,2530.04
23344,0.4513,3.5566,10.4052,1543,2530.04
23349,-2.4074,0.8224,10.5692,1520,2530.04
23354,-1.2929,-0.5938,12.0728,1519,2530.04
23359,-1.1732,1.6269,10.6506,1543,2530.04
23364,0.4142,3.1723,10.0856,1533,2529.94
23369,-0.5686,3.0119,10.4639,1527,2529.94
23374,-1.1827,-0.1425,11.0696,1528,2529.94
23379,-1.6017,-0.4022,11.8693,1523,2529.94
23384,-0.5674,2.1033,10.228,1568,2530.04
23389,0.7697,3.7888,10.3106,1530,2530.04
23394,-2.375,2.308,10.3801,1518,2530.04
23399,-0.9517,-0.5686,11.7831,1525,2530.04
23404,-1.9201,0.0922,11.5688,1533,2530.04
23409,-0.2274,2.3966,10.07,1567,2530.04
23414,0.8727,3.9085,10.3753,1532,2530.04
23419,-3.1795,1.5682,10.2592,1531,2530.04
23424,-1.0738,-0.6404,12.1278,1518,2530.04
23429,-1.7071,0.8787,11.0756,1526,2530.04
23434,0.1197,2.7809,10.07,1532,2530.36
23439,0.4357,3.5171,10.41,1524,2530.36
23444,-2.229,0.6081,10.5309,1518,2530.36
23449,-1.3312,-0.6704,12.0321,1519,2530.36
23454,-1.1768,1.6544,10.55,1547,2530.36
23459,0.419,3.292,10.1179,1543,2530.79
23464,-0.7673,2.97,10.5524,1525,2530.79
23469,-1.1073,-0.164,11.1306,1532,2530.79
23474,-1.6316,-0.4872,11.9159,1523,2530.79
23479,-0.5279,2.0853,10.1287,1549,2531.11
23484,0.7386,3.7565,10.2915,1542,2531.11
23489,-2.6396,2.2601,10.3082,1523,2531.11
23494,-0.9194,-0.4992,11.8716,1527,2531.11
23499,-1.8794,0.1305,11.5556,1544,2531.11
23504,-0.1437,2.4313,10.0377,1567,2531.11
23509,0.7051,3.814,10.343,1541,2531.11
23514,-3.1831,1.4605,10.2484,1533,2531.11
23519,-1.1169,-0.6093,12.1099,1523,2531.11
23524,-1.6233,1.0798,11.0073,1529,2531.11
23529,0.158,2.8503,10.0556,1553,2531.0
23534,0.3184,3.4261,10.4279,1525,2531.0
23539,-2.0231,0.4381,10.647,1519,2531.0
23544,-1.3838,-0.6117,12.0452,1530,2531.0
23549,-1.0247,1.8148,10.5046,1529,2531.0
23554,0.5782,3.4034,10.1323,1548,2530.58
23559,-1.0762,2.8108,10.4663,1528,2530.58
23564,-1.002,-0.2993,11.2779,1519,2530.58
23569,-1.7346,-0.3926,11.8872,1524,2530.58
23574,-0.4729,2.1739,10.1526,1568,2530.68
23579,0.826,3.8415,10.3489,1525,2530.68
23584,-2.824,2.1428,10.2771,1523,2530.68
23589,-0.9325,-0.5423,11.9064,1542,2530.68
23594,-1.9022,0.2286,11.4407,1531,2530.68
23599,-0.146,2.5031,10.0257,1572,2530.68
23604,0.7326,3.8451,10.4267,1541,2530.68
23609,-3.0646,1.391,10.3765,1543,2530.68
23614,-1.1001,-0.6177,12.0512,1517,2530.68
23619,-1.5694,1.1097,10.9882,1524,2530.68
23624,0.1664,2.8671,9.9862,1556,2531.0
23629,0.1748,3.3854,10.4651,1527,2531.0
23634,-1.7789,0.3136,10.6159,1519,2531.0
23639,-1.391,-0.5207,12.074,1545,2531.0
23644,-0.9122,1.8292,10.4088,1527,2531.0
23649,0.5459,3.462,10.222,1543,2531.0
23654,-1.3958,2.7126,10.4339,1532,2531.0
23659,-1.0223,-0.3627,11.4491,1518,2531.0
23664,-1.7957,-0.2454,11.8178,1527,2531.0
23669,-0.3567,2.2098,10.1574,1577,2531.22
23674,0.7973,3.8547,10.3226,1524,2531.22
23679,-2.9975,2.053,10.3837,1529,2531.22
23684,-1.0139,-0.6321,11.9961,1519,2531.22
23689,-1.9201,0.4393,11.3784,1525,2531.22
23694,-0.0395,2.5809,10.0497,1573,2530.9
23699,0.6931,3.7062,10.3573,1531,2530.9
23704,-2.9018,1.1241,10.2963,1531,2530.9
23709,-1.2151,-0.6524,12.0668,1525,2530.9
23714,-1.4449,1.2977,10.89,1523,2530.9
23719,0.237,3.0382,10.0652,1560,2530.68
23724,0.0455,3.3148,10.4411,1527,2530.68
23729,-1.6352,0.146,10.805,1519,2530.68
23734,-1.4497,-0.6117,11.9758,1546,2530.68
23739,-0.8703,1.8663,10.3178,1523,2530.68
23744,0.662,3.5482,10.2532,1545,2530.9
23749,-1.6209,2.654,10.4148,1545,2530.9
23754,-0.9194,-0.3496,11.4922,1519,2530.9
23759,-1.8196,-0.2502,11.74,1529,2530.9
23764,-0.3184,2.2458,10.1359,1549,2531.54
23769,0.7841,3.8391,10.2472,1519,2531.54
23774,-3.0921,1.9609,10.3358,1529,2531.54
23779,-1.0127,-0.565,11.9806,1531,2531.54
23784,-1.8543,0.5806,11.3282,1523,2531.54
23789,-0.0599,2.5917,9.9778,1576,2531.65
23794,0.6249,3.7038,10.4016,1531,2531.65
23799,-2.7497,0.99,10.3717,1525,2531.65
23804,-1.2091,-0.6021,12.1075,1525,2531.65
23809,-1.3815,1.4246,10.7595,1529,2531.65
23814,0.3328,3.0921,10.0604,1561,2531.65
23819,-0.255,3.1196,10.4746,1531,2531.65
23824,-1.415,0.0407,10.9331,1519,2531.65
23829,-1.567,-0.5399,11.977,1531,2531.65
23834,-1.2007,1.5706,10.6279,1529,2531.65
23839,0.7649,3.6751,10.2711,1548,2531.86
23844,-0.5698,2.9389,10.3382,1531,2531.86
23849,-1.1959,-0.1185,11.0875,1519,2531.86
23854,-1.6628,-0.4764,11.9064,1531,2531.86
23859,-0.571,2.1452,10.2855,1577,2532.18
23864,0.7949,3.6799,10.2197,1527,2532.18
23869,-2.3739,2.3308,10.3813,1545,2532.18
23874,-0.9469,-0.565,11.7316,1532,2532.18
23879,-1.907,0.0814,11.6011,1523,2532.18
23884,-0.2107,2.332,10.0197,1573,2532.61
23889,0.8607,3.9133,10.4507,1545,2532.61
23894,-3.2106,1.5311,10.234,1527,2532.61
23899,-1.1109,-0.5686,12.1206,1542,2532.61
23904,-1.7119,0.9146,11.0181,1545,2532.61
23909,0.1185,2.7857,10.0533,1544,2532.82
23914,0.4046,3.5147,10.4399,1532,2532.82
23919,-2.1416,0.5722,10.5417,1525,2532.82
23924,-1.3036,-0.6069,12.0165,1525,2532.82
23929,-1.081,1.6807,10.5548,1576,2533.46
23934,0.5483,3.3387,10.1502,1525,2533.46
23939,-0.8918,2.8766,10.4471,1527,2533.46
23944,-1.0762,-0.2298,11.2851,1523,2533.46
23949,-1.6939,-0.3855,11.8633,1527,2533.46
23954,-0.4465,2.1392,10.1478,1567,2533.78
23959,0.7434,3.7433,10.2723,1531,2533.78
23964,-2.6959,2.2386,10.3908,1525,2533.78
23969,-1.0127,-0.5698,11.8645,1523,2533.78
23974,-1.8567,0.2897,11.5293,1529,2533.78
23979,-0.1532,2.3942,9.9838,1544,2533.68
23984,0.7685,3.8607,10.4064,1529,2533.68
23989,-3.1065,1.2857,10.2568,1527,2533.68
23994,-1.1612,-0.6021,12.0847,1525,2533.68
23999,-1.5586,1.1768,10.9295,1553,2533.68
24004,0.1963,2.9628,10.1646,1544,2533.57
24009,0.164,3.3686,10.4603,1528,2533.57
24014,-1.8375,0.3268,10.6745,1531,2533.57
24019,-1.4653,-0.65,11.9878,1523,2533.57
24024,-0.9529,1.8747,10.4459,1563,2533.57
24029,0.6381,3.4572,10.167,1545,2533.57
24034,-1.2498,2.7617,10.4495,1526,2533.57
24039,-0.9278,-0.3699,11.3258,1529,2533.57
24044,-1.7561,-0.3316,11.8453,1544,2533.57
24049,-0.4286,2.1584,10.0796,1575,2533.46
24054,0.8224,3.9037,10.2807,1543,2533.46
24059,-3.0047,2.0375,10.3274,1544,2533.46
24064,-1.008,-0.5866,11.9842,1519,2533.46
24069,-1.8866,0.3986,11.3665,1530,2533.46
24074,-0.1137,2.5079,10.0006,1553,2533.68
24079,0.6847,3.7721,10.477,1527,2533.68
24084,-2.9149,1.1349,10.3346,1523,2533.68
24089,-1.1851,-0.5878,12.0835,1541,2533.68
24094,-1.4377,1.3156,10.7943,1527,2533.68
24099,0.2849,3.0155,10.0724,1553,2533.46
24104,-0.0204,3.1316,10.4603,1523,2533.46
24109,-1.4832,0.2083,10.8577,1519,2533.46
24114,-1.4916,-0.5207,11.9231,1529,2533.46
24119,-0.7853,1.9656,10.3896,1557,2533.25
24124,0.6835,3.5566,10.1682,1525,2533.25
24129,-1.7573,2.5738,10.416,1527,2533.25
24134,-0.9876,-0.5387,11.5293,1523,2533.25
24139,-1.8136,-0.1448,11.7376,1545,2533.25
24144,-0.243,2.2482,10.0545,1549,2533.14
24149,0.8978,3.9385,10.4279,1545,2533.14
24154,-3.134,1.8615,10.2113,1544,2533.14
24159,-1.0487,-0.5854,12.0357,1523,2533.14
24164,-1.8495,0.595,11.2492,1519,2533.14
24169,0.0299,2.6061,10.0329,1559,2533.14
24174,0.6081,3.6823,10.3908,1525,2533.14
24179,-2.6288,0.9014,10.4663,1523,2533.14
24184,-1.2701,-0.6464,12.0009,1543,2533.14
24189,-1.3264,1.488,10.72,1525,2533.14
24194,0.3699,3.1244,10.1311,1545,2533.25
24199,-0.2873,3.1352,10.4962,1541,2533.25
24204,-1.3168,-0.0323,10.999,1517,2533.25
24209,-1.579,-0.5243,11.9614,1532,2533.25
24214,-0.674,2.0135,10.2149,1555,2533.25
24219,0.674,3.6739,10.2699,1527,2533.25
24224,-2.1356,2.4732,10.3418,1529,2533.25
24229,-0.9349,-0.4585,11.7005,1525,2533.25
24234,-1.8723,-0.0072,11.6478,1527,2533.25
24239,-0.1975,2.3391,10.0161,1581,2533.36
24244,0.7446,3.8654,10.3597,1557,2533.36
24249,-3.2298,1.6305,10.2915,1531,2533.36
24254,-1.093,-0.6129,12.1111,1529,2533.36
24259,-1.731,0.8332,11.1067,1528,2533.36
24264,0.1077,2.7461,10.0856,1561,2533.25
24269,0.4932,3.5554,10.3944,1530,2533.25
24274,-2.3236,0.6788,10.489,1519,2533.25
24279,-1.3671,-0.6464,12.0452,1541,2533.25
24284,-1.1732,1.6987,10.6279,1529,2533.25
24289,0.48,3.2681,10.1478,1548,2533.25
24294,-0.6333,2.9461,10.5153,1525,2533.25
24299,-1.1636,-0.2239,11.0959,1519,2533.25
24304,-1.6807,-0.498,11.8489,1529,2533.25
24309,-0.565,2.0913,10.1694,1577,2533.68
24314,0.8152,3.7816,10.2436,1525,2533.68
24319,-2.5402,2.3056,10.319,1543,2533.68
24324,-0.9649,-0.5052,11.8465,1531,2533.68
24329,-1.9106,0.0826,11.5412,1525,2533.68
24334,-0.1963,2.3583,10.0305,1557,2533.57
24339,0.7649,3.8523,10.4363,1547,2533.57
24344,-3.1615,1.4521,10.331,1519,2533.57
24349,-1.1384,-0.5746,12.0656,1541,2533.57
24354,-1.6436,1.0427,11.0265,1549,2533.57
24359,0.1173,2.8024,10.0628,1547,2533.89
24364,0.3208,3.395,10.4842,1531,2533.89
24369,-1.986,0.4669,10.6554,1530,2533.89
24374,-1.3539,-0.5052,11.9961,1527,2533.89
24379,-1.0175,1.7801,10.4459,1581,2534.32
24384,0.5483,3.3962,10.1167,1527,2534.32
24389,-1.093,2.7869,10.4806,1528,2534.32
24394,-1.0618,-0.3448,11.3318,1525,2534.32
24399,-1.7298,-0.2717,11.8597,1532,2534.32
24404,-0.4286,2.1763,10.0844,1556,2534.43
24409,0.8284,3.8726,10.319,1531,2534.43
24414,-2.9006,2.0961,10.2783,1525,2534.43
24419,-1.0092,-0.5962,11.9662,1519,2534.43
24424,-1.9381,0.3376,11.406,1531,2534.43
24429,-0.0287,2.5391,10.064,1549,2534.53
24434,0.7123,3.7984,10.3561,1530,2534.53
24439,-2.9724,1.2641,10.319,1528,2534.53
24444,-1.2007,-0.6357,12.0799,1526,2534.53
24449,-1.5359,1.239,10.9283,1549,2534.53
24454,0.237,2.9544,10.0652,1543,2534.64
24459,0.085,3.3603,10.4854,1528,2534.64
24464,-1.6939,0.2023,10.6853,1532,2534.64
24469,-1.476,-0.5974,12.0069,1528,2534.64
24474,-0.8248,1.8759,10.337,1558,2534.64
24479,0.6464,3.5422,10.3034,1544,2534.64
24484,-1.6173,2.6492,10.3789,1525,2534.64
24489,-0.9912,-0.3615,11.5269,1531,2534.64
24494,-1.7753,-0.2502,11.722,1545,2534.64
24499,-0.3268,2.223,10.0916,1574,2535.18
24504,0.7997,3.8283,10.319,1545,2535.18
24509,-3.1244,1.9022,10.3537,1541,2535.18
24514,-1.0427,-0.6033,11.9854,1516,2535.18
24519,-1.8256,0.5818,11.3114,1529,2535.18
24524,0.0048,2.5786,10.0066,1560,2534.64
24529,0.6141,3.6835,10.3801,1529,2534.64
24534,-2.6635,0.9445,10.3801,1523,2534.64
24539,-1.2438,-0.6285,12.068,1543,2534.64
24544,-1.3743,1.4772,10.7452,1531,2534.64
24549,0.3711,3.1196,10.0473,1543,2532.39
24554,-0.2286,3.0909,10.4818,1533,2532.39
24559,-1.4042,-0.0084,10.8972,1523,2532.39
24564,-1.5874,-0.5315,11.9303,1530,2532.39
24569,-0.7207,1.9932,10.2208,1576,2531.33
24574,0.7302,3.6847,10.2592,1527,2531.33
24579,-2.0291,2.46,10.3597,1527,2531.33
24584,-0.893,-0.5171,11.6981,1516,2531.33
24589,-1.8304,-0.1365,11.6526,1527,2531.33
24594,-0.2933,2.2805,10.0916,1572,2530.9
24599,0.7709,3.8642,10.3046,1533,2530.9
24604,-3.2022,1.7669,10.313,1542,2530.9
24609,-1.0798,-0.6165,12.0057,1525,2530.9
24614,-1.749,0.7123,11.2408,1525,2530.9
24619,0.0108,2.6181,10.0102,1561,2530.68
24624,0.498,3.5889,10.4387,1527,2530.68
24629,-2.4313,0.8188,10.4088,1525,2530.68
24634,-1.3072,-0.5447,11.9854,1545,2530.68
24639,-1.2342,1.5155,10.6446,1519,2530.68
24644,0.3867,3.1783,10.0664,1543,2530.36
24649,-0.492,3.0095,10.4998,1543,2530.36
24654,-1.221,-0.0994,11.0612,1519,2530.36
24659,-1.5502,-0.4525,11.8609,1531,2530.36
24664,-0.6033,2.0375,10.2592,1549,2530.26
24669,0.7985,3.6655,10.2472,1527,2530.26
24674,-2.2685,2.3391,10.3106,1531,2530.26
24679,-0.972,-0.5375,11.7591,1524,2530.26
24684,-1.8651,0.0192,11.643,1525,2530.26
24689,-0.2155,2.3918,10.064,1579,2530.79
24694,0.814,3.8463,10.3034,1531,2530.79
24699,-3.1603,1.6412,10.2592,1531,2530.79
24704,-1.0977,-0.668,12.0093,1527,2530.79
24709,-1.7202,0.8715,11.1546,1523,2530.79
24714,0.0802,2.7186,10.0449,1560,2530.36
24719,0.4729,3.6033,10.5273,1525,2530.36
24724,-2.3308,0.6488,10.4339,1524,2530.36
24729,-1.2605,-0.6333,12.1398,1545,2530.36
24734,-1.1696,1.5993,10.5776,1527,2530.36
24739,0.4393,3.3399,10.1466,1549,2530.47
24744,-0.6883,2.9485,10.3801,1546,2530.47
24749,-1.1468,-0.1233,11.1498,1519,2530.47
24754,-1.6029,-0.5243,11.8298,1541,2530.47
24759,-0.5662,2.1596,10.2137,1563,2530.68
24764,0.7338,3.7266,10.2615,1523,2530.68
24769,-2.5331,2.326,10.3908,1545,2530.68
24781,-0.9266,-0.48,11.7495,1528,2530.68
24785,-0.158,2.381,9.9946,1555,2530.9
24790,0.7614,3.8535,10.3633,1543,2530.9
24795,-3.2022,1.4904,10.3011,1529,2530.9
24800,-1.1121,-0.5531,12.129,1542,2530.9
24805,-1.6556,1.0175,11.0612,1546,2530.9
24810,0.1065,2.8323,9.9994,1549,2531.43
24815,0.3364,3.4608,10.4172,1532,2531.43
24820,-2.065,0.4872,10.5884,1531,2531.43
24825,-1.3791,-0.5746,12.056,1527,2531.43
24830,-1.0139,1.7454,10.568,1575,2531.97
24835,0.559,3.3866,10.1454,1527,2531.97
24840,-0.9948,2.8084,10.4088,1527,2531.97
24845,-1.0283,-0.255,11.2599,1529,2531.97
24850,-1.7669,-0.4094,11.8082,1529,2531.97
24855,-0.4657,2.1739,10.1813,1575,2532.29
24860,0.8332,3.7924,10.2161,1531,2532.29
24865,-2.7701,2.2015,10.3585,1531,2532.29
24870,-0.9828,-0.6117,11.8393,1527,2532.29
24875,-1.8818,0.2346,11.5041,1531,2532.29
24880,-0.1532,2.4361,9.9802,1549,2532.61
24885,0.7446,3.8583,10.3884,1545,2532.61
24890,-3.0275,1.3587,10.2915,1527,2532.61
24895,-1.1564,-0.5854,12.0656,1527,2532.61
24900,-1.5455,1.1157,10.9391,1547,2532.61
24905,0.1341,2.8635,10.0999,1547,2532.82
24910,0.1209,3.3483,10.4184,1531,2532.82
24915,-1.8627,0.346,10.7703,1543,2532.82
24920,-1.4018,-0.5794,11.9866,1527,2532.82
24925,-0.9062,1.8268,10.422,1584,2532.71
24930,0.5806,3.4309,10.2256,1545,2532.71
24935,-1.3408,2.6875,10.416,1533,2532.71
24940,-1.0355,-0.3795,11.4191,1529,2532.71
24945,-1.7693,-0.2741,11.7879,1541,2532.71
24950,-0.3364,2.2398,10.1442,1561,2532.61
24955,0.7769,3.7972,10.2903,1541,2532.61
24960,-3.0095,2.0446,10.3118,1545,2532.61
24965,-1.0439,-0.6225,11.9267,1526,2532.61
24970,-1.8567,0.4836,11.4323,1543,2532.61
24975,-0.0527,2.5522,9.9886,1557,2532.61
24980,0.6835,3.796,10.4615,1531,2532.61
24985,-2.8826,1.0211,10.3262,1523,2532.61
24990,-1.1827,-0.6847,12.0991,1529,2532.61
24995,-1.4509,1.3072,10.7583,1559,2532.61
25000,0.3124,3.1173,10.1921,1553,2532.61
25005,0.0084,3.2825,10.4363,1528,2532.61
25010,-1.5622,0.1975,10.8804,1527,2532.61
25015,-1.5,-0.6369,11.9423,1529,2532.61
25020,-0.7733,1.9345,10.4172,1577,2532.39
25025,0.6764,3.5458,10.1706,1543,2532.39
25030,-1.6712,2.6576,10.4363,1531,2532.39
25035,-0.9649,-0.4453,11.5233,1541,2532.39
25040,-1.822,-0.1712,11.7424,1543,2532.39
25045,-0.31,2.2565,10.0844,1577,2532.5
25050,0.7685,3.9217,10.4315,1545,2532.5
25055,-3.1951,1.8543,10.228,1549,2532.5
25060,-1.0104,-0.5291,12.044,1527,2532.5
25065,-1.7813,0.6357,11.2156,1523,2532.5
25070,-0.0204,2.6025,9.9742,1562,2532.61
25075,0.5543,3.6476,10.4279,1527,2532.61
25080,-2.6695,0.9218,10.4028,1529,2532.61
25085,-1.2546,-0.5471,12.0871,1543,2532.61
25090,-1.3228,1.5155,10.7763,1527,2532.61
25095,0.3903,3.1795,10.0832,1549,2533.03
25100,-0.2789,3.061,10.392,1541,2533.03
25105,-1.3132,-0.0299,10.9391,1523,2533.03
25110,-1.5862,-0.4968,11.892,1531,2533.03
25115,-0.6584,2.0758,10.2927,1583,2533.68
25120,0.7805,3.6715,10.2232,1525,2533.68
25125,-2.0961,2.4493,10.3896,1541,2533.68
25130,-0.9732,-0.5447,11.6813,1529,2533.68
25135,-1.834,-0.0371,11.7184,1527,2533.68
25140,-0.2155,2.3308,10.0389,1559,2533.57
25145,0.8966,3.9516,10.3358,1531,2533.57
25150,-3.1831,1.6807,10.252,1530,2533.57
25155,-1.0918,-0.5926,12.0752,1527,2533.57
25160,-1.7538,0.7829,11.1115,1527,2533.57
25165,0.0599,2.7414,10.0856,1565,2533.68
25170,0.48,3.5829,10.4028,1530,2533.68
25175,-2.3308,0.7638,10.5273,1527,2533.68
25180,-1.2953,-0.6141,11.9866,1544,2533.68
25185,-1.1492,1.5897,10.6015,1529,2533.68
25190,0.4417,3.207,10.1742,1557,2533.57
25195,-0.6859,2.9916,10.4854,1545,2533.57
25200,-1.1983,-0.2143,11.1342,1525,2533.57
25205,-1.634,-0.4322,11.9016,1531,2533.57
25210,-0.4764,2.0925,10.173,1576,2534.21
25215,0.7087,3.7397,10.2364,1528,2534.21
25220,-2.5726,2.3008,10.325,1547,2534.21
25225,-1.002,-0.5399,11.8716,1544,2534.21
25230,-1.889,0.1772,11.5664,1529,2534.21
25235,-0.1544,2.4074,9.9683,1580,2534.43
25240,0.7877,3.8427,10.3585,1541,2534.43
25245,-3.1891,1.47,10.2316,1529,2534.43
25250,-1.1337,-0.5974,12.123,1545,2534.43
25255,-1.6221,1.0666,11.0049,1547,2534.43
25260,0.1903,2.9161,10.094,1548,2534.75
25265,0.3508,3.4261,10.3717,1533,2534.75
25270,-2.0016,0.4465,10.6614,1533,2534.75
25275,-1.4497,-0.6381,11.965,1530,2534.75
25280,-0.9756,1.804,10.556,1565,2535.07
25285,0.571,3.4046,10.1107,1529,2535.07
25290,-1.0331,2.8335,10.4591,1527,2535.07
25295,-0.9936,-0.3388,11.2348,1529,2535.07
25300,-1.7681,-0.3711,11.8178,1531,2535.07
25305,-0.4776,2.1715,10.1047,1567,2535.39
25310,0.8284,3.8595,10.3166,1532,2535.39
25315,-2.8958,2.0865,10.2663,1531,2535.39
25320,-1.0092,-0.5291,11.9279,1525,2535.39
25325,-1.8615,0.3077,11.3749,1530,2535.39
25330,-0.097,2.496,10.0269,1549,2535.28
25335,0.6381,3.7685,10.4076,1531,2535.28
25340,-3.0083,1.2103,10.4112,1531,2535.28
25345,-1.2151,-0.5902,12.0728,1525,2535.28
25350,-1.494,1.2546,10.8781,1547,2535.28
25355,0.2286,2.9604,10.0066,1547,2535.39
25360,0.0407,3.2382,10.4818,1529,2535.39
25365,-1.6161,0.1927,10.7667,1533,2535.39
25370,-1.4557,-0.5447,11.9997,1527,2535.39
25375,-0.8464,1.9429,10.3238,1559,2535.39
25380,0.6512,3.5745,10.1885,1545,2535.39
25385,-1.6305,2.6085,10.404,1529,2535.39
25390,-1.0032,-0.4752,11.5317,1541,2535.39
25395,-1.8244,-0.182,11.7747,1531,2535.39
25400,-0.2334,2.2625,10.0233,1573,2535.39
25405,0.8715,3.9014,10.3465,1544,2535.39
25410,-3.1065,1.8663,10.2412,1549,2535.39
25415,-1.0618,-0.6404,12.0416,1527,2535.39
25420,-1.8244,0.5483,11.2899,1531,2535.39
25425,-0.0036,2.6528,10.0497,1559,2535.6
25430,0.6476,3.6895,10.422,1531,2535.6
25435,-2.6492,0.9625,10.3956,1525,2535.6
25440,-1.2881,-0.6668,12.0321,1543,2535.6
25445,-1.3072,1.4497,10.744,1527,2535.6
25450,0.3663,3.1472,10.0999,1547,2535.6
25455,-0.3304,3.1651,10.4842,1541,2535.6
25460,-1.3527,-0.0299,11.0014,1523,2535.6
25465,-1.5838,-0.5447,11.8836,1531,2535.6
25470,-0.6153,2.0195,10.228,1587,2535.5
25475,0.6931,3.6895,10.2735,1525,2535.5
25480,-2.2697,2.4277,10.3621,1541,2535.5
25485,-0.9625,-0.4836,11.7448,1527,2535.5
25490,-1.8627,0.0108,11.6298,1541,2535.5
25495,-0.1748,2.3583,10.0664,1579,2535.6
25500,0.759,3.8415,10.3645,1529,2535.6
25505,-3.2441,1.6209,10.3034,1532,2535.6
25510,-1.1205,-0.5854,12.0847,1531,2535.6
25515,-1.7262,0.9026,11.1678,1526,2535.6
25520,0.1317,2.7749,10.0664,1562,2535.6
25525,0.4788,3.5386,10.3884,1531,2535.6
25530,-2.235,0.6261,10.5417,1527,2535.6
25535,-1.3671,-0.6357,12.062,1545,2535.6
25540,-1.1133,1.7131,10.55,1527,2535.6
25545,0.5291,3.3399,10.1347,1549,2536.25
25550,-0.7302,2.9592,10.471,1545,2536.25
25555,-1.1181,-0.2837,11.1235,1523,2536.25
25560,-1.6999,-0.4717,11.8764,1533,2536.25
25565,-0.5231,2.1021,10.1873,1565,2536.46
25570,0.8475,3.8032,10.3441,1525,2536.46
25575,-2.6181,2.2362,10.2987,1545,2536.46
25580,-0.972,-0.5399,11.8226,1545,2536.46
25585,-1.8854,0.182,11.4706,1527,2536.46
25590,-0.1365,2.4241,10.0449,1557,2536.57
25595,0.7362,3.79,10.3274,1547,2536.57
25600,-3.073,1.4102,10.3537,1528,2536.57
25605,-1.1564,-0.583,12.0476,1543,2536.57
25610,-1.5694,1.1408,11.0397,1547,2536.57
25615,0.1915,2.8264,10.0652,1547,2537.0
25620,0.1748,3.3746,10.4902,1532,2537.0
25625,-1.816,0.3376,10.7368,1541,2537.0
25630,-1.3946,-0.5064,12.1123,1529,2537.0
25635,-0.8727,1.8375,10.3825,1559,2537.21
25640,0.589,3.4776,10.137,1531,2537.21
25645,-1.3922,2.6731,10.3944,1527,2537.21
25650,-1.0379,-0.4034,11.4754,1530,2537.21
25655,-1.7957,-0.2693,11.7855,1533,2537.21
25660,-0.3208,2.2098,10.1047,1575,2537.53
25665,0.8404,3.8882,10.2891,1533,2537.53
25670,-3.0921,1.9597,10.2639,1543,2537.53
25675,-1.0463,-0.6452,11.9495,1526,2537.53
25680,-1.8663,0.4621,11.3234,1529,2537.53
25685,0.0108,2.6061,10.0832,1553,2537.32
25690,0.7183,3.7625,10.422,1528,2537.32
25695,-2.7581,1.057,10.41,1526,2537.32
25700,-1.2905,-0.644,12.0225,1531,2537.32
25705,-1.3719,1.409,10.7775,1545,2537.32
25710,0.3651,3.122,10.0975,1553,2537.0
25715,-0.1688,3.2238,10.4842,1531,2537.0
25720,-1.4629,0.0287,10.908,1528,2537.0
25725,-1.5323,-0.5171,11.9961,1531,2537.0
25730,-0.6812,1.9417,10.2771,1576,2536.89
25735,0.6524,3.7062,10.2687,1530,2536.89
25740,-2.0482,2.5079,10.3681,1529,2536.89
25745,-0.9685,-0.4417,11.6634,1527,2536.89
25750,-1.8507,-0.0658,11.6358,1543,2536.89
25755,-0.2179,2.3547,10.0521,1577,2536.89
25760,0.7602,3.8511,10.3418,1545,2536.89
25765,-3.2034,1.7286,10.3226,1546,2536.89
25770,-1.1193,-0.5602,12.0979,1529,2536.89
25775,-1.7861,0.8344,11.2132,1523,2536.89
25780,0.0682,2.7186,9.9958,1561,2536.68
25785,0.5004,3.5602,10.4244,1528,2536.68
25790,-2.3942,0.68,10.4878,1527,2536.68
25795,-1.3575,-0.6081,12.05,1547,2536.68
25800,-1.1815,1.664,10.6243,1528,2536.68
25805,0.48,3.2872,10.0856,1546,2536.89
25810,-0.6273,2.9616,10.4519,1547,2536.89
25815,-1.1576,-0.2059,11.0911,1524,2536.89
25820,-1.6388,-0.486,11.8836,1544,2536.89
25825,-0.5004,2.059,10.1634,1581,2537.0
25830,0.8894,3.8152,10.3226,1527,2537.0
25835,-2.5821,2.2517,10.3717,1542,2537.0
25840,-0.9481,-0.577,11.8453,1531,2537.0
25845,-1.8986,0.1185,11.5161,1527,2537.0
25850,-0.1712,2.4002,10.0904,1579,2537.43
25855,0.7626,3.8415,10.4004,1543,2537.43
25860,-3.1173,1.4581,10.3537,1528,2537.43
25865,-1.1588,-0.6009,12.0799,1542,2537.43
25870,-1.6376,1.0942,11.0193,1545,2537.43
25875,0.1245,2.7988,9.991,1551,2537.64
25880,0.2263,3.4093,10.5512,1531,2537.64
25885,-1.9237,0.3579,10.6255,1531,2537.64
25890,-1.415,-0.5243,12.0309,1529,2537.64
25895,-0.9337,1.8352,10.4004,1582,2537.53
25900,0.5914,3.456,10.2244,1529,2537.53
25905,-1.3264,2.6959,10.4244,1527,2537.53
25910,-1.0151,-0.3472,11.4527,1529,2537.53
25915,-1.7286,-0.2921,11.8106,1555,2537.53
25920,-0.3531,2.1763,10.0592,1577,2537.43
25925,0.8416,3.8295,10.246,1533,2537.43
25930,-2.9928,2.0458,10.3382,1531,2537.43
25935,-1.0523,-0.6081,11.9423,1529,2537.43
25940,-1.8962,0.4836,11.4096,1543,2537.43
25945,-0.012,2.5618,10.0616,1550,2537.21
25950,0.7099,3.7421,10.3777,1531,2537.21
25955,-2.7797,1.0582,10.3118,1529,2537.21
25960,-1.2845,-0.5974,12.0608,1524,2537.21
25965,-1.4138,1.3743,10.8158,1551,2537.21
25970,0.3196,3.0658,10.0856,1547,2537.32
25975,-0.1341,3.2238,10.5297,1528,2537.32
25980,-1.4844,0.0838,10.8733,1543,2537.32
25985,-1.494,-0.5842,11.9842,1528,2537.32
25990,-0.723,1.9429,10.2927,1563,2536.57
25995,0.6644,3.6296,10.2125,1545,2536.57
26000,-1.901,2.5247,10.3645,1528,2536.57
26005,-0.9888,-0.4561,11.6394,1541,2536.57
26010,-1.8495,-0.1269,11.6466,1548,2536.57
26015,-0.2693,2.3343,10.1071,1576,2537.32
26020,0.7542,3.8439,10.331,1543,2537.32
26025,-3.1723,1.7777,10.3657,1553,2537.32
26030,-1.0953,-0.5997,12.0333,1527,2537.32
26035,-1.7717,0.8021,11.2144,1529,2537.32
26040,0.0874,2.6731,9.9886,1558,2536.68
26045,0.5195,3.5949,10.4339,1529,2536.68
26050,-2.4122,0.7302,10.4698,1525,2536.68
26055,-1.3599,-0.5662,12.1578,1545,2536.68
26060,-1.2007,1.5921,10.6614,1533,2536.68
26065,0.4537,3.2848,10.07,1548,2536.57
26076,0.0,-1.0618,16.9318,1533,2536.57
26080,-1.664,-0.5112,11.8956,1541,2536.57
26085,-0.5411,2.0662,10.2388,1576,2536.78
26090,0.8128,3.8116,10.2735,1519,2536.78
26095,-2.5079,2.3188,10.3382,1541,2536.78
26100,-0.9828,-0.5626,11.8106,1525,2536.78
26105,-1.9321,0.1125,11.5041,1527,2536.78
26110,-0.1712,2.3966,10.0305,1573,2536.78
26115,0.8176,3.8786,10.3022,1531,2536.78
26120,-3.1615,1.4856,10.343,1528,2536.78
26125,-1.1779,-0.6225,12.0799,1531,2536.78
26130,-1.6496,1.0187,11.0923,1531,2536.78
26135,0.1472,2.7402,10.009,1563,2536.78
26140,0.3017,3.4668,10.5333,1533,2536.78
26145,-1.986,0.431,10.6063,1526,2536.78
26150,-1.3827,-0.5399,12.0309,1531,2536.78
26155,-0.9804,1.7705,10.4591,1531,2536.78
26160,0.5602,3.4153,10.2113,1549,2536.78
26165,-1.2258,2.745,10.3932,1526,2536.78
26170,-1.0451,-0.3448,11.4287,1523,2536.78
26175,-1.7789,-0.3232,11.789,1529,2536.78
26180,-0.3795,2.1919,10.1311,1568,2537.21
26185,0.814,3.8463,10.2891,1527,2537.21
26190,-2.9305,2.132,10.4088,1543,2537.21
26195,-1.0654,-0.6033,11.886,1543,2537.21
26200,-1.8519,0.4298,11.4203,1527,2537.21
26205,-0.0299,2.5259,9.9934,1561,2537.0
26210,0.7242,3.814,10.4088,1547,2537.0
26215,-2.8718,1.1085,10.3286,1531,2537.0
26220,-1.2594,-0.6261,12.0476,1543,2537.0
26225,-1.4605,1.2833,10.8673,1548,2537.0
26230,0.3256,3.055,10.1071,1553,2537.0
26235,-0.0012,3.2729,10.4794,1528,2537.0
26240,-1.5634,0.1137,10.8314,1532,2537.0
26245,-1.4712,-0.6033,12.0177,1527,2537.0
26250,-0.7338,1.9237,10.2903,1579,2537.11
26255,0.656,3.6152,10.2508,1533,2537.11
26260,-1.7885,2.6133,10.4315,1527,2537.11
26265,-0.9756,-0.4417,11.5688,1531,2537.11
26270,-1.8136,-0.1484,11.7376,1545,2537.11
26275,-0.2215,2.3152,10.1299,1564,2537.43
26280,0.753,3.8654,10.3226,1544,2537.43
26285,-3.1675,1.8292,10.3537,1545,2537.43
26290,-1.087,-0.6105,11.983,1526,2537.43
26295,-1.7418,0.7578,11.2671,1543,2537.43
26300,0.0694,2.6228,9.997,1556,2537.53
26305,0.5399,3.6631,10.5058,1531,2537.53
26310,-2.4948,0.7638,10.4279,1525,2537.53
26315,-1.2629,-0.5926,12.0991,1533,2537.53
26320,-1.251,1.5658,10.653,1532,2537.53
26325,0.4393,3.2465,10.0987,1557,2537.32
26330,-0.4537,3.0143,10.392,1532,2537.32
26335,-1.2893,-0.1113,11.0708,1525,2537.32
26340,-1.6412,-0.5124,11.9147,1531,2537.32
26345,-0.5722,2.0865,10.2424,1577,2536.89
26350,0.7757,3.7553,10.2975,1523,2536.89
26355,-2.4062,2.2913,10.3645,1533,2536.89
26360,-0.9014,-0.5878,11.7208,1513,2536.89
26365,-1.8986,0.0706,11.4826,1528,2536.89
26370,-0.1568,2.3523,10.0233,1575,2536.68
26375,0.8152,3.9014,10.3765,1527,2536.68
26380,-3.1795,1.5921,10.3406,1553,2536.68
26385,-1.1756,-0.5902,12.0955,1531,2536.68
26390,-1.6939,1.0008,11.0864,1526,2536.68
26395,0.1101,2.7689,10.0173,1565,2536.89
26400,0.3484,3.4632,10.471,1529,2536.89
26405,-2.0423,0.4681,10.5812,1527,2536.89
26410,-1.3994,-0.5507,12.0608,1549,2536.89
26415,-0.9804,1.743,10.501,1533,2536.89
26420,0.5507,3.4105,10.2197,1548,2537.11
26425,-1.1097,2.7761,10.4148,1547,2537.11
26430,-1.0523,-0.2969,11.315,1525,2537.11
26435,-1.7382,-0.3962,11.7304,1532,2537.11
26440,-0.3448,2.1715,10.1215,1580,2537.32
26445,0.8116,3.8056,10.2376,1525,2537.32
26450,-2.8898,2.156,10.4136,1545,2537.32
26455,-1.0534,-0.6225,11.898,1528,2537.32
26460,-1.8866,0.3711,11.4563,1525,2537.32
26465,-0.073,2.5055,9.9826,1583,2537.11
26470,0.6967,3.8152,10.4184,1545,2537.11
26475,-2.9652,1.1971,10.3011,1530,2537.11
26480,-1.2378,-0.6129,12.1194,1543,2537.11
26485,-1.4772,1.2342,10.8888,1545,2537.11
26490,0.3017,3.0358,10.1275,1547,2537.11
26495,-0.0168,3.2944,10.4339,1541,2537.11
26500,-1.6496,0.1712,10.799,1533,2537.11
26505,-1.4964,-0.5938,11.971,1531,2537.11
26510,-0.7877,1.889,10.3777,1581,2536.68
26515,0.6309,3.5614,10.2065,1529,2536.68
26520,-1.6831,2.6312,10.4447,1525,2536.68
26525,-0.9553,-0.4274,11.5317,1531,2536.68
26530,-1.7921,-0.1999,11.7292,1524,2536.68
26535,-0.3041,2.2446,10.0269,1578,2536.57
26540,0.7973,3.881,10.2795,1531,2536.57
26545,-3.1723,1.9022,10.3118,1533,2536.57
26550,-1.0582,-0.5986,12.0189,1525,2536.57
26555,-1.7777,0.6273,11.2659,1531,2536.57
26560,-0.0036,2.5522,9.9922,1547,2536.46
26565,0.5555,3.6871,10.4411,1531,2536.46
26570,-2.6288,0.8045,10.4124,1527,2536.46
26575,-1.3204,-0.5962,12.1159,1529,2536.46
26580,-1.2773,1.4988,10.72,1547,2536.46
26585,0.4776,3.2022,10.1801,1555,2536.68
26590,-0.3938,3.0299,10.3956,1528,2536.68
26595,-1.2893,-0.0539,11.0492,1531,2536.68
26600,-1.6269,-0.559,11.8776,1531,2536.68
26605,-0.6117,2.0578,10.2412,1583,2537.11
26610,0.7673,3.705,10.2149,1542,2537.11
26615,-2.2841,2.4193,10.4028,1527,2537.11
26620,-0.9732,-0.5734,11.7268,1532,2537.11
26625,-1.9118,0.0622,11.6478,1553,2537.11
26630,-0.1736,2.3044,10.0449,1576,2537.11
26635,0.814,3.9385,10.3848,1531,2537.11
26640,-3.2417,1.6053,10.2604,1551,2537.11
26645,-1.1157,-0.6237,12.0584,1529,2537.11
26650,-1.6915,0.8978,11.0373,1529,2537.11
26655,0.103,2.7521,10.0413,1559,2536.78
26660,0.3867,3.5291,10.4866,1527,2536.78
26665,-2.1524,0.5878,10.4914,1524,2536.78
26670,-1.336,-0.5602,12.0428,1547,2536.78
26675,-1.0343,1.731,10.495,1528,2536.78
26680,0.516,3.3172,10.1778,1548,2536.78
26685,-0.9529,2.8132,10.4016,1533,2536.78
26690,-1.087,-0.2358,11.3222,1523,2536.78
26695,-1.7095,-0.3747,11.8094,1532,2536.78
26700,-0.4405,2.1979,10.143,1557,2536.78
26705,0.8033,3.8247,10.2436,1524,2536.78
26710,-2.7581,2.2087,10.3729,1543,2536.78
26715,-1.0223,-0.6249,11.9231,1529,2536.78
26720,-1.8747,0.2969,11.5101,1529,2536.78
26725,-0.0527,2.4205,9.9778,1579,2537.86
26730,0.7709,3.8152,10.4387,1544,2537.86
26735,-3.0071,1.2318,10.2783,1529,2537.86
26740,-1.2438,-0.6201,12.0716,1532,2537.86
26745,-1.5191,1.2115,10.9068,1543,2537.86
26750,0.2466,2.976,10.1035,1553,2537.21
26755,0.1053,3.3124,10.4567,1542,2537.21
26760,-1.7538,0.243,10.7823,1529,2537.21
26765,-1.4581,-0.6225,11.9399,1531,2537.21
26770,-0.8487,1.8783,10.4088,1557,2538.07
26775,0.6404,3.5314,10.2005,1523,2538.07
26780,-1.555,2.6647,10.4244,1529,2538.07
26785,-0.984,-0.3831,11.4754,1527,2538.07
26790,-1.7992,-0.2502,11.7579,1528,2538.07
26795,-0.2765,2.2051,10.0676,1592,2537.86
26800,0.7913,3.8774,10.3274,1529,2537.86
26805,-3.158,1.919,10.3406,1529,2537.86
26810,-1.0403,-0.5974,12.0069,1531,2537.86
26815,-1.8052,0.6093,11.2923,1532,2537.86
26820,-0.018,2.5774,10.0066,1547,2538.18
26825,0.6141,3.6955,10.4507,1548,2538.18
26830,-2.6647,0.9074,10.4411,1527,2538.18
26835,-1.2833,-0.5806,12.1039,1527,2538.18
26840,-1.312,1.4557,10.7296,1547,2538.18
26845,0.4214,3.1771,10.1227,1549,2538.29
26850,-0.3196,3.061,10.422,1526,2538.29
26855,-1.3024,-0.0263,11.0325,1541,2538.29
26860,-1.6089,-0.4944,11.8836,1527,2538.29
26865,-0.6369,2.0722,10.3418,1558,2538.39
26870,0.747,3.7218,10.1837,1545,2538.39
26875,-2.2805,2.4421,10.4315,1529,2538.39
26880,-0.9792,-0.5507,11.7029,1533,2538.39
26885,-1.8783,0.0383,11.6538,1547,2538.39
26890,-0.1915,2.308,10.0329,1573,2538.5
26895,0.8452,3.9373,10.3908,1544,2538.5
26900,-3.2118,1.6113,10.2472,1548,2538.5
26905,-1.1265,-0.5375,12.0764,1525,2538.5
26910,-1.6891,0.8715,11.078,1531,2538.5
26915,0.1137,2.7641,10.0928,1560,2538.39
26920,0.3795,3.4692,10.4938,1529,2538.39
26925,-2.0925,0.5806,10.6123,1525,2538.39
26930,-1.3491,-0.577,11.9878,1547,2538.39
26935,-1.0726,1.7262,10.5632,1527,2538.39
26940,0.5148,3.298,10.1107,1547,2538.61
26945,-0.9804,2.8491,10.4363,1543,2538.61
26950,-1.1109,-0.2729,11.3138,1523,2538.61
26955,-1.749,-0.3675,11.8262,1531,2538.61
26960,-0.401,2.15,10.1107,1560,2538.72
26965,0.7949,3.7984,10.2424,1523,2538.72
26970,-2.8323,2.1727,10.3334,1543,2538.72
26975,-1.0846,-0.6261,11.8262,1529,2538.72
26980,-1.8938,0.3603,11.4586,1529,2538.72
26985,-0.0491,2.5031,9.9874,1579,2538.82
26990,0.7099,3.8451,10.4256,1543,2538.82
26995,-2.9999,1.1971,10.2723,1529,2538.82
27000,-1.1839,-0.6357,12.1254,1533,2538.82
27005,-1.5143,1.1935,10.8134,1543,2538.82
27010,0.2658,3.0311,10.1011,1556,2539.25
27015,0.0251,3.3076,10.4136,1532,2539.25
27020,-1.6436,0.2227,10.8637,1531,2539.25
27025,-1.5012,-0.6237,11.9758,1527,2539.25
27030,-0.8344,1.9225,10.4351,1559,2539.25
27035,0.6572,3.5518,10.2089,1528,2539.25
27040,-1.646,2.654,10.489,1527,2539.25
27045,-0.9852,-0.4513,11.4958,1527,2539.25
27050,-1.8076,-0.1951,11.7364,1526,2539.25
27055,-0.2849,2.2206,10.0497,1567,2539.15
27060,0.8092,3.9181,10.3394,1529,2539.15
27065,-3.2106,1.8711,10.2879,1527,2539.15
27070,-1.0606,-0.583,12.0692,1529,2539.15
27075,-1.7992,0.6536,11.2264,1529,2539.15
27080,0.0072,2.6097,9.9826,1553,2538.82
27085,0.5734,3.5913,10.4052,1533,2538.82
27090,-2.5355,0.826,10.4794,1527,2538.82
27095,-1.3024,-0.6177,12.1171,1527,2538.82
27100,-1.2426,1.5921,10.6626,1545,2538.82
27105,0.4094,3.2358,10.1119,1548,2538.93
27110,-0.4561,3.0095,10.4794,1527,2538.93
27115,-1.221,-0.1101,11.0576,1541,2538.93
27120,-1.6364,-0.4836,11.8705,1529,2538.93
27125,-0.5938,2.0554,10.2747,1583,2539.15
27130,0.7925,3.7625,10.2699,1546,2539.15
27135,-2.3774,2.3978,10.3908,1529,2539.15
27140,-0.9996,-0.583,11.7112,1541,2539.15
27145,-1.9225,0.103,11.5652,1547,2539.15
27150,-0.1891,2.3331,10.0521,1576,2539.68
27155,0.8332,3.9097,10.4124,1543,2539.68
27160,-3.2082,1.5371,10.2687,1549,2539.68
27165,-1.148,-0.5794,12.1841,1527,2539.68
27170,-1.6436,0.9589,11.0708,1529,2539.68
27175,0.1448,2.824,10.0952,1562,2540.01
27180,0.255,3.45,10.4519,1529,2540.01
27185,-1.9908,0.5447,10.6877,1523,2540.01
27190,-1.3994,-0.5806,11.9542,1547,2540.01
27195,-0.9505,1.8004,10.4746,1527,2540.01
27200,0.5782,3.3722,10.1406,1549,2540.22
27205,-1.1983,2.7845,10.483,1545,2540.22
27210,-1.075,-0.3508,11.3521,1524,2540.22
27215,-1.7454,-0.2825,11.7591,1528,2540.22
27220,-0.3328,2.1871,10.1047,1587,2540.22
27225,0.8056,3.8666,10.319,1525,2540.22
27230,-2.9233,2.0638,10.2855,1547,2540.22
27235,-1.0523,-0.5997,11.9124,1531,2540.22
27240,-1.8663,0.4322,11.412,1532,2540.22
27245,0.0227,2.5917,10.0401,1577,2540.01
27250,0.6764,3.7733,10.3956,1544,2540.01
27255,-2.8575,1.0355,10.3801,1529,2540.01
27260,-1.245,-0.662,12.0572,1543,2540.01
27265,-1.4126,1.3408,10.805,1549,2540.01
27270,0.3436,3.1161,10.1347,1553,2539.9
27275,-0.1113,3.2322,10.4028,1541,2539.9
27280,-1.5275,0.1209,10.8757,1531,2539.9
27285,-1.5371,-0.6285,11.9554,1531,2539.9
27290,-0.7219,1.974,10.307,1565,2540.11
27295,0.7135,3.6081,10.246,1529,2540.11
27300,-1.9764,2.551,10.4375,1527,2540.11
27305,-0.9433,-0.4836,11.5772,1528,2540.11
27310,-1.8759,-0.0622,11.6897,1533,2540.11
27315,-0.2059,2.2649,10.0078,1573,2540.76
27320,0.8248,3.9265,10.3837,1532,2540.76
27325,-3.2477,1.7322,10.2927,1543,2540.76
27330,-1.0858,-0.565,12.0919,1528,2540.76
27335,-1.7561,0.8212,11.1294,1541,2540.76
27340,0.1077,2.6983,10.0149,1555,2540.87
27345,0.4848,3.5458,10.4495,1527,2540.87
27350,-2.3092,0.68,10.5979,1523,2540.87
27355,-1.336,-0.5794,12.1386,1532,2540.87
27360,-1.0942,1.6616,10.5979,1543,2540.87
27365,0.5315,3.3064,10.1083,1556,2540.65
27370,-0.7614,2.8994,10.4686,1529,2540.65
27375,-1.1073,-0.2861,11.145,1524,2540.65
27380,-1.6963,-0.4729,11.8321,1543,2540.65
27385,-0.4944,2.15,10.1382,1551,2540.11
27390,0.8487,3.8379,10.2867,1527,2540.11
27395,-2.6767,2.2936,10.3585,1541,2540.11
27400,-0.9972,-0.5758,11.8214,1524,2540.11
27405,-1.9405,0.2203,11.4527,1528,2540.11
27410,-0.1209,2.387,9.9898,1577,2540.11
27415,0.8284,3.881,10.4507,1527,2540.11
27420,-3.0239,1.3408,10.2759,1542,2540.11
27425,-1.148,-0.5806,12.1171,1529,2540.11
27430,-1.561,1.1325,10.9547,1526,2540.11
27435,0.2454,2.909,10.0868,1562,2540.33
27440,0.1125,3.3686,10.4459,1527,2540.33
27445,-1.7585,0.2837,10.8038,1525,2540.33
27450,-1.4868,-0.5997,11.9746,1543,2540.33
27455,-0.7865,1.8806,10.4124,1525,2540.33
27460,0.6201,3.4405,10.161,1545,2540.54
27465,-1.5467,2.7162,10.5333,1542,2540.54
27470,-0.9888,-0.4345,11.485,1525,2540.54
27475,-1.7813,-0.1856,11.746,1531,2540.54
27480,-0.2406,2.2254,10.1047,1575,2540.65
27485,0.8188,3.8475,10.2831,1526,2540.65
27490,-3.0837,1.8663,10.3011,1547,2540.65
27495,-1.0906,-0.595,12.0357,1542,2540.65
27500,-1.8711,0.6656,11.2994,1529,2540.65
27505,0.0694,2.6169,9.991,1558,2540.01
27510,0.6512,3.6787,10.3872,1548,2540.01
27515,-2.5786,0.8499,10.404,1527,2540.01
27520,-1.3216,-0.6177,12.0141,1541,2540.01
27525,-1.2749,1.5514,10.7356,1551,2540.01
27530,0.4848,3.1903,10.1215,1545,2539.68
27535,-0.3555,3.1101,10.4866,1527,2539.68
27540,-1.2402,-0.0443,11.0313,1541,2539.68
27545,-1.6233,-0.559,11.9399,1529,2539.68
27550,-0.589,2.0195,10.2244,1575,2539.57
27555,0.759,3.6847,10.1921,1532,2539.57
27560,-2.3703,2.4457,10.4806,1523,2539.57
27565,-0.99,-0.5219,11.7041,1525,2539.57
27570,-1.8914,0.0347,11.5784,1547,2539.57
27575,-0.2143,2.2889,9.9371,1573,2539.57
27580,0.7602,3.8762,10.4076,1543,2539.57
27585,-3.207,1.5119,10.2879,1546,2539.57
27590,-1.1696,-0.5698,12.0955,1525,2539.57
27595,-1.6676,1.002,11.0971,1541,2539.57
27600,0.1832,2.818,10.0748,1559,2538.93
27605,0.3376,3.4297,10.4878,1528,2538.93
27610,-2.0363,0.5124,10.6518,1523,2538.93
27615,-1.4569,-0.589,11.9854,1541,2538.93
27620,-0.9768,1.7885,10.562,1527,2538.93
27625,0.6369,3.3639,10.0892,1547,2538.82
27630,-0.9984,2.8084,10.4651,1541,2538.82
27635,-1.063,-0.3328,11.2575,1523,2538.82
27640,-1.7729,-0.3627,11.8657,1533,2538.82
27645,-0.3364,2.2098,10.1754,1587,2538.61
27650,0.8416,3.8786,10.2604,1525,2538.61
27655,-2.8623,2.1344,10.319,1533,2538.61
27660,-1.0558,-0.6249,11.8537,1526,2538.61
27665,-1.901,0.3364,11.388,1527,2538.61
27670,-0.067,2.4732,10.0449,1573,2538.5
27675,0.7434,3.881,10.5189,1531,2538.5
27680,-2.9293,1.2067,10.2939,1528,2538.5
27685,-1.233,-0.6177,12.0728,1529,2538.5
27690,-1.4736,1.2522,10.8793,1526,2538.5
27695,0.2993,2.9317,10.0832,1561,2538.07
27700,-0.012,3.2729,10.4112,1531,2538.07
27705,-1.64,0.2203,10.8685,1527,2538.07
27710,-1.561,-0.5052,11.9914,1543,2538.07
27715,-0.6955,1.962,10.3681,1529,2538.07
27720,0.6692,3.4991,10.1059,1550,2538.18
27725,-1.8004,2.624,10.5177,1525,2538.18
27730,-1.0247,-0.4705,11.4994,1525,2538.18
27735,-1.8543,-0.091,11.7292,1528,2538.18
27740,-0.2562,2.2278,10.0305,1573,2537.86
27745,0.8224,3.8966,10.3777,1527,2537.86
27750,-3.1795,1.7753,10.313,1546,2537.86
27755,-1.1121,-0.5626,12.0321,1543,2537.86
27760,-1.804,0.7326,11.2575,1528,2537.86
27765,0.0395,2.6384,9.9838,1561,2536.68
27770,0.5495,3.6512,10.4148,1544,2536.68
27775,-2.545,0.7937,10.4327,1529,2536.68
27780,-1.3431,-0.662,12.0309,1541,2536.68
27785,-1.1899,1.5634,10.7236,1545,2536.68
27790,0.4537,3.2274,10.1071,1546,2536.35
27795,-0.4094,3.0754,10.4675,1531,2536.35
27800,-1.2522,-0.1113,11.0193,1541,2536.35
27805,-1.6508,-0.5686,11.8681,1527,2536.35
27810,-0.5926,2.0853,10.3058,1583,2536.03
27815,0.7638,3.6847,10.2208,1531,2536.03
27820,-2.3607,2.3798,10.3801,1525,2536.03
27825,-0.9577,-0.4776,11.728,1530,2536.03
27830,-1.8783,0.0646,11.5592,1545,2536.03
27835,-0.2119,2.296,9.9826,1577,2536.03
27840,0.7817,3.9025,10.4375,1533,2536.03
27845,-3.201,1.5383,10.3022,1543,2536.03
27850,-1.1636,-0.577,12.0907,1525,2536.03
27855,-1.6771,0.9649,11.0923,1543,2536.03
27860,0.164,2.7222,10.0413,1557,2536.03
27865,0.334,3.383,10.4399,1531,2536.03
27870,-2.1225,0.5243,10.6087,1527,2536.03
27875,-1.4413,-0.5602,11.9854,1531,2536.03
27880,-1.0223,1.8399,10.5979,1544,2536.03
27885,0.5806,3.3291,10.1011,1555,2536.14
27890,-0.9697,2.8287,10.5524,1532,2536.14
27895,-1.1277,-0.3472,11.2384,1525,2536.14
27900,-1.731,-0.3041,11.9112,1541,2536.14
27905,-0.3855,2.156,10.1011,1567,2536.46
27910,0.8787,3.8152,10.234,1526,2536.46
27915,-2.8407,2.1871,10.3406,1531,2536.46
27920,-1.0846,-0.6105,11.8465,1525,2536.46
27925,-1.9034,0.3256,11.4658,1531,2536.46
27930,-0.0467,2.4672,10.0533,1577,2536.68
27935,0.7566,3.8355,10.4052,1544,2536.68
27940,-3.0059,1.2342,10.2436,1547,2536.68
27945,-1.2414,-0.6333,12.0548,1531,2536.68
27950,-1.5443,1.2282,10.9379,1529,2536.68
27955,0.249,2.9341,10.0952,1561,2536.57
27960,0.0934,3.322,10.5285,1529,2536.57
27965,-1.6855,0.2167,10.7787,1527,2536.57
27970,-1.4976,-0.5519,11.9698,1549,2536.57
27975,-0.826,1.8938,10.3992,1527,2536.57
27980,0.6033,3.4764,10.0975,1555,2536.46
27985,-1.6424,2.6767,10.5165,1547,2536.46
27990,-1.0475,-0.4453,11.4754,1525,2536.46
27995,-1.7992,-0.1891,11.819,1543,2536.46
28000,-0.3184,2.2326,10.0533,1560,2536.89
28005,0.8392,3.8834,10.3406,1525,2536.89
28010,-3.1496,1.8986,10.2532,1547,2536.89
28015,-1.1109,-0.5986,12.0584,1554,2536.89
28020,-1.8184,0.6081,11.2946,1527,2536.89
28025,0.0611,2.624,10.0269,1582,2536.89
28030,0.6141,3.6883,10.4387,1545,2536.89
28035,-2.6635,0.9098,10.4016,1528,2536.89
28040,-1.3048,-0.595,12.0488,1543,2536.89
28045,-1.3336,1.506,10.8206,1544,2536.89
28050,0.413,3.1615,10.0078,1549,2537.53
28055,-0.2406,3.1759,10.5165,1541,2537.53
28060,-1.3982,-0.0838,10.9283,1533,2537.53
28065,-1.6245,-0.5722,11.9806,1531,2537.53
28070,-0.5974,2.0339,10.3382,1572,2537.86
28075,0.7434,3.6895,10.2436,1528,2537.86
28080,-2.2182,2.4708,10.3645,1528,2537.86
28085,-0.9888,-0.486,11.6921,1529,2537.86
28090,-1.8423,0.0012,11.6035,1531,2537.86
28095,-0.2131,2.2625,10.0197,1579,2538.29
28100,0.8092,3.9014,10.4339,1531,2538.29
28105,-3.2525,1.6161,10.3418,1531,2538.29
28110,-1.1289,-0.6129,12.0392,1530,2538.29
28115,-1.7358,0.9182,11.1426,1529,2538.29
28120,0.1604,2.7007,10.0772,1553,2538.39
28125,0.4345,3.5147,10.4447,1529,2538.39
28130,-2.1823,0.5914,10.5728,1527,2538.39
28135,-1.4186,-0.5722,12.0177,1525,2538.39
28140,-1.0654,1.7825,10.6398,1550,2538.39
28145,0.5183,3.2836,10.0485,1545,2538.07
28150,-0.9242,2.8802,10.5345,1531,2538.07
28155,-1.7777,0.2777,10.6207,1531,2538.07
28160,-1.7238,-0.3268,11.8345,1529,2538.07
28165,-0.8475,1.8627,10.3992,1587,2538.18
28170,0.6416,3.4728,10.155,1543,2538.18
28175,-1.4712,2.6707,10.4555,1522,2538.18
28180,-1.0678,-0.4429,11.5029,1545,2538.18
28185,-1.828,-0.2011,11.7531,1541,2538.18
28190,-0.2801,2.2482,10.0748,1575,2538.18
28195,0.9182,3.8535,10.2819,1543,2538.18
28200,-3.0706,1.9417,10.2807,1547,2538.18
28205,-1.1277,-0.6309,11.9914,1528,2538.18
28210,-1.828,0.5459,11.3342,1529,2538.18
28215,0.0359,2.5654,10.0652,1565,2538.5
28220,0.6895,3.7014,10.4208,1527,2538.5
28225,-2.7031,0.9685,10.3609,1527,2538.5
28230,-1.3216,-0.656,11.9806,1547,2538.5
28235,-1.3791,1.4545,10.8182,1528,2538.5
28240,0.4058,3.0538,10.0724,1553,2538.5
28245,-0.2059,3.2274,10.5776,1543,2538.5
28250,-1.4305,-0.0347,10.9092,1523,2538.5
28255,-1.567,-0.5638,11.9495,1543,2538.5
28260,-0.6105,1.9597,10.2232,1583,2538.39
28265,0.7195,3.6332,10.2053,1525,2538.39
28270,-2.1416,2.4756,10.3801,1544,2538.39
28275,-1.0199,-0.4717,11.7136,1532,2538.39
28280,-1.8495,-0.0132,11.6167,1528,2538.39
28285,-0.1796,2.3367,10.1191,1583,2538.07
28290,0.7482,3.8726,10.3513,1543,2538.07
28295,-3.2477,1.6472,10.3896,1509,2538.07
28300,-1.1145,-0.6033,12.0213,1543,2538.07
28305,-1.7549,0.9158,11.1426,1547,2538.07
28310,0.1508,2.721,10.0054,1547,2537.75
28315,0.4932,3.5578,10.4447,1541,2537.75
28320,-2.2841,0.5674,10.5082,1531,2537.75
28325,-1.4078,-0.6009,12.1123,1529,2537.75
28330,-1.1241,1.7202,10.6111,1587,2537.96
28335,0.5674,3.2932,10.064,1529,2537.96
28340,-0.7733,2.9149,10.4483,1523,2537.96
28345,-1.1277,-0.2825,11.1785,1527,2537.96
28350,-1.7011,-0.4298,11.8405,1529,2537.96
28355,-0.5016,2.1464,10.1873,1577,2538.39
28360,0.8679,3.8487,10.2316,1530,2538.39
28365,-2.7617,2.1991,10.3346,1531,2538.39
28370,-0.9948,-0.5962,11.8621,1531,2538.39
28375,-1.8723,0.255,11.4239,1541,2538.39
28380,-0.0826,2.4062,10.003,1556,2538.5
28385,0.7877,3.8235,10.3956,1541,2538.5
28390,-3.0837,1.3551,10.3837,1527,2538.5
28395,-1.2462,-0.5734,12.0201,1528,2538.5
28400,-1.6173,1.2043,10.981,1549,2538.5
28405,0.2155,2.8551,10.0269,1551,2538.29
28410,0.158,3.3435,10.5788,1531,2538.29
28415,-1.7382,0.2023,10.7332,1533,2538.29
28420,-1.4389,-0.5207,11.971,1529,2538.29
28425,-0.8452,1.8771,10.3837,1579,2537.96
28430,0.644,3.5183,10.1993,1545,2537.96
28435,-1.5766,2.6839,10.404,1529,2537.96
28440,-1.0499,-0.4202,11.5149,1531,2537.96
28445,-1.8256,-0.1891,11.7531,1548,2537.96
28450,-0.2705,2.2398,10.0868,1577,2537.43
28455,0.8954,3.8834,10.2975,1549,2537.43
28460,-3.0945,1.974,10.2987,1548,2537.43
28465,-1.0965,-0.662,12.0357,1525,2537.43
28470,-1.8112,0.6105,11.3246,1531,2537.43
28475,0.0503,2.6276,10.003,1559,2537.32
28480,0.6584,3.7206,10.4663,1528,2537.32
28485,-2.66,0.9601,10.3022,1525,2537.32
28490,-1.3264,-0.6608,12.0009,1547,2537.32
28495,-1.3288,1.4617,10.7847,1524,2537.32
28500,0.3687,3.0885,10.1143,1549,2536.89
28505,-0.2885,3.1663,10.5393,1543,2536.89
28510,-1.3431,-0.0575,10.9128,1524,2536.89
28515,-1.573,-0.5327,11.8992,1532,2536.89
28520,-0.6572,1.9788,10.2436,1553,2536.57
28525,0.7386,3.6296,10.2675,1519,2536.57
28530,-2.1249,2.5031,10.3705,1541,2536.57
28535,-0.9697,-0.4525,11.7555,1531,2536.57
28540,-1.8543,-0.0599,11.6562,1527,2536.57
28545,-0.1891,2.3631,10.0185,1577,2536.35
28550,0.7973,3.8128,10.3166,1533,2536.35
28555,-3.2382,1.6807,10.3633,1527,2536.35
28560,-1.1444,-0.6452,12.0249,1531,2536.35
28565,-1.7262,0.899,11.2192,1542,2536.35
28570,0.1269,2.6983,10.0006,1555,2536.25
28575,0.4836,3.5805,10.5297,1533,2536.25
28580,-2.2805,0.6069,10.4315,1529,2536.25
28585,-1.3719,-0.595,12.1003,1541,2536.25
28590,-1.1456,1.6544,10.6518,1554,2536.46
28595,0.5423,3.2848,10.1119,1527,2536.46
28600,-0.7434,2.9161,10.4854,1527,2536.46
28605,-1.1133,-0.2251,11.2025,1525,2536.46
28610,-1.7083,-0.4477,11.8728,1527,2536.46
28615,-0.5028,2.1225,10.2161,1572,2537.0
28620,0.844,3.814,10.2161,1529,2537.0
28625,-2.7007,2.2589,10.3789,1547,2537.0
28630,-0.9732,-0.6045,11.8513,1543,2537.0
28635,-1.8878,0.2298,11.4766,1529,2537.0
28640,-0.0814,2.4217,10.0233,1557,2537.53
28645,0.8009,3.8642,10.4459,1544,2537.53
28650,-3.122,1.4186,10.3645,1529,2537.53
28655,-1.1815,-0.6464,12.0835,1529,2537.53
28660,-1.573,1.142,10.9427,1549,2537.53
28665,0.2083,2.7964,9.997,1548,2537.86
28670,0.2466,3.3866,10.5261,1531,2537.86
28675,-1.8028,0.2981,10.6458,1543,2537.86
28680,-1.4198,-0.5004,11.971,1528,2537.86
28685,-0.8643,1.8555,10.4567,1582,2537.75
28690,0.6608,3.486,10.1347,1532,2537.75
28695,-1.4042,2.6755,10.4351,1527,2537.75
28700,-1.057,-0.3879,11.4503,1533,2537.75
28705,-1.8172,-0.2777,11.7843,1546,2537.75
28710,-0.2837,2.2254,10.094,1568,2537.75
28715,0.7733,3.8499,10.3046,1543,2537.75
28720,-3.0658,1.9716,10.3705,1545,2537.75
28725,-1.1001,-0.6021,11.9531,1528,2537.75
28730,-1.8316,0.5255,11.3844,1543,2537.75
28735,0.0467,2.5558,9.9802,1559,2538.07
28740,0.6859,3.7673,10.4076,1529,2538.07
28745,-2.7569,0.9373,10.3681,1526,2538.07
28750,-1.3168,-0.6345,12.0787,1543,2538.07
28755,-1.342,1.3922,10.8553,1525,2538.07
28760,0.3448,3.0658,10.0413,1555,2538.18
28765,-0.2227,3.2082,10.4866,1546,2538.18
28770,-1.4257,0.018,10.8589,1523,2538.18
28775,-1.5622,-0.5447,11.9195,1529,2538.18
28780,-0.6476,1.9824,10.3166,1588,2538.18
28785,0.7422,3.6236,10.2747,1525,2538.18
28790,-2.1009,2.4732,10.3573,1540,2538.18
28795,-1.002,-0.4597,11.6394,1525,2538.18
28800,-1.8794,-0.0658,11.6107,1529,2538.18
28805,-0.1856,2.3559,10.0305,1579,2538.07
28810,0.8045,3.8798,10.3166,1531,2538.07
28815,-3.2226,1.6747,10.3801,1532,2538.07
28820,-1.1277,-0.6357,12.0668,1541,2538.07
28825,-1.7166,0.9026,11.2049,1531,2538.07
28830,0.1125,2.6671,9.9707,1567,2537.96
28835,0.4896,3.5889,10.5417,1527,2537.96
28840,-2.3439,0.5842,10.4555,1525,2537.96
28845,-1.3479,-0.6536,12.1147,1543,2537.96
28850,-1.6328,1.1193,11.0253,1533,2537.96
28855,0.5662,3.3399,10.1538,1545,2537.53
28860,-0.7721,2.9113,10.4663,1525,2537.53
28865,-1.1133,-0.2298,11.1761,1523,2537.53
28870,-1.725,-0.4812,11.8274,1532,2537.53
28875,-0.4764,2.1608,10.1957,1579,2537.11
28880,0.8236,3.8211,10.2376,1525,2537.11
28885,-2.6743,2.2625,10.4136,1549,2537.11
28890,-1.0044,-0.5602,11.8333,1545,2537.11
28895,-1.9094,0.1975,11.5401,1529,2537.11
28900,-0.0982,2.4014,10.0305,1560,2537.11
28905,0.7865,3.8367,10.4387,1547,2537.11
28910,-3.1029,1.4102,10.2711,1528,2537.11
28915,-1.1863,-0.5842,12.0584,1533,2537.11
28920,-1.6017,1.1349,10.9834,1544,2537.11
28925,0.2155,2.7833,9.991,1547,2537.11
28930,0.176,3.3806,10.5608,1541,2537.11
28935,-1.8567,0.3256,10.7176,1533,2537.11
28940,-1.4353,-0.5124,11.9997,1527,2537.11
28945,-1.3898,1.3372,10.8038,1567,2537.32
28950,0.6357,3.4668,10.1933,1533,2537.32
28955,-1.391,2.6588,10.4399,1527,2537.32
28960,-1.0247,-0.419,11.4754,1533,2537.32
28965,-1.8112,-0.2562,11.7902,1547,2537.32
28970,-0.2753,2.2577,10.1502,1567,2537.75
28975,0.8583,3.8475,10.24,1543,2537.75
28980,-3.0263,1.9776,10.3453,1541,2537.75
28985,-1.0989,-0.6512,11.9076,1527,2537.75
28990,-1.8603,0.5279,11.3725,1533,2537.75
28995,0.0204,2.5367,9.9898,1555,2537.43
29000,0.7219,3.8032,10.4938,1524,2537.43
29005,-2.8108,1.0211,10.3513,1526,2537.43
29010,-1.2941,-0.6524,12.0764,1533,2537.43
29015,-1.3982,1.403,10.7775,1527,2537.43
29020,0.3077,3.0849,10.1023,1549,2537.0
29025,-0.2155,3.2094,10.4507,1527,2537.0
29030,-1.476,0.0479,10.89,1523,2537.0
29035,-1.5526,-0.589,11.9614,1544,2537.0
29040,-0.662,2.0039,10.2807,1579,2536.14
29045,0.7015,3.5877,10.2508,1533,2536.14
29050,-2.0303,2.5331,10.416,1546,2536.14
29055,-1.0116,-0.4693,11.6442,1532,2536.14
29060,-1.8783,-0.0611,11.6262,1541,2536.14
29065,-0.1987,2.302,10.0712,1597,2536.35
29070,0.7841,3.8642,10.3238,1547,2536.35
29075,-3.2477,1.725,10.3262,1555,2536.35
29080,-1.1372,-0.5938,12.0764,1545,2536.35
29085,-1.7538,0.8727,11.248,1548,2536.35
29090,0.1257,2.6743,9.9024,1581,2536.35
29095,0.5423,3.6069,10.5333,1547,2536.35
29100,-2.3978,0.65,10.4495,1533,2536.35
29105,-1.3683,-0.6033,12.0668,1561,2536.35
29110,-1.1648,1.67,10.6063,1544,2536.35
29115,0.5195,3.316,10.1586,1563,2536.57
29120,-0.7027,2.9245,10.4639,1563,2536.57
29125,-1.142,-0.1975,11.1558,1543,2536.57
29130,-1.7083,-0.5028,11.8405,1549,2536.57
29135,-0.4513,2.1308,10.3094,1599,2536.25
29140,0.8344,3.7673,10.258,1532,2536.25
29145,-2.6061,2.296,10.4375,1559,2536.25
29150,-1.0008,-0.5914,11.7639,1553,2536.25
29155,-1.8878,0.1999,11.576,1544,2536.25
29160,-0.1293,2.3834,9.9814,1573,2535.93
29165,0.8104,3.8678,10.3741,1553,2535.93
29170,-3.1627,1.5119,10.258,1549,2535.93
29175,-1.1815,-0.577,12.0955,1549,2535.93
29180,-1.6293,1.063,11.0409,1559,2535.93
29185,0.1604,2.8156,10.0149,1565,2536.03
29190,0.2346,3.4453,10.5046,1554,2536.03
29195,-1.9501,0.3974,10.6291,1553,2536.03
29200,-1.4257,-0.5507,11.9746,1547,2536.03
29205,-0.9254,1.7945,10.4866,1574,2536.35
29210,0.6285,3.3974,10.1766,1544,2536.35
29215,-1.2462,2.7677,10.4842,1541,2536.35
29220,-1.1085,-0.3436,11.4275,1544,2536.35
29225,-1.7645,-0.2969,11.7795,1547,2536.35
29230,-0.3292,2.2051,10.1754,1599,2536.68
29235,0.8272,3.8068,10.2556,1549,2536.68
29240,-2.9233,2.077,10.3765,1548,2536.68
29245,-1.0774,-0.6309,11.9267,1545,2536.68
29250,-1.8711,0.4525,11.4144,1549,2536.68
29255,-0.012,2.5019,10.0628,1567,2536.35
29260,0.7111,3.8247,10.4291,1547,2536.35
29265,-2.8778,1.0654,10.3058,1547,2536.35
29270,-1.245,-0.6536,12.068,1544,2536.35
29275,-1.4533,1.2881,10.8733,1561,2536.35
29280,0.3376,3.0466,10.0545,1571,2535.93
29285,-0.0371,3.3016,10.4698,1548,2535.93
29290,-1.5598,0.1604,10.8326,1555,2535.93
29295,-1.5143,-0.6321,11.9459,1549,2535.93
29300,-0.7374,1.9752,10.4208,1577,2535.71
29305,0.6788,3.5626,10.1658,1557,2535.71
29310,-1.7945,2.6312,10.4902,1533,2535.71
29315,-0.9924,-0.4417,11.5389,1550,2535.71
29320,-1.8783,-0.2047,11.7076,1559,2535.71
29325,-0.2765,2.2422,10.0473,1599,2535.28
29330,0.8009,3.8331,10.337,1553,2535.28
29335,-3.2561,1.8806,10.325,1559,2535.28
29340,-1.0965,-0.5435,12.0213,1544,2535.28
29345,-1.8232,0.7338,11.2731,1551,2535.28
29350,0.0227,2.5738,9.9311,1573,2535.71
29355,0.6165,3.6464,10.4818,1544,2535.71
29360,-2.5678,0.7997,10.3956,1541,2535.71
29365,-1.2941,-0.5519,12.1506,1559,2535.71
29370,-1.2462,1.5874,10.6997,1547,2535.71
29375,0.4717,3.2645,10.082,1567,2535.71
29380,-0.431,3.0586,10.4136,1555,2535.71
29385,-1.2031,-0.0826,11.0349,1541,2535.71
29390,-1.6496,-0.4944,11.8118,1548,2535.71
29395,-0.5746,2.0638,10.3142,1608,2536.14
29400,0.8212,3.7146,10.2197,1533,2536.14
29405,-2.3559,2.4253,10.4722,1555,2536.14
29410,-0.9804,-0.6021,11.6729,1545,2536.14
29415,-1.9357,0.0479,11.6789,1544,2536.14
29420,-0.1377,2.3056,10.009,1605,2536.03
29425,0.8392,3.9349,10.4327,1549,2536.03
29430,-3.1711,1.5658,10.2352,1547,2536.03
29435,-1.1803,-0.6189,12.1183,1549,2536.03
29440,-1.7131,0.9158,11.1785,1549,2536.03
29445,0.1353,2.7234,10.0652,1583,2536.03
29450,0.3292,3.5063,10.4818,1545,2536.03
29455,-2.0877,0.5938,10.5788,1545,2536.03
29460,-1.3551,-0.5674,11.983,1555,2536.03
29465,-1.0235,1.7298,10.5465,1547,2536.03
29470,0.5339,3.3243,10.07,1564,2536.03
29475,-0.9876,2.891,10.5477,1548,2536.03
29480,-1.1468,-0.2861,11.2539,1541,2536.03
29485,-1.7119,-0.3543,11.8333,1543,2536.03
29490,-0.3926,2.1428,10.1215,1605,2536.46
29495,0.814,3.7589,10.2268,1541,2536.46
29500,-2.7892,2.2087,10.3693,1559,2536.46
29505,-1.087,-0.5746,11.9112,1561,2536.46
29510,-1.8986,0.3352,11.552,1548,2536.46
29515,-0.0299,2.411,10.0377,1575,2537.11
29520,0.7925,3.8415,10.4339,1563,2537.11
29525,-3.0406,1.2031,10.2663,1547,2537.11
29530,-1.2294,-0.6249,12.1218,1551,2537.11
29535,-1.5095,1.2522,10.9307,1561,2537.11
29540,0.31,2.9916,10.1251,1567,2537.53
29545,0.1101,3.3447,10.5046,1543,2537.53
29550,-1.7298,0.261,10.7978,1553,2537.53
29555,-1.5191,-0.6871,12.0416,1545,2537.53
29560,-0.7973,1.9106,10.4256,1606,2537.64
29565,0.6764,3.5195,10.1837,1549,2537.64
29570,-1.573,2.7557,10.5093,1544,2537.64
29575,-1.0235,-0.3986,11.4012,1553,2537.64
29580,-1.8495,-0.2155,11.7723,1555,2537.64
29585,-0.31,2.2039,10.0748,1599,2537.43
29590,0.8164,3.9002,10.3166,1553,2537.43
29595,-3.1783,1.9201,10.2807,1558,2537.43
29600,-1.0606,-0.5459,12.0201,1545,2537.43
29605,-1.8364,0.5962,11.3018,1555,2537.43
29610,0.0239,2.5474,9.973,1577,2537.11
29615,0.5962,3.6943,10.4471,1543,2537.11
29620,-2.6827,0.9146,10.4184,1543,2537.11
29625,-1.2641,-0.6069,12.1147,1553,2537.11
29630,-1.3156,1.4736,10.7272,1549,2537.11
29635,0.4597,3.1196,10.0449,1575,2537.21
29640,-0.328,3.061,10.4459,1547,2537.21
29645,-1.3036,-0.0383,11.0361,1543,2537.21
29650,-1.6005,-0.5327,11.886,1553,2537.21
29655,-0.6333,2.0674,10.3166,1599,2537.11
29660,0.7482,3.7014,10.1646,1544,2537.11
29665,-2.2278,2.4576,10.4423,1549,2537.11
29670,-0.9852,-0.5686,11.6717,1543,2537.11
29675,-1.8866,-0.0036,11.661,1547,2537.11
29680,-0.1867,2.302,9.9802,1599,2537.11
29685,0.8751,3.9468,10.4411,1557,2537.11
29690,-3.1795,1.6293,10.2244,1561,2537.11
29695,-1.1504,-0.5878,12.0847,1547,2537.11
29700,-1.7035,0.8595,11.1067,1545,2537.11
29705,0.1221,2.715,10.0485,1577,2537.32
29710,0.407,3.5698,10.4423,1545,2537.32
29715,-2.2194,0.6105,10.5824,1544,2537.32
29720,-1.3719,-0.6404,11.9734,1561,2537.32
29725,-1.0846,1.6987,10.6362,1549,2537.32
29730,0.5004,3.2825,10.1047,1568,2537.32
29735,-0.917,2.97,10.5153,1560,2537.32
29740,-1.1708,-0.2358,11.2097,1542,2537.32
29745,-1.6712,-0.3783,11.8214,1555,2537.32
29750,-0.4405,2.1476,10.1095,1610,2537.53
29755,0.7817,3.7529,10.2496,1543,2537.53
29760,-2.7749,2.2182,10.3418,1557,2537.53
29765,-1.0403,-0.5926,11.9195,1555,2537.53
29770,-1.9417,0.2693,11.5017,1545,2537.53
29775,-0.079,2.4888,9.9695,1589,2537.64
29780,0.7506,3.8104,10.3537,1559,2537.64
29785,-3.1125,1.2522,10.3034,1551,2537.64
29790,-1.1636,-0.6476,12.1194,1557,2537.64
29795,-1.5682,1.227,11.0133,1557,2537.64
29800,0.3017,2.9772,10.0748,1571,2537.86
29805,0.182,3.3399,10.4866,1553,2537.86
29810,-1.7142,0.249,10.7284,1549,2537.86
29815,-1.482,-0.7003,11.9519,1545,2537.86
29820,-0.893,1.919,10.471,1587,2537.86
29825,0.674,3.4812,10.1239,1545,2537.86
29830,-1.4832,2.7426,10.495,1544,2537.86
29835,-0.9888,-0.4154,11.4395,1545,2537.86
29840,-1.804,-0.2825,11.74,1547,2537.86
29845,-0.3448,2.1763,10.0305,1597,2537.96
29850,0.8224,3.9289,10.3717,1548,2537.96
29855,-3.1807,1.9668,10.3142,1553,2537.96
29860,-1.0606,-0.5722,12.0273,1545,2537.96
29865,-1.8675,0.5914,11.3234,1549,2537.96
29870,-0.0239,2.5474,10.0521,1565,2537.64
29875,0.5626,3.6691,10.4423,1545,2537.64
29880,-2.7198,0.9637,10.3884,1544,2537.64
29885,-1.2713,-0.5578,12.0321,1541,2537.64
29890,-1.3384,1.494,10.7835,1559,2537.64
29895,0.4322,3.0837,10.0473,1565,2536.78
29900,-0.2945,3.0813,10.4758,1545,2536.78
29905,-1.3575,-0.0347,10.9822,1546,2536.78
29910,-1.5814,-0.4776,11.91,1547,2536.78
29915,-0.6452,2.077,10.3238,1588,2537.0
29920,0.7901,3.6943,10.1418,1551,2537.0
29925,-2.1404,2.5079,10.4256,1544,2537.0
29930,-1.0307,-0.5519,11.6669,1555,2537.0
29935,-1.8866,0.0132,11.6669,1558,2537.0
29940,-0.1676,2.2996,10.0269,1596,2537.0
29945,0.9086,3.984,10.4303,1557,2537.0
29950,-3.2058,1.652,10.2268,1561,2537.0
29955,-1.1253,-0.6381,12.1302,1543,2537.0
29960,-1.7789,0.7973,11.1402,1545,2537.0
29965,0.1401,2.721,10.0401,1583,2536.89
29970,0.4477,3.6033,10.3801,1543,2536.89
29975,-2.2482,0.6943,10.5608,1543,2536.89
29980,-1.3396,-0.6321,12.0345,1560,2536.89
29985,-1.1241,1.6867,10.635,1543,2536.89
29990,0.4908,3.2633,10.0461,1565,2537.0
29995,-0.8487,3.0394,10.5512,1558,2537.0
30000,-1.1636,-0.2466,11.1175,1541,2537.0
30005,-1.6652,-0.4058,11.8609,1555,2537.0
30010,-0.4357,2.0949,10.1586,1588,2536.46
30015,0.7482,3.8008,10.3358,1557,2536.46
30020,-2.7629,2.2434,10.3022,1555,2536.46
30025,-1.0331,-0.5303,11.8764,1548,2536.46
30030,-1.8675,0.2418,11.461,1544,2536.46
30035,-0.0994,2.4433,9.9982,1593,2537.53
30040,0.7326,3.7685,10.3549,1553,2537.53
30045,-3.1196,1.2941,10.2939,1549,2537.53
30050,-1.1935,-0.6249,12.1087,1549,2537.53
30055,-1.5862,1.2306,11.0636,1555,2537.53
30060,0.2825,2.9281,10.0437,1573,2536.68
30065,0.2454,3.3483,10.4076,1549,2536.68
30070,-1.7621,0.2526,10.6674,1547,2536.68
30075,-1.494,-0.6728,11.9806,1549,2536.68
30080,-0.9242,1.9082,10.477,1573,2537.0
30085,0.7015,3.4991,10.1454,1547,2537.0
30090,-1.3695,2.7306,10.5596,1545,2537.0
30095,-0.9708,-0.3986,11.3725,1545,2537.0
30100,-1.8316,-0.2658,11.7699,1543,2537.0
30105,-0.328,2.2051,10.0772,1599,2537.0
30110,0.8511,3.9169,10.3884,1549,2537.0
30115,-3.152,2.0435,10.3166,1547,2537.0
30120,-1.0151,-0.5207,12.0117,1553,2537.0
30125,-1.8699,0.5016,11.3162,1547,2537.0
30130,-0.0634,2.496,9.9575,1575,2537.64
30135,0.6524,3.7302,10.3801,1558,2537.64
30140,-2.7605,1.0774,10.3992,1544,2537.64
30145,-1.306,-0.5291,12.0464,1543,2537.64
30150,-1.3551,1.482,10.8266,1561,2537.64
30155,0.3543,3.0347,10.0173,1568,2537.96
30160,-0.2011,3.1627,10.5105,1547,2537.96
30165,-1.3958,0.0108,10.8996,1555,2537.96
30170,-1.5706,-0.4561,11.9291,1545,2537.96
30175,-0.6991,2.0339,10.2939,1579,2537.96
30180,0.7673,3.6416,10.1191,1556,2537.96
30185,-2.1069,2.4876,10.4962,1545,2537.96
30190,-1.0116,-0.5555,11.6478,1553,2537.96
30195,-1.8974,-0.0431,11.7112,1560,2537.96
30200,-0.2131,2.3044,10.0185,1596,2537.96
30205,0.8679,3.9313,10.3561,1557,2537.96
30210,-3.2046,1.6759,10.1801,1563,2537.96
30215,-1.0953,-0.6357,12.0476,1543,2537.96
30220,-1.7897,0.8152,11.1785,1553,2537.96
30225,0.1329,2.721,10.1406,1566,2538.29
30230,0.4908,3.5961,10.4279,1546,2538.29
30235,-2.2972,0.6584,10.5046,1543,2538.29
30240,-1.3683,-0.6632,11.9746,1559,2538.29
30245,-1.1492,1.6783,10.6722,1547,2538.29
30250,0.4884,3.225,10.076,1567,2538.82
30255,-0.7578,3.0203,10.5848,1553,2538.82
30260,-1.1624,-0.2502,11.1426,1541,2538.82
30265,-1.6472,-0.401,11.9279,1553,2538.82
30270,-0.4705,2.1057,10.1526,1575,2539.15
30275,0.7626,3.7721,10.2831,1543,2539.15
30280,-2.7581,2.2158,10.3549,1555,2539.15
30285,-1.0235,-0.5351,11.8908,1548,2539.15
30290,-1.8806,0.2071,11.5257,1546,2539.15
30295,-0.0934,2.4385,10.0233,1608,2539.57
30300,0.7171,3.802,10.422,1555,2539.57
30305,-3.1268,1.3431,10.3382,1548,2539.57
30310,-1.2007,-0.6297,12.0644,1555,2539.57
30315,-1.5766,1.2222,10.9834,1554,2539.57
30320,0.2765,2.8946,9.991,1575,2539.36
30325,0.249,3.3471,10.4615,1553,2539.36
30330,-1.7777,0.2143,10.6626,1549,2539.36
30335,-1.4808,-0.6297,12.0297,1553,2539.36
30340,-0.8835,1.919,10.5273,1577,2539.15
30345,0.68,3.5554,10.1047,1544,2539.15
30350,-1.4952,2.7126,10.501,1542,2539.15
30355,-0.9876,-0.4214,11.4263,1548,2539.15
30360,-1.822,-0.267,11.7364,1545,2539.15
30365,-0.3508,2.1955,10.0568,1599,2539.57
30370,0.8894,3.96,10.3537,1544,2539.57
30375,-3.1412,1.9513,10.2867,1548,2539.57
30380,-1.0511,-0.5519,12.0452,1548,2539.57
30385,-1.8747,0.5447,11.2456,1548,2539.57
30390,0.0251,2.5582,10.0149,1575,2540.11
30395,0.6033,3.7086,10.4447,1563,2540.11
30400,-2.6624,0.9673,10.4471,1549,2540.11
30405,-1.2809,-0.577,12.0955,1543,2540.11
30410,-1.3312,1.4976,10.7871,1563,2540.11
30415,0.3711,3.0909,10.0449,1563,2540.65
30420,-0.3412,3.0837,10.501,1547,2540.65
30425,-1.318,-0.1101,10.9403,1555,2540.65
30430,-1.6065,-0.4752,11.9315,1549,2540.65
30435,-0.5555,2.0674,10.3334,1609,2540.97
30440,0.7949,3.6931,10.2304,1557,2540.97
30445,-2.3032,2.3679,10.3585,1549,2540.97
30450,-1.0331,-0.5638,11.7843,1555,2540.97
30455,-1.8914,0.0563,11.5855,1560,2540.97
30460,-0.1245,2.3739,9.9539,1599,2540.97
30465,0.8691,3.9133,10.3597,1557,2540.97
30470,-3.1807,1.5921,10.2161,1564,2540.97
30475,-1.148,-0.6524,12.1135,1547,2540.97
30480,-1.7083,0.9385,11.0816,1549,2540.97
30485,0.2011,2.7833,10.0365,1583,2540.97
30490,0.3855,3.5183,10.4196,1544,2540.97
30495,-2.0219,0.4944,10.5776,1545,2540.97
30500,-1.4413,-0.6584,11.9315,1560,2540.97
30505,-1.0175,1.7705,10.556,1541,2540.97
30510,0.5698,3.3435,10.0975,1561,2540.87
30515,-1.0822,2.8994,10.5608,1554,2540.87
30520,-1.1013,-0.3472,11.3054,1529,2540.87
30525,-1.6759,-0.3747,11.8537,1548,2540.87
30530,-0.3543,2.1213,10.0353,1605,2540.97
30535,0.7817,3.8403,10.2903,1529,2540.97
30540,-2.9736,2.1045,10.2711,1550,2540.97
30545,-1.0666,-0.4764,11.9842,1545,2540.97
30550,-1.889,0.4405,11.3784,1543,2540.97
30555,0.0048,2.5462,10.0126,1610,2541.3
30560,0.6464,3.7709,10.3837,1557,2541.3
30565,-2.9054,1.0965,10.3669,1548,2541.3
30570,-1.2833,-0.6285,12.0165,1555,2541.3
30575,-1.4449,1.3874,10.9116,1563,2541.3
30580,0.3615,3.0586,10.0413,1575,2541.62
30585,-0.0575,3.2525,10.5189,1549,2541.62
30590,-1.5167,0.0527,10.805,1553,2541.62
30595,-1.5622,-0.5902,11.9363,1546,2541.62
30600,-0.7374,1.9836,10.3154,1612,2541.19
30605,0.7745,3.6224,10.1969,1547,2541.19
30610,-1.9273,2.5582,10.4447,1544,2541.19
30615,-0.9649,-0.4717,11.6262,1549,2541.19
30620,-1.8699,-0.0994,11.6717,1557,2541.19
30625,-0.2574,2.2494,10.076,1591,2540.65
30630,0.9014,3.9241,10.386,1557,2540.65
30635,-3.2022,1.7585,10.3238,1558,2540.65
30640,-1.1277,-0.6093,12.0105,1544,2540.65
30645,-1.7777,0.7673,11.1462,1554,2540.65
30650,0.1125,2.6456,10.0114,1571,2540.01
30655,0.5064,3.5542,10.4543,1544,2540.01
30660,-2.2901,0.735,10.5058,1543,2540.01
30665,-1.3647,-0.5734,12.0368,1556,2540.01
30670,-1.1732,1.6652,10.671,1545,2540.01
30675,0.492,3.2238,10.0437,1563,2540.33
30680,-0.7745,2.9844,10.5656,1553,2540.33
30685,-1.1732,-0.2921,11.169,1543,2540.33
30690,-1.7526,-0.3938,11.88,1546,2540.33
30695,-0.4585,2.1416,10.161,1583,2540.11
30700,0.8595,3.7781,10.2173,1545,2540.11
30705,-2.7521,2.2158,10.3178,1551,2540.11
30710,-1.0714,-0.5614,11.9004,1547,2540.11
30715,-1.9285,0.2705,11.4922,1547,2540.11
30720,-0.0527,2.46,10.0341,1583,2539.9
30725,0.7997,3.8367,10.4064,1549,2539.9
30730,-3.0921,1.3623,10.3046,1554,2539.9
30735,-1.2019,-0.6225,12.05,1554,2539.9
30740,-1.5586,1.1504,10.9403,1548,2539.9
30745,0.2921,2.8862,10.0293,1589,2539.79
30750,0.2155,3.395,10.4603,1551,2539.79
30755,-1.7633,0.2705,10.7488,1545,2539.79
30760,-1.4772,-0.6129,11.9291,1557,2539.79
30765,-0.8332,1.8747,10.4196,1554,2539.68
30770,0.6153,3.4991,10.1538,1576,2539.68
30775,-1.5383,2.7581,10.5058,1545,2539.68
30780,-1.0044,-0.419,11.4311,1543,2539.68
30785,-1.8172,-0.2538,11.7986,1555,2539.68
30790,-0.2789,2.1871,10.0545,1599,2539.36
30795,0.8487,3.8918,10.3334,1548,2539.36
30800,-3.1292,1.9453,10.258,1563,2539.36
30805,-1.0487,-0.5626,12.0787,1556,2539.36
30810,-1.8447,0.5722,11.2851,1548,2539.36
30815,0.0551,2.6157,10.0126,1583,2539.15
30820,0.6249,3.7002,10.3585,1561,2539.15
30825,-2.7019,0.9206,10.4208,1549,2539.15
30830,-1.3336,-0.6165,11.995,1553,2539.15
30835,-1.3012,1.5742,10.7978,1565,2539.15
30840,0.4429,3.1232,10.0329,1577,2539.47
30845,-0.3615,3.1256,10.574,1553,2539.47
30850,-1.2869,-0.1197,10.8745,1556,2539.47
30855,-1.6795,-0.5734,11.9519,1544,2539.47
30860,-0.6105,2.0027,10.2376,1609,2539.79
30865,0.8284,3.7613,10.2855,1559,2539.79
30870,-2.2386,2.4612,10.3681,1553,2539.79
30875,-0.9505,-0.5064,11.7711,1553,2539.79
30880,-1.8998,0.0012,11.5987,1561,2539.79
30885,-0.243,2.2913,10.0413,1599,2539.79
30890,0.8452,3.8942,10.3214,1559,2539.79
30895,-3.1951,1.6041,10.2532,1561,2539.79
30900,-1.1492,-0.6021,12.0141,1544,2539.79
30905,-1.6819,0.9529,11.1103,1554,2539.79
30910,0.1664,2.7366,10.0437,1575,2539.79
30915,0.3843,3.5219,10.5046,1547,2539.79
30920,-2.1129,0.5363,10.5884,1545,2539.79
30925,-1.3803,-0.5483,11.9686,1555,2539.79
30930,-1.0678,1.7466,10.5656,1551,2539.79
30935,0.5543,3.3052,10.082,1571,2539.68
30940,-1.0223,2.8575,10.5105,1559,2539.68
30945,-1.1145,-0.3412,11.2731,1533,2539.68
30950,-1.749,-0.2945,11.8321,1555,2539.68
30955,-0.4118,2.2003,10.1849,1575,2539.79
30960,0.8344,3.8571,10.2388,1547,2539.79
30965,-2.9233,2.1165,10.2639,1556,2539.79
30970,-1.0582,-0.5997,11.8848,1553,2539.79
30975,-1.9309,0.3352,11.4922,1547,2539.79
30980,0.0239,2.5343,10.0844,1608,2541.08
30985,0.7326,3.8152,10.3705,1557,2541.08
30990,-2.9078,1.1744,10.343,1547,2541.08
30995,-1.2438,-0.6488,12.0357,1553,2541.08
31000,-1.5012,1.3012,10.8996,1556,2541.08
31005,0.3627,2.97,10.0078,1575,2540.87
31010,0.0335,3.298,10.5189,1557,2540.87
31015,-1.6101,0.085,10.8589,1551,2540.87
31020,-1.5251,-0.5986,11.9459,1549,2540.87
31025,-0.7482,1.9393,10.3226,1612,2540.87
31030,0.6692,3.5877,10.222,1548,2540.87
31035,-1.7957,2.6264,10.4579,1547,2540.87
31040,-1.0127,-0.4393,11.5556,1549,2540.87
31045,-1.8639,-0.1065,11.7088,1545,2540.87
31050,-0.2274,2.2386,10.0545,1599,2540.76
31055,0.82,3.881,10.3741,1555,2540.76
31060,-3.2094,1.7945,10.2879,1548,2540.76
31065,-1.1061,-0.5543,12.0764,1545,2540.76
31070,-1.816,0.7721,11.2192,1555,2540.76
31075,0.1006,2.6647,9.9994,1575,2540.44
31080,0.5375,3.5925,10.3489,1547,2540.44
31085,-2.4397,0.7781,10.5117,1545,2540.44
31090,-1.3862,-0.6428,12.0357,1547,2540.44
31095,-1.1516,1.6472,10.7129,1561,2540.44
31100,0.492,3.1939,10.0425,1577,2540.33
31105,-0.6237,3.0083,10.5237,1553,2540.33
31110,-1.1995,-0.1867,11.0624,1555,2540.33
31115,-1.6867,-0.4657,11.904,1549,2540.33
31120,-0.5088,2.1045,10.1742,1577,2540.54
31125,0.8691,3.8128,10.3226,1563,2540.54
31130,-2.6228,2.2625,10.3765,1548,2540.54
31135,-1.0127,-0.5303,11.8345,1555,2540.54
31140,-1.9489,0.1425,11.4515,1557,2540.54
31145,-0.1065,2.3918,10.003,1608,2540.76
31150,0.8092,3.8559,10.3501,1558,2540.76
31155,-3.1041,1.4629,10.3214,1564,2540.76
31160,-1.1768,-0.6081,12.038,1549,2540.76
31165,-1.5742,1.136,11.0875,1547,2540.76
31170,0.2215,2.8551,10.0317,1589,2541.08
31175,0.2837,3.3866,10.4698,1547,2541.08
31180,-1.8076,0.3268,10.6506,1544,2541.08
31185,-1.4736,-0.5195,11.9818,1563,2541.08
31190,-0.8511,1.8328,10.4651,1545,2541.08
31195,0.6189,3.4704,10.1203,1567,2541.51
31200,-1.5024,2.7378,10.5034,1560,2541.51
31205,-1.0798,-0.48,11.4551,1541,2541.51
31210,-1.8423,-0.2143,11.7807,1556,2541.51
31215,-0.3196,2.2254,10.0892,1587,2541.83
31220,0.8643,3.8618,10.3382,1547,2541.83
31225,-3.1388,1.9561,10.3166,1561,2541.83
31230,-1.1277,-0.6009,12.044,1561,2541.83
31235,-1.8914,0.5507,11.3617,1548,2541.83
31240,0.0754,2.6061,10.0724,1579,2541.3
31245,0.6261,3.6931,10.3693,1561,2541.3
31250,-2.6013,0.9565,10.3741,1547,2541.3
31255,-1.3156,-0.6393,11.9854,1557,2541.3
31260,-1.306,1.494,10.7775,1561,2541.3
31265,0.4094,3.1017,10.0796,1573,2542.8
31270,-0.3436,3.1675,10.5237,1553,2542.8
31275,-1.3491,-0.0251,11.0061,1555,2542.8
31280,-1.6077,-0.5112,11.9758,1548,2542.8
31285,-0.5782,2.0435,10.2197,1613,2542.37
31290,0.7278,3.6799,10.2783,1555,2542.37
31295,-2.3224,2.4217,10.3896,1557,2542.37
31300,-1.057,-0.4741,11.7747,1551,2542.37
31305,-1.8878,0.0527,11.649,1563,2542.37
31310,-0.152,2.3607,10.0521,1605,2542.91
31315,0.8224,3.8762,10.3837,1559,2542.91
31320,-3.1711,1.4832,10.3382,1563,2542.91
31325,-1.142,-0.5686,12.0823,1542,2542.91
31330,-1.6747,1.0762,11.054,1555,2542.91
31335,0.2071,2.8383,10.0149,1564,2542.8
31340,0.3184,3.4429,10.4375,1545,2542.8
31345,-2.0016,0.4286,10.5931,1544,2542.8
31350,-1.4676,-0.6345,11.9926,1557,2542.8
31355,-0.9852,1.8471,10.5261,1545,2542.8
31360,0.6189,3.4046,10.0784,1571,2542.37
31365,-1.1791,2.8156,10.5477,1553,2542.37
31370,-1.0116,-0.3998,11.3701,1548,2542.37
31375,-1.7777,-0.3316,11.8309,1555,2542.37
31380,-0.3867,2.1261,10.0975,1579,2541.94
31385,0.8284,3.9277,10.3741,1542,2541.94
31390,-3.0466,2.0997,10.2508,1555,2541.94
31395,-1.075,-0.5638,11.9938,1553,2541.94
31400,-1.8902,0.4298,11.3066,1547,2541.94
31405,-0.0407,2.5139,10.0281,1593,2541.3
31410,0.6764,3.7002,10.4327,1557,2541.3
31415,-2.806,1.0965,10.4411,1548,2541.3
31420,-1.2797,-0.5315,12.0871,1556,2541.3
31425,-1.4054,1.4317,10.8433,1559,2541.3
31430,0.395,3.0311,10.0245,1575,2542.59
31435,-0.1389,3.1448,10.5333,1557,2542.59
31440,-1.4401,-0.0263,10.9212,1551,2542.59
31445,-1.5622,-0.5148,11.8968,1547,2542.59
31450,-0.6393,2.0123,10.3418,1595,2542.05
31455,0.7338,3.6691,10.1945,1553,2542.05
31460,-2.1392,2.4409,10.3681,1547,2542.05
31465,-1.0271,-0.5064,11.6825,1547,2542.05
31470,-1.9022,0.0048,11.6155,1555,2542.05
31475,-0.1389,2.2972,10.0185,1607,2542.16
31480,0.8164,3.9157,10.422,1557,2542.16
31485,-3.2046,1.6436,10.2699,1561,2542.16
31490,-1.1372,-0.6692,12.0811,1545,2542.16
31495,-1.7274,0.8452,11.1366,1559,2542.16
31500,0.1616,2.7378,10.0281,1581,2541.83
31505,0.4513,3.5231,10.4232,1548,2541.83
31510,-2.1739,0.5782,10.5632,1547,2541.83
31515,-1.4329,-0.6871,12.0476,1555,2541.83
31520,-1.0582,1.6867,10.6434,1557,2541.83
31525,0.5435,3.3028,10.137,1579,2541.94
31530,-0.9541,2.9281,10.574,1554,2541.94
31535,-1.093,-0.3077,11.2192,1540,2541.94
31540,-1.725,-0.3627,11.8501,1557,2541.94
31545,-0.4118,2.1225,10.137,1607,2541.94
31550,0.8344,3.8211,10.2663,1545,2541.94
31555,-2.8826,2.1727,10.3358,1553,2541.94
31560,-1.0534,-0.5064,11.9746,1545,2541.94
31565,-1.8806,0.3807,11.4359,1547,2541.94
31570,-0.0718,2.478,10.0126,1610,2541.94
31575,0.7195,3.7781,10.3501,1549,2541.94
31580,-2.9389,1.1791,10.3262,1554,2541.94
31585,-1.2653,-0.6285,12.0273,1555,2541.94
31590,-1.4234,1.312,10.9307,1547,2541.94
31595,0.3867,3.049,10.0161,1582,2541.73
31600,0.0215,3.2597,10.5022,1556,2541.73
31605,-1.5251,0.1018,10.7775,1545,2541.73
31610,-1.5658,-0.5974,11.9124,1560,2541.73
31615,-0.7889,1.9668,10.4112,1556,2541.83
31620,0.7039,3.5925,10.173,1560,2541.83
31625,-1.8459,2.5929,10.5093,1549,2541.83
31630,-1.0187,-0.4621,11.5796,1541,2541.83
31635,-1.8507,-0.1018,11.7196,1549,2541.83
31640,-0.2538,2.2386,9.9934,1609,2542.27
31645,0.8619,3.9325,10.3573,1551,2542.27
31650,-3.2094,1.7777,10.313,1557,2542.27
31655,-1.0714,-0.6117,12.0883,1555,2542.27
31660,-1.8088,0.7302,11.1725,1555,2542.27
31665,0.1137,2.6324,10.0173,1579,2541.83
31670,0.4992,3.6224,10.4962,1557,2541.83
31675,-2.3858,0.747,10.5704,1549,2541.83
31680,-1.3611,-0.5279,11.9399,1547,2541.83
31685,-1.1851,1.6496,10.7009,1565,2541.83
31690,0.4609,3.1867,10.0437,1575,2541.83
31695,-0.7003,2.9497,10.5082,1555,2541.83
31700,-1.1624,-0.2693,11.1366,1555,2541.83
31705,-1.7083,-0.3484,11.9291,1553,2541.83
31710,-0.486,2.1332,10.1694,1581,2541.3
31715,0.8021,3.7697,10.2771,1559,2541.3
31720,-2.6336,2.2733,10.2807,1547,2541.3
31725,-1.0092,-0.6057,11.8836,1557,2541.3
31730,-1.913,0.2119,11.5173,1565,2541.3
31735,-0.0802,2.4373,10.0712,1605,2542.37
31740,0.7721,3.8176,10.398,1559,2542.37
31745,-3.0801,1.3252,10.3142,1565,2542.37
31750,-1.1935,-0.6369,12.068,1545,2542.37
31755,-1.5993,1.1815,10.9415,1547,2542.37
31760,0.2562,2.9197,10.0461,1588,2542.05
31765,0.1317,3.4058,10.5261,1547,2542.05
31770,-1.7657,0.2717,10.7392,1545,2542.05
31775,-1.5179,-0.6656,12.0033,1563,2542.05
31780,-0.8416,1.8794,10.4591,1547,2542.05
31785,0.6129,3.4345,10.1885,1567,2541.83
31790,-1.549,2.6923,10.5093,1561,2541.83
31795,-1.0463,-0.413,11.4527,1543,2541.83
31800,-1.816,-0.1987,11.7759,1561,2541.83
31805,-0.2334,2.2158,10.0473,1613,2541.94
31810,0.8344,3.8427,10.3166,1545,2541.94
31815,-3.1939,1.8806,10.2903,1559,2541.94
31820,-1.0738,-0.559,12.0704,1553,2541.94
31825,-1.8268,0.6237,11.2923,1549,2541.94
31830,0.0503,2.6205,9.9623,1614,2541.94
31835,0.6345,3.6296,10.3908,1561,2541.94
31840,-2.5833,0.8487,10.4663,1547,2541.94
31845,-1.3384,-0.6428,12.1039,1557,2541.94
31850,-1.2725,1.6029,10.7464,1561,2541.94
31855,0.4908,3.1999,10.0305,1573,2541.94
31860,-0.3687,3.0574,10.5082,1553,2541.94
31865,-1.2366,-0.1879,10.9451,1555,2541.94
31870,-1.7011,-0.5255,11.8609,1544,2541.94
31875,-0.565,2.059,10.2496,1614,2542.27
31880,0.8224,3.7577,10.2771,1555,2542.27
31885,-2.4565,2.381,10.4591,1553,2542.27
31890,-1.0774,-0.3316,11.2312,1549,2542.27
31895,-1.895,0.097,11.5197,1563,2542.27
31900,-0.4022,2.1344,10.0844,1595,2542.16
31905,0.8045,3.9049,10.3956,1555,2542.16
31910,-2.8778,2.1691,10.2496,1563,2542.16
31915,-1.0451,-0.5543,11.9554,1549,2542.16
31920,-1.919,0.3328,11.3856,1559,2542.16
31925,-0.0862,2.4361,9.9802,1583,2542.27
31930,0.6967,3.7709,10.3872,1551,2542.27
31935,-2.8778,1.2306,10.4196,1547,2542.27
31940,-1.2641,-0.5854,12.0117,1557,2542.27
31945,-1.494,1.3001,10.9415,1549,2542.27
31950,0.3124,2.9556,10.0149,1573,2542.16
31955,-0.0766,3.3315,10.5477,1553,2542.16
31960,-1.5119,0.1209,10.7931,1545,2542.16
31965,-1.5502,-0.5124,11.9495,1555,2542.16
31970,-0.7254,1.9405,10.3406,1615,2542.37
31975,0.759,3.6152,10.2173,1543,2542.37
31980,-1.9297,2.5211,10.3801,1557,2542.37
31985,-1.0475,-0.4764,11.6262,1549,2542.37
31990,-1.8866,-0.0467,11.6981,1547,2542.37
31995,-0.1796,2.3284,10.0796,1611,2542.37
32000,0.8464,3.8654,10.2927,1563,2542.37
32005,-3.2034,1.731,10.3082,1549,2542.37
32010,-1.166,-0.6237,12.0548,1553,2542.37
32015,-1.8196,0.8284,11.2432,1558,2542.37
32020,0.1544,2.6624,10.0365,1575,2542.37
32025,0.5435,3.5841,10.4758,1559,2542.37
32030,-2.3355,0.6692,10.5177,1555,2542.37
32035,-1.3324,-0.6321,12.0033,1553,2542.37
32040,-1.1372,1.6831,10.641,1613,2542.27
32045,0.4968,3.2753,10.0999,1545,2542.27
32050,-0.7434,3.0023,10.5429,1545,2542.27
32055,-1.1648,-0.261,11.1211,1545,2542.27
32060,-1.6783,-0.4369,11.8693,1549,2542.27
32065,-0.4788,2.047,10.1562,1605,2542.37
32070,0.7913,3.7888,10.3058,1554,2542.37
32075,-2.7581,2.2122,10.3453,1557,2542.37
32080,-1.0008,-0.4932,11.8657,1547,2542.37
32085,-1.9082,0.2957,11.4491,1555,2542.37
32090,-0.0407,2.4277,9.9635,1577,2541.94
32095,0.7518,3.8319,10.3872,1547,2541.94
32100,-3.1029,1.3168,10.3441,1547,2541.94
32105,-1.2306,-0.6177,12.0464,1548,2541.94
32110,-1.5383,1.2725,10.9786,1565,2541.94
32115,0.2993,2.8982,9.9994,1577,2541.83
32120,0.1796,3.31,10.5177,1547,2541.83
32125,-1.6723,0.1616,10.6949,1548,2541.83
32130,-1.5191,-0.6057,12.0309,1545,2541.83
32135,-0.8344,1.9249,10.4591,1605,2541.73
32140,0.6955,3.5662,10.1167,1549,2541.73
32145,-1.6197,2.6504,10.4267,1549,2541.73
32150,-0.9505,-0.5004,11.4982,1544,2541.73
32155,-1.8519,-0.1832,11.6993,1547,2541.73
32160,-0.2837,2.223,10.0389,1600,2541.73
32165,0.8823,3.9241,10.3549,1547,2541.73
32170,-3.1496,1.8818,10.3166,1559,2541.73
32175,-1.0774,-0.577,12.0368,1550,2541.73
32180,-1.8411,0.662,11.2372,1553,2541.73
32185,0.0227,2.575,10.0413,1587,2541.73
32190,0.589,3.6356,10.3872,1553,2541.73
32195,-2.5091,0.8655,10.5141,1543,2541.73
32200,-1.3084,-0.5674,12.0656,1559,2541.73
32205,-1.2198,1.6005,10.7308,1553,2541.73
32210,0.4118,3.1196,10.0437,1567,2541.51
32215,-0.5626,3.0682,10.5584,1557,2541.51
32220,-1.2582,-0.1999,11.0373,1541,2541.51
32225,-1.6388,-0.4393,11.9112,1547,2541.51
32230,-0.5435,2.0387,10.1694,1607,2541.51
32235,0.7913,3.7218,10.2556,1544,2541.51
32240,-2.5355,2.3128,10.3513,1561,2541.51
32245,-1.0211,-0.5363,11.8788,1557,2541.51
32250,-1.889,0.1652,11.5748,1549,2541.51
32255,-0.0622,2.4038,10.0616,1581,2541.83
32260,0.8272,3.8583,10.3238,1563,2541.83
32265,-3.1005,1.4234,10.2867,1555,2541.83
32270,-1.1923,-0.6464,12.0608,1554,2541.83
32275,-1.6281,1.1145,11.048,1560,2541.83
32280,0.243,2.8623,10.009,1573,2542.37
32285,0.3172,3.4644,10.4902,1547,2542.37
32290,-1.8794,0.3316,10.5812,1556,2542.37
32295,-1.4497,-0.6357,11.9662,1547,2542.37
32300,-0.9637,1.8531,10.4447,1599,2542.48
32305,0.5878,3.4692,10.1825,1559,2542.48
32310,-1.385,2.7869,10.5093,1547,2542.48
32315,-1.0163,-0.3735,11.4108,1547,2542.48
32320,-1.8208,-0.2825,11.8022,1563,2542.48
32325,-0.3005,2.1476,10.0748,1605,2542.48
32330,0.8416,3.875,10.3358,1560,2542.48
32335,-3.1041,1.9644,10.3298,1563,2542.48
32340,-1.0774,-0.5339,12.0177,1547,2542.48
32345,-1.8567,0.559,11.3066,1549,2542.48
32350,0.0407,2.5786,10.0377,1587,2542.48
32355,0.6189,3.6775,10.4423,1549,2542.48
32360,-2.7294,0.984,10.4184,1547,2542.48
32365,-1.3084,-0.5997,12.038,1559,2542.48
32370,-1.3431,1.5586,10.8218,1544,2542.48
32375,0.4106,3.1149,9.9862,1567,2542.59
32380,-0.2442,3.1005,10.5453,1559,2542.59
32385,-1.3479,-0.097,11.0181,1543,2542.59
32390,-1.6281,-0.4681,11.9171,1555,2542.59
32395,-0.6033,2.0446,10.2304,1609,2542.48
32400,0.7997,3.7457,10.2388,1544,2542.48
32405,-2.2829,2.4337,10.4028,1557,2542.48
32410,-0.996,-0.5399,11.7879,1555,2542.48
32415,-1.901,0.0048,11.6095,1559,2542.48
32420,-0.2071,2.2924,10.0329,1583,2542.05
32425,0.8009,3.8954,10.4196,1553,2542.05
32430,-3.14,1.585,10.3477,1547,2542.05
32435,-1.1576,-0.6069,12.0883,1555,2542.05
32440,-1.6771,0.972,11.133,1559,2542.05
32445,0.1604,2.7294,10.0604,1567,2541.94
32450,0.3998,3.486,10.483,1555,2541.94
32455,-2.0207,0.5375,10.6183,1549,2541.94
32460,-1.397,-0.5555,12.0069,1545,2541.94
32465,-1.0056,1.816,10.5249,1589,2542.48
32470,0.5578,3.3339,10.0377,1553,2542.48
32475,-1.2091,2.8048,10.5381,1543,2542.48
32480,-1.142,-0.3807,11.327,1547,2542.48
32485,-1.749,-0.2574,11.8142,1553,2542.48
32490,-0.3208,2.1739,10.1323,1597,2542.8
32495,0.8416,3.8618,10.3118,1555,2542.8
32500,-3.0083,2.0363,10.3118,1559,2542.8
32505,-1.0846,-0.5997,11.971,1544,2542.8
32510,-1.8962,0.4549,11.3988,1555,2542.8
32515,0.0299,2.5462,10.0377,1579,2542.8
32520,0.7075,3.7158,10.392,1547,2542.8
32525,-2.8072,1.0606,10.3298,1547,2542.8
32530,-1.2605,-0.6752,12.0261,1555,2542.8
32535,-1.3898,1.4066,10.8864,1547,2542.8
32540,0.3603,3.043,10.0185,1565,2542.48
32545,-0.1365,3.2178,10.4758,1549,2542.48
32550,-1.4174,0.0287,10.8218,1544,2542.48
32555,-1.5586,-0.5854,11.9207,1551,2542.48
32560,-0.6524,1.998,10.2807,1612,2542.16
32565,0.735,3.6763,10.2544,1543,2542.16
32570,-2.1356,2.575,10.483,1556,2542.16
32575,-0.9768,-0.4393,11.7017,1544,2542.16
32580,-1.8902,-0.0958,11.6789,1557,2542.16
32585,-0.2251,2.2685,10.0102,1575,2541.83
32590,0.7745,3.8942,10.4004,1553,2541.83
32595,-3.2585,1.664,10.3286,1545,2541.83
32600,-1.1301,-0.5447,12.1087,1550,2541.83
32605,-1.7226,0.9074,11.1809,1551,2541.83
32610,0.0994,2.7138,10.0449,1579,2541.94
32615,0.4501,3.4907,10.4854,1551,2541.94
32620,-2.2039,0.5746,10.5165,1545,2541.94
32625,-1.4353,-0.6165,12.0117,1551,2541.94
32630,-1.0654,1.7166,10.6434,1575,2541.83
32635,0.5327,3.3028,10.0509,1542,2541.83
32640,-0.8643,2.8611,10.5177,1544,2541.83
32645,-1.0894,-0.2945,11.2264,1544,2541.83
32650,-1.749,-0.3819,11.9088,1544,2541.83
32655,-0.431,2.1727,10.0999,1599,2542.27
32660,0.8823,3.8583,10.3046,1546,2542.27
32665,-2.9102,2.1272,10.331,1545,2542.27
32670,-1.069,-0.5818,11.9363,1546,2542.27
32675,-1.9118,0.322,11.406,1551,2542.27
32680,-0.0874,2.4146,10.0401,1568,2542.27
32685,0.7374,3.8092,10.4399,1548,2542.27
32690,-2.9113,1.2498,10.3334,1545,2542.27
32695,-1.2186,-0.5447,11.9818,1543,2542.27
32700,-1.5012,1.2893,10.884,1561,2542.27
32705,0.2825,2.9233,10.058,1566,2542.27
32710,0.012,3.2394,10.5105,1545,2542.27
32715,-1.579,0.1676,10.7548,1547,2542.27
32720,-1.5227,-0.5112,11.9423,1547,2542.27
32725,-0.7482,1.9429,10.3825,1599,2542.37
32730,0.6991,3.5733,10.1227,1547,2542.37
32735,-1.8747,2.6001,10.5129,1549,2542.37
32740,-1.0558,-0.4776,11.6418,1545,2542.37
32745,-1.8375,-0.0802,11.7855,1549,2542.37
32750,-0.2179,2.2793,10.082,1593,2542.27
32755,0.8523,3.9133,10.3549,1555,2542.27
32760,-3.1891,1.7478,10.2915,1557,2542.27
32765,-1.0977,-0.6033,12.0716,1549,2542.27
32770,-1.8328,0.8056,11.1438,1543,2542.27
32775,0.0922,2.6983,10.0664,1579,2542.8
32780,0.5255,3.565,10.4088,1547,2542.8
32785,-2.381,0.6871,10.5117,1543,2542.8
32790,-1.3898,-0.6321,11.9662,1557,2542.8
32795,-1.1935,1.6568,10.6734,1547,2542.8
32800,0.5243,3.2214,10.0437,1567,2543.13
32805,-0.6955,2.9856,10.5608,1551,2543.13
32810,-1.1444,-0.2215,11.0959,1543,2543.13
32815,-1.6915,-0.4609,11.9088,1549,2543.13
32820,-0.4693,2.059,10.1813,1595,2543.34
32825,0.8392,3.7804,10.3046,1545,2543.34
32830,-2.6683,2.2565,10.3717,1560,2543.34
32835,-0.9864,-0.5124,11.8621,1557,2543.34
32840,-1.8723,0.2418,11.4347,1545,2543.34
32845,-0.0898,2.3978,9.9742,1583,2543.13
32850,0.759,3.8307,10.4256,1559,2543.13
32855,-3.0394,1.3276,10.3154,1545,2543.13
32860,-1.1983,-0.595,12.0572,1547,2543.13
32865,-1.5371,1.2127,10.9607,1560,2543.13
32870,0.2801,2.8886,10.0269,1574,2543.34
32875,0.1448,3.2872,10.4746,1549,2543.34
32880,-1.6712,0.2035,10.7392,1555,2543.34
32885,-1.5215,-0.5602,11.9566,1547,2543.34
32890,-0.8487,1.9321,10.4208,1575,2543.45
32895,0.7027,3.5745,10.1622,1557,2543.45
32900,-1.6879,2.624,10.4998,1547,2543.45
32905,-0.9756,-0.5171,11.4994,1553,2543.45
32910,-1.8387,-0.182,11.7352,1561,2543.45
32915,-0.2741,2.1931,9.985,1597,2543.56
32920,0.8882,3.9337,10.3034,1557,2543.56
32925,-3.1999,1.8639,10.2592,1561,2543.56
32930,-1.1217,-0.6153,12.0907,1545,2543.56
32935,-1.8028,0.65,11.2324,1544,2543.56
32940,0.0599,2.5881,9.9754,1579,2543.77
32945,0.5794,3.632,10.3753,1549,2543.77
32950,-2.4146,0.8045,10.4986,1545,2543.77
32955,-1.3707,-0.6153,11.995,1560,2543.77
32960,-1.2318,1.5969,10.6889,1546,2543.77
32965,0.4585,3.1544,10.0616,1564,2543.77
32970,-0.6261,3.0442,10.5812,1557,2543.77
32975,-1.1504,-0.2083,11.1103,1530,2543.77
32980,-1.6352,-0.4106,11.8513,1554,2543.77
32985,-0.5243,2.1045,10.1873,1609,2543.77
32990,0.8045,3.7302,10.2292,1541,2543.77
32995,-2.6109,2.2841,10.41,1557,2543.77
33000,-1.0379,-0.5531,11.88,1554,2543.77
33005,-1.895,0.2227,11.5664,1545,2543.77
33010,-0.0575,2.3858,10.0066,1591,2543.77
33015,0.7949,3.8702,10.3825,1557,2543.77
33020,-3.0981,1.3731,10.2436,1544,2543.77
33025,-1.2258,-0.6297,12.0644,1555,2543.77
33030,-1.5646,1.1851,10.981,1560,2543.77
33035,0.3029,2.8958,10.0772,1568,2543.99
33040,0.1772,3.3603,10.4806,1549,2543.99
33045,-1.7274,0.2741,10.7679,1553,2543.99
33050,-1.5071,-0.6428,11.8944,1545,2543.99
33055,-0.8679,1.8842,10.392,1613,2544.42
33060,0.6548,3.4728,10.1706,1555,2544.42
33065,-1.5682,2.7126,10.5465,1547,2544.42
33070,-1.0283,-0.4214,11.4982,1553,2544.42
33075,-1.8208,-0.1808,11.7699,1560,2544.42
33080,-0.2717,2.217,10.0353,1605,2544.75
33085,0.8284,3.8726,10.3286,1557,2544.75
33090,-3.1244,1.8842,10.2651,1561,2544.75
33095,-1.1157,-0.577,12.05,1543,2544.75
33100,-1.8148,0.6596,11.2599,1548,2544.75
33105,0.0982,2.5881,9.9683,1577,2544.85
33110,0.5279,3.6655,10.398,1547,2544.85
33115,-2.5067,0.808,10.5058,1545,2544.85
33120,-1.3599,-0.6093,12.0584,1561,2544.85
33125,-1.2402,1.6257,10.7129,1543,2544.85
33130,0.4812,3.2154,10.082,1565,2544.85
33135,-0.5543,3.0299,10.5141,1557,2544.85
33140,-1.2653,-0.1844,11.0684,1533,2544.85
33145,-1.6987,-0.5112,11.8752,1557,2544.85
33150,-0.5483,2.1153,10.1921,1591,2544.53
33155,0.8176,3.7781,10.2328,1543,2544.53
33160,-2.5762,2.2757,10.3621,1557,2544.53
33165,-1.0211,-0.5926,11.7902,1555,2544.53
33170,-1.9585,0.2071,11.5173,1545,2544.53
33175,-0.0898,2.3918,10.0341,1609,2544.42
33180,0.8045,3.9109,10.3968,1559,2544.42
33185,-3.1184,1.415,10.258,1547,2544.42
33190,-1.1875,-0.5734,12.044,1555,2544.42
33195,-1.5993,1.1037,10.9559,1561,2544.42
33200,0.2478,2.8383,10.0449,1563,2544.64
33205,0.2023,3.3435,10.4842,1549,2544.64
33210,-1.7681,0.3053,10.8122,1551,2544.64
33215,-1.4832,-0.5698,11.9818,1543,2544.64
33220,-0.8499,1.968,10.4315,1605,2544.75
33225,0.6045,3.4405,10.0832,1555,2544.75
33230,-1.5419,2.7066,10.5309,1546,2544.75
33235,-1.0654,-0.4729,11.4586,1551,2544.75
33240,-1.8387,-0.1425,11.7448,1558,2544.75
33245,-0.237,2.2194,10.0568,1597,2545.18
33250,0.9002,3.8834,10.3406,1557,2545.18
33255,-3.1627,1.9022,10.2388,1561,2545.18
33260,-1.1049,-0.571,12.0057,1543,2545.18
33265,-1.8471,0.6656,11.2228,1553,2545.18
33270,0.079,2.624,10.0664,1571,2545.39
33275,0.5734,3.65,10.416,1545,2545.39
33280,-2.4696,0.8009,10.4184,1541,2545.39
33285,-1.3599,-0.6153,12.0297,1557,2545.39
33290,-1.2067,1.5634,10.72,1544,2545.39
33295,0.4717,3.2298,10.0772,1563,2545.61
33300,-0.559,3.0502,10.4926,1556,2545.61
33305,-1.2007,-0.1269,11.1378,1541,2545.61
33310,-1.7047,-0.5004,11.8752,1555,2545.61
33315,-0.4992,2.0901,10.2388,1611,2546.26
33320,0.8188,3.7254,10.2244,1531,2546.26
33325,-2.5774,2.3631,10.4267,1557,2546.26
33330,-1.0271,-0.5399,11.795,1553,2546.26
33335,-1.8399,0.1784,11.5652,1545,2546.26
33340,-0.1053,2.3679,9.9635,1610,2545.72
33345,0.7721,3.8355,10.4232,1557,2545.72
33350,-3.0526,1.3108,10.2604,1545,2545.72
33355,-1.2246,-0.5387,12.0548,1555,2545.72
33360,-1.5706,1.172,10.9319,1562,2545.72
33365,0.2729,2.9221,10.1035,1567,2546.26
33370,0.1496,3.3112,10.4375,1549,2546.26
33375,-1.7119,0.2263,10.7883,1553,2546.26
33380,-1.5407,-0.6153,11.9483,1531,2546.26
33385,-0.8188,1.9166,10.5082,1576,2545.82
33390,0.7111,3.5326,10.1287,1549,2545.82
33395,-1.6424,2.6312,10.4998,1545,2545.82
33400,-1.0499,-0.4812,11.5173,1553,2545.82
33405,-1.8651,-0.1927,11.7436,1557,2545.82
33410,-0.2741,2.2051,10.0568,1599,2545.39
33415,0.8799,3.9289,10.3346,1559,2545.39
33420,-3.1975,1.895,10.3166,1561,2545.39
33425,-1.1277,-0.5734,12.1159,1545,2545.39
33430,-1.8148,0.7171,11.2994,1555,2545.39
33435,0.0383,2.6193,10.0341,1575,2544.96
33440,0.5495,3.6081,10.5177,1547,2544.96
33445,-2.405,0.7649,10.4148,1541,2544.96
33450,-1.3719,-0.5471,12.0057,1553,2544.96
33455,-1.2258,1.5933,10.6542,1543,2544.96
33460,0.4992,3.2286,10.1083,1566,2544.64
33465,-0.6632,2.9892,10.501,1555,2544.64
33470,-1.1863,-0.2334,11.2444,1531,2544.64
33475,-1.6879,-0.4609,11.8812,1549,2544.64
33480,-0.4621,2.1536,10.2005,1583,2544.75
33485,0.7829,3.7158,10.1526,1523,2544.75
33490,-2.6408,2.314,10.3789,1546,2544.75
33495,-1.0534,-0.595,11.8226,1545,2544.75
33500,-1.9273,0.2634,11.5867,1541,2544.75
33505,-0.0766,2.3846,9.9695,1566,2544.85
33510,0.7889,3.863,10.4459,1548,2544.85
33515,-3.0155,1.3036,10.1873,1541,2544.85
33520,-1.2186,-0.6057,12.0249,1548,2544.85
33525,-1.5634,1.136,10.9367,1555,2544.85
33530,0.2717,2.9544,10.088,1559,2545.61
33535,0.103,3.3651,10.4363,1547,2545.61
33540,-1.7274,0.2454,10.7296,1546,2545.61
33545,-1.5502,-0.6189,11.983,1541,2545.61
33550,-0.82,1.8926,10.4136,1599,2545.28
33555,0.7015,3.4967,10.137,1547,2545.28
33560,-1.6807,2.6372,10.4507,1525,2545.28
33565,-1.0271,-0.4286,11.5891,1546,2545.28
33570,-1.8268,-0.1652,11.7675,1555,2545.28
33575,-0.2059,2.2565,10.0377,1591,2545.18
33580,0.838,3.8535,10.325,1547,2545.18
33585,-3.1699,1.8495,10.3011,1555,2545.18
33590,-1.1169,-0.6045,12.0728,1533,2545.18
33595,-1.8148,0.7554,11.2468,1548,2545.18
33600,0.0706,2.6324,9.9695,1571,2545.18
33605,0.5435,3.6176,10.4806,1543,2545.18
33610,-2.4134,0.6835,10.4579,1533,2545.18
33615,-1.3228,-0.6404,12.0991,1554,2545.18
33620,-1.1887,1.664,10.6841,1547,2545.18
33625,0.5483,3.2669,10.0892,1560,2545.07
33630,-0.6512,2.9676,10.4315,1555,2545.07
33635,-1.1696,-0.1676,11.1127,1531,2545.07
33640,-1.7238,-0.4812,11.8393,1550,2545.07
33645,-0.4345,2.1356,10.2747,1595,2545.28
33650,0.8535,3.7481,10.1909,1533,2545.28
33655,-2.7007,2.2781,10.4543,1555,2545.28
33660,-1.0546,-0.5758,11.8166,1547,2545.28
33665,-1.9297,0.2765,11.4598,1543,2545.28
33670,-0.0898,2.3523,9.9958,1572,2545.28
33675,0.808,3.8642,10.4734,1549,2545.28
33680,-3.0586,1.3012,10.3034,1542,2545.28
33685,-1.2055,-0.5854,12.0967,1549,2545.28
33690,-1.5347,1.2091,10.9355,1556,2545.28
33695,0.2298,2.9113,10.0137,1561,2545.28
33700,0.0431,3.2573,10.4926,1547,2545.28
33705,-1.6652,0.176,10.7548,1548,2545.28
33710,-1.5071,-0.5543,11.9327,1541,2545.28
33715,-0.7542,1.9465,10.3896,1605,2545.18
33720,0.6728,3.5506,10.1849,1547,2545.18
33725,-1.743,2.6133,10.4303,1533,2545.18
33730,-0.9984,-0.4992,11.5389,1548,2545.18
33735,-1.8986,-0.1616,11.6945,1555,2545.18
33740,-0.182,2.2721,10.1047,1594,2544.96
33745,0.8535,3.8403,10.2747,1551,2544.96
33750,-3.146,1.8783,10.3154,1560,2544.96
33755,-1.1313,-0.6357,12.0476,1533,2544.96
33760,-1.7968,0.729,11.2707,1547,2544.96
33765,0.0754,2.6061,9.973,1575,2544.96
33770,0.5435,3.6679,10.4866,1513,2544.96
33775,-2.3691,0.6967,10.4076,1541,2544.96
33780,-1.3168,-0.5997,12.0704,1554,2544.96
33785,-1.1648,1.6113,10.6374,1543,2544.96
33790,0.48,3.298,10.222,1559,2544.75
33795,-0.7769,2.9939,10.4746,1548,2544.75
33800,-1.1552,-0.2035,11.2516,1529,2544.75
33805,-1.6963,-0.4597,11.8154,1546,2544.75
33810,-0.4693,2.1512,10.2137,1591,2545.18
33815,0.7805,3.7182,10.2125,1533,2545.18
33820,-2.6875,2.2362,10.3837,1557,2545.18
33825,-1.0523,-0.5243,11.8489,1545,2545.18
33830,-1.9273,0.31,11.5077,1545,2545.18
33835,-0.0646,2.3762,9.9826,1595,2545.61
33840,0.7638,3.7936,10.3382,1555,2545.61
33845,-3.0143,1.2869,10.3382,1545,2545.61
33850,-1.2917,-0.5854,12.0871,1553,2545.61
33855,-1.5131,1.251,10.9918,1555,2545.61
33860,0.3041,2.9592,10.0149,1562,2545.39
33865,0.1006,3.3088,10.5082,1547,2545.39
33870,-1.6305,0.1927,10.7703,1546,2545.39
33875,-1.5036,-0.644,12.0021,1543,2545.39
33880,-0.8009,1.8974,10.3585,1599,2544.64
33885,0.7494,3.5674,10.1981,1545,2544.64
33890,-1.743,2.5798,10.4531,1541,2544.64
33895,-0.9708,-0.4561,11.5544,1543,2544.64
33900,-1.9166,-0.1736,11.6993,1549,2544.64
33905,-0.2598,2.2649,10.1107,1587,2545.5
33910,0.8404,3.869,10.2891,1547,2545.5
33915,-3.1963,1.8783,10.3501,1553,2545.5
33920,-1.1181,-0.589,12.0021,1529,2545.5
33925,-1.81,0.7757,11.2587,1546,2545.5
33930,0.0934,2.563,9.9311,1566,2545.28
33935,0.5447,3.6356,10.5273,1533,2545.28
33940,-2.4098,0.7039,10.4746,1528,2545.28
33945,-1.3515,-0.5195,12.0871,1549,2545.28
33950,-1.1516,1.6592,10.5644,1531,2545.28
33955,0.4908,3.2585,10.0784,1556,2545.28
33960,-0.7973,2.9173,10.4818,1551,2545.28
33965,-1.1492,-0.2418,11.218,1528,2545.28
33970,-1.7286,-0.3926,11.8716,1546,2545.28
33975,-0.4202,2.1691,10.1969,1565,2544.85
33980,0.8428,3.8056,10.2436,1531,2544.85
33985,-2.6995,2.2266,10.3813,1553,2544.85
33990,-1.0487,-0.5974,11.813,1543,2544.85
33995,-1.9656,0.2789,11.4634,1533,2544.85
34000,-0.0299,2.4672,10.0102,1594,2545.28
34005,0.7554,3.8188,10.4076,1543,2545.28
34010,-2.9736,1.2677,10.2687,1533,2545.28
34015,-1.2127,-0.6009,12.0404,1549,2545.28
34020,-1.5323,1.2522,10.9702,1555,2545.28
34025,0.2753,2.9245,10.0042,1567,2544.64
34030,0.0072,3.3208,10.5285,1548,2544.64
34035,-1.6556,0.1867,10.8134,1544,2544.64
34040,-1.5167,-0.5722,11.9566,1531,2544.64
34045,-0.7278,1.8974,10.3166,1563,2544.64
34050,0.6967,3.5733,10.2101,1544,2544.64
34055,-1.8004,2.6109,10.4291,1533,2544.64
34060,-1.0247,-0.4178,11.6035,1545,2544.64
34065,-1.8411,-0.1448,11.6454,1550,2544.64
34070,-0.1856,2.2733,10.0916,1581,2544.96
34075,0.7961,3.796,10.3046,1548,2544.96
34080,-3.2441,1.7621,10.3693,1557,2544.96
34085,-1.1181,-0.6237,11.9806,1533,2544.96
34090,-1.816,0.838,11.2671,1553,2544.96
34095,0.1472,2.63,9.9515,1576,2544.96
34100,0.5794,3.6164,10.4878,1542,2544.96
34105,-2.3798,0.6404,10.4172,1545,2544.96
34110,-1.3551,-0.5794,12.0668,1553,2544.96
34115,-1.1528,1.6735,10.6147,1541,2544.96
34120,0.5183,3.286,10.1263,1563,2544.75
34125,-0.7398,2.9221,10.4746,1553,2544.75
34130,-1.1313,-0.2406,11.2204,1531,2544.75
34135,-1.7119,-0.4729,11.7711,1549,2544.75
34140,-0.486,2.1009,10.1634,1567,2545.07
34145,0.8188,3.8068,10.246,1541,2545.07
34150,-2.7713,2.2494,10.4399,1553,2545.07
34155,-1.0259,-0.5471,11.8154,1543,2545.07
34160,-1.9082,0.2622,11.4706,1545,2545.07
34165,-0.0958,2.3559,10.0269,1577,2544.53
34170,0.7278,3.7589,10.4208,1549,2544.53
34175,-2.9963,1.33,10.3501,1541,2544.53
34180,-1.2558,-0.5183,12.0512,1550,2544.53
34185,-1.5251,1.2845,10.975,1553,2544.53
34190,0.2598,2.909,10.0078,1559,2544.21
34195,0.0431,3.2513,10.5249,1554,2544.21
34200,-1.5921,0.1089,10.7799,1549,2544.21
34205,-1.5203,-0.5088,11.9614,1543,2544.21
34210,-0.7362,1.9489,10.3657,1607,2544.31
34215,0.7446,3.5901,10.1742,1547,2544.31
34220,-1.7765,2.5678,10.3848,1543,2544.31
34225,-1.0283,-0.4609,11.6286,1543,2544.31
34230,-1.8866,-0.1173,11.7448,1548,2544.31
34235,-0.2526,2.3044,10.1574,1596,2544.1
34240,0.8667,3.8798,10.2556,1547,2544.1
34245,-3.1627,1.8124,10.337,1554,2544.1
34250,-1.1384,-0.6716,12.0045,1543,2544.1
34255,-1.8016,0.7602,11.2587,1553,2544.1
34260,0.0958,2.6839,10.0257,1576,2544.1
34265,0.5303,3.626,10.4722,1545,2544.1
34270,-2.3116,0.6812,10.4531,1541,2544.1
34275,-1.3515,-0.5902,11.9854,1553,2544.1
34280,-1.1791,1.6029,10.635,1544,2544.1
34285,0.4693,3.2657,10.0772,1560,2543.77
34290,-0.7649,3.0323,10.5141,1549,2543.77
34295,-1.1899,-0.1963,11.1809,1526,2543.77
34300,-1.6257,-0.4274,11.8681,1547,2543.77
34305,-0.4741,2.0806,10.1861,1598,2543.45
34310,0.8009,3.7697,10.1574,1529,2543.45
34315,-2.6875,2.2386,10.3274,1549,2543.45
34320,-1.0666,-0.5327,11.8345,1544,2543.45
34325,-1.8806,0.3077,11.5089,1541,2543.45
34330,-0.0634,2.4169,10.07,1587,2543.34
34335,0.7566,3.7565,10.3609,1548,2543.34
34340,-3.0718,1.2941,10.3549,1532,2543.34
34345,-1.2689,-0.5974,12.0835,1549,2543.34
34350,-1.5778,1.2905,11.0373,1551,2543.34
34355,0.3041,2.9042,9.9742,1571,2543.02
34360,0.1592,3.3243,10.5477,1553,2543.02
34365,-1.6269,0.1257,10.6757,1544,2543.02
34370,-1.488,-0.5626,11.9985,1527,2543.02
34375,-0.838,1.9225,10.392,1607,2542.8
34380,0.6847,3.6176,10.1754,1541,2542.8
34385,-1.6819,2.6109,10.4339,1541,2542.8
34390,-0.9505,-0.4393,11.5628,1545,2542.8
34395,-1.8304,-0.2095,11.6969,1545,2542.8
34400,-0.2897,2.2242,10.1179,1583,2542.7
34405,0.8092,3.8666,10.3034,1541,2542.7
34410,-3.1675,1.9034,10.3884,1549,2542.7
34415,-1.0822,-0.5387,11.9578,1543,2542.7
34420,-1.8627,0.6728,11.2923,1550,2542.7
34425,0.0599,2.575,9.9479,1567,2542.59
34430,0.5351,3.5901,10.5022,1548,2542.59
34435,-2.4876,0.7865,10.4004,1543,2542.59
34440,-1.3372,-0.5303,11.959,1533,2542.59
34445,-1.2127,1.5766,10.665,1559,2542.59
34450,0.4417,3.146,10.0975,1565,2542.48
34455,-0.5997,2.97,10.5584,1547,2542.48
34460,-1.1995,-0.1628,11.0648,1543,2542.48
34465,-1.6855,-0.3627,11.8597,1553,2542.48
34470,-0.4681,2.1153,10.2364,1583,2542.27
34475,0.8475,3.784,10.24,1543,2542.27
34480,-2.575,2.2649,10.3789,1549,2542.27
34485,-0.9828,-0.5746,11.8597,1531,2542.27
34490,-1.9297,0.1712,11.564,1545,2542.27
34495,-0.0994,2.4205,10.0281,1597,2542.37
34500,0.7853,3.8822,10.3226,1542,2542.37
34505,-3.1077,1.4329,10.2627,1561,2542.37
34510,-1.2306,-0.644,12.0165,1547,2542.37
34515,-1.6065,1.1456,11.0289,1545,2542.37
34520,0.1939,2.8084,10.0257,1577,2542.8
34525,0.2191,3.4249,10.501,1546,2542.8
34530,-1.7897,0.3053,10.6255,1540,2542.8
34535,-1.4353,-0.5806,11.9135,1555,2542.8
34540,-0.8727,1.8244,10.4543,1545,2542.8
34545,0.6297,3.4692,10.1957,1560,2543.24
34550,-1.4736,2.7629,10.4722,1545,2543.24
34555,-1.0163,-0.3448,11.4395,1541,2543.24
34560,-1.8148,-0.2322,11.8058,1553,2543.24
34565,-0.2801,2.2158,10.0293,1584,2543.56
34570,0.7841,3.7912,10.2687,1544,2543.56
34575,-3.1137,1.9345,10.3549,1559,2543.56
34580,-1.0762,-0.5279,12.0225,1553,2543.56
34585,-1.8483,0.6273,11.3425,1544,2543.56
34590,0.0539,2.5857,9.9862,1567,2543.34
34595,0.6285,3.6571,10.3848,1555,2543.34
34600,-2.6073,0.8871,10.4471,1545,2543.34
34605,-1.3144,-0.65,12.0752,1545,2543.34
34610,-1.312,1.6005,10.7512,1560,2543.34
34615,0.4417,3.1376,10.0592,1565,2542.91
34620,-0.3819,3.1077,10.6135,1547,2542.91
34625,-1.2893,-0.1317,10.9044,1548,2542.91
34630,-1.6556,-0.5459,11.8657,1545,2542.91
34635,-0.6117,2.0554,10.1885,1577,2542.8
34640,0.8595,3.7804,10.3082,1555,2542.8
34645,-2.3906,2.3631,10.3453,1544,2542.8
34650,-0.9697,-0.4968,11.8094,1549,2542.8
34655,-1.9142,0.0443,11.564,1557,2542.8
34660,-0.1592,2.3703,10.0664,1614,2543.02
34665,0.7961,3.8822,10.3681,1555,2543.02
34670,-3.1448,1.5886,10.3693,1563,2543.02
34675,-1.1684,-0.577,12.0285,1541,2543.02
34680,-1.6328,1.0666,11.0612,1542,2543.02
34685,0.158,2.7402,9.9695,1574,2542.91
34690,0.2598,3.4297,10.5189,1544,2542.91
34695,-1.9082,0.395,10.5752,1545,2542.91
34700,-1.4461,-0.5315,11.9698,1560,2542.91
34705,-0.9313,1.8268,10.404,1543,2542.91
34710,0.6009,3.4321,10.1179,1568,2542.7
34715,-1.3431,2.7066,10.4615,1556,2542.7
34720,-1.0726,-0.3986,11.3892,1529,2542.7
34725,-1.7837,-0.2418,11.7807,1549,2542.7
34730,-0.3029,2.1931,10.0916,1609,2542.7
34735,0.8775,3.881,10.307,1533,2542.7
34740,-3.0394,1.9836,10.2651,1555,2542.7
34745,-1.0822,-0.6225,12.0081,1554,2542.7
34750,-1.9106,0.4896,11.3605,1531,2542.7
34755,0.0096,2.5379,10.0784,1590,2542.59
34760,0.662,3.7086,10.4076,1557,2542.59
34765,-2.6971,0.99,10.3789,1544,2542.59
34770,-1.2857,-0.6464,12.0165,1553,2542.59
34775,-1.3755,1.4066,10.8038,1559,2542.59
34780,0.3448,3.061,10.0497,1565,2542.59
34785,-0.2418,3.1699,10.5405,1541,2542.59
34790,-1.4078,-0.0215,10.9427,1549,2542.59
34795,-1.5646,-0.516,11.9447,1545,2542.59
34800,-0.6201,1.992,10.2867,1576,2543.02
34805,0.68,3.6583,10.2639,1549,2543.02
34810,-2.2745,2.4361,10.3729,1533,2543.02
34815,-1.0008,-0.4812,11.7412,1549,2543.02
34820,-1.8866,0.0335,11.5496,1557,2543.02
34825,-0.1413,2.3403,10.0221,1596,2543.24
34830,0.7961,3.8343,10.3238,1554,2543.24
34835,-3.2058,1.5981,10.3046,1562,2543.24
34840,-1.172,-0.5471,12.0871,1541,2543.24
34845,-1.6616,1.0187,11.0983,1555,2543.24
34850,0.2131,2.8012,9.9802,1563,2543.34
34855,0.425,3.4884,10.4291,1543,2543.34
34860,-2.0554,0.4357,10.6183,1544,2543.34
34865,-1.4341,-0.5806,12.0009,1557,2543.34
34870,-1.0427,1.8507,10.5512,1545,2543.34
34875,0.589,3.4069,10.0832,1561,2543.34
34880,-1.0965,2.8467,10.5082,1555,2543.34
34885,-1.0403,-0.3974,11.2719,1531,2543.34
34890,-1.7765,-0.3472,11.7807,1547,2543.34
34895,-0.3891,2.1141,10.094,1573,2542.8
34900,0.8655,3.8954,10.3346,1534,2542.8
34905,-2.982,2.0985,10.3693,1555,2542.8
34910,-1.0175,-0.5351,11.983,1547,2542.8
34915,-1.9166,0.3867,11.3473,1544,2542.8
34920,-0.0826,2.5043,10.0329,1593,2542.59
34925,0.6572,3.7206,10.3645,1547,2542.59
34930,-2.8144,1.142,10.4208,1544,2542.59
34935,-1.2342,-0.5662,12.0512,1551,2542.59
34940,-1.4676,1.4497,10.8852,1557,2542.59
34945,0.3029,2.9712,9.9575,1567,2542.91
34950,-0.1544,3.1831,10.5345,1555,2542.91
34955,-1.4413,-0.0036,10.8721,1547,2542.91
34960,-1.5586,-0.4393,11.9674,1545,2542.91
34965,-0.6536,1.9788,10.2855,1583,2542.7
34970,0.7302,3.6236,10.2328,1547,2542.7
34975,-2.1021,2.4493,10.4507,1543,2542.7
34980,-0.9673,-0.5279,11.7567,1545,2542.7
34985,-1.8735,-0.0036,11.6717,1549,2542.7
34990,-0.1688,2.3188,10.0257,1598,2542.91
34995,0.8475,3.9109,10.3011,1553,2542.91
35007,-3.1711,1.6879,10.2316,1545,2542.91
35010,-1.7897,0.8703,11.1809,1543,2542.91
35015,0.1448,2.7354,10.076,1580,2543.02
35020,0.4657,3.5159,10.4339,1545,2543.02
35025,-2.1931,0.5638,10.4986,1543,2543.02
35030,-1.3575,-0.6033,12.0153,1573,2543.02
35035,-1.057,1.7238,10.5955,1547,2543.02
35040,0.5112,3.2765,10.1059,1563,2543.02
35045,-0.9577,2.9425,10.5764,1556,2543.02
35050,-1.0786,-0.2646,11.2994,1533,2543.02
35055,-1.6747,-0.3759,11.8154,1553,2543.02
35060,-0.4022,2.0638,10.0556,1613,2543.24
35065,0.7985,3.7625,10.2855,1533,2543.24
35070,-2.8683,2.1811,10.3286,1555,2543.24
35075,-1.0415,-0.5076,11.9411,1555,2543.24
35080,-1.8471,0.3807,11.4359,1542,2543.24
35085,-0.0383,2.4888,10.0317,1608,2542.8
35090,0.6548,3.7182,10.4016,1557,2542.8
35095,-2.885,1.154,10.3358,1544,2542.8
35100,-1.245,-0.5914,12.0057,1549,2542.8
35105,-1.4533,1.3228,10.9164,1557,2542.8
35110,0.3855,3.0011,10.0736,1563,2542.8
35115,0.0048,3.2825,10.4567,1549,2542.8
35120,-1.4964,0.0958,10.8505,1548,2542.8
35125,-1.5359,-0.5794,11.9638,1544,2542.8
35130,-0.7602,1.9668,10.3573,1607,2543.02
35135,0.7254,3.6081,10.1454,1549,2543.02
35140,-1.9034,2.5977,10.4399,1541,2543.02
35145,-1.0271,-0.4872,11.5448,1547,2543.02
35150,-1.8747,-0.1233,11.6837,1555,2543.02
35155,-0.249,2.2793,10.0521,1596,2543.13
35160,0.7997,3.9349,10.4232,1553,2543.13
35165,-3.2346,1.8112,10.2699,1557,2543.13
35170,-1.1013,-0.5686,12.0764,1547,2543.13
35175,-1.8028,0.8116,11.1462,1545,2543.13
35180,0.0862,2.6396,10.003,1577,2543.45
35185,0.5064,3.5745,10.3896,1547,2543.45
35190,-2.2936,0.7242,10.5405,1543,2543.45
35195,-1.3803,-0.5447,11.9997,1559,2543.45
35200,-1.1564,1.7083,10.7057,1543,2543.45
35205,0.4657,3.1843,10.0078,1561,2543.45
35210,-0.8344,2.9137,10.562,1553,2543.45
35215,-1.1528,-0.2933,11.145,1541,2543.45
35220,-1.7083,-0.328,11.8992,1543,2543.45
35225,-0.4058,2.138,10.155,1577,2543.34
35230,0.832,3.8092,10.2448,1531,2543.34
35235,-2.8156,2.2003,10.3094,1553,2543.34
35240,-1.0642,-0.5997,11.9219,1547,2543.34
35245,-1.889,0.2741,11.4634,1543,2543.34
35250,-0.0563,2.484,10.0449,1577,2543.02
35255,0.8045,3.7888,10.3489,1553,2543.02
35260,-2.9975,1.2605,10.3058,1547,2543.02
35265,-1.2474,-0.6189,12.0668,1549,2543.02
35270,-1.5574,1.2761,10.9918,1555,2543.02
35275,0.2849,2.9281,10.1131,1565,2543.77
35280,0.0658,3.2956,10.5201,1549,2543.77
35285,-1.6101,0.1221,10.8002,1547,2543.77
35290,-1.5143,-0.5626,11.9339,1543,2543.77
35295,-0.7757,1.919,10.3932,1605,2543.34
35300,0.6764,3.4967,10.1969,1549,2543.34
35305,-1.7334,2.66,10.4854,1542,2543.34
35310,-1.0283,-0.4405,11.5867,1547,2543.34
35315,-1.8471,-0.0994,11.7148,1547,2543.34
35320,-0.2646,2.2254,9.997,1593,2543.34
35325,0.8392,3.8954,10.325,1549,2543.34
35330,-3.2238,1.7681,10.2915,1555,2543.34
35335,-1.0965,-0.565,12.0787,1542,2543.34
35340,-1.7921,0.7745,11.23,1551,2543.34
35345,0.0563,2.6755,10.0305,1571,2543.24
35350,0.5088,3.5817,10.4363,1544,2543.24
35355,-2.4038,0.7326,10.4507,1541,2543.24
35360,-1.3767,-0.6129,11.971,1553,2543.24
35365,-1.1911,1.6723,10.7141,1533,2543.24
35370,0.5339,3.3028,10.1203,1567,2543.34
35375,-0.6333,2.9832,10.5752,1546,2543.34
35380,-1.1396,-0.2849,11.1043,1532,2543.34
35385,-1.7023,-0.4453,11.886,1544,2543.34
35390,-0.4992,2.0782,10.167,1589,2543.34
35395,0.814,3.8367,10.1885,1541,2543.34
35400,-2.7198,2.2901,10.3597,1549,2543.34
35405,-1.0283,-0.5363,11.9028,1543,2543.34
35410,-1.9321,0.2119,11.5005,1543,2543.34
35415,-0.1329,2.3858,9.973,1606,2543.34
35420,0.7721,3.8008,10.4399,1549,2543.34
35425,-3.073,1.2941,10.2927,1547,2543.34
35430,-1.1576,-0.5614,12.0201,1547,2543.34
35435,-1.567,1.2031,10.914,1549,2543.34
35440,0.2646,2.8659,10.07,1575,2543.13
35445,0.1006,3.2549,10.4459,1553,2543.13
35450,-1.6795,0.2993,10.7787,1545,2543.13
35455,-1.5048,-0.5136,11.983,1549,2543.13
35460,-0.8464,1.9166,10.4244,1573,2542.91
35465,0.6464,3.4548,10.0545,1544,2542.91
35470,-1.6472,2.6264,10.5153,1543,2542.91
35475,-1.0127,-0.492,11.4922,1543,2542.91
35480,-1.8387,-0.1401,11.7855,1544,2542.91
35485,-0.261,2.2254,10.0999,1595,2542.91
35490,0.9098,3.8954,10.3705,1547,2542.91
35495,-3.1603,1.8184,10.2244,1547,2542.91
35500,-1.069,-0.6069,12.0105,1544,2542.91
35505,-1.8124,0.6584,11.2934,1547,2542.91
35510,0.0706,2.624,10.0628,1571,2542.8
35515,0.589,3.6536,10.4184,1551,2542.8
35520,-2.5043,0.8619,10.4327,1546,2542.8
35525,-1.3216,-0.6285,11.9554,1542,2542.8
35530,-1.2426,1.5598,10.726,1559,2542.8
35535,0.4465,3.1556,10.0928,1573,2542.91
35540,-0.5291,3.0885,10.5764,1545,2542.91
35545,-1.2342,-0.1963,11.0313,1544,2542.91
35550,-1.6197,-0.4597,11.8645,1547,2542.91
35555,-0.5231,2.1033,10.1801,1595,2543.02
35560,0.7219,3.7062,10.2053,1544,2543.02
35565,-2.5211,2.3415,10.3848,1545,2543.02
35570,-1.0702,-0.486,11.8597,1543,2543.02
35575,-1.9034,0.1915,11.5867,1545,2543.02
35580,-0.0946,2.3631,10.003,1607,2542.8
35585,0.7649,3.8199,10.3968,1545,2542.8
35590,-3.1568,1.3623,10.2999,1555,2542.8
35595,-1.1791,-0.6021,12.1027,1549,2542.8
35600,-1.5838,1.1313,11.0049,1549,2542.8
35605,0.2753,2.8683,10.0365,1571,2542.7
35610,0.2693,3.3998,10.4291,1547,2542.7
35615,-1.804,0.3376,10.6997,1543,2542.7
35620,-1.4928,-0.6033,11.9686,1557,2542.7
35625,-0.9062,1.8495,10.5129,1546,2542.7
35630,0.6548,3.4512,10.1143,1561,2542.59
35635,-1.4341,2.7222,10.507,1550,2542.59
35640,-1.0044,-0.3747,11.3904,1541,2542.59
35645,-1.8172,-0.2634,11.7364,1548,2542.59
35650,-0.3603,2.1691,10.0748,1599,2542.8
35655,0.8176,3.9229,10.3597,1541,2542.8
35660,-3.2034,1.974,10.3142,1560,2542.8
35665,-1.0379,-0.5327,12.0692,1555,2542.8
35670,-1.8435,0.571,11.3114,1542,2542.8
35675,-0.0227,2.5235,9.9671,1574,2542.7
35680,0.6249,3.6464,10.4327,1557,2542.7
35685,-2.6264,1.0032,10.4327,1547,2542.7
35690,-1.3072,-0.5495,12.0632,1543,2542.7
35695,-1.3228,1.5335,10.7775,1559,2542.7
35700,0.3651,3.0945,10.0401,1566,2543.02
35705,-0.3448,3.0406,10.4734,1547,2543.02
35710,-1.2582,-0.1437,11.0325,1553,2543.02
35715,-1.6293,-0.4334,11.8513,1545,2543.02
35720,-0.6045,2.083,10.3286,1567,2542.91
35725,0.7865,3.7373,10.1933,1554,2542.91
35730,-2.4205,2.4146,10.483,1547,2542.91
35735,-0.9792,-0.5938,11.7759,1553,2542.91
35740,-1.8986,0.0503,11.625,1557,2542.91
35745,-0.1185,2.326,9.9623,1592,2543.13
35750,0.8583,3.9133,10.3322,1558,2543.13
35755,-3.1675,1.5359,10.1945,1559,2543.13
35760,-1.1756,-0.5842,12.0596,1545,2543.13
35765,-1.64,0.9984,11.0947,1545,2543.13
35770,0.1185,2.8563,10.0676,1587,2542.59
35775,0.2538,3.468,10.4339,1541,2542.59
35780,-1.9836,0.4669,10.6362,1542,2542.59
35785,-1.4042,-0.5974,11.886,1559,2542.59
35790,-0.9756,1.7765,10.4926,1543,2542.59
35795,0.5423,3.3914,10.1287,1563,2542.37
35800,-1.2234,2.8108,10.5369,1555,2542.37
35805,-1.0439,-0.3663,11.3737,1533,2542.37
35810,-1.731,-0.2957,11.8525,1553,2542.37
35815,-0.3388,2.1931,10.0365,1597,2542.48
35820,0.8068,3.8415,10.319,1543,2542.48
35825,-3.0347,2.0039,10.3298,1559,2542.48
35830,-1.057,-0.5543,12.0117,1555,2542.48
35835,-1.8495,0.486,11.3832,1545,2542.48
35840,0.0036,2.5582,10.0066,1606,2542.05
35845,0.6608,3.7613,10.4471,1557,2542.05
35850,-2.7821,0.99,10.337,1546,2542.05
35855,-1.2534,-0.6057,12.044,1555,2542.05
35860,-1.3862,1.4305,10.8457,1558,2542.05
35865,0.4214,3.0311,10.0257,1565,2542.16
35870,-0.1772,3.1556,10.4866,1549,2542.16
35875,-1.3731,-0.0215,10.9583,1553,2542.16
35880,-1.567,-0.5722,11.9471,1545,2542.16
35885,-0.6584,2.0518,10.307,1599,2542.48
35890,0.7374,3.6691,10.1335,1547,2542.48
35895,-2.1895,2.5127,10.4926,1543,2542.48
35900,-0.984,-0.5028,11.643,1547,2542.48
35905,-1.9285,0.0084,11.5748,1549,2542.48
35910,-0.2059,2.2529,9.9778,1599,2542.8
35915,0.8595,3.8942,10.3872,1554,2542.8
35920,-3.2465,1.6376,10.2819,1556,2542.8
35925,-1.0977,-0.5279,12.0787,1543,2542.8
35930,-1.7346,0.911,11.1187,1547,2542.8
35935,0.1544,2.6755,10.07,1579,2542.59
35940,0.3962,3.4369,10.4507,1543,2542.59
35945,-2.1117,0.577,10.6291,1543,2542.59
35950,-1.3623,-0.5243,12.0333,1559,2542.59
35955,-1.0558,1.7597,10.6195,1543,2542.59
35960,0.5459,3.3112,10.0568,1567,2542.16
35965,-1.0367,2.8479,10.4806,1554,2542.16
35970,-1.1025,-0.3591,11.2791,1531,2542.16
35975,-1.7334,-0.3412,11.7914,1545,2542.16
35980,-0.3926,2.1464,10.173,1599,2542.37
35985,0.8236,3.8595,10.2376,1544,2542.37
35990,-2.9161,2.1213,10.3238,1555,2542.37
35995,-1.0463,-0.6297,11.8896,1546,2542.37
36000,-1.9345,0.3651,11.3533,1531,2542.37
36005,-0.0539,2.4732,10.0533,1599,2542.59
36010,0.7374,3.8774,10.4112,1553,2542.59
36015,-2.897,1.1492,10.3453,1547,2542.59
36020,-1.2366,-0.6225,12.1206,1553,2542.59
36025,-1.4593,1.2833,10.8421,1553,2542.59
36030,0.3065,2.9928,10.0928,1573,2542.8
36035,-0.0634,3.2645,10.4543,1555,2542.8
36040,-1.4904,0.1137,10.9092,1549,2542.8
36045,-1.5311,-0.5291,11.9195,1547,2542.8
36050,-0.7147,1.9968,10.3729,1608,2542.8
36055,0.6428,3.5506,10.1646,1544,2542.8
36060,-1.9704,2.6109,10.5225,1542,2542.8
36065,-1.008,-0.5112,11.6238,1545,2542.8
36070,-1.8866,-0.0251,11.7388,1545,2542.8
36075,-0.1963,2.2302,9.9946,1595,2542.7
36080,0.8272,3.9061,10.3956,1548,2542.7
36085,-3.219,1.7095,10.2723,1553,2542.7
36090,-1.1444,-0.5626,12.1183,1543,2542.7
36095,-1.7693,0.8547,11.1378,1553,2542.7
36100,0.085,2.7019,10.0269,1563,2542.59
36105,0.4908,3.5386,10.404,1544,2542.59
36110,-2.2565,0.6261,10.4962,1543,2542.59
36115,-1.3791,-0.6297,12.0357,1547,2542.59
36120,-1.136,1.7119,10.665,1559,2542.59
36125,0.5483,3.2836,10.0628,1568,2542.7
36130,-0.808,2.897,10.5201,1547,2542.7
36135,-1.0451,-0.2765,11.1378,1543,2542.7
36140,-1.7573,-0.4513,11.8309,1541,2542.7
36145,-0.4477,2.1093,10.2041,1571,2542.8
36150,0.82,3.8511,10.2256,1543,2542.8
36155,-2.818,2.2158,10.3681,1547,2542.8
36160,-1.0068,-0.5638,11.8944,1542,2542.8
36165,-1.901,0.2562,11.4598,1541,2542.8
36170,-0.1341,2.3595,9.9982,1599,2543.02
36175,0.7638,3.7924,10.4172,1547,2543.02
36180,-3.0299,1.2306,10.2951,1555,2543.02
36185,-1.2151,-0.5088,12.0847,1548,2543.02
36190,-1.5179,1.2019,10.8948,1547,2543.02
36195,0.2646,2.9245,10.082,1580,2543.02
36200,0.0239,3.2238,10.5117,1547,2543.02
36205,-1.6005,0.2119,10.8338,1545,2543.02
36210,-1.5143,-0.5076,11.9016,1555,2543.02
36215,-0.7697,1.986,10.3729,1547,2543.13
36220,0.6656,3.5027,10.0688,1561,2543.13
36225,-1.7645,2.5917,10.4615,1542,2543.13
36230,-1.0463,-0.5016,11.5221,1533,2543.13
36235,-1.8483,-0.1149,11.7555,1543,2543.13
36240,-0.2251,2.2553,10.0221,1599,2543.77
36245,0.8763,3.9492,10.2651,1543,2543.77
36250,-3.1651,1.8268,10.2687,1548,2543.77
36255,-1.1384,-0.6201,12.0776,1547,2543.77
36260,-1.8112,0.6967,11.2348,1549,2543.77
36265,0.0455,2.6252,10.0209,1565,2543.56
36270,0.492,3.6595,10.4579,1555,2543.56
36275,-2.3703,0.7661,10.4854,1546,2543.56
36280,-1.2869,-0.5914,12.0213,1543,2543.56
36285,-1.1768,1.6017,10.659,1559,2543.56
36290,0.4824,3.237,10.1442,1571,2543.67
36295,-0.729,3.0275,10.4663,1547,2543.67
36300,-1.1779,-0.1341,11.2097,1549,2543.67
36305,-1.658,-0.4513,11.8681,1545,2543.67
36310,-0.4968,2.1344,10.2256,1599,2544.1
36315,0.7649,3.7457,10.2161,1553,2544.1
36320,-2.7019,2.3128,10.4279,1545,2544.1
36325,-1.0702,-0.5854,11.8274,1551,2544.1
36330,-1.9357,0.2885,11.5616,1556,2544.1
36335,-0.0826,2.4146,9.9479,1597,2543.88
36340,0.7542,3.8259,10.4615,1551,2543.88
36345,-3.0945,1.2498,10.3034,1555,2543.88
36350,-1.1815,-0.5974,12.1278,1545,2543.88
36355,-1.5586,1.2139,10.9331,1545,2543.88
36360,0.2765,2.9832,10.0592,1581,2543.56
36365,0.1544,3.2825,10.4483,1544,2543.56
36370,-1.6424,0.2143,10.7021,1544,2543.56
36375,-1.5227,-0.6297,11.9351,1561,2543.56
36380,-0.8487,1.9453,10.4663,1544,2543.56
36385,0.6835,3.5147,10.1155,1560,2543.24
36390,-1.6388,2.6552,10.5046,1556,2543.24
36395,-0.9732,-0.4417,11.479,1532,2543.24
36400,-1.8375,-0.1676,11.6526,1547,2543.24
36405,-0.2993,2.2194,10.0281,1599,2543.45
36410,0.8559,3.9492,10.307,1541,2543.45
36415,-3.2394,1.8747,10.3489,1559,2543.45
36420,-1.0774,-0.559,12.062,1555,2543.45
36425,-1.7849,0.6428,11.2719,1547,2543.45
36430,-0.0072,2.5127,9.9982,1578,2543.34
36435,0.559,3.6188,10.4986,1557,2543.34
36440,-2.4636,0.8224,10.4459,1543,2543.34
36445,-1.3276,-0.4776,12.0476,1547,2543.34
36450,-1.2342,1.5897,10.6865,1559,2543.34
36455,0.4633,3.2322,10.1047,1567,2543.45
36460,-0.644,2.958,10.4423,1549,2543.45
36465,-1.1624,-0.1832,11.1402,1549,2543.45
36470,-1.6795,-0.3675,11.8537,1544,2543.45
36475,-0.4968,2.144,10.228,1571,2543.24
36480,0.8464,3.7326,10.1275,1561,2543.24
36485,-2.5606,2.2936,10.4064,1546,2543.24
36490,-1.0499,-0.6213,11.8178,1554,2543.24
36495,-1.913,0.1987,11.5963,1559,2543.24
36500,-0.1113,2.3655,9.9766,1595,2543.24
36505,0.8368,3.8882,10.398,1555,2543.24
36510,-3.0682,1.3491,10.2639,1563,2543.24
36515,-1.1744,-0.6261,12.1075,1543,2543.24
36520,-1.6077,1.0858,11.0241,1547,2543.24
36525,0.1903,2.8922,10.058,1587,2543.24
36530,0.1568,3.4225,10.4974,1544,2543.24
36535,-1.7909,0.328,10.738,1543,2543.24
36540,-1.403,-0.5866,11.9088,1561,2543.24
36545,-0.8871,1.8328,10.4028,1543,2543.24
36550,0.6261,3.462,10.2053,1572,2543.34
36555,-1.5431,2.6923,10.5225,1557,2543.34
36560,-0.99,-0.4046,11.5209,1533,2543.34
36565,-1.8232,-0.2035,11.7412,1555,2543.34
36570,-0.2957,2.2745,10.1287,1598,2543.56
36575,0.826,3.8415,10.2316,1543,2543.56
36580,-3.134,1.9034,10.3645,1556,2543.56
36585,-1.1013,-0.6021,12.0273,1553,2543.56
36590,-1.8663,0.6297,11.3126,1546,2543.56
36595,0.0515,2.5391,10.0018,1607,2543.67
36600,0.6524,3.6176,10.4758,1556,2543.67
36605,-2.563,0.8045,10.41,1545,2543.67
36610,-1.312,-0.5842,12.1051,1555,2543.67
36615,-1.2749,1.5455,10.72,1559,2543.67
36620,0.4645,3.2525,10.0784,1564,2543.67
36625,-0.4717,3.037,10.501,1547,2543.67
36630,-1.2103,-0.1556,11.1282,1553,2543.67
36635,-1.664,-0.5543,11.8728,1547,2543.67
36640,-0.5782,2.0674,10.307,1596,2543.45
36645,0.7673,3.7278,10.1466,1553,2543.45
36650,-2.5199,2.4169,10.4555,1544,2543.45
36655,-0.9768,-0.5531,11.734,1545,2543.45
36660,-1.9166,0.1149,11.6382,1559,2543.45
36665,-0.1796,2.302,9.991,1599,2543.13
36670,0.8021,3.8846,10.4076,1556,2543.13
36675,-3.1472,1.4844,10.2987,1559,2543.13
36680,-1.1827,-0.5207,12.0632,1545,2543.13
36685,-1.658,1.0546,10.9858,1553,2543.13
36690,-0.079,2.3894,10.0389,1580,2542.91
36695,0.2095,3.4249,10.483,1544,2542.91
36700,-2.9305,1.1959,10.3932,1544,2542.91
36705,-1.2653,-0.5435,12.1099,1547,2542.91
36710,-1.4988,1.3012,10.8589,1544,2542.91
36715,0.2873,2.9568,10.0365,1563,2542.91
36720,-0.1652,3.1879,10.4267,1555,2542.91
36725,-1.5119,0.0958,10.8972,1542,2542.91
36730,-1.5371,-0.4812,11.8956,1553,2542.91
36735,-0.68,2.0183,10.3753,1575,2543.34
36740,0.6812,3.6021,10.1454,1543,2543.34
36745,-2.0279,2.5558,10.4902,1555,2543.34
36750,-0.9732,-0.5339,11.6286,1554,2543.34
36755,-1.9082,-0.0503,11.71,1543,2543.34
36760,-0.1592,2.2948,10.0616,1573,2543.02
36765,0.8763,3.9229,10.3489,1553,2543.02
36770,-3.2154,1.6712,10.2532,1546,2543.02
36775,-1.1612,-0.5902,12.0692,1553,2543.02
36780,-1.7717,0.8428,11.2228,1559,2543.02
36785,0.1209,2.7557,10.0257,1573,2543.77
36790,0.4717,3.5841,10.422,1553,2543.77
36795,-2.2398,0.5997,10.5512,1553,2543.77
36800,-1.3479,-0.6428,12.0033,1545,2543.77
36805,-1.081,1.6903,10.5884,1609,2543.34
36810,0.5183,3.2968,10.1299,1549,2543.34
36815,-0.9266,2.9844,10.4998,1541,2543.34
36820,-1.1169,-0.2406,11.2288,1547,2543.34
36825,-1.7035,-0.4154,11.8321,1553,2543.34
36830,-0.4561,2.1524,10.1514,1595,2543.45
36835,0.7638,3.784,10.2161,1555,2543.45
36840,-2.8838,2.2134,10.41,1555,2543.45
36845,-1.1073,-0.5303,11.9159,1553,2543.45
36850,-1.8316,0.3759,11.5005,1555,2543.45
36855,-0.0431,2.4313,9.9695,1579,2543.56
36860,0.6883,3.7888,10.4172,1544,2543.56
36865,-2.9497,1.1468,10.3286,1544,2543.56
36870,-1.2474,-0.5303,12.1087,1554,2543.56
36875,-1.4832,1.2953,10.902,1533,2543.56
36880,0.3412,3.0071,10.0604,1568,2543.67
36885,0.0215,3.1915,10.4387,1549,2543.67
36890,-1.5083,0.0527,10.8074,1541,2543.67
36895,-1.6328,-0.4824,12.2116,1549,2543.67
36900,-0.7506,1.9788,10.3334,1572,2543.56
36905,0.7626,3.5961,10.1287,1542,2543.56
36910,-1.8447,2.6013,10.5908,1549,2543.56
36915,-0.9421,-0.6213,11.4287,1543,2543.56
36920,-1.8591,-0.1185,11.7328,1546,2543.56
36925,-0.231,2.2134,10.0712,1595,2543.24
36930,0.8416,3.8774,10.3214,1547,2543.24
36935,-3.2346,1.8028,10.4303,1545,2543.24
36940,-1.1408,-0.5471,12.0476,1555,2543.24
36945,-1.804,0.7685,11.2312,1553,2543.24
36950,0.0048,2.624,10.0784,1567,2543.13
36955,0.486,3.6069,10.4842,1551,2543.13
36960,-2.332,0.7183,10.483,1545,2543.13
36965,-1.3659,-0.5076,12.0069,1549,2543.13
36970,-1.1396,1.6472,10.5991,1573,2542.8
36975,0.4824,3.2465,10.0856,1543,2542.8
36980,-0.8308,2.9078,10.4555,1543,2542.8
36985,-1.136,-0.2286,11.1869,1549,2542.8
36990,-1.7107,-0.3244,11.8824,1544,2542.8
36995,-0.4573,2.1632,10.1861,1593,2542.91
37000,0.7685,3.7373,10.1897,1548,2542.91
37005,-2.7473,2.2158,10.3693,1547,2542.91
37010,-1.0822,-0.6345,11.8657,1531,2542.91
37015,-1.8962,0.2741,11.5424,1561,2542.91
37020,-0.0239,2.4157,9.9671,1568,2543.02
37025,0.8248,3.8511,10.3801,1545,2543.02
37030,-3.0418,1.2522,10.1658,1545,2543.02
37035,-1.1528,-0.6764,12.05,1544,2543.02
37040,-1.4856,1.2306,10.9822,1561,2543.02
37045,0.2765,2.97,10.1239,1565,2543.24
37050,0.0994,3.231,10.2316,1545,2543.24
37055,-1.6388,0.2059,10.8014,1541,2543.24
37060,-1.4676,-0.5974,12.0129,1547,2543.24
37065,-0.814,1.998,10.5512,1599,2543.34
37070,0.6213,3.5015,10.143,1546,2543.34
37075,-1.6855,2.6264,10.4698,1547,2543.34
37080,-0.9888,-0.3735,11.5664,1541,2543.34
37085,-1.8603,-0.1496,11.6885,1549,2543.34
37090,-0.2753,2.2194,9.9946,1605,2543.24
37095,0.8248,3.8331,10.2304,1547,2543.24
37100,-3.1747,1.8387,10.3968,1555,2543.24
37105,-1.1504,-0.5674,12.1159,1549,2543.24
37110,-1.7813,0.7805,11.3138,1547,2543.24
37115,0.0371,2.6228,9.9084,1579,2543.24
37120,0.5567,3.5733,10.4291,1545,2543.24
37125,-2.4265,0.7099,10.392,1543,2543.24
37130,-1.3707,-0.5435,12.1458,1555,2543.24
37135,-1.2019,1.6867,10.7488,1547,2543.24
37140,0.5088,3.2358,10.0952,1561,2542.7
37145,-0.577,2.9305,10.4878,1543,2542.7
37150,-1.1744,-0.2035,11.1199,1543,2542.7
37155,-1.7382,-0.4908,11.7483,1549,2542.7
37160,-0.5112,2.1081,10.2101,1598,2542.7
37165,0.8631,3.7745,10.1993,1543,2542.7
37170,-2.6528,2.2829,10.483,1561,2542.7
37175,-1.0499,-0.5758,11.8142,1555,2542.7
37180,-1.8926,0.1772,11.5233,1541,2542.7
37185,-0.1832,2.3104,9.9407,1576,2542.7
37190,0.7937,3.8918,10.4794,1559,2542.7
37195,-3.0706,1.3575,10.2771,1547,2542.7
37200,-1.2151,-0.5806,12.1254,1543,2542.7
37205,-1.6017,1.1001,11.0397,1562,2542.7
37210,0.2263,2.8383,10.0485,1565,2542.8
37215,0.1784,3.3519,10.4722,1545,2542.8
37220,-1.8316,0.2957,10.7583,1548,2542.8
37225,-1.4198,-0.5171,11.9638,1541,2542.8
37230,-0.8272,1.8136,10.4148,1573,2542.59
37235,0.656,3.4417,10.1442,1549,2542.59
37240,-1.5766,2.6492,10.4962,1543,2542.59
37245,-1.0271,-0.431,11.5257,1545,2542.59
37250,-1.7992,-0.2095,11.6897,1557,2542.59
37255,-0.2729,2.2924,10.1969,1593,2542.7
37260,0.8547,3.8295,10.2604,1556,2542.7
37265,-3.1388,1.883,10.2484,1564,2542.7
37270,-1.1684,-0.6165,12.0201,1543,2542.7
37275,-1.8567,0.6883,11.2743,1543,2542.7
37280,0.0527,2.5714,10.0149,1577,2542.7
37285,0.6536,3.6835,10.5129,1541,2542.7
37290,-2.5654,0.8104,10.3046,1543,2542.7
37295,-1.2797,-0.6393,12.1075,1559,2542.7
37300,-1.2378,1.5479,10.6973,1544,2542.7
37305,0.4034,3.2202,10.1071,1562,2543.02
37310,-0.4992,3.1041,10.4722,1555,2543.02
37315,-1.2594,-0.1018,11.078,1529,2543.02
37320,-1.6269,-0.5339,11.8896,1549,2543.02
37325,-0.577,2.0602,10.2819,1608,2543.34
37330,0.7757,3.6943,10.161,1529,2543.34
37335,-2.4648,2.4062,10.4639,1559,2543.34
37340,-1.0714,-0.498,11.7902,1553,2543.34
37345,-1.8759,0.1281,11.5784,1533,2543.34
37350,-0.1496,2.3008,9.9778,1595,2543.67
37355,0.7925,3.8571,10.3908,1555,2543.67
37360,-3.213,1.4018,10.3118,1545,2543.67
37365,-1.1576,-0.5387,12.0728,1553,2543.67
37370,-1.6101,1.0798,11.0061,1559,2543.67
37375,0.2095,2.9281,10.1035,1561,2543.77
37380,0.2107,3.3686,10.3801,1546,2543.77
37385,-1.901,0.3663,10.6434,1549,2543.77
37390,-1.4892,-0.5962,12.0859,1543,2543.77
37395,-0.8918,1.8555,10.4435,1568,2543.99
37400,0.6452,3.486,10.1778,1549,2543.99
37405,-1.3874,2.6851,10.4327,1544,2543.99
37410,-1.0223,-0.4429,11.4179,1549,2543.99
37415,-1.8088,-0.2646,11.7268,1558,2543.99
37420,-0.3352,2.2242,10.1598,1583,2543.77
37425,0.8595,3.8918,10.2412,1553,2543.77
37430,-3.0933,2.0111,10.3609,1560,2543.77
37435,-1.0475,-0.6093,11.9902,1543,2543.77
37440,-1.8783,0.5794,11.3234,1553,2543.77
37445,-0.0012,2.4696,9.9419,1577,2544.1
37450,0.668,3.7469,10.5046,1544,2544.1
37455,-2.6456,0.9984,10.3741,1543,2544.1
37460,-1.2785,-0.516,12.1087,1557,2544.1
37465,-1.2881,1.5287,10.7751,1546,2544.1
37470,0.3591,3.1352,10.1011,1563,2544.21
37475,-0.4465,3.0442,10.5046,1555,2544.21
37480,-1.3312,-0.0634,11.0875,1533,2544.21
37485,-1.5706,-0.4681,11.8932,1557,2544.21
37490,-0.5578,2.0387,10.3011,1611,2544.31
37495,0.7338,3.6619,10.1945,1543,2544.31
37500,-2.4086,2.3954,10.3896,1555,2544.31
37505,-1.0439,-0.5662,11.7603,1553,2544.31
37510,-1.9285,0.1389,11.6574,1545,2544.31
37515,-0.1041,2.3966,9.9982,1576,2544.21
37520,0.8272,3.869,10.3382,1551,2544.21
37525,-3.1927,1.5036,10.2747,1547,2544.21
37530,-1.1768,-0.6416,12.0692,1555,2544.21
37535,-1.6221,1.069,11.0361,1557,2544.21
37540,0.1939,2.8407,10.0401,1563,2543.88
37545,0.3124,3.4704,10.5201,1554,2543.88
37550,-1.9201,0.3531,10.6111,1553,2543.88
37555,-1.3946,-0.6416,11.9758,1545,2543.88
37560,-0.8906,1.8016,10.4315,1577,2543.67
37565,0.6333,3.4596,10.2005,1548,2543.67
37570,-1.33,2.7785,10.41,1543,2543.67
37575,-1.0307,-0.3041,11.4586,1545,2543.67
37580,-1.7633,-0.2873,11.7759,1555,2543.67
37585,-0.3196,2.2278,10.1203,1591,2544.21
37590,0.7997,3.8235,10.234,1549,2544.21
37595,-3.0335,2.0327,10.3573,1560,2544.21
37600,-1.1193,-0.6069,11.9602,1544,2544.21
37605,-1.8435,0.5602,11.4515,1555,2544.21
37610,-0.0072,2.5163,10.0078,1579,2543.99
37615,0.6345,3.729,10.4639,1543,2543.99
37620,-2.7461,0.9254,10.3418,1541,2543.99
37625,-1.2833,-0.5686,12.1242,1557,2543.99
37630,-1.342,1.4748,10.7835,1543,2543.99
37635,0.4537,3.1615,10.1095,1565,2543.99
37640,-0.2993,3.1017,10.4998,1553,2543.99
37645,-1.3479,-0.0718,10.9654,1543,2543.99
37650,-1.5981,-0.5614,11.9267,1553,2543.99
37655,-0.5938,2.0135,10.2651,1567,2544.42
37660,0.7769,3.6966,10.1706,1541,2544.42
37665,-2.2984,2.4301,10.4148,1564,2544.42
37670,-0.9936,-0.5854,11.7424,1549,2544.42
37675,-1.9154,0.0335,11.6047,1542,2544.42
37680,-0.1305,2.3212,10.058,1574,2544.1
37685,0.82,3.8882,10.3418,1553,2544.1
37690,-3.1903,1.5263,10.3011,1548,2544.1
37695,-1.2151,-0.5578,12.0572,1555,2544.1
37700,-1.6867,1.0151,11.1115,1553,2544.1
37705,0.1592,2.7605,9.9934,1567,2543.88
37710,0.3795,3.468,10.556,1547,2543.88
37715,-1.9644,0.4393,10.6159,1553,2543.88
37720,-1.3551,-0.5219,12.0141,1545,2543.88
37725,-0.9505,1.8028,10.4052,1609,2543.56
37730,0.5878,3.45,10.143,1546,2543.56
37735,-1.2773,2.739,10.4315,1541,2543.56
37740,-1.0355,-0.3627,11.4108,1545,2543.56
37745,-1.8028,-0.237,11.7352,1549,2543.56
37750,-0.3041,2.2517,10.1478,1595,2543.45
37755,0.82,3.881,10.2771,1551,2543.45
37760,-3.0718,2.0411,10.3645,1557,2543.45
37765,-1.093,-0.589,11.9231,1541,2543.45
37770,-1.8411,0.5327,11.3856,1553,2543.45
37775,0.0275,2.5115,10.0149,1573,2543.24
37780,0.7183,3.7781,10.4399,1545,2543.24
37785,-2.7869,0.9816,10.3106,1542,2543.24
37790,-1.2546,-0.5758,12.0704,1554,2543.24
37795,-1.3599,1.4042,10.7919,1545,2543.24
37800,0.3771,3.0718,10.082,1571,2542.8
37805,-0.2873,3.1759,10.5046,1548,2542.8
37810,-1.3659,-0.0263,10.9391,1541,2542.8
37815,-1.5718,-0.565,11.8896,1545,2542.8
37820,-0.6345,2.0111,10.2687,1574,2542.91
37825,0.7326,3.6739,10.2639,1541,2542.91
37830,-2.2266,2.4541,10.422,1553,2542.91
37835,-1.0235,-0.4453,11.7184,1542,2542.91
37840,-1.8687,0.0431,11.5532,1543,2542.91
37845,-0.1963,2.2996,10.0389,1599,2543.02
37850,0.7973,3.8475,10.4112,1547,2543.02
37855,-3.2214,1.5969,10.3633,1549,2543.02
37860,-1.1815,-0.595,12.0847,1549,2543.02
37865,-1.6819,0.9996,11.139,1549,2543.02
37870,0.1676,2.7426,9.9539,1574,2543.34
37875,0.3915,3.5219,10.4591,1545,2543.34
37880,-2.1117,0.4405,10.4734,1547,2543.34
37885,-1.3695,-0.589,12.068,1551,2543.34
37890,-0.9924,1.7609,10.5177,1571,2543.56
37895,0.5662,3.4548,10.1957,1542,2543.56
37900,-1.1408,2.818,10.4303,1519,2543.56
37905,-1.0678,-0.2789,11.3114,1508,2543.56
37910,-1.7968,-0.4106,11.7519,1507,2543.56
37915,-0.3831,2.1524,10.2065,1541,2543.77
37920,0.8475,3.8499,10.3178,1507,2543.77
37925,-3.0083,2.1165,10.4136,1503,2543.77
37930,-1.0618,-0.5974,11.9327,1511,2543.77
37935,-1.8926,0.4226,11.4179,1478,2543.77
37940,-0.0551,2.478,9.9898,1487,2543.67
37945,0.7518,3.7469,10.3705,1493,2543.67
37950,-2.8539,1.1241,10.3011,1486,2543.67
37955,-1.2905,-0.5471,12.0632,1485,2543.67
37960,-1.3982,1.3743,10.8816,1509,2543.67
37965,0.2777,3.0011,10.003,1496,2543.24
37970,-0.2119,3.1532,10.5369,1494,2543.24
37975,-1.4138,0.0108,10.92,1493,2543.24
37980,-1.4964,-0.486,11.9195,1494,2543.24
37985,-0.6524,1.9656,10.2855,1511,2542.8
37990,0.723,3.638,10.1933,1495,2542.8
37995,-2.1141,2.4672,10.404,1499,2542.8
38000,-1.0283,-0.5231,11.7292,1492,2542.8
38005,-1.8986,-0.073,11.5939,1496,2542.8
38010,-0.1796,2.2984,10.0389,1515,2542.37
38015,0.8571,3.8762,10.2831,1498,2542.37
38020,-3.1951,1.6975,10.331,1505,2542.37
38025,-1.1983,-0.6177,12.044,1499,2542.37
38030,-1.737,0.9325,11.2444,1496,2542.37
38035,0.1772,2.7138,10.0018,1513,2542.27
38040,0.4609,3.5638,10.5165,1497,2542.27
38045,-2.1799,0.498,10.4998,1498,2542.27
38050,-1.3336,-0.6093,12.0464,1512,2542.27
38055,-1.0726,1.664,10.5524,1498,2542.27
38060,0.5399,3.3483,10.1359,1497,2542.27
38065,-0.9182,2.9006,10.4591,1499,2542.27
38070,-1.1624,-0.2119,11.3198,1496,2542.27
38075,-1.6963,-0.4286,11.8884,1503,2542.27
38080,-0.4178,2.1404,10.161,1515,2542.59
38085,0.7685,3.7876,10.2208,1495,2542.59
38090,-2.8695,2.15,10.3789,1512,2542.59
38095,-1.0199,-0.565,11.898,1511,2542.59
38100,-1.8411,0.3543,11.388,1499,2542.59
38105,-0.0096,2.4421,10.0042,1511,2542.7
38110,0.7302,3.8116,10.3813,1513,2542.7
38115,-2.9796,1.154,10.3274,1500,2542.7
38120,-1.2175,-0.6117,12.05,1499,2542.7
38125,-1.4617,1.3324,10.9164,1513,2542.7
38130,0.3053,2.9544,10.0149,1503,2542.7
38135,0.012,3.2406,10.4986,1498,2542.7
38140,-1.573,0.1101,10.7404,1507,2542.7
38145,-1.5251,-0.5291,12.0261,1497,2542.7
38150,-0.7733,1.974,10.3765,1509,2542.05
38155,0.7027,3.6308,10.2352,1507,2542.05
38160,-1.895,2.5642,10.3202,1496,2542.05
38165,-0.9852,-0.4322,11.6191,1507,2542.05
38170,-1.8675,-0.1508,11.6885,1515,2542.05
38175,-0.2011,2.247,10.0461,1519,2542.48
38180,0.8344,3.8642,10.3597,1512,2542.48
38185,-3.2441,1.8052,10.392,1515,2542.48
38190,-1.0942,-0.6009,12.0201,1499,2542.48
38195,-1.7909,0.8092,11.2456,1501,2542.48
38200,0.085,2.5905,9.9335,1514,2541.73
38205,0.5447,3.6009,10.5034,1498,2541.73
38210,-2.3164,0.723,10.4351,1499,2541.73
38215,-1.3264,-0.5363,11.989,1513,2541.73
38220,-1.1815,1.6759,10.659,1499,2541.73
38225,0.4585,3.2406,10.1119,1499,2541.73
38230,-0.7458,2.9676,10.4435,1512,2541.73
38235,-1.1229,-0.2406,11.224,1495,2541.73
38240,-1.67,-0.3926,11.8764,1483,2541.73
38245,-0.4585,2.1536,10.1885,1524,2541.83
38250,0.8128,3.7673,10.222,1495,2541.83
38255,-2.6791,2.235,10.3717,1512,2541.83
38260,-1.0283,-0.5782,11.8764,1508,2541.83
38265,-1.8519,0.261,11.5065,1501,2541.83
38270,-0.0778,2.4493,10.0066,1512,2541.73
38275,0.7638,3.869,10.3525,1511,2541.73
38280,-3.043,1.3683,10.3418,1501,2541.73
38285,-1.1779,-0.6369,12.0512,1507,2541.73
38290,-1.5467,1.1708,10.9942,1513,2541.73
38295,0.243,2.8934,10.0521,1508,2541.51
38300,0.1221,3.3854,10.5345,1507,2541.51
38305,-1.7478,0.2298,10.6506,1507,2541.51
38310,-1.4353,-0.5806,11.9686,1500,2541.51
38315,-0.838,1.8435,10.3597,1525,2541.73
38320,0.6177,3.5446,10.1275,1506,2541.73
38325,-1.6161,2.6875,10.4603,1499,2541.73
38330,-1.0463,-0.4166,11.4922,1506,2541.73
38335,-1.7957,-0.2658,11.7639,1509,2541.73
38340,-0.2562,2.2386,10.0521,1526,2541.83
38345,0.7925,3.8307,10.2604,1511,2541.83
38350,-3.1472,1.9058,10.3382,1512,2541.83
38355,-1.0942,-0.6009,12.0333,1499,2541.83
38360,-1.8088,0.6764,11.327,1508,2541.83
38365,0.0479,2.5893,10.0102,1513,2541.83
38370,0.6117,3.6667,10.4459,1500,2541.83
38375,-2.563,0.8404,10.3908,1499,2541.83
38380,-1.2881,-0.6225,12.0596,1503,2541.83
38385,-1.2605,1.5622,10.6901,1507,2541.83
38390,0.401,3.2034,10.0233,1512,2542.05
38395,-0.4369,3.1424,10.5285,1509,2542.05
38400,-1.2797,-0.0766,11.0181,1499,2542.05
38405,-1.5921,-0.4752,11.8669,1509,2542.05
38410,-0.5818,2.0482,10.222,1519,2542.48
38415,0.7757,3.7972,10.2532,1499,2542.48
38420,-2.4828,2.3571,10.3082,1500,2542.48
38425,-0.9912,-0.5315,11.8082,1499,2542.48
38430,-1.8986,0.085,11.5353,1501,2542.48
38435,-0.1365,2.3523,10.0233,1527,2542.48
38440,0.7877,3.8618,10.3621,1503,2542.48
38445,-3.2154,1.5215,10.3585,1507,2542.48
38450,-1.1827,-0.5722,12.0584,1507,2542.48
38455,-1.6089,1.0762,11.06,1501,2542.48
38460,0.1748,2.7581,9.9383,1513,2542.27
38465,0.3124,3.4572,10.5596,1507,2542.27
38470,-1.901,0.3711,10.6518,1507,2542.27
38475,-1.4138,-0.5076,12.0357,1511,2542.27
38480,-0.9661,1.8196,10.4052,1511,2542.27
38485,0.6105,3.4201,10.2101,1497,2542.27
38490,-1.3443,2.6827,10.4136,1499,2542.27
38495,-1.057,-0.407,11.4718,1506,2542.27
38500,-1.7885,-0.2729,11.7831,1500,2542.27
38505,-0.2933,2.2529,10.1562,1525,2542.37
38510,0.8511,3.8822,10.2651,1503,2542.37
38515,-3.0718,2.0375,10.3011,1509,2542.37
38520,-1.0642,-0.5734,11.9854,1507,2542.37
38525,-1.8699,0.5303,11.3796,1508,2542.37
38530,0.0215,2.4972,9.9635,1508,2542.59
38535,0.6476,3.7577,10.4172,1507,2542.59
38540,-2.7581,1.0223,10.3848,1501,2542.59
38545,-1.2306,-0.5986,12.038,1501,2542.59
38550,-1.3503,1.4389,10.7655,1519,2542.59
38555,0.3364,3.0957,10.0281,1508,2542.7
38560,-0.2873,3.2022,10.5201,1501,2542.7
38565,-1.4078,-0.0419,10.981,1507,2542.7
38570,-1.5263,-0.5195,11.965,1501,2542.7
38575,-0.6273,2.0135,10.2113,1523,2542.48
38580,0.6991,3.699,10.2232,1507,2542.48
38585,-2.241,2.4349,10.3705,1503,2542.48
38590,-1.0116,-0.48,11.7495,1500,2542.48
38595,-1.8902,0.0204,11.5664,1509,2542.48
38600,-0.1233,2.3212,9.9898,1523,2542.7
38605,0.7853,3.8403,10.3082,1511,2542.7
38610,-3.2166,1.5718,10.3789,1516,2542.7
38615,-1.1612,-0.6237,12.0776,1503,2542.7
38620,-1.6855,0.9924,11.1414,1500,2542.7
38625,0.1628,2.7569,9.9527,1524,2542.91
38630,0.4334,3.5123,10.4423,1503,2542.91
38635,-2.071,0.4717,10.5333,1503,2542.91
38640,-1.415,-0.5626,12.0955,1515,2542.91
38645,-0.9984,1.7526,10.5237,1507,2542.91
38650,0.5818,3.4512,10.1335,1507,2543.02
38655,-1.1612,2.8491,10.483,1511,2543.02
