timestamp_ms,ax,ay,az,acs_adc,rpm
985724,-5.9245,-0.9792,12.5205,1427,3058.42
985729,-1.5969,2.8515,7.9021,1444,3058.42
985734,3.1268,3.7828,9.6546,1429,3058.42
985739,0.3795,0.0682,13.3345,1419,3058.42
985744,-6.2525,-0.595,12.1673,1427,3058.42
985749,-0.8152,2.9389,7.8302,1439,3058.42
985754,3.3543,3.7553,9.8785,1428,3058.42
985759,-0.1832,-0.2849,13.5667,1421,3058.42
985764,-6.462,-0.2035,11.7783,1427,3058.42
985769,-0.0934,3.0754,7.7752,1439,3058.42
985774,3.5769,3.6296,10.155,1436,3058.42
985779,-0.8068,-0.5459,13.7714,1420,3058.42
985784,-6.6583,0.2753,11.376,1423,3058.42
985789,0.5363,3.1412,7.7967,1434,3058.73
985794,3.7661,3.468,10.4052,1428,3058.73
985799,-1.3994,-0.9254,13.9019,1425,3058.73
985804,-6.7337,0.7183,10.9367,1429,3058.73
985809,1.0642,3.2286,7.9715,1445,3058.57
985814,3.9624,3.2992,10.738,1427,3058.57
985819,-2.0518,-1.2031,13.9773,1421,3058.57
985824,-6.6571,1.148,10.5489,1431,3058.57
985829,1.4772,3.3387,8.0661,1430,3058.57
985834,3.9588,3.0574,11.0014,1429,3058.57
985839,-2.66,-1.5095,13.975,1422,3058.57
985844,-6.4308,1.5048,10.0892,1427,3058.57
985849,1.7705,3.3962,8.2349,1437,3058.42
985854,3.899,2.7438,11.3282,1432,3058.42
985859,-3.2872,-1.6915,13.9762,1421,3058.42
985864,-6.0597,1.81,9.7001,1437,3058.26
985869,2.0303,3.4536,8.4515,1423,3058.26
985874,3.6248,2.3595,11.6119,1431,3058.26
985879,-3.8571,-1.7992,13.8157,1429,3058.26
985884,-5.4959,2.0865,9.3027,1449,3058.26
985889,2.2398,3.5458,8.6491,1425,3058.26
985894,3.2717,1.9752,11.91,1423,3058.26
985899,-4.3574,-1.7753,13.702,1431,3058.26
985904,-4.8614,2.2948,8.8969,1452,3058.1
985909,2.3834,3.6176,8.8681,1427,3058.1
985914,2.7892,1.5299,12.2044,1427,3058.1
985919,-4.8387,-1.7585,13.4422,1426,3058.1
985924,-4.1168,2.4469,8.5533,1440,3058.42
985929,2.5103,3.6583,9.0764,1431,3058.42
985934,2.2242,1.1803,12.5241,1421,3058.42
985939,-5.272,-1.5658,13.216,1427,3058.42
985944,-3.316,2.6492,8.2373,1447,3058.73
985949,2.7007,3.7613,9.3134,1431,3058.73
985954,1.549,0.7841,12.8078,1425,3058.73
985959,-5.6527,-1.2833,12.8389,1428,3058.73
985964,-2.4481,2.7342,8.005,1449,3058.88
985969,2.9269,3.7948,9.4978,1429,3058.88
985974,0.9637,0.4274,13.0711,1423,3058.88
985979,-5.934,-0.9373,12.5468,1429,3058.88
985984,-1.5957,2.8443,7.8949,1445,3058.88
985989,3.1077,3.7888,9.6618,1445,3058.88
985994,0.3663,0.0563,13.313,1419,3058.88
985999,-6.2872,-0.5567,12.2092,1427,3058.88
986004,-0.7817,2.9892,7.8207,1437,3058.73
986009,3.3639,3.7984,9.9096,1429,3058.73
986014,-0.2777,-0.2705,13.5536,1427,3058.73
986019,-6.5314,-0.1197,11.7759,1427,3058.73
986024,-0.0515,3.0215,7.75,1437,3058.42
986029,3.5841,3.6835,10.1861,1433,3058.42
986034,-0.9098,-0.5638,13.8002,1421,3058.42
986039,-6.6547,0.3352,11.3988,1427,3058.42
986044,0.5662,3.1472,7.8829,1434,3058.42
986049,3.784,3.5362,10.4208,1428,3058.42
986054,-1.5203,-0.8882,13.9019,1421,3058.42
986059,-6.7277,0.7793,10.9523,1421,3058.42
986064,1.1121,3.2729,7.9428,1437,3058.42
986069,3.8559,3.3004,10.6734,1429,3058.42
986074,-2.1739,-1.2043,14.0576,1421,3058.42
986079,-6.6212,1.2198,10.586,1447,3058.42
986084,1.4748,3.3291,8.0601,1427,3058.26
986089,3.9277,3.0502,11.0169,1431,3058.26
986094,-2.7545,-1.4377,14.0169,1427,3058.26
986099,-6.4284,1.5574,10.0963,1429,3058.26
986104,1.8112,3.4058,8.242,1436,3058.1
986109,3.8247,2.7737,11.4179,1429,3058.1
986114,-3.3579,-1.6508,13.9618,1423,3058.1
986119,-5.9975,1.8304,9.6678,1438,3057.95
986124,2.0315,3.4931,8.4396,1419,3057.95
986129,3.5494,2.3272,11.6227,1431,3057.95
986134,-3.8654,-1.7693,13.8373,1429,3057.95
986139,-5.5246,2.1368,9.2907,1449,3058.73
986144,2.1751,3.5841,8.6802,1431,3058.73
986149,3.237,2.0171,11.9914,1427,3058.73
986154,-4.4125,-1.822,13.6745,1432,3058.73
986159,-4.8698,2.302,8.9004,1454,3058.26
986164,2.3834,3.6057,8.8909,1430,3058.26
986169,2.6899,1.567,12.2739,1425,3058.26
986174,-4.8614,-1.7442,13.4339,1428,3058.26
986179,-4.0869,2.5259,8.5736,1455,3057.95
986184,2.484,3.7517,9.0716,1432,3057.95
986189,2.0973,1.2246,12.5935,1425,3057.95
986194,-5.1894,-1.5155,13.0987,1427,3057.95
986199,-3.2777,2.6456,8.2265,1451,3057.64
986204,2.6983,3.784,9.3146,1427,3057.64
986209,1.5706,0.8116,12.8545,1423,3057.64
986214,-5.6252,-1.2725,12.8281,1423,3057.64
986219,-2.4253,2.7809,8.0517,1445,3057.48
986224,2.9066,3.8427,9.5361,1423,3057.48
986229,0.9218,0.4992,13.0448,1427,3057.48
986234,-5.9664,-0.9218,12.5133,1435,3057.48
986239,-1.573,2.8252,7.9033,1437,3057.17
986244,3.1161,3.7876,9.6822,1429,3057.17
986249,0.322,0.0982,13.3249,1419,3057.17
986254,-6.2489,-0.5734,12.1374,1427,3057.17
986259,-0.7661,2.9987,7.8362,1440,3058.1
986264,3.3507,3.8152,9.8749,1429,3058.1
986269,-0.2586,-0.2107,13.5248,1427,3058.1
986274,-6.4655,-0.1281,11.7747,1427,3058.1
986279,-0.0646,3.0837,7.8374,1443,3057.48
986284,3.571,3.6655,10.1598,1432,3057.48
986289,-0.8511,-0.5806,13.799,1417,3057.48
986294,-6.626,0.3496,11.3557,1425,3057.48
986299,0.5267,3.1831,7.8769,1435,3057.32
986304,3.7709,3.5698,10.3872,1428,3057.32
986309,-1.4341,-0.8691,13.878,1421,3057.32
986314,-6.699,0.7685,10.9882,1425,3057.32
986319,1.0439,3.292,7.9811,1437,3057.48
986324,3.8822,3.3148,10.6494,1427,3057.48
986329,-2.0961,-1.16,13.9606,1419,3057.48
986334,-6.6128,1.1995,10.5489,1429,3057.48
986339,1.5024,3.4105,8.1008,1433,3057.64
986344,3.9421,3.0969,10.9607,1431,3057.64
986349,-2.63,-1.421,14.0264,1421,3057.64
986354,-6.4296,1.5359,10.149,1429,3057.64
986359,1.8328,3.4345,8.2911,1435,3057.64
986364,3.9073,2.7701,11.2791,1428,3057.64
986369,-3.2046,-1.6269,13.951,1423,3057.64
986374,-6.0513,1.8316,9.6905,1428,3057.64
986379,2.0734,3.5099,8.4575,1431,3057.48
986384,3.6966,2.4421,11.5472,1433,3057.48
986389,-3.7769,-1.7561,13.8445,1427,3057.48
986394,-5.5857,2.1045,9.2979,1447,3057.79
986399,2.229,3.5997,8.6646,1425,3057.79
986404,3.3938,2.0363,11.8896,1423,3057.79
986409,-4.3012,-1.7957,13.7463,1434,3057.79
986414,-4.9213,2.3391,8.9184,1453,3057.79
986419,2.4181,3.6547,8.8478,1429,3057.79
986424,2.8671,1.5909,12.1997,1425,3057.79
986429,-4.7262,-1.6963,13.4865,1429,3057.79
986434,-4.1623,2.5055,8.5784,1453,3057.17
986439,2.5558,3.7326,9.0704,1430,3057.17
986444,2.3056,1.221,12.4834,1423,3057.17
986449,-5.1008,-1.5754,13.2076,1427,3057.17
986454,-3.3184,2.6097,8.2696,1453,3056.86
986459,2.7713,3.8164,9.2703,1434,3056.86
986464,1.6664,0.9098,12.809,1427,3056.86
986469,-5.4851,-1.3084,12.9095,1429,3056.86
986474,-2.478,2.7497,8.0278,1451,3056.55
986479,2.9221,3.79,9.4511,1429,3056.55
986484,0.99,0.4884,13.0292,1427,3056.55
986489,-5.8442,-1.002,12.5947,1429,3056.55
986494,-1.7214,2.8335,7.8913,1451,3056.7
986499,3.1484,3.7888,9.651,1432,3056.7
986504,0.4573,0.182,13.2818,1422,3056.7
986509,-6.1304,-0.6393,12.22,1430,3056.7
986514,-0.9062,2.9257,7.8099,1451,3056.7
986519,3.3435,3.7218,9.8809,1435,3056.7
986524,-0.2011,-0.2011,13.4722,1420,3056.7
986529,-6.3375,-0.2286,11.8633,1429,3056.7
986534,-0.2047,3.0119,7.8374,1443,3056.7
986539,3.535,3.6751,10.094,1433,3056.7
986544,-0.6668,-0.4597,13.7331,1427,3056.7
986549,-6.529,0.2227,11.5173,1426,3056.7
986554,0.3974,3.1544,7.756,1435,3056.86
986559,3.7589,3.5745,10.3118,1429,3056.86
986564,-1.2677,-0.838,13.8445,1426,3056.86
986569,-6.6571,0.6117,11.0744,1427,3056.86
986574,0.9457,3.2609,7.8781,1439,3056.7
986579,3.8906,3.3926,10.5896,1431,3056.7
986584,-1.889,-1.087,13.9809,1423,3056.7
986589,-6.6008,1.0259,10.6805,1433,3056.7
986594,1.4066,3.3232,7.9978,1438,3056.39
986599,3.966,3.1184,10.9152,1423,3056.39
986604,-2.4588,-1.4042,13.9797,1422,3056.39
986609,-6.4452,1.3934,10.2029,1432,3056.39
986614,1.743,3.3698,8.2349,1435,3056.55
986619,3.9313,2.8706,11.2264,1429,3056.55
986624,-3.0622,-1.5634,13.9498,1422,3056.55
986629,-6.1555,1.7035,9.815,1428,3056.55
986634,1.9764,3.4381,8.3043,1436,3056.23
986639,3.7469,2.5115,11.576,1432,3056.23
986644,-3.5614,-1.719,13.86,1419,3056.23
986649,-5.703,1.98,9.4284,1455,3056.39
986654,2.1847,3.5219,8.5653,1421,3056.39
986659,3.4728,2.1632,11.8669,1431,3056.39
986664,-4.1108,-1.7885,13.6649,1431,3056.39
986669,-5.1152,2.2458,9.0297,1433,3055.46
986674,2.4038,3.6021,8.7903,1430,3055.46
986679,2.9892,1.7693,12.1111,1421,3055.46
986684,-4.5777,-1.816,13.5799,1427,3055.46
986689,-4.3862,2.3774,8.691,1446,3056.39
986694,2.5079,3.6428,9.0094,1429,3056.39
986699,2.4672,1.3934,12.3924,1427,3056.39
986704,-4.9704,-1.6783,13.2603,1423,3056.39
986709,-3.6595,2.5343,8.3977,1453,3055.61
986714,2.6528,3.7362,9.183,1432,3055.61
986719,1.8926,0.9936,12.7012,1425,3055.61
986724,-5.369,-1.5131,12.9706,1427,3055.61
986729,-2.8659,2.6839,8.1307,1449,3055.61
986734,2.7797,3.7481,9.3925,1433,3055.61
986739,1.2366,0.6105,12.9143,1427,3055.61
986744,-5.6503,-1.1827,12.6402,1427,3055.61
986749,-2.0877,2.7402,7.9787,1446,3055.92
986754,2.9748,3.7828,9.6187,1427,3055.92
986759,0.741,0.2705,13.1825,1425,3055.92
986764,-6.0178,-0.82,12.3158,1433,3055.92
986769,-1.2558,2.8671,7.8697,1447,3055.77
986774,3.1915,3.7445,9.7959,1427,3055.77
986779,0.146,-0.0826,13.362,1421,3055.77
986784,-6.2848,-0.4884,12.0105,1430,3055.77
986789,-0.5351,2.9688,7.8578,1439,3055.77
986794,3.3483,3.7445,9.9012,1426,3055.77
986799,-0.401,-0.3639,13.6218,1422,3055.77
986804,-6.4859,-0.079,11.5796,1426,3055.77
986809,0.1221,3.0526,7.7931,1443,3055.61
986814,3.5865,3.6296,10.2185,1432,3055.61
986819,-0.9912,-0.6644,13.7954,1423,3055.61
986824,-6.6535,0.3962,11.2228,1423,3055.61
986829,0.7147,3.1927,7.8518,1439,3055.15
986834,3.7781,3.5087,10.4507,1429,3055.15
986839,-1.5921,-0.9589,13.8936,1426,3055.15
986844,-6.6415,0.8248,10.8613,1423,3055.15
986849,1.1349,3.2286,7.9224,1437,3055.15
986854,3.8906,3.219,10.6913,1428,3055.15
986859,-2.1644,-1.2653,14.0061,1427,3055.15
986864,-6.5685,1.2103,10.5034,1433,3055.15
986869,1.5239,3.3327,8.1463,1435,3055.3
986874,3.9109,3.0275,11.0361,1428,3055.3
986879,-2.7737,-1.4449,14.0169,1423,3055.3
986884,-6.3422,1.6017,10.0748,1431,3055.3
986889,1.8292,3.3686,8.3366,1435,3055.3
986894,3.8223,2.6576,11.3509,1423,3055.3
986899,-3.3315,-1.6807,13.9474,1427,3055.3
986904,-5.9664,1.8747,9.7133,1427,3055.3
986909,2.0518,3.486,8.4886,1433,3055.3
986914,3.5829,2.387,11.5784,1435,3055.3
986919,-3.8367,-1.8148,13.8481,1422,3055.3
986924,-5.5019,2.0638,9.2763,1455,3055.46
986929,2.1883,3.5063,8.6646,1425,3055.46
986934,3.2142,1.974,11.9315,1429,3055.46
986939,-4.3012,-1.8208,13.702,1431,3055.46
986944,-4.8351,2.3212,8.9531,1453,3054.99
986949,2.3439,3.6356,8.8957,1429,3054.99
986954,2.745,1.6747,12.1697,1426,3054.99
986959,-4.7752,-1.7717,13.4399,1429,3054.99
986964,-4.1803,2.4181,8.6215,1444,3055.15
986969,2.4983,3.6727,9.1063,1427,3055.15
986974,2.2158,1.2175,12.487,1429,3055.15
986979,-5.1128,-1.5682,13.1597,1425,3055.15
986984,-3.3878,2.6217,8.2803,1455,3055.15
986989,2.63,3.7517,9.2811,1430,3055.15
986994,1.5981,0.8739,12.7695,1426,3055.15
986999,-5.4636,-1.3922,12.8844,1427,3055.15
987004,-2.5738,2.7234,8.1223,1452,3055.15
987009,2.7904,3.8008,9.5277,1429,3055.15
987014,1.0582,0.4944,13.0496,1438,3055.15
987019,-5.8478,-1.0463,12.6294,1422,3055.15
987024,-1.7753,2.8228,7.9069,1451,3055.46
987029,3.0047,3.8116,9.6319,1427,3055.46
987034,0.4537,0.2286,13.1956,1427,3055.46
987039,-6.0968,-0.7207,12.2727,1433,3055.46
987044,-1.0487,2.9042,7.8266,1431,3055.3
987049,3.2477,3.8188,9.8545,1429,3055.3
987054,-0.0443,-0.1293,13.5009,1418,3055.3
987059,-6.3542,-0.2933,11.88,1429,3055.3
987064,-0.2993,3.0418,7.8195,1440,3054.83
987069,3.462,3.7481,10.0999,1428,3054.83
987074,-0.6105,-0.4537,13.617,1423,3054.83
987079,-6.5517,0.1568,11.5305,1429,3054.83
987084,0.3148,3.0993,7.8518,1443,3054.52
987089,3.6284,3.6081,10.3118,1432,3054.52
987094,-1.2306,-0.7518,13.8397,1421,3054.52
987099,-6.6008,0.5794,11.1414,1423,3054.52
987104,0.8164,3.1843,7.9152,1436,3054.21
987109,3.8128,3.4022,10.5943,1428,3054.21
987114,-1.7765,-1.0499,13.9247,1423,3054.21
987119,-6.6583,0.9697,10.7823,1427,3054.21
987124,1.2857,3.2968,7.9906,1436,3054.21
987129,3.8834,3.219,10.8314,1427,3054.21
987134,-2.3367,-1.3252,14.0037,1427,3054.21
987139,-6.4907,1.3132,10.3585,1433,3054.21
987144,1.5742,3.3459,8.1738,1432,3054.21
987149,3.8559,2.9772,11.1342,1426,3054.21
987154,-2.8659,-1.5335,13.9714,1421,3054.21
987159,-6.2537,1.634,10.0054,1431,3054.21
987164,1.8507,3.4393,8.3689,1435,3054.52
987169,3.7397,2.6647,11.4024,1422,3054.52
987174,-3.4357,-1.7166,13.9414,1423,3054.52
987179,-5.9113,1.8926,9.6067,1428,3054.52
987184,2.083,3.4812,8.5353,1434,3055.15
987189,3.5063,2.381,11.7064,1434,3055.15
987194,-3.954,-1.7142,13.787,1422,3055.15
987199,-5.3702,2.1739,9.2416,1453,3054.99
987204,2.2589,3.6009,8.758,1427,3054.99
987209,3.1436,1.9632,12.0357,1427,3054.99
987214,-4.391,-1.7921,13.617,1431,3054.99
987219,-4.7633,2.3607,8.8382,1450,3055.15
987224,2.4038,3.6524,8.9854,1427,3055.15
987229,2.654,1.5263,12.2942,1417,3055.15
987234,-4.8016,-1.6364,13.3944,1427,3055.15
987239,-3.9816,2.5618,8.5557,1437,3055.15
987244,2.5594,3.7709,9.1411,1427,3055.15
987249,2.0806,1.1372,12.5396,1427,3055.15
987254,-5.1679,-1.5179,13.1525,1428,3055.15
987259,-3.2142,2.6193,8.2684,1461,3055.46
987264,2.7222,3.8247,9.2991,1433,3055.46
987269,1.5251,0.8499,12.8198,1426,3055.46
987274,-5.5964,-1.2785,12.797,1423,3055.46
987279,-2.4026,2.7426,8.0385,1443,3055.77
987284,2.879,3.8331,9.4655,1428,3055.77
987289,0.8882,0.4645,13.0412,1428,3055.77
987294,-5.9041,-0.923,12.4941,1427,3055.77
987299,-1.6257,2.8599,7.9511,1453,3055.92
987304,3.1232,3.8271,9.6881,1433,3055.92
987309,0.3412,0.1221,13.2723,1425,3055.92
987314,-6.2058,-0.5842,12.1709,1431,3055.92
987319,-0.8236,2.9221,7.8111,1448,3056.23
987324,3.3806,3.7948,9.845,1430,3056.23
987329,-0.2418,-0.2143,13.5165,1421,3056.23
987334,-6.4189,-0.1329,11.8369,1430,3056.23
987339,-0.1209,3.0921,7.7967,1444,3056.7
987344,3.5494,3.6823,10.1011,1429,3056.7
987349,-0.7901,-0.492,13.7415,1421,3056.7
987354,-6.5673,0.249,11.4371,1421,3056.7
987359,0.5459,3.2274,7.8195,1435,3056.86
987364,3.7673,3.5566,10.3609,1432,3056.86
987369,-1.3479,-0.8212,13.951,1423,3056.86
987374,-6.6822,0.723,11.0241,1427,3056.86
987379,1.0523,3.322,7.8817,1437,3056.7
987384,3.9025,3.3962,10.641,1427,3056.7
987389,-2.0183,-1.1097,13.9989,1423,3056.7
987394,-6.5948,1.1013,10.5967,1430,3056.7
987399,1.4617,3.3411,8.0649,1437,3056.86
987404,3.9768,3.1065,10.9008,1427,3056.86
987409,-2.5702,-1.3731,14.0731,1422,3056.86
987414,-6.3997,1.4664,10.1873,1435,3056.86
987419,1.7621,3.3962,8.1858,1433,3056.86
987424,3.9061,2.8479,11.1989,1429,3056.86
987429,-3.1867,-1.5538,13.9821,1425,3056.86
987434,-6.0849,1.8316,9.7923,1425,3056.86
987439,2.0566,3.4884,8.3965,1437,3057.01
987444,3.6727,2.4588,11.5676,1432,3057.01
987449,-3.6739,-1.7119,13.8876,1422,3057.01
987454,-5.6204,2.0458,9.3051,1444,3057.17
987459,2.2063,3.5841,8.6203,1423,3057.17
987464,3.3998,2.0853,11.8609,1432,3057.17
987469,-4.1851,-1.7777,13.7415,1431,3057.17
987474,-4.9907,2.3032,8.9807,1459,3057.32
987479,2.387,3.6547,8.8298,1428,3057.32
987484,2.8982,1.7298,12.1997,1425,3057.32
987489,-4.634,-1.7478,13.5189,1427,3057.32
987494,-4.2593,2.4289,8.6143,1451,3057.48
987499,2.5259,3.6895,8.9675,1429,3057.48
987504,2.3463,1.3108,12.4702,1426,3057.48
987509,-5.0542,-1.6388,13.2387,1426,3057.48
987514,-3.4441,2.575,8.3163,1453,3057.48
987519,2.745,3.7242,9.2225,1432,3057.48
987524,1.6819,0.9325,12.8078,1427,3057.48
987529,-5.436,-1.3791,12.8964,1429,3057.48
987534,-2.6097,2.7031,8.0194,1451,3057.01
987539,2.909,3.8271,9.4104,1430,3057.01
987544,1.0666,0.5686,13.0568,1429,3057.01
987549,-5.7557,-1.1169,12.6366,1427,3057.01
987554,-1.7885,2.8084,7.847,1449,3056.86
987559,3.1232,3.8223,9.5397,1425,3056.86
987564,0.5363,0.2394,13.3501,1427,3056.86
987569,-6.1136,-0.7266,12.2835,1431,3056.86
987574,-0.9685,2.8994,7.7309,1433,3056.86
987579,3.3004,3.784,9.7947,1427,3056.86
987584,-0.1437,-0.0778,13.6027,1419,3056.86
987589,-6.3039,-0.3484,11.9255,1429,3056.86
987594,-0.2502,2.9928,7.6172,1439,3056.55
987599,3.5865,3.7493,10.0126,1428,3056.55
987604,-0.6955,-0.3388,13.8445,1426,3056.55
987609,-6.4835,0.0874,11.5652,1427,3056.55
987614,0.3579,3.0418,7.5812,1439,3057.48
987619,3.7457,3.6176,10.307,1435,3057.48
987624,-1.2989,-0.6812,13.9845,1422,3057.48
987629,-6.5936,0.5387,11.1414,1423,3057.48
987634,0.9325,3.1029,7.6327,1435,3057.17
987639,3.9552,3.4596,10.5836,1428,3057.17
987644,-1.9106,-1.008,14.0336,1425,3057.17
987649,-6.5302,0.9577,10.7895,1426,3057.17
987654,1.3743,3.1603,7.7476,1437,3057.17
987659,4.0235,3.2034,10.9451,1427,3057.17
987664,-2.4948,-1.2953,14.109,1425,3057.17
987669,-6.3782,1.3312,10.2747,1433,3057.17
987674,1.6616,3.2597,7.932,1435,3057.32
987679,3.9528,2.8946,11.3018,1427,3057.32
987684,-3.061,-1.47,14.0719,1421,3057.32
987689,-6.0609,1.6843,9.8258,1432,3057.32
987694,1.9333,3.3722,8.0685,1437,3057.01
987699,3.7493,2.557,11.6801,1427,3057.01
987704,-3.614,-1.6807,13.9618,1423,3057.01
987709,-5.6383,1.9309,9.408,1429,3057.01
987714,2.1943,3.4321,8.2432,1434,3057.17
987719,3.4477,2.2661,12.0069,1435,3057.17
987724,-4.1456,-1.7765,13.8014,1423,3057.17
987729,-5.041,2.1835,8.9723,1455,3056.86
987734,2.3619,3.4704,8.4803,1421,3056.86
987739,2.9532,1.8783,12.3421,1427,3056.86
987744,-4.5801,-1.7693,13.5799,1431,3056.86
987749,-4.3658,2.3188,8.6024,1435,3057.01
987754,2.5402,3.559,8.7029,1423,3057.01
987759,2.3331,1.4748,12.6785,1425,3057.01
987764,-4.9799,-1.6783,13.3489,1427,3057.01
987769,-3.6332,2.4349,8.3713,1439,3056.39
987774,2.6875,3.6152,8.8957,1428,3056.39
987779,1.7669,1.1205,12.9299,1427,3056.39
987784,-5.3762,-1.4832,13.0532,1423,3056.39
987789,-2.8,2.551,8.011,1451,3057.17
987794,2.8934,3.6512,9.1447,1432,3057.17
987799,1.1552,0.7314,13.1921,1421,3057.17
987804,-5.7138,-1.1791,12.7886,1427,3057.17
987809,-2.0147,2.6815,7.7812,1447,3057.17
987814,3.0933,3.7278,9.3422,1429,3057.17
987819,0.5531,0.3891,13.4434,1430,3057.17
987824,-6.013,-0.8607,12.4343,1429,3057.17
987829,-1.1911,2.7713,7.6052,1453,3057.79
987834,3.3196,3.7362,9.7097,1431,3057.79
987839,-0.079,0.006,13.7188,1427,3057.79
987844,-6.3099,-0.4812,12.0416,1431,3057.79
987849,-0.3998,2.873,7.5657,1452,3057.95
987854,3.5865,3.6595,9.8916,1426,3057.95
987859,-0.6177,-0.3005,13.8433,1421,3057.95
987864,-6.4823,-0.0168,11.6382,1429,3057.95
987869,0.1736,2.9401,7.6016,1440,3058.1
987874,3.814,3.5614,10.1766,1432,3058.1
987879,-1.227,-0.6285,14.0097,1427,3058.1
987884,-6.6224,0.4142,11.248,1425,3058.1
987889,0.7817,3.0215,7.5621,1437,3058.1
987894,3.9492,3.4321,10.562,1431,3058.1
987899,-1.8268,-0.9888,14.0983,1421,3058.1
987904,-6.5541,0.8583,10.8481,1427,3058.1
987909,1.2294,3.1268,7.7165,1437,3057.79
987914,3.9672,3.219,10.914,1427,3057.79
987919,-2.4397,-1.2773,14.1138,1427,3057.79
987924,-6.4596,1.3072,10.2999,1432,3057.79
987929,1.5646,3.2417,7.8422,1436,3057.64
987934,3.9684,2.9951,11.3162,1426,3057.64
987939,-3.067,-1.5251,14.109,1421,3057.64
987944,-6.1974,1.6305,9.9359,1431,3057.64
987949,1.8926,3.3004,8.1139,1436,3057.32
987954,3.7421,2.6767,11.5628,1431,3057.32
987959,-3.5757,-1.6783,13.9702,1427,3057.32
987964,-5.7054,1.895,9.4559,1427,3057.32
987969,2.1332,3.3986,8.3115,1435,3057.48
987974,3.4465,2.3367,11.9638,1431,3057.48
987979,-4.0654,-1.8052,13.8397,1422,3057.48
987984,-5.2062,2.0901,8.9878,1451,3057.64
987989,2.3224,3.5434,8.5904,1423,3057.64
987994,2.9616,1.9369,12.2032,1427,3057.64
987999,-4.5669,-1.8256,13.6027,1431,3057.64
988004,-4.5191,2.2913,8.6874,1435,3057.95
988009,2.4457,3.5793,8.8334,1429,3057.95
988014,2.4576,1.5287,12.4858,1421,3057.95
988019,-4.9608,-1.719,13.4219,1429,3057.95
988024,-3.784,2.4445,8.3582,1451,3058.1
988029,2.5438,3.7134,9.0561,1427,3058.1
988034,1.8483,1.1301,12.8605,1423,3058.1
988039,-5.363,-1.4796,13.0699,1425,3058.1
988044,-2.9688,2.569,8.0948,1451,3058.26
988049,2.7737,3.7182,9.2668,1435,3058.26
988054,1.2306,0.7123,13.0173,1420,3058.26
988059,-5.7593,-1.1875,12.7443,1427,3058.26
988064,-2.1117,2.7294,7.9487,1451,3058.1
988069,2.9999,3.7673,9.5265,1431,3058.1
988074,0.6632,0.3364,13.2866,1427,3058.1
988079,-6.104,-0.8464,12.4199,1425,3058.1
988084,-1.2869,2.8395,7.7608,1448,3058.26
988089,3.2465,3.7984,9.7264,1431,3058.26
988094,-0.0132,0.0335,13.5452,1421,3058.26
988099,-6.3961,-0.4166,12.044,1437,3058.26
988104,-0.5387,2.9556,7.7596,1452,3058.26
988109,3.4752,3.7338,9.9707,1426,3058.26
988114,-0.583,-0.3196,13.7559,1421,3058.26
988119,-6.5841,0.0263,11.6406,1427,3058.26
988124,0.17,3.0478,7.7069,1439,3058.42
988129,3.6452,3.6715,10.3058,1431,3058.42
988134,-1.2198,-0.6764,13.963,1426,3058.42
988139,-6.6906,0.48,11.2719,1423,3058.42
988144,0.7626,3.1448,7.7632,1431,3058.57
988149,3.8367,3.4536,10.5082,1437,3058.57
988154,-1.8052,-0.9493,13.9953,1420,3058.57
988159,-6.675,0.9421,10.8936,1425,3058.57
988164,1.2318,3.2178,7.9392,1435,3058.42
988169,3.9421,3.2621,10.8936,1427,3058.42
988174,-2.4325,-1.2821,14.0659,1423,3058.42
988179,-6.5122,1.3443,10.3789,1431,3058.42
988184,1.6017,3.3243,8.0673,1435,3057.79
988189,3.9828,3.0203,11.1977,1423,3057.79
988194,-3.0251,-1.5239,14.0815,1425,3057.79
988199,-6.2584,1.6795,10.0269,1433,3057.79
988204,1.883,3.4668,8.2408,1434,3057.01
988209,3.7816,2.6516,11.4826,1421,3057.01
988214,-3.5338,-1.6795,13.9594,1420,3057.01
988219,-5.8107,1.9333,9.517,1419,3057.01
988224,2.1093,3.4812,8.3917,1437,3056.23
988229,3.4632,2.3104,11.7938,1431,3056.23
988234,-4.051,-1.7466,13.8086,1419,3056.23
988239,-5.2744,2.1632,9.1051,1437,3057.01
988244,2.2517,3.559,8.6538,1421,3057.01
988249,3.0801,1.9776,12.0931,1435,3057.01
988254,-4.5346,-1.6879,13.623,1431,3057.01
988259,-4.628,2.3727,8.7783,1451,3057.17
988264,2.4014,3.6368,8.8717,1426,3057.17
988269,2.5618,1.5251,12.4379,1423,3057.17
988274,-4.9512,-1.6771,13.4159,1431,3057.17
988279,-3.8343,2.5007,8.4803,1453,3057.01
988284,2.563,3.7397,9.0058,1427,3057.01
988289,1.9345,1.1851,12.7108,1428,3057.01
988294,-5.3391,-1.4365,13.0891,1421,3057.01
988299,-3.0754,2.6408,8.2265,1446,3057.17
988304,2.7821,3.7936,9.2919,1437,3057.17
988309,1.3288,0.7374,12.9778,1421,3057.17
988314,-5.6623,-1.172,12.7862,1423,3057.17
988319,-2.2218,2.733,7.9918,1449,3057.17
988324,2.9975,3.8618,9.5265,1424,3057.17
988329,0.7853,0.4345,13.1849,1427,3057.17
988334,-6.0071,-0.8332,12.4403,1427,3057.17
988339,-1.3479,2.8611,7.9116,1447,3057.48
988344,3.2238,3.8104,9.7073,1427,3057.48
988349,0.1401,0.0599,13.4794,1427,3057.48
988354,-6.2644,-0.4585,12.0979,1435,3057.48
988359,-0.583,2.9449,7.7488,1447,3057.64
988364,3.4453,3.7709,9.9659,1431,3057.64
988369,-0.4525,-0.2574,13.6865,1421,3057.64
988374,-6.4787,-0.018,11.6933,1429,3057.64
988379,0.0898,3.0777,7.7464,1439,3057.48
988384,3.6332,3.6547,10.1933,1421,3057.48
988389,-1.0666,-0.6105,13.8672,1427,3057.48
988394,-6.6403,0.3938,11.2934,1429,3057.48
988399,0.6488,3.1436,7.7931,1437,3057.48
988404,3.8607,3.5195,10.4519,1431,3057.48
988409,-1.6652,-0.9026,14.0336,1421,3057.48
988414,-6.6379,0.8739,10.8781,1427,3057.48
988419,1.1313,3.2621,7.9248,1436,3057.32
988424,3.9947,3.2801,10.7164,1428,3057.32
988429,-2.1943,-1.2246,14.0695,1427,3057.32
988434,-6.5577,1.2342,10.4675,1423,3057.32
988439,1.5371,3.3232,8.0744,1437,3057.48
988444,3.9792,3.055,11.1223,1429,3057.48
988449,-2.8383,-1.4688,14.0599,1420,3057.48
988454,-6.2836,1.5993,10.0616,1433,3057.48
988459,1.8471,3.4022,8.1918,1429,3057.17
988464,3.8499,2.7569,11.3844,1427,3057.17
988469,-3.3291,-1.6281,13.9666,1422,3057.17
988474,-5.9161,1.8519,9.5624,1432,3057.17
988479,2.0722,3.5003,8.418,1437,3057.01
988484,3.6595,2.4289,11.7567,1428,3057.01
988489,-3.9085,-1.7406,13.8564,1423,3057.01
988494,-5.4121,2.1488,9.2093,1431,3057.01
988499,2.2829,3.5745,8.6562,1434,3057.17
988504,3.2633,1.9668,12.0919,1433,3057.17
988509,-4.397,-1.7681,13.6793,1427,3057.17
988514,-4.7393,2.3212,8.8214,1455,3057.48
988519,2.4349,3.6212,8.8573,1420,3057.48
988524,2.7737,1.5874,12.2978,1427,3057.48
988529,-4.7932,-1.6819,13.4183,1433,3057.48
988534,-4.0127,2.4864,8.4683,1444,3057.01
988539,2.6121,3.7194,9.0297,1429,3057.01
988544,2.1572,1.2007,12.6593,1425,3057.01
988549,-5.2026,-1.5574,13.1382,1427,3057.01
988554,-3.1879,2.6121,8.2432,1455,3056.86
988559,2.7641,3.7637,9.3003,1429,3056.86
988564,1.5538,0.7925,12.8533,1423,3056.86
988569,-5.5198,-1.2833,12.821,1427,3056.86
988574,-2.3942,2.715,8.0002,1453,3056.7
988579,2.9604,3.7613,9.3709,1433,3056.7
988584,1.008,0.4453,13.0819,1427,3056.7
988589,-5.9209,-0.9565,12.4606,1427,3056.7
988594,-1.6005,2.8252,7.8602,1450,3056.86
988599,3.14,3.7505,9.7109,1427,3056.86
988604,0.3256,0.1293,13.3728,1429,3056.86
988609,-6.1794,-0.5483,12.1147,1430,3056.86
988614,-0.8356,2.9341,7.7608,1439,3057.17
988619,3.4034,3.7493,9.839,1431,3057.17
988624,-0.2358,-0.1939,13.6098,1421,3057.17
988629,-6.4201,-0.1389,11.7831,1429,3057.17
988634,-0.091,3.0442,7.7584,1451,3056.86
988639,3.6344,3.6236,10.1059,1427,3056.86
988644,-0.7877,-0.5854,13.8014,1423,3056.86
988649,-6.5876,0.3089,11.3856,1421,3056.86
988654,0.5219,3.152,7.7955,1444,3056.55
988659,3.8152,3.5386,10.3896,1432,3056.55
988664,-1.3647,-0.8559,13.9307,1427,3056.55
988669,-6.6188,0.656,11.0217,1422,3056.55
988674,1.0499,3.2118,7.8685,1431,3056.7
988679,3.9768,3.3088,10.6734,1429,3056.7
988684,-1.9656,-1.1732,13.9486,1421,3056.7
988689,-6.5733,1.0558,10.5836,1421,3056.7
988694,1.4341,3.2633,8.0876,1437,3056.7
988699,4.0043,3.0849,11.0049,1427,3056.7
988704,-2.6013,-1.3886,14.0073,1423,3056.7
988709,-6.4356,1.4712,10.1442,1431,3056.7
988714,1.7382,3.3291,8.1762,1434,3056.39
988719,3.9456,2.7617,11.2527,1427,3056.39
988724,-3.1795,-1.6245,13.9438,1423,3056.39
988729,-6.0573,1.7825,9.7671,1435,3056.39
988734,1.9788,3.4333,8.3378,1437,3056.39
988739,3.7565,2.4792,11.6286,1427,3056.39
988744,-3.7158,-1.7777,13.8397,1421,3056.39
988749,-5.5905,2.0578,9.3075,1427,3056.39
988754,2.1823,3.5243,8.5293,1433,3056.39
988759,3.4034,2.0686,11.9147,1432,3056.39
988764,-4.2222,-1.8387,13.6661,1419,3056.39
988769,-4.9249,2.2697,8.9651,1453,3056.7
988774,2.4062,3.5949,8.7424,1423,3056.7
988779,2.8886,1.7059,12.1673,1432,3056.7
988784,-4.6771,-1.798,13.4638,1445,3056.7
988789,-4.2677,2.3906,8.6239,1439,3056.39
988794,2.5498,3.6164,8.9603,1429,3056.39
988799,2.2996,1.3144,12.4989,1423,3056.39
988804,-5.0542,-1.64,13.2148,1435,3056.39
988809,-3.4441,2.5582,8.3378,1451,3056.39
988814,2.6408,3.6859,9.1818,1429,3056.39
988819,1.7023,0.9577,12.7802,1427,3056.39
988824,-5.4312,-1.397,12.9419,1421,3056.39
988829,-2.745,2.6564,8.0888,1451,3056.39
988834,2.8419,3.6943,9.323,1431,3056.39
988839,1.1408,0.5854,13.0257,1427,3056.39
988844,-5.8179,-1.0786,12.6079,1427,3056.39
988849,-1.8567,2.8048,7.944,1452,3056.55
988854,3.067,3.7876,9.5864,1429,3056.55
988859,0.5171,0.255,13.3142,1425,3056.55
988864,-6.0932,-0.7195,12.2428,1427,3056.55
988869,-1.0965,2.8826,7.7847,1451,3056.55
988874,3.2585,3.7182,9.7947,1429,3056.55
988879,-0.012,-0.1305,13.5727,1423,3056.55
988884,-6.3758,-0.3376,11.9411,1435,3056.55
988889,-0.3472,2.9688,7.7273,1445,3056.55
988894,3.5027,3.6978,10.0341,1429,3056.55
988899,-0.6345,-0.4202,13.6541,1421,3056.55
988904,-6.5661,0.0718,11.4994,1429,3056.55
988909,0.3017,3.073,7.78,1440,3056.39
988914,3.6655,3.5506,10.3046,1427,3056.39
988919,-1.2067,-0.7087,13.866,1425,3056.39
988924,-6.6655,0.5255,11.1749,1427,3056.39
988929,0.8164,3.1783,7.859,1440,3056.39
988934,3.8343,3.3998,10.568,1433,3056.39
988939,-1.7873,-1.0116,13.939,1420,3056.39
988944,-6.6858,0.9625,10.7476,1425,3056.39
988949,1.2701,3.2417,7.9703,1437,3056.39
988954,3.9468,3.1735,10.8445,1429,3056.39
988959,-2.399,-1.3348,14.0109,1426,3056.39
988964,-6.5086,1.3455,10.3202,1427,3056.39
988969,1.6269,3.3459,8.1271,1436,3056.55
988974,3.9373,2.9413,11.1701,1427,3056.55
988979,-2.9688,-1.5718,14.0133,1427,3056.55
988984,-6.2429,1.6604,9.9192,1432,3056.55
988989,1.9094,3.4536,8.3522,1431,3056.55
988994,3.8116,2.6061,11.5089,1429,3056.55
988999,-3.5135,-1.7322,13.9139,1421,3056.55
989004,-5.8203,1.9549,9.4655,1431,3056.55
989009,2.1153,3.4716,8.497,1433,3056.55
989014,3.4776,2.2338,11.7256,1427,3056.55
989019,-4.045,-1.804,13.8098,1421,3056.55
989024,-5.2732,2.1787,9.1566,1428,3056.55
989029,2.247,3.5602,8.7472,1433,3056.86
989034,3.0538,1.883,12.0416,1433,3056.86
989039,-4.5274,-1.8028,13.629,1423,3056.86
989044,-4.628,2.3331,8.7544,1452,3056.86
989049,2.4409,3.6021,8.9184,1421,3056.86
989054,2.5809,1.4964,12.3924,1427,3056.86
989059,-4.962,-1.6592,13.4195,1433,3056.86
989064,-3.7972,2.4995,8.4874,1447,3056.86
989069,2.5486,3.6679,9.1435,1431,3056.86
989074,1.9764,1.0534,12.639,1427,3056.86
989079,-5.3175,-1.4581,13.0807,1427,3056.86
989084,-3.0347,2.624,8.1415,1454,3056.7
989089,2.7294,3.7697,9.323,1429,3056.7
989094,1.3838,0.7506,12.9742,1429,3056.7
989099,-5.6946,-1.1612,12.7922,1428,3056.7
989104,-2.1548,2.7821,7.9847,1455,3056.55
989109,2.9724,3.8044,9.5421,1431,3056.55
989114,0.7302,0.3567,13.1382,1426,3056.55
989119,-6.0023,-0.8799,12.4319,1427,3056.55
989124,-1.415,2.8659,7.8578,1449,3056.55
989129,3.1687,3.7649,9.7588,1427,3056.55
989134,0.1856,0.0694,13.4303,1429,3056.55
989139,-6.3099,-0.4669,12.1242,1423,3056.55
989144,-0.6261,2.9652,7.8195,1451,3056.23
989149,3.4046,3.7062,9.9467,1429,3056.23
989154,-0.4549,-0.2837,13.5763,1426,3056.23
989159,-6.4931,-0.0706,11.6861,1431,3056.23
989164,0.067,3.0765,7.8243,1447,3056.55
989169,3.6033,3.626,10.1969,1427,3056.55
989174,-1.0163,-0.6141,13.8265,1423,3056.55
989179,-6.6583,0.4345,11.3018,1443,3056.55
989184,0.6309,3.1388,7.8159,1440,3057.01
989189,3.8116,3.48,10.4686,1431,3057.01
989194,-1.6053,-0.972,13.9211,1427,3057.01
989199,-6.6978,0.8332,10.9654,1420,3057.01
989204,1.16,3.2705,7.9404,1433,3057.64
989209,3.9648,3.2836,10.7308,1433,3057.64
989214,-2.2194,-1.2306,14.0276,1423,3057.64
989219,-6.5685,1.245,10.4782,1427,3057.64
989224,1.5371,3.3962,8.0625,1435,3058.26
989229,4.0247,3.037,11.0516,1429,3058.26
989234,-2.8635,-1.4868,14.0228,1426,3058.26
989239,-6.3722,1.5862,10.076,1430,3058.26
989244,1.8244,3.4333,8.2313,1433,3058.42
989249,3.8858,2.7222,11.3473,1427,3058.42
989254,-3.4465,-1.6592,13.9929,1421,3058.42
989259,-5.9412,1.8866,9.6091,1433,3058.42
989264,2.0482,3.5063,8.4036,1436,3058.73
989269,3.6152,2.3727,11.6981,1427,3058.73
989274,-3.9397,-1.7573,13.8277,1423,3058.73
989279,-5.4217,2.1464,9.2213,1429,3058.73
989284,2.2565,3.5195,8.6131,1427,3058.57
989289,3.2441,1.9764,12.0237,1432,3058.57
989294,-4.464,-1.7633,13.623,1420,3058.57
989299,-4.7202,2.3643,8.8681,1462,3058.42
989304,2.399,3.6296,8.8262,1425,3058.42
989309,2.6552,1.5239,12.3541,1431,3058.42
989314,-4.8495,-1.6688,13.3776,1432,3058.42
989319,-3.9433,2.5355,8.497,1451,3058.42
989324,2.5546,3.705,9.0537,1427,3058.42
989329,2.0877,1.1384,12.6246,1421,3058.42
989334,-5.2816,-1.5251,13.1274,1429,3058.42
989339,-3.1256,2.6169,8.2384,1435,3058.26
989344,2.727,3.8056,9.2763,1421,3058.26
989349,1.47,0.7697,12.8964,1426,3058.26
989354,-5.6874,-1.1935,12.8114,1429,3058.26
989359,-2.2458,2.7593,8.0182,1454,3058.26
989364,2.9018,3.8032,9.4332,1432,3058.26
989369,0.7913,0.4166,13.2196,1425,3058.26
989374,-6.0166,-0.8871,12.5336,1426,3058.26
989379,-1.421,2.8443,7.8578,1452,3058.26
989384,3.1508,3.7888,9.6857,1422,3058.26
989389,0.2107,0.073,13.4458,1426,3058.26
989394,-6.3422,-0.4453,12.0991,1429,3058.26
989399,-0.7135,2.9616,7.7895,1450,3058.1
989404,3.4034,3.711,9.9407,1428,3058.1
989409,1.1983,0.6021,13.04,1420,3058.1
989414,-5.7521,-1.0666,12.6354,1432,3058.1
989419,-1.9501,2.7928,7.9535,1439,3057.32
989424,3.0526,3.8307,9.5565,1429,3057.32
989429,0.5806,0.2777,13.2806,1421,3057.32
989434,-6.098,-0.7123,12.3182,1429,3057.32
989439,-1.1121,2.9018,7.8673,1440,3058.42
989444,3.2489,3.7601,9.7336,1429,3058.42
989449,0.0108,-0.0994,13.5177,1420,3058.42
989454,-6.3422,-0.2885,11.8848,1429,3058.42
989459,-0.3579,3.0239,7.7752,1432,3057.32
989464,3.4824,3.7074,9.9766,1429,3057.32
989469,-0.6009,-0.3903,13.6589,1423,3057.32
989474,-6.4739,0.1065,11.5412,1429,3057.32
989479,0.2993,3.1077,7.774,1433,3057.32
989484,3.723,3.6272,10.2316,1429,3057.32
989489,-1.1624,-0.7446,13.854,1425,3057.32
989494,-6.6248,0.5255,11.1785,1431,3057.32
989499,0.832,3.1963,7.847,1437,3057.48
989504,3.8918,3.4584,10.4938,1425,3057.48
989509,-1.7502,-1.0092,13.9211,1423,3057.48
989514,-6.6379,0.9445,10.6949,1432,3057.48
989519,1.318,3.2705,7.9942,1433,3057.64
989524,4.0235,3.1855,10.8038,1429,3057.64
989529,-2.3798,-1.3204,14.0133,1426,3057.64
989534,-6.4943,1.3431,10.3011,1427,3057.64
989539,1.64,3.3842,8.1367,1434,3057.32
989544,3.9816,2.9497,11.1701,1429,3057.32
989549,-2.9664,-1.5323,13.9678,1422,3057.32
989554,-6.2094,1.6616,9.8593,1454,3057.48
989559,1.9297,3.4201,8.3546,1421,3057.48
989564,3.8427,2.5402,11.4563,1429,3057.48
989569,-3.5051,-1.6616,13.951,1435,3057.48
989574,-5.788,1.986,9.4571,1437,3057.32
989579,2.1201,3.5422,8.5006,1426,3057.32
989584,3.5255,2.247,11.7364,1421,3057.32
989589,-4.033,-1.7909,13.8026,1432,3057.32
989594,-5.1727,2.1907,9.0692,1455,3057.01
989599,2.3272,3.6057,8.6969,1429,3057.01
989604,3.1232,1.8268,12.0895,1426,3057.01
989609,-4.5011,-1.8244,13.6134,1427,3057.01
989614,-4.5023,2.3834,8.6754,1453,3056.23
989619,2.4948,3.65,8.8585,1429,3056.23
989624,2.575,1.4269,12.3756,1423,3056.23
989629,-4.9033,-1.6867,13.295,1427,3056.23
989634,-3.7529,2.5007,8.3869,1453,3056.39
989639,2.6025,3.735,9.1435,1429,3056.39
989644,1.9704,1.0104,12.627,1428,3056.39
989649,-5.2972,-1.482,13.0472,1426,3056.39
989654,-2.8814,2.6432,8.1056,1451,3056.39
989659,2.818,3.7373,9.3027,1429,3056.39
989664,1.3563,0.6788,12.9215,1425,3056.39
989669,-5.6324,-1.1983,12.7443,1433,3056.39
989674,-2.0674,2.7557,7.9643,1447,3056.7
989679,2.9592,3.79,9.4846,1435,3056.7
989684,0.7805,0.3472,13.1956,1419,3056.7
989689,-5.9664,-0.9002,12.3768,1428,3056.7
989694,-1.2857,2.879,7.8254,1443,3057.17
989699,3.1891,3.7565,9.7528,1429,3057.17
989704,0.1891,-0.0431,13.4494,1427,3057.17
989709,-6.2788,-0.4836,12.0213,1428,3057.17
989714,-0.5531,2.9652,7.7548,1438,3057.64
989719,3.4405,3.7146,9.9264,1433,3057.64
989724,-0.419,-0.3591,13.6398,1421,3057.64
989729,-6.4715,-0.0503,11.6574,1419,3057.64
989734,0.1293,3.0311,7.7608,1435,3058.42
989739,3.6727,3.6093,10.1766,1429,3058.42
989744,-0.9685,-0.6656,13.8469,1427,3058.42
989749,-6.6547,0.3962,11.2444,1427,3058.42
989754,0.7362,3.1568,7.7704,1437,3059.04
989759,3.9433,3.4548,10.4267,1427,3059.04
989764,-1.6376,-1.0211,13.9211,1426,3059.04
989769,-6.6714,0.8056,10.7536,1435,3059.04
989774,1.2342,3.2274,7.9368,1433,3059.2
989779,3.9887,3.2429,10.7655,1428,3059.2
989784,-2.3032,-1.3168,14.0252,1423,3059.2
989789,-6.5553,1.2773,10.404,1427,3059.2
989794,1.6281,3.3794,8.1307,1437,3059.66
989799,4.033,2.9736,11.1151,1431,3059.66
989804,-2.9102,-1.579,14.0049,1423,3059.66
989809,-6.3255,1.6293,9.8701,1439,3059.51
989814,1.9297,3.3615,8.2361,1419,3059.51
989819,3.9014,2.6073,11.4156,1432,3059.51
989824,-3.5255,-1.7095,13.9343,1431,3059.51
989829,-5.849,1.9154,9.505,1453,3059.98
989834,2.0806,3.456,8.4503,1427,3059.98
989839,3.571,2.2613,11.7555,1427,3059.98
989844,-4.0354,-1.8004,13.775,1431,3059.98
989849,-5.2912,2.1632,9.092,1453,3060.13
989854,2.2901,3.5494,8.6682,1427,3060.13
989859,3.158,1.7861,12.1135,1423,3060.13
989864,-4.5633,-1.7992,13.5584,1421,3060.13
989869,-4.5502,2.375,8.7269,1455,3060.13
989874,2.4253,3.6236,8.8729,1429,3060.13
989879,2.5462,1.3551,12.4379,1423,3060.13
989884,-4.9991,-1.7142,13.3309,1427,3060.13
989889,-3.7146,2.5259,8.4204,1449,3059.82
989894,2.6181,3.6943,9.1147,1427,3059.82
989899,1.9525,0.9625,12.6988,1428,3059.82
989904,-5.4408,-1.4461,13.064,1427,3059.82
989909,-2.8323,2.6767,8.1403,1451,3059.51
989914,2.8359,3.7876,9.3266,1429,3059.51
989919,1.2534,0.6165,13.0041,1422,3059.51
989924,-5.7904,-1.1229,12.6809,1435,3059.51
989929,-1.9776,2.806,7.9583,1434,3058.88
989934,3.0191,3.7613,9.5325,1431,3058.88
989939,0.6285,0.2418,13.2519,1419,3058.88
989944,-6.1064,-0.7997,12.3457,1429,3058.88
989949,-1.1456,2.8946,7.8147,1439,3058.42
989954,3.2525,3.7541,9.7564,1429,3058.42
989959,0.0419,-0.0898,13.5033,1427,3058.42
989964,-6.3554,-0.3388,11.959,1427,3058.42
989969,-0.4178,3.0059,7.8123,1439,3058.26
989974,3.456,3.6739,9.9551,1433,3058.26
989979,-0.583,-0.4465,13.6434,1419,3058.26
989984,-6.6104,0.0299,11.5903,1423,3058.26
989989,0.2538,3.1137,7.8374,1432,3059.04
989994,3.6919,3.5937,10.3118,1427,3059.04
989999,-1.1899,-0.741,13.8971,1423,3059.04
990004,-6.7696,0.5088,11.1642,1427,3059.04
990009,0.8236,3.1687,7.8997,1435,3059.82
990014,3.8391,3.3842,10.4974,1427,3059.82
990019,-1.8591,-1.0523,13.9953,1419,3059.82
990024,-6.7516,0.9505,10.7236,1433,3059.82
990029,1.3659,3.2908,7.9978,1433,3060.44
990034,3.9947,3.1999,10.8541,1427,3060.44
990039,-2.5151,-1.3623,14.0767,1426,3060.44
990044,-6.5805,1.3982,10.3166,1421,3060.44
990049,1.7083,3.3758,8.1535,1433,3060.6
990054,3.9851,2.8491,11.1199,1431,3060.6
990059,-3.1747,-1.6221,14.0192,1421,3060.6
990064,-6.2417,1.737,9.8761,1456,3061.69
990069,1.9549,3.4692,8.3282,1421,3061.69
990074,3.7589,2.5211,11.4682,1445,3061.69
990079,-3.7697,-1.7609,13.957,1429,3061.69
990084,-5.6862,2.0925,9.4439,1437,3061.38
990089,2.1344,3.5171,8.5377,1429,3061.38
990094,3.4381,2.077,11.8429,1426,3061.38
990099,-4.3144,-1.7741,13.8145,1429,3061.38
990104,-5.0314,2.302,9.0166,1459,3060.91
990109,2.3104,3.6045,8.734,1428,3060.91
990114,2.8599,1.6867,12.202,1427,3060.91
990119,-4.7776,-1.7071,13.5308,1423,3060.91
990124,-4.2689,2.4636,8.6503,1455,3060.76
990129,2.4505,3.6763,8.9854,1432,3060.76
990134,2.2841,1.2438,12.5444,1426,3060.76
990139,-5.1918,-1.6221,13.3189,1431,3060.76
990144,-3.401,2.6205,8.3175,1440,3060.6
990149,2.6671,3.729,9.1854,1423,3060.6
990154,1.664,0.8894,12.8724,1429,3060.6
990159,-5.624,-1.2881,12.9275,1431,3060.6
990164,-2.4888,2.7294,8.0421,1451,3060.44
990169,2.8946,3.7721,9.3769,1429,3060.44
990174,0.978,0.4441,13.1238,1427,3060.44
990179,-5.964,-0.9924,12.6067,1431,3060.44
990184,-1.6819,2.8264,7.8566,1437,3059.98
990189,3.0789,3.8092,9.5996,1429,3059.98
990194,0.3735,0.1425,13.3537,1425,3059.98
990199,-6.292,-0.5854,12.1973,1429,3059.98
990204,-0.8104,2.9125,7.7943,1444,3061.07
990209,3.3555,3.7673,9.7947,1431,3061.07
990214,-0.2789,-0.237,13.6541,1427,3061.07
990219,-6.5446,-0.1101,11.8357,1427,3061.07
990224,-0.0539,3.0825,7.7668,1433,3060.76
990229,3.5877,3.6739,10.0808,1429,3060.76
990234,-0.9517,-0.559,13.8241,1427,3060.76
990239,-6.7205,0.322,11.4048,1425,3060.76
990244,0.5638,3.1472,7.768,1433,3060.91
990249,3.8319,3.5626,10.3441,1423,3060.91
990254,-1.5502,-0.8823,14.0109,1427,3060.91
990259,-6.7588,0.8164,10.9966,1431,3060.91
990264,1.0882,3.2717,7.9092,1431,3061.85
990269,3.9983,3.3519,10.6973,1428,3061.85
990274,-2.2422,-1.2414,14.0492,1423,3061.85
990279,-6.6942,1.2881,10.5034,1431,3061.85
990284,1.5311,3.3734,8.0134,1436,3062.16
990289,3.9911,3.0323,11.0181,1421,3062.16
990294,-2.8587,-1.5024,14.0707,1422,3062.16
990299,-6.3698,1.6293,10.0209,1427,3062.16
990304,1.9082,3.4512,8.2576,1433,3062.94
990309,3.8906,2.7031,11.376,1431,3062.94
990314,-3.4943,-1.6831,14.0169,1427,3062.94
990319,-5.9544,1.9537,9.6007,1453,3061.69
990324,2.1332,3.5243,8.442,1422,3061.69
990329,3.5398,2.2577,11.7507,1427,3061.69
990334,-4.0366,-1.7909,13.884,1431,3061.69
990339,-5.3091,2.2446,9.1399,1452,3062.01
990344,2.2948,3.6105,8.679,1429,3062.01
990349,3.2034,1.8926,12.0189,1427,3062.01
990354,-4.5861,-1.7681,13.6877,1427,3062.01
990359,-4.5813,2.4146,8.7891,1439,3060.6
990364,2.4146,3.6607,8.9268,1421,3060.6
990369,2.5654,1.4569,12.4127,1420,3060.6
990374,-5.0338,-1.6376,13.3513,1430,3060.6
990379,-3.7553,2.551,8.3653,1453,3060.6
990384,2.5917,3.7397,9.0513,1421,3060.6
990389,1.968,1.0666,12.7683,1423,3060.6
990394,-5.436,-1.4054,13.0927,1428,3060.6
990399,-2.8539,2.7031,8.1594,1449,3059.66
990404,2.806,3.784,9.2739,1427,3059.66
990409,1.2809,0.6009,12.9802,1429,3059.66
990414,-5.8107,-1.1241,12.6893,1432,3059.66
990419,-1.9944,2.8216,7.9619,1433,3058.42
990424,2.9999,3.8451,9.5421,1427,3058.42
990429,0.6333,0.2658,13.2998,1419,3058.42
990434,-6.098,-0.7602,12.3601,1429,3058.42
990439,-1.1516,2.903,7.8673,1439,3057.64
990444,3.2477,3.814,9.742,1429,3057.64
990449,0.0215,-0.0275,13.4195,1419,3057.64
990454,-6.359,-0.3089,11.9327,1428,3057.64
990459,-0.4381,2.9987,7.75,1439,3056.55
990464,3.4393,3.7254,9.9922,1431,3056.55
990469,-0.5531,-0.3029,13.7367,1425,3056.55
990474,-6.5613,0.1532,11.5975,1427,3056.55
990479,0.1927,3.1304,7.8278,1435,3056.23
990484,3.6332,3.62,10.2723,1434,3056.23
990489,-1.0953,-0.6955,13.811,1426,3056.23
990494,-6.5996,0.5602,11.1725,1427,3056.23
990499,0.7111,3.1975,7.859,1435,3055.46
990504,3.8786,3.4764,10.5273,1427,3055.46
990509,-1.6328,-0.9888,13.9462,1423,3055.46
990514,-6.6415,0.9325,10.8206,1434,3055.46
990519,1.2594,3.2489,7.938,1429,3055.3
990524,3.9265,3.2477,10.7799,1427,3055.3
990529,-2.2865,-1.2522,14.0001,1421,3055.3
990534,-6.5086,1.2761,10.3908,1432,3055.3
990539,1.5538,3.3662,8.1547,1434,3054.99
990544,3.9421,3.0011,11.0828,1427,3054.99
990549,-2.8084,-1.4988,14.0181,1427,3054.99
990554,-6.2584,1.6316,9.997,1428,3054.99
990559,1.883,3.4429,8.272,1435,3055.3
990564,3.8487,2.7138,11.3473,1433,3055.3
990569,-3.3698,-1.6688,14.0037,1421,3055.3
990574,-5.8861,1.889,9.5936,1451,3055.77
990579,2.0901,3.4656,8.5305,1422,3055.77
990584,3.5757,2.3044,11.6622,1429,3055.77
990589,-3.8918,-1.7753,13.8265,1432,3055.77
990594,-5.3474,2.1476,9.1889,1453,3055.92
990599,2.2721,3.5817,8.6323,1428,3055.92
990604,3.2453,1.9632,11.9914,1421,3055.92
990609,-4.3311,-1.7717,13.617,1429,3055.92
990614,-4.7142,2.3595,8.855,1447,3055.92
990619,2.4134,3.6057,8.8933,1423,3055.92
990624,2.7354,1.5275,12.3277,1423,3055.92
990629,-4.7968,-1.7382,13.3561,1427,3055.92
990634,-3.9935,2.4732,8.4623,1455,3055.61
990639,2.575,3.7278,9.0489,1433,3055.61
990644,2.1249,1.2103,12.5612,1421,3055.61
990649,-5.1643,-1.5347,13.1597,1422,3055.61
990654,-3.2286,2.5833,8.2384,1451,3055.77
990659,2.7306,3.7697,9.244,1429,3055.77
990664,1.506,0.7937,12.8724,1429,3055.77
990669,-5.5845,-1.306,12.8473,1426,3055.77
990674,-2.4181,2.7102,8.0194,1449,3055.61
990679,2.9329,3.7876,9.4092,1430,3055.61
990684,0.899,0.5124,13.1466,1428,3055.61
990689,-5.8239,-0.9697,12.4618,1437,3055.61
990694,-1.6065,2.8204,7.9069,1429,3054.99
990699,3.1759,3.8367,9.6869,1429,3054.99
990704,0.3663,0.1233,13.3764,1419,3054.99
990709,-6.1327,-0.6009,12.1745,1428,3054.99
990714,-0.8703,2.9413,7.8051,1439,3055.92
990719,3.383,3.7601,9.9228,1428,3055.92
990724,-0.2274,-0.1999,13.5715,1427,3055.92
990729,-6.3722,-0.2095,11.819,1429,3055.92
990734,-0.1544,3.0323,7.768,1440,3055.46
990739,3.5805,3.6595,10.0856,1431,3055.46
990744,-0.7458,-0.5255,13.7703,1421,3055.46
990749,-6.5278,0.1856,11.4132,1427,3055.46
990754,0.4573,3.1448,7.8314,1435,3055.61
990759,3.7673,3.5877,10.3729,1427,3055.61
990764,-1.2558,-0.8116,13.8852,1427,3055.61
990769,-6.6463,0.6273,11.0217,1427,3055.61
990774,0.9661,3.219,7.9057,1436,3055.46
990779,3.9109,3.3662,10.6255,1423,3055.46
990784,-1.9249,-1.0774,13.9773,1426,3055.46
990789,-6.608,1.0295,10.6267,1432,3055.46
990794,1.3815,3.3208,8.0194,1433,3055.61
990799,3.978,3.146,10.8733,1427,3055.61
990804,-2.4576,-1.3455,13.951,1423,3055.61
990809,-6.4404,1.3958,10.246,1431,3055.61
990814,1.7023,3.3184,8.1798,1435,3055.46
990819,3.954,2.8551,11.1881,1431,3055.46
990824,-3.0442,-1.5933,13.9295,1421,3055.46
990829,-6.1256,1.7526,9.8581,1427,3055.46
990834,1.98,3.4189,8.3582,1433,3055.3
990839,3.7409,2.5247,11.5065,1433,3055.3
990844,-3.5566,-1.7549,13.8804,1427,3055.3
990849,-5.7066,1.9848,9.402,1440,3055.46
990854,2.1344,3.5219,8.5617,1422,3055.46
990859,3.4429,2.132,11.8333,1427,3055.46
990864,-4.063,-1.81,13.7343,1435,3055.46
990869,-5.126,2.2266,9.0166,1453,3055.3
990874,2.3056,3.5733,8.7736,1428,3055.3
990879,2.988,1.8052,12.0967,1423,3055.3
990884,-4.5059,-1.7645,13.5344,1425,3055.3
990889,-4.4472,2.3607,8.7197,1449,3055.77
990894,2.4193,3.6536,8.9866,1429,3055.77
990899,2.4576,1.3743,12.4151,1427,3055.77
990904,-4.9009,-1.7047,13.2914,1428,3055.77
990909,-3.6823,2.4756,8.4264,1453,3056.08
990914,2.624,3.7014,9.1578,1433,3056.08
990919,1.9333,1.075,12.6797,1423,3056.08
990924,-5.3247,-1.476,12.9538,1429,3056.08
990929,-2.8922,2.6695,8.169,1449,3055.77
990934,2.7725,3.7182,9.3553,1427,3055.77
990939,1.2953,0.6644,13.0065,1417,3055.77
990944,-5.6467,-1.172,12.6809,1429,3055.77
990949,-2.077,2.7629,8.017,1451,3056.08
990954,2.9221,3.7864,9.481,1429,3056.08
990959,0.7602,0.31,13.1932,1426,3056.08
990964,-5.9855,-0.8511,12.4235,1431,3056.08
990969,-1.2701,2.9078,7.8661,1433,3055.92
990974,3.1771,3.7565,9.6965,1427,3055.92
990979,0.1508,-0.0144,13.4279,1423,3055.92
990984,-6.2836,-0.4872,11.9866,1428,3055.92
990989,-0.5734,2.9473,7.7417,1439,3055.61
990994,3.4165,3.7206,9.8821,1426,3055.61
990999,-0.4322,-0.3148,13.6996,1427,3055.61
991004,-6.4907,-0.0371,11.6873,1423,3055.61
991009,0.1281,3.0885,7.744,1431,3055.46
991014,3.6164,3.6356,10.1598,1432,3055.46
991019,-1.0331,-0.5878,13.884,1420,3055.46
991024,-6.6499,0.3424,11.2982,1423,3055.46
991029,0.68,3.0993,7.7788,1435,3055.3
991034,3.8235,3.474,10.489,1426,3055.3
991039,-1.5981,-0.8691,14.0121,1423,3055.3
991044,-6.6798,0.7853,10.8733,1429,3055.3
991049,1.1073,3.1795,7.8386,1431,3055.61
991054,3.948,3.3243,10.7967,1427,3055.61
991059,-2.1967,-1.2342,14.0803,1429,3055.61
991064,-6.5362,1.1791,10.4806,1432,3055.61
991069,1.4928,3.2262,7.9535,1436,3055.61
991074,3.9588,3.0466,11.1306,1431,3055.61
991079,-2.7964,-1.4246,14.1246,1423,3055.61
991084,-6.2644,1.5383,10.0736,1429,3055.61
991089,1.8172,3.3076,8.0888,1435,3055.15
991094,3.8283,2.7533,11.4168,1432,3055.15
991099,-3.3184,-1.6448,13.9618,1427,3055.15
991104,-5.8957,1.8208,9.6187,1426,3055.77
991109,2.0195,3.3507,8.2432,1427,3055.77
991114,3.5937,2.4337,11.8238,1432,3055.77
991119,-3.8822,-1.737,13.9654,1431,3055.77
991124,-5.3834,2.0578,9.2572,1447,3055.61
991129,2.2338,3.4536,8.3833,1427,3055.61
991134,3.1747,2.1141,12.1458,1423,3055.61
991139,-4.3598,-1.749,13.7224,1433,3055.61
991144,-4.7609,2.2577,8.8992,1447,3054.83
991149,2.3559,3.5051,8.6981,1431,3054.83
991154,2.6743,1.6915,12.5301,1428,3054.83
991159,-4.7429,-1.7214,13.5033,1427,3054.83
991164,-4.0462,2.4122,8.4707,1455,3056.23
991169,2.5223,3.6069,8.8274,1427,3056.23
991174,2.1691,1.3336,12.8198,1421,3056.23
991179,-5.1619,-1.5933,13.2687,1427,3056.23
991184,-3.2992,2.5307,8.1666,1451,3056.7
991189,2.6995,3.6667,9.08,1431,3056.7
991194,1.4653,0.9337,13.0304,1427,3056.7
991199,-5.5115,-1.3156,12.8964,1429,3056.7
991204,-2.4876,2.636,7.9152,1448,3056.86
991209,2.9221,3.814,9.3015,1429,3056.86
991214,0.8775,0.6285,13.3261,1427,3056.86
991219,-5.8933,-1.0618,12.6893,1431,3056.86
991224,-1.725,2.7222,7.7129,1447,3057.48
991229,3.1364,3.7745,9.5217,1429,3057.48
991234,0.249,0.2286,13.5679,1423,3057.48
991239,-6.1914,-0.6428,12.3134,1429,3057.48
991244,-0.9158,2.806,7.6375,1438,3057.48
991249,3.3627,3.7996,9.8282,1431,3057.48
991254,-0.3567,-0.079,13.7643,1427,3057.48
991259,-6.3877,-0.237,11.9183,1430,3057.48
991264,-0.2095,2.9173,7.5585,1433,3057.79
991269,3.5985,3.7278,10.0736,1435,3057.79
991274,-0.9373,-0.4142,13.8792,1427,3057.79
991279,-6.6104,0.2191,11.5065,1429,3057.79
991284,0.4226,2.9772,7.6004,1433,3057.79
991289,3.8211,3.5829,10.392,1429,3057.79
991294,-1.5167,-0.7901,14.0743,1421,3057.79
991299,-6.6164,0.6979,11.0899,1428,3057.79
991304,0.984,3.0969,7.7141,1435,3058.1
991309,3.9576,3.4069,10.7009,1426,3058.1
991314,-2.1344,-1.0606,14.1007,1423,3058.1
991319,-6.5745,1.0846,10.653,1433,3058.1
991324,1.3731,3.237,7.8386,1431,3058.26
991329,4.0031,3.2358,11.084,1423,3058.26
991334,-2.739,-1.3384,14.1533,1425,3058.26
991339,-6.3853,1.4102,10.2412,1433,3058.26
991344,1.7418,3.2705,7.9021,1435,3058.26
991349,3.8918,2.9137,11.461,1421,3058.26
991354,-3.2741,-1.5574,14.1174,1427,3058.26
991359,-6.0406,1.7813,9.7707,1426,3058.26
991364,1.9812,3.3603,8.078,1433,3058.42
991369,3.6715,2.5989,11.8094,1429,3058.42
991374,-3.8451,-1.6556,13.9714,1421,3058.42
991379,-5.5952,2.0303,9.3422,1445,3058.57
991384,2.1763,3.4189,8.2851,1423,3058.57
991389,3.3315,2.1967,12.1374,1421,3058.57
991394,-4.3586,-1.7669,13.8445,1432,3058.57
991399,-4.9404,2.2589,8.9388,1455,3058.88
991404,2.3607,3.6164,8.5712,1427,3058.88
991409,2.7892,1.7801,12.4618,1427,3058.88
991414,-4.792,-1.6652,13.5799,1425,3058.88
991419,-4.215,2.4313,8.521,1451,3059.04
991424,2.5295,3.6452,8.7783,1433,3059.04
991429,2.1632,1.3767,12.7791,1427,3059.04
991434,-5.2493,-1.5694,13.3573,1425,3059.04
991439,-3.3722,2.5295,8.1989,1455,3059.04
991444,2.7521,3.7314,8.9747,1435,3059.04
991449,1.5239,0.9708,13.0544,1418,3059.04
991454,-5.5809,-1.2977,13.0592,1430,3059.04
991459,-2.5235,2.6252,7.9799,1451,3059.04
991464,2.9497,3.8283,9.2129,1430,3059.04
991469,0.8475,0.6297,13.3477,1429,3059.04
991474,-5.952,-0.9673,12.6785,1431,3059.04
991479,-1.6556,2.7737,7.7417,1440,3058.73
991484,3.1915,3.8559,9.4751,1430,3058.73
991489,0.2143,0.2921,13.5392,1419,3058.73
991494,-6.1758,-0.5962,12.3074,1428,3058.73
991499,-0.8535,2.8407,7.6698,1435,3058.88
991504,3.4548,3.7912,9.7552,1429,3058.88
991509,-0.4226,-0.1065,13.7463,1419,3058.88
991514,-6.4272,-0.1353,11.8884,1429,3058.88
991519,-0.1065,2.9532,7.5657,1436,3058.88
991524,3.6883,3.7385,10.0341,1433,3058.88
991529,-0.9744,-0.4118,14.0049,1423,3058.88
991534,-6.5446,0.2945,11.5185,1427,3058.88
991539,0.4633,3.0239,7.5681,1419,3059.04
991544,3.8714,3.6188,10.3453,1429,3059.04
991549,-1.6149,-0.7566,14.103,1423,3059.04
991554,-6.59,0.7542,11.06,1425,3059.04
991559,1.0546,3.1484,7.6806,1435,3059.35
991564,3.9816,3.4524,10.7009,1426,3059.35
991569,-2.2302,-1.069,14.1904,1423,3059.35
991574,-6.5398,1.1648,10.6745,1433,3059.35
991579,1.4868,3.2465,7.7991,1433,3058.88
991584,4.0378,3.201,11.0887,1427,3058.88
991589,-2.8323,-1.3372,14.1402,1422,3058.88
991594,-6.3039,1.488,10.1538,1431,3058.88
991599,1.7909,3.304,7.9116,1433,3058.73
991604,3.9696,2.8706,11.4335,1427,3058.73
991609,-3.3591,-1.5395,14.1294,1423,3058.73
991614,-5.9472,1.8435,9.7264,1429,3058.73
991619,2.0482,3.377,8.1463,1434,3058.57
991624,3.6955,2.5355,11.8333,1431,3058.57
991629,-3.8798,-1.7011,14.0037,1419,3058.57
991634,-5.4097,2.059,9.256,1439,3058.57
991639,2.2278,3.4872,8.3318,1423,3058.57
991644,3.2274,2.1464,12.1673,1427,3058.57
991649,-4.3766,-1.7214,13.7379,1433,3058.57
991654,-4.7956,2.2673,8.8358,1449,3059.66
991659,2.4026,3.6069,8.6048,1431,3059.66
991664,2.7174,1.7119,12.5253,1427,3059.66
991669,-4.8279,-1.6759,13.5416,1428,3059.66
991674,-4.0402,2.4229,8.4168,1454,3059.2
991679,2.6324,3.6978,8.8178,1431,3059.2
991684,2.1644,1.3467,12.8018,1421,3059.2
991689,-5.2361,-1.5083,13.2854,1427,3059.2
991694,-3.1939,2.569,8.1882,1453,3059.2
991699,2.8395,3.7637,8.995,1435,3059.2
991704,1.4234,0.9505,13.1322,1427,3059.2
991709,-5.5845,-1.2498,12.9359,1427,3059.2
991714,-2.3703,2.6671,7.8542,1451,3059.04
991719,3.0275,3.7852,9.317,1427,3059.04
991724,0.8212,0.5902,13.4147,1427,3059.04
991729,-5.9268,-0.9337,12.6426,1431,3059.04
991734,-1.476,2.8096,7.6962,1450,3058.88
991739,3.2322,3.8188,9.4667,1432,3058.88
991744,0.1532,0.1628,13.5907,1422,3058.88
991749,-6.1866,-0.5818,12.2092,1429,3058.88
991754,-0.668,2.8503,7.5561,1437,3059.04
991759,3.4848,3.7613,9.7636,1429,3059.04
991764,-0.4369,-0.1963,13.8564,1422,3059.04
991769,-6.4069,-0.1101,11.8669,1431,3059.04
991774,-0.0108,2.9928,7.5453,1444,3059.35
991779,3.7816,3.7194,10.1179,1433,3059.35
991784,-1.008,-0.504,13.8828,1421,3059.35
991789,-6.5529,0.34,11.4012,1428,3059.35
991794,0.6213,3.0849,7.5944,1431,3058.1
991799,3.9133,3.5769,10.4818,1429,3058.1
991804,-1.6173,-0.7865,14.0408,1423,3058.1
991809,-6.5469,0.7889,10.9571,1423,3058.1
991814,1.1313,3.1448,7.6136,1436,3057.01
991819,4.0749,3.4117,10.7847,1423,3057.01
991824,-2.2003,-1.1205,14.121,1427,3057.01
991829,-6.4871,1.1636,10.5752,1435,3057.01
991834,1.5036,3.237,7.8602,1436,3056.08
991839,4.0438,3.1256,11.1199,1427,3056.08
991844,-2.7402,-1.3791,14.0288,1423,3056.08
991849,-6.2297,1.5227,10.0856,1433,3056.08
991854,1.8208,3.3327,7.9763,1436,3055.46
991859,3.9588,2.8287,11.4634,1421,3055.46
991864,-3.3052,-1.585,14.0456,1425,3055.46
991869,-5.9077,1.7597,9.6893,1429,3055.46
991874,2.0913,3.3962,8.1547,1433,3055.46
991879,3.6895,2.4696,11.8321,1433,3055.46
991884,-3.8176,-1.7226,13.9486,1421,3055.46
991889,-5.436,2.0375,9.2572,1449,3055.46
991894,2.2158,3.4572,8.3629,1419,3055.46
991899,3.3076,2.1153,12.1386,1429,3055.46
991904,-4.2449,-1.7849,13.7176,1433,3055.46
991909,-4.8064,2.2278,8.904,1454,3055.15
991914,2.3966,3.5362,8.5449,1428,3055.15
991919,2.824,1.7334,12.3972,1421,3055.15
991924,-4.6699,-1.7454,13.465,1423,3055.15
991929,-4.1348,2.3679,8.5461,1449,3055.92
991934,2.5774,3.614,8.77,1426,3055.92
991939,2.2817,1.3898,12.7503,1425,3055.92
991944,-5.0745,-1.6041,13.2627,1423,3055.92
991949,-3.3603,2.4576,8.187,1455,3055.15
991954,2.733,3.6595,8.9759,1431,3055.15
991959,1.5969,1.0223,12.9873,1425,3055.15
991964,-5.3726,-1.397,12.955,1427,3055.15
991969,-2.6097,2.5582,7.9559,1447,3055.15
991974,2.8958,3.7697,9.2105,1431,3055.15
991979,1.0163,0.6835,13.2986,1427,3055.15
991984,-5.7593,-1.1085,12.7348,1426,3055.15
991989,-1.8112,2.6995,7.7764,1451,3054.99
991994,3.1496,3.7385,9.4296,1423,3054.99
991999,0.395,0.2981,13.4387,1427,3054.99
992004,-6.0346,-0.7757,12.3313,1432,3054.99
992009,-1.0642,2.7665,7.6375,1437,3055.15
992014,3.3423,3.7098,9.73,1427,3055.15
992019,-0.1425,-0.0096,13.726,1422,3055.15
992024,-6.2369,-0.4262,11.9363,1432,3055.15
992029,-0.3687,2.9221,7.5765,1440,3055.15
992034,3.565,3.7134,9.9862,1429,3055.15
992039,-0.7147,-0.3783,13.9127,1425,3055.15
992044,-6.4751,-0.0024,11.5736,1429,3055.15
992049,0.261,2.958,7.6016,1437,3055.46
992054,3.7553,3.6547,10.3011,1435,3055.46
992059,-1.2641,-0.6321,13.9893,1420,3055.46
992064,-6.5469,0.4381,11.2025,1427,3055.46
992069,0.8092,3.0107,7.616,1433,3056.08
992074,3.9337,3.4189,10.6207,1427,3056.08
992079,-1.8471,-0.9816,14.0779,1427,3056.08
992084,-6.5685,0.8691,10.8553,1427,3056.08
992089,1.239,3.1496,7.7428,1437,3056.23
992094,4.0342,3.2573,10.9391,1428,3056.23
992099,-2.4169,-1.2342,14.1234,1421,3056.23
992104,-6.4476,1.257,10.3956,1437,3056.23
992109,1.6017,3.2178,7.8673,1431,3056.7
992114,3.9612,2.958,11.3102,1423,3056.7
992119,-3.0011,-1.5131,14.0851,1421,3056.7
992124,-6.1854,1.5933,9.9479,1429,3056.7
992129,1.8818,3.3267,8.0457,1437,3056.23
992134,3.7864,2.7174,11.6789,1427,3056.23
992139,-3.5805,-1.652,13.9558,1427,3056.23
992144,-5.7401,1.8723,9.4511,1430,3056.23
992149,2.0853,3.3423,8.2337,1435,3056.55
992154,3.474,2.3403,11.9734,1433,3056.55
992159,-4.0378,-1.7837,13.8445,1429,3056.55
992164,-5.2313,2.0937,9.1542,1461,3055.61
992169,2.2673,3.4824,8.4503,1423,3055.61
992174,3.0777,2.0195,12.3553,1429,3055.61
992179,-4.5262,-1.7717,13.6326,1433,3055.61
992184,-4.5897,2.2577,8.7412,1451,3056.55
992189,2.4457,3.5398,8.6131,1428,3056.55
992194,2.5007,1.5634,12.6198,1421,3056.55
992199,-4.9189,-1.6759,13.4578,1429,3056.55
992204,-3.8571,2.411,8.3462,1453,3055.92
992209,2.5654,3.65,8.8909,1431,3055.92
992214,1.8591,1.1971,12.7934,1427,3055.92
992219,-5.2936,-1.5395,13.1897,1423,3055.92
992224,-3.0849,2.5127,8.1044,1445,3056.08
992229,2.6995,3.6763,9.2045,1432,3056.08
992234,1.2689,0.8296,13.1178,1429,3056.08
992239,-5.6838,-1.2665,12.8569,1428,3056.08
992244,-2.2553,2.6624,7.8757,1450,3055.92
992249,2.964,3.7996,9.3661,1427,3055.92
992254,0.6608,0.492,13.3944,1429,3055.92
992259,-5.9999,-0.8918,12.5085,1427,3055.92
992264,-1.5,2.7426,7.7105,1450,3055.77
992269,3.1723,3.808,9.5864,1431,3055.77
992274,0.1472,0.17,13.611,1421,3055.77
992279,-6.2058,-0.5626,12.214,1431,3055.77
992284,-0.7566,2.8539,7.6028,1447,3055.92
992289,3.4093,3.814,9.8629,1431,3055.92
992294,-0.4429,-0.1676,13.8181,1421,3055.92
992299,-6.4356,-0.1173,11.8333,1431,3055.92
992304,-0.0419,2.9485,7.6375,1440,3056.39
992309,3.6607,3.7122,10.1837,1431,3056.39
992314,-1.0463,-0.5351,13.939,1427,3056.39
992319,-6.6092,0.3256,11.4335,1428,3056.39
992324,0.5626,3.0083,7.6124,1437,3056.86
992329,3.8427,3.6045,10.4351,1433,3056.86
992334,-1.6161,-0.7685,14.0456,1417,3056.86
992339,-6.6583,0.7817,11.0049,1427,3056.86
992344,1.0391,3.1532,7.6638,1435,3057.32
992349,3.9361,3.3543,10.7895,1427,3057.32
992354,-2.2051,-1.0942,14.1521,1419,3057.32
992359,-6.5434,1.1756,10.5548,1432,3057.32
992364,1.4437,3.2417,7.8362,1438,3057.17
992369,3.9792,3.158,11.1558,1426,3057.17
992374,-2.8228,-1.3707,14.133,1419,3057.17
992379,-6.3171,1.5455,10.1897,1431,3057.17
992384,1.7873,3.3148,7.999,1433,3057.01
992389,3.8846,2.909,11.4311,1431,3057.01
992394,-3.3698,-1.6173,14.0599,1423,3057.01
992399,-5.9699,1.804,9.7049,1427,3057.01
992404,1.9896,3.3974,8.1965,1435,3056.7
992409,3.6093,2.5522,11.8609,1425,3056.7
992414,-3.9145,-1.6975,13.8995,1425,3056.7
992419,-5.4528,2.0901,9.3182,1459,3057.01
992424,2.211,3.4895,8.3019,1423,3057.01
992429,3.2178,2.1979,12.1781,1432,3057.01
992434,-4.3574,-1.7142,13.7834,1432,3057.01
992439,-4.8327,2.2577,8.9256,1436,3056.7
992444,2.3463,3.535,8.5784,1427,3056.7
992449,2.7138,1.8028,12.5097,1421,3056.7
992454,-4.7968,-1.7119,13.5608,1433,3056.7
992459,-4.118,2.4217,8.5473,1445,3055.77
992464,2.5259,3.6667,8.764,1429,3055.77
992469,2.1476,1.3767,12.8221,1427,3055.77
992474,-5.1607,-1.5502,13.3273,1427,3055.77
992479,-3.3902,2.5283,8.2205,1455,3057.48
992484,2.6983,3.7206,8.9878,1431,3057.48
992489,1.5323,0.978,13.1106,1420,3057.48
992494,-5.5414,-1.3012,12.9921,1429,3057.48
992499,-2.5151,2.6695,7.9715,1451,3056.7
992504,2.9353,3.8307,9.2632,1431,3056.7
992509,0.9002,0.6309,13.3321,1429,3056.7
992514,-5.8335,-1.0008,12.6486,1429,3056.7
992519,-1.7322,2.7007,7.7704,1455,3056.86
992524,3.1603,3.8247,9.5134,1423,3056.86
992529,0.3148,0.2622,13.5236,1423,3056.86
992534,-6.1471,-0.65,12.311,1431,3056.86
992539,-0.917,2.8539,7.6315,1448,3056.7
992544,3.4429,3.863,9.742,1429,3056.7
992549,-0.2957,0.0527,13.7511,1423,3056.7
992554,-6.3566,-0.2167,11.9411,1431,3056.7
992559,-0.2203,2.9245,7.5944,1445,3056.86
992564,3.5961,3.7254,10.0604,1427,3056.86
992569,-0.8344,-0.3759,13.9223,1426,3056.86
992574,-6.4703,0.1987,11.5257,1426,3056.86
992579,0.3903,3.0191,7.5765,1439,3056.86
992584,3.7984,3.6236,10.3298,1429,3056.86
992589,-1.4341,-0.7075,14.0719,1423,3056.86
992594,-6.5613,0.6225,11.1402,1430,3056.86
992599,0.9625,3.0742,7.6375,1432,3056.7
992604,3.96,3.4584,10.6769,1430,3056.7
992609,-2.0339,-1.0475,14.0983,1429,3056.7
992614,-6.4931,1.0247,10.6686,1428,3056.7
992619,1.3623,3.2034,7.7632,1437,3056.55
992624,4.0342,3.2525,11.0049,1423,3056.55
992629,-2.5845,-1.3001,14.1485,1420,3056.55
992634,-6.3674,1.3635,10.3166,1434,3056.55
992639,1.6688,3.2884,7.8925,1429,3056.39
992644,3.9648,2.9736,11.3772,1427,3056.39
992649,-3.158,-1.5036,14.0923,1421,3056.39
992654,-6.0717,1.6891,9.839,1429,3056.39
992659,1.9812,3.3603,8.1056,1434,3055.77
992664,3.7505,2.6923,11.7316,1428,3055.77
992669,-3.6859,-1.5921,13.9845,1429,3055.77
992674,-5.6479,1.9525,9.347,1429,3055.77
992679,2.1524,3.4249,8.2947,1431,3055.61
992684,3.4153,2.2278,12.0584,1433,3055.61
992689,-4.1216,-1.7286,13.8133,1425,3055.61
992694,-5.0637,2.1871,8.9735,1439,3055.46
992699,2.332,3.5123,8.5353,1422,3055.46
992704,2.9772,1.8902,12.3661,1423,3055.46
992709,-4.5514,-1.6795,13.6505,1436,3055.46
992714,-4.3754,2.32,8.6263,1440,3054.83
992719,2.5019,3.6332,8.6826,1432,3054.83
992724,2.3978,1.5083,12.6234,1426,3054.83
992729,-4.9548,-1.6987,13.4231,1428,3054.83
992734,-3.6823,2.4576,8.3163,1439,3055.15
992739,2.6803,3.7553,8.9615,1430,3055.15
992744,1.7945,1.1803,12.8916,1423,3055.15
992749,-5.2828,-1.4401,13.0987,1427,3055.15
992754,-2.891,2.5666,8.0062,1451,3055.46
992759,2.8371,3.7613,9.0968,1432,3055.46
992764,1.1468,0.814,13.1418,1427,3055.46
992769,-5.5988,-1.1839,12.8628,1429,3055.46
992774,-2.1117,2.6612,7.8829,1449,3056.23
992779,3.061,3.7936,9.3937,1431,3056.23
992784,0.6536,0.3986,13.38,1429,3056.23
992789,-5.9448,-0.8715,12.4283,1430,3056.23
992794,-1.3228,2.8084,7.6483,1454,3056.39
992799,3.2801,3.7757,9.5672,1433,3056.39
992804,0.012,0.0802,13.6074,1423,3056.39
992809,-6.2201,-0.4453,12.068,1433,3056.39
992814,-0.565,2.891,7.5812,1434,3056.55
992819,3.4955,3.7804,9.8174,1429,3056.55
992824,-0.492,-0.1951,13.8014,1421,3056.55
992829,-6.3865,-0.0706,11.7352,1430,3056.55
992834,0.1089,2.9736,7.5346,1439,3056.23
992839,3.7792,3.6859,10.173,1428,3056.23
992844,-1.0953,-0.559,13.9666,1423,3056.23
992849,-6.5242,0.4022,11.3138,1429,3056.23
992854,0.6895,3.0801,7.6291,1431,3055.77
992859,3.9696,3.5961,10.4686,1433,3055.77
992864,-1.7119,-0.8859,14.0468,1422,3055.77
992869,-6.5565,0.7745,10.9559,1429,3055.77
992874,1.1109,3.1675,7.7464,1435,3055.61
992879,3.9804,3.3124,10.7907,1426,3055.61
992884,-2.2206,-1.1444,14.0899,1427,3055.61
992889,-6.438,1.1516,10.5153,1429,3055.61
992894,1.5179,3.213,7.7812,1437,3055.77
992899,4.0378,3.049,11.1366,1427,3055.77
992904,-2.7869,-1.3934,14.0827,1421,3055.77
992909,-6.2189,1.5311,10.0808,1429,3055.77
992914,1.8806,3.3028,8.0062,1435,3056.08
992919,3.8786,2.8012,11.5041,1429,3056.08
992924,-3.3351,-1.634,14.042,1425,3056.08
992929,-5.8682,1.7933,9.6403,1429,3056.08
992934,2.0686,3.4081,8.1535,1437,3056.08
992939,3.6763,2.4421,11.8429,1432,3056.08
992944,-3.8391,-1.7202,13.866,1427,3056.08
992949,-5.3786,2.0518,9.1925,1439,3056.55
992954,2.2458,3.4931,8.3617,1423,3056.55
992959,3.225,2.083,12.2164,1433,3056.55
992964,-4.3155,-1.8375,13.7128,1432,3056.55
992969,-4.7405,2.2075,8.7712,1449,3056.55
992974,2.4349,3.5291,8.5677,1429,3056.55
992979,2.7354,1.6975,12.4882,1425,3056.55
992984,-4.7728,-1.6927,13.5236,1433,3056.55
992989,-4.0642,2.381,8.4647,1455,3056.7
992994,2.5809,3.6547,8.8214,1433,3056.7
992999,2.0937,1.2965,12.7767,1433,3056.7
993004,-5.1176,-1.6017,13.2639,1427,3056.7
993009,-3.2645,2.4732,8.1439,1455,3056.86
993014,2.7509,3.6739,9.0321,1433,3056.86
993019,1.5167,0.9625,13.0496,1420,3056.86
993024,-5.5079,-1.3108,12.9742,1427,3056.86
993029,-2.4612,2.6396,7.8865,1447,3057.48
993034,2.8886,3.7505,9.2668,1429,3057.48
993039,0.8966,0.5902,13.3082,1429,3057.48
993044,-5.8466,-1.0355,12.5612,1429,3057.48
993049,-1.6376,2.6983,7.6399,1451,3057.79
993054,3.1711,3.7505,9.5253,1427,3057.79
993059,0.3148,0.2167,13.5799,1404,3057.79
993064,-6.1351,-0.65,12.2942,1432,3057.79
993069,-0.8547,2.8228,7.598,1434,3057.32
993074,3.3818,3.8307,9.7384,1432,3057.32
993079,-0.3304,-0.1377,13.781,1419,3057.32
993084,-6.3698,-0.2717,11.9124,1429,3057.32
993089,-0.1401,2.8934,7.5465,1443,3058.73
993094,3.6667,3.6943,10.0377,1422,3058.73
993099,-0.8847,-0.4525,13.9402,1422,3058.73
993104,-6.59,0.2322,11.4646,1429,3058.73
993109,0.5064,3.0131,7.5932,1437,3057.95
993114,3.8834,3.5817,10.3848,1433,3057.95
993119,-1.4892,-0.7829,14.0372,1421,3057.95
993124,-6.5996,0.6009,11.0672,1439,3057.95
993129,0.9577,3.0777,7.683,1433,3057.95
993134,3.9337,3.3938,10.7428,1429,3057.95
993139,-2.083,-1.0654,14.1318,1427,3057.95
993144,-6.5541,1.0738,10.5608,1421,3057.95
993149,1.4533,3.1759,7.7967,1435,3058.26
993154,4.0725,3.1376,11.0624,1416,3058.26
993159,-2.7246,-1.4078,14.1402,1419,3058.26
993164,-6.341,1.4521,10.1574,1436,3058.26
993169,1.7358,3.2633,7.9715,1427,3058.57
993174,3.9313,2.8635,11.4742,1427,3058.57
993179,-3.2872,-1.64,14.103,1420,3058.57
993184,-5.9891,1.7418,9.7755,1430,3058.57
993189,2.0494,3.3339,8.1175,1435,3058.26
993194,3.723,2.5941,11.8178,1427,3058.26
993199,-3.9097,-1.7322,13.9522,1423,3058.26
993204,-5.4923,1.9812,9.3745,1427,3058.26
993209,2.1943,3.4333,8.3725,1435,3058.57
993214,3.31,2.1261,12.1302,1434,3058.57
993219,-4.3395,-1.8016,13.7128,1429,3058.57
993224,-4.8602,2.2278,8.8933,1455,3058.42
993229,2.4122,3.559,8.5641,1405,3058.42
993234,2.7497,1.7777,12.4594,1427,3058.42
993239,-4.8123,-1.7083,13.5751,1437,3058.42
993244,-4.1264,2.3798,8.5317,1455,3058.88
993249,2.5319,3.5745,8.7568,1429,3058.88
993254,2.1799,1.2953,12.7671,1417,3058.88
993259,-5.2421,-1.6233,13.2579,1427,3058.88
993264,-3.2789,2.484,8.1858,1439,3059.35
993269,2.7031,3.7062,8.9747,1430,3059.35
993274,1.5131,0.9361,13.0867,1427,3059.35
993279,-5.6144,-1.3228,12.949,1427,3059.35
993284,-2.4157,2.6528,7.8973,1451,3058.73
993289,2.9497,3.7493,9.2488,1433,3058.73
993294,0.8344,0.5519,13.3644,1429,3058.73
993299,-5.9137,-1.0403,12.7084,1427,3058.73
993304,-1.6209,2.7653,7.7464,1451,3058.42
993309,3.1759,3.7996,9.5074,1429,3058.42
993314,0.2047,0.2083,13.544,1429,3058.42
993319,-6.2022,-0.6105,12.2751,1437,3058.42
993324,-0.814,2.8132,7.5968,1447,3058.42
993329,3.4225,3.7445,9.742,1430,3058.42
993334,-0.3831,-0.1568,13.7703,1421,3058.42
993339,-6.4476,-0.1915,11.9327,1433,3058.42
993344,-0.1616,2.909,7.6076,1439,3058.26
993349,3.6392,3.7122,10.0509,1430,3058.26
993354,-0.9852,-0.4154,13.9606,1427,3058.26
993359,-6.6008,0.2765,11.5532,1428,3058.26
993364,0.498,3.0239,7.6483,1448,3058.73
993369,3.8295,3.5949,10.3537,1433,3058.73
993374,-1.5718,-0.8056,14.0504,1417,3058.73
993379,-6.6032,0.7003,11.0121,1429,3058.73
993384,1.0127,3.0658,7.6698,1434,3059.04
993389,3.9875,3.4034,10.7416,1427,3059.04
993394,-2.2194,-1.1193,14.1833,1428,3059.04
993399,-6.5853,1.1516,10.5836,1423,3059.04
993404,1.4748,3.1891,7.7943,1437,3059.66
993409,4.045,3.1388,11.1079,1425,3059.66
993414,-2.8347,-1.3982,14.1868,1423,3059.66
993419,-6.3614,1.549,10.173,1432,3059.66
993424,1.7705,3.2741,7.9057,1427,3059.51
993429,3.8858,2.8503,11.4874,1427,3059.51
993434,-3.4213,-1.585,14.0599,1421,3059.51
993439,-5.9544,1.8423,9.675,1431,3059.51
993444,2.0327,3.3483,8.1319,1436,3058.88
993449,3.6595,2.466,11.8537,1427,3058.88
993454,-3.9564,-1.7119,13.9606,1427,3058.88
993459,-5.4396,2.0626,9.2715,1431,3058.88
993464,2.2146,3.4453,8.3318,1436,3058.57
993469,3.1855,2.1284,12.2392,1431,3058.57
993474,-4.4652,-1.6903,13.7391,1433,3058.57
993479,-4.7585,2.2948,8.825,1455,3058.42
993484,2.3511,3.5374,8.5784,1427,3058.42
993489,2.6743,1.6783,12.5588,1428,3058.42
993494,-4.8411,-1.6652,13.5727,1435,3058.42
993499,-3.9947,2.4313,8.4839,1460,3058.42
993504,2.5414,3.6919,8.7688,1431,3058.42
993509,2.0734,1.3156,12.8461,1433,3058.42
993514,-5.2529,-1.5143,13.1968,1419,3058.42
993519,-3.2429,2.5714,8.193,1444,3058.26
993524,2.7509,3.7733,9.0644,1431,3058.26
993529,1.4198,0.9146,13.1083,1423,3058.26
993534,-5.6048,-1.2905,12.9407,1427,3058.26
993539,-2.3942,2.6468,7.8913,1453,3058.1
993544,2.9305,3.7936,9.3111,1435,3058.1
993549,0.7626,0.5578,13.3417,1427,3058.1
993554,-5.94,-0.9266,12.6354,1427,3058.1
993559,-1.5646,2.8024,7.7321,1455,3057.64
993564,3.1496,3.8295,9.5612,1428,3057.64
993569,0.1125,0.2023,13.6074,1429,3057.64
993574,-6.2345,-0.5052,12.2667,1429,3057.64
993579,-0.7973,2.8862,7.6124,1448,3057.48
993584,3.389,3.7984,9.8138,1431,3057.48
993589,-0.3974,-0.1353,13.8433,1425,3057.48
993594,-6.4308,-0.1149,11.8501,1431,3057.48
993599,-0.1018,2.9616,7.5513,1439,3057.32
993604,3.6559,3.7146,10.1634,1427,3057.32
993609,-1.0139,-0.4729,13.9642,1431,3057.32
993614,-6.5589,0.3184,11.388,1427,3057.32
993619,0.5279,3.061,7.6279,1445,3057.64
993624,3.8403,3.6164,10.4399,1433,3057.64
993629,-1.6053,-0.7781,14.0432,1428,3057.64
993634,-6.5996,0.7865,11.0935,1428,3057.64
993639,1.0271,3.1149,7.6866,1428,3058.1
993644,3.9899,3.456,10.7955,1431,3058.1
993649,-2.2039,-1.0882,14.1449,1427,3058.1
993654,-6.5446,1.1516,10.5824,1427,3058.1
993659,1.4317,3.2058,7.8314,1437,3058.42
993664,4.0187,3.1196,11.1426,1427,3058.42
993669,-2.7737,-1.3348,14.1318,1427,3058.42
993674,-6.3267,1.5574,10.1083,1433,3058.42
993679,1.743,3.3507,7.9392,1435,3058.57
993684,3.9361,2.8527,11.4443,1428,3058.57
993689,-3.3387,-1.5886,14.0683,1422,3058.57
993694,-5.9556,1.7897,9.7037,1433,3058.57
993699,2.0087,3.4213,8.1678,1447,3058.73
993704,3.711,2.5247,11.8286,1426,3058.73
993709,-3.9025,-1.7095,13.963,1429,3058.73
993714,-5.4372,2.1189,9.2608,1429,3058.73
993719,2.2134,3.4943,8.3701,1435,3059.2
993724,3.2765,2.1033,12.2068,1433,3059.2
993729,-4.3838,-1.7202,13.7798,1427,3059.2
993734,-4.7692,2.2613,8.7724,1439,3059.04
993739,2.3667,3.565,8.606,1423,3059.04
993744,2.727,1.6891,12.5803,1429,3059.04
993749,-4.8806,-1.7095,13.5715,1421,3059.04
993754,-4.039,2.4948,8.4348,1454,3059.04
993759,2.6181,3.7481,8.7867,1429,3059.04
993764,2.0806,1.318,12.7922,1427,3059.04
993769,-5.2182,-1.506,13.2663,1429,3059.04
993774,-3.1843,2.5486,8.157,1445,3058.73
993779,2.818,3.7924,9.0764,1426,3058.73
993784,1.4748,0.9086,13.143,1429,3058.73
993789,-5.5797,-1.2414,12.973,1431,3058.73
993794,-2.3343,2.6612,7.9356,1455,3058.26
993799,2.9844,3.8092,9.2644,1432,3058.26
993804,0.8045,0.5662,13.3908,1429,3058.26
993809,-5.9292,-0.9313,12.5911,1420,3058.26
993814,-1.5143,2.7581,7.6878,1451,3058.1
993819,3.201,3.8403,9.481,1425,3058.1
993824,0.1508,0.1951,13.5919,1429,3058.1
993829,-6.1866,-0.5782,12.2272,1433,3058.1
993834,-0.7111,2.8563,7.6351,1436,3057.79
993839,3.4704,3.8152,9.8067,1427,3057.79
993844,-0.4369,-0.1329,13.7882,1421,3057.79
993849,-6.426,-0.1041,11.8513,1433,3057.79
993854,-0.0359,2.9724,7.5537,1443,3057.48
993859,3.7433,3.7385,10.0604,1429,3057.48
993864,-1.0068,-0.4812,13.9606,1429,3057.48
993869,-6.5062,0.34,11.4012,1431,3057.48
993874,0.5734,3.055,7.5393,1440,3057.64
993879,3.9421,3.6021,10.4028,1432,3057.64
993884,-1.5658,-0.8021,14.0755,1429,3057.64
993889,-6.5278,0.7207,11.0409,1428,3057.64
993894,1.0451,3.1388,7.586,1433,3057.79
993899,4.0713,3.3998,10.732,1429,3057.79
993904,-2.1284,-1.1492,14.1234,1427,3057.79
993909,-6.4823,1.1696,10.5453,1427,3057.79
993914,1.4772,3.2657,7.7788,1437,3057.48
993919,4.045,3.1256,11.0995,1427,3057.48
993924,-2.733,-1.3838,14.1533,1429,3057.48
993929,-6.2848,1.4796,10.0808,1433,3057.48
993934,1.7957,3.2848,7.9547,1435,3059.04
993939,3.9588,2.8359,11.461,1429,3059.04
993944,-3.3339,-1.5395,14.0731,1423,3059.04
993949,-5.9209,1.7777,9.6678,1433,3059.04
993954,2.0542,3.3639,8.1439,1437,3058.73
993959,3.7385,2.4481,11.8118,1427,3058.73
993964,-3.869,-1.731,13.9414,1427,3058.73
993969,-5.4229,2.0435,9.2596,1427,3058.73
993974,2.2721,3.4692,8.3366,1431,3059.2
993979,3.3267,2.059,12.1506,1431,3059.2
993984,-4.3527,-1.7968,13.7272,1421,3059.2
993989,-4.7609,2.2422,8.7568,1455,3059.51
993994,2.466,3.6081,8.5329,1428,3059.51
993999,2.7761,1.6819,12.475,1422,3059.51
994004,-4.8088,-1.6891,13.4901,1433,3059.51
994009,-3.9504,2.393,8.4228,1434,3060.44
994014,2.6228,3.6164,8.7807,1431,3060.44
994019,2.1069,1.2067,12.7898,1423,3060.44
994024,-5.2565,-1.5526,13.2351,1423,3060.44
994029,-3.1041,2.5606,8.1403,1456,3060.91
994034,2.8455,3.7481,9.074,1429,3060.91
994039,1.4413,0.8787,13.1406,1427,3060.91
994044,-5.6599,-1.2677,12.8305,1429,3060.91
994049,-2.2386,2.6552,7.8566,1451,3061.07
994054,3.0335,3.7804,9.2632,1432,3061.07
994059,0.8116,0.419,13.4542,1427,3061.07
994064,-5.9915,-0.9074,12.5157,1422,3061.07
994069,-1.3958,2.7677,7.7285,1445,3060.6
994074,3.2753,3.8104,9.5433,1429,3060.6
994079,0.1209,0.0946,13.6493,1429,3060.6
994084,-6.2513,-0.4944,12.1518,1432,3060.6
994089,-0.5866,2.8802,7.604,1443,3059.98
994094,3.5662,3.7888,9.8521,1431,3059.98
994099,-0.51,-0.2993,13.8947,1422,3059.98
994104,-6.4667,-0.0467,11.8178,1431,3059.98
994109,0.1089,2.988,7.6016,1435,3059.66
994114,3.8235,3.6428,10.1299,1427,3059.66
994119,-1.1181,-0.583,13.9929,1421,3059.66
994124,-6.5888,0.3867,11.3306,1427,3059.66
994129,0.7326,3.0562,7.6052,1443,3059.04
994134,3.9444,3.5027,10.4136,1432,3059.04
994139,-1.7023,-0.9098,14.0564,1426,3059.04
994144,-6.6068,0.7913,10.9068,1427,3059.04
994149,1.2079,3.1232,7.6794,1433,3058.73
994154,4.039,3.2896,10.8302,1428,3058.73
994159,-2.3331,-1.2186,14.1677,1429,3058.73
994164,-6.4931,1.1899,10.4603,1423,3058.73
994169,1.6245,3.2094,7.8542,1435,3058.57
994174,4.0761,3.0502,11.1725,1427,3058.57
994179,-2.9365,-1.4832,14.1258,1427,3058.57
994184,-6.1866,1.5874,10.0102,1435,3058.57
994189,1.8866,3.2968,7.9679,1433,3058.1
994194,3.9241,2.727,11.5472,1426,3058.1
994199,-3.5231,-1.6269,14.0204,1421,3058.1
994204,-5.8155,1.8459,9.5301,1431,3058.1
994209,2.0913,3.3686,8.1977,1433,3057.95
994214,3.5805,2.3367,11.9207,1421,3057.95
994219,-4.0211,-1.7226,13.9175,1423,3057.95
994224,-5.2637,2.1261,9.1016,1432,3057.95
994229,2.2517,3.4369,8.4036,1433,3057.79
994234,3.1184,1.9776,12.2559,1432,3057.79
994239,-4.4831,-1.8076,13.7403,1427,3057.79
994244,-4.5825,2.2972,8.758,1445,3057.79
994249,2.4301,3.5949,8.6155,1425,3057.79
994254,2.5175,1.5886,12.5528,1423,3057.79
994259,-4.9488,-1.6975,13.4734,1432,3057.79
994264,-3.7757,2.3942,8.3737,1455,3057.48
994269,2.6624,3.6296,8.819,1429,3057.48
994274,1.901,1.2091,12.864,1429,3057.48
994279,-5.2804,-1.5119,13.222,1429,3057.48
994284,-2.9784,2.5522,8.1451,1451,3057.32
994289,2.7725,3.7086,9.0537,1432,3057.32
994294,1.2342,0.8296,13.125,1428,3057.32
994299,-5.6204,-1.2246,12.864,1431,3057.32
994304,-2.1572,2.6109,7.8326,1455,3057.64
994309,2.9963,3.7852,9.3039,1431,3057.64
994314,0.656,0.4525,13.4303,1429,3057.64
994319,-5.9376,-0.8882,12.6019,1432,3057.64
994324,-1.3659,2.7533,7.6698,1451,3057.64
994329,3.225,3.8152,9.5744,1431,3057.64
994334,0.0407,0.1006,13.6134,1431,3057.64
994339,-6.2381,-0.51,12.147,1433,3057.64
994344,-0.6093,2.8311,7.5788,1455,3057.95
994349,3.4716,3.7637,9.809,1422,3057.95
994354,-0.5471,-0.255,13.9103,1423,3057.95
994359,-6.5074,-0.0886,11.7364,1432,3057.95
994364,0.0922,2.9664,7.5429,1454,3057.95
994369,3.7014,3.6931,10.143,1432,3057.95
994374,-1.1444,-0.5207,14.0025,1425,3057.95
994379,-6.5793,0.3484,11.3246,1427,3057.95
994384,0.644,3.0095,7.604,1447,3058.26
994389,3.8714,3.5578,10.4507,1433,3058.26
994394,-1.7274,-0.9098,14.1126,1429,3058.26
994399,-6.6319,0.7997,10.8996,1431,3058.26
994404,1.1636,3.1364,7.7189,1437,3058.57
994409,4.0378,3.3794,10.8493,1427,3058.57
994414,-2.3415,-1.1815,14.127,1428,3058.57
994419,-6.4931,1.2091,10.4615,1429,3058.57
994424,1.5239,3.2106,7.8231,1435,3058.57
994429,3.9792,3.049,11.2252,1425,3058.57
994434,-2.9293,-1.4653,14.0899,1427,3058.57
994439,-6.2369,1.5467,10.0245,1433,3058.57
994444,1.8579,3.3208,8.0074,1436,3058.42
994449,3.9002,2.7473,11.5592,1429,3058.42
994454,-3.4931,-1.6544,14.0085,1421,3058.42
994459,-5.8622,1.8543,9.5768,1429,3058.42
994464,2.0889,3.3866,8.2373,1434,3058.26
994469,3.5542,2.405,11.9483,1427,3058.26
994474,-4.0127,-1.7657,13.9666,1429,3058.26
994479,-5.2589,2.0758,9.171,1429,3058.26
994484,2.2577,3.4848,8.4204,1433,3058.1
994489,3.0742,2.0375,12.2906,1433,3058.1
994494,-4.4472,-1.7861,13.714,1422,3058.1
994499,-4.6519,2.2913,8.7472,1455,3058.57
994504,2.411,3.5542,8.6155,1422,3058.57
994509,2.5558,1.5838,12.6605,1431,3058.57
994514,-4.9584,-1.6664,13.4961,1434,3058.57
994519,-3.8571,2.4373,8.351,1450,3058.42
994524,2.5642,3.6667,8.8573,1426,3058.42
994529,1.8998,1.2474,12.9347,1426,3058.42
994534,-5.29,-1.4605,13.1717,1429,3058.42
994539,-3.0478,2.5857,8.0828,1427,3058.42
994544,2.7342,3.7278,9.1051,1430,3058.42
994549,1.3012,0.8308,13.1382,1427,3058.42
994554,-4.6819,-1.7514,13.6051,1431,3058.42
994559,-4.3395,2.3583,8.57,1458,3058.26
994564,2.9521,3.8188,9.3063,1435,3058.26
994569,2.3858,1.4748,12.6749,1422,3058.26
994574,-5.0685,-1.5957,13.4111,1429,3058.26
994579,-3.5039,2.478,8.2708,1453,3058.42
994584,2.6851,3.7278,8.9292,1419,3058.42
994589,1.6951,1.0391,13.0125,1431,3058.42
994594,-5.4624,-1.3838,13.0699,1428,3058.42
994599,-2.6935,2.6372,7.9799,1455,3058.26
994604,2.8802,3.8259,9.1866,1431,3058.26
994609,1.0977,0.7111,13.2794,1427,3058.26
994614,-5.8275,-1.0894,12.7767,1431,3058.26
994619,-1.8543,2.7282,7.7345,1453,3058.73
994624,3.0706,3.8128,9.4044,1431,3058.73
994629,0.3543,0.2993,13.4829,1419,3058.73
994634,-6.0813,-0.747,12.3792,1427,3058.73
994639,-1.0235,2.8108,7.6567,1443,3058.73
994644,3.3627,3.8367,9.6953,1429,3058.73
994649,-0.2071,0.0012,13.7367,1428,3058.73
994654,-6.3578,-0.2598,12.0129,1430,3058.73
994659,-0.243,2.9078,7.5812,1435,3058.57
994664,3.6416,3.7254,9.9383,1433,3058.57
994669,-0.7925,-0.401,13.9199,1429,3058.57
994674,-6.535,0.1963,11.6035,1429,3058.57
994679,0.3651,3.0167,7.604,1439,3058.42
994684,3.8319,3.6751,10.2975,1429,3058.42
994689,-1.4138,-0.7051,14.0133,1429,3058.42
994694,-6.5457,0.6009,11.1546,1433,3058.42
994699,0.9421,3.0957,7.6004,1435,3058.73
994704,4.027,3.4668,10.5704,1423,3058.73
994709,-1.9908,-1.0702,14.1042,1423,3058.73
994714,-6.5314,1.0259,10.7368,1437,3058.73
994719,1.3587,3.1843,7.7608,1439,3058.88
994724,4.0809,3.2645,10.9415,1429,3058.88
994729,-2.6264,-1.2905,14.1569,1429,3058.88
994734,-6.3794,1.4042,10.2783,1429,3058.88
994739,1.719,3.2394,7.8183,1437,3058.88
994744,3.96,2.9377,11.3102,1431,3058.88
994749,-3.201,-1.5323,14.0971,1421,3058.88
994754,-6.0765,1.7226,9.8497,1453,3059.51
994759,1.9692,3.3914,8.0637,1423,3059.51
994764,3.8104,2.6169,11.7005,1429,3059.51
994769,-3.7721,-1.6448,13.9929,1435,3059.51
994774,-5.5773,1.9752,9.3853,1450,3059.51
994779,2.1656,3.4596,8.2911,1432,3059.51
994784,3.3662,2.2075,12.1015,1429,3059.51
994789,-4.2617,-1.7454,13.9091,1431,3059.51
994794,-4.9799,2.247,8.9579,1438,3059.51
994799,2.3547,3.5698,8.4348,1427,3059.51
994804,2.8826,1.8304,12.4271,1429,3059.51
994809,-4.7477,-1.7358,13.5919,1429,3059.51
994814,-4.2054,2.3906,8.5653,1456,3059.66
994819,2.5786,3.6835,8.6658,1431,3059.66
994824,2.2721,1.4078,12.8305,1426,3059.66
994829,-5.12,-1.6113,13.3357,1445,3059.66
994834,-3.3411,2.5187,8.2384,1453,3059.66
994839,2.7126,3.7661,8.9423,1431,3059.66
994844,1.6041,1.0116,13.064,1431,3059.66
994849,-5.4767,-1.3515,13.0664,1432,3059.66
994854,-2.5355,2.6516,7.9823,1453,3059.66
994859,3.0071,3.8331,9.1722,1432,3059.66
994864,0.9421,0.6261,13.3106,1423,3059.66
994869,-5.8826,-0.9984,12.6713,1431,3059.66
994874,-1.6783,2.6983,7.7405,1451,3059.2
994879,3.1987,3.7876,9.4212,1429,3059.2
994884,0.2586,0.255,13.5644,1422,3059.2
994889,-6.1806,-0.6201,12.4199,1431,3059.2
994894,-0.8595,2.8156,7.683,1445,3058.88
994899,3.4069,3.7948,9.7659,1433,3058.88
994904,-0.3029,-0.0958,13.805,1425,3058.88
994909,-6.3351,-0.2358,11.8716,1431,3058.88
994914,-0.1413,2.9377,7.5226,1435,3058.73
994919,3.6955,3.7146,9.9838,1429,3058.73
994924,-0.9313,-0.4322,13.9714,1421,3058.73
994929,-6.4943,0.2442,11.5101,1435,3058.73
994934,0.5255,3.0502,7.6136,1437,3058.73
994939,3.8439,3.626,10.3561,1422,3058.73
994944,-1.4784,-0.7374,14.0983,1422,3058.73
994949,-6.5565,0.6656,11.0947,1435,3058.73
994954,0.9852,3.1053,7.6902,1433,3058.57
994959,3.9923,3.4285,10.6961,1421,3058.57
994964,-2.1129,-1.1289,14.1485,1421,3058.57
994969,-6.5446,1.0702,10.6686,1434,3058.57
994974,1.4449,3.2082,7.7608,1434,3058.57
994979,4.0402,3.1855,11.0361,1426,3058.57
994984,-2.6851,-1.3204,14.1545,1429,3058.57
994989,-6.3243,1.4461,10.167,1429,3058.57
994994,1.7753,3.2932,7.9152,1435,3058.57
994999,4.0115,2.8659,11.4383,1433,3058.57
995004,-3.2741,-1.5886,14.0947,1423,3058.57
995009,-5.9699,1.7992,9.7624,1452,3059.2
995014,2.0267,3.3758,8.1139,1423,3059.2
995019,3.7577,2.5319,11.7867,1427,3059.2
995024,-3.8056,-1.7214,13.9762,1435,3059.2
995029,-5.4624,2.047,9.2919,1447,3058.88
995034,2.2565,3.4477,8.2935,1430,3058.88
995039,3.322,2.1045,12.1997,1427,3058.88
995044,-4.3191,-1.8052,13.7834,1429,3058.88
995049,-4.8674,2.2613,8.8705,1432,3058.42
995054,2.4301,3.5817,8.4827,1427,3058.42
995059,2.8192,1.7514,12.4906,1427,3058.42
995064,-4.7561,-1.7633,13.5033,1427,3058.42
995069,-4.1013,2.4038,8.5174,1451,3058.26
995074,2.569,3.6224,8.7628,1432,3058.26
995079,2.2051,1.3264,12.7934,1431,3058.26
995084,-5.1176,-1.5335,13.3034,1426,3058.26
995089,-3.2513,2.5223,8.1954,1449,3057.95
995094,2.7593,3.7709,8.9543,1430,3057.95
995099,1.5323,0.9254,13.0221,1427,3057.95
995104,-5.5031,-1.306,12.9909,1432,3057.95
995109,-2.4445,2.6061,7.9069,1448,3057.64
995114,2.976,3.7972,9.244,1430,3057.64
995119,0.9062,0.5902,13.3034,1423,3057.64
995124,-5.8454,-1.0044,12.6318,1433,3057.64
995129,-1.5945,2.7378,7.7237,1449,3057.48
995134,3.1963,3.8199,9.4679,1430,3057.48
995139,0.2514,0.2274,13.5895,1419,3057.48
995144,-6.092,-0.6321,12.311,1427,3057.48
995149,-0.8344,2.8072,7.6148,1444,3057.17
995154,3.4213,3.784,9.742,1433,3057.17
995159,-0.3256,-0.1018,13.8026,1423,3057.17
995164,-6.3386,-0.2502,11.9375,1431,3057.17
995169,-0.1772,2.9066,7.5765,1437,3057.01
995174,3.6583,3.7637,10.0377,1431,3057.01
995179,-0.8679,-0.4238,13.8983,1439,3057.01
995184,-6.5134,0.1772,11.5664,1427,3057.01
995189,0.4573,2.9939,7.5824,1435,3057.17
995194,3.8762,3.5829,10.3238,1430,3057.17
995199,-1.4437,-0.7685,14.0492,1427,3057.17
995204,-6.5817,0.6369,11.1019,1431,3057.17
995209,0.972,3.0466,7.6363,1437,3057.32
995214,4.0426,3.389,10.6614,1422,3057.32
995219,-2.065,-1.0475,14.0779,1419,3057.32
995224,-6.5434,1.0415,10.6542,1433,3057.32
995229,1.4078,3.1651,7.7405,1437,3057.48
995234,4.033,3.1352,10.9786,1429,3057.48
995239,-2.6432,-1.3827,14.0899,1427,3057.48
995244,-6.3363,1.3886,10.1825,1423,3057.48
995249,1.7334,3.2489,7.9164,1435,3057.48
995254,3.9899,2.8826,11.4048,1433,3057.48
995259,-3.1915,-1.579,14.0659,1425,3057.48
995264,-5.9903,1.7083,9.7863,1460,3057.32
995269,1.992,3.3064,8.0709,1426,3057.32
995274,3.7254,2.5486,11.7615,1431,3057.32
995279,-3.7912,-1.8184,13.9546,1432,3057.32
995284,-5.5174,1.9812,9.3482,1439,3057.17
995289,2.1835,3.4321,8.2732,1427,3057.17
995294,3.3447,2.229,12.1398,1426,3057.17
995299,-4.2318,-1.7813,13.8086,1432,3057.17
995304,-4.9201,2.1512,8.9364,1455,3057.32
995309,2.3547,3.4943,8.4695,1427,3057.32
995314,2.8443,1.7669,12.3996,1427,3057.32
995319,-4.6723,-1.7741,13.5572,1427,3057.32
995324,-4.1946,2.3535,8.5078,1455,3057.17
995329,2.5139,3.626,8.7807,1431,3057.17
995334,2.2517,1.4329,12.7132,1423,3057.17
995339,-5.0578,-1.6316,13.3501,1427,3057.17
995344,-3.4261,2.4888,8.2121,1449,3056.86
995349,2.6396,3.6667,8.9447,1429,3056.86
995354,1.6328,1.0044,12.973,1430,3056.86
995359,-5.4181,-1.4138,13.0197,1425,3056.86
995364,-2.6157,2.5654,7.9679,1450,3057.01
995369,2.8635,3.7876,9.1877,1429,3057.01
995374,1.0259,0.7159,13.2794,1423,3057.01
995379,-5.8107,-1.1229,12.7156,1433,3057.01
995384,-1.8292,2.7007,7.7428,1440,3057.01
995389,3.1065,3.7912,9.4571,1432,3057.01
995394,0.3926,0.267,13.5715,1421,3057.01
995399,-6.1052,-0.7673,12.3912,1433,3057.01
995404,-1.075,2.7737,7.6483,1437,3057.01
995409,3.3064,3.8247,9.6881,1427,3057.01
995414,-0.1568,-0.0527,13.7355,1427,3057.01
995419,-6.3506,-0.3531,11.9674,1429,3057.01
995424,-0.31,2.8754,7.5453,1439,3057.32
995429,3.5626,3.7469,9.9587,1432,3057.32
995434,-0.7506,-0.3735,13.8959,1420,3057.32
995439,-6.5589,0.085,11.6047,1431,3057.32
995444,0.3208,2.9509,7.6519,1439,3057.17
995449,3.8056,3.6488,10.2987,1429,3057.17
995454,-1.3312,-0.6871,14.0252,1427,3057.17
995459,-6.5936,0.5423,11.1438,1429,3057.17
995464,0.8703,3.0275,7.6363,1439,3057.01
995469,3.8966,3.4381,10.6135,1421,3057.01
995474,-1.9668,-1.0199,14.1833,1426,3057.01
995479,-6.6188,0.9708,10.7691,1435,3057.01
995484,1.2977,3.1376,7.7632,1436,3057.17
995489,4.0055,3.2621,10.9223,1421,3057.17
995494,-2.5319,-1.2989,14.0611,1422,3057.17
995499,-6.456,1.3563,10.325,1429,3057.17
995504,1.6316,3.2741,7.908,1437,3057.17
995509,3.9433,3.0239,11.3389,1430,3057.17
995514,-3.1232,-1.5431,14.1449,1419,3057.17
995519,-6.1435,1.6544,9.8641,1429,3057.01
995524,1.901,3.3279,8.084,1423,3057.01
995529,3.7781,2.6827,11.6538,1429,3057.01
995534,-3.6571,-1.7083,14.0097,1429,3057.01
995539,-5.697,1.9656,9.432,1451,3057.32
995544,2.1153,3.45,8.3031,1421,3057.32
995549,3.4034,2.2865,12.0249,1427,3057.32
995554,-4.1216,-1.7729,13.8265,1433,3057.32
995559,-5.1128,2.144,9.0561,1444,3057.17
995564,2.2577,3.4572,8.4587,1430,3057.17
995569,2.9784,1.8914,12.3349,1427,3057.17
995574,-4.5825,-1.7609,13.7391,1438,3057.17
995579,-4.4065,2.3415,8.7125,1445,3057.32
995584,2.4014,3.5817,8.7364,1431,3057.32
995589,2.3703,1.5311,12.6474,1427,3057.32
995594,-5.0194,-1.6388,13.3908,1419,3057.32
995599,-3.6763,2.4553,8.2815,1452,3057.64
995604,2.569,3.6751,8.9184,1432,3057.64
995609,1.7538,1.1121,12.9179,1432,3057.64
995614,-5.4277,-1.4449,13.1142,1427,3057.64
995619,-2.8467,2.6097,8.0242,1449,3057.79
995624,2.8228,3.7816,9.1267,1427,3057.79
995629,1.1301,0.7805,13.2184,1431,3057.79
995634,-5.7497,-1.1349,12.8233,1435,3057.79
995639,-1.9932,2.6576,7.8015,1451,3058.26
995644,3.0119,3.8319,9.3529,1431,3058.26
995649,0.4872,0.3867,13.5057,1421,3058.26
995654,-6.043,-0.7937,12.4738,1428,3058.26
995659,-1.2091,2.8096,7.6746,1437,3058.26
995664,3.2453,3.8547,9.5888,1429,3058.26
995669,-0.1089,0.0419,13.69,1421,3058.26
995674,-6.347,-0.395,12.0955,1427,3058.26
995679,-0.4082,2.8754,7.525,1444,3058.26
995684,3.5027,3.7673,9.9156,1429,3058.26
995689,-0.7554,-0.2849,13.9594,1429,3058.26
995694,-6.5194,0.0802,11.7436,1430,3058.26
995699,0.2346,2.9784,7.5669,1433,3058.1
995704,3.7577,3.7338,10.2005,1403,3058.1
995709,-1.3336,-0.6321,14.0312,1428,3058.1
995714,-6.5864,0.4932,11.2719,1427,3058.1
995719,0.7482,3.073,7.6686,1431,3057.79
995724,3.9061,3.4991,10.5812,1427,3057.79
995729,-1.9381,-0.9182,14.1138,1425,3057.79
995734,-6.5817,0.9565,10.8505,1431,3057.79
995739,1.227,3.1747,7.6794,1433,3057.64
995744,3.9875,3.3315,10.8924,1423,3057.64
995749,-2.4876,-1.2426,14.1521,1423,3057.64
995754,-6.4201,1.33,10.41,1428,3057.64
995759,1.5455,3.2633,7.847,1437,3057.32
995764,3.9744,3.0179,11.2647,1423,3057.32
995769,-3.067,-1.4772,14.1533,1422,3057.32
995774,-6.1268,1.6376,10.0042,1432,3057.32
995779,1.895,3.389,8.0385,1433,3057.32
995784,3.802,2.6995,11.6071,1432,3057.32
995789,-3.5865,-1.634,14.0576,1422,3057.32
995794,-5.7461,1.9201,9.4942,1443,3057.64
995799,2.0865,3.4836,8.2121,1427,3057.64
995804,3.4872,2.3715,12.0189,1430,3057.64
995809,-4.0654,-1.7298,13.9115,1429,3057.64
995814,-5.211,2.1727,9.1171,1439,3056.39
995819,2.2625,3.5314,8.4396,1429,3056.39
995824,3.0418,1.9585,12.2751,1429,3056.39
995829,-4.5765,-1.7358,13.6589,1430,3056.39
995834,-4.5011,2.3655,8.7113,1448,3058.1
995839,2.4517,3.62,8.6467,1432,3058.1
995844,2.4445,1.5694,12.633,1427,3058.1
995849,-4.95,-1.6316,13.3549,1432,3058.1
995854,-3.7182,2.4948,8.3139,1450,3057.64
995859,2.624,3.7433,8.8514,1433,3057.64
995864,1.8926,1.1983,12.9167,1429,3057.64
995869,-5.3307,-1.4916,13.1669,1426,3057.64
995874,-2.9137,2.5989,8.0804,1447,3057.79
995879,2.8204,3.8415,9.104,1431,3057.79
995884,1.2175,0.7985,13.1466,1431,3057.79
995889,-5.7018,-1.16,12.8114,1431,3057.79
995894,-2.0387,2.6779,7.8302,1453,3057.95
995899,3.067,3.8439,9.317,1429,3057.95
995904,0.5578,0.4884,13.4722,1418,3057.95
995909,-5.9795,-0.7853,12.4726,1427,3057.95
995914,-1.2617,2.7952,7.6902,1453,3057.95
995919,3.2884,3.7888,9.5792,1428,3057.95
995924,-0.0084,0.091,13.7032,1421,3057.95
995929,-6.2549,-0.4357,12.1039,1427,3057.95
995934,-0.5207,2.8814,7.6088,1439,3057.79
995939,3.5291,3.7984,9.8725,1433,3057.79
995944,-0.5722,-0.2023,13.86,1427,3057.79
995949,-6.4536,0.0527,11.7172,1431,3057.79
995954,0.1317,2.9748,7.6052,1436,3057.95
995959,3.7517,3.7014,10.1442,1431,3057.95
995964,-1.1744,-0.6141,14.0157,1429,3057.95
995969,-6.5529,0.4262,11.2755,1426,3057.95
995974,0.7147,3.1173,7.6411,1439,3057.79
995979,3.972,3.5398,10.5201,1422,3057.79
995984,-1.7573,-0.8523,14.0779,1428,3057.79
995989,-6.5697,0.8739,10.8816,1435,3057.79
995994,1.2342,3.2142,7.6986,1437,3057.64
995999,4.0666,3.3052,10.8026,1427,3057.64
996004,-2.3308,-1.2031,14.1222,1421,3057.64
996009,-6.4284,1.2366,10.4423,1437,3057.64
996014,1.6233,3.2836,7.8745,1437,3057.48
996019,4.0666,3.0754,11.1618,1428,3057.48
996024,-2.9245,-1.4054,14.0983,1427,3057.48
996029,-6.2034,1.64,10.0341,1427,3057.48
996034,1.8854,3.3555,8.0122,1433,3057.32
996039,3.9025,2.7366,11.5484,1435,3057.32
996044,-3.4931,-1.652,14.0097,1421,3057.32
996049,-5.7784,1.8447,9.5768,1439,3057.17
996054,2.1045,3.4189,8.1762,1427,3057.17
996059,3.5985,2.4169,11.9124,1431,3057.17
996064,-3.9851,-1.7394,13.9211,1431,3057.17
996069,-5.2277,2.1261,9.1435,1435,3056.39
996074,2.3056,3.4991,8.3761,1429,3056.39
996079,3.1364,2.0207,12.2451,1427,3056.39
996084,-4.4772,-1.7645,13.7583,1431,3056.39
996089,-4.5633,2.3104,8.7759,1454,3057.48
996094,2.4828,3.5781,8.5976,1425,3057.48
996099,2.575,1.585,12.5923,1428,3057.48
996104,-4.798,-1.6652,13.4961,1429,3057.48
996109,-3.7697,2.4457,8.357,1453,3057.17
996114,2.6073,3.7014,8.8262,1429,3057.17
996119,1.9441,1.2306,12.864,1420,3057.17
996124,-5.2325,-1.5,13.2399,1429,3057.17
996129,-2.9916,2.5211,8.09,1447,3057.17
996134,2.8252,3.7373,9.0166,1429,3057.17
996139,1.3228,0.8487,13.1023,1429,3057.17
996144,-5.6228,-1.2175,12.8724,1427,3057.17
996149,-2.1811,2.6552,7.9128,1449,3057.32
996154,3.0622,3.7876,9.3266,1429,3057.32
996159,0.656,0.492,13.3896,1421,3057.32
996164,-5.8921,-0.9206,12.5348,1433,3057.32
996169,-1.3491,2.721,7.7105,1445,3057.17
996174,3.2441,3.7828,9.4667,1431,3057.17
996179,0.146,0.1221,13.6326,1421,3057.17
996184,-6.1794,-0.5459,12.1314,1435,3057.17
996189,-0.6297,2.8742,7.616,1454,3057.48
996194,3.5123,3.7649,9.8222,1429,3057.48
996199,-0.4585,-0.2047,13.7726,1427,3057.48
996204,-6.3638,-0.0898,11.7579,1431,3057.48
996209,0.0395,2.9568,7.519,1433,3057.48
996214,3.735,3.6775,10.0975,1433,3057.48
996219,-1.0355,-0.5231,14.0181,1423,3057.48
996224,-6.5206,0.3029,11.4179,1429,3057.48
996229,0.6309,3.0502,7.5621,1437,3057.79
996234,3.8954,3.5566,10.4375,1423,3057.79
996239,-1.6328,-0.8368,14.1198,1427,3057.79
996244,-6.5817,0.7506,10.9738,1432,3057.79
996249,1.1241,3.1089,7.6387,1435,3057.64
996254,4.0163,3.3243,10.732,1425,3057.64
996259,-2.1584,-1.1732,14.1569,1425,3057.64
996264,-6.5038,1.1444,10.483,1433,3057.64
996269,1.4904,3.2322,7.8015,1433,3057.32
996274,4.0318,3.1173,11.1438,1431,3057.32
996279,-2.824,-1.4449,14.121,1427,3057.32
996284,-6.256,1.5131,10.0413,1428,3057.32
996289,1.7909,3.2872,7.9188,1435,3057.32
996294,3.9217,2.8132,11.4575,1431,3057.32
996299,-3.3567,-1.6293,14.0192,1428,3057.32
996304,-5.8682,1.834,9.657,1435,3057.64
996309,2.0506,3.4285,8.1606,1422,3057.64
996314,3.6392,2.4588,11.8609,1433,3057.64
996319,-3.8954,-1.7849,13.89,1427,3057.64
996324,-5.3379,2.0578,9.1578,1453,3057.48
996329,2.2482,3.4237,8.3139,1426,3057.48
996334,3.2058,2.0159,12.1566,1426,3057.48
996339,-4.3527,-1.7741,13.7786,1429,3057.48
996344,-4.7022,2.2338,8.8011,1454,3057.64
996349,2.3858,3.559,8.5868,1429,3057.64
996354,2.6181,1.6173,12.4858,1423,3057.64
996359,-4.7968,-1.7597,13.532,1422,3057.64
996364,-3.9672,2.387,8.4635,1451,3057.48
996369,2.5379,3.6224,8.7963,1429,3057.48
996374,2.0614,1.3228,12.8652,1423,3057.48
996379,-5.2337,-1.5443,13.2675,1429,3057.48
996384,-3.2022,2.5247,8.1535,1449,3057.32
996389,2.7294,3.6859,8.9795,1432,3057.32
996394,1.4389,0.9301,13.0699,1428,3057.32
996399,-5.5988,-1.2917,12.8952,1431,3057.32
996404,-2.3762,2.6432,7.9176,1452,3057.32
996409,2.9269,3.7457,9.2644,1429,3057.32
996414,0.8272,0.5363,13.3884,1422,3057.32
996419,-5.9125,-1.0044,12.5971,1432,3057.32
996424,-1.5646,2.7797,7.7129,1451,3057.32
996429,3.1316,3.8211,9.4511,1429,3057.32
996434,0.2861,0.2035,13.6134,1420,3057.32
996439,-6.1818,-0.5842,12.2475,1429,3057.32
996444,-0.8033,2.8599,7.6483,1436,3057.17
996449,3.401,3.7469,9.7695,1429,3057.17
996454,-0.3903,-0.17,13.8098,1423,3057.17
996459,-6.4165,-0.1808,11.8609,1429,3057.17
996464,-0.0946,2.9269,7.5597,1445,3057.17
996469,3.6344,3.729,10.0185,1429,3057.17
996474,-0.9242,-0.4381,13.9474,1423,3057.17
996479,-6.596,0.2143,11.5101,1428,3057.17
996484,0.492,3.0155,7.6411,1434,3057.48
996489,3.8523,3.559,10.3082,1427,3057.48
996494,-1.5275,-0.7721,14.0695,1429,3057.48
996499,-6.6248,0.6835,11.0002,1425,3057.48
996504,1.0008,3.0742,7.6638,1433,3057.32
996509,3.9875,3.3998,10.7344,1427,3057.32
996514,-2.0949,-1.1289,14.1641,1428,3057.32
996519,-6.5469,1.0942,10.6111,1433,3057.32
996524,1.3862,3.1627,7.8111,1434,3057.01
996529,4.027,3.1137,11.0421,1425,3057.01
996534,-2.7366,-1.3946,14.0803,1418,3057.01
996539,-6.341,1.4844,10.1203,1429,3057.01
996544,1.725,3.2932,7.9499,1433,3056.7
996549,3.9145,2.8347,11.412,1427,3056.7
996554,-3.3387,-1.6041,14.1162,1428,3056.7
996559,-5.9735,1.8004,9.7851,1429,3056.7
996564,1.9932,3.3639,8.1487,1433,3056.7
996569,3.6224,2.4852,11.74,1427,3056.7
996574,-3.7804,-1.749,13.9941,1427,3056.7
996579,-5.5306,1.9812,9.3266,1439,3056.7
996584,2.1632,3.4441,8.3019,1422,3056.7
996589,3.2657,2.2146,12.1446,1427,3056.7
996594,-4.3096,-1.7538,13.8517,1433,3056.7
996599,-4.9081,2.217,8.9016,1454,3056.55
996604,2.3152,3.4884,8.4791,1431,3056.55
996609,2.7892,1.8208,12.4451,1423,3056.55
996614,-4.7333,-1.7442,13.6194,1430,3056.55
996619,-4.1934,2.3367,8.5222,1456,3057.32
996624,2.3918,3.6416,8.7855,1427,3057.32
996629,2.2039,1.3898,12.7922,1429,3057.32
996634,-5.1236,-1.6005,13.3213,1429,3057.32
996639,-3.3962,2.496,8.2073,1455,3056.86
996644,2.6588,3.7026,8.9747,1431,3056.86
996649,1.5395,0.9996,13.058,1428,3056.86
996654,-5.4815,-1.3922,13.0436,1430,3056.86
996659,-2.6133,2.5917,7.9428,1453,3056.7
996664,2.8216,3.7816,9.2201,1429,3056.7
996669,0.9481,0.6452,13.2591,1429,3056.7
996674,-5.8251,-1.0606,12.7,1432,3056.7
996679,-1.7538,2.715,7.7345,1451,3056.86
996684,3.0837,3.8355,9.3865,1429,3056.86
996689,0.3388,0.3124,13.5871,1427,3056.86
996694,-6.1531,-0.7242,12.378,1433,3056.86
996699,-0.996,2.8036,7.6375,1453,3056.86
996704,3.3291,3.8367,9.7001,1431,3056.86
996709,-0.2705,0.0215,13.7918,1421,3056.86
996714,-6.3758,-0.2837,12.0213,1433,3056.86
996719,-0.3029,2.8946,7.5453,1453,3057.01
996724,3.559,3.7649,10.009,1431,3057.01
996729,-0.8056,-0.395,13.9187,1425,3057.01
996734,-6.5122,0.152,11.5963,1431,3057.01
996739,0.3029,2.9999,7.6231,1435,3056.86
996744,3.7816,3.6284,10.2747,1430,3056.86
996749,-1.3743,-0.7183,13.9977,1425,3056.86
996754,-6.5924,0.6069,11.1294,1427,3056.86
996759,0.8487,3.0969,7.6519,1437,3056.55
996764,3.9097,3.4692,10.5764,1427,3056.55
996769,-1.9357,-1.0283,14.1138,1423,3056.55
996774,-6.5553,1.0319,10.7835,1433,3056.55
996779,1.2845,3.1879,7.7452,1437,3056.86
996784,3.9923,3.2406,10.9726,1423,3056.86
996789,-2.5558,-1.2737,14.1414,1421,3056.86
996794,-6.432,1.3791,10.3058,1435,3056.86
996799,1.6855,3.2609,7.8757,1435,3056.7
996804,3.9648,2.9975,11.3401,1429,3056.7
996809,-3.1508,-1.5251,14.1342,1427,3056.7
996814,-6.1471,1.6963,9.8881,1427,3056.7
996819,1.9273,3.3387,8.0505,1435,3057.01
996824,3.7565,2.6815,11.6741,1431,3057.01
996829,-3.644,-1.67,14.0181,1423,3057.01
996834,-5.6958,2.0075,9.4296,1453,3057.48
996839,2.083,3.4177,8.2468,1423,3057.48
996844,3.4141,2.3176,12.0799,1432,3057.48
996849,-4.1671,-1.7514,13.9091,1431,3057.48
996854,-5.1152,2.1811,9.0321,1437,3057.32
996859,2.2733,3.4884,8.4635,1430,3057.32
996864,2.9197,1.8986,12.3649,1427,3057.32
996869,-4.6064,-1.7478,13.6493,1429,3057.32
996874,-4.4161,2.3715,8.6514,1453,3057.32
996879,2.4349,3.6404,8.6826,1431,3057.32
996884,2.3463,1.488,12.6522,1427,3057.32
996889,-5.0302,-1.6197,13.4195,1422,3057.32
996894,-3.6117,2.5067,8.2624,1455,3057.48
996899,2.63,3.7409,8.8669,1429,3057.48
996904,1.7334,1.1181,12.979,1425,3057.48
996909,-5.3977,-1.4305,13.1932,1431,3057.48
996914,-2.7928,2.6432,8.0625,1447,3057.79
996919,2.818,3.8583,9.0944,1429,3057.79
996924,1.063,0.7685,13.2399,1429,3057.79
996929,-5.77,-1.1001,12.8365,1425,3057.79
996934,-1.9824,2.6719,7.8039,1451,3057.79
996939,3.0801,3.7936,9.347,1429,3057.79
996944,0.4992,0.3795,13.4638,1422,3057.79
996949,-6.0789,-0.7626,12.5181,1432,3057.79
996954,-1.1935,2.8192,7.6866,1433,3057.79
996959,3.3267,3.8307,9.5876,1430,3057.79
996964,-0.1365,0.0599,13.6984,1420,3057.79
996969,-6.28,-0.3675,12.1147,1429,3057.79
996974,-0.4537,2.9078,7.6459,1443,3057.79
996979,3.5518,3.7409,9.9108,1427,3057.79
996984,-0.6692,-0.3136,13.9426,1429,3057.79
996989,-6.4787,0.073,11.71,1428,3057.79
996994,0.2095,3.0071,7.6207,1439,3057.64
996999,3.8092,3.6847,10.1873,1434,3057.64
997004,-1.2582,-0.6225,14.0432,1421,3057.64
997009,-6.5817,0.5339,11.3066,1427,3057.64
997014,0.7985,3.1017,7.6339,1435,3057.79
997019,3.9397,3.4872,10.501,1425,3057.79
997024,-1.8483,-0.929,14.109,1423,3057.79
997029,-6.5685,0.8859,10.9116,1429,3057.79
997034,1.2617,3.231,7.7273,1433,3057.64
997039,4.0474,3.3196,10.823,1427,3057.64
997044,-2.4289,-1.1768,14.1797,1423,3057.64
997049,-6.4224,1.2893,10.3944,1435,3057.64
997054,1.6472,3.2741,7.8374,1436,3058.1
997059,4.0199,2.988,11.224,1429,3058.1
997064,-3.0179,-1.4533,14.1689,1427,3058.1
997069,-6.0741,1.6185,9.9754,1427,3058.1
997074,1.8615,3.3603,8.0086,1443,3058.73
997079,3.8463,2.7438,11.5748,1431,3058.73
997084,-3.5518,-1.6209,14.0576,1423,3058.73
997089,-5.709,1.9513,9.511,1439,3059.66
997094,2.1177,3.4381,8.2085,1423,3059.66
997099,3.5039,2.3032,12.0045,1436,3059.66
997104,-4.0953,-1.7549,13.9163,1433,3059.66
997109,-5.1056,2.1476,9.0405,1451,3059.98
997114,2.3739,3.5602,8.3989,1423,3059.98
997119,2.9437,1.8866,12.299,1423,3059.98
997124,-4.5526,-1.7202,13.726,1432,3059.98
997129,-4.4293,2.3104,8.6491,1436,3060.29
997134,2.4888,3.6344,8.6455,1435,3060.29
997139,2.4636,1.4856,12.6641,1429,3060.29
997144,-5.0147,-1.634,13.453,1427,3060.29
997149,-3.5733,2.4648,8.242,1455,3060.29
997154,2.7138,3.6966,8.8095,1429,3060.29
997159,1.7657,1.0858,13.0089,1426,3060.29
997164,-5.4384,-1.4317,13.149,1430,3060.29
997169,-2.7102,2.6228,7.993,1445,3059.98
997174,2.9497,3.8032,9.0585,1427,3059.98
997179,1.0786,0.7051,13.2411,1429,3059.98
997184,-5.7808,-1.1013,12.7994,1425,3059.98
997189,-1.8771,2.7031,7.7871,1449,3059.66
997194,3.1568,3.8056,9.3625,1432,3059.66
997199,0.4609,0.3519,13.556,1426,3059.66
997204,-6.0537,-0.7242,12.4175,1433,3059.66
997209,-1.0044,2.8144,7.5669,1439,3059.51
997214,3.395,3.79,9.6283,1431,3059.51
997219,-0.1808,-0.0227,13.7044,1427,3059.51
997224,-6.3135,-0.2957,12.0476,1429,3059.51
997229,-0.2849,2.903,7.5429,1440,3060.76
997234,3.7146,3.7685,9.9216,1426,3060.76
997239,-0.7374,-0.3603,13.9582,1417,3060.76
997244,-6.5493,0.1903,11.6155,1431,3060.76
997249,0.4334,3.0263,7.5286,1429,3060.91
997254,3.9409,3.6117,10.2149,1428,3060.91
997259,-1.3695,-0.7123,14.0923,1421,3060.91
997264,-6.6116,0.5578,11.1821,1428,3060.91
997269,0.9325,3.1137,7.6219,1435,3060.29
997274,4.0905,3.4213,10.5644,1427,3060.29
997279,-1.9273,-1.0594,14.1569,1427,3060.29
997284,-6.5457,1.0882,10.6805,1431,3060.29
997289,1.3838,3.1951,7.7117,1436,3059.35
997294,4.1551,3.1795,10.9966,1422,3059.35
997299,-2.6312,-1.3946,14.1725,1421,3059.35
997304,-6.3949,1.4329,10.2448,1432,3059.35
997309,1.7406,3.2477,7.8937,1433,3059.04
997314,4.0558,2.8683,11.3593,1423,3059.04
997319,-3.1963,-1.5323,14.0599,1422,3059.04
997324,-6.0023,1.7849,9.7348,1423,3059.04
997329,2.0279,3.3291,8.0325,1435,3058.42
997334,3.7685,2.5235,11.6813,1431,3058.42
997339,-3.7074,-1.7466,13.9893,1421,3058.42
997344,-5.5067,1.9896,9.3446,1455,3058.26
997349,2.1763,3.4668,8.2803,1423,3058.26
997354,3.4058,2.1656,12.1039,1431,3058.26
997359,-4.2413,-1.7945,13.8469,1433,3058.26
997364,-4.9117,2.2063,8.9376,1435,3057.79
997369,2.3331,3.553,8.4683,1427,3057.79
997374,2.8814,1.7442,12.4391,1427,3057.79
997379,-4.6914,-1.7729,13.6218,1433,3057.79
997384,-4.1683,2.3343,8.5174,1452,3058.26
997389,2.5474,3.5721,8.6443,1429,3058.26
997394,2.3164,1.3527,12.6988,1429,3058.26
997399,-5.0925,-1.5993,13.277,1423,3058.26
997404,-3.377,2.5031,8.1846,1456,3057.95
997409,2.6983,3.6739,8.9148,1433,3057.95
997414,1.6149,0.9912,13.0352,1425,3057.95
997419,-5.4468,-1.4078,13.0352,1429,3057.95
997424,-2.5474,2.6037,7.9906,1449,3058.26
997429,2.9066,3.7589,9.1327,1429,3058.26
997434,0.9996,0.6177,13.2758,1429,3058.26
997439,-5.8191,-1.0834,12.7036,1427,3058.26
997444,-1.7549,2.7114,7.7189,1448,3058.1
997449,3.1783,3.7864,9.3637,1429,3058.1
997454,0.3855,0.2586,13.5428,1419,3058.1
997459,-6.1172,-0.656,12.3373,1435,3058.1
997464,-0.9301,2.7773,7.5956,1453,3058.26
997469,3.4321,3.7433,9.6139,1429,3058.26
997474,-0.1784,-0.1077,13.7726,1421,3058.26
997479,-6.3375,-0.2514,11.9698,1429,3058.26
997484,-0.243,2.9161,7.5669,1440,3058.57
997489,3.6703,3.6883,9.9311,1429,3058.57
997494,-0.7757,-0.413,13.9606,1427,3058.57
997499,-6.5158,0.1784,11.5688,1429,3058.57
997504,0.4345,2.976,7.5489,1437,3058.26
997509,3.899,3.565,10.2364,1431,3058.26
997514,-1.4269,-0.7518,14.0576,1425,3058.26
997519,-6.5829,0.5674,11.1199,1427,3058.26
997524,0.9457,3.0957,7.616,1437,3057.95
997529,3.9947,3.4201,10.659,1427,3057.95
997534,-2.0051,-1.1121,14.1629,1423,3057.95
997539,-6.5517,1.0379,10.7236,1429,3057.95
997544,1.3647,3.1436,7.6998,1439,3057.17
997549,4.0905,3.1424,10.9834,1427,3057.17
997554,-2.6348,-1.3803,14.1102,1423,3057.17
997559,-6.3758,1.3982,10.3058,1435,3057.17
997564,1.6783,3.2429,7.9021,1435,3057.01
997569,3.8942,2.9113,11.376,1431,3057.01
997574,-3.1759,-1.5455,14.0851,1421,3057.01
997579,-6.0118,1.6939,9.8031,1431,3057.01
997584,1.9381,3.3124,8.0529,1433,3056.86
997589,3.7314,2.5426,11.7244,1431,3056.86
997594,-3.7242,-1.6963,14.0204,1403,3056.86
997599,-5.5569,1.9932,9.4104,1437,3057.17
997604,2.1416,3.4524,8.2768,1421,3057.17
997609,3.389,2.1644,12.068,1435,3057.17
997614,-4.2126,-1.7849,13.8229,1433,3057.17
997619,-4.9883,2.162,8.9735,1453,3056.86
997624,2.2769,3.4572,8.4922,1427,3056.86
997629,2.8659,1.7873,12.4642,1427,3056.86
997634,-4.6675,-1.7681,13.6613,1435,3056.86
997639,-4.2772,2.3367,8.5868,1454,3056.7
997644,2.4038,3.5913,8.6862,1433,3056.7
997649,2.2577,1.3922,12.7108,1427,3056.7
997654,-5.0829,-1.6185,13.2926,1427,3056.7
997659,-3.5255,2.4517,8.2504,1456,3056.7
997664,2.6061,3.6655,8.9747,1432,3056.7
997669,1.6269,1.0355,13.0125,1422,3056.7
997674,-5.4169,-1.4042,13.0999,1431,3056.7
997679,-2.715,2.5833,7.9679,1455,3057.01
997684,2.8036,3.7852,9.1937,1429,3057.01
997689,1.0008,0.7278,13.2232,1427,3057.01
997694,-5.794,-1.1217,12.7419,1429,3057.01
997699,-1.907,2.6935,7.7871,1451,3057.48
997704,3.0502,3.7936,9.3793,1429,3057.48
997709,0.4621,0.3436,13.5775,1427,3057.48
997714,-6.1088,-0.7254,12.4235,1435,3057.48
997719,-1.0953,2.8084,7.5753,1433,3056.55
997724,3.2453,3.7792,9.6606,1430,3056.55
997729,-0.164,0.0084,13.7068,1422,3056.55
997734,-6.3003,-0.3639,12.0165,1431,3056.55
997739,-0.4022,2.9054,7.6375,1437,3056.7
997744,3.4919,3.7912,9.9659,1427,3056.7
997749,-0.7099,-0.3328,13.8959,1427,3056.7
997754,-6.5314,0.0718,11.6574,1429,3056.7
997759,0.2562,2.9652,7.5908,1443,3056.08
997764,3.7481,3.6811,10.2807,1432,3056.08
997769,-1.3228,-0.6285,14.0073,1427,3056.08
997774,-6.6032,0.5207,11.2707,1429,3056.08
997779,0.7685,3.0718,7.6591,1435,3056.08
997784,3.8738,3.5171,10.586,1427,3056.08
997789,-1.8567,-0.9361,14.109,1427,3056.08
997794,-6.5697,0.9505,10.8314,1427,3056.08
997799,1.2127,3.1508,7.6998,1435,3055.92
997804,3.9684,3.2765,10.9188,1427,3055.92
997809,-2.4624,-1.1851,14.1677,1428,3055.92
997814,-6.4931,1.3204,10.3837,1433,3055.92
997819,1.5479,3.2765,7.9092,1430,3056.39
997824,3.9265,3.0323,11.2875,1423,3056.39
997829,-2.9928,-1.4784,14.1437,1423,3056.39
997834,-6.2046,1.6376,9.9707,1435,3056.39
997839,1.8136,3.3064,8.0409,1437,3056.55
997844,3.7649,2.7569,11.6047,1423,3056.55
997849,-3.5626,-1.634,14.0216,1429,3056.55
997854,-5.7724,1.9118,9.5804,1431,3056.55
997859,2.0626,3.3902,8.1977,1431,3056.7
997864,3.4584,2.3882,11.9842,1432,3056.7
997869,-4.0342,-1.7873,13.8505,1421,3056.7
997874,-5.2038,2.15,9.1123,1456,3056.39
997879,2.1991,3.4728,8.4336,1423,3056.39
997884,2.9844,2.0099,12.3529,1429,3056.39
997889,-4.5143,-1.7131,13.7164,1433,3056.39
997894,-4.5969,2.3308,8.7556,1451,3056.39
997899,2.3511,3.6188,8.6299,1429,3056.39
997904,2.4924,1.5778,12.5995,1426,3056.39
997909,-4.9189,-1.6747,13.5009,1427,3056.39
997914,-3.8355,2.4493,8.406,1435,3056.23
997919,2.557,3.699,8.8753,1427,3056.23
997924,1.8196,1.2163,12.894,1426,3056.23
997929,-5.3379,-1.4473,13.3046,1427,3056.23
997934,-3.037,2.6061,8.1223,1453,3056.55
997939,2.7294,3.7242,9.0393,1430,3056.55
997944,1.2677,0.8487,13.1729,1422,3056.55
997949,-5.6407,-1.2031,12.8569,1429,3056.55
997954,-2.1907,2.6971,7.8901,1446,3056.23
997959,2.9784,3.8654,9.244,1429,3056.23
997964,0.6656,0.5578,13.4171,1429,3056.23
997969,-5.9592,-0.8918,12.5863,1425,3056.23
997974,-1.4186,2.7964,7.6938,1447,3056.55
997979,3.1879,3.8511,9.4906,1431,3056.55
997984,0.0479,0.1688,13.6194,1423,3056.55
997989,-6.1687,-0.5028,12.2667,1433,3056.55
997994,-0.7278,2.8886,7.6351,1449,3055.61
997999,3.4357,3.7745,9.8138,1431,3055.61
998004,-0.498,-0.1185,13.8133,1420,3055.61
998009,-6.4129,-0.0407,11.8118,1422,3055.61
998014,-0.0132,2.9868,7.5334,1440,3055.61
998019,3.6571,3.7002,10.1023,1429,3055.61
998024,-1.0678,-0.4681,14.0252,1429,3055.61
998029,-6.5278,0.3567,11.4407,1430,3055.61
998034,0.5531,3.0861,7.6184,1439,3055.46
998039,3.9014,3.5961,10.422,1427,3055.46
998044,-1.5706,-0.7554,14.0432,1421,3055.46
998049,-6.5745,0.7733,11.0277,1429,3055.46
998054,1.0427,3.1328,7.6806,1435,3054.99
998059,3.9732,3.3698,10.7548,1428,3054.99
998064,-2.1261,-1.0846,14.1761,1431,3054.99
998069,-6.4631,1.1384,10.574,1429,3054.99
998074,1.391,3.2346,7.7895,1437,3054.68
998079,3.984,3.1939,11.0684,1423,3054.68
998084,-2.6887,-1.3815,14.0983,1423,3054.68
998089,-6.2644,1.4736,10.1227,1435,3054.68
998094,1.7107,3.2441,7.9092,1434,3054.21
998099,3.9468,2.9209,11.5053,1427,3054.21
998104,-3.2094,-1.573,14.1007,1422,3054.21
998109,-5.9963,1.7358,9.742,1429,3054.21
998114,1.9285,3.3746,8.1487,1434,3053.9
998119,3.6667,2.5666,11.7196,1427,3053.9
998124,-3.699,-1.6795,13.9307,1427,3053.9
998129,-5.5162,1.9992,9.3063,1428,3053.9
998134,2.1201,3.486,8.3055,1433,3054.06
998139,3.3064,2.2242,12.0656,1435,3054.06
998144,-4.142,-1.731,13.8193,1427,3054.06
998149,-4.9344,2.1668,8.9459,1439,3053.59
998154,2.3308,3.4943,8.5042,1422,3053.59
998159,2.8575,1.7992,12.3146,1427,3053.59
998164,-4.5203,-1.7454,13.635,1433,3053.59
998169,-4.2832,2.3858,8.6347,1433,3053.28
998174,2.466,3.6212,8.7604,1427,3053.28
998179,2.3248,1.5155,12.6857,1439,3053.28
998184,-4.9656,-1.6352,13.368,1427,3053.28
998189,-3.6296,2.4588,8.2672,1439,3052.81
998194,2.6121,3.6607,8.9196,1421,3052.81
998199,1.7059,1.1157,12.9095,1425,3052.81
998204,-5.2074,-1.47,13.1071,1427,3052.81
998209,-2.8599,2.5618,8.0074,1453,3052.81
998214,2.8311,3.8319,9.1135,1431,3052.81
998219,1.1827,0.8475,13.1334,1421,3052.81
998224,-5.5522,-1.1612,12.7802,1430,3052.81
998229,-2.0865,2.6348,7.7835,1448,3052.5
998234,2.9939,3.7984,9.4284,1429,3052.5
998239,0.6117,0.4669,13.4063,1431,3052.5
998244,-5.8454,-0.8918,12.4941,1426,3052.5
998249,-1.3719,2.7677,7.683,1449,3052.5
998254,3.2082,3.7721,9.596,1432,3052.5
998259,0.097,0.1748,13.5823,1423,3052.5
998264,-6.1052,-0.5279,12.1374,1432,3052.5
998269,-0.7254,2.8108,7.5968,1444,3052.5
998274,3.4321,3.7373,9.8665,1429,3052.5
998279,-0.431,-0.2011,13.7655,1420,3052.5
998284,-6.3087,-0.1628,11.8118,1431,3052.5
998289,-0.0802,2.9389,7.5908,1443,3052.5
998294,3.6524,3.7062,10.1466,1427,3052.5
998299,-0.8954,-0.4537,13.9438,1425,3052.5
998304,-6.4667,0.2227,11.4347,1429,3052.5
998309,0.5088,2.9712,7.5812,1437,3052.5
998314,3.8391,3.5422,10.3561,1429,3052.5
998319,-1.4497,-0.7685,14.1007,1419,3052.5
998324,-6.5158,0.6189,11.0433,1427,3052.5
998329,0.9996,3.0969,7.6878,1435,3052.5
998334,3.96,3.4333,10.7117,1429,3052.5
998339,-1.9872,-1.0151,14.0588,1423,3052.5
998344,-6.4739,0.9768,10.6506,1419,3052.5
998349,1.3204,3.146,7.7632,1435,3052.19
998354,3.984,3.1448,11.0516,1423,3052.19
998359,-2.5139,-1.2462,14.0959,1427,3052.19
998364,-6.3135,1.391,10.2771,1436,3052.19
998369,1.6448,3.2489,7.8901,1433,3052.35
998374,3.9169,2.9293,11.3449,1423,3052.35
998379,-3.0251,-1.482,14.0372,1421,3052.35
998384,-6.0178,1.6137,9.8629,1435,3052.35
998389,1.8902,3.2717,8.0924,1435,3052.5
998394,3.6978,2.6097,11.7244,1431,3052.5
998399,-3.4967,-1.7047,14.042,1427,3052.5
998404,-5.6204,1.9022,9.4332,1429,3052.5
998409,2.0638,3.4357,8.2037,1434,3052.81
998414,3.4357,2.3104,11.977,1432,3052.81
998419,-3.9935,-1.7609,13.8397,1421,3052.81
998424,-5.1404,2.1165,9.0202,1451,3052.97
998429,2.2039,3.4872,8.4372,1426,3052.97
998434,2.976,1.9632,12.3421,1431,3052.97
998439,-4.3754,-1.8052,13.6637,1433,3052.97
998444,-4.555,2.2757,8.7005,1447,3053.28
998449,2.4313,3.5721,8.6251,1429,3053.28
998454,2.4732,1.5862,12.566,1427,3053.28
998459,-4.8387,-1.6879,13.4422,1436,3053.28
998464,-3.8487,2.3762,8.4455,1454,3052.97
998469,2.5139,3.6679,8.8837,1427,3052.97
998474,1.8747,1.2522,12.809,1426,3052.97
998479,-5.1583,-1.5419,13.1741,1427,3052.97
998484,-3.1089,2.4696,8.1211,1454,3053.12
998489,2.6959,3.6631,9.0381,1429,3053.12
998494,1.3348,0.9278,13.1549,1427,3053.12
998499,-5.5067,-1.2665,12.9083,1427,3053.12
998504,-2.3619,2.6288,7.9069,1459,3053.28
998509,2.8814,3.7493,9.2703,1431,3053.28
998514,0.7829,0.5794,13.3225,1431,3053.28
998519,-5.8155,-0.9984,12.5779,1429,3053.28
998524,-1.6197,2.7162,7.7536,1447,3053.44
998529,3.1328,3.8032,9.5612,1427,3053.44
998534,0.2322,0.2837,13.5572,1431,3053.44
998539,-6.0585,-0.6572,12.2631,1431,3053.44
998544,-0.8847,2.8347,7.6842,1455,3053.75
998549,3.3243,3.802,9.7552,1431,3053.75
998554,-0.267,-0.0934,13.6709,1421,3053.75
998559,-6.3051,-0.2693,11.9088,1432,3053.75
998564,-0.2514,2.9018,7.5274,1440,3054.06
998569,3.5686,3.7457,10.0712,1427,3054.06
998574,-0.7757,-0.3364,13.9438,1423,3054.06
998579,-6.5134,0.1484,11.5472,1429,3054.06
998584,0.3472,2.9939,7.5932,1447,3054.06
998589,3.7421,3.5949,10.2939,1432,3054.06
998594,-1.3635,-0.7003,13.9546,1429,3054.06
998599,-6.5398,0.6033,11.1271,1428,3054.06
998604,0.8092,3.0742,7.683,1435,3054.52
998609,3.8942,3.4249,10.6506,1431,3054.52
998614,-1.9201,-0.9493,14.0803,1421,3054.52
998619,-6.5757,0.9577,10.6877,1427,3054.52
998624,1.2821,3.1603,7.7943,1437,3054.52
998629,3.9756,3.2022,11.0049,1427,3054.52
998634,-2.4385,-1.3312,14.1222,1427,3054.52
998639,-6.3566,1.3312,10.3382,1431,3054.52
998644,1.6065,3.2441,7.914,1436,3054.52
998649,3.9468,2.9916,11.297,1426,3054.52
998654,-2.9736,-1.5167,14.0911,1422,3054.52
998659,-6.0777,1.6508,9.8701,1433,3054.52
998664,1.8184,3.3351,8.0649,1434,3054.52
998669,3.7649,2.6635,11.5999,1427,3054.52
998674,-3.5614,-1.6783,14.0013,1429,3054.52
998679,-5.7664,1.913,9.5026,1427,3054.52
998684,2.047,3.4069,8.2313,1437,3054.52
998689,3.4093,2.3595,11.971,1431,3054.52
998694,-4.0115,-1.7298,13.8373,1423,3054.52
998699,-5.1799,2.1261,9.0968,1439,3054.37
998704,2.2206,3.4488,8.5198,1422,3054.37
998709,2.9928,1.9752,12.2918,1433,3054.37
998714,-4.44,-1.7897,13.7307,1432,3054.37
998719,-4.5837,2.2877,8.6957,1454,3054.21
998724,2.3535,3.5853,8.6706,1428,3054.21
998729,2.4744,1.5957,12.5313,1423,3054.21
998734,-4.859,-1.6568,13.4351,1436,3054.21
998739,-3.8403,2.4672,8.424,1459,3054.06
998744,2.5055,3.6583,8.8693,1429,3054.06
998749,1.8735,1.2402,12.9179,1427,3054.06
998754,-5.2505,-1.5299,13.2148,1430,3054.06
998759,-3.0981,2.545,8.096,1454,3054.06
998764,2.6755,3.7314,9.0633,1432,3054.06
998769,1.3336,0.8871,13.0795,1423,3054.06
998774,-5.5773,-1.2749,12.9335,1427,3054.06
998779,-2.3643,2.6791,7.9212,1453,3053.9
998784,2.9353,3.8307,9.3051,1433,3053.9
998789,0.6716,0.5543,13.3896,1421,3053.9
998794,-5.8694,-0.9697,12.6198,1431,3053.9
998799,-1.5467,2.7031,7.7417,1451,3054.06
998804,3.1364,3.814,9.4679,1428,3054.06
998809,0.1784,0.2286,13.6182,1428,3054.06
998814,-6.1567,-0.5997,12.305,1431,3054.06
998819,-0.8751,2.8371,7.6614,1437,3054.37
998824,3.395,3.7721,9.7588,1431,3054.37
998829,-0.3855,-0.0599,13.7068,1423,3054.37
998834,-6.353,-0.2107,11.9519,1431,3054.37
998839,-0.2286,2.8886,7.5657,1451,3054.21
998844,3.5769,3.7158,10.0916,1431,3054.21
998849,-0.8966,-0.419,13.9462,1423,3054.21
998854,-6.4655,0.2191,11.5784,1431,3054.21
998859,0.4202,3.0394,7.6315,1438,3054.06
998864,3.8331,3.6619,10.3848,1431,3054.06
998869,-1.4341,-0.7027,14.03,1423,3054.06
998874,-6.5457,0.6249,11.1989,1431,3054.06
998879,0.9014,3.1065,7.6184,1437,3054.06
998884,3.9253,3.4165,10.6877,1427,3054.06
998889,-1.998,-0.99,14.133,1425,3054.06
998894,-6.4691,1.0439,10.7751,1427,3054.06
998899,1.306,3.2537,7.7524,1435,3054.37
998904,3.954,3.2657,10.969,1426,3054.37
998909,-2.5007,-1.2605,14.109,1431,3054.37
998914,-6.3386,1.3396,10.3358,1430,3054.37
998919,1.5957,3.2561,7.8877,1434,3054.99
998924,3.8726,2.9281,11.321,1422,3054.99
998929,-3.0502,-1.4928,14.1569,1421,3054.99
998934,-6.0537,1.7023,9.912,1433,3054.99
998939,1.889,3.3818,8.0577,1436,3054.99
998944,3.7242,2.709,11.7196,1427,3054.99
998949,-3.5817,-1.6819,14.0276,1427,3054.99
998954,-5.6539,1.9345,9.4583,1427,3054.99
998959,2.0578,3.4129,8.2576,1437,3054.83
998964,3.3998,2.3044,12.0512,1433,3054.83
998969,-4.0666,-1.749,13.9271,1421,3054.83
998974,-5.1415,2.1823,9.0273,1440,3055.15
998979,2.2601,3.5159,8.3989,1421,3055.15
998984,2.9317,1.9609,12.3421,1433,3055.15
998989,-4.4903,-1.7083,13.6398,1431,3055.15
998994,-4.5095,2.3176,8.6538,1455,3054.99
998999,2.4098,3.6476,8.6323,1430,3054.99
999004,2.393,1.5838,12.6569,1427,3054.99
999009,-4.8674,-1.7047,13.4794,1433,3054.99
999014,-3.7493,2.4672,8.3222,1455,3054.52
999019,2.6252,3.7409,8.8789,1429,3054.52
999024,1.8447,1.2486,12.9059,1426,3054.52
999029,-5.2708,-1.4748,13.1909,1429,3054.52
999034,-2.9808,2.557,8.1666,1455,3055.77
999039,2.7904,3.7397,9.104,1433,3055.77
999044,1.2067,0.8535,13.1717,1427,3055.77
999049,-5.5797,-1.2366,12.8401,1427,3055.77
999054,-2.1608,2.6731,7.8673,1453,3055.3
999059,2.9856,3.7984,9.3194,1435,3055.3
999064,0.6871,0.5339,13.3968,1429,3055.3
999069,-5.9352,-0.838,12.5456,1425,3055.3
999074,-1.4078,2.7306,7.7608,1452,3055.46
999079,3.2262,3.7924,9.5313,1429,3055.46
999084,0.0802,0.1592,13.6074,1427,3055.46
999089,-6.1339,-0.4812,12.1853,1431,3055.46
999094,-0.7075,2.873,7.6327,1453,3055.77
999099,3.4608,3.7733,9.7779,1431,3055.77
999104,-0.4262,-0.164,13.7822,1421,3055.77
999109,-6.365,-0.097,11.8669,1429,3055.77
999114,-0.0455,3.0071,7.5393,1435,3054.99
999119,3.7194,3.6715,10.064,1427,3054.99
999124,-0.9649,-0.4956,13.9235,1422,3054.99
999129,-6.4967,0.3089,11.4251,1430,3054.99
999134,0.5375,3.0442,7.5824,1445,3056.7
999139,3.9385,3.5578,10.4291,1433,3056.7
999144,-1.4916,-0.7817,14.0911,1427,3056.7
999149,-6.5278,0.7075,11.0265,1429,3056.7
999154,1.0618,3.1149,7.6674,1435,3056.23
999159,4.0294,3.3411,10.6901,1429,3056.23
999164,-2.0674,-1.1109,14.1425,1429,3056.23
999169,-6.4787,1.154,10.5919,1428,3056.23
999174,1.4198,3.231,7.7824,1437,3057.01
999179,4.0821,3.128,11.0708,1421,3057.01
999184,-2.624,-1.3827,14.1366,1427,3057.01
999189,-6.3039,1.4844,10.1514,1429,3057.01
999194,1.7526,3.2729,7.8901,1436,3057.01
999199,3.9804,2.812,11.4551,1428,3057.01
999204,-3.2262,-1.64,14.115,1425,3057.01
999209,-5.9316,1.7921,9.7109,1434,3057.01
999214,2.0147,3.3782,8.1056,1436,3056.86
999219,3.6823,2.496,11.825,1353,3056.86
999224,-3.7936,-1.6951,13.9606,1427,3056.86
999229,-5.4384,2.0446,9.2883,1426,3056.86
999234,2.2027,3.4656,8.2983,1432,3056.39
999239,3.3232,2.0901,12.141,1431,3056.39
999244,-4.2258,-1.7909,13.8181,1423,3056.39
999249,-4.8147,2.1967,8.9256,1437,3056.08
999254,2.3415,3.559,8.5066,1423,3056.08
999259,2.7916,1.7514,12.4427,1431,3056.08
999264,-4.7202,-1.7071,13.5835,1433,3056.08
999269,-4.0821,2.4026,8.5293,1435,3054.99
999274,2.5391,3.6272,8.685,1430,3054.99
999279,2.1584,1.3264,12.8078,1423,3054.99
999284,-5.0925,-1.6173,13.2794,1432,3054.99
999289,-3.3579,2.4864,8.1798,1454,3055.46
999294,2.7282,3.7362,8.928,1429,3055.46
999299,1.4964,1.002,13.0388,1427,3055.46
999304,-5.4265,-1.3946,12.9694,1425,3055.46
999309,-2.5642,2.5654,7.8757,1453,3054.68
999314,2.891,3.7098,9.1866,1431,3054.68
999319,0.9266,0.6249,13.2842,1421,3054.68
999324,-5.7042,-1.0822,12.7192,1431,3054.68
999329,-1.8088,2.7174,7.7644,1451,3054.52
999334,3.0921,3.7864,9.396,1429,3054.52
999339,0.413,0.3316,13.5081,1429,3054.52
999344,-6.0071,-0.7602,12.3732,1427,3054.52
999349,-1.0606,2.8036,7.6279,1447,3054.37
999354,3.3267,3.7685,9.6726,1429,3054.37
999359,-0.1556,-0.0048,13.7355,1427,3054.37
999364,-6.2405,-0.3675,12.0237,1431,3054.37
999369,-0.3891,2.8802,7.5525,1445,3054.68
999374,3.553,3.7038,9.9371,1430,3054.68
999379,-0.6488,-0.3005,13.8804,1423,3054.68
999384,-6.4308,0.0455,11.5843,1429,3054.68
999389,0.249,2.982,7.5908,1437,3054.83
999394,3.7254,3.6296,10.2472,1427,3054.83
999399,-1.1576,-0.6488,14.048,1431,3054.83
999404,-6.4775,0.4274,11.3246,1427,3054.83
999409,0.7494,3.0323,7.6423,1439,3054.68
999414,3.9133,3.4776,10.5632,1431,3054.68
999419,-1.731,-0.9852,14.0599,1422,3054.68
999424,-6.5098,0.8607,10.8266,1429,3054.68
999429,1.2079,3.1544,7.683,1432,3054.83
999434,3.9875,3.2609,10.89,1429,3054.83
999439,-2.3236,-1.2594,14.1366,1419,3054.83
999444,-6.4344,1.2641,10.4136,1423,3054.83
999449,1.5287,3.2238,7.8661,1433,3054.83
999454,3.9624,2.9892,11.2216,1430,3054.83
999459,-2.897,-1.4605,14.0552,1427,3054.83
999464,-6.1758,1.5467,10.0102,1429,3054.83
999469,1.8148,3.3507,8.023,1434,3054.68
999474,3.7828,2.739,11.6023,1427,3054.68
999479,-3.3926,-1.6448,14.0731,1435,3054.68
999484,-5.8275,1.8711,9.5301,1435,3054.68
999489,2.0458,3.3495,8.1666,1437,3054.83
999494,3.5446,2.3858,11.8776,1425,3054.83
999499,-3.9229,-1.7478,13.8864,1427,3054.83
999504,-5.2876,2.1021,9.2045,1427,3054.83
999509,2.1871,3.4824,8.3737,1432,3054.68
999514,3.0754,2.0458,12.2428,1433,3054.68
999519,-4.3287,-1.7873,13.7116,1420,3054.68
999524,-4.6352,2.2697,8.7568,1445,3054.68
999529,2.3499,3.5554,8.6095,1427,3054.68
999534,2.5426,1.6352,12.627,1427,3054.68
999539,-4.8064,-1.7083,13.4829,1432,3054.68
999544,-3.9552,2.4134,8.4958,1445,3054.21
999549,2.5019,3.6655,8.8442,1432,3054.21
999554,1.9441,1.3312,12.7575,1427,3054.21
999559,-5.1284,-1.567,13.2543,1428,3054.21
999564,-3.2705,2.4672,8.1451,1459,3054.21
999569,2.642,3.7062,9.0513,1423,3054.21
999574,1.4569,0.9744,13.0664,1429,3054.21
999579,-5.5043,-1.3252,13.0292,1423,3054.21
999584,-2.4816,2.654,7.9499,1454,3054.37
999589,2.8467,3.8092,9.2081,1433,3054.37
999594,0.8535,0.6416,13.3393,1422,3054.37
999599,-5.8095,-1.0355,12.6857,1427,3054.37
999604,-1.7394,2.6899,7.7405,1449,3054.37
999609,3.0239,3.7601,9.4595,1432,3054.37
999614,0.2622,0.3029,13.5715,1429,3054.37
999619,-6.1124,-0.6967,12.39,1423,3054.37
999624,-0.9984,2.8048,7.6243,1449,3054.52
999629,3.3423,3.8439,9.7025,1429,3054.52
999634,-0.2562,0.0036,13.7391,1425,3054.52
999639,-6.3494,-0.2119,12.0033,1433,3054.52
999644,-0.2981,2.8599,7.6172,1447,3054.68
999649,3.4955,3.7266,10.0102,1432,3054.68
999654,-0.8368,-0.3795,13.9175,1417,3054.68
999659,-6.511,0.1676,11.6358,1415,3054.68
999664,0.2837,3.0023,7.5633,1439,3054.68
999669,3.7481,3.6344,10.2113,1428,3054.68
999674,-1.3695,-0.6608,14.0312,1425,3054.68
999679,-6.5841,0.5842,11.1833,1430,3054.68
999684,0.8224,3.0742,7.6411,1443,3054.37
999689,3.8654,3.4297,10.6446,1433,3054.37
999694,-1.9142,-0.9529,14.1078,1421,3054.37
999699,-6.5469,0.9828,10.7931,1427,3054.37
999704,1.2151,3.1783,7.7393,1435,3054.37
999709,3.6404,3.7206,10.003,1429,3054.37
999714,-0.9062,-0.4118,13.9606,1423,3054.37
999719,-6.4584,0.2909,11.5041,1423,3054.37
999724,0.4142,3.0347,7.592,1437,3054.06
999729,3.8487,3.5769,10.307,1427,3054.06
999734,-1.4222,-0.7518,14.0145,1423,3054.06
999739,-6.5086,0.6991,11.0289,1435,3054.06
999744,0.9445,3.1328,7.5645,1435,3054.52
999749,4.0127,3.4058,10.6841,1429,3054.52
999754,-1.9704,-1.0127,14.1078,1421,3054.52
999759,-6.4332,1.0894,10.6757,1435,3054.52
999764,1.2857,3.2453,7.7129,1437,3054.52
999769,4.0199,3.1891,10.9798,1426,3054.52
999774,-2.5031,-1.3036,14.1773,1422,3054.52
999779,-6.3315,1.3827,10.2424,1429,3054.52
999784,1.6185,3.2896,7.8877,1432,3055.3
999789,3.9444,2.9006,11.3497,1433,3055.3
999794,-3.0598,-1.4976,14.1222,1414,3055.3
999799,-6.0262,1.7011,9.8785,1439,3054.99
999804,1.907,3.3567,8.1032,1417,3054.99
999809,3.7529,2.6348,11.6669,1429,3054.99
999814,-3.5458,-1.664,13.969,1434,3054.99
999819,-5.6192,1.9297,9.4487,1439,3054.99
999824,2.083,3.4297,8.2768,1432,3054.99
999829,3.4285,2.2817,12.0632,1422,3054.99
999834,-4.063,-1.7789,13.8828,1429,3054.99
999839,-5.0745,2.156,9.0118,1460,3055.3
999844,2.2733,3.5207,8.4276,1429,3055.3
999849,2.9736,1.8771,12.3265,1429,3055.3
999854,-4.4963,-1.7526,13.6529,1427,3055.3
999859,-4.4065,2.3379,8.6407,1455,3054.99
999864,2.4541,3.6248,8.6957,1429,3054.99
999869,2.4026,1.5371,12.6641,1421,3054.99
999874,-4.871,-1.6424,13.4901,1426,3054.99
999879,-3.6715,2.472,8.3055,1456,3054.83
999884,2.6552,3.6835,8.8358,1429,3054.83
999889,1.8304,1.1289,12.9443,1428,3054.83
999894,-5.2804,-1.4784,13.1956,1429,3054.83
999899,-2.8994,2.557,8.0421,1451,3054.83
999904,2.8036,3.7685,9.1339,1431,3054.83
999909,1.2151,0.8224,13.1909,1427,3054.83
999914,-5.5569,-1.227,12.8413,1431,3054.83
999919,-2.1093,2.642,7.8075,1448,3054.68
999924,3.037,3.7721,9.341,1429,3054.68
999929,0.6464,0.4848,13.392,1419,3054.68
999934,-5.8826,-0.8823,12.5241,1424,3054.68
999939,-1.3767,2.7713,7.7081,1437,3054.52
999944,3.2262,3.7924,9.6007,1431,3054.52
999949,0.0706,0.1161,13.6122,1425,3054.52
999954,-6.1196,-0.4872,12.1482,1428,3054.52
999959,-0.6381,2.8575,7.6016,1445,3054.68
999964,3.4381,3.7362,9.8665,1432,3054.68
999969,-0.413,-0.2143,13.7559,1421,3054.68
999974,-6.3219,-0.1006,11.8286,1431,3054.68
999979,-0.0024,2.9509,7.5741,1437,3054.68
999984,3.6895,3.6715,10.088,1429,3054.68
999989,-0.9026,-0.4776,13.8959,1427,3054.68
999994,-6.4943,0.2682,11.3772,1426,3054.68
999999,0.5315,3.0454,7.5202,1437,3054.99
1000004,3.8559,3.5626,10.4208,1425,3054.99
1000009,-1.4976,-0.8236,14.054,1427,3054.99
1000014,-6.4931,0.7207,11.0085,1432,3054.99
1000019,1.0271,3.122,7.6638,1433,3054.83
1000024,3.9744,3.3794,10.6889,1429,3054.83
1000029,-2.0566,-1.0702,14.1042,1421,3054.83
1000034,-6.4835,1.057,10.5668,1432,3054.83
1000039,1.3934,3.1544,7.75,1435,3054.99
1000044,4.0163,3.1244,11.0744,1423,3054.99
1000049,-2.6205,-1.3827,14.1509,1428,3054.99
1000054,-6.2956,1.4557,10.1742,1429,3054.99
1000059,1.7011,3.286,7.9428,1435,3054.68
1000064,3.9576,2.8611,11.4419,1433,3054.68
1000069,-3.1975,-1.6017,14.0588,1421,3054.68
1000074,-5.9628,1.7406,9.7396,1465,3054.68
1000079,1.9453,3.3615,8.0924,1421,3054.68
1000084,3.6955,2.5127,11.8298,1427,3054.68
1000089,-3.6715,-1.7466,13.9498,1434,3054.68
1000094,-5.5055,1.9836,9.3326,1452,3055.15
1000099,2.1213,3.4357,8.2851,1423,3055.15
1000104,3.2777,2.1799,12.0608,1425,3055.15
1000109,-4.1324,-1.7729,13.8145,1428,3055.15
1000114,-4.9261,2.1835,8.9423,1443,3055.15
1000119,2.2841,3.5518,8.5018,1422,3055.15
1000124,2.8144,1.7741,12.4247,1427,3055.15
1000129,-4.5657,-1.7645,13.6697,1421,3055.15
1000134,-4.282,2.3331,8.5748,1454,3055.3
1000139,2.4481,3.5901,8.6131,1431,3055.3
1000144,2.2685,1.4545,12.6917,1425,3055.3
1000149,-5.0266,-1.6065,13.3752,1431,3055.3
1000154,-3.5338,2.4804,8.2684,1449,3054.99
1000159,2.6252,3.6859,8.9064,1429,3054.99
1000164,1.6101,1.1001,13.0161,1419,3054.99
1000169,-5.369,-1.4246,13.0664,1426,3054.99
1000174,-2.7785,2.5702,7.9954,1454,3054.99
1000179,2.7773,3.7086,9.1016,1431,3054.99
1000184,1.1109,0.7195,13.2675,1435,3054.99
1000189,-5.6826,-1.1408,12.8054,1433,3054.99
1000194,-1.9597,2.7162,7.8422,1431,3054.99
1000199,2.9892,3.8044,9.3613,1428,3054.99
1000204,0.4621,0.3938,13.4602,1421,3054.99
1000209,-5.9544,-0.8248,12.4941,1431,3054.99
1000214,-1.2234,2.7869,7.6758,1444,3055.3
1000219,3.2621,3.7745,9.5888,1429,3055.3
1000224,-0.0323,0.0551,13.726,1425,3055.3
1000229,-6.286,-0.4393,12.1242,1429,3055.3
1000234,-0.4968,2.8742,7.5765,1443,3055.3
1000239,3.5398,3.7709,9.8916,1433,3055.3
1000244,-0.6141,-0.2322,13.8349,1422,3055.3
1000249,-6.462,-0.0431,11.7064,1425,3055.3
1000254,0.0778,2.9592,7.5753,1439,3054.99
1000259,3.6667,3.6512,10.1742,1431,3054.99
1000264,-1.1349,-0.589,13.9989,1429,3054.99
1000269,-6.5314,0.4262,11.3413,1427,3054.99
1000274,0.644,3.0682,7.6279,1438,3055.15
1000279,3.8738,3.5267,10.4615,1428,3055.15
1000284,-1.7083,-0.8727,14.0983,1427,3055.15
1000289,-6.5565,0.8308,10.9319,1432,3055.15
1000294,1.0774,3.1125,7.7009,1435,3054.99
1000299,3.954,3.2741,10.8433,1429,3054.99
1000304,-2.2865,-1.2175,14.1545,1427,3054.99
1000309,-6.4296,1.2797,10.5177,1433,3054.99
1000314,1.4772,3.2394,7.8027,1437,3054.83
1000319,3.9935,3.0861,11.1797,1425,3054.83
1000324,-2.8036,-1.4389,14.0647,1426,3054.83
1000329,-6.2525,1.5371,10.0401,1429,3054.83
1000334,1.7418,3.2992,7.9727,1433,3055.15
1000339,3.7804,2.7174,11.5628,1435,3055.15
1000344,-3.3267,-1.6532,14.0157,1426,3055.15
1000349,-5.879,1.8028,9.5876,1454,3054.99
1000354,1.992,3.3938,8.1271,1426,3054.99
1000359,3.5422,2.4864,11.8429,1429,3054.99
1000364,-3.8834,-1.7645,13.939,1432,3054.99
1000369,-5.387,2.0399,9.2273,1439,3054.68
1000374,2.1201,3.4297,8.4168,1431,3054.68
1000379,3.0969,2.1165,12.2356,1427,3054.68
1000384,-4.3503,-1.7717,13.7272,1429,3054.68
1000389,-4.7992,2.2338,8.8478,1433,3054.68
1000394,2.2901,3.5566,8.5365,1429,3054.68
1000399,2.6264,1.7214,12.481,1427,3054.68
1000404,-4.7285,-1.6999,13.5787,1427,3054.68
1000409,-4.1013,2.3966,8.5222,1453,3054.52
1000414,2.4349,3.6607,8.7747,1432,3054.52
1000419,2.0913,1.312,12.7826,1422,3054.52
1000424,-5.0506,-1.567,13.2962,1429,3054.52
1000429,-3.3495,2.5438,8.1977,1443,3054.99
1000434,2.6013,3.7589,9.0285,1423,3054.99
1000439,1.5335,1.0163,13.0484,1429,3054.99
1000444,-5.4935,-1.3312,13.0269,1428,3054.99
1000449,-2.5438,2.6468,7.9188,1451,3055.3
1000454,2.8623,3.8367,9.1758,1432,3055.3
1000459,0.8643,0.6201,13.2699,1423,3055.3
1000464,-5.8335,-1.0965,12.6953,1435,3055.3
1000469,-1.7897,2.6863,7.7452,1446,3055.15
1000474,3.0742,3.808,9.4068,1431,3055.15
1000479,0.2993,0.3196,13.5213,1427,3055.15
1000484,-6.1016,-0.6812,12.3696,1430,3055.15
1000489,-1.0175,2.7904,7.665,1439,3055.15
1000494,3.3243,3.8092,9.7049,1421,3055.15
1000499,-0.249,-0.0072,13.696,1425,3055.15
1000504,-6.3231,-0.2741,12.0117,1429,3055.15
1000509,-0.3531,2.8862,7.5585,1443,3055.3
1000514,3.4907,3.735,9.9922,1431,3055.3
1000519,-0.8021,-0.3316,13.8852,1421,3055.3
1000524,-6.5182,0.1592,11.6394,1427,3055.3
1000529,0.2586,3.0023,7.592,1437,3055.15
1000534,3.7481,3.6284,10.2532,1429,3055.15
1000539,-1.3611,-0.68,14.0073,1423,3055.15
1000544,-6.5601,0.5866,11.2468,1431,3055.15
1000549,0.7913,3.0909,7.6519,1435,3055.3
1000554,3.9037,3.5255,10.6183,1428,3055.3
1000559,-1.9034,-0.9206,14.0887,1427,3055.3
1000564,-6.5338,0.9912,10.829,1435,3055.3
1000569,1.2761,3.2058,7.7417,1432,3055.46
1000574,3.984,3.2896,10.8804,1429,3055.46
1000579,-2.4134,-1.2462,14.0935,1427,3055.46
1000584,-6.4129,1.3743,10.4327,1431,3055.46
1000589,1.585,3.3076,7.8805,1437,3055.46
1000594,3.9756,3.0227,11.3246,1431,3055.46
1000599,-3.0107,-1.4557,14.0743,1426,3055.46
1000604,-6.1196,1.6233,9.9144,1432,3055.92
1000609,1.8507,3.3698,7.9775,1436,3055.92
1000614,3.7972,2.7186,11.6143,1433,3055.92
1000619,-3.5745,-1.6364,14.0408,1419,3055.92
1000624,-5.7174,1.9273,9.5397,1455,3055.92
1000629,2.0147,3.3962,8.1989,1428,3055.92
1000634,3.4716,2.3703,11.9842,1427,3055.92
1000639,-4.045,-1.7178,13.8924,1432,3055.92
1000644,-5.1775,2.1811,9.1087,1447,3055.92
1000649,2.211,3.559,8.3989,1433,3055.92
1000654,3.0323,1.9405,12.3038,1426,3055.92
1000659,-4.4664,-1.7322,13.714,1428,3055.92
1000664,-4.531,2.3176,8.679,1455,3055.92
1000669,2.4193,3.6248,8.6179,1430,3055.92
1000674,2.4325,1.5886,12.5959,1427,3055.92
1000679,-4.8614,-1.6424,13.4901,1429,3055.92
1000684,-3.802,2.466,8.3965,1453,3056.39
1000689,2.5774,3.6966,8.8107,1431,3056.39
1000694,1.8866,1.2965,12.9347,1428,3056.39
1000699,-5.3283,-1.5143,13.1825,1429,3056.39
1000704,-3.0095,2.5762,8.1283,1454,3057.01
1000709,2.8132,3.796,9.0405,1430,3057.01
1000714,1.2354,0.8739,13.1825,1429,3057.01
1000719,-5.6312,-1.2198,12.9299,1431,3057.01
1000724,-2.1943,2.6444,7.9499,1453,3056.7
1000729,3.0311,3.8355,9.3063,1431,3056.7
1000734,0.6752,0.5555,13.4315,1421,3056.7
1000739,-5.9041,-0.8643,12.5923,1430,3056.7
1000744,-1.3934,2.7689,7.6914,1451,3057.17
1000749,3.2118,3.8319,9.5541,1430,3057.17
1000754,0.0802,0.1604,13.6362,1434,3057.17
1000759,-6.1938,-0.4393,12.1973,1428,3057.17
1000764,-0.6752,2.8946,7.5705,1445,3056.7
1000769,3.4728,3.7828,9.8354,1429,3056.7
1000774,-0.516,-0.1377,13.8505,1427,3056.7
1000779,-6.3985,-0.0898,11.8405,1429,3056.7
1000784,0.018,3.0095,7.5262,1437,3057.17
1000789,3.7553,3.711,10.0712,1428,3057.17
1000794,-1.0199,-0.5076,13.9797,1423,3057.17
1000799,-6.541,0.3651,11.388,1428,3057.17
1000804,0.6117,3.0933,7.6435,1437,3056.86
1000809,3.8942,3.5889,10.3825,1427,3056.86
1000814,-1.6017,-0.7913,14.1007,1427,3056.86
1000819,-6.5254,0.7901,10.9786,1429,3056.86
1000824,1.1049,3.1412,7.6459,1433,3056.7
1000829,4.0378,3.3627,10.7033,1429,3056.7
1000834,-2.1392,-1.1588,14.1713,1421,3056.7
1000839,-6.4871,1.2079,10.5919,1435,3056.7
1000844,1.4712,3.2465,7.8207,1435,3056.86
1000849,4.0809,3.1232,11.0672,1431,3056.86
1000854,-2.7198,-1.4018,14.2096,1425,3056.86
1000859,-6.2537,1.4928,10.1059,1427,3056.86
1000864,1.7897,3.3148,7.9583,1437,3056.86
1000869,3.9085,2.7701,11.461,1431,3056.86
1000874,-3.2501,-1.5921,14.133,1423,3056.86
1000879,-5.9017,1.828,9.7169,1453,3056.7
1000884,2.0255,3.4237,8.1642,1423,3056.7
1000889,3.6727,2.4493,11.7998,1431,3056.7
1000894,-3.8391,-1.6735,13.9953,1431,3056.7
1000899,-5.3822,2.0518,9.2368,1445,3056.86
1000904,2.2087,3.4608,8.3665,1429,3056.86
1000909,3.2968,2.0578,12.1566,1421,3056.86
1000914,-4.2964,-1.7633,13.8469,1431,3056.86
1000919,-4.7609,2.247,8.8226,1455,3057.01
1000924,2.4205,3.6045,8.4862,1429,3057.01
1000929,2.7545,1.7597,12.4965,1429,3057.01
1000934,-4.6807,-1.719,13.5883,1427,3057.01
1000939,-4.0582,2.3954,8.4958,1455,3056.55
1000944,2.5151,3.5841,8.7436,1431,3056.55
1000949,2.1177,1.3096,12.8269,1422,3056.55
1000954,-5.0961,-1.6161,13.2974,1431,3056.55
1000959,-3.2441,2.5235,8.1846,1447,3055.92
1000964,2.7605,3.7266,8.9735,1429,3055.92
1000969,1.4868,0.9804,13.0269,1427,3055.92
1000974,-5.4121,-1.3216,12.9682,1427,3055.92
1000979,-2.4241,2.5881,7.8757,1451,3055.61
1000984,2.9425,3.7625,9.2273,1428,3055.61
1000989,0.9062,0.5914,13.2794,1427,3055.61
1000994,-5.7269,-1.0523,12.7515,1433,3055.61
1000999,-1.6508,2.733,7.7488,1448,3055.46
1001004,3.1687,3.7876,9.4212,1431,3055.46
1001009,0.322,0.2777,13.5009,1422,3055.46
1001014,-6.0537,-0.662,12.2595,1431,3055.46
1001019,-0.9242,2.8168,7.5968,1443,3055.61
1001024,3.3902,3.7385,9.6822,1429,3055.61
1001029,-0.2215,-0.0946,13.7104,1422,3055.61
1001034,-6.2584,-0.3304,11.9483,1428,3055.61
1001039,-0.2239,2.8838,7.5465,1439,3055.46
1001044,3.6703,3.711,9.9695,1432,3055.46
1001049,-0.7542,-0.3508,13.8792,1419,3055.46
1001054,-6.4572,0.1173,11.6131,1425,3055.46
1001059,0.3831,2.9772,7.6243,1432,3055.61
1001064,3.8511,3.541,10.3034,1426,3055.61
1001069,-1.342,-0.735,13.9869,1423,3055.61
1001074,-6.5015,0.5243,11.1426,1427,3055.61
1001079,0.8535,3.0586,7.5932,1439,3055.92
1001084,4.045,3.4129,10.6027,1429,3055.92
1001089,-1.8735,-0.9792,14.0947,1427,3055.92
1001094,-6.5278,0.9529,10.7404,1436,3055.92
1001099,1.3036,3.1412,7.7165,1433,3055.77
1001104,4.0522,3.1304,10.9858,1427,3055.77
1001109,-2.4983,-1.3587,14.0995,1423,3055.77
1001114,-6.3303,1.3336,10.2687,1433,3055.77
1001119,1.6233,3.2549,7.8518,1435,3056.23
1001124,3.9923,2.9389,11.3342,1429,3056.23
1001129,-3.0382,-1.5467,14.1007,1427,3056.23
1001134,-6.0885,1.6795,9.8617,1429,3056.23
1001139,1.9034,3.2884,8.0373,1435,3056.08
1001144,3.8008,2.5582,11.661,1433,3056.08
1001149,-3.5757,-1.7633,14.0169,1425,3056.08
1001154,-5.6491,1.8986,9.4691,1443,3056.55
1001159,2.0722,3.3974,8.2037,1426,3056.55
1001164,3.4692,2.2458,12.0644,1427,3056.55
1001169,-4.0893,-1.7933,13.8636,1431,3056.55
1001174,-5.0949,2.1249,9.0333,1449,3056.86
1001179,2.2733,3.4668,8.4048,1431,3056.86
1001184,2.9521,1.8411,12.3218,1423,3056.86
1001189,-4.5131,-1.8004,13.6709,1427,3056.86
1001194,-4.4185,2.308,8.6957,1451,3056.23
1001199,2.3834,3.5877,8.6754,1430,3056.23
1001204,2.387,1.4581,12.6629,1425,3056.23
1001209,-4.9632,-1.6987,13.4494,1427,3056.23
1001214,-3.6595,2.4134,8.2744,1454,3057.48
1001219,2.575,3.6583,8.8334,1430,3057.48
1001224,1.7909,1.1037,12.9251,1420,3057.48
1001229,-5.3187,-1.5191,13.1537,1431,3057.48
1001234,-2.8503,2.575,8.0517,1451,3057.01
1001239,2.7521,3.7385,9.0968,1429,3057.01
1001244,1.1337,0.7829,13.2663,1428,3057.01
1001249,-5.7545,-1.1779,12.7922,1431,3057.01
1001254,-2.053,2.6683,7.7943,1448,3057.48
1001259,3.0358,3.79,9.3326,1431,3057.48
1001264,0.5674,0.4369,13.465,1423,3057.48
1001269,-6.0897,-0.838,12.5708,1429,3057.48
1001274,-1.2785,2.7928,7.7417,1451,3058.42
1001279,3.2154,3.7733,9.6019,1431,3058.42
1001284,-0.0431,0.0766,13.6912,1427,3058.42
1001289,-6.3554,-0.4477,12.0871,1427,3058.42
1001294,-0.5004,2.879,7.5908,1439,3060.13
1001299,3.5159,3.7541,9.8689,1425,3060.13
1001304,-0.5794,-0.2981,13.9642,1427,3060.13
1001309,-6.6212,0.0407,11.7364,1427,3060.13
1001314,0.2047,2.9892,7.6052,1435,3060.76
1001319,3.7661,3.6284,10.149,1419,3060.76
1001324,-1.2833,-0.6165,14.0468,1421,3060.76
1001329,-6.6547,0.4633,11.2563,1419,3060.76
1001334,0.7805,3.0754,7.5884,1435,3059.04
1001339,3.9528,3.4668,10.5225,1427,3059.04
1001344,-1.8663,-0.9553,14.1617,1423,3059.04
1001349,-6.6415,0.9361,10.8481,1434,3059.04
1001354,1.2534,3.1568,7.7428,1437,3057.95
1001359,4.0163,3.2681,10.8278,1428,3057.95
1001364,-2.484,-1.2294,14.1557,1423,3057.95
1001369,-6.462,1.3695,10.392,1433,3057.95
1001374,1.5419,3.2848,7.8638,1437,3057.01
1001379,3.9301,2.958,11.2731,1430,3057.01
1001384,-3.0885,-1.4892,14.1629,1417,3057.01
1001389,-6.1304,1.6819,9.9587,1429,3057.01
1001394,1.8411,3.3064,8.0122,1432,3056.55
1001399,3.7757,2.6097,11.6334,1433,3056.55
1001404,-3.5841,-1.6735,14.0348,1423,3056.55
1001409,-5.715,1.9261,9.5289,1448,3056.23
1001414,2.0339,3.4477,8.2121,1422,3056.23
1001419,3.4022,2.3463,12.0309,1428,3056.23
1001424,-4.0689,-1.7394,13.8816,1432,3056.23
1001429,-5.1475,2.1572,9.086,1449,3055.46
1001434,2.144,3.5039,8.4312,1429,3055.46
1001439,2.9078,1.9297,12.2835,1421,3055.46
1001444,-4.5238,-1.7466,13.7331,1432,3055.46
1001449,-4.5083,2.3284,8.7101,1453,3056.23
1001454,2.3284,3.6057,8.6838,1423,3056.23
1001459,2.3906,1.6041,12.5971,1427,3056.23
1001464,-4.9512,-1.6723,13.5225,1425,3056.23
1001469,-3.802,2.4349,8.3857,1453,3055.61
1001474,2.5402,3.6931,8.8394,1432,3055.61
1001479,1.7681,1.227,12.8892,1423,3055.61
1001484,-5.3427,-1.4772,13.2244,1429,3055.61
1001489,-2.982,2.6133,8.0852,1448,3055.77
1001494,2.7521,3.7888,9.068,1431,3055.77
1001499,1.1863,0.8942,13.1741,1429,3055.77
1001504,-5.7018,-1.2055,12.9335,1426,3055.77
1001509,-2.1859,2.6695,7.8458,1448,3055.92
1001514,2.9868,3.8056,9.3158,1423,3055.92
1001519,0.6033,0.516,13.453,1426,3055.92
1001524,-5.9795,-0.8763,12.639,1432,3055.92
1001529,-1.4353,2.7785,7.6962,1433,3055.61
1001534,3.2238,3.8439,9.5421,1431,3055.61
1001539,0.0455,0.2035,13.5715,1419,3055.61
1001544,-6.2058,-0.4776,12.2643,1431,3055.61
1001549,-0.7027,2.8659,7.6124,1439,3056.86
1001554,3.4261,3.8271,9.7911,1425,3056.86
1001559,-0.5255,-0.1437,13.8648,1429,3056.86
1001564,-6.4584,-0.0826,11.8465,1423,3056.86
1001569,-0.0323,3.0011,7.5381,1440,3057.17
1001574,3.6691,3.7338,10.0556,1430,3057.17
1001579,-1.1061,-0.4477,13.9821,1421,3057.17
1001584,-6.535,0.3687,11.3784,1427,3057.17
1001589,0.5543,3.049,7.598,1436,3057.01
1001594,3.8786,3.5434,10.4519,1427,3057.01
1001599,-1.6305,-0.8176,14.1234,1427,3057.01
1001604,-6.5553,0.8452,10.9942,1427,3057.01
1001609,1.1133,3.1807,7.6483,1435,3056.86
1001614,4.0055,3.3662,10.7392,1425,3056.86
1001619,-2.2529,-1.1085,14.1653,1421,3056.86
1001624,-6.4943,1.172,10.5704,1435,3056.86
1001629,1.4317,3.1807,7.7847,1435,3056.86
1001634,4.0115,3.1101,11.1821,1429,3056.86
1001639,-2.7557,-1.3862,14.1725,1428,3056.86
1001644,-6.2776,1.5514,10.1335,1430,3056.86
1001649,1.7573,3.3495,7.8997,1436,3056.7
1001654,3.9409,2.8635,11.5185,1429,3056.7
1001659,-3.3591,-1.5598,14.0803,1423,3056.7
1001664,-5.9077,1.828,9.7049,1439,3056.7
1001669,1.9716,3.3722,8.1882,1427,3056.7
1001674,3.6176,2.4612,11.9028,1431,3056.7
1001679,-3.8331,-1.7095,13.9738,1430,3056.7
1001684,-5.3774,2.0411,9.2249,1447,3057.48
1001689,2.2134,3.4991,8.3079,1427,3057.48
1001694,3.2465,2.1225,12.2056,1429,3057.48
1001699,-4.3407,-1.7298,13.8277,1431,3057.48
1001704,-4.798,2.2781,8.8729,1439,3057.01
1001709,2.326,3.5853,8.5006,1432,3057.01
1001714,2.7102,1.7119,12.5432,1424,3057.01
1001719,-4.786,-1.7142,13.635,1423,3057.01
1001724,-4.0139,2.4313,8.4647,1443,3057.32
1001729,2.5606,3.7086,8.7819,1434,3057.32
1001734,2.1081,1.342,12.8126,1427,3057.32
1001739,-5.1595,-1.5191,13.2735,1429,3057.32
1001744,-3.2489,2.5654,8.163,1445,3057.17
1001749,2.7461,3.7661,8.989,1433,3057.17
1001754,1.5227,0.9433,13.0568,1427,3057.17
1001759,-5.515,-1.306,12.9766,1427,3057.17
1001764,-2.4804,2.6013,7.9224,1453,3057.64
1001769,2.9904,3.8295,9.1722,1428,3057.64
1001774,0.8882,0.6081,13.3273,1430,3057.64
1001779,-5.8706,-0.9649,12.6677,1431,3057.64
1001784,-1.5718,2.7892,7.7249,1451,3057.64
1001789,3.1987,3.8128,9.402,1431,3057.64
1001794,0.2286,0.2682,13.6003,1421,3057.64
1001799,-6.1483,-0.6345,12.2846,1429,3057.64
1001804,-0.8835,2.8072,7.6327,1436,3058.1
1001809,3.4405,3.7912,9.7217,1427,3058.1
1001814,-0.2658,-0.0682,13.8409,1429,3058.1
1001819,-6.3925,-0.1413,11.9064,1429,3058.1
1001824,-0.1041,2.958,7.5681,1439,3058.1
1001829,3.7146,3.7266,9.9455,1431,3058.1
1001834,-0.8404,-0.4657,13.9438,1423,3058.1
1001839,-6.517,0.2454,11.4898,1429,3058.1
1001844,0.4788,3.0526,7.5513,1435,3057.95
1001849,3.9157,3.571,10.3418,1429,3057.95
1001854,-1.4569,-0.759,14.0755,1427,3057.95
1001859,-6.5984,0.6967,11.0983,1427,3057.95
1001864,1.0403,3.1292,7.5561,1436,3057.79
1001869,4.112,3.3902,10.5668,1422,3057.79
1001874,-2.0458,-1.0762,14.1366,1425,3057.79
1001879,-6.4919,1.0666,10.6362,1433,3057.79
1001884,1.4162,3.1963,7.8398,1432,3057.79
1001889,4.0833,3.1508,10.9786,1429,3057.79
1001894,-2.624,-1.3276,14.1916,1423,3057.79
1001899,-6.3422,1.421,10.1658,1435,3057.79
1001904,1.7669,3.2513,7.8554,1437,3057.79
1001909,4.0342,2.8479,11.4239,1423,3057.79
1001914,-3.219,-1.5143,14.133,1433,3057.79
1001919,-5.9819,1.7992,9.7217,1427,3057.79
1001924,2.0027,3.3291,8.0828,1434,3058.26
1001929,3.7517,2.478,11.7699,1433,3058.26
1001934,-3.7685,-1.7741,13.9582,1425,3058.26
1001939,-5.4205,2.0458,9.3051,1445,3057.64
1001944,2.1715,3.4596,8.2528,1427,3057.64
1001949,3.4129,2.0806,12.1422,1427,3057.64
1001954,-4.2294,-1.7849,13.793,1432,3057.64
1001959,-4.8267,2.2087,8.9471,1440,3057.32
1001964,2.3619,3.547,8.4982,1432,3057.32
1001969,2.7988,1.6999,12.475,1423,3057.32
1001974,-4.6699,-1.719,13.5727,1429,3057.32
1001979,-4.0725,2.3679,8.4934,1463,3057.01
1001984,2.5558,3.644,8.6898,1429,3057.01
1001989,2.1859,1.3431,12.7611,1419,3057.01
1001994,-5.1248,-1.5921,13.3034,1431,3057.01
1001999,-3.2968,2.5187,8.1618,1453,3057.32
1002004,2.7581,3.7421,8.9364,1431,3057.32
1002009,1.5766,0.9864,12.9921,1427,3057.32
1002014,-5.4815,-1.3348,13.0125,1430,3057.32
1002019,-2.4936,2.6073,7.9224,1453,3057.48
1002024,2.9497,3.7565,9.1686,1427,3057.48
1002029,0.9182,0.6273,13.3513,1427,3057.48
1002034,-5.794,-1.0546,12.7228,1429,3057.48
1002039,-1.6771,2.7031,7.7285,1453,3057.79
1002044,3.1472,3.7529,9.4104,1432,3057.79
1002049,0.3208,0.2825,13.5272,1421,3057.79
1002054,-6.0837,-0.6716,12.3074,1429,3057.79
1002059,-0.9182,2.8695,7.6315,1453,3057.79
1002064,3.3806,3.7972,9.6762,1429,3057.79
1002069,-0.2382,-0.0503,13.7894,1421,3057.79
1002074,-6.3087,-0.2346,11.8776,1431,3057.79
1002079,-0.1365,2.8982,7.5058,1447,3057.79
1002084,3.6464,3.699,9.918,1431,3057.79
1002089,-0.8212,-0.4633,13.945,1423,3057.79
1002094,-6.4631,0.1616,11.5712,1427,3057.79
1002099,0.407,3.0023,7.5693,1436,3058.26
1002104,3.8439,3.638,10.3106,1431,3058.26
1002109,-1.4138,-0.7159,14.0599,1423,3058.26
1002114,-6.5912,0.5411,11.1103,1427,3058.26
1002119,0.9768,3.0694,7.5872,1437,3058.26
1002124,3.9995,3.3902,10.6602,1429,3058.26
1002129,-1.9956,-1.0439,14.1653,1428,3058.26
1002134,-6.5302,1.0355,10.7033,1433,3058.26
1002139,1.3922,3.1675,7.7692,1437,3058.26
1002144,4.039,3.1843,11.0181,1422,3058.26
1002149,-2.5977,-1.33,14.1414,1421,3058.26
1002154,-6.3339,1.3803,10.2316,1435,3058.26
1002159,1.7107,3.2058,7.8829,1437,3057.79
1002164,3.9708,2.8623,11.3964,1429,3057.79
1002169,-3.2202,-1.5766,14.1198,1423,3057.79
1002174,-6.0932,1.7466,9.7755,1427,3057.79
1002179,1.9609,3.3435,8.0565,1431,3057.64
1002184,3.7457,2.5438,11.7436,1430,3057.64
1002189,-3.7326,-1.6903,13.9762,1423,3057.64
1002194,-5.5701,1.9872,9.3218,1439,3057.48
1002199,2.132,3.4405,8.2456,1421,3057.48
1002204,3.3555,2.1225,12.1566,1429,3057.48
1002209,-4.2186,-1.798,13.8397,1431,3057.48
1002214,-4.9033,2.2194,8.9208,1451,3058.26
1002219,2.3415,3.5291,8.4611,1423,3058.26
1002224,2.8695,1.8112,12.4355,1425,3058.26
1002229,-4.7058,-1.7549,13.562,1429,3058.26
1002234,-4.2126,2.3667,8.5712,1443,3058.26
1002239,2.4529,3.614,8.7101,1429,3058.26
1002244,2.1943,1.3671,12.8198,1429,3058.26
1002249,-5.0793,-1.6747,13.3369,1422,3058.26
1002254,-3.4081,2.466,8.2516,1455,3058.1
1002259,2.6432,3.6727,8.9004,1432,3058.1
1002264,1.6604,1.0534,13.0795,1427,3058.1
1002269,-5.4947,-1.3755,13.064,1429,3058.1
1002274,-2.5618,2.5869,7.993,1449,3057.79
1002279,2.8671,3.7146,9.1614,1429,3057.79
1002284,0.9529,0.5962,13.3058,1428,3057.79
1002289,-5.8179,-1.0678,12.7276,1429,3057.79
1002294,-1.7561,2.7031,7.7632,1451,3059.04
1002299,3.1125,3.8188,9.3793,1432,3059.04
1002304,0.3819,0.2849,13.5272,1423,3059.04
1002309,-6.1387,-0.7099,12.3469,1431,3059.04
1002314,-0.9481,2.8132,7.6842,1435,3059.04
1002319,3.3758,3.7924,9.6498,1427,3059.04
1002324,-0.2334,-0.1137,13.7535,1426,3059.04
1002329,-6.4033,-0.2921,11.9638,1431,3059.04
1002334,-0.1963,2.9305,7.5573,1445,3059.2
1002339,3.6069,3.7206,9.8749,1429,3059.2
1002344,-0.8392,-0.3412,13.9355,1428,3059.2
1002349,-6.5972,0.1963,11.5544,1431,3059.2
1002354,0.3986,2.9916,7.6028,1435,3059.35
1002359,3.8355,3.5638,10.2699,1429,3059.35
1002364,-1.4054,-0.7661,14.0947,1423,3059.35
1002369,-6.6535,0.6357,11.1294,1427,3059.35
1002374,0.9361,3.0981,7.5633,1436,3059.51
1002379,4.0055,3.3758,10.6303,1429,3059.51
1002384,-2.0291,-1.0223,14.2,1421,3059.51
1002389,-6.6056,1.0822,10.6817,1433,3059.51
1002394,1.3815,3.1819,7.768,1434,3059.66
1002399,4.045,3.1113,10.9738,1429,3059.66
1002404,-2.6959,-1.3491,14.2048,1421,3059.66
1002409,-6.3877,1.4329,10.1921,1435,3059.66
1002414,1.6939,3.2609,7.8458,1435,3059.66
1002419,4.0019,2.8754,11.3868,1427,3059.66
1002424,-3.3052,-1.5957,14.133,1421,3059.66
1002429,-6.0023,1.7645,9.7516,1429,3059.66
1002434,1.9884,3.3782,8.0768,1439,3059.51
1002439,3.6691,2.4732,11.7543,1433,3059.51
1002444,-3.8331,-1.7573,13.969,1425,3059.51
1002449,-5.4851,2.0279,9.2608,1447,3059.66
1002454,2.1488,3.4776,8.2947,1421,3059.66
1002459,3.2669,2.132,12.147,1429,3059.66
1002464,-4.397,-1.737,13.8277,1431,3059.66
1002469,-4.859,2.2446,8.9136,1450,3059.82
1002474,2.3236,3.5219,8.5042,1429,3059.82
1002479,2.6791,1.6843,12.4606,1429,3059.82
1002484,-4.8626,-1.7131,13.5536,1430,3059.82
1002489,-4.0701,2.4337,8.4898,1439,3059.51
1002494,2.484,3.6524,8.7197,1427,3059.51
1002499,2.0542,1.336,12.8329,1427,3059.51
1002504,-5.2541,-1.5467,13.3333,1429,3059.51
1002509,-3.2178,2.5941,8.1547,1453,3059.51
1002514,2.7066,3.7314,8.8921,1433,3059.51
1002519,1.4437,0.9026,13.1394,1423,3059.51
1002524,-5.6072,-1.3336,13.0065,1429,3059.51
1002529,-2.3786,2.6276,7.8781,1451,3059.51
1002534,2.9425,3.8343,9.1997,1427,3059.51
1002539,0.7781,0.5315,13.3584,1429,3059.51
1002544,-5.9304,-0.9816,12.6965,1431,3059.51
1002549,-1.5407,2.7641,7.6986,1451,3059.51
1002554,3.1532,3.8199,9.4631,1431,3059.51
1002559,0.1353,0.1616,13.6493,1422,3059.51
1002564,-6.2405,-0.5782,12.3517,1431,3059.51
1002569,-0.7721,2.8563,7.6195,1447,3059.66
1002574,3.4309,3.784,9.7145,1427,3059.66
1002579,-0.431,-0.1233,13.8098,1421,3059.66
1002584,-6.511,-0.0946,11.8728,1430,3059.66
1002589,-0.0491,2.9329,7.5944,1439,3060.13
1002594,3.699,3.7182,10.0916,1427,3060.13
1002599,-1.0511,-0.51,13.9857,1427,3060.13
1002604,-6.6379,0.3364,11.4646,1427,3060.13
1002609,0.5698,3.0119,7.6255,1413,3060.6
1002614,3.8894,3.5279,10.4459,1431,3060.6
1002619,-1.6592,-0.8715,14.1342,1427,3060.6
1002624,-6.6547,0.8248,11.0205,1426,3060.6
1002629,1.1025,3.134,7.665,1435,3060.91
1002634,4.0235,3.3471,10.7859,1427,3060.91
1002639,-2.3248,-1.1791,14.1952,1421,3060.91
1002644,-6.5601,1.257,10.5177,1433,3060.91
1002649,1.5275,3.2214,7.78,1435,3061.07
1002654,4.0534,3.0885,11.0804,1429,3061.07
1002659,-2.9353,-1.4545,14.1509,1427,3061.07
1002664,-6.2979,1.5981,10.0832,1434,3061.07
1002669,1.8112,3.3555,7.9739,1435,3061.54
1002674,3.9037,2.7521,11.5341,1421,3061.54
1002679,-3.5698,-1.652,14.1198,1426,3061.54
1002684,-5.849,1.9082,9.6043,1429,3061.54
1002689,2.0195,3.4165,8.1151,1433,3061.54
1002694,3.5686,2.3559,11.9064,1433,3061.54
1002699,-4.0809,-1.7609,13.9498,1427,3061.54
1002704,-5.2098,2.1919,9.0956,1447,3061.38
1002709,2.2398,3.4836,8.3582,1427,3061.38
1002714,3.0742,1.9824,12.3744,1423,3061.38
1002719,-4.6304,-1.7238,13.7547,1431,3061.38
1002724,-4.4903,2.3116,8.6814,1453,3061.22
1002729,2.4026,3.5805,8.5365,1429,3061.22
1002734,2.4325,1.5167,12.6486,1427,3061.22
1002739,-5.0877,-1.6388,13.5117,1429,3061.22
1002744,-3.7086,2.4756,8.406,1453,3060.76
1002749,2.642,3.7433,8.8741,1431,3060.76
1002754,1.7897,1.142,12.9287,1425,3060.76
1002759,-5.4492,-1.4078,13.21,1431,3060.76
1002764,-2.8048,2.6025,8.0325,1452,3062.16
1002769,2.8419,3.7984,9.0285,1431,3062.16
1002774,1.1349,0.7518,13.2639,1429,3062.16
1002779,-5.9125,-1.0989,12.8605,1427,3062.16
1002784,-1.913,2.745,7.8159,1455,3061.54
1002789,3.1053,3.863,9.268,1427,3061.54
1002794,0.4262,0.3938,13.5943,1426,3061.54
1002799,-6.1699,-0.7039,12.5013,1432,3061.54
1002804,-1.0738,2.8168,7.683,1445,3061.38
1002809,3.3519,3.7685,9.5409,1430,3061.38
1002814,-0.1676,0.0227,13.7595,1416,3061.38
1002819,-6.4153,-0.2646,12.1709,1431,3061.38
1002824,-0.3232,2.9137,7.6471,1445,3061.22
1002829,3.62,3.7816,9.8569,1429,3061.22
1002834,-0.8499,-0.2957,13.9762,1429,3061.22
1002839,-6.596,0.2167,11.5867,1430,3061.22
1002844,0.3771,2.9832,7.5609,1438,3061.07
1002849,3.8607,3.6129,10.2412,1431,3061.07
1002854,-1.4401,-0.7111,14.103,1427,3061.07
1002859,-6.6583,0.6716,11.2336,1429,3061.07
1002864,0.9385,3.1149,7.6806,1436,3060.76
1002869,4.0582,3.4704,10.5153,1425,3060.76
1002874,-2.0901,-1.0247,14.1545,1423,3060.76
1002879,-6.6319,1.0678,10.7476,1429,3060.76
1002884,1.4162,3.2274,7.7237,1437,3060.76
1002889,4.1108,3.14,10.9954,1423,3060.76
1002894,-2.6767,-1.3635,14.2263,1427,3060.76
1002899,-6.3614,1.5012,10.2568,1436,3060.76
1002904,1.7071,3.3184,7.9236,1435,3060.44
1002909,3.9468,2.8946,11.3832,1427,3060.44
1002914,-3.2298,-1.5371,14.1437,1427,3060.44
1002919,-6.0298,1.8052,9.7743,1422,3060.44
1002924,1.9585,3.3962,8.0242,1432,3060.29
1002929,3.7242,2.5103,11.7627,1432,3060.29
1002934,-3.8259,-1.6819,14.0552,1422,3060.29
1002939,-5.4827,2.0303,9.2907,1454,3060.6
1002944,2.1668,3.468,8.1989,1423,3060.6
1002949,3.3351,2.1368,12.1925,1433,3060.6
1002954,-4.3203,-1.7454,13.8708,1432,3060.6
1002959,-4.8064,2.2685,8.8992,1437,3060.13
1002964,2.3224,3.5865,8.4982,1427,3060.13
1002969,2.7186,1.6915,12.4906,1421,3060.13
1002974,-4.8076,-1.7178,13.6254,1433,3060.13
1002979,-4.0235,2.4193,8.4599,1455,3059.98
1002984,2.5666,3.6847,8.6742,1421,3059.98
1002989,2.0794,1.3024,12.8293,1428,3059.98
1002994,-5.2098,-1.5,13.374,1427,3059.98
1002999,-3.2046,2.563,8.1343,1456,3059.98
1003004,2.7952,3.7637,9.0046,1429,3059.98
1003009,1.4078,0.9074,13.0699,1421,3059.98
1003014,-5.5845,-1.2474,13.0125,1432,3059.98
1003019,-2.3511,2.6408,7.908,1449,3060.13
1003024,3.0155,3.814,9.1818,1431,3060.13
1003029,0.8523,0.5614,13.3692,1430,3060.13
1003034,-5.9723,-0.8942,12.6785,1431,3060.13
1003039,-1.4796,2.7809,7.7381,1454,3060.76
1003044,3.2118,3.8128,9.4583,1431,3060.76
1003049,0.1197,0.1867,13.5979,1423,3060.76
1003054,-6.2189,-0.5471,12.159,1433,3060.76
1003059,-0.6955,2.8802,7.5537,1433,3061.22
1003064,3.5566,3.7242,9.7576,1431,3061.22
1003069,-0.4345,-0.1772,13.8576,1421,3061.22
1003074,-6.4859,-0.0036,11.8501,1428,3061.22
1003079,0.0611,3.0179,7.5537,1439,3060.13
1003084,3.8008,3.6571,10.0832,1431,3060.13
1003089,-1.0666,-0.5423,13.951,1429,3060.13
1003094,-6.5589,0.4022,11.3725,1428,3060.13
1003099,0.6464,3.0538,7.6088,1433,3059.2
1003104,3.9636,3.541,10.4651,1427,3059.2
1003109,-1.6161,-0.8356,14.1713,1427,3059.2
1003114,-6.5565,0.8727,10.9894,1425,3059.2
1003119,1.1684,3.1879,7.6626,1435,3058.73
1003124,4.0881,3.3531,10.7871,1427,3058.73
1003129,-2.2027,-1.1624,14.1222,1422,3058.73
1003134,-6.4715,1.2043,10.5129,1433,3058.73
1003139,1.4964,3.2645,7.8422,1437,3058.42
1003144,4.0402,3.0538,11.1725,1427,3058.42
1003149,-2.788,-1.421,14.1461,1421,3058.42
1003154,-6.2177,1.6197,10.009,1433,3058.42
1003159,1.8244,3.3435,7.9751,1438,3058.1
1003164,3.9313,2.7641,11.4958,1427,3058.1
1003169,-3.3722,-1.6173,14.0348,1421,3058.1
1003174,-5.8095,1.8651,9.6127,1429,3058.1
1003179,2.0159,3.4201,8.1702,1432,3057.95
1003184,3.6571,2.3727,11.9399,1431,3057.95
1003189,-3.9169,-1.7214,13.9426,1421,3057.95
1003194,-5.2792,2.0877,9.1327,1451,3057.64
1003199,2.2482,3.4824,8.3522,1427,3057.64
1003204,3.2034,2.0267,12.2858,1429,3057.64
1003209,-4.3946,-1.7394,13.7535,1427,3057.64
1003214,-4.6459,2.2637,8.7939,1436,3056.7
1003219,2.4157,3.5602,8.6131,1428,3056.7
1003224,2.6276,1.6233,12.5935,1423,3056.7
1003229,-4.8315,-1.6831,13.5189,1427,3056.7
1003234,-3.9073,2.4529,8.3929,1456,3056.55
1003239,2.6348,3.6679,8.8023,1429,3056.55
1003244,2.0267,1.2366,12.8509,1428,3056.55
1003249,-5.1799,-1.5479,13.2423,1425,3056.55
1003254,-3.0945,2.5295,8.1235,1455,3055.77
1003259,2.7653,3.6787,9.0225,1433,3055.77
1003264,1.3635,0.8715,13.143,1421,3055.77
1003269,-5.5486,-1.2785,12.9586,1428,3055.77
1003274,-2.314,2.6432,7.9021,1449,3055.61
1003279,2.9437,3.7864,9.2416,1429,3055.61
1003284,0.7673,0.5531,13.398,1427,3055.61
1003289,-5.8622,-0.9613,12.6043,1429,3055.61
1003294,-1.5167,2.7294,7.7333,1451,3055.77
1003299,3.207,3.7876,9.4643,1429,3055.77
1003304,0.1748,0.176,13.5835,1427,3055.77
1003309,-6.092,-0.5902,12.1901,1432,3055.77
1003314,-0.7757,2.8443,7.6279,1451,3055.92
1003319,3.4955,3.7469,9.754,1429,3055.92
1003324,-0.3041,-0.0491,13.7738,1421,3055.92
1003329,-6.3542,-0.1508,11.8214,1432,3055.92
1003334,-0.1365,2.9197,7.5441,1445,3055.46
1003339,3.6835,3.614,10.0042,1431,3055.46
1003344,-0.8691,-0.4525,13.9091,1417,3055.46
1003349,-6.4643,0.2227,11.4766,1429,3055.46
1003354,0.4741,3.0562,7.6231,1444,3055.46
1003359,3.8403,3.6164,10.3441,1431,3055.46
1003364,-1.4365,-0.741,14.0983,1423,3055.46
1003369,-6.5302,0.6297,11.0875,1425,3055.46
1003374,0.9505,3.0742,7.6459,1437,3055.61
1003379,4.0294,3.3818,10.6446,1428,3055.61
1003384,-1.9824,-1.0499,14.1162,1429,3055.61
1003389,-6.5338,1.0475,10.647,1427,3055.61
1003394,1.3503,3.2262,7.8075,1437,3055.92
1003399,4.0163,3.1867,11.0241,1427,3055.92
1003404,-2.5833,-1.3132,14.1126,1427,3055.92
1003409,-6.3207,1.3934,10.1969,1433,3055.92
1003414,1.6759,3.2429,7.8973,1431,3056.23
1003419,3.9696,2.8216,11.4012,1407,3056.23
1003424,-3.1077,-1.5706,14.1018,1421,3056.23
1003429,-6.0346,1.7454,9.7863,1435,3056.23
1003434,1.9237,3.3255,8.1175,1437,3056.55
1003439,3.7421,2.5666,11.7507,1427,3056.55
1003444,-3.6823,-1.7645,13.9762,1428,3056.55
1003449,-5.5701,1.9573,9.3063,1431,3056.55
1003454,2.1272,3.4034,8.2899,1437,3056.39
1003459,3.3722,2.1955,12.0955,1433,3056.39
1003464,-4.1503,-1.7657,13.854,1425,3056.39
1003469,-4.9428,2.1656,8.9328,1439,3057.01
1003474,2.2829,3.5865,8.4767,1427,3057.01
1003479,2.8407,1.804,12.4139,1427,3057.01
1003484,-4.6292,-1.7729,13.5584,1433,3057.01
1003489,-4.2545,2.3403,8.5234,1449,3057.79
1003494,2.4864,3.5961,8.6981,1429,3057.79
1003499,2.2805,1.3791,12.7419,1427,3057.79
1003504,-5.0398,-1.6149,13.4087,1429,3057.79
1003509,-3.4752,2.5055,8.2839,1459,3057.79
1003514,2.6133,3.7014,8.9376,1431,3057.79
1003519,1.5921,1.0319,13.0113,1422,3057.79
1003524,-5.4205,-1.4246,13.0424,1429,3057.79
1003529,-2.6995,2.5486,7.9535,1455,3058.1
1003534,2.8407,3.7218,9.153,1414,3058.1
1003539,1.0391,0.6716,13.2974,1437,3058.1
1003544,-5.8035,-1.0666,12.7791,1429,3058.1
1003549,-1.8723,2.6947,7.762,1451,3058.42
1003554,3.0789,3.8176,9.4044,1427,3058.42
1003559,0.4214,0.3316,13.5572,1429,3058.42
1003564,-6.1256,-0.6656,12.457,1431,3058.42
1003569,-1.0523,2.7845,7.6543,1445,3059.35
1003574,3.3495,3.7685,9.7061,1431,3059.35
1003579,-0.1664,-0.0263,13.775,1423,3059.35
1003584,-6.4189,-0.2921,12.0309,1430,3059.35
1003589,-0.2753,2.9425,7.5549,1435,3059.51
1003594,3.6152,3.7314,9.9036,1429,3059.51
1003599,-0.7973,-0.3759,13.9845,1427,3059.51
1003604,-6.6092,0.1281,11.6215,1429,3059.51
1003609,0.3747,3.0466,7.5705,1443,3060.76
1003614,3.8223,3.5518,10.3034,1431,3060.76
1003619,-1.403,-0.7422,14.1402,1425,3060.76
1003624,-6.693,0.6249,11.1701,1429,3060.76
1003629,0.9266,3.0933,7.6746,1433,3059.04
1003634,4.0247,3.45,10.6482,1429,3059.04
1003639,-2.0267,-1.0116,14.1545,1426,3059.04
1003644,-6.6415,1.1097,10.7464,1426,3059.04
1003649,1.312,3.1759,7.8087,1437,3058.42
1003654,4.0582,3.152,11.0193,1429,3058.42
1003659,-2.648,-1.3396,14.1689,1427,3058.42
1003664,-6.3901,1.4485,10.2448,1433,3058.42
1003669,1.6747,3.2836,7.944,1426,3057.48
1003674,3.9816,2.8922,11.3832,1427,3057.48
1003679,-3.1831,-1.5706,14.0611,1419,3057.48
1003684,-6.0442,1.7645,9.839,1432,3057.48
1003689,1.9058,3.3926,8.0756,1437,3056.39
1003694,3.6775,2.5522,11.7699,1422,3056.39
1003699,-3.717,-1.7262,13.9905,1419,3056.39
1003704,-5.5414,1.986,9.3913,1429,3056.39
1003709,2.1033,3.4417,8.278,1432,3055.77
1003714,3.2777,2.1847,12.0895,1433,3055.77
1003719,-4.1731,-1.7729,13.8373,1425,3055.77
1003724,-4.9644,2.2015,9.0142,1458,3055.61
1003729,2.241,3.5159,8.4527,1427,3055.61
1003734,2.7988,1.8268,12.4032,1428,3055.61
1003739,-4.6172,-1.7334,13.6098,1432,3055.61
1003744,-4.288,2.326,8.588,1449,3055.61
1003749,2.4229,3.5901,8.6981,1427,3055.61
1003754,2.2326,1.5095,12.7443,1427,3055.61
1003759,-5.0254,-1.5706,13.4279,1429,3055.61
1003764,-3.5303,2.4912,8.3043,1437,3055.15
1003769,2.6133,3.6703,8.8657,1423,3055.15
1003774,1.6269,1.0798,12.955,1427,3055.15
1003779,-5.3798,-1.4269,13.1334,1429,3055.15
1003784,-2.8024,2.6133,8.0026,1455,3056.86
1003789,2.7809,3.7565,9.1087,1431,3056.86
1003794,1.0942,0.7542,13.2519,1423,3056.86
1003799,-5.7964,-1.1169,12.8605,1429,3056.86
1003804,-1.9477,2.7186,7.8626,1445,3056.23
1003809,3.0023,3.8271,9.3529,1429,3056.23
1003814,0.4645,0.3974,13.5153,1429,3056.23
1003819,-6.0561,-0.7769,12.4606,1421,3056.23
1003824,-1.1839,2.7809,7.6495,1451,3056.55
1003829,3.2549,3.7792,9.6139,1426,3056.55
1003834,-0.0359,0.0994,13.7463,1422,3056.55
1003839,-6.3315,-0.3591,12.074,1433,3056.55
1003844,-0.4597,2.8946,7.6148,1449,3056.7
1003849,3.5398,3.7972,9.8521,1421,3056.7
1003854,-0.6812,-0.2143,13.872,1421,3056.7
1003859,-6.4835,0.0587,11.7208,1431,3056.7
1003864,0.176,2.9676,7.5908,1443,3056.86
1003869,3.7433,3.6679,10.2089,1429,3056.86
1003874,-1.2139,-0.6129,14.0384,1423,3056.86
1003879,-6.6188,0.5519,11.2755,1431,3056.86
1003884,0.7338,3.0574,7.604,1435,3056.7
1003889,3.9624,3.4907,10.5357,1433,3056.7
1003894,-1.7909,-0.917,14.1174,1422,3056.7
1003899,-6.608,0.9313,10.8769,1429,3056.7
1003904,1.1624,3.1759,7.7692,1437,3056.7
1003909,4.0259,3.2657,10.8577,1427,3056.7
1003914,-2.3343,-1.2079,14.1509,1421,3056.7
1003919,-6.4584,1.318,10.422,1430,3056.7
1003924,1.5514,3.3112,7.8697,1436,3057.01
1003929,3.9421,3.0765,11.1941,1423,3057.01
1003934,-2.9102,-1.4724,14.1725,1427,3057.01
1003939,-6.2177,1.6077,9.9742,1435,3057.01
1003944,1.8004,3.3591,8.0349,1433,3056.86
1003949,3.8547,2.7426,11.5568,1432,3056.86
1003954,-3.4955,-1.6616,14.0516,1424,3056.86
1003959,-5.7676,1.889,9.59,1431,3056.86
1003964,2.0458,3.3758,8.2145,1437,3056.86
1003969,3.5434,2.3655,11.9291,1427,3056.86
1003974,-4.0199,-1.7071,13.9414,1421,3056.86
1003979,-5.2828,2.1368,9.1135,1439,3057.01
1003984,2.162,3.4967,8.3905,1422,3057.01
1003989,3.0718,1.9585,12.2607,1437,3057.01
1003994,-4.452,-1.7442,13.7475,1431,3057.01
1003999,-4.6268,2.2936,8.7221,1461,3057.32
1004004,2.3858,3.6308,8.6048,1429,3057.32
1004009,2.5474,1.5706,12.639,1420,3057.32
1004014,-4.8854,-1.6376,13.544,1431,3057.32
1004019,-3.8176,2.4708,8.3881,1459,3057.32
1004024,2.5762,3.6931,8.843,1427,3057.32
1004029,1.9644,1.1923,12.8365,1429,3057.32
1004034,-5.266,-1.5347,13.2004,1427,3057.32
1004039,-3.0586,2.5522,8.1199,1461,3057.64
1004044,2.733,3.796,9.0202,1433,3057.64
1004049,1.2881,0.8763,13.1944,1423,3057.64
1004054,-5.6671,-1.1779,12.9036,1431,3057.64
1004059,-2.2242,2.6899,7.847,1447,3057.64
1004064,2.9485,3.7745,9.2751,1431,3057.64
1004069,0.7111,0.4956,13.3896,1427,3057.64
1004074,-5.958,-0.8763,12.5959,1427,3057.64
1004079,-1.4114,2.7629,7.7452,1451,3057.32
1004084,3.2298,3.8319,9.4691,1429,3057.32
1004089,0.0934,0.1544,13.6206,1421,3057.32
1004094,-6.2357,-0.4669,12.2212,1433,3057.32
1004099,-0.6189,2.8264,7.6399,1445,3057.17
1004104,3.4656,3.7553,9.7923,1429,3057.17
1004109,-0.5219,-0.2274,13.805,1419,3057.17
1004114,-6.3949,-0.012,11.8309,1428,3057.17
1004119,0.0227,3.0107,7.6052,1445,3057.48
1004124,3.7254,3.6847,10.1406,1428,3057.48
1004129,-1.0295,-0.5016,14.0216,1427,3057.48
1004134,-6.5326,0.4166,11.3964,1429,3057.48
1004139,0.6057,3.061,7.5405,1443,3057.32
1004144,3.8858,3.5279,10.4315,1433,3057.32
1004149,-1.6388,-0.8703,14.1222,1415,3057.32
1004154,-6.5637,0.8487,10.987,1427,3057.32
1004159,1.1456,3.1903,7.7105,1434,3057.32
1004164,3.9899,3.3579,10.7763,1429,3057.32
1004169,-2.2146,-1.1349,14.1629,1425,3057.32
1004174,-6.4536,1.2175,10.5572,1427,3057.32
1004179,1.4868,3.2166,7.8039,1437,3057.48
1004184,4.0522,3.0742,11.1378,1426,3057.48
1004189,-2.8252,-1.3994,14.1473,1427,3057.48
1004194,-6.2513,1.579,10.0928,1433,3057.48
1004199,1.7957,3.3363,7.9428,1434,3057.48
1004204,3.8894,2.8132,11.5149,1428,3057.48
1004209,-3.383,-1.5909,14.0755,1422,3057.48
1004214,-5.8658,1.8411,9.6115,1433,3057.48
1004219,1.9896,3.4081,8.1343,1439,3057.48
1004224,3.6524,2.4181,11.8621,1425,3057.48
1004229,-3.8822,-1.7142,14.0025,1423,3057.48
1004234,-5.3283,2.0985,9.1842,1428,3057.48
1004239,2.2266,3.4943,8.3103,1431,3057.48
1004244,3.2142,2.0327,12.1733,1433,3057.48
1004249,-4.3694,-1.749,13.7535,1427,3057.48
1004254,-4.6735,2.2936,8.7843,1448,3057.95
1004259,2.3727,3.5745,8.5377,1425,3057.95
1004264,2.6264,1.6544,12.5313,1429,3057.95
1004269,-4.7884,-1.7226,13.5895,1433,3057.95
1004274,-3.9456,2.4301,8.4396,1451,3058.42
1004279,2.6217,3.6619,8.7185,1432,3058.42
1004284,2.0794,1.2737,12.876,1426,3058.42
1004289,-5.2529,-1.5167,13.2627,1422,3058.42
1004294,-3.1232,2.5534,8.1558,1455,3059.35
1004299,2.7677,3.7445,8.9735,1432,3059.35
1004304,1.3815,0.8882,13.1621,1417,3059.35
1004309,-5.612,-1.257,12.8952,1429,3059.35
1004314,-2.2757,2.6169,7.8638,1452,3059.66
1004319,2.9999,3.8056,9.2524,1431,3059.66
1004324,0.7302,0.5423,13.3836,1427,3059.66
1004329,-5.9017,-0.8882,12.6593,1431,3059.66
1004334,-1.4317,2.8204,7.7452,1449,3060.6
1004339,3.2489,3.8259,9.4786,1430,3060.6
1004344,0.1437,0.1257,13.6589,1429,3060.6
1004349,-6.2309,-0.51,12.1925,1435,3060.6
1004354,-0.6524,2.8659,7.5561,1451,3060.76
1004359,3.5231,3.7721,9.742,1431,3060.76
1004364,-0.4585,-0.2011,13.884,1421,3060.76
1004369,-6.4811,-0.0192,11.8681,1428,3060.76
1004374,0.0587,3.0059,7.5573,1443,3060.6
1004379,3.717,3.6536,10.0712,1429,3060.6
1004384,-1.0965,-0.5555,13.9618,1427,3060.6
1004389,-6.5697,0.3484,11.3138,1431,3060.6
1004394,0.6716,3.1017,7.598,1439,3060.6
1004399,3.9181,3.5422,10.4758,1431,3060.6
1004404,-1.6903,-0.8727,14.1809,1423,3060.6
1004409,-6.6188,0.893,10.9056,1425,3060.6
1004414,1.2546,3.1723,7.7057,1435,3060.29
1004419,4.1084,3.2765,10.7847,1422,3060.29
1004424,-2.3212,-1.2175,14.1605,1423,3060.29
1004429,-6.438,1.2785,10.4375,1423,3060.29
1004434,1.561,3.2681,7.8171,1435,3060.76
1004439,4.0749,3.0023,11.2719,1423,3060.76
1004444,-2.9712,-1.4593,14.2096,1423,3060.76
1004449,-6.2441,1.6819,9.9539,1433,3060.76
1004454,1.9345,3.3303,7.9583,1431,3061.07
1004459,3.9049,2.6695,11.6215,1428,3061.07
1004464,-3.5506,-1.664,14.0719,1420,3061.07
1004469,-5.7485,1.9465,9.5002,1431,3061.07
1004474,2.144,3.4022,8.163,1438,3060.76
1004479,3.5279,2.2889,11.9279,1431,3060.76
1004484,-4.1252,-1.743,13.8983,1422,3060.76
1004489,-5.0877,2.1847,9.0561,1439,3060.76
1004494,2.3475,3.5051,8.3641,1423,3060.76
1004499,3.0514,1.895,12.3146,1433,3060.76
1004504,-4.6172,-1.7322,13.7379,1431,3060.76
1004509,-4.3742,2.3272,8.6945,1455,3060.6
1004514,2.4912,3.62,8.6299,1429,3060.6
1004519,2.4385,1.4377,12.7252,1423,3060.6
1004524,-5.0075,-1.6759,13.4339,1431,3060.6
1004529,-3.5626,2.4924,8.3187,1455,3060.29
1004534,2.6695,3.6559,8.8717,1432,3060.29
1004539,1.7346,1.081,12.9766,1427,3060.29
1004544,-5.4229,-1.3815,13.1274,1428,3060.29
1004549,-2.6695,2.5953,7.9906,1461,3060.13
1004554,2.8695,3.699,9.1063,1431,3060.13
1004559,1.0918,0.65,13.204,1421,3060.13
1004564,-5.7377,-1.1289,12.7551,1429,3060.13
1004569,-1.816,2.7485,7.7632,1461,3060.29
1004574,3.1113,3.8008,9.3529,1433,3060.29
1004579,0.4597,0.3412,13.4853,1427,3060.29
1004584,-6.0908,-0.6919,12.4929,1423,3060.29
1004589,-1.0307,2.8264,7.6303,1452,3060.44
1004594,3.4022,3.7709,9.5612,1430,3060.44
1004599,-0.1245,-0.0395,13.69,1423,3060.44
1004604,-6.3578,-0.2753,12.0117,1433,3060.44
1004609,-0.243,2.9305,7.5381,1439,3060.29
1004614,3.6583,3.7505,9.9,1427,3060.29
1004619,-0.7578,-0.3699,13.975,1422,3060.29
1004624,-6.5422,0.146,11.6274,1427,3060.29
1004629,0.3938,2.9951,7.5369,1443,3060.76
1004634,3.9169,3.5853,10.2352,1429,3060.76
1004639,-1.3862,-0.7697,14.1054,1427,3060.76
1004644,-6.6044,0.5962,11.1701,1429,3060.76
1004649,0.9804,3.0873,7.6124,1432,3060.91
1004654,4.0833,3.3938,10.6147,1428,3060.91
1004659,-1.9764,-1.0546,14.1461,1421,3060.91
1004664,-6.5769,1.0558,10.7476,1429,3060.91
1004669,1.4162,3.1424,7.7273,1439,3061.07
1004674,4.1408,3.1101,10.9607,1429,3061.07
1004679,-2.6396,-1.3743,14.1833,1426,3061.07
1004684,-6.3315,1.4617,10.2256,1433,3061.07
1004689,1.7549,3.3112,7.8793,1435,3061.22
1004694,4.0618,2.8024,11.4527,1429,3061.22
1004699,-3.3148,-1.5993,14.1102,1425,3061.22
1004704,-5.9652,1.7705,9.7121,1431,3061.22
1004709,2.0279,3.3435,8.0373,1434,3060.76
1004714,3.7338,2.4648,11.7771,1430,3060.76
1004719,-3.863,-1.7609,14.0169,1427,3060.76
1004724,-5.4289,2.0518,9.2895,1427,3060.76
1004729,2.2075,3.4393,8.254,1435,3060.76
1004734,3.2992,2.1225,12.1901,1431,3060.76
1004739,-4.3778,-1.7873,13.8768,1423,3060.76
1004744,-4.7381,2.241,8.8609,1451,3060.91
1004749,2.3739,3.5051,8.4204,1420,3060.91
1004754,2.7641,1.6424,12.554,1429,3060.91
1004759,-4.8052,-1.7406,13.5536,1433,3060.91
1004764,-3.984,2.4313,8.4874,1453,3061.07
1004769,2.5714,3.6093,8.7436,1425,3061.07
1004774,2.0877,1.2378,12.8736,1419,3061.07
1004779,-5.2648,-1.5586,13.2435,1429,3061.07
1004784,-3.0969,2.557,8.1235,1435,3060.44
1004789,2.7581,3.6907,8.9675,1427,3060.44
1004794,1.4222,0.82,13.1106,1421,3060.44
1004799,-5.636,-1.2893,12.9826,1430,3060.44
1004804,-2.2865,2.6695,7.8554,1453,3061.07
1004809,2.9712,3.7553,9.232,1432,3061.07
1004814,0.7518,0.504,13.3656,1429,3061.07
1004819,-6.0071,-0.9278,12.5839,1431,3061.07
1004824,-1.3862,2.7557,7.6303,1451,3060.6
1004829,3.2346,3.7469,9.4092,1431,3060.6
1004834,0.1209,0.1556,13.6984,1429,3060.6
1004839,-6.2824,-0.516,12.2667,1433,3060.6
1004844,-0.6129,2.8838,7.6219,1461,3060.76
1004849,3.5087,3.7577,9.8019,1427,3060.76
1004854,-0.5052,-0.2239,13.8744,1422,3060.76
1004859,-6.4979,-0.073,11.8022,1428,3060.76
1004864,0.0922,2.9197,7.5429,1445,3060.91
1004869,3.0873,3.8343,9.3913,1429,3060.91
1004874,0.3926,0.3496,13.5177,1427,3060.91
1004879,-6.1567,-0.6704,12.4187,1430,3060.91
1004884,-1.0259,2.8012,7.6662,1440,3060.91
1004889,3.3639,3.8271,9.5553,1427,3060.91
1004894,-0.2239,-0.0311,13.7511,1427,3060.91
1004899,-6.4141,-0.2562,11.9794,1431,3060.91
1004904,-0.2143,2.909,7.5597,1433,3061.22
1004909,3.5805,3.7505,9.9311,1430,3061.22
1004914,-0.8739,-0.3615,13.9965,1429,3061.22
1004919,-6.6212,0.2454,11.6071,1429,3061.22
1004924,0.4262,3.0311,7.5836,1431,3061.69
1004929,3.8128,3.6248,10.2472,1428,3061.69
1004934,-1.4892,-0.7458,14.1294,1423,3061.69
1004939,-6.6966,0.7135,11.1031,1432,3061.69
1004944,0.9625,3.122,7.6567,1435,3062.01
1004949,4.0259,3.4261,10.6446,1429,3062.01
1004954,-2.1332,-1.1181,14.2048,1423,3062.01
1004959,-6.6128,1.1576,10.6386,1432,3062.01
1004964,1.4281,3.1867,7.7812,1437,3062.94
1004969,4.0749,3.1484,10.9714,1427,3062.94
1004974,-2.788,-1.4138,14.2311,1427,3062.94
1004979,-6.4643,1.5443,10.1825,1439,3063.57
1004984,1.7214,3.3076,7.8961,1425,3063.57
1004989,3.9935,2.8335,11.4287,1435,3063.57
1004994,-3.3854,-1.6017,14.1222,1429,3063.57
1004999,-6.0071,1.8639,9.6019,1455,3064.82
1005004,2.0291,3.4153,8.0828,1433,3064.82
1005009,3.7074,2.3715,11.8298,1427,3064.82
1005014,-4.027,-1.7286,14.054,1433,3064.82
1005019,-5.4049,2.1548,9.2225,1439,3064.19
1005024,2.2098,3.5027,8.351,1429,3064.19
1005029,3.2022,1.9752,12.2272,1427,3064.19
1005034,-4.5586,-1.7394,13.8002,1428,3064.19
1005039,-4.6292,2.3164,8.746,1455,3063.57
1005044,2.411,3.5925,8.5222,1436,3063.57
1005049,2.5702,1.5502,12.6103,1420,3063.57
1005054,-5.0613,-1.6568,13.5667,1431,3063.57
1005059,-3.7469,2.5043,8.3917,1453,3063.41
1005064,2.6372,3.6931,8.7783,1432,3063.41
1005069,1.8304,1.142,12.9682,1427,3063.41
1005074,-5.5067,-1.4473,13.1909,1428,3063.41
1005079,-2.8144,2.5977,8.0313,1451,3062.79
1005084,2.8635,3.8044,8.9998,1427,3062.79
1005089,1.16,0.7278,13.2806,1421,3062.79
1005094,-5.8646,-1.1193,12.9347,1433,3062.79
1005099,-1.9022,2.7222,7.8195,1435,3061.54
1005104,3.1256,3.8642,9.3134,1439,3061.54
1005109,0.4776,0.3208,13.4482,1421,3061.54
1005114,-6.1758,-0.7111,12.4953,1428,3061.54
1005119,-1.0427,2.8575,7.6375,1445,3062.32
1005124,3.3962,3.8044,9.6091,1431,3062.32
1005129,-0.2358,0.018,13.8193,1427,3062.32
1005134,-6.4117,-0.237,12.0596,1433,3062.32
1005139,-0.2753,2.9365,7.5585,1435,3061.38
1005144,3.6536,3.7517,9.8581,1427,3061.38
1005149,-0.8619,-0.3579,13.9558,1428,3061.38
1005154,-6.5841,0.1676,11.6741,1429,3061.38
1005159,0.3519,2.9963,7.5932,1440,3061.38
1005164,3.8666,3.6117,10.2592,1423,3061.38
1005169,-1.4341,-0.7015,14.0803,1419,3061.38
1005174,-6.6679,0.6907,11.1618,1433,3061.38
1005179,0.9457,3.1304,7.6746,1435,3061.22
1005184,4.057,3.4584,10.5848,1423,3061.22
1005189,-2.059,-1.0714,14.1449,1421,3061.22
1005194,-6.5601,1.1145,10.7667,1433,3061.22
1005199,1.3491,3.1951,7.7692,1435,3060.76
1005204,4.1132,3.1687,10.9858,1427,3060.76
1005209,-2.6827,-1.3503,14.1641,1425,3060.76
1005214,-6.3853,1.4569,10.2328,1427,3060.76
1005219,1.7514,3.3016,7.8542,1435,3061.54
1005224,4.0163,2.8766,11.3976,1433,3061.54
1005229,-3.3004,-1.5658,14.115,1427,3061.54
1005234,-6.0059,1.8375,9.7947,1438,3061.54
1005239,2.0039,3.3806,8.0385,1426,3061.54
1005244,3.7278,2.4756,11.7675,1433,3061.54
1005249,-3.8858,-1.7573,13.9833,1433,3061.54
1005254,-5.4803,2.0842,9.2488,1447,3061.54
1005259,2.2278,3.4752,8.3139,1431,3061.54
1005264,3.31,2.1225,12.1398,1419,3061.54
1005269,-4.4257,-1.725,13.854,1427,3061.54
1005274,-4.7956,2.2889,8.8274,1444,3061.69
1005279,2.3942,3.5422,8.4958,1429,3061.69
1005284,2.7354,1.67,12.5241,1423,3061.69
1005289,-4.883,-1.7047,13.5476,1429,3061.69
1005294,-3.9528,2.4481,8.4695,1454,3061.54
1005299,2.6276,3.6871,8.7496,1429,3061.54
1005304,2.0949,1.2474,12.8976,1427,3061.54
1005309,-5.302,-1.4641,13.3034,1429,3061.54
1005314,-3.0622,2.5833,8.0924,1455,3061.69
1005319,2.8096,3.7565,8.9316,1429,3061.69
1005324,1.3336,0.7781,13.1537,1426,3061.69
1005329,-5.6767,-1.2306,12.8916,1433,3061.69
1005334,-2.211,2.6564,7.8757,1451,3061.54
1005339,3.0562,3.8547,9.2332,1430,3061.54
1005344,0.7147,0.4764,13.4782,1419,3061.54
1005349,-6.0298,-0.8368,12.6019,1431,3061.54
1005354,-1.3096,2.7641,7.6698,1440,3061.07
1005359,3.3255,3.8032,9.4427,1427,3061.07
1005364,0.0874,0.1006,13.6481,1423,3061.07
1005369,-6.3267,-0.4357,12.1362,1430,3061.07
1005374,-0.4956,2.8994,7.5848,1440,3061.54
1005379,3.6009,3.814,9.7959,1431,3061.54
1005384,-0.5339,-0.249,13.872,1421,3061.54
1005389,-6.5218,0.0012,11.7376,1429,3061.54
1005394,0.176,2.9616,7.5405,1435,3061.69
1005399,3.8678,3.6332,10.0963,1427,3061.69
1005404,-1.1037,-0.6321,14.0755,1427,3061.69
1005409,-6.6475,0.5207,11.2779,1429,3061.69
1005414,0.7578,3.0598,7.6339,1435,3062.01
1005419,4.0606,3.4919,10.4627,1427,3062.01
1005424,-1.7992,-0.9337,14.1916,1422,3062.01
1005429,-6.6367,0.9469,10.8302,1435,3062.01
1005434,1.3012,3.2178,7.6782,1437,3061.85
1005439,4.2066,3.2537,10.8122,1430,3061.85
1005444,-2.4229,-1.2905,14.2084,1426,3061.85
1005449,-6.511,1.3156,10.3465,1427,3061.85
1005454,1.652,3.2693,7.8506,1435,3062.01
1005459,4.1276,2.9473,11.2635,1429,3062.01
1005464,-3.1089,-1.5131,14.2192,1428,3062.01
1005469,-6.1711,1.6592,9.8593,1456,3062.16
1005474,1.9573,3.3519,8.0313,1423,3062.16
1005479,3.9109,2.6073,11.6274,1429,3062.16
1005484,-3.6799,-1.7083,14.1114,1431,3062.16
1005489,-5.6611,1.9824,9.4008,1437,3062.47
1005494,2.1404,3.4752,8.2193,1429,3062.47
1005499,3.5374,2.162,12.0093,1425,3062.47
1005504,-4.2449,-1.804,13.89,1432,3062.47
1005509,-4.9704,2.2589,8.8885,1439,3063.41
1005514,2.3691,3.5781,8.4324,1422,3063.41
1005519,2.9365,1.7585,12.4642,1425,3063.41
1005524,-4.774,-1.7142,13.6517,1429,3063.41
1005529,-4.1707,2.4421,8.5772,1455,3064.04
1005534,2.545,3.6907,8.5988,1433,3064.04
1005539,2.2745,1.3096,12.7276,1427,3064.04
1005544,-5.1415,-1.5682,13.3441,1427,3064.04
1005549,-3.2573,2.5259,8.1367,1454,3064.19
1005554,2.8072,3.7637,8.9172,1428,3064.19
1005559,1.5467,0.8547,13.143,1429,3064.19
1005564,-5.6228,-1.2522,13.0328,1430,3064.19
1005569,-2.3331,2.6767,7.9152,1449,3064.66
1005574,3.0933,3.7553,9.1411,1431,3064.66
1005579,0.8284,0.4513,13.4015,1423,3064.66
1005584,-6.0226,-0.8535,12.6976,1429,3064.66
1005589,-1.4078,2.7785,7.7297,1437,3065.13
1005594,3.377,3.7661,9.4176,1429,3065.13
1005599,0.1628,0.1209,13.7164,1423,3065.13
1005604,-6.3458,-0.4477,12.2811,1429,3065.13
1005609,-0.5902,2.8539,7.5346,1439,3065.6
1005614,3.6536,3.7481,9.7588,1432,3065.6
1005619,-0.5088,-0.2789,13.9259,1420,3065.6
1005624,-6.6188,-0.0084,11.8405,1427,3065.6
1005629,0.2502,3.0071,7.5286,1436,3065.76
1005634,3.9636,3.6152,10.0568,1427,3065.76
1005639,-1.1911,-0.6967,14.1258,1427,3065.76
1005644,-6.6379,0.4968,11.2827,1431,3065.76
1005649,0.8631,3.0754,7.5022,1437,3065.76
1005654,4.1372,3.48,10.4663,1427,3065.76
1005659,-1.8447,-1.0187,14.1952,1427,3065.76
1005664,-6.7169,1.0151,10.8541,1433,3065.76
1005669,1.4018,3.201,7.6531,1439,3066.07
1005674,4.215,3.1987,10.89,1429,3066.07
1005679,-2.6264,-1.3252,14.2623,1426,3066.07
1005684,-6.4667,1.3982,10.3082,1427,3066.07
1005689,1.7502,3.3124,7.768,1434,3066.39
1005694,4.1695,2.8802,11.3533,1433,3066.39
1005699,-3.298,-1.5359,14.1354,1423,3066.39
1005704,-6.0621,1.7897,9.8342,1461,3066.54
1005709,2.0279,3.4261,8.029,1427,3066.54
1005714,3.8379,2.4588,11.7867,1429,3066.54
1005719,-3.9073,-1.7071,14.0121,1433,3066.54
1005724,-5.4576,2.0794,9.2213,1435,3066.54
1005729,2.2565,3.5099,8.2097,1427,3066.54
1005734,3.3794,2.0063,12.22,1426,3066.54
1005739,-4.4915,-1.8268,13.8888,1429,3066.54
1005744,-4.6519,2.32,8.8023,1446,3066.7
1005749,2.5007,3.5913,8.3725,1431,3066.7
1005754,2.727,1.5443,12.5983,1423,3066.7
1005759,-5.0099,-1.6891,13.5069,1431,3066.7
1005764,-3.7804,2.4253,8.3522,1451,3066.7
1005769,2.6923,3.6703,8.7245,1429,3066.7
1005774,1.974,1.1157,13.0424,1427,3066.7
1005779,-5.5079,-1.4317,13.289,1427,3066.7
1005784,-2.812,2.5893,8.0254,1455,3066.23
1005789,2.9856,3.7697,8.9986,1430,3066.23
1005794,1.1779,0.6931,13.2986,1423,3066.23
1005799,-5.8658,-1.1325,12.8245,1431,3066.23
1005804,-1.8914,2.6971,7.8386,1433,3066.07
1005809,3.1783,3.7864,9.2871,1427,3066.07
1005814,0.5231,0.2933,13.5632,1419,3066.07
1005819,-6.2608,-0.674,12.4618,1429,3066.07
1005824,-0.9266,2.873,7.6411,1445,3065.76
1005829,3.4967,3.7984,9.5181,1430,3065.76
1005834,-0.1844,-0.1018,13.8217,1427,3065.76
1005839,-6.5278,-0.2263,12.0225,1431,3065.76
1005844,-0.1305,2.9413,7.5214,1435,3065.6
1005849,3.7816,3.717,9.8677,1429,3065.6
1005854,-0.8703,-0.4956,13.9953,1427,3065.6
1005859,-6.6894,0.3172,11.5305,1429,3065.6
1005864,0.5698,3.0466,7.5369,1435,3065.6
1005869,4.0701,3.5997,10.2711,1427,3065.6
1005874,-1.5742,-0.8763,14.1174,1427,3065.6
1005879,-6.7361,0.7434,11.0265,1435,3065.6
1005884,1.1684,3.0921,7.6543,1431,3065.45
1005889,4.2114,3.3208,10.6566,1429,3065.45
1005894,-2.3092,-1.2127,14.1976,1423,3065.45
1005899,-6.5853,1.2438,10.4914,1432,3065.45
1005904,1.5766,3.2286,7.7752,1436,3064.66
1005909,4.2066,3.0131,11.1067,1423,3064.66
1005914,-2.9556,-1.47,14.212,1427,3064.66
1005919,-6.2979,1.6257,10.0676,1431,3064.66
1005924,1.883,3.292,7.8733,1433,3064.82
1005929,4.0282,2.654,11.5436,1433,3064.82
1005934,-3.5674,-1.6951,14.0959,1431,3064.82
1005939,-5.7724,1.9166,9.4942,1453,3064.51
1005944,2.1476,3.4465,8.1894,1427,3064.51
1005949,3.62,2.2865,11.9902,1429,3064.51
1005954,-4.1922,-1.8076,13.9618,1433,3064.51
1005959,-5.1008,2.1763,9.013,1456,3064.35
1005964,2.3296,3.5207,8.3606,1426,3064.35
1005969,3.0658,1.8316,12.3589,1427,3064.35
1005974,-4.7022,-1.7945,13.6888,1427,3064.35
1005979,-4.3323,2.3655,8.6012,1449,3064.51
1005984,2.5654,3.5961,8.6203,1433,3064.51
1005989,2.4134,1.4198,12.7886,1421,3064.51
1005994,-5.1703,-1.6005,13.4626,1429,3064.51
1005999,-3.4297,2.5163,8.2504,1459,3064.35
1006004,2.739,3.6835,8.8478,1429,3064.35
1006009,1.7202,0.9445,13.0316,1427,3064.35
1006014,-5.6132,-1.3084,13.1502,1427,3064.35
1006019,-2.5079,2.6001,7.92,1453,3064.51
1006024,2.9939,3.7541,9.086,1429,3064.51
1006029,1.008,0.5662,13.3465,1423,3064.51
1006034,-6.013,-0.9493,12.7024,1432,3064.51
1006039,-1.5562,2.7414,7.7057,1444,3064.51
1006044,3.2633,3.7553,9.3146,1433,3064.51
1006049,0.3077,0.1448,13.617,1435,3064.51
1006054,-6.3231,-0.5507,12.3134,1429,3064.51
1006059,-0.6812,2.8479,7.5489,1446,3064.35
1006064,3.571,3.7792,9.6379,1431,3064.35
1006069,-0.3472,-0.1987,13.8708,1429,3064.35
1006074,-6.5793,-0.0419,11.8884,1428,3064.35
1006079,0.1113,3.0059,7.519,1437,3064.19
1006084,3.8295,3.7062,10.0137,1429,3064.19
1006089,-1.0463,-0.5614,14.0037,1423,3064.19
1006094,-6.6786,0.4334,11.4203,1431,3064.19
1006099,0.7075,3.0083,7.5621,1437,3064.04
1006104,4.063,3.5207,10.4256,1429,3064.04
1006109,-1.7238,-0.9625,14.1509,1427,3064.04
1006114,-6.669,0.8763,10.9247,1432,3064.04
1006119,1.2594,3.0909,7.58,1435,3064.04
1006124,4.1922,3.2968,10.7571,1426,3064.04
1006129,-2.387,-1.2534,14.2323,1427,3064.04
1006134,-6.5649,1.3264,10.422,1432,3064.04
1006139,1.6544,3.2094,7.7919,1436,3063.73
1006144,4.1384,2.964,11.2539,1429,3063.73
1006149,-3.0754,-1.5467,14.1916,1425,3063.73
1006154,-6.1986,1.6867,9.9455,2171,3062.94
1006159,1.9513,3.3567,7.9667,1427,3062.94
1006164,3.948,2.5857,11.6502,1431,3062.94
1006169,-3.6943,-1.7394,14.048,1431,3062.94
1006174,-5.6934,1.9884,9.3805,1449,3065.13
1006179,2.1883,3.4141,8.1307,1421,3065.13
1006184,3.5231,2.2314,12.0404,1429,3065.13
1006189,-4.2892,-1.7945,13.8947,1437,3065.13
1006194,-5.0159,2.2158,8.9854,1451,3064.51
1006199,2.3523,3.4728,8.4491,1431,3064.51
1006204,2.9664,1.7609,12.4917,1423,3064.51
1006209,-4.8566,-1.7945,13.6613,1427,3064.51
1006214,-4.1755,2.3499,8.5246,1454,3064.04
1006219,2.5391,3.6129,8.6335,1431,3064.04
1006224,2.2805,1.3264,12.8581,1425,3064.04
1006229,-5.2864,-1.5802,13.3644,1430,3064.04
1006234,-3.304,2.5438,8.1762,1453,3063.57
1006239,2.7761,3.6895,8.9016,1429,3063.57
1006244,1.5299,0.9349,13.1274,1422,3063.57
1006249,-5.6802,-1.2845,13.0544,1427,3063.57
1006254,-2.3595,2.6384,7.9104,1455,3063.1
1006259,3.0275,3.7541,9.1351,1429,3063.1
1006264,0.9194,0.504,13.4231,1427,3063.1
1006269,-6.0466,-0.905,12.6629,1431,3063.1
1006274,-1.5036,2.7845,7.744,1439,3062.47
1006279,3.2417,3.7948,9.4631,1429,3062.47
1006284,0.1508,0.1329,13.6924,1423,3062.47
1006289,-6.347,-0.4992,12.2392,1432,3062.47
1006294,-0.6871,2.8742,7.5417,1445,3062.32
1006299,3.5398,3.7302,9.7492,1433,3062.32
1006304,-0.4561,-0.2418,13.8924,1427,3062.32
1006309,-6.5206,-0.0359,11.7807,1421,3062.32
1006314,0.0934,2.9652,7.5561,1435,3062.32
1006319,3.8164,3.6667,10.082,1429,3062.32
1006324,-1.0774,-0.5962,14.036,1427,3062.32
1006329,-6.6786,0.3867,11.3126,1427,3062.32
1006334,0.6919,3.0574,7.6016,1437,3062.32
1006339,4.0007,3.4548,10.4698,1427,3062.32
1006344,-1.7861,-0.9565,14.1521,1427,3062.32
1006349,-6.6978,0.8727,10.8972,1433,3062.32
1006354,1.2091,3.1651,7.7476,1436,3062.16
1006359,4.1144,3.2417,10.7859,1426,3062.16
1006364,-2.4744,-1.2941,14.1821,1397,3062.16
1006369,-6.5302,1.312,10.404,1433,3062.16
1006374,1.6352,3.2226,7.8314,1437,3062.47
1006379,4.1108,2.9712,11.2611,1422,3062.47
1006384,-3.0813,-1.561,14.1617,1427,3062.47
1006389,-6.2656,1.6556,9.8809,1429,3062.47
1006394,1.9549,3.3591,8.0254,1431,3063.26
1006399,3.8523,2.6061,11.6227,1434,3063.26
1006404,-3.6978,-1.7011,14.0827,1419,3063.26
1006409,-5.7281,1.9704,9.4367,1455,3062.94
1006414,2.1201,3.3782,8.163,1423,3062.94
1006419,3.5518,2.235,12.0668,1431,3062.94
1006424,-4.3167,-1.8172,13.8816,1435,3062.94
1006429,-5.0901,2.2134,8.9603,1449,3062.63
1006434,2.3272,3.5027,8.3905,1431,3062.63
1006439,2.9736,1.7693,12.4175,1425,3062.63
1006444,-4.7537,-1.7717,13.69,1423,3062.63
1006449,-4.2653,2.3487,8.6383,1455,3062.01
1006454,2.5211,3.5458,8.6742,1433,3062.01
1006459,2.3008,1.3659,12.7348,1416,3062.01
1006464,-5.2277,-1.6041,13.3561,1429,3062.01
1006469,-3.4129,2.5091,8.2073,1449,3061.38
1006474,2.6923,3.6835,8.9124,1431,3061.38
1006479,1.5311,0.9313,13.0352,1429,3061.38
1006484,-5.6407,-1.2989,13.0592,1429,3061.38
1006489,-2.5187,2.6504,7.9224,1460,3061.07
1006494,2.9113,3.7613,9.1662,1428,3061.07
1006499,0.8906,0.5447,13.3417,1427,3061.07
1006504,-5.9568,-1.0187,12.8162,1433,3061.07
1006509,-1.6137,2.6815,7.7417,1446,3060.6
1006514,3.1963,3.7876,9.3901,1429,3060.6
1006519,0.2933,0.2322,13.5991,1422,3060.6
1006524,-6.3039,-0.6261,12.2894,1432,3060.6
1006529,-0.8499,2.8216,7.6088,1443,3060.76
1006534,3.4393,3.7709,9.7013,1418,3060.76
1006539,-0.3974,-0.1999,13.811,1427,3060.76
1006544,-6.5194,-0.1568,11.9243,1430,3060.76
1006549,-0.103,2.9413,7.5357,1439,3060.91
1006554,3.7002,3.6931,9.9395,1433,3060.91
1006559,-0.9756,-0.492,13.951,1421,3060.91
1006564,-6.6846,0.3412,11.5101,1425,3060.91
1006569,0.5375,3.0023,7.5753,1437,3061.07
1006574,3.9061,3.5554,10.3837,1421,3061.07
1006579,-1.6041,-0.905,14.1306,1427,3061.07
1006584,-6.7349,0.7661,11.0445,1431,3061.07
1006589,1.0762,3.0933,7.6279,1433,3061.38
1006594,4.0366,3.4117,10.7344,1428,3061.38
1006599,-2.3032,-1.1887,14.1689,1423,3061.38
1006604,-6.5888,1.1935,10.6039,1435,3061.38
1006609,1.4569,3.2657,7.7249,1437,3062.47
1006614,4.1288,3.0897,11.1462,1428,3062.47
1006619,-2.9257,-1.4736,14.194,1427,3062.47
1006624,-6.3638,1.5826,10.0305,1427,3062.47
1006629,1.8375,3.3243,7.8913,1433,3062.94
1006634,3.9588,2.8072,11.6107,1431,3062.94
1006639,-3.5458,-1.7071,14.1007,1427,3062.94
1006644,-5.8742,1.9333,9.511,1452,3062.16
1006649,2.0877,3.4105,8.1223,1419,3062.16
1006654,3.5781,2.3715,11.9842,1429,3062.16
1006659,-4.1073,-1.7957,13.9833,1432,3062.16
1006664,-5.2086,2.144,9.1219,1438,3060.44
1006669,2.2422,3.4608,8.3067,1428,3060.44
1006674,3.1053,1.9597,12.3158,1423,3060.44
1006679,-4.6483,-1.7095,13.7726,1429,3060.44
1006684,-4.4855,2.3104,8.7197,1437,3060.6
1006689,2.4409,3.5721,8.5126,1432,3060.6
1006694,2.4217,1.4964,12.712,1427,3060.6
1006699,-5.108,-1.658,13.4913,1427,3060.6
1006704,-3.7278,2.4768,8.327,1459,3060.44
1006709,2.6264,3.6978,8.8143,1432,3060.44
1006714,1.8016,1.16,12.9718,1429,3060.44
1006719,-5.4923,-1.3838,13.1789,1431,3060.44
1006724,-2.891,2.6037,8.0266,1451,3060.44
1006729,2.7892,3.7266,9.0668,1431,3060.44
1006734,1.1372,0.7482,13.295,1430,3060.44
1006739,-5.8742,-1.1073,12.8485,1433,3060.44
1006744,-1.9597,2.7138,7.865,1454,3061.22
1006749,3.1029,3.8008,9.3565,1433,3061.22
1006754,0.4872,0.401,13.5739,1421,3061.22
1006759,-6.189,-0.7075,12.4546,1431,3061.22
1006764,-1.1145,2.8168,7.7105,1450,3061.69
1006769,3.3459,3.8427,9.56,1429,3061.69
1006774,-0.1233,-0.0156,13.7607,1423,3061.69
1006779,-6.5182,-0.2837,12.0991,1427,3061.69
1006784,-0.3424,2.9724,7.6315,1445,3061.22
1006789,3.6021,3.7792,9.9108,1433,3061.22
1006794,-0.7985,-0.3124,13.9307,1429,3061.22
1006799,-6.6607,0.2095,11.637,1423,3061.22
1006804,0.3376,3.0251,7.5429,1428,3060.29
1006809,3.8367,3.6105,10.2208,1427,3060.29
1006814,-1.3791,-0.7338,14.0935,1423,3060.29
1006819,-6.7229,0.6404,11.2252,1423,3060.29
1006824,0.8942,3.0921,7.6459,1434,3059.66
1006829,4.0187,3.4393,10.6087,1423,3059.66
1006834,-2.0375,-0.9996,14.1294,1427,3059.66
1006839,-6.6679,1.0594,10.7272,1434,3059.66
1006844,1.3455,3.2058,7.7297,1435,3059.2
1006849,4.0235,3.2585,11.0049,1423,3059.2
1006854,-2.636,-1.3001,14.2371,1422,3059.2
1006859,-6.4572,1.4557,10.2592,1433,3059.2
1006864,1.67,3.2777,7.8973,1431,3058.73
1006869,3.9923,2.9149,11.3665,1422,3058.73
1006874,-3.1975,-1.5682,14.1198,1425,3058.73
1006879,-6.0897,1.7561,9.7839,1431,3058.73
1006884,1.9872,3.3591,8.09,1435,3058.73
1006889,3.7948,2.5929,11.7244,1433,3058.73
1006894,-3.735,-1.7238,14.024,1423,3058.73
1006899,-5.5917,2.0159,9.3829,1459,3058.57
1006904,2.1356,3.4465,8.272,1421,3058.57
1006909,3.4117,2.2146,12.05,1429,3058.57
1006914,-4.2952,-1.731,13.7978,1433,3058.57
1006919,-5.0051,2.2122,8.9998,1439,3058.42
1006924,2.3152,3.6081,8.503,1431,3058.42
1006929,2.8647,1.8423,12.4319,1427,3058.42
1006934,-4.7214,-1.6963,13.6314,1429,3058.42
1006939,-4.2461,2.3715,8.5581,1455,3058.1
1006944,2.5235,3.6428,8.7125,1431,3058.1
1006949,2.2697,1.3898,12.7383,1430,3058.1
1006954,-5.1583,-1.5718,13.3836,1429,3058.1
1006959,-3.4884,2.5163,8.2373,1452,3058.73
1006964,2.6995,3.7338,8.9567,1429,3058.73
1006969,1.6316,1.008,13.0376,1428,3058.73
1006974,-5.5186,-1.3455,13.0879,1433,3058.73
1006979,-2.6121,2.6516,7.9104,1451,3058.42
1006984,2.9113,3.7828,9.1279,1427,3058.42
1006989,1.0092,0.6404,13.3201,1427,3058.42
1006994,-5.8802,-1.0439,12.7527,1431,3058.42
1006999,-1.7717,2.7725,7.7835,1453,3058.26
1007004,3.1603,3.8391,9.3984,1430,3058.26
1007009,0.3472,0.2849,13.4949,1419,3058.26
1007014,-6.092,-0.6213,12.3732,1432,3058.26
1007019,-0.9349,2.8048,7.5932,1447,3058.1
1007024,3.4141,3.8068,9.6127,1423,3058.1
1007029,-0.2286,-0.0467,13.7343,1423,3058.1
1007034,-6.3913,-0.2239,12.0524,1429,3058.1
1007039,-0.2382,2.9197,7.5681,1437,3057.95
1007044,3.6811,3.7637,9.9551,1431,3057.95
1007049,-0.8188,-0.3783,13.9498,1422,3057.95
1007054,-6.541,0.2562,11.6155,1427,3057.95
1007059,0.3376,3.0083,7.5501,1433,3057.79
1007064,3.9229,3.6045,10.3178,1427,3057.79
1007069,-1.3707,-0.7326,14.139,1427,3057.79
1007074,-6.5912,0.6847,11.1642,1427,3057.79
1007079,0.9661,3.1101,7.604,1435,3057.64
1007084,4.0594,3.4512,10.671,1422,3057.64
1007089,-1.9585,-1.0247,14.1318,1423,3057.64
1007094,-6.5697,1.0582,10.6793,1433,3057.64
1007099,1.3515,3.1855,7.7033,1437,3057.79
1007104,4.118,3.2022,10.9918,1427,3057.79
1007109,-2.5379,-1.3324,14.1641,1423,3057.79
1007114,-6.3566,1.4174,10.2795,1435,3057.79
1007119,1.6867,3.3028,7.8877,1435,3058.26
1007124,4.0426,2.9449,11.3377,1427,3058.26
1007129,-3.1304,-1.6053,14.1102,1427,3058.26
1007134,-6.0466,1.7406,9.8342,1427,3058.26
1007139,1.9609,3.316,8.023,1435,3058.26
1007144,3.8271,2.5702,11.8022,1432,3058.26
1007149,-3.7062,-1.7131,13.9654,1429,3058.26
1007154,-5.5821,1.9632,9.3434,1453,3058.42
1007159,2.1727,3.4512,8.2408,1427,3058.42
1007164,3.4285,2.1763,12.1015,1431,3058.42
1007169,-4.1899,-1.7526,13.8133,1435,3058.42
1007174,-4.9847,2.2134,8.9639,1449,3058.57
1007179,2.3595,3.5326,8.5497,1431,3058.57
1007184,2.97,1.8352,12.4714,1423,3058.57
1007189,-4.6819,-1.7035,13.6194,1431,3058.57
1007194,-4.2258,2.3822,8.5293,1437,3058.88
1007199,2.5426,3.6284,8.6359,1429,3058.88
1007204,2.3774,1.3803,12.7802,1427,3058.88
1007209,-5.0901,-1.6364,13.3788,1428,3058.88
1007214,-3.4488,2.4936,8.2265,1445,3058.88
1007219,2.7222,3.6847,8.916,1431,3058.88
1007224,1.7178,1.0032,13.0855,1423,3058.88
1007229,-5.4767,-1.3683,13.0544,1429,3058.88
1007234,-2.5642,2.6013,8.0014,1454,3059.04
1007239,2.9485,3.7493,9.147,1423,3059.04
1007244,1.0427,0.6524,13.295,1427,3059.04
1007249,-5.8119,-1.008,12.7551,1431,3059.04
1007254,-1.7681,2.6827,7.7488,1453,3058.88
1007259,3.1819,3.7924,9.3841,1432,3058.88
1007264,0.4429,0.2849,13.5069,1422,3058.88
1007269,-6.1268,-0.668,12.3385,1445,3058.88
1007274,-0.9661,2.8575,7.6303,1453,3058.88
1007279,3.4225,3.7409,9.6199,1428,3058.88
1007284,-0.1724,-0.0658,13.7511,1423,3058.88
1007289,-6.426,-0.2071,11.9926,1428,3058.88
1007294,-0.2227,2.9173,7.6231,1439,3058.88
1007299,3.7074,3.6619,9.9407,1429,3058.88
1007304,-0.7925,-0.431,13.9714,1425,3058.88
1007309,-6.5721,0.2334,11.5305,1432,3058.88
1007314,0.4274,3.0622,7.5896,1433,3058.88
1007319,3.9361,3.5721,10.2867,1427,3058.88
1007324,-1.3647,-0.7434,14.103,1422,3058.88
1007329,-6.6152,0.6716,11.1426,1423,3058.88
1007334,0.978,3.1053,7.6136,1435,3058.73
1007339,4.0737,3.4081,10.653,1421,3058.73
1007344,-2.0099,-1.0762,14.1617,1427,3058.73
1007349,-6.5864,1.0259,10.6722,1432,3058.73
1007354,1.4126,3.2082,7.7464,1433,3058.42
1007359,4.1073,3.1472,10.987,1427,3058.42
1007364,-2.624,-1.3503,14.1437,1422,3058.42
1007369,-6.371,1.4234,10.2568,1431,3058.42
1007374,1.7382,3.237,7.9128,1435,3058.1
1007379,4.0127,2.8539,11.3665,1431,3058.1
1007384,-3.2154,-1.6077,14.1366,1421,3058.1
1007389,-6.0011,1.7107,9.7995,1429,3058.1
1007394,1.9896,3.3662,8.0972,1434,3058.1
1007399,3.7505,2.5163,11.7208,1431,3058.1
1007404,-3.7553,-1.6891,14.0576,1423,3058.1
1007409,-5.5414,1.98,9.2823,1437,3057.17
1007414,2.1656,3.4189,8.2803,1426,3057.17
1007419,3.395,2.1404,12.1194,1430,3057.17
1007424,-4.2162,-1.8184,13.8864,1431,3057.17
1007429,-4.9476,2.1763,8.8765,1443,3057.01
1007434,2.3643,3.5506,8.5234,1429,3057.01
1007439,2.8395,1.7789,12.5085,1427,3057.01
1007444,-4.6962,-1.7346,13.629,1431,3057.01
1007449,-4.1863,2.3475,8.5341,1448,3056.7
1007454,2.5223,3.6129,8.6957,1427,3056.7
1007459,2.2027,1.403,12.7695,1426,3056.7
1007464,-5.0817,-1.6257,13.392,1427,3056.7
1007469,-3.4596,2.4421,8.1989,1453,3056.55
1007474,2.6851,3.6356,8.9136,1433,3056.55
1007479,1.6065,1.0379,13.0412,1420,3056.55
1007484,-5.4719,-1.3803,13.0747,1428,3056.55
1007489,-2.654,2.5714,7.9272,1453,3056.55
1007494,2.873,3.7385,9.2009,1432,3056.55
1007499,0.9828,0.6584,13.3118,1431,3056.55
1007504,-5.7964,-1.0451,12.7659,1433,3056.55
1007509,-1.834,2.6923,7.7812,1450,3056.55
1007514,3.0921,3.7816,9.4044,1427,3056.55
1007519,0.3831,0.2981,13.5141,1425,3056.55
1007524,-6.0645,-0.6728,12.4091,1432,3056.55
1007529,-1.069,2.8287,7.6483,1447,3056.23
1007534,3.3243,3.7757,9.6654,1425,3056.23
1007539,-0.1604,-0.0096,13.7379,1421,3056.23
1007544,-6.3363,-0.2825,12.0512,1431,3056.23
1007549,-0.3316,2.8982,7.5753,1443,3056.86
1007554,3.5829,3.7086,9.9515,1427,3056.86
1007559,-0.7314,-0.3376,13.8924,1444,3056.86
1007564,-6.4631,0.1065,11.5939,1427,3056.86
1007569,0.3053,2.9975,7.5717,1439,3057.01
1007574,3.7804,3.62,10.3022,1429,3057.01
1007579,-1.3072,-0.6668,14.0719,1419,3057.01
1007584,-6.6104,0.5674,11.2073,1427,3057.01
1007589,0.8559,3.0454,7.6363,1437,3056.86
1007594,3.9409,3.4453,10.5405,1428,3056.86
1007599,-1.9046,-0.984,14.0851,1427,3056.86
1007604,-6.6068,0.9613,10.756,1431,3056.86
1007609,1.2773,3.1699,7.7452,1437,3056.7
1007614,3.9648,3.2789,10.9762,1425,3056.7
1007619,-2.4636,-1.2689,14.0935,1425,3056.7
1007624,-6.4344,1.391,10.3214,1434,3056.7
1007629,1.6316,3.2214,7.865,1434,3056.55
1007634,3.9636,2.9161,11.327,1429,3056.55
1007639,-3.0514,-1.555,14.0839,1423,3056.55
1007644,-6.1471,1.6987,9.8952,1429,3056.55
1007649,1.8723,3.3591,8.029,1437,3056.39
1007654,3.7685,2.6528,11.6789,1429,3056.39
1007659,-3.5793,-1.6987,14.0109,1421,3056.39
1007664,-5.691,1.9489,9.4978,1447,3056.23
1007669,2.0925,3.4237,8.1858,1423,3056.23
1007674,3.4728,2.3116,12.0333,1429,3056.23
1007679,-4.0953,-1.7849,13.8768,1427,3056.23
1007684,-5.1691,2.1344,9.0908,1443,3056.39
1007689,2.2685,3.4979,8.4455,1427,3056.39
1007694,2.9892,1.9848,12.3888,1429,3056.39
1007699,-4.5717,-1.7609,13.6434,1433,3056.39
1007704,-4.5191,2.2901,8.6503,1439,3056.23
1007709,2.4157,3.5769,8.6431,1431,3056.23
1007714,2.4241,1.5514,12.6498,1427,3056.23
1007719,-4.944,-1.6185,13.4482,1429,3056.23
1007724,-3.7338,2.4193,8.3426,1443,3055.46
1007729,2.5462,3.705,8.9064,1432,3055.46
1007734,1.8531,1.1815,12.888,1421,3055.46
1007739,-5.3355,-1.4676,13.1777,1428,3055.46
1007744,-2.9161,2.5367,8.0661,1455,3056.7
1007749,2.7581,3.7194,9.0728,1429,3056.7
1007754,1.2474,0.8056,13.222,1417,3056.7
1007759,-5.7054,-1.1983,12.888,1428,3056.7
1007764,-2.1488,2.6767,7.8638,1453,3056.08
1007769,2.9712,3.8152,9.341,1429,3056.08
1007774,0.6141,0.4717,13.4291,1431,3056.08
1007779,-5.9915,-0.8631,12.5133,1432,3056.08
1007784,-1.3443,2.788,7.7345,1451,3056.39
1007789,3.1939,3.8068,9.59,1430,3056.39
1007794,0.103,0.1041,13.6829,1425,3056.39
1007799,-6.2884,-0.4345,12.1901,1429,3056.39
1007804,-0.5914,2.9066,7.6327,1437,3056.55
1007809,3.4692,3.7996,9.8007,1429,3056.55
1007814,-0.498,-0.1712,13.8421,1423,3056.55
1007819,-6.517,-0.0156,11.7974,1427,3056.55
1007824,0.0347,2.9425,7.6136,1440,3056.86
1007829,3.7098,3.6416,10.1047,1429,3056.86
1007834,-1.057,-0.5614,14.0109,1423,3056.86
1007839,-6.6236,0.3831,11.3653,1429,3056.86
1007844,0.6033,3.0191,7.5741,1433,3057.01
1007849,3.9409,3.5518,10.471,1429,3057.01
1007854,-1.6771,-0.8475,14.1294,1423,3057.01
1007859,-6.6283,0.8511,10.9176,1427,3057.01
1007864,1.1241,3.1388,7.695,1436,3057.32
1007869,4.0151,3.3052,10.7751,1423,3057.32
1007874,-2.2446,-1.1636,14.1066,1428,3057.32
1007879,-6.4967,1.2366,10.489,1433,3057.32
1007884,1.5048,3.2118,7.8135,1437,3057.17
1007889,4.0402,3.0861,11.151,1427,3057.17
1007894,-2.8287,-1.4569,14.1868,1423,3057.17
1007899,-6.3015,1.555,10.0999,1432,3057.17
1007904,1.8172,3.3567,7.9631,1439,3057.17
1007909,3.9109,2.7964,11.4874,1427,3057.17
1007914,-3.3806,-1.652,14.0755,1425,3057.17
1007919,-5.855,1.8483,9.6786,1427,3057.17
1007924,1.9656,3.3674,8.1319,1430,3056.55
1007929,3.5901,2.4576,11.8932,1433,3056.55
1007934,-3.9073,-1.7023,13.9821,1423,3056.55
1007939,-5.3642,2.0794,9.2404,1439,3056.08
1007944,2.1668,3.462,8.3893,1429,3056.08
1007949,3.1615,2.0566,12.1961,1430,3056.08
1007954,-4.4029,-1.7514,13.7607,1429,3056.08
1007959,-4.7274,2.3056,8.7724,1451,3057.48
1007964,2.375,3.559,8.5796,1431,3057.48
1007969,2.6767,1.6652,12.5193,1427,3057.48
1007974,-4.8016,-1.7095,13.5991,1429,3057.48
1007979,-4.0103,2.405,8.4731,1439,3058.42
1007984,2.5307,3.6823,8.7736,1427,3058.42
1007989,2.047,1.2809,12.8377,1417,3058.42
1007994,-5.2708,-1.5682,13.3213,1427,3058.42
1007999,-3.1819,2.5163,8.1128,1451,3058.88
1008004,2.7653,3.7469,8.9878,1432,3058.88
1008009,1.409,0.9086,13.137,1419,3058.88
1008014,-5.6084,-1.2689,13.0053,1427,3058.88
1008019,-2.3918,2.6731,7.8997,1461,3058.57
1008024,2.9916,3.7924,9.2596,1427,3058.57
1008029,0.7673,0.559,13.4063,1426,3058.57
1008034,-5.9256,-0.899,12.6139,1429,3058.57
1008039,-1.5479,2.7509,7.6734,1451,3058.1
1008044,3.1867,3.8128,9.5493,1431,3058.1
1008049,0.2011,0.1879,13.6254,1417,3058.1
1008054,-6.262,-0.4657,12.2775,1433,3058.1
1008059,-0.7398,2.8335,7.616,1438,3057.64
1008064,3.4848,3.7745,9.7552,1429,3057.64
1008069,-0.4238,-0.1281,13.8277,1423,3057.64
1008074,-6.4608,-0.0802,11.8633,1431,3057.64
1008079,-0.0754,2.958,7.5717,1440,3057.48
1008084,3.7026,3.6907,10.1227,1428,3057.48
1008089,-0.99,-0.4609,13.9833,1427,3057.48
1008094,-6.5781,0.3699,11.4551,1429,3057.48
1008099,0.5567,3.0801,7.5681,1436,3057.17
1008104,3.8738,3.559,10.4112,1427,3057.17
1008109,-1.5634,-0.8475,14.115,1423,3057.17
1008114,-6.5841,0.7554,11.0588,1428,3057.17
1008119,1.0415,3.1089,7.6698,1437,3057.01
1008124,4.0019,3.4704,10.7691,1427,3057.01
1008129,-2.1548,-1.1097,14.1342,1429,3057.01
1008134,-6.4943,1.1696,10.6267,1433,3057.01
1008139,1.4892,3.2094,7.7428,1437,3057.17
1008144,4.0582,3.1532,11.1151,1429,3057.17
1008149,-2.7414,-1.3791,14.1354,1422,3057.17
1008154,-6.3267,1.5275,10.1275,1438,3057.17
1008159,1.7274,3.2968,7.9535,1437,3057.48
1008164,3.9385,2.8108,11.5065,1430,3057.48
1008169,-3.298,-1.5921,14.0312,1423,3057.48
1008174,-5.9532,1.7765,9.6917,1429,3057.48
1008179,1.998,3.3615,8.1199,1437,3057.48
1008184,3.6835,2.5259,11.892,1432,3057.48
1008189,-3.8367,-1.7178,13.9989,1421,3057.48
1008194,-5.454,2.0016,9.3063,1448,3057.17
1008199,2.1823,3.4644,8.3617,1427,3057.17
1008204,3.2992,2.0853,12.1721,1433,3057.17
1008209,-4.3467,-1.7813,13.7643,1431,3057.17
1008214,-4.871,2.2757,8.8466,1447,3058.1
1008219,2.3727,3.5554,8.5246,1428,3058.1
1008224,2.7665,1.7334,12.5851,1425,3058.1
1008229,-4.7752,-1.7346,13.532,1431,3058.1
1008234,-4.1037,2.3978,8.4372,1436,3057.48
1008239,2.5283,3.6691,8.7843,1431,3057.48
1008244,2.2003,1.3635,12.791,1427,3057.48
1008249,-5.2146,-1.5622,13.3273,1427,3057.48
1008254,-3.3016,2.4912,8.1774,1453,3057.48
1008259,2.733,3.705,9.0034,1433,3057.48
1008264,1.4509,0.9732,13.1154,1419,3057.48
1008269,-5.5234,-1.2833,13.0269,1429,3057.48
1008274,-2.4696,2.63,7.9559,1449,3057.17
1008279,2.9485,3.7589,9.1842,1431,3057.17
1008284,0.9038,0.5986,13.3465,1429,3057.17
1008289,-5.843,-0.9768,12.6941,1428,3057.17
1008294,-1.6448,2.7701,7.75,1451,3057.32
1008299,3.2226,3.8056,9.4355,1427,3057.32
1008304,0.2526,0.2957,13.5739,1423,3057.32
1008309,-6.1878,-0.5986,12.2823,1435,3057.32
1008314,-0.8906,2.8467,7.6231,1448,3057.17
1008319,3.4225,3.7505,9.7085,1430,3057.17
1008324,-0.3017,-0.097,13.8002,1421,3057.17
1008329,-6.3794,-0.2035,11.9519,1429,3057.17
1008334,-0.2059,2.9509,7.5848,1439,3057.17
1008339,3.6679,3.7098,9.9479,1427,3057.17
1008344,-0.8535,-0.395,13.9582,1430,3057.17
1008349,-6.5086,0.2526,11.5269,1427,3057.17
1008354,0.4764,3.0167,7.5705,1445,3057.01
1008359,3.9109,3.571,10.3274,1429,3057.01
1008364,-1.3791,-0.7745,14.0911,1421,3057.01
1008369,-6.5517,0.6823,11.1139,1429,3057.01
1008374,0.9445,3.1352,7.6878,1433,3056.08
1008379,4.0091,3.4153,10.6769,1433,3056.08
1008384,-1.9597,-1.0259,14.133,1427,3056.08
1008389,-6.4871,1.0331,10.6722,1427,3056.08
1008394,1.3767,3.1951,7.7057,1436,3055.92
1008399,4.0953,3.1352,11.0121,1421,3055.92
1008404,-2.5055,-1.3012,14.1749,1425,3055.92
1008409,-6.3375,1.4401,10.2292,1435,3055.92
1008414,1.7047,3.3243,7.9033,1429,3056.08
1008419,3.9887,2.9305,11.3665,1423,3056.08
1008424,-3.0921,-1.5143,14.054,1421,3056.08
1008429,-6.037,1.6807,9.7851,1433,3056.08
1008434,1.9225,3.3399,8.1223,1435,3056.08
1008439,3.7457,2.5821,11.7495,1429,3056.08
1008444,-3.6236,-1.7382,14.0216,1423,3056.08
1008449,-5.5737,2.0087,9.3518,1429,3056.08
1008454,2.1907,3.4572,8.2313,1431,3056.08
1008459,3.4441,2.2482,12.0608,1430,3056.08
1008464,-4.1527,-1.798,13.89,1427,3056.08
1008469,-5.0027,2.1811,8.9986,1440,3056.23
1008474,2.3296,3.5111,8.4946,1426,3056.23
1008479,2.8862,1.822,12.3457,1428,3056.23
