timestamp_ms,ax,ay,az,acs_adc,rpm
19159,0.7817,0.2406,13.5488,1323,3032.45
19164,-6.3327,-0.656,11.7914,1331,3032.45
19169,-1.2689,2.7892,7.5657,1337,3032.6
19174,3.3902,3.8152,10.1335,1332,3032.6
19179,0.4178,-0.012,13.6254,1330,3032.6
19184,-6.5146,-0.3448,11.6143,1332,3032.6
19189,-0.9002,2.8359,7.6435,1335,3032.6
19194,3.5434,3.7781,10.3046,1331,3032.6
19199,0.091,-0.1365,13.702,1325,3032.6
19204,-6.62,-0.0682,11.3318,1331,3032.6
19209,-0.4776,2.8826,7.6303,1327,3032.91
19214,3.6859,3.6895,10.4591,1333,3032.91
19219,-0.2933,-0.3891,13.8145,1327,3032.91
19224,-6.7349,0.1556,11.1067,1325,3032.91
19229,-0.1197,3.0287,7.671,1327,3033.21
19234,3.8211,3.5542,10.6051,1331,3033.21
19239,-0.6524,-0.5746,13.8756,1331,3033.21
19244,-6.8127,0.4142,10.8541,1331,3033.21
19249,0.2502,3.1196,7.7895,1327,3033.21
19254,3.8774,3.4788,10.8302,1327,3033.21
19259,-1.0259,-0.7853,13.9127,1331,3033.21
19264,-6.8534,0.6788,10.5704,1335,3033.21
19269,0.5734,3.2094,7.8099,1327,3033.37
19274,3.9828,3.3902,10.9714,1325,3033.37
19279,-1.403,-1.002,13.9642,1327,3033.37
19284,-6.8797,0.9002,10.343,1339,3033.37
19289,0.8571,3.2477,7.9116,1325,3033.37
19294,4.0282,3.2681,11.1151,1327,3033.37
19299,-1.8256,-1.1552,13.9498,1321,3033.37
19304,-6.7828,1.1169,10.0377,1337,3033.37
19309,1.1516,3.3339,8.0421,1332,3033.21
19314,4.1132,3.1244,11.297,1333,3033.21
19319,-2.2098,-1.3216,13.9797,1327,3033.21
19324,-6.7086,1.3144,9.821,1327,3033.21
19329,1.3479,3.3698,8.2037,1333,3033.06
19334,4.0534,2.9341,11.5053,1331,3033.06
19339,-2.5702,-1.4653,13.9307,1323,3033.06
19344,-6.5661,1.4928,9.584,1331,3033.06
19349,1.5048,3.4357,8.2791,1325,3032.75
19354,3.9947,2.7988,11.716,1332,3032.75
19359,-2.9018,-1.5263,13.878,1326,3032.75
19364,-6.341,1.6652,9.3422,1327,3032.29
19369,1.6927,3.5159,8.4228,1325,3032.29
19374,3.9433,2.5678,11.8776,1335,3032.29
19379,-3.2741,-1.67,13.8038,1331,3032.29
19384,-6.0825,1.8028,9.0752,1333,3031.83
19389,1.8244,3.5338,8.6287,1325,3031.83
19394,3.814,2.3822,12.0548,1331,3031.83
19399,-3.5757,-1.7131,13.7379,1331,3031.83
19404,-5.7844,1.9692,8.8969,1327,3031.68
19409,2.0207,3.6356,8.6778,1331,3031.68
19414,3.6512,2.1775,12.2092,1327,3031.68
19419,-3.8654,-1.749,13.6362,1335,3031.68
19424,-5.4731,2.0746,8.7029,1331,3031.22
19429,2.1464,3.7122,8.8813,1335,3031.22
19434,3.4309,1.986,12.3601,1326,3031.22
19439,-4.2126,-1.7789,13.5189,1333,3031.22
19444,-5.0985,2.1632,8.4994,1327,3030.76
19449,2.2793,3.7625,8.9471,1333,3030.76
19454,3.1316,1.7442,12.5241,1325,3030.76
19459,-4.4544,-1.7717,13.3632,1324,3030.76
19464,-4.7262,2.1967,8.333,1331,3030.61
19469,2.4002,3.7685,9.0944,1333,3030.61
19474,2.9449,1.5778,12.6378,1323,3030.61
19479,-4.6591,-1.7274,13.1909,1331,3030.61
19484,-4.312,2.2661,8.1606,1330,3030.92
19489,2.4972,3.8247,9.232,1331,3030.92
19494,2.6743,1.3719,12.7659,1327,3030.92
19499,-4.9416,-1.6759,13.0101,1327,3030.92
19504,-3.9421,2.308,8.0709,1331,3031.83
19509,2.6288,3.8283,9.3781,1326,3031.83
19514,2.3906,1.1708,12.9311,1327,3031.83
19519,-5.2457,-1.5323,12.8138,1325,3031.83
19524,-3.4895,2.4349,7.8901,1326,3032.14
19529,2.7545,3.8415,9.499,1331,3032.14
19534,2.0602,0.9708,13.0292,1327,3032.14
19539,-5.5162,-1.4102,12.6749,1321,3032.14
19544,-3.0347,2.4995,7.7943,1331,3032.14
19549,2.8611,3.8607,9.6127,1327,3032.14
19554,1.7322,0.7278,13.2088,1327,3032.14
19559,-5.776,-1.2881,12.4666,1333,3032.14
19564,-2.5391,2.5798,7.7381,1333,3031.99
19569,3.0059,3.8798,9.7217,1331,3031.99
19574,1.3587,0.6021,13.3106,1325,3031.99
19579,-5.9699,-1.0355,12.2547,1335,3031.99
19584,-2.0985,2.6228,7.7045,1331,3032.14
19589,3.1627,3.8798,9.8916,1331,3032.14
19594,1.0259,0.3771,13.4339,1330,3032.14
19599,-6.1627,-0.8188,12.0225,1333,3032.14
19604,-1.7119,2.7701,7.6267,1337,3032.29
19609,3.2729,3.8116,10.0233,1334,3032.29
19614,0.729,0.1604,13.5272,1327,3032.29
19619,-6.3422,-0.5938,11.8202,1335,3032.29
19624,-1.2617,2.8144,7.6315,1339,3032.14
19629,3.3686,3.808,10.167,1336,3032.14
19634,0.3376,0.006,13.5931,1333,3032.14
19639,-6.5374,-0.3292,11.5628,1333,3032.14
19644,-0.8404,2.8766,7.6255,1341,3032.14
19649,3.5075,3.7146,10.2819,1339,3032.14
19654,0.0251,-0.1688,13.7367,1331,3032.14
19659,-6.6822,-0.1006,11.3162,1335,3032.14
19664,-0.4369,2.9425,7.6662,1335,3031.99
19669,3.6452,3.6727,10.4818,1335,3031.99
19674,-0.3017,-0.3986,13.8038,1331,3031.99
19679,-6.7684,0.1556,11.0828,1335,3031.99
19684,-0.1065,3.0634,7.7093,1333,3031.53
19689,3.7242,3.6224,10.6757,1335,3031.53
19694,-0.6907,-0.5614,13.8624,1335,3031.53
19699,-6.8247,0.3903,10.8769,1336,3031.53
19704,0.2705,3.0634,7.8111,1333,3031.53
19709,3.8499,3.5195,10.7452,1335,3031.53
19714,-1.0774,-0.6991,13.9187,1339,3031.53
19719,-6.8797,0.6572,10.6183,1339,3031.53
19724,0.5339,3.2154,7.8614,1336,3031.53
19729,3.984,3.4141,10.9774,1335,3031.53
19734,-1.3827,-0.9122,13.9211,1335,3031.53
19739,-6.8402,0.893,10.3657,1339,3031.53
19744,0.8033,3.2753,7.9535,1335,3031.68
19749,4.0642,3.304,11.0947,1337,3031.68
19754,-1.7945,-1.0642,13.9917,1334,3031.68
19759,-6.8079,1.0918,10.1586,1349,3031.68
19764,1.0726,3.3303,8.0828,1336,3031.83
19769,4.0941,3.0993,11.3258,1343,3031.83
19774,-2.1057,-1.2785,13.9426,1333,3031.83
19779,-6.6894,1.2665,9.8593,1343,3031.83
19784,1.2653,3.3651,8.1726,1341,3031.53
19789,4.0977,2.9628,11.4563,1339,3031.53
19794,-2.4457,-1.4006,13.9486,1337,3031.53
19799,-6.5817,1.4664,9.6618,1341,3031.53
19804,1.5131,3.4417,8.3031,1341,3031.53
19809,4.0881,2.8383,11.6538,1341,3031.53
19814,-2.7928,-1.5143,13.8505,1339,3031.53
19819,-6.3566,1.6484,9.4152,1341,3031.53
19824,1.6939,3.5075,8.3917,1341,3031.53
19829,4.0127,2.6396,11.7579,1352,3031.53
19834,-3.1232,-1.6137,13.9019,1338,3031.53
19839,-6.1579,1.7609,9.159,1351,3032.14
19844,1.8328,3.5781,8.5186,1341,3032.14
19849,3.9145,2.4229,11.9423,1352,3032.14
19854,-3.456,-1.7226,13.7224,1343,3032.14
19859,-5.9125,1.8878,8.9555,1351,3032.14
19864,1.9788,3.6332,8.7017,1343,3032.14
19869,3.7721,2.2434,12.1769,1339,3032.14
19874,-3.7792,-1.7669,13.6769,1353,3032.14
19879,-5.6012,1.9644,8.7879,1343,3032.6
19884,2.144,3.644,8.8023,1349,3032.6
19889,3.5482,2.0183,12.3421,1339,3032.6
19894,-4.1096,-1.8375,13.5655,1357,3032.6
19899,-5.2289,2.0985,8.5712,1355,3032.91
19904,2.229,3.6955,8.9411,1352,3032.91
19909,3.3076,1.8016,12.4762,1341,3032.91
19914,-4.4532,-1.7933,13.4518,1349,3032.91
19919,-4.853,2.1979,8.351,1351,3032.6
19924,2.4122,3.7314,9.0752,1342,3032.6
19929,3.055,1.5897,12.5935,1341,3032.6
19934,-4.7094,-1.7418,13.2758,1342,3032.6
19939,-4.3766,2.2757,8.2085,1343,3033.21
19944,2.5331,3.8451,9.2344,1343,3033.21
19949,2.6743,1.3396,12.791,1340,3033.21
19954,-4.968,-1.6544,13.0532,1341,3033.21
19959,-3.9421,2.3715,8.0768,1353,3033.21
19964,2.636,3.8355,9.3757,1349,3033.21
19969,2.3487,1.1744,12.9239,1343,3033.21
19974,-5.3319,-1.5479,12.9143,1343,3033.21
19979,-3.5063,2.4481,7.9356,1343,3034.75
19984,2.7222,3.8379,9.4906,1351,3034.75
19989,2.059,0.9816,13.0328,1351,3034.75
19994,-5.606,-1.3946,12.6342,1350,3034.75
19999,-3.0215,2.5307,7.8015,1351,3035.36
20004,2.8838,3.8307,9.6941,1341,3035.36
20009,1.7202,0.7434,13.1921,1351,3035.36
20014,-5.9077,-1.2031,12.4606,1349,3035.36
20019,-2.4852,2.6396,7.6579,1353,3034.9
20024,3.0215,3.9121,9.8246,1340,3034.9
20029,1.2725,0.5291,13.3381,1341,3034.9
20034,-6.092,-1.0151,12.2643,1353,3034.9
20039,-2.0219,2.733,7.6148,1338,3036.13
20044,3.1735,3.8738,9.9515,1341,3036.13
20049,0.9756,0.3172,13.4925,1339,3036.13
20054,-6.3398,-0.7183,12.0045,1351,3036.13
20059,-1.4808,2.7713,7.6076,1353,3035.52
20064,3.3267,3.8583,10.0161,1339,3035.52
20069,0.5435,0.0622,13.5967,1341,3035.52
20074,-6.5673,-0.4717,11.7244,1351,3035.52
20079,-1.0678,2.879,7.6411,1353,3036.13
20084,3.4919,3.8295,10.258,1349,3036.13
20089,0.1472,-0.097,13.7511,1342,3036.13
20094,-6.7109,-0.1975,11.5101,1343,3036.13
20099,-0.577,2.9365,7.6255,1353,3036.28
20104,3.6476,3.7385,10.4016,1351,3036.28
20109,-0.231,-0.3232,13.8002,1336,3036.28
20114,-6.8223,0.1413,11.2324,1343,3036.28
20119,-0.1389,3.0526,7.6998,1341,3036.44
20124,3.8367,3.6236,10.6398,1351,3036.44
20129,-0.6153,-0.5195,13.9031,1339,3036.44
20134,-6.875,0.4058,10.8781,1342,3036.44
20139,0.2562,3.1125,7.7417,1341,3036.9
20144,3.9887,3.5003,10.7883,1343,3036.9
20149,-0.9984,-0.7805,13.9869,1343,3036.9
20154,-6.9264,0.6931,10.6913,1337,3036.9
20159,0.5746,3.2142,7.7967,1342,3036.59
20164,4.0893,3.4369,10.9463,1339,3036.59
20169,-1.4497,-0.9768,14.0133,1341,3036.59
20174,-6.8905,0.9301,10.3848,1355,3036.59
20179,0.9266,3.2621,7.8949,1340,3035.52
20184,4.1216,3.219,11.1725,1343,3035.52
20189,-1.8723,-1.1588,14.0444,1340,3035.52
20194,-6.8366,1.1145,10.149,1355,3035.52
20199,1.1791,3.3555,8.029,1339,3035.36
20204,4.1803,3.0825,11.3102,1339,3035.36
20209,-2.2494,-1.3264,13.9702,1343,3035.36
20214,-6.6726,1.3228,9.7959,1350,3035.36
20219,1.421,3.401,8.2121,1351,3034.9
20224,4.1324,2.8994,11.552,1350,3034.9
20229,-2.6719,-1.4605,13.9594,1340,3034.9
20234,-6.5386,1.5215,9.5984,1339,3034.9
20239,1.6352,3.45,8.2768,1351,3035.21
20244,4.1468,2.7701,11.7208,1353,3035.21
20249,-3.049,-1.6221,13.8995,1341,3035.21
20254,-6.2872,1.6795,9.2931,1342,3034.13
20259,1.8232,3.4872,8.4671,1343,3034.13
20264,4.0055,2.49,11.8932,1357,3034.13
20269,-3.4093,-1.6759,13.8169,1339,3034.13
20274,-6.019,1.8316,9.0393,1354,3033.21
20279,2.0004,3.626,8.588,1341,3033.21
20284,3.8355,2.2841,12.0799,1349,3033.21
20289,-3.7373,-1.7921,13.7032,1352,3033.21
20294,-5.691,1.9704,8.8681,1353,3034.75
20299,2.0961,3.6691,8.746,1341,3034.75
20304,3.5961,2.0662,12.2643,1343,3034.75
20309,-4.0606,-1.7514,13.5919,1355,3034.75
20314,-5.3391,2.1177,8.6167,1343,3035.52
20319,2.2996,3.7314,8.8657,1351,3035.52
20324,3.4285,1.8783,12.4522,1349,3035.52
20329,-4.4365,-1.8052,13.4782,1353,3035.52
20334,-4.9344,2.1799,8.3821,1353,3035.67
20339,2.3846,3.7685,9.0597,1350,3035.67
20344,3.067,1.6305,12.5767,1341,3035.67
20349,-4.7872,-1.7873,13.2579,1341,3035.67
20354,-4.4592,2.3308,8.1846,1351,3034.59
20359,2.4816,3.7912,9.2201,1349,3034.59
20364,2.739,1.3815,12.8126,1343,3034.59
20369,-5.041,-1.664,13.1561,1343,3034.59
20374,-4.0115,2.3667,8.0828,1351,3033.98
20379,2.6025,3.8104,9.3254,1355,3033.98
20384,2.3523,1.1983,12.8485,1341,3033.98
20389,-5.3199,-1.5167,12.8497,1341,3033.98
20394,-3.5123,2.4744,7.938,1352,3033.37
20399,2.7497,3.8618,9.5062,1351,3033.37
20404,2.0255,0.9601,13.0424,1351,3033.37
20409,-5.5629,-1.3827,12.7192,1343,3033.37
20414,-2.9844,2.5678,7.8626,1364,3033.06
20419,2.8886,3.881,9.5672,1343,3033.06
20424,1.7119,0.7554,13.1801,1353,3033.06
20429,-5.8143,-1.2246,12.4882,1349,3033.06
20434,-2.5295,2.6121,7.7464,1351,3032.6
20439,3.0071,3.9145,9.7468,1341,3032.6
20444,1.3156,0.5986,13.3201,1341,3032.6
20449,-6.0286,-1.0355,12.2823,1350,3032.6
20454,-2.1045,2.7114,7.695,1353,3032.6
20459,3.128,3.8942,9.8497,1342,3032.6
20464,1.0163,0.3412,13.4003,1341,3032.6
20469,-6.1998,-0.8368,12.0309,1353,3032.6
20474,-1.6855,2.7857,7.7057,1343,3033.06
20479,3.2465,3.9014,10.0209,1343,3033.06
20484,0.7135,0.1999,13.5488,1341,3033.06
20489,-6.4248,-0.5758,11.8836,1342,3033.06
20494,-1.2067,2.8096,7.6255,1350,3033.21
20499,3.4022,3.8199,10.1359,1349,3033.21
20504,0.3508,-0.0132,13.5871,1339,3033.21
20509,-6.59,-0.346,11.5903,1350,3033.21
20514,-0.7614,2.9293,7.6567,1355,3033.21
20519,3.5482,3.7936,10.3286,1343,3033.21
20524,-0.0491,-0.1784,13.6972,1339,3033.21
20529,-6.7181,-0.0515,11.3868,1351,3033.21
20534,-0.3603,2.9736,7.6914,1353,3033.98
20539,3.7373,3.6691,10.4734,1351,3033.98
20544,-0.3256,-0.4106,13.866,1339,3033.98
20549,-6.845,0.1879,11.1318,1349,3033.98
20554,0.0024,3.0406,7.7716,1341,3034.29
20559,3.8918,3.614,10.6267,1343,3034.29
20564,-0.7949,-0.6189,13.8708,1339,3034.29
20569,-6.8606,0.4824,10.7978,1349,3034.29
20574,0.395,3.1316,7.7728,1341,3034.9
20579,3.9636,3.4584,10.7571,1341,3034.9
20584,-1.1444,-0.8679,13.969,1343,3034.9
20589,-6.8797,0.7219,10.6315,1343,3034.9
20594,0.7123,3.2286,7.8853,1343,3035.52
20599,4.0749,3.3387,10.9738,1342,3035.52
20604,-1.5347,-1.0391,14.0528,1343,3035.52
20609,-6.8965,0.9661,10.3358,1351,3035.52
20614,1.0092,3.2896,8.0122,1343,3035.36
20619,4.1551,3.1855,11.1534,1355,3035.36
20624,-1.9668,-1.2139,14.036,1339,3035.36
20629,-6.8031,1.1444,10.0497,1353,3035.36
20634,1.2713,3.3519,8.1068,1339,3034.9
20639,4.2126,3.0406,11.321,1351,3034.9
20644,-2.399,-1.3659,13.9678,1341,3034.9
20649,-6.6595,1.3575,9.7683,1357,3034.9
20654,1.4724,3.4093,8.26,1351,3034.59
20659,4.1396,2.8575,11.6298,1341,3034.59
20664,-2.7677,-1.4856,13.9498,1341,3034.59
20669,-6.4404,1.5574,9.481,1351,3034.59
20674,1.6891,3.4704,8.3677,1351,3034.29
20679,4.124,2.6324,11.7591,1350,3034.29
20684,-3.134,-1.6077,13.854,1341,3034.29
20689,-6.2142,1.7669,9.2692,1343,3034.29
20694,1.8603,3.5662,8.5677,1341,3034.13
20699,3.9133,2.4612,11.995,1353,3034.13
20704,-3.4572,-1.6723,13.8361,1340,3034.13
20709,-5.9867,1.8783,8.9364,1353,3034.29
20714,2.0123,3.6248,8.6598,1339,3034.29
20719,3.808,2.2398,12.1542,1349,3034.29
20724,-3.8271,-1.7765,13.6936,1353,3034.29
20729,-5.5821,2.0135,8.825,1350,3034.29
20734,2.1668,3.6871,8.849,1339,3034.29
20739,3.5925,2.065,12.2966,1343,3034.29
20744,-4.1719,-1.7897,13.5799,1352,3034.29
20749,-5.2277,2.1105,8.6107,1343,3033.98
20754,2.2721,3.729,8.922,1350,3033.98
20759,3.292,1.8172,12.4606,1337,3033.98
20764,-4.4843,-1.7585,13.3872,1355,3033.98
20769,-4.8111,2.1943,8.3809,1355,3034.29
20774,2.4122,3.784,9.0573,1353,3034.29
20779,2.9808,1.5574,12.542,1339,3034.29
20784,-4.7956,-1.719,13.2028,1343,3034.29
20789,-4.3802,2.2936,8.1954,1349,3034.13
20794,2.5474,3.8199,9.2775,1343,3034.13
20799,2.6887,1.415,12.7491,1341,3034.13
20804,-5.0721,-1.67,13.0807,1341,3034.13
20809,-3.8954,2.4026,8.0768,1351,3034.29
20814,2.63,3.8367,9.3745,1353,3034.29
20819,2.332,1.1205,12.8844,1339,3034.29
20824,-5.3307,-1.5107,12.8389,1341,3034.29
20829,-3.4417,2.4553,7.9308,1351,3035.05
20834,2.7306,3.8559,9.505,1343,3035.05
20839,2.0482,0.9086,13.0424,1343,3035.05
20844,-5.6515,-1.3539,12.6976,1341,3035.05
20849,-2.8922,2.5738,7.8015,1353,3034.75
20854,2.8994,3.8391,9.6271,1349,3034.75
20859,1.6616,0.668,13.2052,1351,3034.75
20864,-5.8945,-1.1851,12.4487,1349,3034.75
20869,-2.4229,2.6336,7.7309,1351,3034.59
20874,3.0658,3.8906,9.7791,1343,3034.59
20879,1.2653,0.4932,13.3058,1351,3034.59
20884,-6.1339,-0.9601,12.2068,1351,3034.59
20889,-1.907,2.7102,7.6351,1353,3034.44
20894,3.2154,3.8487,9.8833,1343,3034.44
20899,0.8703,0.2861,13.4578,1339,3034.44
20904,-6.3231,-0.741,11.9507,1356,3034.44
20909,-1.4641,2.7737,7.6291,1343,3034.59
20914,3.3651,3.8403,10.064,1321,3034.59
20919,0.5303,0.079,13.5679,1339,3034.59
20924,-6.5326,-0.4393,11.71,1353,3034.59
20929,-0.9649,2.8144,7.6076,1351,3034.9
20934,3.5506,3.7362,10.2364,1343,3034.9
20939,0.1413,-0.0826,13.6924,1337,3034.9
20944,-6.6631,-0.2131,11.4994,1351,3034.9
20949,-0.5746,2.9113,7.6746,1353,3035.05
20954,3.6512,3.717,10.3537,1349,3035.05
20959,-0.2502,-0.3005,13.7475,1341,3035.05
20964,-6.7696,0.0886,11.2396,1343,3035.05
20969,-0.1496,2.97,7.7237,1353,3034.75
20974,3.8211,3.6607,10.5728,1353,3034.75
20979,-0.6297,-0.5327,13.9079,1349,3034.75
20984,-6.8738,0.3508,10.9666,1351,3034.75
20989,0.2322,3.073,7.7201,1341,3034.59
20994,3.9433,3.5338,10.7536,1341,3034.59
20999,-1.0151,-0.741,13.9785,1341,3034.59
21004,-6.8965,0.6285,10.6686,1349,3034.59
21009,0.5531,3.1675,7.8745,1341,3034.29
21014,4.027,3.4249,10.9391,1349,3034.29
21019,-1.3982,-0.8787,14.048,1351,3034.29
21024,-6.9049,0.8559,10.4232,1341,3034.29
21029,0.8356,3.2573,7.8937,1341,3034.44
21034,4.1156,3.2693,11.0636,1341,3034.44
21039,-1.7777,-1.0953,13.9953,1343,3034.44
21044,-6.8187,1.075,10.1466,1355,3034.44
21049,1.1253,3.3459,8.0685,1341,3034.13
21054,4.1575,3.1556,11.3174,1341,3034.13
21059,-2.1847,-1.2833,14.0647,1341,3034.13
21064,-6.705,1.227,9.9288,1355,3034.13
21069,1.336,3.3363,8.1427,1339,3033.98
21074,4.1527,2.97,11.4383,1341,3033.98
21079,-2.5726,-1.3671,13.9474,1342,3033.98
21084,-6.5434,1.4676,9.6558,1355,3033.98
21089,1.567,3.4656,8.3007,1343,3033.67
21094,4.1539,2.8252,11.6598,1352,3033.67
21099,-2.9209,-1.5275,13.9247,1340,3033.67
21104,-6.3782,1.6113,9.3565,1343,3033.67
21109,1.7909,3.4812,8.4096,1353,3033.52
21114,4.039,2.5618,11.825,1350,3033.52
21119,-3.2968,-1.6723,13.8852,1343,3033.52
21124,-6.122,1.7957,9.1159,1351,3033.52
21129,1.9118,3.6129,8.5258,1343,3033.52
21134,3.9073,2.4122,11.9542,1355,3033.52
21139,-3.5877,-1.7478,13.7331,1342,3033.52
21144,-5.8047,1.919,8.8705,1353,3033.06
21149,2.0686,3.6631,8.6969,1341,3033.06
21154,3.6871,2.162,12.2092,1352,3033.06
21159,-3.9492,-1.7933,13.6517,1352,3033.06
21164,-5.4815,2.047,8.7197,1354,3032.91
21169,2.211,3.6667,8.8861,1341,3032.91
21174,3.4608,2.0183,12.2715,1351,3032.91
21179,-4.2533,-1.8112,13.477,1354,3032.91
21184,-5.1344,2.1572,8.4611,1351,3032.45
21189,2.2972,3.7002,9.007,1342,3032.45
21194,3.2441,1.7226,12.481,1343,3032.45
21199,-4.5669,-1.8016,13.3022,1355,3032.45
21204,-4.689,2.2314,8.3246,1353,3033.21
21209,2.4229,3.784,9.1016,1353,3033.21
21214,2.9221,1.5323,12.6103,1343,3033.21
21219,-4.8854,-1.719,13.1968,1352,3033.21
21224,-4.2377,2.3008,8.2133,1351,3033.67
21229,2.5367,3.7888,9.2895,1342,3033.67
21234,2.6145,1.257,12.7791,1350,3033.67
21239,-5.1068,-1.6221,12.9885,1338,3033.67
21244,-3.7709,2.4038,7.9739,1353,3033.52
21249,2.6887,3.8571,9.3829,1355,3033.52
21254,2.2482,1.063,12.9095,1343,3033.52
21259,-5.4001,-1.4976,12.791,1343,3033.52
21264,-3.3483,2.4708,7.8769,1343,3033.52
21269,2.7916,3.8487,9.5038,1351,3033.52
21274,1.9357,0.8487,13.0891,1341,3033.52
21279,-5.6874,-1.336,12.6019,1343,3033.52
21284,-2.8383,2.569,7.7656,1341,3033.52
21289,2.9604,3.9145,9.7049,1343,3033.52
21294,1.6233,0.6357,13.2136,1349,3033.52
21299,-5.9101,-1.1372,12.3888,1343,3033.52
21304,-2.3834,2.6264,7.7536,1353,3033.83
21309,3.049,3.9002,9.8114,1344,3033.83
21314,1.2282,0.4513,13.3261,1350,3033.83
21319,-6.1423,-0.9505,12.2128,1350,3033.83
21324,-1.9082,2.6851,7.6219,1352,3034.13
21329,3.2346,3.8978,9.9347,1351,3034.13
21334,0.8655,0.2574,13.4566,1339,3034.13
21339,-6.3746,-0.6704,11.9985,1349,3034.13
21344,-1.4389,2.7773,7.6207,1351,3034.29
21349,3.3603,3.8188,10.0975,1349,3034.29
21354,0.4884,0.0706,13.5991,1340,3034.29
21359,-6.5326,-0.4477,11.6813,1349,3034.29
21364,-0.9708,2.9054,7.6567,1343,3033.98
21369,3.5051,3.7888,10.2795,1350,3033.98
21374,0.1149,-0.1293,13.7595,1339,3033.98
21379,-6.6619,-0.176,11.4994,1351,3033.98
21384,-0.5076,2.9449,7.6387,1351,3033.67
21389,3.6476,3.7158,10.3872,1343,3033.67
21394,-0.2837,-0.31,13.793,1343,3033.67
21399,-6.766,0.0682,11.2264,1339,3033.67
21404,-0.1448,3.0287,7.7464,1356,3033.67
21409,3.7948,3.6643,10.6183,1350,3033.67
21414,-0.6931,-0.5459,13.9187,1349,3033.67
21419,-6.8402,0.3699,11.0049,1350,3033.67
21424,0.1963,3.0885,7.7668,1339,3033.83
21429,3.9145,3.5566,10.7129,1353,3033.83
21434,-1.002,-0.735,13.9762,1337,3033.83
21439,-6.875,0.559,10.671,1351,3033.83
21444,0.5255,3.1556,7.8638,1341,3034.13
21449,4.0091,3.462,10.884,1349,3034.13
21454,-1.3886,-0.8727,13.9833,1341,3034.13
21459,-6.8977,0.8368,10.3884,1349,3034.13
21464,0.8691,3.2406,7.8901,1341,3034.29
21469,4.0809,3.292,11.0816,1341,3034.29
21474,-1.7669,-1.0858,13.9582,1349,3034.29
21479,-6.7971,1.1025,10.1933,1351,3034.29
21484,1.1241,3.3507,8.1044,1343,3034.44
21489,4.1444,3.1675,11.2875,1343,3034.44
21494,-2.0973,-1.233,13.9809,1337,3034.44
21499,-6.6978,1.2414,9.8653,1355,3034.44
21504,1.4042,3.371,8.1211,1341,3034.29
21509,4.1851,2.9688,11.4383,1343,3034.29
21514,-2.5343,-1.3838,13.9402,1339,3034.29
21519,-6.5888,1.47,9.6905,1359,3034.29
21524,1.5598,3.4381,8.2923,1352,3034.13
21529,4.1156,2.7892,11.6981,1351,3034.13
21534,-2.9137,-1.5239,13.8648,1341,3034.13
21539,-6.3973,1.6185,9.3709,1353,3034.13
21544,1.7945,3.5051,8.4467,1355,3033.83
21549,4.0725,2.5881,11.8645,1341,3033.83
21554,-3.2908,-1.6436,13.8337,1343,3033.83
21559,-6.1064,1.798,9.2021,1349,3033.83
21564,1.9429,3.6152,8.5485,1343,3033.98
21569,3.9325,2.3894,11.9674,1351,3033.98
21574,-3.6117,-1.737,13.6781,1339,3033.98
21579,-5.8035,1.907,8.8992,1351,3033.83
21584,2.0686,3.6105,8.7269,1350,3033.83
21589,3.7074,2.1428,12.1853,1354,3033.83
21594,-3.9157,-1.8148,13.5931,1341,3033.83
21599,-5.4743,1.998,8.679,1355,3034.13
21604,2.2422,3.6787,8.8274,1343,3034.13
21609,3.5147,1.9273,12.2655,1353,3034.13
21614,-4.2892,-1.8184,13.4231,1349,3034.13
21619,-5.041,2.138,8.521,1353,3033.98
21624,2.308,3.7194,9.0357,1349,3033.98
21629,3.2465,1.6712,12.4726,1341,3033.98
21634,-4.6184,-1.7945,13.3405,1355,3033.98
21639,-4.6459,2.2386,8.3079,1351,3034.44
21644,2.4565,3.7996,9.1087,1342,3034.44
21649,2.9066,1.4724,12.6414,1343,3034.44
21654,-4.9189,-1.7083,13.1669,1353,3034.44
21659,-4.1623,2.3834,8.1798,1356,3034.75
21664,2.5869,3.7697,9.3242,1353,3034.75
21669,2.5474,1.2151,12.8006,1350,3034.75
21674,-5.2122,-1.6065,12.9071,1350,3034.75
21679,-3.735,2.4265,8.0014,1355,3034.75
21684,2.6683,3.8295,9.4104,1351,3034.75
21689,2.2075,1.0367,12.9466,1343,3034.75
21694,-5.4791,-1.4796,12.7898,1341,3034.75
21699,-3.2633,2.5019,7.9368,1353,3034.9
21704,2.7976,3.8319,9.5828,1362,3034.9
21709,1.8411,0.7829,13.0843,1338,3034.9
21714,-5.7473,-1.3312,12.5815,1343,3034.9
21719,-2.7509,2.6073,7.774,1344,3034.9
21724,2.9772,3.8834,9.6762,1353,3034.9
21729,1.4664,0.6105,13.2483,1343,3034.9
21734,-6.019,-1.0942,12.3804,1349,3034.9
21739,-2.2434,2.654,7.7345,1351,3035.05
21744,3.1161,3.9025,9.7444,1339,3035.05
21749,1.1133,0.4058,13.3561,1352,3035.05
21754,-6.2405,-0.8607,12.1039,1349,3035.05
21759,-1.7286,2.7078,7.6447,1353,3035.52
21764,3.2609,3.8511,9.9659,1343,3035.52
21769,0.759,0.2358,13.5117,1339,3035.52
21774,-6.4464,-0.6093,11.9183,1353,3035.52
21779,-1.2067,2.818,7.6495,1353,3035.82
21784,3.3866,3.8307,10.088,1351,3035.82
21789,0.2969,-0.0359,13.6601,1339,3035.82
21794,-6.6415,-0.3496,11.6131,1353,3035.82
21799,-0.7566,2.9137,7.6483,1351,3035.52
21804,3.541,3.7828,10.325,1350,3035.52
21809,-0.079,-0.1879,13.7571,1341,3035.52
21814,-6.7804,-0.0634,11.3246,1350,3035.52
21819,-0.3531,3.0131,7.6327,1355,3036.13
21824,3.7338,3.699,10.4291,1343,3036.13
21829,-0.516,-0.4202,13.805,1343,3036.13
21834,-6.8462,0.2143,11.0624,1351,3036.13
21839,0.079,3.0909,7.75,1351,3037.36
21844,3.8798,3.6009,10.6315,1353,3037.36
21849,-0.8655,-0.6704,13.9869,1349,3037.36
21854,-6.9528,0.5303,10.817,1351,3037.36
21859,0.4764,3.1795,7.8326,1351,3038.9
21864,4.0666,3.4788,10.811,1352,3038.9
21869,-1.2833,-0.8882,14.0085,1342,3038.9
21874,-6.9599,0.7649,10.4854,1350,3038.9
21879,0.8607,3.237,7.8841,1343,3039.67
21884,4.1503,3.3064,11.0349,1343,3039.67
21889,-1.7394,-1.0606,14.0552,1343,3039.67
21894,-6.9564,1.0534,10.1646,1343,3039.67
21899,1.1576,3.3339,7.9883,1343,3041.05
21904,4.2593,3.1508,11.2408,1341,3041.05
21909,-2.2386,-1.3024,14.0707,1341,3041.05
21914,-6.7768,1.306,9.8282,1353,3041.05
21919,1.4676,3.3914,8.187,1343,3039.36
21924,4.2126,3.0107,11.4886,1349,3039.36
21929,-2.6947,-1.4676,14.0157,1340,3039.36
21934,-6.5721,1.4976,9.5696,1359,3039.36
21939,1.6831,3.45,8.327,1343,3037.51
21944,4.1803,2.7689,11.7005,1343,3037.51
21949,-3.0682,-1.579,13.9833,1343,3037.51
21954,-6.3351,1.6951,9.3075,1351,3037.51
21959,1.8711,3.5458,8.4851,1351,3036.59
21964,4.0522,2.5079,11.8645,1349,3036.59
21969,-3.4596,-1.6903,13.8373,1349,3036.59
21974,-5.9891,1.8292,9.0716,1349,3036.59
21979,2.0339,3.6081,8.6491,1349,3035.82
21984,3.8774,2.247,12.0752,1354,3035.82
21989,-3.8104,-1.7502,13.7451,1341,3035.82
21994,-5.6671,1.9549,8.7664,1351,3035.67
21999,2.1931,3.6547,8.7939,1341,3035.67
22004,3.6368,2.0279,12.2583,1355,3035.67
22009,-4.1288,-1.7753,13.4758,1338,3035.67
22014,-5.2553,2.071,8.576,1351,3035.05
22019,2.3451,3.7433,8.8909,1343,3035.05
22024,3.3411,1.8399,12.4534,1353,3035.05
22029,-4.4819,-1.7777,13.4015,1353,3035.05
22034,-4.8614,2.2051,8.3809,1350,3034.29
22039,2.399,3.7421,9.0561,1342,3034.29
22044,3.0358,1.5622,12.5145,1350,3034.29
22049,-4.7609,-1.7322,13.2304,1355,3034.29
22054,-4.3742,2.2924,8.2181,1355,3035.36
22059,2.5259,3.8511,9.2237,1352,3035.36
22064,2.7366,1.3743,12.7216,1349,3035.36
22069,-5.0721,-1.6484,13.052,1352,3035.36
22074,-3.9205,2.3715,8.0349,1349,3034.75
22079,2.648,3.8307,9.3577,1351,3034.75
22084,2.3655,1.1085,12.8533,1341,3034.75
22089,-5.3486,-1.5371,12.8748,1351,3034.75
22094,-3.4357,2.4744,7.9511,1353,3034.59
22099,2.7521,3.8846,9.5289,1353,3034.59
22104,2.0303,0.9278,13.0448,1337,3034.59
22109,-5.6348,-1.3551,12.651,1343,3034.59
22114,-2.9544,2.5355,7.7967,1353,3034.59
22119,2.909,3.8511,9.5756,1357,3034.59
22124,1.6783,0.6991,13.1693,1341,3034.59
22129,-5.8957,-1.1887,12.487,1342,3034.59
22134,-2.4624,2.654,7.7309,1352,3034.59
22139,3.0287,3.8702,9.7995,1350,3034.59
22144,1.2773,0.5004,13.2663,1351,3034.59
22149,-6.11,-0.9565,12.2056,1342,3034.59
22154,-1.9632,2.7043,7.6543,1351,3034.59
22159,3.1568,3.8642,9.9311,1342,3034.59
22164,0.9002,0.2981,13.4003,1351,3034.59
22169,-6.3303,-0.7386,12.044,1351,3034.59
22174,-1.476,2.7725,7.6136,1353,3034.44
22179,3.3507,3.8487,9.9886,1343,3034.44
22184,0.516,0.0802,13.5883,1349,3034.44
22189,-6.5326,-0.5255,11.7041,1355,3034.44
22194,-0.972,2.8718,7.6519,1343,3034.29
22199,3.474,3.7948,10.2125,1350,3034.29
22204,0.1353,-0.0886,13.6948,1341,3034.29
22209,-5.7772,-1.2366,12.5504,1353,3034.29
22214,-0.583,2.9425,7.6614,1351,3034.29
22219,3.0502,3.8918,9.7252,1351,3034.29
22224,-0.2502,-0.2861,13.7858,1340,3034.29
22229,-6.0442,-1.0726,12.2823,1351,3034.29
22234,-2.0674,2.6683,7.6926,1351,3033.98
22239,3.2226,3.9205,9.8258,1349,3033.98
22244,1.0187,0.3771,13.4614,1355,3033.98
22249,-6.2142,-0.8045,12.0644,1341,3033.98
22254,-1.652,2.745,7.6255,1356,3034.44
22259,3.3639,3.8738,10.0042,1352,3034.44
22264,0.6883,0.1676,13.5129,1342,3034.44
22269,-6.4165,-0.5399,11.8788,1349,3034.44
22274,-1.1396,2.8563,7.6974,1342,3034.29
22279,3.5051,3.7673,10.1622,1353,3034.29
22284,0.3089,-0.0611,13.629,1339,3034.29
22289,-6.5757,-0.2969,11.5831,1350,3034.29
22294,-0.7003,2.9365,7.6471,1341,3034.29
22299,3.6428,3.7565,10.3394,1344,3034.29
22304,-0.067,-0.2227,13.7906,1351,3034.29
22309,-6.6906,-0.0754,11.2934,1341,3034.29
22314,-0.2825,3.0047,7.6854,1341,3034.29
22319,3.7733,3.6751,10.5237,1349,3034.29
22324,-0.407,-0.4286,13.8038,1353,3034.29
22329,-6.8055,0.1724,11.0624,1351,3034.29
22334,0.1125,3.067,7.7081,1349,3034.44
22339,3.887,3.6021,10.6757,1342,3034.44
22344,-0.8092,-0.6237,13.9031,1343,3034.44
22349,-6.8618,0.4441,10.8529,1355,3034.44
22354,0.4585,3.1603,7.7812,1341,3034.29
22359,3.9935,3.4417,10.8038,1343,3034.29
22364,-1.1528,-0.8176,13.8924,1341,3034.29
22369,-6.9133,0.6955,10.5141,1362,3034.29
22374,0.7638,3.1939,7.9511,1340,3034.29
22379,4.057,3.3615,11.0325,1344,3034.29
22384,-1.5945,-0.9912,13.9726,1343,3034.29
22389,-6.8941,0.9409,10.2687,1353,3034.29
22394,1.0104,3.2681,8.0577,1353,3033.67
22399,4.0905,3.1867,11.1594,1339,3033.67
22404,-1.9405,-1.2103,13.9678,1349,3033.67
22409,-6.7684,1.172,9.9994,1344,3033.67
22414,1.2486,3.3543,8.1068,1349,3033.21
22419,4.0761,3.0478,11.3892,1353,3033.21
22424,-2.3547,-1.3491,13.9402,1341,3033.21
22429,-6.6451,1.3707,9.7731,1351,3031.99
22434,1.4593,3.371,8.2468,1350,3031.99
22439,4.1013,2.8635,11.5676,1355,3031.99
22444,-2.7665,-1.5203,13.9223,1337,3031.99
22449,-6.4907,1.5395,9.4846,1351,3034.75
22454,1.652,3.4919,8.3845,1341,3034.75
22459,4.0139,2.6959,11.7472,1351,3034.75
22464,-3.1508,-1.634,13.8481,1352,3034.75
22469,-6.2704,1.7071,9.25,1353,3033.67
22474,1.7968,3.553,8.4874,1357,3033.67
22479,3.9528,2.4768,11.9171,1343,3033.67
22484,-3.4979,-1.7131,13.7451,1357,3033.67
22489,-6.0142,1.8364,9.0944,1355,3033.83
22494,1.9752,3.5578,8.6467,1353,3033.83
22499,3.7828,2.3463,12.05,1343,3033.83
22504,-3.8152,-1.7478,13.6817,1353,3033.83
22509,-5.7197,1.9824,8.8262,1355,3034.13
22514,2.1045,3.6248,8.8023,1353,3034.13
22519,3.5793,2.0602,12.2559,1343,3034.13
22524,-4.1623,-1.8088,13.5811,1351,3034.13
22529,-5.3163,2.1033,8.6574,1353,3034.75
22534,2.2242,3.6571,8.9507,1352,3034.75
22539,3.3878,1.8088,12.3625,1343,3034.75
22544,-4.525,-1.7992,13.4027,1343,3034.75
22549,-4.9392,2.2505,8.4324,1351,3035.52
22554,2.3248,3.723,9.1063,1356,3035.52
22559,3.0394,1.5622,12.6234,1340,3035.52
22564,-4.8028,-1.7502,13.2399,1343,3035.52
22569,-4.4329,2.3379,8.2145,1351,3035.82
22574,2.5402,3.8176,9.2117,1351,3035.82
22579,2.7665,1.3731,12.7743,1351,3035.82
22584,-5.1392,-1.6041,13.0855,1341,3035.82
22589,-3.9289,2.4349,8.1139,1351,3035.67
22594,2.6468,3.8595,9.3254,1343,3035.67
22599,2.3619,1.1265,12.9155,1351,3035.67
22604,-5.381,-1.4964,12.8664,1351,3035.67
22609,-3.3746,2.496,7.8865,1352,3035.98
22614,2.8491,3.899,9.4631,1343,3035.98
22619,2.0351,0.9349,13.0927,1342,3035.98
22624,-5.6671,-1.3551,12.6785,1356,3035.98
22629,-2.903,2.5666,7.8278,1351,3036.59
22634,2.9652,3.9253,9.6822,1335,3036.59
22639,1.6113,0.7111,13.2483,1339,3036.59
22644,-5.9221,-1.1408,12.3828,1355,3036.59
22649,-2.3547,2.6288,7.7093,1349,3036.9
22654,3.1687,3.8942,9.8306,1351,3036.9
22659,1.2282,0.4669,13.3333,1341,3036.9
22664,-6.1651,-0.911,12.1709,1351,3036.9
22669,-1.822,2.7593,7.7201,1353,3037.36
22674,3.3303,3.9073,9.9383,1351,3037.36
22679,0.8284,0.2502,13.5811,1350,3037.36
22684,-6.3614,-0.6428,11.9195,1351,3037.36
22689,-1.3156,2.8311,7.6423,1353,3037.51
22694,3.4716,3.8188,10.0461,1355,3037.51
22699,0.4525,0.0587,13.7128,1349,3037.51
22704,-6.5876,-0.3807,11.6334,1351,3037.51
22709,-0.7626,2.958,7.671,1341,3037.82
22714,3.6117,3.7864,10.2615,1351,3037.82
22719,-0.0371,-0.1604,13.7343,1337,3037.82
22724,-6.7816,-0.1006,11.3258,1343,3037.82
22729,-0.31,2.988,7.6555,1343,3037.21
22734,3.7769,3.6667,10.4303,1343,3037.21
22739,-0.4046,-0.4274,13.9043,1351,3037.21
22744,-6.857,0.1676,11.0983,1321,3037.21
22749,0.1125,3.1029,7.671,1344,3036.44
22754,3.9385,3.6224,10.5788,1341,3036.44
22759,-0.7769,-0.589,13.8912,1352,3036.44
22764,-6.8893,0.4154,10.8146,1355,3036.44
22769,0.4657,3.1232,7.8302,1343,3035.82
22774,4.0175,3.4584,10.8062,1341,3035.82
22779,-1.1779,-0.8212,13.9917,1343,3035.82
22784,-6.8881,0.7135,10.5512,1357,3035.82
22789,0.7494,3.2358,7.847,1349,3035.52
22794,4.0953,3.3698,10.9535,1350,3035.52
22799,-1.5969,-0.9768,13.9917,1339,3035.52
22804,-6.8761,0.9349,10.2747,1359,3035.52
22809,1.0116,3.2489,8.0278,1351,3035.36
22814,4.148,3.1376,11.1713,1351,3035.36
22819,-1.986,-1.1995,13.9738,1351,3035.36
22824,-6.8067,1.1983,9.9383,1351,3035.36
22829,1.2725,3.377,8.1427,1353,3035.67
22834,4.1683,2.9928,11.3497,1351,3035.67
22839,-2.4385,-1.4042,13.9642,1341,3035.67
22844,-6.6726,1.3898,9.7181,1349,3035.67
22849,1.4808,3.3998,8.3019,1343,3035.82
22854,4.1288,2.8024,11.5843,1353,3035.82
22859,-2.824,-1.5251,13.9474,1339,3035.82
22864,-6.4284,1.6269,9.4547,1356,3035.52
22869,1.7166,3.5003,8.3187,1342,3035.52
22874,4.0929,2.6755,11.7316,1352,3035.52
22879,-3.2322,-1.6604,13.8936,1351,3035.52
22884,-6.1938,1.749,9.2213,1352,3036.44
22889,1.8938,3.547,8.5006,1349,3036.44
22894,3.9325,2.4349,11.9219,1341,3036.44
22899,-3.6129,-1.7681,13.7667,1355,3036.44
22904,-5.8945,1.8866,8.9735,1353,3036.28
22909,2.059,3.5853,8.6802,1355,3036.28
22914,3.7481,2.2242,12.1206,1343,3036.28
22919,-4.0043,-1.7813,13.6877,1354,3036.28
22924,-5.5007,2.0554,8.7604,1350,3036.44
22929,2.1608,3.6009,8.8083,1355,3036.44
22934,3.5326,1.9142,12.2811,1343,3036.44
22939,-4.3646,-1.7945,13.4829,1350,3036.44
22944,-5.1511,2.1811,8.5138,1356,3036.13
22949,2.3248,3.7397,8.9328,1353,3036.13
22954,3.225,1.7274,12.5372,1340,3036.13
22959,-4.6902,-1.7693,13.3824,1343,3036.13
22964,-4.6388,2.2505,8.3438,1351,3035.36
22969,2.4157,3.7673,9.1243,1353,3035.36
22974,2.8431,1.4401,12.6486,1338,3035.36
22979,-4.9596,-1.7418,13.198,1349,3035.36
22984,-4.1791,2.3499,8.0972,1355,3034.75
22989,2.5666,3.8355,9.2955,1349,3034.75
22994,2.5283,1.2701,12.8245,1349,3034.75
22999,-5.2529,-1.5526,13.0616,1349,3034.75
23004,-3.65,2.4134,7.9966,1353,3034.13
23009,2.7461,3.8726,9.42,1351,3034.13
23014,2.0865,1.0403,12.9323,1349,3034.13
23019,-5.5138,-1.4832,12.8437,1351,3034.13
23024,-3.1747,2.4936,7.8685,1353,3033.83
23029,2.8802,3.9349,9.5517,1350,3033.83
23034,1.7514,0.8775,13.0999,1340,3033.83
23039,-5.7305,-1.2905,12.5983,1353,3033.83
23044,-2.6839,2.5821,7.7141,1352,3033.83
23049,3.0574,3.9085,9.657,1349,3033.83
23054,1.4329,0.674,13.2411,1339,3033.83
23059,-6.013,-1.0487,12.39,1351,3033.83
23064,-2.2039,2.6324,7.75,1353,3035.05
23069,3.1663,3.9133,9.8869,1343,3035.05
23074,1.069,0.4405,13.3764,1339,3035.05
23079,-6.1435,-0.8619,12.147,1353,3035.05
23084,-1.6915,2.7557,7.6974,1353,3033.98
23089,3.31,3.8822,9.979,1350,3033.98
23094,0.723,0.2729,13.4794,1341,3033.98
23099,-6.353,-0.5758,11.9135,1343,3033.98
23104,-1.245,2.8695,7.6686,1355,3033.21
23109,3.4848,3.8678,10.1861,1351,3033.21
23114,0.3328,0.0204,13.5536,1341,3033.21
23119,-6.5086,-0.3771,11.6298,1351,3033.21
23124,-0.8296,2.909,7.6279,1353,3032.6
23129,3.5829,3.7864,10.2436,1355,3032.6
23134,0.0108,-0.1844,13.6769,1337,3032.6
23139,-6.6619,-0.1185,11.4227,1352,3032.6
23144,-0.4082,2.9904,7.6531,1341,3032.45
23149,3.6799,3.7577,10.4435,1351,3032.45
23154,-0.2837,-0.3184,13.7846,1348,3032.45
23159,-6.7409,0.1018,11.1271,1343,3032.45
23164,-0.0694,3.0251,7.6998,1350,3032.14
23169,3.8283,3.6176,10.5824,1337,3032.14
23174,-0.6285,-0.5303,13.8385,1351,3032.14
23179,-6.7864,0.3543,10.8793,1343,3032.14
23184,0.2717,3.0969,7.7692,1342,3032.14
23189,3.9409,3.5506,10.7284,1341,3032.14
23194,-0.9936,-0.7015,13.9019,1338,3032.14
23199,-6.8378,0.5902,10.6638,1349,3032.14
23204,0.5543,3.1256,7.8901,1348,3032.6
23209,3.9959,3.4058,10.9331,1349,3032.6
23214,-1.318,-0.9373,13.9127,1339,3032.6
23219,-6.8187,0.7649,10.3645,1357,3032.6
23224,0.8511,3.2537,7.9212,1342,3032.91
23229,4.0809,3.2848,11.0696,1352,3032.91
23234,-1.6831,-1.0977,13.9402,1337,3032.91
23239,-6.7983,1.0104,10.2041,1358,3032.91
23244,1.1349,3.2884,8.1139,1352,3033.21
23249,4.1228,3.0801,11.2839,1350,3033.21
23254,-2.1512,-1.2725,13.9726,1340,3033.21
23259,-6.7241,1.2342,9.8737,1351,3033.21
23264,1.385,3.3375,8.1774,1351,3033.37
23269,4.124,2.9796,11.4311,1351,3033.37
23274,-2.545,-1.4473,13.9211,1343,3033.37
23279,-6.614,1.3982,9.7241,1349,3033.37
23284,1.5203,3.3579,8.3115,1343,3034.13
23289,4.1144,2.7641,11.6083,1357,3034.13
23294,-2.9185,-1.5897,13.8517,1349,3034.13
23299,-6.4189,1.5957,9.3972,1343,3034.59
23304,1.7669,3.4357,8.3881,1343,3034.59
23309,4.033,2.6312,11.7639,1353,3034.59
23314,-3.3567,-1.6352,13.8696,1353,3034.59
23319,-6.1591,1.7753,9.2225,1353,3034.9
23324,1.9178,3.4895,8.6072,1343,3034.9
23329,3.8726,2.3499,11.989,1339,3034.9
23334,-3.6907,-1.737,13.7212,1355,3034.9
23339,-5.8419,1.9273,8.9112,1352,3034.75
23344,2.0327,3.6081,8.7329,1352,3034.75
23349,3.7086,2.1919,12.1769,1343,3034.75
23354,-4.0354,-1.798,13.6362,1357,3034.75
23359,-5.5162,2.0686,8.7376,1353,3034.9
23364,2.138,3.6619,8.8514,1354,3034.9
23369,3.4596,1.9429,12.3409,1343,3034.9
23374,-4.379,-1.8148,13.4746,1350,3034.9
23379,-5.0853,2.1727,8.5269,1353,3034.9
23384,2.2805,3.6919,8.9926,1351,3034.9
23389,3.1639,1.7178,12.5013,1342,3034.9
23394,-4.6759,-1.7705,13.3704,1343,3034.9
23399,-4.6507,2.2745,8.2803,1352,3034.59
23404,2.4229,3.796,9.1626,1353,3034.59
23409,2.8599,1.4641,12.7048,1349,3034.59
23414,-4.9464,-1.7131,13.204,1352,3034.59
23419,-4.1503,2.4014,8.1702,1349,3034.75
23424,2.5534,3.8355,9.3374,1353,3034.75
23429,2.4481,1.2641,12.8425,1351,3034.75
23434,-5.2457,-1.5766,12.9754,1341,3034.75
23439,-3.7433,2.4888,7.9763,1353,3034.59
23444,2.7557,3.9253,9.4092,1351,3034.59
23449,2.1703,1.081,12.9921,1351,3034.59
23454,-5.5091,-1.4174,12.8162,1339,3034.59
23459,-3.2058,2.5642,7.9212,1354,3034.44
23464,2.8539,3.9217,9.5672,1343,3034.44
23469,1.7861,0.8631,13.1729,1343,3034.44
23474,-5.7413,-1.2737,12.5672,1351,3034.44
23479,-2.6564,2.6205,7.7788,1353,3034.29
23484,3.0574,3.9373,9.7085,1353,3034.29
23489,1.4724,0.6249,13.3142,1343,3034.29
23494,-5.9664,-1.0642,12.3385,1355,3034.29
23499,-2.2015,2.6935,7.695,1342,3034.29
23504,3.1879,3.8954,9.7911,1349,3034.29
23509,1.0906,0.3795,13.4434,1339,3034.29
23514,-6.1723,-0.8715,12.0991,1351,3034.29
23519,-1.6508,2.7689,7.6758,1351,3033.98
23524,3.3423,3.8966,9.9515,1350,3033.98
23529,0.7015,0.2251,13.5859,1342,3033.98
23534,-6.3686,-0.6129,11.8836,1351,3033.98
23539,-1.2186,2.8575,7.6267,1355,3033.98
23544,3.4333,3.8044,10.1095,1343,3033.98
23549,0.3735,0.0646,13.7056,1343,3033.98
23554,-6.608,-0.4142,11.6238,1351,3033.98
23559,-0.8116,2.9209,7.6411,1355,3033.98
23564,3.6093,3.7924,10.2388,1353,3033.98
23569,0.0,-0.1353,13.7894,1349,3033.98
23574,-6.6451,-0.1425,11.3306,1352,3033.98
23579,-0.3723,2.9712,7.5645,1349,3033.83
23584,3.7529,3.7266,10.3645,1353,3033.83
23589,-0.3699,-0.3089,13.9127,1341,3033.83
23594,-6.7385,0.0982,11.1247,1343,3033.83
23599,-0.0024,3.0059,7.6447,1349,3033.52
23604,3.8774,3.6236,10.5776,1351,3033.52
23609,-0.7422,-0.5064,13.9414,1351,3033.52
23614,-6.7983,0.3364,10.8493,1343,3033.52
23619,0.3268,3.0718,7.6591,1349,3033.06
23624,3.9923,3.4716,10.7739,1343,3033.06
23629,-1.1253,-0.7578,14.0372,1351,3033.06
23634,-6.7768,0.5926,10.6063,1353,3033.06
23639,0.668,3.0909,7.6746,1350,3032.75
23644,4.1108,3.3902,10.9176,1343,3032.75
23649,-1.5622,-0.8619,14.0492,1343,3032.75
23654,-6.7888,0.7961,10.3813,1357,3032.75
23659,0.9409,3.1795,7.7883,1353,3032.45
23664,4.0881,3.286,11.2144,1351,3032.45
23669,-1.9357,-1.0391,14.0061,1340,3032.45
23674,-6.7493,1.057,10.1035,1359,3032.45
23679,1.1648,3.2286,7.8925,1344,3032.75
23684,4.0953,3.1196,11.3461,1351,3032.75
23689,-2.3547,-1.2665,14.103,1343,3032.75
23694,-6.6535,1.2139,9.8677,1351,3032.75
23699,1.3791,3.2777,7.9775,1355,3032.6
23704,4.118,3.0095,11.558,1339,3032.6
23709,-2.6947,-1.385,14.0408,1349,3032.6
23714,-6.4895,1.4186,9.6127,1349,3032.6
23719,1.5479,3.3112,8.1068,1351,3032.6
23724,4.0223,2.8168,11.7364,1355,3032.6
23729,-3.0754,-1.5131,13.9797,1343,3032.6
23734,-6.28,1.6173,9.414,1352,3032.29
23739,1.7418,3.4357,8.2121,1341,3032.29
23744,3.9313,2.6743,11.9267,1355,3032.29
23749,-3.3686,-1.5945,13.951,1349,3032.29
23754,-6.0513,1.7585,9.1925,1353,3032.6
23759,1.907,3.4393,8.3617,1343,3032.6
23764,3.7565,2.4313,12.1649,1357,3032.6
23769,-3.699,-1.6999,13.7391,1355,3032.6
23774,-5.7353,1.883,8.9064,1341,3032.45
23779,2.0554,3.5458,8.521,1343,3032.45
23784,3.5422,2.2781,12.3493,1349,3032.45
23789,-4.0378,-1.7238,13.7188,1356,3032.45
23794,-5.4408,2.0027,8.6898,1353,3032.75
23799,2.1835,3.5901,8.6443,1353,3032.75
23804,3.3387,2.0758,12.5672,1343,3032.75
23809,-4.3299,-1.7561,13.5943,1353,3032.75
23814,-5.0278,2.1308,8.4815,1356,3032.91
23819,2.3164,3.6571,8.8585,1353,3032.91
23824,3.0382,1.8639,12.6653,1343,3032.91
23829,-4.5969,-1.7538,13.4171,1350,3032.91
23834,-4.6172,2.1811,8.2373,1341,3032.45
23839,2.4277,3.7493,8.9411,1351,3032.45
23844,2.7641,1.6137,12.8341,1342,3032.45
23849,-4.8459,-1.6723,13.2818,1349,3032.45
23854,-4.1946,2.2601,8.0876,1354,3033.21
23859,2.6085,3.8211,9.1363,1352,3033.21
23864,2.4541,1.4533,13.0221,1342,3033.21
23869,-5.0973,-1.6149,13.119,1343,3033.21
23874,-3.7457,2.3667,7.9236,1342,3032.75
23879,2.709,3.8403,9.2093,1353,3032.75
23884,2.1727,1.2007,13.1454,1343,3032.75
23889,-5.3343,-1.4545,12.9263,1343,3032.75
23894,-3.2848,2.4074,7.835,1341,3032.6
23899,2.8611,3.8654,9.3841,1349,3032.6
23904,1.816,1.0116,13.277,1353,3032.6
23909,-5.5665,-1.3503,12.6917,1343,3032.6
23914,-2.7677,2.496,7.6686,1354,3032.14
23919,3.0347,3.9097,9.5481,1331,3032.14
23924,1.4629,0.7997,13.4219,1343,3032.14
23929,-5.7772,-1.1744,12.4822,1355,3032.14
23934,-2.3499,2.5654,7.604,1356,3031.99
23939,3.1747,3.8607,9.675,1351,3031.99
23944,1.0953,0.6045,13.4973,1341,3031.99
23949,-5.9652,-0.9732,12.2703,1355,3031.99
23954,-1.9058,2.5965,7.5286,1349,3032.14
23959,3.2741,3.8738,9.9132,1353,3032.14
23964,0.7697,0.4298,13.5955,1341,3032.14
23969,-6.1711,-0.7602,12.0392,1352,3032.14
23974,-1.4545,2.7054,7.5202,1353,3032.14
23979,3.4285,3.8247,9.9623,1351,3032.14
23984,0.4489,0.2023,13.7152,1341,3032.14
23989,-6.3386,-0.5806,11.7879,1353,3032.14
23994,-1.0355,2.7725,7.5393,1355,3032.45
23999,3.571,3.7948,10.1514,1349,3032.45
24004,0.1879,0.0766,13.805,1351,3032.45
24009,-6.4715,-0.2849,11.5532,1343,3032.45
24014,-0.6033,2.8228,7.4448,1357,3032.45
24019,3.6835,3.7433,10.2759,1349,3032.45
24024,-0.2442,-0.176,13.8936,1349,3032.45
24029,-6.5972,-0.0587,11.3306,1352,3032.45
24034,-0.2286,2.9149,7.5429,1351,3032.6
24039,3.7912,3.6907,10.5417,1356,3032.6
24044,-0.5399,-0.3639,13.9366,1341,3032.6
24049,-6.6906,0.1808,11.0528,1352,3032.6
24054,0.1221,2.9341,7.5645,1337,3032.6
24059,3.8726,3.5662,10.6494,1343,3032.6
24064,-0.9206,-0.5878,14.121,1341,3032.6
24069,-6.7971,0.3926,10.8577,1350,3032.6
24074,0.401,3.0382,7.6339,1351,3032.75
24079,3.9612,3.541,10.811,1343,3032.75
24084,-1.3048,-0.6835,14.0228,1340,3032.75
24089,-6.76,0.6656,10.5788,1343,3032.75
24094,0.6955,3.0861,7.6243,1343,3032.45
24099,4.0534,3.3854,11.0816,1341,3032.45
24104,-1.7166,-0.9242,14.0659,1350,3032.45
24109,-6.7672,0.8739,10.3633,1357,3032.45
24114,0.9673,3.2022,7.7596,1341,3032.6
24119,4.0654,3.3028,11.2408,1350,3032.6
24124,-2.1021,-1.0403,14.0623,1349,3032.6
24129,-6.7133,1.1145,10.0556,1352,3032.6
24134,1.2019,3.2094,7.8925,1343,3032.45
24139,4.1073,3.1208,11.4527,1353,3032.45
24144,-2.4229,-1.257,14.0839,1337,3032.45
24149,-6.5685,1.3252,9.8078,1355,3032.45
24154,1.3994,3.2908,8.0206,1352,3032.45
24159,4.1216,2.9951,11.6119,1350,3032.45
24164,-2.8204,-1.403,14.0516,1343,3032.45
24169,-6.4248,1.5024,9.5696,1350,3032.45
24174,1.6245,3.3315,8.1463,1352,3032.29
24179,4.0151,2.788,11.8417,1357,3032.29
24184,-3.1232,-1.5658,13.9977,1343,3032.29
24189,-6.1902,1.646,9.2835,1351,3032.75
24194,1.7514,3.4165,8.1786,1343,3032.75
24199,3.9337,2.6061,11.9973,1358,3032.75
24204,-3.4728,-1.5742,13.8708,1341,3032.75
24209,-5.9675,1.7813,9.0968,1352,3031.83
24214,1.913,3.4872,8.3785,1343,3031.83
24219,3.7182,2.4373,12.2152,1357,3031.83
24224,-3.7685,-1.7083,13.7798,1358,3031.83
24229,-5.6551,1.8878,8.7724,1359,3032.91
24234,2.0698,3.5913,8.4934,1350,3032.91
24239,3.5733,2.2242,12.4056,1351,3032.91
24244,-4.1025,-1.7322,13.6709,1355,3032.91
24249,-5.3391,2.0303,8.6682,1353,3033.21
24254,2.2194,3.6512,8.7137,1352,3033.21
24259,3.316,2.0231,12.5372,1351,3033.21
24264,-4.3586,-1.7334,13.5069,1357,3033.21
24269,-4.9297,2.1177,8.3498,1353,3032.75
24274,2.3487,3.7194,8.7879,1355,3032.75
24279,3.0825,1.7777,12.7168,1351,3032.75
24284,-4.6316,-1.7131,13.38,1350,3032.75
24289,-4.5226,2.2434,8.2396,1354,3033.37
24294,2.5331,3.7577,8.9543,1353,3033.37
24299,2.7557,1.5287,12.8461,1343,3033.37
24304,-4.9333,-1.6879,13.1789,1352,3033.37
24309,-4.0977,2.308,8.0637,1353,3033.37
24314,2.636,3.8068,9.1423,1356,3033.37
24319,2.4612,1.3719,13.0496,1343,3033.37
24324,-5.1751,-1.6041,13.0592,1350,3033.37
24329,-3.6368,2.3236,7.8961,1355,3033.52
24334,2.824,3.7804,9.2237,1355,3033.52
24339,2.0865,1.1277,13.149,1351,3033.52
24344,-5.4277,-1.4832,12.8126,1349,3033.52
24349,-3.1448,2.4433,7.762,1353,3033.37
24354,2.9437,3.8774,9.4559,1351,3033.37
24359,1.7561,0.9433,13.307,1351,3033.37
24364,-5.6599,-1.3096,12.5875,1351,3033.37
24369,-2.6659,2.4972,7.6351,1353,3033.21
24374,3.0861,3.863,9.5457,1349,3033.21
24379,1.3563,0.7183,13.4039,1357,3033.21
24384,-5.8766,-1.1301,12.4271,1352,3033.21
24389,-2.2134,2.5666,7.592,1355,3033.37
24394,3.1819,3.869,9.7037,1351,3033.37
24399,0.9888,0.5219,13.5608,1349,3033.37
24404,-6.0789,-0.9074,12.1326,1357,3033.37
24409,-1.7298,2.6624,7.5274,1344,3033.37
24414,3.3519,3.8654,9.833,1350,3033.37
24419,0.6608,0.3244,13.6781,1343,3033.37
24424,-6.2896,-0.6823,11.9088,1353,3033.37
24429,-1.3036,2.7114,7.519,1353,3033.21
24434,3.474,3.7912,10.0269,1353,3033.21
24439,0.2909,0.1329,13.7691,1341,3033.21
24444,-6.4512,-0.4836,11.7232,1351,3033.21
24449,-0.8308,2.8228,7.4807,1356,3033.52
24454,3.5626,3.784,10.2029,1352,3033.52
24459,-0.0934,-0.0503,13.8852,1350,3033.52
24464,-6.5493,-0.2394,11.491,1351,3033.52
24469,-0.4417,2.8814,7.4759,1355,3033.52
24474,3.7673,3.7409,10.3549,1352,3033.52
24479,-0.4381,-0.2646,13.8995,1351,3033.52
24484,-6.6463,0.0455,11.2168,1353,3033.52
24489,-0.0646,2.9066,7.5142,1349,3033.21
24494,3.8307,3.6512,10.5333,1351,3033.21
24499,-0.7877,-0.4453,14.0492,1342,3033.21
24504,-6.7421,0.2801,10.9415,1349,3033.21
24509,0.2382,2.9939,7.5513,1341,3033.37
24514,3.9756,3.5458,10.7607,1350,3033.37
24519,-1.172,-0.5878,14.0228,1352,3033.37
24524,-6.8163,0.5207,10.6901,1352,3033.37
24529,0.5483,3.0945,7.6255,1351,3033.21
24534,4.0534,3.4273,11.0109,1349,3033.21
24539,-1.5251,-0.8224,14.0779,1351,3033.21
24544,-6.7493,0.8188,10.4399,1355,3033.21
24549,0.8356,3.14,7.7297,1343,3032.91
24554,4.1144,3.3148,11.1378,1351,3032.91
24559,-1.907,-1.0451,14.0935,1343,3032.91
24564,-6.6942,1.0391,10.1706,1355,3032.91
24569,1.0906,3.2178,7.8207,1343,3032.45
24574,4.1264,3.1915,11.309,1351,3032.45
24579,-2.302,-1.233,14.0552,1342,3032.45
24584,-6.6212,1.2222,9.9395,1363,3032.45
24589,1.324,3.2884,7.9799,1349,3032.29
24594,4.1492,3.073,11.4994,1353,3032.29
24599,-2.6109,-1.3431,13.9941,1339,3032.29
24604,-6.4847,1.4126,9.6714,1353,3032.29
24609,1.5347,3.3184,8.1451,1355,3031.99
24614,4.039,2.9353,11.789,1351,3031.99
24619,-2.9796,-1.4856,13.9498,1351,3031.99
24624,-6.2944,1.5263,9.3757,1351,3031.99
24629,1.7059,3.3662,8.1475,1355,3032.29
24634,3.9732,2.7378,11.9064,1356,3032.29
24639,-3.3052,-1.5634,13.9139,1351,3032.29
24644,-6.0885,1.743,9.2356,1351,3031.68
24649,1.8902,3.4488,8.3426,1339,3031.68
24654,3.8307,2.5462,12.0919,1363,3031.68
24659,-3.5925,-1.67,13.8349,1343,3031.68
24664,-5.8131,1.8316,8.9435,1355,3032.75
24669,1.9836,3.5362,8.4946,1350,3032.75
24674,3.6835,2.3116,12.3158,1357,3032.75
24679,-3.9492,-1.7154,13.714,1353,3032.75
24684,-5.5282,1.992,8.7831,1355,3032.91
24689,2.144,3.6081,8.6455,1351,3032.91
24694,3.4321,2.1105,12.4534,1352,3032.91
24699,-4.1707,-1.7442,13.5667,1357,3032.91
24704,-5.1547,2.0973,8.5581,1352,3032.91
24709,2.2936,3.6739,8.7616,1343,3032.91
24714,3.2142,1.8806,12.6558,1351,3032.91
24719,-4.5238,-1.7514,13.4626,1357,3032.91
24724,-4.7453,2.1691,8.3031,1353,3033.06
24729,2.4936,3.7589,8.9376,1356,3033.06
24734,2.8862,1.7154,12.785,1343,3033.06
24739,-4.7657,-1.7454,13.3249,1353,3033.06
24744,-4.312,2.2625,8.1403,1355,3033.06
24749,2.5438,3.7601,9.068,1351,3033.06
24754,2.5929,1.5012,12.9395,1349,3033.06
24759,-5.0398,-1.6412,13.1765,1349,3033.06
24764,-3.8511,2.3367,8.0098,1357,3032.75
24769,2.6887,3.808,9.1746,1357,3032.75
24774,2.229,1.2881,13.0568,1351,3032.75
24779,-5.2816,-1.5071,12.9347,1353,3032.75
24784,-3.4381,2.4086,7.8626,1353,3032.6
24789,2.8072,3.808,9.3793,1355,3032.6
24794,1.8711,1.0391,13.2483,1351,3032.6
24799,-5.533,-1.3755,12.7216,1343,3032.6
24804,-2.9269,2.478,7.7093,1357,3032.29
24809,3.0131,3.8595,9.4703,1352,3032.29
24814,1.5407,0.8739,13.3501,1339,3032.29
24819,-5.7221,-1.2175,12.5289,1351,3032.29
24824,-2.4624,2.5546,7.6279,1357,3032.14
24829,3.0885,3.881,9.6103,1351,3032.14
24834,1.1923,0.6297,13.4722,1355,3032.14
24839,-5.9185,-1.0331,12.2787,1351,3032.14
24844,-2.0147,2.6384,7.5717,1355,3032.14
24849,3.2573,3.8726,9.76,1353,3032.14
24854,0.8655,0.4812,13.629,1343,3032.14
24859,-6.1507,-0.8523,12.1194,1355,3032.14
24864,-1.6197,2.6911,7.5441,1352,3031.99
24869,3.3579,3.8379,9.8785,1352,3031.99
24874,0.504,0.2454,13.6601,1349,3031.99
24879,-6.286,-0.6943,11.8106,1353,3031.99
24884,-1.1492,2.7043,7.5046,1352,3032.29
24889,3.5027,3.8367,10.0389,1354,3032.29
24894,0.2095,0.1089,13.7691,1339,3032.29
24899,-6.4548,-0.4034,11.6562,1354,3032.29
24904,-0.7482,2.7869,7.4831,1355,3032.91
24909,3.5925,3.7733,10.2532,1351,3032.91
24914,-0.1568,-0.1185,13.878,1350,3032.91
24919,-6.5625,-0.1508,11.3713,1352,3032.91
24924,-0.3615,2.8539,7.5274,1355,3033.21
24929,3.735,3.7362,10.4291,1354,3033.21
24934,-0.5148,-0.249,14.0121,1351,3033.21
24939,-6.7277,0.0922,11.1378,1355,3033.21
24944,0.0,2.9437,7.507,1352,3033.83
24949,3.8427,3.5949,10.6123,1356,3033.83
24954,-0.9014,-0.4788,14.0013,1343,3033.83
24959,-6.8055,0.3531,10.9343,1351,3033.83
24964,0.3328,3.0191,7.6184,1351,3033.52
24969,3.9636,3.5362,10.8254,1352,3033.52
24974,-1.2773,-0.7159,14.1449,1351,3033.52
24979,-6.7947,0.5938,10.6554,1351,3033.52
24984,0.6476,3.0478,7.6806,1353,3033.06
24989,4.063,3.4153,11.0504,1353,3033.06
24994,-1.6652,-0.8859,14.0995,1353,3033.06
24999,-6.8115,0.8224,10.3633,1355,3033.06
25004,0.9661,3.1663,7.7871,1349,3032.75
25009,4.0594,3.31,11.1534,1349,3032.75
25014,-2.0159,-1.0211,14.0971,1351,3032.75
25019,-6.7193,1.0283,10.076,1357,3032.75
25024,1.1815,3.207,7.8661,1343,3032.45
25029,4.0929,3.1316,11.4048,1351,3032.45
25034,-2.3691,-1.245,14.0875,1342,3032.45
25039,-6.6092,1.2665,9.8988,1363,3032.45
25044,1.4832,3.3579,8.011,1343,3032.45
25049,4.0917,3.0646,11.5867,1353,3032.45
25054,-2.7677,-1.3755,13.9881,1343,3032.45
25059,-6.4883,1.4425,9.6067,1363,3032.45
25064,1.5694,3.3674,8.1355,1353,3032.75
25069,3.9851,2.8383,11.8094,1355,3032.75
25074,-3.0873,-1.4557,13.9762,1351,3032.75
25079,-6.2441,1.6197,9.3565,1341,3032.75
25084,1.7693,3.4536,8.2229,1357,3032.45
25089,3.9349,2.7485,11.9495,1355,3032.45
25094,-3.3986,-1.5921,13.9079,1351,3032.45
25099,-6.0238,1.7561,9.0884,1353,3032.45
25104,1.9058,3.4776,8.4348,1349,3032.75
25109,3.7804,2.4493,12.2009,1363,3032.75
25114,-3.7397,-1.6556,13.8014,1343,3032.75
25119,-5.7485,1.8902,8.8992,1357,3032.75
25124,2.0985,3.5925,8.5772,1351,3032.75
25129,3.5985,2.2601,12.3505,1359,3032.75
25134,-4.0055,-1.6783,13.7056,1355,3032.75
25139,-5.4169,2.0435,8.661,1353,3032.91
25144,2.2027,3.65,8.6874,1352,3032.91
25149,3.401,2.0027,12.5073,1351,3032.91
25154,-4.3335,-1.7478,13.5871,1357,3032.91
25159,-4.9955,2.0985,8.4815,1353,3033.06
25164,2.3715,3.6823,8.8166,1351,3033.06
25169,3.152,1.8316,12.6761,1351,3033.06
25174,-4.6352,-1.7585,13.3884,1362,3033.06
25179,-4.6232,2.1823,8.2911,1363,3033.06
25184,2.4385,3.7757,8.9914,1357,3033.06
25189,2.8527,1.5957,12.8413,1344,3033.06
25194,-4.8722,-1.7119,13.2016,1355,3033.06
25199,-4.1671,2.2889,8.023,1356,3033.21
25204,2.5845,3.8128,9.0812,1353,3033.21
25209,2.5055,1.4246,12.9586,1351,3033.21
25214,-5.0996,-1.5981,13.0604,1351,3033.21
25219,-3.6835,2.3918,7.9847,1359,3033.67
25224,2.7438,3.7936,9.2225,1357,3033.67
25229,2.1249,1.1935,13.1142,1352,3033.67
25234,-5.3917,-1.4653,12.8389,1327,3033.67
25239,-3.201,2.4265,7.756,1355,3033.98
25244,2.8934,3.8451,9.4056,1359,3033.98
25249,1.7825,0.9673,13.2591,1351,3033.98
25254,-5.6383,-1.3024,12.633,1353,3033.98
25259,-2.7054,2.4948,7.6962,1353,3034.29
25264,3.0502,3.8403,9.4978,1355,3034.29
25269,1.3587,0.7099,13.4099,1343,3034.29
25274,-5.861,-1.1947,12.451,1353,3034.29
25279,-2.229,2.5953,7.5836,1355,3034.9
25284,3.1699,3.8702,9.6917,1351,3034.9
25289,1.0427,0.5614,13.5512,1353,3034.9
25294,-6.1292,-0.9373,12.2248,1355,3034.9
25299,-1.7873,2.6767,7.5154,1357,3035.05
25304,3.3351,3.893,9.8952,1353,3035.05
25309,0.656,0.3376,13.6446,1353,3035.05
25314,-6.2812,-0.7542,11.9566,1357,3035.05
25319,-1.3001,2.721,7.4651,1349,3034.13
25324,3.4608,3.8463,9.9982,1352,3034.13
25329,0.2658,0.1341,13.7224,1343,3034.13
25334,-6.4476,-0.4717,11.7651,1353,3034.13
25339,-0.8739,2.7653,7.4867,1356,3033.21
25344,3.6057,3.7529,10.2268,1353,3033.21
25349,-0.1137,-0.0838,13.8409,1353,3033.21
25354,-6.5374,-0.2286,11.4239,1353,3033.21
25359,-0.4549,2.8515,7.5322,1357,3032.91
25364,3.7218,3.7254,10.4459,1352,3032.91
25369,-0.419,-0.2538,14.0025,1353,3032.91
25374,-6.705,0.0287,11.2516,1353,3032.91
25379,-0.0982,2.9341,7.5274,1363,3033.06
25384,3.79,3.6583,10.5524,1355,3033.06
25389,-0.8368,-0.4142,13.9486,1351,3033.06
25394,-6.7744,0.2849,10.9535,1355,3033.06
25399,0.255,2.9628,7.6363,1352,3033.52
25404,3.9205,3.5614,10.7943,1353,3033.52
25409,-1.1899,-0.6416,14.0252,1341,3033.52
25414,-6.8067,0.559,10.6949,1356,3033.52
25419,0.5902,3.073,7.6339,1341,3033.83
25424,4.0294,3.4776,10.9379,1354,3033.83
25429,-1.5694,-0.8236,14.0899,1353,3033.83
25434,-6.8235,0.814,10.4806,1352,3033.83
25439,0.8882,3.1675,7.756,1351,3033.67
25444,4.1073,3.3076,11.169,1351,3033.67
25449,-1.9357,-1.0032,14.0599,1353,3033.67
25454,-6.7516,1.0606,10.1718,1355,3033.67
25459,1.1265,3.2394,7.9057,1353,3033.21
25464,4.1527,3.1556,11.376,1351,3033.21
25469,-2.32,-1.1791,14.0599,1353,3033.21
25474,-6.6463,1.2713,9.9515,1359,3033.21
25479,1.3647,3.286,8.029,1341,3032.6
25484,4.1013,3.061,11.6035,1353,3032.6
25489,-2.5965,-1.324,13.9989,1349,3032.6
25494,-6.4799,1.4126,9.6857,1363,3032.6
25499,1.5395,3.377,8.1139,1351,3032.45
25504,4.0809,2.8826,11.7543,1355,3032.45
25509,-2.9844,-1.4557,13.9726,1351,3032.45
25514,-6.2788,1.5754,9.4355,1357,3032.45
25519,1.7286,3.4273,8.2396,1356,3032.6
25524,3.9804,2.6839,11.9279,1351,3032.6
25529,-3.2896,-1.5622,13.8828,1353,3032.6
25534,-6.0705,1.7154,9.2093,1353,3032.6
25539,1.907,3.4656,8.4276,1353,3032.45
25544,3.8559,2.4972,12.1099,1357,3032.45
25549,-3.6129,-1.6412,13.8265,1353,3032.45
25554,-5.8083,1.8483,8.9292,1353,3032.14
25559,2.0566,3.5255,8.4946,1352,3032.14
25564,3.7194,2.3008,12.2104,1359,3032.14
25569,-3.9037,-1.7142,13.696,1351,3032.14
25574,-5.4564,1.9776,8.7101,1355,3033.52
25579,2.2027,3.6296,8.6371,1349,3033.52
25584,3.5027,2.0973,12.4654,1356,3033.52
25589,-4.2258,-1.7549,13.5655,1357,3033.52
25594,-5.12,2.0889,8.521,1363,3032.91
25599,2.3367,3.614,8.7771,1353,3032.91
25604,3.2058,1.8962,12.6414,1353,3032.91
25609,-4.5358,-1.7394,13.5081,1357,3032.91
25614,-4.6831,2.2242,8.3821,1353,3032.6
25619,2.4828,3.7685,8.9136,1357,3032.6
25624,2.9221,1.6508,12.815,1359,3032.6
25629,-4.8111,-1.7119,13.2435,1363,3032.6
25634,-4.2641,2.2685,8.1175,1361,3033.52
25639,2.6169,3.7637,9.0249,1357,3033.52
25644,2.5917,1.4401,12.9526,1351,3033.52
25649,-5.0554,-1.6233,13.1621,1353,3033.52
25654,-3.8068,2.3475,7.9954,1357,3032.75
25659,2.7102,3.8176,9.1482,1355,3032.75
25664,2.1703,1.2294,13.0185,1351,3032.75
25669,-5.2924,-1.5383,12.876,1353,3032.75
25674,-3.3375,2.387,7.8111,1356,3032.45
25679,2.8024,3.8247,9.3314,1359,3032.45
25684,1.8567,1.0223,13.2435,1339,3032.45
25689,-5.5522,-1.3862,12.6534,1351,3032.45
25694,-2.8874,2.5079,7.6986,1357,3032.45
25699,2.964,3.8882,9.4391,1356,3032.45
25704,1.4808,0.8823,13.3537,1353,3032.45
25709,-5.8095,-1.2929,12.4846,1351,3032.45
25714,-2.4505,2.5391,7.6399,1353,3032.29
25719,3.049,3.8571,9.6163,1354,3032.29
25724,1.0882,0.6464,13.4506,1355,3032.29
25729,-5.9879,-1.0654,12.2715,1354,3032.29
25734,-2.0099,2.6049,7.6052,1356,3032.45
25739,3.2298,3.8367,9.8234,1352,3032.45
25744,0.844,0.4429,13.5584,1355,3032.45
25749,-6.1603,-0.8368,12.0799,1355,3032.45
25754,-1.5586,2.6504,7.5681,1359,3032.45
25759,3.3459,3.8607,10.0126,1354,3032.45
25764,0.4405,0.243,13.696,1351,3032.45
25769,-6.3363,-0.6381,11.8106,1357,3032.45
25774,-1.1181,2.7605,7.5166,1352,3032.6
25779,3.5027,3.8056,10.0832,1353,3032.6
25784,0.146,0.091,13.8074,1349,3032.6
25789,-6.5182,-0.401,11.5796,1355,3032.6
25794,-0.7338,2.8024,7.5441,1353,3032.75
25799,3.6284,3.7745,10.2939,1355,3032.75
25804,-0.2107,-0.1125,13.9103,1339,3032.75
25809,-6.6415,-0.1341,11.3425,1353,3032.75
25814,-0.3579,2.897,7.5118,1359,3032.75
25819,3.7685,3.7218,10.489,1353,3032.75
25824,-0.5902,-0.2993,13.9378,1353,3032.75
25829,-6.7133,0.1401,11.1235,1350,3032.75
25834,0.0599,2.9712,7.6231,1359,3033.06
25839,3.8642,3.6344,10.6817,1353,3033.06
25844,-0.8894,-0.5064,13.9785,1351,3033.06
25849,-6.8091,0.4022,10.8553,1355,3033.06
25854,0.3867,3.0454,7.6734,1353,3033.06
25859,3.954,3.5255,10.8397,1355,3033.06
25864,-1.3024,-0.6943,14.0432,1343,3033.06
25869,-6.7756,0.6225,10.6135,1353,3033.06
25874,0.6967,3.1113,7.7393,1350,3033.21
25879,4.0606,3.4141,11.0193,1353,3033.21
25884,-1.6281,-0.8631,14.036,1352,3033.21
25889,-6.7624,0.8894,10.3082,1352,3033.21
25894,0.9194,3.2082,7.78,1353,3033.21
25899,4.1348,3.3124,11.2384,1352,3033.21
25904,-1.9776,-1.0343,14.0779,1352,3033.21
25909,-6.7361,1.0726,10.1011,1355,3033.21
25914,1.239,3.2142,7.9045,1351,3032.91
25919,4.1312,3.1304,11.3365,1339,3032.91
25924,-2.3619,-1.233,14.0707,1355,3032.91
25929,-6.5709,1.2929,9.8354,1363,3032.91
25934,1.4521,3.3208,8.0888,1351,3032.91
25939,4.1348,3.0095,11.6023,1353,3032.91
25944,-2.7222,-1.3671,14.0252,1349,3032.91
25949,-6.4105,1.4234,9.6187,1363,3032.91
25954,1.6508,3.3567,8.1475,1353,3032.75
25959,4.0713,2.818,11.7436,1352,3032.75
25964,-3.0754,-1.5311,13.9558,1350,3032.75
25969,-6.2369,1.6221,9.3625,1358,3032.75
25974,1.7801,3.4836,8.3414,1356,3032.75
25979,3.9421,2.6552,11.9734,1351,3032.75
25984,-3.4369,-1.5993,13.8768,1351,3032.75
25989,-5.9664,1.7585,9.0992,1353,3032.75
25994,1.9872,3.4608,8.4084,1355,3033.37
25999,3.8164,2.3739,12.2176,1354,3033.37
26004,-3.7338,-1.7166,13.7523,1349,3033.37
26009,-5.6479,1.9345,8.8609,1354,3033.52
26014,2.1608,3.62,8.6347,1343,3033.52
26019,3.6188,2.2278,12.3816,1355,3033.52
26024,-4.0486,-1.7561,13.641,1349,3033.52
26029,-5.2804,2.0051,8.6143,1359,3032.91
26034,2.2494,3.6093,8.7017,1351,3032.91
26039,3.3243,1.9812,12.5336,1359,3032.91
26044,-4.3335,-3.0658,-0.0012,1357,3032.91
26049,-4.8686,2.1572,8.4408,1361,3033.52
26054,2.3727,3.7086,8.849,1353,3033.52
26059,2.9975,1.8411,12.6917,1351,3033.52
26064,-4.64,-1.6664,13.3225,1359,3033.52
26069,-4.5155,2.2051,8.242,1351,3032.6
26074,2.5079,3.7254,8.9795,1353,3032.6
26079,2.6647,1.561,12.8581,1352,3032.6
26084,-4.883,-1.7023,13.2531,1357,3032.6
26089,-4.0522,2.2733,8.1056,1355,3031.99
26094,2.5965,3.7984,9.1351,1356,3031.99
26099,2.3918,1.409,13.0041,1353,3031.99
26104,-5.2002,-1.6005,13.0137,1353,3031.99
26109,-3.6272,2.3547,7.9128,1355,3032.6
26114,2.7318,3.7888,9.3146,1355,3032.6
26119,2.0399,1.1648,13.1454,1350,3032.6
26124,-5.3989,-1.494,12.8425,1351,3032.6
26129,-3.1867,2.4373,7.8027,1363,3031.83
26134,2.8659,3.8008,9.3901,1357,3031.83
26139,1.6843,0.9888,13.2699,1349,3031.83
26144,-5.6443,-1.3144,12.5983,1351,3031.83
26149,-2.7617,2.5163,7.7189,1355,3031.99
26154,2.9892,3.8786,9.5529,1355,3031.99
26159,1.3431,0.7302,13.4003,1351,3031.99
26164,-5.8622,-1.1923,12.4032,1353,3031.99
26169,-2.3104,2.5666,7.5753,1357,3031.99
26174,3.0933,3.863,9.7384,1351,3031.99
26179,1.0391,0.583,13.4901,1355,3031.99
26184,-6.0202,-0.9852,12.1973,1353,3031.99
26189,-1.8507,2.6336,7.5705,1355,3031.83
26194,3.225,3.8463,9.8593,1351,3031.83
26199,0.7123,0.3915,13.5955,1355,3031.83
26204,-6.2393,-0.7709,11.9578,1355,3031.83
26209,-1.4269,2.7078,7.5357,1356,3031.53
26214,3.4333,3.8511,10.0832,1353,3031.53
26219,0.3974,0.2286,13.6924,1352,3031.53
26224,-6.3805,-0.5327,11.807,1357,3031.53
26229,-0.9804,2.745,7.5513,1353,3031.37
26234,3.5087,3.808,10.1789,1353,3031.37
26239,0.0048,0.0168,13.7343,1349,3031.37
26244,-6.4907,-0.3112,11.5365,1356,3031.37
26249,-0.6285,2.8096,7.5178,1357,3031.22
26254,3.6571,3.7529,10.3669,1355,3031.22
26259,-0.2813,-0.1077,13.8564,1350,3031.22
26264,-6.5769,-0.0287,11.3365,1355,3031.22
26269,-0.2741,2.9497,7.5693,1355,3031.07
26274,3.8223,3.6931,10.4842,1353,3031.07
26279,-0.6381,-0.3699,13.9127,1353,3031.07
26284,-6.6475,0.1712,11.0768,1355,3031.07
26289,0.0742,2.97,7.6363,1357,3030.76
26294,3.9205,3.5961,10.7141,1355,3030.76
26299,-0.9421,-0.5279,13.9654,1353,3030.76
26304,-6.7301,0.4621,10.8026,1352,3030.76
26309,0.4345,3.055,7.7357,1357,3030.61
26314,4.0187,3.4979,10.8828,1357,3030.61
26319,-1.2605,-0.6692,13.9929,1339,3030.61
26324,-6.7133,0.6393,10.6147,1355,3030.61
26329,0.6847,3.1376,7.7261,1341,3030.15
26334,4.027,3.3842,11.0313,1351,3030.15
26339,-1.5886,-0.838,14.0635,1351,3030.15
26344,-6.7086,0.8535,10.3908,1353,3030.15
26349,0.9493,3.1759,7.8039,1350,3030.3
26354,4.0953,3.304,11.1941,1351,3030.3
26359,-1.9022,-1.0379,14.0264,1353,3030.3
26364,-6.6655,1.0331,10.1406,1351,3030.3
26369,1.1564,3.2585,7.9404,1351,3030.3
26374,4.1432,3.1855,11.394,1352,3030.3
26379,-2.2482,-1.1839,13.9953,1350,3030.3
26384,-6.5481,1.2677,9.9216,1357,3030.3
26389,1.3647,3.2956,8.0349,1351,3030.3
26394,4.1049,3.0275,11.5245,1353,3030.3
26399,-0.984,-0.4968,13.9558,1355,3030.3
26404,-6.7217,0.3974,10.7883,1358,3030.3
26409,1.5359,3.3579,8.1475,1343,3030.61
26414,3.9564,3.4812,10.8816,1353,3030.61
26419,-1.2881,-0.6776,13.9618,1351,3030.61
26424,-6.7086,0.68,10.4914,1363,3030.61
26429,0.7302,3.0622,7.7309,1351,3030.61
26434,4.033,3.389,11.06,1355,3030.61
26439,-1.6472,-0.9469,14.0576,1351,3030.61
26444,-6.7038,0.8511,10.3094,1363,3030.61
26449,0.9577,3.1424,7.774,1359,3030.92
26454,4.0893,3.2513,11.2504,1351,3030.92
26459,-1.9656,-1.0846,14.0683,1351,3030.92
26464,-6.6319,1.1097,10.0389,1354,3030.92
26469,1.1935,3.2118,7.9188,1351,3031.22
26474,4.1288,3.1484,11.4491,1351,3031.22
26479,-2.3619,-1.2498,14.0683,1352,3031.22
26484,-6.5709,1.2522,9.8509,1353,3031.22
26489,1.385,3.2777,7.9811,1351,3031.53
26494,4.0677,2.9963,11.5628,1359,3031.53
26499,-2.7354,-1.3838,13.9833,1349,3031.53
26504,-6.4356,1.4257,9.6043,1355,3031.99
26509,1.5598,3.3459,8.1295,1351,3031.99
26514,4.0163,2.8287,11.8333,1357,3031.99
26519,-3.0634,-1.4964,13.9307,1357,3031.99
26524,-6.2525,1.5897,9.3721,1357,3031.99
26529,1.7418,3.3758,8.2049,1351,3031.99
26534,3.9337,2.6588,11.9734,1358,3031.99
26539,-3.4153,-1.6029,13.8361,1358,3031.99
26544,-6.0214,1.7729,9.1554,1357,3031.83
26549,1.9022,3.5015,8.4767,1355,3031.83
26554,3.7769,2.472,12.1733,1356,3031.83
26559,-3.6943,-1.6723,13.7738,1361,3031.83
26564,-5.7437,1.8914,8.8933,1359,3031.53
26569,2.0578,3.565,8.5293,1353,3031.53
26574,3.5949,2.2422,12.3002,1351,3031.53
26579,-4.0019,-1.7119,13.7092,1351,3031.53
26584,-5.4097,2.0075,8.7125,1354,3031.07
26589,2.1596,3.6152,8.6826,1355,3031.07
26594,3.3459,2.0351,12.4917,1353,3031.07
26599,-4.2425,-1.7909,13.5763,1353,3031.07
26604,-5.0673,2.0674,8.4611,1359,3031.07
26609,2.2924,3.7026,8.8454,1357,3031.07
26614,3.1208,1.8675,12.6366,1353,3031.07
26619,-4.5382,-1.7394,13.398,1353,3031.07
26624,-4.6579,2.2027,8.339,1355,3031.07
26629,2.411,3.7565,8.989,1359,3031.07
26634,2.7916,1.6676,12.7659,1353,3031.07
26639,-4.7968,-1.7202,13.2794,1352,3031.07
26644,-4.3024,2.2458,8.1499,1357,3031.07
26649,2.557,3.7757,9.0944,1353,3031.07
26654,2.5582,1.4724,12.9143,1353,3031.07
26659,-5.0566,-1.6005,13.1178,1351,3031.07
26664,-3.8379,2.3188,7.9763,1356,3030.92
26669,2.7031,3.8367,9.2165,1353,3030.92
26674,2.1679,1.2833,13.0209,1356,3030.92
26679,-5.2397,-1.5275,12.8964,1359,3030.92
26684,-3.4644,2.3643,7.8997,1357,3031.07
26689,2.7976,3.8391,9.3841,1350,3031.07
26694,1.8783,1.0534,13.2172,1356,3031.07
26699,-5.4779,-1.3647,12.7288,1355,3031.07
26704,-3.0203,2.4995,7.7632,1356,3031.22
26709,2.9652,3.8846,9.4691,1355,3031.22
26714,1.555,0.8739,13.3285,1351,3031.22
26719,-5.6958,-1.221,12.5085,1359,3031.22
26724,-2.5079,2.5367,7.6794,1361,3031.37
26729,3.0897,3.8403,9.6091,1353,3031.37
26734,1.2438,0.6943,13.4566,1343,3031.37
26739,-5.8981,-1.1121,12.3337,1353,3031.37
26744,-2.0865,2.6217,7.6339,1357,3031.22
26749,3.1807,3.8762,9.8378,1355,3031.22
26754,0.8918,0.504,13.5117,1351,3031.22
26759,-6.0717,-0.8811,12.1446,1355,3031.22
26764,-1.6388,2.648,7.5082,1357,3031.53
26769,3.3315,3.8259,9.918,1357,3031.53
26774,0.6093,0.3256,13.6625,1353,3031.53
26779,-6.2321,-0.6859,11.8848,1355,3031.53
26784,-1.1911,2.7521,7.5154,1358,3031.68
26789,3.4776,3.8607,10.009,1359,3031.68
26794,0.316,0.1377,13.7738,1351,3031.68
26799,-6.3794,-0.4298,11.6909,1352,3031.68
26804,-0.8499,2.7809,7.5178,1351,3031.53
26809,3.5973,3.723,10.2077,1355,3031.53
26814,-0.0503,-0.0682,13.7738,1349,3031.53
26819,-6.5589,-0.2203,11.4371,1353,3031.53
26824,-0.5052,2.8323,7.5142,1351,3031.68
26829,3.729,3.7314,10.3621,1353,3031.68
26834,-0.3986,-0.1987,13.9307,1355,3031.68
26839,-6.6667,0.0144,11.2013,1352,3031.68
26844,-0.1317,2.9078,7.5848,1353,3032.14
26849,3.8463,3.5674,10.5441,1352,3032.14
26854,-0.7482,-0.4345,13.9522,1355,3032.14
26859,-6.7241,0.2502,10.9271,1355,3032.14
26864,0.2346,2.958,7.586,1352,3031.99
26869,3.9301,3.5662,10.7536,1350,3031.99
26874,-1.1001,-0.6261,14.0001,1353,3031.99
26879,-6.8067,0.5148,10.6937,1363,3031.99
26884,0.5124,3.0634,7.689,1339,3032.14
26889,3.9899,3.4069,10.9391,1352,3032.14
26894,-1.5095,-0.8236,14.0097,1351,3032.14
26899,-6.7433,0.7805,10.4818,1363,3032.14
26904,0.832,3.1867,7.7752,1353,3031.83
26909,4.0749,3.3232,11.078,1351,3031.83
26914,-1.8387,-0.9756,14.0839,1349,3031.83
26919,-6.7636,0.9852,10.2292,1363,3031.83
26924,1.0654,3.2034,7.8614,1355,3031.37
26929,4.0654,3.207,11.2875,1355,3031.37
26934,-2.1943,-1.2079,14.0049,1352,3031.37
26939,-6.6032,1.1612,9.9982,1355,3031.37
26944,1.3144,3.2801,7.9823,1355,3031.68
26949,4.0881,3.1292,11.5389,1353,3031.68
26954,-2.5546,-1.3024,13.9905,1351,3031.68
26959,-6.5936,1.3479,9.7049,1353,3031.68
26964,1.4485,3.3148,8.0577,1351,3031.68
26969,4.027,2.9389,11.6861,1365,3031.68
26974,-2.897,-1.4006,13.9905,1349,3031.68
26979,-6.4021,1.5467,9.4858,1359,3031.53
26984,1.658,3.4297,8.2444,1352,3031.53
26989,3.9971,2.794,11.8621,1355,3031.53
26994,-3.2094,-1.5227,13.9067,1357,3031.53
26999,-6.1782,1.7107,9.262,1359,3031.83
27004,1.8375,3.4632,8.3606,1353,3031.83
27009,3.8678,2.557,12.0728,1354,3031.83
27014,-3.5231,-1.6137,13.8409,1361,3031.83
27019,-5.8598,1.8028,9.0441,1357,3031.83
27024,2.0446,3.5542,8.5018,1357,3031.83
27029,3.6978,2.4062,12.2308,1353,3031.83
27034,-3.7876,-1.6616,13.7499,1362,3031.83
27039,-5.5952,1.9465,8.7652,1357,3031.68
27044,2.138,3.6332,8.6443,1355,3031.68
27049,3.4907,2.1344,12.4151,1352,3031.68
27054,-4.0953,-1.7597,13.7092,1357,3031.68
27059,-5.2218,2.0698,8.6359,1357,3031.68
27064,2.2769,3.6583,8.7688,1354,3031.68
27069,3.3267,1.9668,12.5049,1349,3031.68
27074,-4.3718,-1.7705,13.4794,1352,3031.68
27079,-4.8638,2.144,8.3869,1359,3031.68
27084,2.387,3.7469,8.8825,1358,3031.68
27089,3.0131,1.7214,12.6953,1351,3031.68
27094,-4.6615,-1.7394,13.3477,1353,3031.68
27099,-4.4257,2.2422,8.2193,1357,3031.68
27104,2.5367,3.7697,9.001,1361,3031.68
27109,2.7066,1.5562,12.8317,1343,3031.68
27114,-4.8866,-1.6723,13.2112,1353,3031.68
27119,-4.033,2.2996,8.0709,1355,3031.83
27124,2.6372,3.7936,9.1327,1355,3031.83
27129,2.3918,1.342,13.0065,1355,3031.83
27134,-5.1356,-1.6197,12.9969,1351,3031.83
27139,-3.5865,2.3499,7.9332,1357,3031.68
27144,2.7509,3.7912,9.2512,1354,3031.68
27149,2.047,1.1504,13.1154,1355,3031.68
27154,-5.3558,-1.5143,12.8018,1351,3031.68
27159,-3.146,2.46,7.7955,1357,3031.99
27164,2.8695,3.808,9.3901,1353,3031.99
27169,1.7166,0.9529,13.295,1355,3031.99
27174,-5.6108,-1.3611,12.6127,1355,3031.99
27179,-2.6959,2.4588,7.6579,1357,3032.14
27184,3.0131,3.8283,9.5624,1353,3032.14
27189,1.3695,0.753,13.3968,1351,3032.14
27194,-5.8275,-1.1337,12.4487,1356,3032.14
27199,-2.2697,2.5702,7.6291,1352,3032.14
27204,3.1424,3.8331,9.7276,1355,3032.14
27209,1.0235,0.5411,13.5392,1349,3032.14
27214,-6.0478,-1.0056,12.1853,1354,3032.14
27219,-1.8052,2.5941,7.5717,1355,3032.14
27224,3.292,3.8571,9.9132,1353,3032.14
27229,0.7003,0.3771,13.6326,1351,3032.14
27234,-6.2728,-0.7566,11.9519,1353,3032.14
27239,-1.3922,2.6695,7.507,1357,3031.99
27244,3.4153,3.7876,9.9719,1354,3031.99
27249,0.316,0.17,13.7032,1351,3031.99
27254,-6.4129,-0.5495,11.7507,1353,3031.99
27259,-0.996,2.727,7.5082,1359,3032.14
27264,3.4884,3.8199,10.222,1359,3032.14
27269,0.0299,0.0012,13.8157,1352,3032.14
27274,-6.5661,-0.2729,11.5448,1353,3032.14
27279,-0.565,2.8156,7.5417,1354,3032.14
27284,3.6356,3.729,10.3501,1355,3032.14
27289,-0.3855,-0.1688,13.8373,1349,3032.14
27294,-6.6535,0.0,11.2803,1353,3032.14
27299,-0.1975,2.9281,7.592,1351,3031.99
27304,3.7769,3.7002,10.5237,1353,3031.99
27309,-0.7099,-0.3903,13.9797,1353,3031.99
27314,-6.7935,0.2382,11.0325,1352,3031.99
27319,0.2023,2.9748,7.6219,1341,3032.14
27324,3.8762,3.5913,10.6925,1352,3032.14
27329,-1.0918,-0.5471,14.03,1355,3032.14
27334,-6.7756,0.4429,10.799,1358,3032.14
27339,0.4669,3.073,7.6986,1353,3031.83
27344,3.9684,3.5482,10.9128,1351,3031.83
27349,-1.4449,-0.7398,14.0611,1351,3031.83
27354,-6.7672,0.7314,10.58,1367,3031.83
27359,0.7171,3.1077,7.7273,1353,3031.68
27364,4.0318,3.395,11.0468,1353,3031.68
27369,-1.7346,-0.905,14.0779,1353,3031.68
27374,-6.7325,0.9182,10.2699,1366,3031.68
27379,1.0235,3.2082,7.847,1355,3031.99
27384,4.1096,3.2801,11.2659,1355,3031.99
27389,-2.0889,-1.0606,14.0755,1351,3031.99
27394,-6.6619,1.136,10.0126,1359,3031.99
27399,1.245,3.2429,8.0086,1357,3031.83
27404,4.13,3.1125,11.4431,1353,3031.83
27409,-2.4337,-1.239,14.0719,1353,3031.83
27414,-6.5781,1.312,9.8198,1353,3031.83
27419,1.4353,3.3243,8.1199,1359,3032.29
27424,4.0881,2.9736,11.6107,1359,3032.29
27429,-2.7701,-1.3755,14.0145,1351,3032.29
27434,-6.3925,1.4916,9.5193,1356,3031.37
27439,1.6496,3.3938,8.2001,1353,3031.37
27444,4.0677,2.7605,11.8621,1356,3031.37
27449,-3.1125,-1.5036,13.9283,1351,3031.37
27454,-6.1746,1.6532,9.3182,1362,3033.37
27459,1.8555,3.4584,8.327,1352,3033.37
27464,3.9169,2.6109,11.9686,1358,3033.37
27469,-3.4716,-1.6257,13.8888,1357,3033.37
27474,-5.9292,1.8088,9.1147,1357,3032.14
27479,1.9728,3.5374,8.4647,1343,3032.14
27484,3.7984,2.399,12.1781,1355,3032.14
27489,-3.8092,-1.6855,13.7834,1359,3032.14
27494,-5.5749,1.9237,8.8071,1352,3033.21
27499,2.1464,3.5614,8.5665,1357,3033.21
27504,3.5829,2.1739,12.3325,1352,3033.21
27509,-4.0462,-1.7729,13.6805,1361,3033.21
27514,-5.2086,2.0147,8.6275,1356,3033.83
27519,2.2494,3.6428,8.7293,1357,3033.83
27524,3.3267,1.9477,12.5624,1351,3033.83
27529,-4.367,-1.8088,13.4985,1351,3033.83
27534,-4.8842,2.0913,8.3989,1355,3032.75
27539,2.4169,3.6464,8.7951,1355,3032.75
27544,3.0311,1.7573,12.6857,1351,3032.75
27549,-4.6256,-1.7777,13.3752,1351,3032.75
27554,-4.4712,2.2039,8.2552,1357,3032.75
27559,2.5067,3.7541,9.0225,1359,3032.75
27564,2.6635,1.5323,12.8233,1343,3032.75
27569,-4.9129,-1.6975,13.1837,1351,3032.75
27574,-4.0235,2.2673,8.005,1357,3032.45
27579,2.6264,3.7421,9.1267,1361,3032.45
27584,2.3798,1.3252,13.0125,1353,3032.45
27589,-5.199,-1.6161,13.052,1353,3032.45
27594,-3.5733,2.3822,7.8937,1355,3032.29
27599,2.7222,3.8068,9.3266,1356,3032.29
27604,1.98,1.1337,13.1525,1354,3032.29
27609,-5.3905,-1.5251,12.8245,1351,3032.29
27614,-3.1412,2.4002,7.7668,1358,3032.45
27619,2.8395,3.8199,9.4152,1355,3032.45
27624,1.6245,0.9421,13.2962,1353,3032.45
27629,-5.6767,-1.3443,12.6689,1355,3032.45
27634,-2.7186,2.5211,7.7057,1358,3032.29
27639,2.9664,3.8834,9.5457,1353,3032.29
27644,1.3288,0.741,13.3644,1353,3032.29
27649,-5.8778,-1.1432,12.4091,1363,3032.29
27654,-2.2601,2.5426,7.5872,1353,3032.29
27659,3.1256,3.8475,9.7707,1352,3032.29
27664,0.9553,0.5626,13.5392,1353,3032.29
27669,-6.104,-0.9457,12.2056,1357,3032.29
27674,-1.7921,2.648,7.5525,1357,3032.45
27679,3.3076,3.881,9.8282,1355,3032.45
27684,0.6105,0.4106,13.5907,1350,3032.45
27689,-6.292,-0.7482,12.0033,1353,3032.45
27694,-1.3599,2.709,7.5334,1353,3032.45
27699,3.3914,3.8499,10.0245,1353,3032.45
27704,0.243,0.1856,13.7284,1353,3032.45
27709,-6.4105,-0.4417,11.7064,1356,3032.45
27714,-0.9206,2.7677,7.5274,1363,3032.45
27719,3.5458,3.8511,10.1957,1355,3032.45
27724,-0.0539,-0.012,13.805,1352,3032.45
27729,-6.5924,-0.2322,11.4898,1349,3032.45
27734,-0.5327,2.8455,7.5298,1354,3032.29
27739,3.6883,3.7828,10.3801,1363,3032.29
27744,-0.3986,-0.17,13.9486,1350,3032.29
27749,-6.6643,0.0575,11.3054,1353,3032.29
27754,-0.1448,2.9748,7.5453,1353,3032.6
27759,3.8343,3.6919,10.5058,1355,3032.6
27764,-0.7326,-0.3591,13.9534,1356,3032.6
27769,-6.7062,0.2945,11.0121,1355,3032.6
27774,0.2119,3.0071,7.6112,1353,3032.91
27779,3.9205,3.5662,10.7619,1351,3032.91
27784,-1.0403,-0.595,14.0623,1353,3032.91
27789,-6.7959,0.5507,10.7248,1357,3032.91
27794,0.5698,3.0718,7.6555,1353,3033.21
27799,4.0929,3.4931,10.963,1351,3033.21
27804,-1.409,-0.8021,14.0971,1355,3033.21
27809,-6.7624,0.7482,10.5189,1363,3033.21
27814,0.826,3.1783,7.7273,1353,3033.52
27819,4.1515,3.3854,11.0504,1351,3033.52
27824,-1.7873,-0.9517,14.0025,1353,3033.52
27829,-6.7181,0.9924,10.2197,1366,3033.52
27834,1.1061,3.2322,7.8326,1352,3033.67
27839,4.2174,3.1999,11.2587,1356,3033.67
27844,-2.15,-1.1564,14.1186,1353,3033.67
27849,-6.6212,1.1456,10.0209,1363,3033.67
27854,1.3276,3.292,7.9045,1357,3033.52
27859,4.1671,3.0466,11.467,1355,3033.52
27864,-2.5307,-1.3084,14.0121,1353,3033.52
27869,-6.5194,1.3743,9.7324,1354,3033.52
27874,1.5071,3.3315,8.0194,1359,3033.98
27879,4.136,2.8862,11.7256,1359,3033.98
27884,-2.9353,-1.4377,14.0216,1353,3033.98
27889,-6.292,1.5443,9.4116,1352,3033.37
27894,1.7573,3.3806,8.1547,1353,3033.37
27899,4.039,2.6875,11.8274,1353,3033.37
27904,-3.2561,-1.5802,13.9103,1351,3033.37
27909,-6.0466,1.7166,9.2715,1359,3031.99
27914,1.8699,3.4644,8.3318,1353,3031.99
27919,3.8822,2.5067,12.0823,1363,3031.99
27924,-3.5626,-1.6747,13.8229,1357,3031.99
27929,-5.7281,1.8447,8.9411,1355,3032.91
27934,2.0291,3.5039,8.4659,1357,3032.91
27939,3.6907,2.2913,12.2344,1353,3032.91
27944,-3.9145,-1.7729,13.7068,1357,3032.91
27949,-5.4755,1.9728,8.6945,1353,3031.83
27954,2.144,3.6236,8.606,1355,3031.83
27959,3.4465,2.0842,12.4522,1352,3031.83
27964,-4.1719,-1.7968,13.6027,1365,3031.83
27969,-5.0996,2.0554,8.5497,1359,3031.68
27974,2.2529,3.6236,8.7676,1354,3031.68
27979,3.158,1.8735,12.6342,1351,3031.68
27984,-4.4125,-1.81,13.4399,1353,3031.68
27989,-4.7681,2.1392,8.3629,1357,3031.68
27994,2.3475,3.7134,8.8717,1357,3031.68
27999,2.8946,1.7119,12.7575,1351,3031.68
28004,-4.7226,-1.7526,13.2399,1353,3031.68
28009,-4.3706,2.2015,8.2013,1357,3031.53
28014,2.4612,3.6978,9.0237,1361,3031.53
28019,2.5295,1.4784,12.9227,1353,3031.53
28024,-4.9763,-1.6747,13.1873,1351,3031.53
28029,-3.9277,2.2841,8.0325,1357,3031.83
28034,2.6181,3.8056,9.1626,1357,3031.83
28039,2.2661,1.3192,13.0604,1344,3031.83
28044,-5.2385,-1.561,13.0017,1355,3031.83
28049,-3.5039,2.375,7.8865,1353,3032.14
28054,2.721,3.796,9.3398,1353,3032.14
28059,1.8902,1.0523,13.2411,1353,3032.14
28064,-5.4624,-1.4449,12.815,1353,3032.14
28069,-3.0694,2.4648,7.7656,1357,3032.6
28074,2.891,3.8547,9.3877,1357,3032.6
28079,1.5682,0.8811,13.3357,1356,3032.6
28084,-5.7413,-1.2725,12.5588,1355,3032.6
28089,-2.5965,2.4924,7.695,1357,3032.6
28094,3.0418,3.8391,9.5589,1355,3032.6
28099,1.2641,0.6883,13.4686,1355,3032.6
28104,-5.9376,-1.081,12.3265,1361,3032.6
28109,-2.144,2.6336,7.61,1354,3032.75
28114,3.1975,3.9205,9.7863,1354,3032.75
28119,0.8906,0.5231,13.5308,1349,3032.75
28124,-6.1172,-0.8583,12.1805,1353,3032.75
28129,-1.6999,2.6731,7.5693,1366,3032.6
28134,3.3052,3.887,9.9084,1356,3032.6
28139,0.5614,0.3304,13.6805,1357,3032.6
28144,-6.2764,-0.6428,11.8776,1355,3032.6
28149,-1.251,2.7198,7.4891,1357,3032.6
28154,3.5087,3.8642,10.0269,1355,3032.6
28159,0.1987,0.1796,13.7667,1351,3032.6
28164,-6.4464,-0.3388,11.7244,1355,3032.6
28169,-0.8092,2.7964,7.5501,1363,3032.45
28174,3.5829,3.7481,10.1646,1353,3032.45
28179,-0.1221,-0.0718,13.9139,1353,3032.45
28184,-6.5422,-0.1544,11.4239,1355,3032.45
28189,-0.4585,2.8754,7.5346,1357,3032.45
28194,3.7529,3.7158,10.3789,1356,3032.45
28199,-0.4154,-0.2346,13.963,1351,3032.45
28204,-6.6834,0.1484,11.2156,1355,3032.45
28209,-0.0144,2.9497,7.6291,1355,3032.45
28214,3.8451,3.6787,10.5345,1354,3032.45
28219,-0.8045,-0.4238,14.0037,1353,3032.45
28224,-6.6774,0.2945,10.9523,1355,3032.45
28229,0.2993,2.9916,7.6255,1351,3032.45
28234,3.9911,3.5614,10.7512,1353,3032.45
28239,-1.1121,-0.6369,14.0695,1357,3032.45
28244,-6.79,0.5782,10.7332,1353,3032.45
28249,0.6345,3.0921,7.7057,1351,3032.29
28254,4.063,3.4417,10.9247,1351,3032.29
28259,-1.4808,-0.8224,14.0599,1342,3032.29
28264,-6.754,0.7841,10.489,1364,3032.29
28269,0.8464,3.1939,7.774,1354,3032.29
28274,4.1168,3.2765,11.0995,1353,3032.29
28279,-1.8507,-0.9756,14.1102,1351,3032.29
28284,-6.6918,0.9912,10.1909,1363,3032.29
28289,1.1612,3.219,7.8578,1341,3031.99
28294,4.1468,3.1819,11.3114,1354,3031.99
28299,-2.1979,-1.172,14.0647,1338,3031.99
28304,-6.5793,1.1313,9.93,1363,3031.99
28309,1.3707,3.2489,7.9895,1353,3031.53
28314,4.1108,3.049,11.5436,1356,3031.53
28319,-2.5726,-1.2869,14.0264,1339,3031.53
28324,-6.4464,1.3731,9.6666,1354,3031.53
28329,1.5083,3.3196,8.1271,1357,3031.22
28334,4.063,2.8671,11.716,1351,3031.22
28339,-2.9042,-1.4629,14.0145,1355,3031.22
28344,-6.2752,1.5335,9.4284,1353,3031.22
28349,1.6819,3.3758,8.2313,1343,3031.53
28354,3.9768,2.6959,11.91,1357,3031.53
28359,-3.2238,-1.5969,13.9307,1350,3031.53
28364,-6.0549,1.6891,9.1961,1355,3031.53
28369,1.822,3.4333,8.3175,1353,3031.53
28374,3.8116,2.5091,12.0488,1359,3031.53
28379,-3.5039,-1.6951,13.8457,1349,3031.53
28384,-5.8215,1.8148,9.0333,1355,3031.99
28389,1.9632,3.5255,8.4575,1351,3031.99
28394,3.6332,2.314,12.2188,1359,3031.99
28399,-3.8618,-1.7585,13.7152,1356,3031.99
28404,-5.5414,1.9154,8.7568,1357,3031.68
28409,2.1284,3.5458,8.6,1353,3031.68
28414,3.4548,2.1512,12.4475,1351,3031.68
28419,-4.1468,-1.7705,13.6074,1357,3031.68
28424,-5.199,2.0303,8.6024,1359,3031.99
28429,2.211,3.5518,8.7424,1356,3031.99
28434,3.1975,1.9321,12.5313,1351,3031.99
28439,-4.452,-1.8172,13.38,1357,3031.99
28444,-4.8123,2.1691,8.3677,1357,3031.83
28449,2.3786,3.7074,8.9256,1357,3031.83
28454,2.9425,1.7202,12.7443,1353,3031.83
28459,-4.7513,-1.7286,13.3429,1352,3031.83
28464,-4.4341,2.2051,8.1367,1355,3031.83
28469,2.472,3.7074,9.0225,1353,3031.83
28474,2.5642,1.4593,12.8964,1353,3031.83
28479,-4.9823,-1.6759,13.1274,1351,3031.83
28484,-3.9995,2.314,8.0254,1363,3032.29
28489,2.5821,3.8116,9.1758,1359,3032.29
28494,2.3032,1.2893,13.0939,1343,3032.29
28499,-5.2134,-1.5838,13.0101,1352,3032.29
28504,-3.5039,2.4014,7.8434,1354,3032.45
28509,2.7773,3.8499,9.3386,1357,3032.45
28514,2.0159,1.069,13.1537,1343,3032.45
28519,-5.4827,-1.421,12.8377,1353,3032.45
28524,-3.0742,2.4864,7.7979,1356,3032.91
28529,2.885,3.899,9.4727,1353,3032.91
28534,1.5766,0.9589,13.3573,1355,3032.91
28539,-5.6778,-1.3001,12.5791,1353,3032.91
28544,-2.6217,2.4983,7.6387,1358,3033.37
28549,3.0442,3.875,9.6295,1363,3033.37
28554,1.2546,0.7207,13.4303,1356,3033.37
28559,-5.9568,-1.0822,12.4283,1355,3033.37
28564,-2.1117,2.6025,7.6471,1353,3033.98
28569,3.1891,3.9217,9.7121,1353,3033.98
28574,0.8739,0.5028,13.5404,1349,3033.98
28579,-6.0741,-0.8428,12.153,1359,3033.98
28584,-1.6903,2.6528,7.4747,1351,3034.13
28589,3.3435,3.8271,9.9467,1354,3034.13
28594,0.5866,0.3519,13.7559,1351,3034.13
28599,-6.353,-0.6225,11.9638,1353,3034.13
28604,-1.1923,2.7641,7.5094,1357,3034.13
28609,3.5255,3.8271,10.0401,1358,3034.13
28614,0.182,0.1137,13.7966,1341,3034.13
28619,-6.4679,-0.3867,11.6885,1353,3034.13
28624,-0.741,2.8096,7.4711,1359,3034.13
28629,3.6811,3.7565,10.2208,1354,3034.13
28634,-0.1724,-0.0838,13.8983,1353,3034.13
28639,-6.626,-0.1197,11.4598,1353,3034.13
28644,-0.3208,2.9245,7.5381,1363,3033.98
28649,3.8188,3.7158,10.3729,1355,3033.98
28654,-0.5602,-0.2813,13.9606,1351,3033.98
28659,-6.6714,0.1089,11.23,1352,3033.98
28664,0.0491,2.9556,7.5357,1352,3033.98
28669,3.9385,3.6344,10.6003,1353,3033.98
28674,-0.8847,-0.486,14.0552,1351,3033.98
28679,-6.7241,0.3663,10.9511,1355,3033.98
28684,0.3651,3.0287,7.5465,1353,3033.52
28689,4.0294,3.5374,10.7548,1351,3033.52
28694,-1.2258,-0.6704,14.0779,1353,3033.52
28699,-6.7145,0.5986,10.653,1351,3033.52
28704,0.662,3.073,7.6411,1351,3033.52
28709,4.0677,3.4034,11.0049,1350,3033.52
28714,-1.6328,-0.8559,14.0671,1357,3033.52
28719,-6.6966,0.8308,10.3597,1363,3033.52
28724,0.9708,3.1627,7.7728,1339,3033.37
28729,4.1683,3.2872,11.2384,1353,3033.37
28734,-1.9896,-1.1049,14.0995,1353,3033.37
28739,-6.6607,1.0271,10.0975,1363,3033.37
28744,1.1756,3.2382,7.8266,1351,3033.37
28749,4.1563,3.1041,11.388,1353,3033.37
28754,-2.3511,-1.2342,14.0432,1353,3033.37
28759,-6.5745,1.2426,9.8653,1365,3033.37
28764,1.4054,3.2705,7.9847,1350,3033.06
28769,4.1731,2.9844,11.6286,1359,3033.06
28774,-2.7533,-1.3791,14.0061,1353,3033.06
28779,-6.4416,1.488,9.6139,1355,3033.06
28784,1.6005,3.3423,8.0816,1357,3032.6
28789,4.0701,2.7485,11.7735,1355,3032.6
28794,-3.0825,-1.5742,13.9163,1340,3032.6
28799,-6.2297,1.6293,9.3434,1353,3032.6
28804,1.7921,3.4117,8.2145,1353,3032.45
28809,3.9229,2.7066,12.0093,1359,3032.45
28814,-3.4225,-1.6149,13.9139,1351,3032.45
28819,-5.9831,1.7573,9.0992,1356,3032.14
28824,1.895,3.456,8.3378,1353,3032.14
28829,3.7589,2.4098,12.1314,1361,3032.14
28834,-3.6978,-1.7023,13.7667,1353,3032.14
28839,-5.6778,1.8567,8.9244,1355,3032.14
28844,1.992,3.5338,8.5413,1349,3032.14
28849,3.559,2.2877,12.3864,1359,3032.14
28854,-4.0666,-1.7681,13.7008,1358,3032.14
28859,-5.3702,1.9968,8.7125,1353,3031.53
28864,2.1261,3.5769,8.6598,1352,3031.53
28869,3.3184,2.0063,12.4906,1353,3031.53
28874,-4.3479,-1.7957,13.5129,1358,3031.53
28879,-4.9883,2.1081,8.3977,1359,3032.75
28884,2.2458,3.6643,8.7843,1362,3032.75
28889,3.0562,1.8352,12.6641,1351,3032.75
28894,-4.5813,-1.737,13.447,1363,3032.75
28899,-4.6112,2.1632,8.2971,1359,3032.29
28904,2.4062,3.7086,8.9567,1357,3032.29
28909,2.7689,1.561,12.8186,1354,3032.29
28914,-4.9201,-1.6807,13.301,1355,3032.29
28919,-4.2186,2.2745,8.0996,1363,3031.37
28924,2.5343,3.7816,9.0764,1355,3031.37
28929,2.3954,1.4281,13.0269,1354,3031.37
28934,-5.1356,-1.6161,13.0915,1352,3031.37
28939,-3.7637,2.3535,7.9643,1355,3032.14
28944,2.66,3.8128,9.2081,1358,3032.14
28949,2.1033,1.1995,13.1502,1352,3032.14
28954,-5.3678,-1.506,12.9443,1355,3032.14
28959,-3.2992,2.4385,7.8422,1354,3031.07
28964,2.8156,3.9037,9.3781,1357,3031.07
28969,1.7873,1.0726,13.2471,1353,3031.07
28974,-5.5749,-1.3072,12.7515,1353,3031.07
28979,-2.8802,2.49,7.7225,1355,3030.92
28984,2.9521,3.8918,9.487,1357,3030.92
28989,1.4557,0.8703,13.3848,1357,3030.92
28994,-5.7784,-1.1971,12.554,1349,3030.92
28999,-2.4457,2.5666,7.6734,1356,3031.07
29004,3.0466,3.9061,9.6079,1343,3031.07
29009,1.148,0.6823,13.4542,1355,3031.07
29014,-5.9628,-1.0056,12.2535,1356,3031.07
29019,-2.0027,2.654,7.5573,1357,3031.22
29024,3.2394,3.8954,9.7516,1355,3031.22
29029,0.8021,0.4633,13.6458,1352,3031.22
29034,-6.1292,-0.7769,12.0608,1361,3031.22
29039,-1.5323,2.7126,7.5489,1349,3031.53
29044,3.389,3.8714,9.8928,1351,3031.53
29049,0.4932,0.2969,13.7475,1343,3031.53
29054,-6.3015,-0.5567,11.8908,1353,3031.53
29059,-1.1791,2.7725,7.4855,1352,3031.68
29064,3.5303,3.8618,10.082,1355,3031.68
29069,0.1604,0.0754,13.8277,1352,3031.68
29074,-6.4081,-0.3819,11.6011,1355,3031.68
29079,-0.6991,2.8024,7.4819,1355,3031.68
29084,3.644,3.784,10.2065,1353,3031.68
29089,-0.176,-0.0694,13.8888,1352,3031.68
29094,-6.5422,-0.1401,11.4036,1354,3031.68
29099,-0.3819,2.903,7.5106,1355,3032.14
29104,3.7769,3.6727,10.3813,1355,3032.14
29109,-0.4812,-0.3029,13.9223,1353,3032.14
29114,-6.6559,0.1089,11.0935,1355,3032.14
29119,-0.006,2.903,7.501,1353,3032.29
29124,3.9085,3.6392,10.5369,1363,3032.29
29129,-0.7865,-0.4489,14.0228,1351,3032.29
29134,-6.7121,0.334,10.9223,1355,3032.29
29139,0.3364,2.9868,7.6399,1351,3032.6
29144,4.0091,3.5219,10.756,1355,3032.6
29149,-1.1492,-0.668,14.0647,1352,3032.6
29154,-6.705,0.5662,10.6422,1355,3032.6
29159,0.6021,3.0406,7.7488,1343,3032.14
29164,4.0462,3.4333,11.0373,1353,3032.14
29169,-1.5778,-0.8033,14.1186,1353,3032.14
29174,-6.7241,0.8224,10.398,1353,3032.14
29179,0.9182,3.1663,7.7129,1352,3031.83
29184,4.1168,3.3004,11.133,1353,3031.83
29189,-1.9094,-1.0534,14.0456,1355,3031.83
29194,-6.6918,1.0403,10.1131,1359,3031.83
29199,1.1289,3.1843,7.9021,1352,3031.68
29204,4.1132,3.1591,11.3856,1353,3031.68
29209,-2.302,-1.2534,14.0899,1352,3031.68
29214,-6.608,1.2282,9.8821,1363,3031.68
29219,1.3575,3.2753,7.9547,1343,3031.37
29224,4.1216,2.9951,11.5305,1354,3031.37
29229,-2.6217,-1.3827,14.048,1365,3031.37
29234,-6.4859,1.3946,9.6738,1365,3031.37
29239,1.5083,3.304,8.0924,1352,3031.22
29244,4.0426,2.8467,11.7292,1359,3031.22
29249,-2.9485,-1.4736,13.9726,1351,3031.22
29254,-6.3219,1.5502,9.4798,1355,3031.22
29259,1.6867,3.4153,8.2157,1357,3031.22
29264,3.9444,2.6815,11.9195,1356,3031.22
29269,-3.2813,-1.6053,13.9151,1352,3031.22
29274,-6.0717,1.7298,9.1937,1354,3031.22
29279,1.822,3.4788,8.3689,1353,3031.53
29284,3.7936,2.5103,12.1027,1358,3031.53
29289,-3.6152,-1.6616,13.8517,1343,3031.53
29294,-5.7928,1.8818,9.0058,1356,3030.76
29299,1.974,3.5482,8.4348,1353,3030.76
29304,3.626,2.3128,12.2799,1359,3030.76
29309,-3.8822,-1.7394,13.6996,1355,3030.76
29314,-5.4863,1.9764,8.7125,1359,3031.83
29319,2.1272,3.6093,8.6383,1351,3031.83
29324,3.3686,2.0626,12.4618,1358,3031.83
29329,-4.1599,-1.7561,13.6362,1359,3031.83
29334,-5.1631,2.0746,8.6036,1353,3031.07
29339,2.2278,3.6931,8.752,1354,3031.07
29344,3.14,1.8962,12.5743,1351,3031.07
29349,-4.4388,-1.7502,13.4662,1363,3031.07
29354,-4.798,2.1668,8.3653,1361,3030.76
29359,2.3571,3.7218,8.9088,1354,3030.76
29364,2.9413,1.7131,12.7719,1351,3030.76
29369,-4.7058,-1.7083,13.3501,1359,3030.76
29374,-4.391,2.2398,8.1606,1359,3030.76
29379,2.5319,3.8032,8.9998,1355,3030.76
29384,2.6516,1.5263,12.9107,1353,3030.76
29389,-4.9428,-1.6616,13.1921,1355,3030.76
29394,-3.9756,2.3104,8.0337,1349,3030.0
29399,2.6037,3.8211,9.1806,1351,3030.0
29404,2.3188,1.3036,13.0053,1353,3030.0
29409,-5.1475,-1.561,13.0029,1352,3030.0
29414,-3.5698,2.4038,7.865,1357,3031.07
29419,2.7773,3.8858,9.2644,1359,3031.07
29424,2.0291,1.1265,13.1142,1349,3031.07
29429,-5.3953,-1.4509,12.8509,1353,3031.07
29434,-3.0969,2.4493,7.7991,1357,3030.61
29439,2.8862,3.8798,9.4403,1356,3030.61
29444,1.6101,0.9062,13.2938,1355,3030.61
29449,-5.5701,-1.2833,12.615,1353,3030.61
29454,-2.6683,2.4912,7.665,1355,3030.46
29459,3.0095,3.9181,9.6151,1353,3030.46
29464,1.336,0.7805,13.3884,1343,3030.46
29469,-5.8119,-1.1708,12.3816,1355,3030.46
29474,-2.2027,2.5391,7.586,1357,3030.76
29479,3.1831,3.8499,9.651,1353,3030.76
29484,0.9972,0.559,13.4578,1355,3030.76
29489,-5.9759,-0.9876,12.2212,1355,3030.76
29494,-1.8232,2.6695,7.5549,1357,3030.92
29499,3.3232,3.9002,9.8593,1353,3030.92
29504,0.7099,0.4154,13.6242,1353,3030.92
29509,-6.1579,-0.753,12.0129,1363,3030.92
29514,-1.3635,2.6348,7.501,1353,3031.07
29519,3.4704,3.8247,9.9754,1355,3031.07
29524,0.4214,0.2227,13.6661,1351,3031.07
29529,-6.3339,-0.5555,11.7436,1357,3031.07
29534,-1.0092,2.7653,7.5393,1357,3031.07
29539,3.5171,3.8535,10.1622,1353,3031.07
29544,0.0611,0.073,13.811,1349,3031.07
29549,-6.4655,-0.346,11.4838,1358,3031.07
29554,-0.5902,2.7857,7.495,1358,3031.53
29559,3.6763,3.7649,10.331,1355,3031.53
29564,-0.2203,-0.1508,13.8205,1353,3031.53
29569,-6.5817,-0.0982,11.3198,1357,3031.53
29574,-0.2682,2.8994,7.5693,1357,3031.83
29579,3.7565,3.6859,10.5273,1352,3031.83
29584,-0.6309,-0.3244,13.9642,1353,3031.83
29589,-6.7265,0.1377,11.054,1353,3031.83
29594,0.1077,2.9532,7.5346,1357,3031.83
29599,3.8571,3.6021,10.6841,1357,3031.83
29604,-0.9541,-0.5315,14.0025,1343,3031.83
29609,-6.7445,0.3867,10.829,1357,3031.83
29614,0.3747,2.9987,7.6363,1352,3031.99
29619,3.9875,3.5398,10.9008,1355,3031.99
29624,-1.3372,-0.6895,14.0157,1351,3031.99
29629,-6.8067,0.6871,10.5417,1353,3031.99
29634,0.6967,3.1244,7.7009,1354,3031.07
29639,4.0055,3.3794,11.0732,1353,3031.07
29644,-1.6831,-0.9337,14.0779,1355,3031.07
29649,-6.7397,0.9074,10.2915,1351,3031.07
29654,0.9325,3.1639,7.7967,1351,3030.46
29659,4.0701,3.3243,11.1869,1341,3030.46
29664,-2.0159,-1.0367,14.03,1355,3030.46
29669,-6.6595,1.0714,10.0904,1363,3030.46
29674,1.1133,3.2262,7.8937,1353,3030.15
29679,4.0606,3.1173,11.4048,1352,3030.15
29684,-2.3152,-1.2653,14.0336,1354,3030.15
29689,-6.5589,1.2713,9.8557,1367,3030.15
29694,1.3707,3.2944,8.0553,1349,3030.15
29699,4.0833,3.0191,11.6155,1353,3030.15
29704,-2.6504,-1.336,13.9941,1350,3030.15
29709,-6.4512,1.4198,9.6438,1357,3030.15
29714,1.5071,3.3315,8.2133,1351,3030.15
29719,3.9983,2.8407,11.7867,1357,3030.15
29724,-2.9233,-1.4676,13.9426,1352,3030.15
29729,-6.2237,1.6041,9.3889,1359,3030.15
29734,1.7035,3.4477,8.26,1359,3030.0
29739,3.9851,2.7438,11.9243,1353,3030.0
29744,-3.2633,-1.5694,13.9498,1352,3030.0
29749,-6.037,1.6951,9.1949,1355,3030.0
29754,1.895,3.4572,8.3582,1361,3030.3
29759,3.8511,2.4732,12.0811,1354,3030.3
29764,-3.5362,-1.6532,13.7714,1352,3030.3
29769,-5.788,1.8591,8.9795,1356,3030.3
29774,1.98,3.559,8.521,1354,3030.92
29779,3.6955,2.3439,12.3026,1362,3030.92
29784,-3.8726,-1.6735,13.7295,1343,3030.92
29789,-5.5294,1.9537,8.7424,1361,3030.92
29794,2.1596,3.5578,8.6251,1351,3030.92
29799,3.468,2.0746,12.4403,1359,3030.92
29804,-4.124,-1.7789,13.6051,1357,3030.92
29809,-5.1463,2.1141,8.5928,1358,3031.07
29814,2.2517,3.6847,8.7891,1354,3031.07
29819,3.2813,1.9142,12.639,1355,3031.07
29824,-4.4293,-1.7633,13.4865,1359,3031.07
29829,-4.7752,2.1404,8.3462,1357,3031.22
29834,2.4038,3.6931,8.8645,1355,3031.22
29839,2.9473,1.6664,12.6845,1353,3031.22
29844,-4.628,-1.7166,13.2962,1363,3031.22
29849,-4.3778,2.2326,8.1965,1359,3031.07
29854,2.5271,3.7912,9.0656,1361,3031.07
29859,2.6097,1.5299,12.8521,1333,3031.07
29864,-4.9057,-1.6508,13.1968,1353,3031.07
29869,-3.978,2.2577,8.0337,1353,3030.92
29874,2.6252,3.784,9.1339,1355,3030.92
29879,2.3248,1.2989,12.9993,1351,3030.92
29884,-5.1775,-1.5778,12.9826,1353,3030.92
29889,-3.5099,2.3798,7.9511,1363,3031.68
29894,2.7773,3.8355,9.3122,1358,3031.68
29899,1.9369,1.1648,13.1597,1349,3031.68
29904,-5.4157,-1.4473,12.7515,1353,3031.68
29909,-3.0945,2.4122,7.7596,1358,3031.53
29914,2.8623,3.8211,9.4439,1359,3031.53
29919,1.6257,0.9361,13.2806,1343,3031.53
29924,-5.6204,-1.2953,12.6031,1352,3031.53
29929,-2.63,2.5187,7.6447,1358,3031.37
29934,3.043,3.9061,9.6247,1359,3031.37
29939,1.3288,0.7745,13.4039,1353,3031.37
29944,-5.8502,-1.1217,12.3936,1353,3031.37
29949,-2.2266,2.551,7.616,1357,3031.68
29954,3.0562,3.8535,9.7588,1357,3031.68
29959,0.9673,0.5124,13.5727,1357,3031.68
29964,-6.0537,-0.9804,12.1314,1353,3031.68
29969,-1.7777,2.6827,7.5405,1358,3031.99
29974,3.2777,3.9109,9.8078,1355,3031.99
29979,0.7051,0.3591,13.623,1354,3031.99
29984,-6.3063,-0.759,11.9662,1357,3031.99
29989,-1.318,2.7102,7.4867,1357,3032.14
29994,3.4201,3.808,9.9587,1355,3032.14
29999,0.2789,0.1556,13.7595,1351,3032.14
30004,-6.4272,-0.4968,11.7699,1358,3032.14
30009,-0.905,2.7653,7.4986,1352,3032.14
30014,3.5267,3.7984,10.1622,1355,3032.14
30019,-0.0299,-0.0204,13.8253,1351,3032.14
30024,-6.5278,-0.2131,11.4742,1359,3032.14
30029,-0.5231,2.8491,7.4843,1349,3031.99
30034,3.6595,3.7146,10.3585,1357,3031.99
30039,-0.3903,-0.1963,13.9079,1343,3031.99
30044,-6.6128,-0.0012,11.2755,1357,3031.99
30049,-0.182,2.8647,7.5513,1361,3031.68
30054,3.8355,3.6643,10.5309,1355,3031.68
30059,-0.7554,-0.3771,13.9594,1353,3031.68
30064,-6.7313,0.2789,11.0433,1352,3031.68
30069,0.1652,2.9676,7.6267,1363,3031.99
30074,3.9576,3.5721,10.6674,1357,3031.99
30079,-1.0223,-0.6093,14.0049,1353,3031.99
30084,-6.7947,0.51,10.7571,1355,3031.99
30089,0.4633,3.0275,7.6136,1353,3031.99
30094,4.0342,3.4884,10.8948,1355,3031.99
30099,-1.3731,-0.7673,14.0683,1349,3031.99
30104,-6.7313,0.7757,10.5249,1353,3031.99
30109,0.7697,3.1412,7.8027,1353,3031.68
30114,4.0462,3.3591,11.0708,1353,3031.68
30119,-1.6819,-0.9541,14.0851,1356,3031.68
30124,-6.6954,0.9457,10.2819,1349,3031.68
30129,1.0008,3.2058,7.8614,1355,3031.68
30134,4.1312,3.2597,11.2755,1354,3031.68
30139,-2.0842,-1.0822,14.0492,1355,3031.68
30144,-6.6511,1.1672,10.0963,1361,3031.68
30149,1.257,3.2717,7.9224,1354,3031.83
30154,4.1503,3.1149,11.4431,1352,3031.83
30159,-2.4816,-1.2582,14.0013,1353,3031.83
30164,-6.4847,1.3252,9.7492,1364,3031.83
30169,1.4377,3.3016,8.0194,1352,3031.99
30174,4.1108,2.9317,11.637,1354,3031.99
30179,-2.7928,-1.3791,14.0324,1352,3031.99
30184,-6.3746,1.47,9.5589,1357,3031.99
30189,1.6305,3.3662,8.1786,1354,3032.14
30194,4.0091,2.7773,11.8309,1353,3032.14
30199,-3.1196,-1.4928,13.9091,1351,3032.14
30204,-6.128,1.6723,9.2739,1357,3032.14
30209,1.7957,3.4524,8.272,1359,3032.14
30214,3.9684,2.5702,12.0404,1351,3032.14
30219,-3.4596,-1.5658,13.8576,1353,3032.14
30224,-5.9089,1.8136,9.1087,1353,3032.14
30229,1.9597,3.5099,8.3797,1356,3032.29
30234,3.7972,2.3703,12.226,1358,3032.29
30239,-3.7362,-1.7214,13.7583,1350,3032.29
30244,-5.6108,1.9261,8.831,1355,3032.14
30249,2.083,3.5829,8.6012,1351,3032.14
30254,3.559,2.1464,12.4115,1363,3032.14
30259,-4.0606,-1.7573,13.6206,1351,3032.14
30264,-5.2648,2.0123,8.6179,1362,3032.14
30269,2.229,3.6559,8.6598,1341,3032.14
30274,3.316,2.0099,12.5504,1363,3032.14
30279,-4.3622,-1.7514,13.5033,1356,3032.14
30284,-4.8854,2.1416,8.4551,1359,3031.99
30289,2.3367,3.7278,8.8514,1353,3031.99
30294,3.0215,1.8004,12.6965,1355,3031.99
30299,-4.622,-1.7573,13.3357,1356,3031.99
30304,-4.4831,2.1596,8.2528,1353,3031.68
30309,2.4912,3.7254,8.9759,1349,3031.68
30314,2.6755,1.5694,12.8988,1352,3031.68
30319,-4.8758,-1.6843,13.1897,1363,3031.68
30324,-4.0893,2.2637,8.1044,1357,3031.53
30329,2.5438,3.723,9.1447,1363,3031.53
30334,2.405,1.3767,13.0053,1352,3031.53
30339,-5.1188,-1.5921,12.9024,1356,3031.53
30344,-3.6619,2.3487,7.8614,1359,3031.68
30349,2.6659,3.7876,9.2644,1353,3031.68
30354,2.0578,1.1576,13.131,1353,3031.68
30359,-5.369,-1.4988,12.7982,1353,3031.68
30364,-3.225,2.46,7.7764,1357,3031.53
30369,2.7809,3.8439,9.3398,1359,3031.53
30374,1.7131,0.917,13.1956,1354,3031.53
30379,-5.5869,-1.3719,12.5755,1352,3031.53
30384,-2.812,2.4804,7.7033,1357,3031.68
30389,2.9868,3.8954,9.5732,1355,3031.68
30394,1.4222,0.7949,13.4087,1353,3031.68
30399,-5.8466,-1.1636,12.4522,1354,3031.68
30404,-2.3343,2.5546,7.6028,1357,3031.83
30409,3.0897,3.8858,9.651,1356,3031.83
30414,1.0786,0.595,13.4614,1354,3031.83
30419,-6.0382,-1.0403,12.2356,1349,3031.83
30424,-1.8914,2.6564,7.5884,1357,3031.83
30429,3.1843,3.8954,9.845,1355,3031.83
30434,0.7494,0.4501,13.6122,1357,3031.83
30439,-6.1914,-0.7697,12.0309,1355,3031.83
30444,-1.488,2.6791,7.507,1357,3031.99
30449,3.3459,3.8367,9.9539,1354,3031.99
30454,0.4226,0.2059,13.7212,1353,3031.99
30459,-6.4356,-0.5219,11.8393,1355,3031.99
30464,-1.0606,2.7749,7.5669,1355,3031.37
30469,3.5039,3.8319,10.088,1355,3031.37
30474,0.0455,0.0108,13.787,1352,3031.37
30479,-6.5637,-0.2981,11.5508,1356,3031.37
30484,-0.6428,2.8048,7.5226,1357,3032.14
30489,3.6488,3.7302,10.2651,1355,3032.14
30494,-0.2933,-0.1592,13.9355,1351,3032.14
30499,-6.6427,-0.0024,11.3461,1353,3032.14
30504,-0.2346,2.8946,7.5621,1357,3031.68
30509,3.7493,3.6883,10.4351,1351,3031.68
30514,-0.656,-0.3424,13.9247,1351,3031.68
30519,-6.6858,0.1736,11.0636,1352,3031.68
30524,0.0611,2.958,7.5633,1363,3031.37
30529,3.8762,3.5889,10.6398,1357,3031.37
30534,-0.9613,-0.5267,14.0157,1351,3031.37
30539,-6.7576,0.4142,10.8553,1353,3031.37
30544,0.3843,3.0789,7.6662,1358,3031.68
30549,3.9444,3.5674,10.7787,1353,3031.68
30554,-1.3036,-0.6716,14.0803,1351,3031.68
30559,-6.7516,0.6584,10.6805,1355,3031.68
30564,0.6752,3.1196,7.762,1355,3031.68
30569,4.057,3.4141,10.9918,1355,3031.68
30574,-1.6364,-0.8882,14.1054,1352,3031.68
30579,-6.7169,0.8751,10.3561,1355,3031.68
30584,0.9433,3.1927,7.8075,1353,3031.37
30589,4.136,3.3136,11.1893,1353,3031.37
30594,-1.9668,-1.0343,14.1078,1341,3031.37
30599,-6.5697,-0.0479,11.2611,1351,3031.37
30604,1.1576,3.2501,7.9392,1353,3031.68
30609,3.8331,3.6524,10.5644,1353,3031.68
30614,-0.6835,-0.3747,13.9738,1355,3031.68
30619,-6.6786,0.231,11.0265,1357,3031.68
30624,0.1867,2.9856,7.5537,1355,3031.53
30629,3.9433,3.5901,10.641,1354,3031.53
30634,-0.9852,-0.5818,13.9953,1353,3031.53
30639,-6.6942,0.4561,10.7859,1362,3031.53
30644,0.4669,3.0418,7.6555,1351,3031.83
30649,4.0474,3.4704,10.8912,1355,3031.83
30654,-1.3539,-0.7769,14.0157,1349,3031.83
30659,-6.7433,0.6955,10.4088,1365,3031.83
30664,0.7757,3.1077,7.7201,1354,3031.68
30669,4.0989,3.3351,11.0349,1353,3031.68
30674,-1.6903,-0.9613,14.0528,1352,3031.68
30679,-6.7074,0.9014,10.2927,1355,3031.68
30684,0.9828,3.152,7.8434,1356,3031.53
30689,4.118,3.1304,11.2575,1353,3031.53
30694,-2.0937,-1.1636,14.0097,1353,3031.53
30699,-6.6499,1.1169,9.9898,1353,3031.53
30704,1.2079,3.2621,7.9392,1357,3031.37
30709,4.1001,3.0861,11.4395,1359,3031.37
30714,-2.4385,-1.3001,14.0468,1351,3031.37
30719,-6.5218,1.2665,9.7624,1355,3030.61
30724,1.391,3.3447,8.0038,1353,3030.61
30729,4.0402,2.891,11.6322,1363,3030.61
30734,-2.7617,-1.4653,13.9965,1352,3030.61
30739,-6.3207,1.5048,9.5421,1363,3031.07
30744,1.6245,3.3423,8.1642,1351,3031.07
30749,4.0103,2.7797,11.8333,1357,3031.07
30754,-3.1352,-1.5443,13.9773,1355,3031.07
30759,-6.1723,1.6101,9.3134,1359,3030.76
30764,1.7178,3.3974,8.3187,1355,3030.76
30769,3.8822,2.5881,11.9902,1355,3030.76
30774,-3.4093,-1.5921,13.8768,1361,3030.76
30779,-5.934,1.7897,9.1111,1355,3030.76
30784,1.8842,3.5219,8.5054,1358,3030.76
30789,3.711,2.4265,12.1829,1343,3030.76
30794,-3.6907,-1.6963,13.8062,1361,3030.76
30799,-5.6731,1.8914,8.8789,1359,3030.92
30804,2.0255,3.5279,8.5557,1359,3030.92
30809,3.5566,2.2098,12.3625,1355,3030.92
30814,-4.0294,-1.7226,13.6242,1355,3030.92
30819,-5.3893,2.0099,8.6933,1357,3031.37
30824,2.1644,3.6823,8.7305,1353,3031.37
30829,3.3339,2.0518,12.5001,1353,3031.37
30834,-4.2377,-1.731,13.5404,1343,3031.37
30839,-5.0206,2.1392,8.515,1361,3031.53
30844,2.2625,3.7014,8.8095,1359,3031.53
30849,3.1005,1.8028,12.6689,1350,3031.53
30854,-4.6172,-1.7322,13.4039,1353,3031.53
30859,-4.628,2.2458,8.3354,1359,3031.68
30864,2.4277,3.8295,8.9567,1354,3031.68
30869,2.7306,1.6209,12.8198,1343,3031.68
30874,-4.7932,-1.6628,13.2651,1351,3031.68
30879,-4.1982,2.2398,8.1223,1355,3031.53
30884,2.569,3.8559,9.0884,1358,3031.53
30889,2.4553,1.4126,12.9383,1351,3031.53
30894,-5.0925,-1.6029,13.1346,1353,3031.53
30899,-3.7577,2.3559,7.9619,1355,3031.68
30904,2.7282,3.8714,9.1638,1355,3031.68
30909,2.1979,1.3001,13.0975,1355,3031.68
30914,-5.296,-1.4593,12.8976,1354,3031.68
30919,-3.2968,2.4241,7.8709,1359,3031.53
30924,2.7797,3.8798,9.2991,1355,3031.53
30929,1.7885,1.0008,13.2735,1355,3031.53
30934,-5.4995,-1.342,12.712,1359,3031.53
30939,-2.8563,2.5295,7.7776,1353,3031.68
30944,2.9353,3.8774,9.4667,1355,3031.68
30949,1.5467,0.8224,13.3441,1351,3031.68
30954,-5.7293,-1.1827,12.5217,1355,3031.68
30959,-2.3403,2.5654,7.5788,1349,3031.22
30964,3.134,3.8331,9.6403,1355,3031.22
30969,1.1827,0.6476,13.4806,1343,3031.22
30974,-5.9113,-1.0151,12.317,1353,3031.22
30979,-1.9585,2.6312,7.5393,1355,3032.29
30984,3.2537,3.9002,9.7456,1355,3032.29
30989,0.832,0.4585,13.5703,1342,3032.29
30994,-6.0968,-0.8511,12.0752,1352,3032.29
30999,-1.5263,2.6923,7.5441,1358,3031.53
31004,3.3651,3.8559,9.9467,1355,3031.53
31009,0.5136,0.267,13.7643,1353,3031.53
31014,-6.2465,-0.6081,11.8549,1353,3031.53
31019,-1.0642,2.7162,7.4819,1363,3031.53
31024,3.535,3.8152,10.0509,1355,3031.53
31029,0.1784,0.091,13.7978,1353,3031.53
31034,-6.4428,-0.4142,11.6095,1355,3031.53
31039,-0.7673,2.8036,7.4603,1352,3031.68
31044,3.6081,3.7697,10.3118,1357,3031.68
31049,-0.1496,-0.0838,13.8157,1351,3031.68
31054,-6.5805,-0.164,11.3964,1343,3031.68
31059,-0.401,2.8635,7.446,1353,3032.14
31064,3.7565,3.7062,10.4411,1353,3032.14
31069,-0.4657,-0.2813,13.9031,1357,3032.14
31074,-6.6894,0.0922,11.1259,1351,3032.14
31079,-0.0096,2.9509,7.5477,1357,3032.29
31084,3.8535,3.614,10.5764,1341,3032.29
31089,-0.8535,-0.5064,13.9594,1353,3032.29
31094,-6.7505,0.3208,10.8421,1363,3032.29
31099,0.3017,2.9473,7.5896,1350,3032.14
31104,3.9816,3.5374,10.811,1355,3032.14
31109,-1.2127,-0.6704,14.0492,1355,3032.14
31114,-6.8055,0.5662,10.7009,1341,3032.14
31119,0.6476,3.0933,7.6638,1351,3031.53
31124,3.9935,3.4297,11.0026,1352,3031.53
31129,-1.6233,-0.832,14.0109,1351,3031.53
31134,-6.754,0.8104,10.3777,1361,3031.53
31139,0.9074,3.1544,7.7835,1353,3030.76
31144,4.0402,3.2944,11.1941,1356,3030.76
31149,-1.8818,-1.0367,14.0767,1351,3030.76
31154,-6.7205,1.0523,10.1957,1363,3030.76
31159,1.0463,3.2226,7.9356,1355,3030.61
31164,4.0689,3.2202,11.4,1355,3030.61
31169,-2.2553,-1.1803,14.0492,1351,3030.61
31174,-6.6104,1.2079,9.9407,1353,3030.61
31179,1.306,3.2813,8.0158,1359,3030.0
31184,4.0259,3.043,11.582,1356,3030.0
31189,-2.5654,-1.2869,14.0157,1351,3030.0
31194,-6.4727,1.4413,9.7061,1356,3029.69
31199,1.4832,3.3746,8.096,1353,3029.69
31204,4.0294,2.9209,11.7053,1363,3029.69
31209,-2.8886,-1.4054,13.9654,1350,3029.69
31214,-6.3578,1.5814,9.487,1354,3030.15
31219,1.6197,3.4105,8.2791,1351,3030.15
31224,3.966,2.7114,11.8812,1359,3030.15
31229,-3.1843,-1.5371,13.9079,1353,3030.15
31234,-6.1076,1.7083,9.2727,1364,3029.69
31239,1.7837,3.4812,8.3522,1354,3029.69
31244,3.8271,2.569,12.0548,1356,3029.69
31249,-3.4991,-1.6472,13.8086,1359,3029.69
31254,-5.8694,1.804,9.0764,1356,3029.69
31259,1.9573,3.5362,8.4587,1343,3029.69
31264,3.699,2.3691,12.1889,1352,3029.69
31269,-3.7553,-1.652,13.7834,1361,3029.69
31274,-5.5617,1.9561,8.8382,1357,3030.0
31279,2.0877,3.6583,8.5844,1355,3030.0
31284,3.5063,2.2051,12.3373,1351,3030.0
31289,-4.0019,-1.7298,13.6817,1359,3030.0
31294,-5.2601,2.0494,8.655,1353,3029.23
31299,2.2063,3.6811,8.7149,1355,3029.23
31304,3.2836,1.9836,12.5301,1354,3029.23
31309,-4.2844,-1.7573,13.4853,1354,3029.23
31314,-4.944,2.15,8.4946,1362,3029.39
31319,2.3619,3.6955,8.8322,1356,3029.39
31324,3.0287,1.7933,12.6988,1351,3029.39
31329,-4.5143,-1.7322,13.3728,1353,3029.39
31334,-4.4688,2.1931,8.2684,1359,3029.23
31339,2.4576,3.7421,8.9196,1357,3029.23
31344,2.7713,1.6089,12.8054,1353,3029.23
31349,-4.7357,-1.7645,13.1885,1351,3029.23
31354,-4.1168,2.2386,8.108,1333,3029.54
31359,2.5534,3.7433,9.0609,1354,3029.54
31364,2.5043,1.4281,13.0005,1354,3029.54
31369,-4.9883,-1.6652,13.0819,1353,3029.54
31374,-3.7517,2.3248,7.9787,1356,3029.08
31379,2.6324,3.7948,9.1638,1357,3029.08
31384,2.1201,1.2115,13.0783,1357,3029.08
31389,-5.2098,-1.5502,12.8676,1355,3029.08
31394,-3.3902,2.3643,7.8697,1358,3029.08
31399,2.745,3.8798,9.3685,1353,3029.08
31404,1.8495,1.0678,13.1825,1357,3029.08
31409,-5.4205,-1.4664,12.7419,1353,3029.08
31414,-3.0095,2.4146,7.7297,1366,3029.08
31419,2.885,3.8463,9.4739,1354,3029.08
31424,1.5395,0.8859,13.3166,1353,3029.08
31429,-5.6575,-1.3024,12.5277,1359,3029.08
31434,-2.5666,2.5271,7.6962,1357,3028.93
31439,2.9568,3.8475,9.6211,1355,3028.93
31444,1.2498,0.7135,13.4782,1356,3028.93
31449,-5.8287,-1.1097,12.3289,1355,3028.93
31454,-2.1859,2.5379,7.586,1353,3028.93
31459,3.1041,3.8439,9.7324,1353,3028.93
31464,0.9936,0.5722,13.5596,1351,3028.93
31469,-6.0693,-0.9349,12.1793,1357,3028.93
31474,-1.7741,2.6264,7.6112,1361,3030.0
31479,3.2334,3.8858,9.9036,1353,3030.0
31484,0.6393,0.3699,13.5691,1353,3030.0
31489,-6.1914,-0.7638,11.9866,1355,3030.0
31494,-1.3743,2.6719,7.5585,1357,3029.69
31499,3.3399,3.8499,10.003,1353,3029.69
31504,0.3017,0.1915,13.7559,1354,3029.69
31509,-6.3985,-0.5327,11.7687,1355,3029.69
31514,-1.0092,2.8,7.5645,1359,3030.3
31519,3.486,3.8355,10.149,1356,3030.3
31524,-0.018,0.0611,13.7894,1353,3030.3
31529,-6.5302,-0.3005,11.5389,1354,3030.3
31534,-0.6189,2.8383,7.5812,1351,3030.15
31539,3.6021,3.7445,10.3513,1354,3030.15
31544,-0.3124,-0.1484,13.9139,1339,3030.15
31549,-6.6128,-0.0347,11.309,1353,3030.15
31554,-0.2693,2.9485,7.6088,1352,3030.46
31559,3.735,3.7373,10.5369,1351,3030.46
31564,-0.6285,-0.2945,13.9127,1355,3030.46
31569,-6.7409,0.2095,11.0696,1355,3030.46
31574,0.1113,2.9736,7.61,1344,3030.46
31579,3.8583,3.6093,10.653,1352,3030.46
31584,-0.9421,-0.5136,13.9654,1355,3030.46
31589,-6.7397,0.4621,10.8122,1356,3030.46
31594,0.3938,3.0478,7.683,1355,3030.61
31599,3.9935,3.5087,10.817,1352,3030.61
31604,-1.2079,-0.6919,14.0803,1351,3030.61
31609,-6.7373,0.6823,10.6434,1363,3030.61
31614,0.6428,3.1388,7.7369,1351,3030.3
31619,3.5841,3.7804,10.161,1351,3030.3
31624,-1.5562,-0.8906,14.0911,1351,3030.3
31629,-6.7205,0.8847,10.3549,1363,3030.3
31634,0.899,3.2489,7.7871,1341,3030.46
31639,4.1372,3.3196,11.1199,1353,3030.46
31644,-1.8483,-1.0163,14.0288,1351,3030.46
31649,-6.6547,1.0654,10.1658,1363,3030.46
31654,1.1684,3.219,7.9607,1355,3030.15
31659,4.1503,3.1484,11.3485,1357,3030.15
31664,-2.1823,-1.1744,14.0516,1353,3030.15
31669,-6.602,1.2342,9.8641,1357,3030.15
31674,1.3815,3.3435,8.0254,1359,3030.15
31679,4.1623,3.0502,11.5293,1353,3030.15
31684,-2.5582,-1.2725,13.9989,1357,3030.15
31689,-6.4332,1.4186,9.6606,1355,3030.15
31694,1.4904,3.3255,8.1151,1354,3030.15
31699,4.1084,2.8311,11.7088,1359,3030.15
31704,-2.8479,-1.4772,13.9355,1351,3030.15
31709,-6.2453,1.5682,9.4068,1357,3030.76
31714,1.6951,3.4225,8.2337,1350,3030.76
31719,4.0474,2.7282,11.9064,1361,3030.76
31724,-3.2226,-1.5766,13.9019,1342,3030.76
31729,-6.0466,1.7334,9.1411,1355,3030.61
31734,1.8567,3.4153,8.3665,1351,3030.61
31739,3.8235,2.46,12.0799,1357,3030.61
31744,-3.5123,-1.7083,13.7834,1362,3030.61
31749,-5.7664,1.834,8.9914,1357,3031.07
31754,1.9992,3.5422,8.4527,1355,3031.07
31759,3.6595,2.3272,12.2966,1351,3031.07
31764,-3.8475,-1.7298,13.6888,1361,3031.07
31769,-5.5115,1.9561,8.7592,1357,3030.76
31774,2.0985,3.5698,8.6503,1358,3030.76
31779,3.4465,2.1081,12.4187,1351,3030.76
31784,-4.1049,-1.804,13.5727,1361,3030.76
31789,-5.1619,2.047,8.5425,1361,3031.07
31794,2.2242,3.6272,8.8262,1357,3031.07
31799,3.2154,1.9489,12.5588,1352,3031.07
31804,-4.4017,-1.7789,13.4291,1353,3031.07
31809,-4.81,2.1069,8.3689,1355,3030.76
31814,2.3547,3.6595,8.9196,1356,3030.76
31819,2.9161,1.7011,12.7168,1353,3030.76
31824,-4.713,-1.7561,13.3561,1349,3030.76
31829,-4.4712,2.2146,8.1965,1361,3031.83
31834,2.4217,3.7565,9.0633,1362,3031.83
31839,2.6169,1.5455,12.9071,1351,3031.83
31844,-4.9297,-1.6544,13.137,1355,3031.83
31849,-4.0522,2.3188,8.0397,1355,3031.68
31854,2.5618,3.7625,9.1842,1353,3031.68
31859,2.3248,1.2893,13.0221,1353,3031.68
31864,-5.205,-1.6221,13.0053,1354,3031.68
31869,-3.6093,2.4086,7.9164,1355,3031.68
31874,2.6671,3.8032,9.3326,1363,3031.68
31879,2.0387,1.0846,13.137,1356,3031.68
31884,-5.4564,-1.4605,12.7946,1341,3031.68
31889,-3.1388,2.4684,7.8075,1355,3031.68
31894,2.8407,3.8547,9.499,1355,3031.68
31899,1.646,0.9026,13.2603,1353,3031.68
31904,-5.612,-1.3252,12.6174,1356,3031.68
31909,-2.7043,2.5522,7.7261,1359,3031.53
31914,2.9951,3.9361,9.6163,1353,3031.53
31919,1.342,0.7171,13.3549,1353,3031.53
31924,-5.9149,-1.1025,12.3948,1365,3031.53
31929,-2.2529,2.5522,7.6279,1355,3031.53
31934,3.1544,3.9157,9.736,1351,3031.53
31939,0.9493,0.5483,13.5033,1351,3031.53
31944,-6.0621,-0.9325,12.208,1379,3031.53
31949,-1.8184,2.6061,7.5681,1357,3031.07
31954,3.2765,3.9049,9.8067,1353,3031.07
31959,0.6524,0.4058,13.6577,1350,3031.07
31964,-6.2417,-0.7123,11.977,1356,3031.07
31969,-1.3719,2.7114,7.5944,1359,3031.99
31974,3.3926,3.8559,10.0592,1352,3031.99
31979,0.3089,0.2023,13.793,1351,3031.99
31984,-6.377,-0.4274,11.7651,1343,3031.99
31989,-0.9062,2.7665,7.4903,1356,3031.83
31994,3.5674,3.8439,10.1909,1355,3031.83
31999,-0.0287,0.0395,13.8038,1353,3031.83
32004,-6.4476,-0.2682,11.5676,1357,3031.83
32009,-0.5938,2.8766,7.531,1359,3031.99
32014,3.6703,3.723,10.3202,1357,3031.99
32019,-0.3136,-0.2143,13.8469,1351,3031.99
32024,-6.5936,0.0084,11.2755,1355,3031.99
32029,-0.1676,2.9676,7.5357,1343,3032.14
32034,3.875,3.6739,10.5082,1355,3032.14
32039,-0.6464,-0.4082,13.9666,1354,3032.14
32044,-6.7014,0.2574,11.0504,1355,3032.14
32049,0.1903,3.0047,7.5896,1352,3032.14
32054,3.9277,3.5793,10.6458,1353,3032.14
32059,-0.9936,-0.5806,13.975,1354,3032.14
32064,-6.699,0.4369,10.7368,1354,3032.14
32069,0.4429,3.0634,7.6447,1351,3032.29
32074,4.0127,3.4895,10.8541,1351,3032.29
32079,-1.3527,-0.7518,14.1366,1353,3032.29
32084,-6.754,0.7015,10.5405,1363,3032.29
32089,0.8176,3.122,7.7273,1355,3032.29
32094,4.0881,3.3926,11.0253,1352,3032.29
32099,-1.7561,-0.9086,14.0288,1352,3032.29
32104,-6.6798,0.9254,10.2424,1357,3032.29
32109,1.0403,3.1591,7.8506,1349,3031.99
32114,4.1156,3.2621,11.2743,1352,3031.99
32119,-2.1033,-1.1073,14.1114,1352,3031.99
32124,-6.62,1.1432,10.0269,1365,3031.99
32129,1.2498,3.225,7.9428,1355,3031.22
32134,4.1659,3.0957,11.4311,1355,3031.22
32139,-2.4397,-1.2641,13.975,1351,3031.22
32144,-6.4823,1.2929,9.7564,1351,3031.22
32149,1.4856,3.3196,8.0457,1357,3030.92
32154,4.1037,2.9125,11.6753,1355,3030.92
32159,-2.7557,-1.4509,13.9917,1353,3030.92
32164,-6.3171,1.4928,9.5074,1357,3030.92
32169,1.6221,3.377,8.1942,1359,3031.37
32174,4.0342,2.7354,11.7914,1363,3031.37
32179,-3.0897,-1.5514,13.9319,1353,3031.37
32184,-6.1471,1.6005,9.3553,1355,3031.37
32189,1.798,3.4165,8.3617,1354,3031.37
32194,3.8906,2.6025,12.0141,1359,3031.37
32199,-3.4333,-1.6915,13.8505,1353,3031.37
32204,-5.9221,1.7454,9.08,1357,3031.22
32209,1.9357,3.474,8.4264,1351,3031.22
32214,3.7457,2.4134,12.1482,1359,3031.22
32219,-3.7326,-1.7609,13.8086,1363,3031.22
32224,-5.6635,1.9225,8.8777,1359,3031.37
32229,2.0506,3.5374,8.5712,1357,3031.37
32234,3.5578,2.2649,12.323,1355,3031.37
32246,0.0,-29.9981,0.1556,1353,3031.99
32249,2.15,3.5781,8.7005,1359,3031.99
32254,3.304,1.9848,12.5265,1351,3031.99
32259,-4.3431,-1.7849,13.5512,1359,3031.99
32264,-4.9967,2.1117,8.5449,1359,3031.07
32269,2.223,3.6835,8.8538,1356,3031.07
32274,3.0742,1.7717,12.6833,1351,3031.07
32279,-4.6064,-1.7825,13.3357,1355,3031.07
32284,-4.5574,2.1739,8.3091,1357,3031.22
32289,2.466,3.7194,9.0513,1355,3031.22
32294,2.806,1.6412,12.7982,1351,3031.22
32299,-4.8471,-1.6831,13.2459,1340,3031.22
32304,-4.1659,2.3116,8.163,1358,3031.07
32309,2.5139,3.8104,9.1063,1358,3031.07
32314,2.4277,1.3815,12.9514,1352,3031.07
32319,-5.0625,-1.6209,13.0939,1351,3031.07
32324,-3.7828,2.3691,7.9954,1358,3031.07
32329,2.6504,3.8223,9.3087,1357,3031.07
32334,2.1045,1.16,13.1178,1353,3031.07
32339,-5.3427,-1.5323,12.9095,1355,3031.07
32344,-3.3124,2.4241,7.835,1355,3030.61
32349,2.8359,3.8642,9.3972,1357,3030.61
32354,1.7825,0.9744,13.1885,1355,3030.61
32359,-5.5845,-1.3623,12.6845,1353,3030.61
32364,-2.873,2.4972,7.7895,1356,3030.61
32369,2.982,3.9109,9.5361,1353,3030.61
32374,1.4198,0.8655,13.3249,1355,3030.61
32379,-5.7652,-1.1624,12.5049,1350,3030.61
32384,-2.4421,2.5175,7.6686,1356,3030.46
32389,3.073,3.8942,9.6199,1352,3030.46
32394,1.166,0.6536,13.4375,1355,3030.46
32399,-5.9328,-1.0295,12.311,1359,3030.46
32404,-1.9824,2.6743,7.6614,1353,3030.61
32409,3.2214,3.9313,9.7695,1351,3030.61
32414,0.8188,0.4992,13.5632,1349,3030.61
32419,-6.1256,-0.7817,12.0859,1357,3030.61
32424,-1.5754,2.7078,7.5693,1356,3029.69
32429,3.3315,3.8595,9.9228,1355,3029.69
32434,0.4896,0.3053,13.6613,1343,3029.69
32439,-6.2465,-0.577,11.9578,1357,3029.69
32444,-1.1372,2.7725,7.5525,1350,3030.92
32449,3.4872,3.869,10.0963,1353,3030.92
32454,0.1736,0.1077,13.7188,1351,3030.92
32459,-6.3746,-0.4334,11.6837,1353,3030.92
32464,-0.7422,2.8096,7.5118,1357,3030.15
32469,3.6296,3.8044,10.234,1352,3030.15
32474,-0.1089,-0.0383,13.8074,1350,3030.15
32479,-6.5015,-0.2095,11.4586,1355,3030.15
32484,-0.3974,2.8778,7.5549,1358,3030.15
32489,3.7182,3.7469,10.3837,1357,3030.15
32494,-0.4405,-0.1748,13.878,1351,3030.15
32499,-6.5721,0.0263,11.2288,1351,3030.15
32504,-0.0934,2.9532,7.5369,1352,3030.3
32509,3.8092,3.6416,10.5908,1355,3030.3
32514,-0.7733,-0.3711,13.9211,1351,3030.3
32519,-6.6559,0.2346,10.9786,1353,3030.3
32524,0.2107,2.9473,7.6315,1351,3030.61
32529,3.9181,3.5614,10.6638,1354,3030.61
32534,-1.0367,-0.6488,13.9486,1349,3030.61
32539,-6.7301,0.4345,10.7524,1350,3030.61
32544,0.5351,3.0083,7.7129,1353,3030.76
32549,4.0342,3.4117,10.8948,1352,3030.76
32554,-1.4377,-0.7649,14.0252,1356,3030.76
32559,-6.7816,0.6871,10.4878,1355,3030.76
32564,0.8152,3.1173,7.7895,1353,3030.92
32569,4.1096,3.3662,11.1043,1351,3030.92
32574,-1.749,-0.9469,14.03,1363,3030.92
32579,-6.7265,0.899,10.258,1359,3030.92
32584,0.9948,3.1232,7.835,1353,3031.07
32589,4.1025,3.1639,11.3294,1355,3031.07
32594,-2.1344,-1.1576,14.0384,1349,3031.07
32599,-6.6523,1.1061,9.9994,1365,3031.07
32604,1.3024,3.2669,7.9499,1343,3031.07
32609,4.1396,3.1268,11.4802,1355,3031.07
32614,-2.5103,-1.2713,14.0061,1351,3031.07
32619,-6.5589,1.2941,9.7719,1363,3031.07
32624,1.4641,3.2705,8.023,1355,3030.46
32629,4.057,2.9102,11.6298,1355,3030.46
32634,-2.8515,-1.4521,13.9534,1353,3030.46
32639,-6.3805,1.488,9.5612,1354,3030.46
32644,1.6388,3.3794,8.1702,1358,3030.3
32649,3.9995,2.8563,11.8262,1353,3030.3
32654,-3.152,-1.5311,13.9175,1352,3030.3
32659,-6.2082,1.6149,9.3541,1355,3030.3
32664,1.7514,3.4177,8.3414,1353,3029.69
32669,3.887,2.5941,12.0309,1363,3029.69
32674,-3.4321,-1.6113,13.8205,1343,3029.69
32679,-6.0154,1.7825,9.1411,1361,3030.0
32684,1.8878,3.5195,8.4348,1355,3030.0
32689,3.7469,2.466,12.2176,1362,3030.0
32694,-3.7314,-1.6149,13.7391,1355,3030.0
32699,-5.7078,1.9417,8.9818,1359,3029.69
32704,2.0207,3.5638,8.606,1353,3029.69
32709,3.5626,2.2422,12.3565,1357,3029.69
32714,-3.978,-1.725,13.611,1357,3029.69
32719,-5.4133,2.0231,8.6395,1355,3030.0
32724,2.1548,3.626,8.7436,1355,3030.0
32729,3.3363,2.0901,12.5169,1352,3030.0
32734,-4.2892,-1.7298,13.562,1359,3030.0
32739,-5.108,2.1153,8.5724,1363,3030.46
32744,2.2865,3.6883,8.8071,1357,3030.46
32749,3.1113,1.8435,12.6103,1351,3030.46
32754,-4.5274,-1.7789,13.3896,1357,3030.46
32759,-4.7202,2.2206,8.3582,1357,3031.22
32764,2.4038,3.8008,8.9962,1357,3031.22
32769,2.8276,1.6963,12.8401,1353,3031.22
32774,-4.7932,-1.6364,13.2758,1351,3031.22
32779,-4.2916,2.2781,8.1439,1357,3031.83
32784,2.5821,3.7828,9.0836,1357,3031.83
32789,2.5738,1.4078,12.9359,1351,3031.83
32794,-5.0566,-1.6316,13.1059,1352,3031.83
32799,-3.8511,2.3391,8.0445,1357,3032.29
32804,2.7174,3.8128,9.232,1355,3032.29
32809,2.296,1.2222,13.052,1351,3032.29
32814,-5.3678,-1.5131,12.9311,1350,3032.29
32819,-3.389,2.4098,7.8685,1357,3032.75
32824,2.8611,3.8475,9.2967,1359,3032.75
32829,1.9249,1.0271,13.2004,1355,3032.75
32834,-5.5162,-1.3803,12.7767,1351,3032.75
32839,-2.9173,2.4756,7.8123,1357,3032.75
32844,2.9748,3.8379,9.487,1355,3032.75
32849,1.5622,0.7901,13.3273,1354,3032.75
32854,-5.7329,-1.221,12.5193,1351,3032.75
32859,-2.4373,2.5391,7.6124,1357,3032.91
32864,3.1244,3.9169,9.6223,1353,3032.91
32869,1.1971,0.6488,13.4913,1357,3032.91
32874,-5.964,-1.0319,12.3014,1355,3032.91
32879,-1.9824,2.624,7.5381,1357,3032.91
32884,3.2082,3.8678,9.7432,1355,3032.91
32889,0.8176,0.4286,13.5979,1351,3032.91
32894,-6.1316,-0.8464,12.0632,1353,3032.91
32899,-1.549,2.7306,7.5118,1351,3032.75
32904,3.4285,3.8199,9.8653,1355,3032.75
32909,0.5363,0.2562,13.6948,1343,3032.75
32914,-6.3482,-0.6129,11.8034,1353,3032.75
32919,-1.0834,2.715,7.4867,1357,3032.45
32924,3.5494,3.8092,10.0688,1352,3032.45
32929,0.1556,0.0539,13.8026,1349,3032.45
32934,-6.4464,-0.4022,11.6143,1353,3032.45
32939,-0.7386,2.8096,7.5034,1359,3031.83
32944,3.6248,3.7577,10.2604,1353,3031.83
32949,-0.2263,-0.1006,13.8313,1354,3031.83
32954,-6.5805,-0.1532,11.3605,1341,3031.83
32959,-0.3352,2.8683,7.4915,1359,3031.68
32964,3.7541,3.6739,10.4447,1354,3031.68
32969,-0.5195,-0.3328,13.8864,1353,3031.68
32974,-6.6068,0.0898,11.1259,1353,3031.68
32979,-0.0048,2.9149,7.6351,1351,3031.53
32984,3.8271,3.6356,10.6315,1357,3031.53
32989,-0.8954,-0.5315,13.9714,1342,3031.53
32994,-6.7768,0.3256,10.8505,1353,3031.53
32999,0.3232,3.0335,7.6638,1351,3031.22
33004,3.96,3.5051,10.8062,1353,3031.22
33009,-1.2677,-0.6716,14.0564,1353,3031.22
33014,-6.7912,0.5782,10.6542,1353,3031.22
33019,0.6249,3.1184,7.7141,1351,3031.07
33024,3.9828,3.4297,10.9798,1353,3031.07
33029,-1.5909,-0.8284,14.0157,1355,3031.07
33034,-6.7792,0.7829,10.4435,1353,3031.07
33039,0.8631,3.1472,7.7835,1353,3030.92
33044,4.039,3.3255,11.1606,1343,3030.92
33049,-1.9369,-1.0199,14.0611,1353,3030.92
33054,-6.7277,1.0487,10.2065,1359,3030.92
33059,1.1229,3.1807,7.9392,1351,3030.61
33064,4.0845,3.1963,11.3473,1353,3030.61
33069,-2.3284,-1.221,14.0504,1353,3030.61
33074,-6.6212,1.2438,9.9611,1362,3030.61
33079,1.3001,3.3232,8.0194,1351,3030.61
33084,4.0953,3.0562,11.5161,1331,3030.61
33089,-2.575,-1.3108,14.0576,1350,3030.61
33094,-6.5374,1.3994,9.7612,1363,3030.61
33099,1.494,3.3627,8.1199,1353,3030.61
33104,4.0474,2.9137,11.6753,1355,3030.61
33109,-2.9149,-1.3803,13.9642,1349,3030.61
33114,-6.3111,1.5562,9.5301,1351,3030.61
33119,1.6783,3.3818,8.3115,1359,3030.61
33124,3.9492,2.6983,11.8669,1355,3030.61
33129,-3.1987,-1.5538,13.9426,1351,3030.61
33134,-6.1292,1.7083,9.2787,1351,3030.61
33139,1.8316,3.5171,8.3617,1355,3030.92
33144,3.8786,2.5546,12.0368,1365,3030.92
33149,-3.6129,-1.6221,13.7834,1351,3030.92
33154,-5.873,1.8435,9.0058,1356,3030.76
33159,1.9836,3.5494,8.491,1351,3030.76
33164,3.7002,2.3391,12.2715,1355,3030.76
33169,-3.7984,-1.67,13.7355,1353,3030.76
33174,-5.5091,1.9752,8.8011,1357,3030.76
33179,2.1093,3.6308,8.5928,1349,3030.76
33184,3.5326,2.1668,12.3672,1359,3030.76
33189,-4.0989,-1.7262,13.6469,1358,3030.76
33194,-5.2397,2.0482,8.606,1355,3031.68
33199,2.2805,3.6392,8.7616,1355,3031.68
33204,3.3016,1.9261,12.4929,1350,3031.68
33209,-4.3981,-1.7394,13.4602,1359,3031.68
33214,-4.8578,2.1225,8.3606,1363,3031.68
33219,2.3834,3.7218,8.8358,1357,3031.68
33224,2.9904,1.7131,12.645,1343,3031.68
33229,-4.6543,-1.719,13.3477,1359,3031.68
33234,-4.4424,2.2206,8.2049,1355,3031.68
33239,2.5043,3.7266,9.0285,1355,3031.68
33244,2.7198,1.555,12.8018,1356,3031.68
33249,-4.8626,-1.6831,13.1932,1353,3031.68
33254,-4.0091,2.2793,7.9966,1352,3031.68
33259,2.7007,3.7649,9.1997,1357,3031.68
33264,2.4062,1.3036,12.979,1351,3031.68
33269,-5.1751,-1.6077,13.0544,1351,3031.68
33274,-3.5997,2.3583,7.8805,1355,3031.53
33279,2.7126,3.7996,9.2775,1359,3031.53
33284,2.0231,1.0977,13.0963,1349,3031.53
33289,-5.381,-1.4964,12.8245,1351,3031.53
33294,-3.1651,2.4205,7.7476,1355,3031.53
33299,2.8551,3.863,9.4715,1357,3031.53
33304,1.731,0.929,13.2244,1353,3031.53
33309,-5.6288,-1.306,12.6462,1351,3031.53
33314,-2.7019,2.4948,7.6638,1354,3031.37
33319,2.9856,3.808,9.5289,1354,3031.37
33324,1.3503,0.747,13.3333,1353,3031.37
33329,-5.7832,-1.1684,12.4415,1351,3031.37
33334,-2.2793,2.5881,7.6411,1355,3031.37
33339,3.0837,3.8666,9.6929,1352,3031.37
33344,1.0606,0.5207,13.4841,1355,3031.37
33349,-6.0322,-1.0307,12.1877,1355,3031.37
33354,-1.8842,2.6504,7.5465,1353,3031.68
33359,3.6739,-0.6165,-0.6165,1356,3031.68
33364,0.7494,0.34,13.5404,1353,3031.68
33369,-6.274,-0.7626,12.0201,1359,3031.68
33374,-1.3731,2.739,7.5513,1350,3031.99
33379,3.3974,3.8702,10.0724,1351,3031.99
33384,0.3639,0.261,13.6446,1343,3031.99
33389,-6.3722,-0.5219,11.7962,1359,3031.99
33394,-1.0175,2.7497,7.513,1353,3031.99
33399,3.4716,3.8044,10.2077,1353,3031.99
33404,0.0168,-0.0455,13.8145,1342,3031.99
33409,-6.5673,-0.3041,11.5939,1356,3031.99
33414,-0.6069,2.8695,7.5489,1357,3031.99
33419,3.6859,3.7553,10.3801,1351,3031.99
33424,-0.3843,-0.1281,13.8924,1352,3031.99
33429,-6.7086,-0.0251,11.3234,1352,3031.99
33434,-0.2155,2.9449,7.525,1358,3031.68
33439,3.7577,3.6883,10.5429,1357,3031.68
33444,-0.7374,-0.3352,13.957,1351,3031.68
33449,-6.7445,0.2071,11.0588,1351,3031.68
33454,0.1508,2.9951,7.5501,1352,3031.37
33459,3.887,3.5961,10.7607,1358,3031.37
33464,-0.984,-0.5495,13.9797,1341,3031.37
33469,-6.7313,0.4848,10.811,1351,3031.37
33474,0.4741,3.0514,7.6662,1350,3030.92
33479,4.0474,3.5219,10.9271,1353,3030.92
33484,-1.3827,-0.7207,14.0635,1351,3030.92
33489,-6.7564,0.68,10.5991,1355,3030.92
33494,0.7015,3.1436,7.7261,1352,3030.46
33499,4.1049,3.4357,11.0636,1352,3030.46
33504,-1.7107,-0.8464,13.975,1355,3030.46
33509,-6.7241,0.9768,10.3525,1353,3030.46
33514,0.9637,3.2238,7.8195,1351,3030.3
33519,4.1037,3.2884,11.2276,1351,3030.3
33524,-2.0195,-1.0211,14.0528,1353,3030.3
33529,-6.6331,1.1085,10.0832,1361,3030.3
33534,1.1863,3.2298,7.914,1353,3030.3
33539,4.1743,3.1436,11.4036,1350,3030.3
33544,-2.3355,-1.2378,13.9809,1351,3030.3
33549,-6.5565,1.2617,9.8677,1357,3030.3
33554,1.4138,3.316,8.0637,1343,3030.61
33559,4.1132,3.0155,11.576,1352,3030.61
33564,-2.6803,-1.3276,13.945,1344,3030.61
33569,-6.4069,1.421,9.6187,1363,3030.61
33574,1.6017,3.3519,8.0721,1351,3030.76
33579,4.1037,2.7833,11.8046,1357,3030.76
33584,-2.9868,-1.5012,13.939,1351,3030.76
33589,-6.2369,1.6113,9.4152,1355,3030.76
33594,1.7968,3.3878,8.2492,1357,3030.76
33599,4.0199,2.7066,11.9159,1355,3030.76
33604,-3.3016,-1.6137,13.8349,1351,3030.76
33609,-6.0322,1.7609,9.1746,1355,3030.76
33614,1.9309,3.468,8.3965,1341,3030.92
33619,3.8678,2.4301,12.1602,1357,3030.92
33624,-3.6021,-1.6915,13.7667,1351,3030.92
33629,-5.7521,1.8196,8.9603,1355,3030.92
33634,2.0686,3.5458,8.4743,1351,3030.92
33639,3.6799,2.2063,12.214,1359,3030.92
33644,-3.9265,-1.7119,13.6027,1351,3030.92
33649,-5.4719,2.0351,8.7233,1362,3031.07
33654,2.1775,3.6033,8.6395,1349,3031.07
33659,3.4704,2.1452,12.4415,1355,3031.07
33664,-4.1934,-1.7705,13.5811,1349,3031.07
33669,-5.1188,2.0423,8.5269,1355,3031.22
33674,2.2924,3.6236,8.7352,1351,3031.22
33679,3.1759,1.8507,12.5732,1352,3031.22
33684,-4.4855,-1.81,13.4662,1357,3031.22
33689,-4.7597,2.1883,8.3246,1363,3031.37
33694,2.4169,3.7194,8.91,1354,3031.37
33699,2.8575,1.7047,12.8006,1351,3031.37
33704,-4.7812,-1.7214,13.2639,1357,3031.37
33709,-4.3586,2.235,8.2325,1359,3031.37
33714,2.5139,3.735,8.9962,1355,3031.37
33719,2.5043,1.4317,12.9155,1353,3031.37
33724,-4.962,-1.6712,13.0903,1349,3031.37
33729,-3.9504,2.308,8.0134,1363,3031.37
33734,2.642,3.8008,9.1854,1357,3031.37
33739,2.2721,1.3599,13.0161,1336,3031.37
33744,-5.2517,-1.5131,12.9514,1343,3031.37
33749,-3.4991,2.393,7.8997,1358,3031.37
33754,2.7713,3.7625,9.3063,1357,3031.37
33759,1.9405,1.0606,13.198,1351,3031.37
33764,-5.5522,-1.4641,12.7707,1349,3031.37
33769,-3.0658,2.5007,7.78,1357,3031.22
33774,2.8527,3.8307,9.4056,1355,3031.22
33779,1.5718,0.9625,13.277,1352,3031.22
33784,-5.7006,-1.2797,12.5073,1351,3031.22
33789,-2.6145,2.5582,7.7057,1355,3031.22
33794,2.9916,3.8511,9.6163,1363,3031.22
33799,1.2797,0.6812,13.4351,1355,3031.22
33804,-5.873,-1.1432,12.3912,1351,3031.22
33809,-2.2075,2.5582,7.671,1356,3031.22
33814,3.1795,3.8822,9.7336,1352,3031.22
33819,0.9756,0.5148,13.5069,1355,3031.22
33824,-6.0801,-0.8966,12.1685,1351,3031.22
33829,-1.7633,2.6971,7.6267,1358,3030.92
33834,3.2705,3.8583,9.8545,1353,3030.92
33839,0.589,0.3256,13.6314,1353,3030.92
33844,-6.2441,-0.6895,11.9973,1355,3030.92
33849,-1.3479,2.7318,7.5717,1353,3030.92
33854,3.4225,3.8319,10.0221,1353,3030.92
33859,0.3232,0.1628,13.702,1351,3030.92
33864,-6.4093,-0.4405,11.6849,1357,3030.92
33869,-0.9086,2.7964,7.5346,1355,3030.61
33874,3.5937,3.8223,10.1466,1357,3030.61
33879,-0.0622,0.006,13.8062,1343,3030.61
33884,-6.5422,-0.1784,11.491,1353,3030.61
33889,-0.5722,2.8587,7.5537,1355,3030.61
33894,3.6847,3.7218,10.3705,1351,3030.61
33899,-0.3687,-0.2071,13.8696,1351,3030.61
33904,-6.5841,0.0096,11.2504,1355,3030.61
33909,-0.2071,2.9293,7.5489,1359,3031.07
33914,3.8391,3.6583,10.5225,1355,3031.07
33919,-0.6404,-0.3771,13.9702,1353,3031.07
33924,-6.693,0.2789,11.0265,1353,3031.07
33929,0.1963,3.0107,7.6279,1357,3031.22
33934,3.9732,3.5817,10.6638,1355,3031.22
33939,-0.9852,-0.5686,13.9941,1351,3031.22
33944,-6.6894,0.5064,10.799,1351,3031.22
33949,0.4633,3.061,7.6052,1341,3031.37
33954,4.0462,3.4752,10.8565,1355,3031.37
33959,-1.2857,-0.7374,14.0779,1351,3031.37
33964,-6.7588,0.6464,10.5333,1352,3031.37
33969,0.7518,3.1711,7.6914,1351,3031.37
33974,4.1084,3.3291,10.9942,1351,3031.37
33979,-1.7478,-0.8607,14.0444,1353,3031.37
33984,-6.7349,0.8871,10.3633,1349,3031.37
33989,1.0092,3.2034,7.8422,1349,3032.29
33994,4.1264,3.2226,11.2061,1349,3032.29
33999,-2.0195,-1.0738,14.0444,1353,3032.29
34004,-6.6248,1.1169,10.0808,1356,3032.29
34009,1.2701,3.1975,7.9224,1349,3032.14
34014,4.227,3.1053,11.4814,1352,3032.14
34019,-2.3715,-1.2546,14.0552,1351,3032.14
34024,-6.5721,1.3012,9.8342,1363,3032.14
34029,1.4341,3.2872,8.078,1352,3032.29
34034,4.1073,2.903,11.6155,1341,3032.29
34039,-2.824,-1.403,13.9965,1349,3032.29
34044,-6.3925,1.4844,9.5229,1365,3032.29
34049,1.6053,3.3782,8.1511,1353,3032.6
34054,4.0247,2.7617,11.8106,1354,3032.6
34059,-3.0885,-1.4581,13.9438,1363,3032.6
34064,-6.189,1.6783,9.2907,1357,3032.6
34069,1.8196,3.4273,8.2863,1353,3032.45
34074,3.9444,2.569,11.9997,1349,3032.45
34079,-3.4548,-1.6676,13.7714,1351,3032.45
34084,-5.9328,1.7957,9.0393,1353,3032.45
34089,1.9632,3.5362,8.4683,1353,3032.29
34094,3.7433,2.405,12.2475,1353,3032.29
34099,-3.7876,-1.6903,13.8074,1349,3032.29
34104,-5.6671,1.9405,8.8633,1355,3032.45
34109,2.0662,3.5422,8.5521,1343,3032.45
34114,3.559,2.1727,12.3242,1357,3032.45
34119,-4.1073,-1.7705,13.6374,1351,3032.45
34124,-5.3103,2.0446,8.6742,1357,3031.37
34129,2.1775,3.6176,8.752,1349,3031.37
34134,3.2549,1.9704,12.5229,1355,3031.37
34139,-4.3754,-1.7669,13.5368,1355,3031.37
34144,-4.9608,2.1021,8.4539,1359,3030.76
34149,2.2984,3.6536,8.8765,1353,3030.76
34154,2.9892,1.7693,12.615,1353,3030.76
34159,-4.616,-1.737,13.4147,1359,3030.76
34164,-4.6064,2.2182,8.2815,1353,3030.61
34169,2.4205,3.7086,9.007,1357,3030.61
34174,2.7629,1.5766,12.8066,1353,3030.61
34179,-4.8949,-1.7214,13.2184,1356,3030.61
34184,-4.1539,2.2972,8.1307,1357,3030.76
34189,2.5714,3.7385,9.1135,1357,3030.76
34194,2.4624,1.3815,12.9059,1349,3030.76
34199,-5.126,-1.6496,13.0939,1352,4294.3
34204,-3.7697,2.3679,8.0134,1358,10300.43
34209,2.6468,3.8164,9.323,1351,10300.43
34214,2.1656,1.1863,13.0759,1351,10300.43
34219,-5.3008,-1.5155,12.8928,1351,10300.43
34224,-3.3363,2.3978,7.8446,1357,3031.22
34229,2.824,3.8211,9.4008,1357,3031.22
34234,1.8124,0.9649,13.21,1353,3031.22
34239,-5.5964,-1.403,12.7324,1351,3031.22
34244,-2.8862,2.4888,7.7333,1357,3031.68
34249,2.9856,3.8918,9.5074,1357,3031.68
34254,1.4892,0.8104,13.3022,1353,3031.68
34259,-5.8012,-1.2151,12.4678,1343,3031.68
34264,-2.4708,2.5786,7.6495,1351,3031.99
34269,3.0801,3.8822,9.7193,1362,3031.99
34274,1.1229,0.6369,13.4782,1355,3031.99
34279,-6.019,-0.9912,12.2823,1349,3031.99
34284,-1.9896,2.6073,7.6064,1355,3031.99
34289,3.2693,3.875,9.7863,1352,3031.99
34294,0.8308,0.4633,13.5452,1354,3031.99
34299,-6.2118,-0.8068,12.1374,1353,3031.99
34304,-1.4904,2.6863,7.5657,1358,3032.14
34309,3.3962,3.8918,9.9874,1353,3032.14
34314,0.4334,0.2442,13.6865,1352,3032.14
34319,-6.3686,-0.589,11.8022,1357,3032.14
34324,-1.0858,2.7509,7.4867,1353,3031.83
34329,3.5219,3.8271,10.1095,1343,3031.83
34334,0.0874,0.0658,13.7559,1351,3031.83
34339,-6.4416,-0.2813,11.6933,1352,3031.83
34344,-0.6871,2.8527,7.5417,1357,3031.68
34349,3.6464,3.8116,10.2747,1353,3031.68
34354,-0.2035,-0.1353,13.8481,1341,3031.68
34359,-6.5637,-0.073,11.3808,1342,3031.68
34364,-0.3184,2.9018,7.5142,1353,3031.53
34369,3.8032,3.7062,10.4184,1356,3031.53
34374,-0.5471,-0.2981,13.9271,1356,3031.53
34379,-6.6655,0.1281,11.1223,1352,3031.53
34384,0.0443,3.0059,7.5549,1359,3031.37
34389,3.8966,3.614,10.6243,1355,3031.37
34394,-0.905,-0.4848,13.9821,1351,3031.37
34399,-6.6786,0.316,10.8565,1357,3031.37
34404,0.3555,3.0311,7.586,1357,3031.68
34409,4.0031,3.5303,10.8194,1357,3031.68
34414,-1.2031,-0.6165,14.0707,1342,3031.68
34419,-6.7145,0.6213,10.6578,1353,3031.68
34424,0.6129,3.1364,7.6974,1352,3031.99
34429,4.1037,3.4584,10.9798,1352,3031.99
34434,-1.5107,-0.8523,13.9941,1343,3031.99
34439,-6.7098,0.7841,10.3705,1353,3031.99
34444,0.8966,3.1256,7.8099,1353,3032.45
34449,4.1575,3.2585,11.1582,1353,3032.45
34454,-1.9094,-1.0475,14.0827,1349,3032.45
34459,-6.6978,1.0175,10.1514,1351,3032.45
34464,1.166,3.2358,7.92,1352,3032.75
34469,4.1958,3.1412,11.3342,1350,3032.75
34474,-2.3008,-1.2127,14.0121,1351,3032.75
34479,-6.5924,1.2318,9.8497,1363,3032.75
34484,1.397,3.3004,8.0134,1351,3032.29
34489,4.1372,2.9137,11.5987,1351,3032.29
34494,-2.6157,-1.3635,14.0312,1343,3032.29
34499,-6.4404,1.4377,9.6067,1362,3032.29
34504,1.6113,3.3363,8.1044,1349,3031.83
34509,4.0797,2.8144,11.7507,1352,3031.83
34514,-2.982,-1.5071,13.9331,1339,3031.83
34519,-6.3063,1.5957,9.3972,1363,3031.83
34524,1.6855,3.4093,8.2121,1351,3031.83
34529,4.0067,2.6576,11.983,1353,3031.83
34534,-3.322,-1.6065,13.9139,1349,3031.83
34539,-6.0729,1.7059,9.2069,1353,3031.83
34544,1.9166,3.4369,8.4108,1357,3031.53
34549,3.8571,2.484,12.074,1353,3031.53
34554,-3.6164,-1.7059,13.8289,1349,3031.53
34559,-5.7832,1.8471,8.9651,1353,3031.53
34564,1.9788,3.4812,8.5413,1356,3031.37
34569,3.6464,2.2458,12.2846,1355,3031.37
34574,-3.9684,-1.725,13.6505,1342,3031.37
34579,-5.4708,1.998,8.7544,1351,3031.37
34584,2.1344,3.571,8.655,1354,3031.37
34589,3.4105,2.0399,12.4187,1356,3031.37
34594,-4.2725,-1.7514,13.6218,1351,3031.37
34599,-5.1679,2.1332,8.5605,1363,3031.68
34604,2.2194,3.638,8.7867,1349,3031.68
34609,3.1568,1.8543,12.5791,1355,3031.68
34614,-4.5179,-1.7633,13.4327,1354,3031.68
34619,-4.7764,2.217,8.339,1358,3031.37
34624,2.3762,3.6919,8.9543,1353,3031.37
34629,2.8766,1.6496,12.8102,1353,3031.37
34634,-4.8291,-1.7238,13.3345,1359,3031.37
34639,-4.3562,2.2936,8.1954,1359,3031.68
34644,2.4612,3.7769,9.0537,1356,3031.68
34649,2.5426,1.4377,12.882,1355,3031.68
34654,-5.047,-1.6113,13.1059,1356,3031.68
34659,-3.9193,2.3691,8.0385,1365,3031.83
34664,2.5989,3.8511,9.2308,1356,3031.83
34669,2.2242,1.2881,13.137,1352,3031.83
34674,-5.296,-1.4928,12.9682,1352,3031.83
34679,-3.4979,2.4301,7.9296,1357,3032.14
34684,2.8036,3.9049,9.3458,1355,3032.14
34689,1.9309,1.0546,13.1693,1352,3032.14
34694,-4.3287,-1.7597,13.544,1351,3032.14
34699,-3.0251,2.4804,7.7895,1359,3032.29
34704,2.8922,3.8858,9.4834,1351,3032.29
34709,1.5682,0.8763,13.3417,1351,3032.29
34714,-4.543,-1.7442,13.4147,1350,3032.29
34719,-4.5861,2.2218,8.2947,1355,3032.29
34724,2.466,3.6775,8.9088,1357,3032.29
34729,2.8778,1.5514,12.8078,1353,3032.29
34734,-4.9033,-1.658,13.2136,1340,3032.29
34739,-4.1372,2.32,8.1104,1355,3031.99
34744,2.5893,3.7924,9.0716,1359,3031.99
34749,2.4445,1.3862,12.9502,1352,3031.99
34754,-5.0637,-1.6352,13.1214,1349,3031.99
34759,-3.7254,2.3475,7.8865,1357,3031.83
34764,2.7138,3.7649,9.1937,1343,3031.83
34769,2.1404,1.1684,13.1154,1357,3031.83
34774,-5.2696,-1.4772,12.8916,1353,3031.83
34779,-3.2693,2.4493,7.853,1355,3031.99
34784,2.8563,3.869,9.3996,1352,3031.99
34789,1.8579,0.9744,13.2483,1352,3031.99
34794,-5.5534,-1.385,12.6605,1356,3031.99
34799,-2.8467,2.4876,7.689,1352,3031.83
34804,2.958,3.8152,9.4834,1353,3031.83
34809,1.4928,0.7817,13.3513,1349,3031.83
34814,-5.7616,-1.2151,12.4678,1355,3031.83
34819,-2.405,2.557,7.5956,1353,3032.14
34824,3.061,3.8607,9.6283,1356,3032.14
34829,1.1648,0.6189,13.4027,1343,3032.14
34834,-5.9759,-1.0379,12.2703,1353,3032.14
34839,-1.9405,2.6133,7.5681,1357,3032.29
34844,3.2453,3.8199,9.7971,1353,3032.29
34849,0.7997,0.3819,13.5727,1351,3032.29
34854,-6.2153,-0.8033,12.056,1353,3032.29
34859,-1.5119,2.6755,7.5022,1357,3032.29
34864,3.3722,3.8966,9.9335,1352,3032.29
34869,0.4286,0.1999,13.6697,1351,3032.29
34874,-6.3638,-0.5567,11.8046,1354,3032.29
34879,-1.1145,2.7461,7.5022,1357,3031.83
34884,3.4656,3.7721,10.1071,1359,3031.83
34889,0.1281,0.0263,13.7954,1343,3031.83
34894,-6.5182,-0.3699,11.564,1353,3031.83
34899,-0.6476,2.7857,7.5274,1352,3030.92
34904,3.6236,3.7804,10.2999,1354,3030.92
34909,-0.2466,-0.1413,13.8792,1354,3030.92
34914,-6.6116,-0.1317,11.3725,1353,3030.92
34919,-0.334,2.8946,7.5884,1361,3030.3
34924,3.6404,3.6416,10.4603,1351,3030.3
34929,-0.5674,-0.3196,13.9079,1355,3030.3
34934,-6.6523,0.1508,11.1534,1351,3030.3
34939,0.0204,2.958,7.598,1353,3030.46
34944,3.8403,3.6619,10.6243,1351,3030.46
34949,-0.9206,-0.4741,14.0133,1354,3030.46
34954,-6.7229,0.4082,10.902,1362,3030.46
34959,0.3053,3.0095,7.7021,1353,3030.15
34964,3.8822,3.5482,10.811,1352,3030.15
34969,-1.2175,-0.6644,13.9762,1354,3030.15
34974,-6.7074,0.6309,10.6686,1363,3030.15
34979,0.6381,3.1113,7.6746,1343,3030.15
34984,4.0151,3.4692,10.9463,1353,3030.15
34989,-1.5574,-0.8188,14.0935,1350,3030.15
34994,-6.7265,0.8452,10.5022,1363,3030.15
34999,0.8356,3.1963,7.7716,1351,3030.0
35004,4.027,3.316,11.1678,1351,3030.0
35009,-1.9297,-0.9577,13.9869,1343,3030.0
35014,-6.6738,0.9792,10.137,1357,3030.0
35019,1.0822,3.2884,7.9128,1357,3030.0
35024,4.0917,3.1999,11.3198,1351,3030.0
35029,-2.1644,-1.1624,14.0408,1351,3030.0
35034,-6.5972,1.2366,9.9659,1343,3030.0
35039,1.2965,3.2705,7.9787,1356,3030.15
35044,4.1791,3.0837,11.4371,1358,3030.15
35049,-2.5103,-1.2977,13.9402,1351,3030.15
35054,-6.4835,1.3838,9.7384,1353,3030.15
35059,1.4964,3.3567,8.1223,1352,3030.15
35064,4.1037,2.9341,11.6777,1359,3030.15
35069,-2.8335,-1.4174,13.9522,1351,3030.15
35074,-6.3195,1.5574,9.4619,1362,3030.61
35079,1.7238,3.3998,8.1738,1353,3030.61
35084,4.0414,2.7198,11.8381,1362,3030.61
35089,-3.1304,-1.5311,13.9079,1355,3030.61
35094,-6.1052,1.6891,9.2392,1357,3030.0
35099,1.8136,3.4991,8.3438,1354,3030.0
35104,3.8942,2.5414,12.0249,1342,3030.0
35109,-3.4261,-1.6137,13.8098,1358,3030.0
35114,-5.8718,1.8232,8.9914,1357,3030.3
35119,1.9896,3.5255,8.4264,1356,3030.3
35124,3.7266,2.3355,12.1757,1343,3030.3
35129,-3.7266,-1.7131,13.714,1372,3030.3
35134,-5.6048,1.8818,8.8789,1363,3030.3
35139,2.083,3.559,8.5748,1357,3030.3
35144,3.5686,2.1919,12.3816,1353,3030.3
35149,-4.0175,-1.7597,13.6074,1354,3030.3
35154,-5.2481,2.0159,8.5952,1355,3030.3
35159,2.2051,3.5793,8.7352,1353,3030.3
35164,3.3076,1.9261,12.5564,1351,3030.3
35169,-4.2533,-1.8184,13.5021,1355,3030.3
35174,-4.9177,2.1093,8.4264,1362,3030.92
35179,2.3092,3.6859,8.855,1357,3030.92
35184,3.0394,1.7693,12.6426,1350,3030.92
35189,-4.5466,-1.7466,13.3189,1352,3030.92
35194,-4.5645,2.1859,8.2456,1358,3031.07
35199,2.4433,3.6966,9.0154,1357,3031.07
35204,2.7473,1.5479,12.8054,1339,3031.07
35209,-4.8387,-1.7083,13.2064,1351,3031.07
35214,-4.1635,2.2446,8.1702,1355,3030.61
35219,2.5043,3.7266,9.1327,1358,3030.61
35224,2.4445,1.421,12.9431,1353,3030.61
35229,-5.0709,-1.6436,12.9969,1352,3030.61
35234,-3.7457,2.3367,7.9631,1353,3030.61
35239,2.6085,3.8235,9.3158,1355,3030.61
35244,2.1452,1.2103,13.1322,1355,3030.61
35249,-5.3678,-1.5239,12.8569,1349,3030.61
35254,-3.3196,2.405,7.8147,1356,3030.3
35259,2.7473,3.8068,9.3972,1353,3030.3
35264,1.7585,0.9756,13.198,1355,3030.3
35269,-5.5486,-1.403,12.6941,1356,3030.3
35274,-2.9149,2.496,7.762,1357,3030.15
35279,2.8503,3.9025,9.572,1355,3030.15
35284,1.5107,0.814,13.3213,1351,3030.15
35289,-5.7796,-1.2534,12.5181,1358,3030.15
35294,-2.4995,2.5343,7.6507,1351,3030.15
35299,3.0275,3.9133,9.6654,1355,3030.15
35304,1.1791,0.6345,13.4231,1341,3030.15
35309,-5.9711,-1.0235,12.3122,1353,3030.15
35314,-2.0542,2.6683,7.6842,1355,3030.3
35319,3.1484,3.9193,9.8007,1355,3030.3
35324,0.8068,0.5028,13.5356,1338,3030.3
35329,-6.1531,-0.8619,12.1003,1355,3030.3
35334,-1.6388,2.636,7.5968,1357,3030.61
35339,3.3243,3.9037,9.924,1356,3030.61
35344,0.5148,0.2693,13.6039,1349,3030.61
35349,-6.2836,-0.6309,11.9171,1353,3030.61
35354,-1.2342,2.8,7.5753,1357,3030.0
35359,3.4524,3.8583,10.0269,1355,3030.0
35364,0.1736,0.1592,13.7355,1351,3030.0
35369,-6.3973,-0.3531,11.6657,1355,3030.0
35374,-0.8308,2.7916,7.5357,1353,3030.0
35379,3.5554,3.8032,10.1909,1359,3030.0
35384,-0.1293,-0.0587,13.7918,1343,3030.0
35389,-6.4991,-0.164,11.4168,1352,3030.0
35394,-0.4621,2.8958,7.5729,1352,3030.15
35399,3.7517,3.7481,10.3334,1353,3030.15
35404,-0.4178,-0.2298,13.8852,1351,3030.15
35409,-6.6116,0.0371,11.1965,1355,3030.15
35414,-0.1053,2.9521,7.5681,1352,3030.46
35419,3.7828,3.6452,10.5417,1353,3030.46
35424,-0.6943,-0.3843,13.957,1352,3030.46
35429,-6.626,0.3172,11.0121,1341,3030.46
35434,0.1784,3.0263,7.5848,1357,3030.76
35439,3.9289,3.5769,10.6841,1352,3030.76
35444,-0.9912,-0.5914,14.0097,1353,3030.76
35449,-6.681,0.492,10.7847,1361,3030.76
35454,0.5064,3.1101,7.6303,1352,3030.92
35459,4.057,3.5003,10.8816,1352,3030.92
35464,-1.3467,-0.7961,14.036,1351,3030.92
35469,-6.7014,0.7051,10.5189,1367,3030.92
35474,0.7997,3.1639,7.6626,1350,3031.07
35479,4.1144,3.3555,11.0421,1353,3031.07
35484,-1.6855,-0.9457,14.024,1343,3031.07
35489,-6.675,0.9062,10.2508,1363,3031.07
35494,1.0068,3.1795,7.8243,1353,3031.53
35499,4.1372,3.1999,11.2516,1351,3031.53
35504,-2.0674,-1.0858,14.0528,1349,3031.53
35509,-6.6607,1.1085,10.0377,1355,3031.53
35514,1.2809,3.2597,7.9476,1357,3031.37
35519,4.1408,3.0993,11.3952,1352,3031.37
35524,-2.4205,-1.2342,14.0516,1351,3031.37
35529,-6.5134,1.3276,9.8007,1357,3031.37
35534,1.4808,3.3267,8.0313,1355,3031.37
35539,4.0689,2.909,11.6346,1357,3031.37
35544,-2.7294,-1.4317,13.9378,1337,3031.37
35549,-6.377,1.4509,9.566,1355,3031.53
35554,1.6436,3.3519,8.1499,1350,3031.53
35559,4.0785,2.7426,11.8489,1359,3031.53
35564,-3.1256,-1.5335,13.9558,1349,3031.53
35569,-6.1435,1.646,9.2775,1355,3031.99
35574,1.7945,3.4165,8.2911,1353,3031.99
35579,3.8523,2.5474,11.9602,1335,3031.99
35584,-3.4273,-1.6771,13.8481,1356,3031.99
35589,-5.8933,1.7693,9.0309,1355,3031.99
35594,1.9249,3.4943,8.4228,1353,3031.99
35599,3.7433,2.3906,12.2272,1351,3031.99
35604,-3.7625,-1.7035,13.8002,1359,3031.99
35609,-5.6695,1.9273,8.8478,1358,3031.68
35614,2.0363,3.5255,8.606,1353,3031.68
35619,3.5015,2.1476,12.3661,1355,3031.68
35624,-4.0306,-1.743,13.6027,1359,3031.68
35629,-5.3367,2.0399,8.6898,1358,3031.83
35634,2.1727,3.6392,8.7664,1355,3031.83
35639,3.3028,2.0363,12.548,1352,3031.83
35644,-4.3359,-1.7502,13.5512,1351,3031.83
35649,-4.9835,2.1296,8.4743,1356,3031.83
35654,2.2996,3.6404,8.8681,1355,3031.83
35659,3.0538,1.798,12.6366,1352,3031.83
35664,-4.6388,-1.7011,13.374,1353,3031.83
35669,-4.6172,2.223,8.3139,1361,3031.99
35674,2.4217,3.7086,9.0273,1357,3031.99
35679,2.7461,1.5945,12.8233,1343,3031.99
35684,-4.9021,-1.6556,13.2387,1349,3031.99
35689,-4.203,2.308,8.0505,1353,3032.14
35694,2.5666,3.7685,9.1447,1357,3032.14
35699,2.4696,1.3324,12.9873,1353,3032.14
35704,-5.1954,-1.6053,13.0628,1351,3032.14
35709,-3.7074,2.4086,7.9571,1353,3031.83
35714,2.6743,3.8295,9.317,1355,3031.83
35719,2.1141,1.1432,13.1083,1353,3031.83
35724,-5.3558,-1.4569,12.8605,1351,3031.83
35729,-3.2549,2.4517,7.8219,1359,3031.83
35734,2.8299,3.8714,9.414,1353,3031.83
35739,1.7873,0.9577,13.2052,1353,3031.83
35744,-5.5929,-1.3276,12.7168,1355,3031.83
35749,-2.8264,2.496,7.7189,1357,3031.99
35754,2.9461,3.9217,9.511,1355,3031.99
35759,1.4461,0.8392,13.3525,1351,3031.99
35764,-5.8407,-1.1684,12.4259,1356,3031.99
35769,-2.3367,2.5558,7.6136,1338,3031.83
35774,3.0945,3.869,9.6642,1357,3031.83
35779,1.0211,0.595,13.4985,1343,3031.83
35784,-5.9939,-0.9457,12.3242,1355,3031.83
35789,-1.8854,2.6264,7.5884,1353,3032.14
35794,3.2717,3.893,9.827,1353,3032.14
35799,0.7602,0.4166,13.4913,1351,3032.14
35804,-6.1878,-0.7374,12.0189,1354,3032.14
35809,-1.4126,2.6647,7.5489,1356,3032.14
35814,3.4405,3.8762,9.9623,1351,3032.14
35819,0.3627,0.2131,13.6481,1343,3032.14
35824,-6.3375,-0.4752,11.8381,1353,3032.14
35829,-0.9852,2.8084,7.5058,1354,3032.14
35834,3.547,3.8128,10.0975,1355,3032.14
35839,0.091,0.0503,13.7667,1352,3032.14
35844,-6.4763,-0.2897,11.564,1352,3032.14
35849,-0.5974,2.873,7.4915,1353,3032.14
35854,3.6512,3.7266,10.2663,1355,3032.14
35859,-0.1856,-0.1724,13.8576,1343,3032.14
35864,-6.5673,-0.0287,11.2899,1350,3032.14
35869,-0.2059,2.8946,7.5214,1352,3031.99
35874,3.814,3.6655,10.4854,1352,3031.99
35879,-0.5626,-0.3053,13.9235,1353,3031.99
35884,-6.6307,0.1832,11.0648,1351,3031.99
35889,0.1448,2.9616,7.5537,1353,3031.99
35894,3.8702,3.6009,10.6542,1343,3031.99
35899,-0.9134,-0.5411,13.9426,1353,3031.99
35904,-6.6954,0.3879,10.8374,1353,3031.99
35909,0.4286,3.0191,7.58,1353,3032.14
35914,4.0139,3.5123,10.8374,1353,3032.14
35919,-1.2797,-0.7051,14.0264,1351,3032.14
35924,-6.7373,0.6536,10.5512,1357,3032.14
35929,0.7254,3.0993,7.7081,1353,3032.14
35934,4.0749,3.3914,11.0121,1350,3032.14
35939,-1.6221,-0.911,13.9965,1343,3032.14
35944,-6.705,0.8727,10.3034,1363,3032.14
35949,0.9517,3.1747,7.7716,1341,3032.14
35954,4.1204,3.2022,11.2719,1359,3032.14
35959,-2.0111,-1.069,14.0647,1349,3032.14
35964,-6.6978,1.1181,10.0987,1364,3032.14
35969,1.2175,3.1915,7.8937,1355,3031.53
35974,4.0953,3.1017,11.4191,1356,3031.53
35979,-2.3427,-1.2725,13.9833,1351,3031.53
35984,-6.523,1.2905,9.7935,1353,3031.53
35989,1.4078,3.3112,8.0158,1351,3031.53
35994,4.0893,2.9161,11.6693,1354,3031.53
35999,-2.7114,-1.4102,13.9917,1352,3031.53
36004,-6.3889,1.4916,9.6031,1353,3031.53
36009,1.5814,3.371,8.1427,1351,3031.53
36014,4.0342,2.8287,11.825,1357,3031.53
36019,-3.0646,-1.5263,13.9486,1352,3031.53
36024,-6.2321,1.6089,9.3601,1358,3031.07
36029,1.6843,3.4357,8.3007,1350,3031.07
36034,3.8906,2.6228,12.0009,1356,3031.07
36039,-3.3782,-1.6245,13.8936,1355,3031.07
36044,-6.0298,1.7478,9.1758,1359,3030.92
36049,1.8375,3.4656,8.3893,1339,3030.92
36054,3.7852,2.4876,12.0919,1353,3030.92
36059,-3.6763,-1.6747,13.7714,1358,3030.92
36064,-5.7341,1.8663,8.9052,1355,3030.76
36069,1.9896,3.5386,8.5497,1355,3030.76
36074,3.632,2.2362,12.3182,1353,3030.76
36079,-3.9923,-1.7502,13.6122,1359,3030.76
36084,-5.4133,1.9704,8.691,1355,3030.46
36089,2.0949,3.5554,8.6718,1356,3030.46
36094,3.3627,2.0782,12.451,1353,3030.46
36099,-4.2665,-1.7238,13.5655,1357,3030.46
36104,-5.1404,2.0877,8.5317,1357,3030.46
36109,2.1931,3.6344,8.8107,1355,3030.46
36114,3.1603,1.8639,12.6426,1351,3030.46
36119,-4.5334,-1.7286,13.453,1351,3030.46
36124,-4.695,2.1859,8.3031,1355,3030.46
36129,2.3786,3.7158,8.9399,1369,3030.46
36134,2.8192,1.6412,12.7527,1353,3030.46
36139,-4.719,-1.7083,13.3225,1352,3030.46
36144,-4.3323,2.2841,8.1762,1357,3030.15
36149,2.4804,3.7685,9.0764,1357,3030.15
36154,2.5738,1.4928,12.9239,1339,3030.15
36159,-4.9967,-1.6376,13.1897,1351,3030.15
36164,-3.9349,2.3631,8.0337,1353,3030.15
36169,2.6384,3.8223,9.1626,1353,3030.15
36174,2.223,1.3084,13.0185,1351,3030.15
36179,-5.2146,-1.5754,12.9526,1353,3030.15
36184,-3.4788,2.3774,7.9248,1355,3030.0
36189,2.7689,3.8547,9.3386,1357,3030.0
36194,1.9106,1.1325,13.1741,1353,3030.0
36199,-5.4312,-1.4102,12.815,1353,3030.0
36204,-3.0754,2.4325,7.7788,1355,3030.15
36209,2.8395,3.8654,9.4212,1353,3030.15
36214,1.6293,0.9349,13.2687,1357,3030.15
36219,-5.5988,-1.3216,12.5971,1355,3030.15
36224,-2.6659,2.5187,7.7237,1357,3030.15
36229,3.0107,3.8654,9.5744,1353,3030.15
36234,1.2893,0.723,13.3393,1351,3030.15
36239,-5.8131,-1.0846,12.3768,1359,3030.15
36244,-2.229,2.5989,7.6016,1351,3030.46
36249,3.146,3.9073,9.73,1353,3030.46
36254,1.0223,0.5602,13.5596,1349,3030.46
36259,-5.9795,-0.9373,12.1769,1352,3030.46
36264,-1.7609,2.6695,7.5465,1353,3030.61
36269,3.2789,3.8128,9.7899,1355,3030.61
36274,0.7434,0.3615,13.6733,1343,3030.61
36279,-6.2046,-0.7709,11.9902,1355,3030.61
36284,-1.3587,2.7497,7.5226,1355,3030.46
36289,3.3794,3.8547,9.9742,1351,3030.46
36294,0.3962,0.2131,13.6817,1341,3030.46
36299,-6.2656,-0.5387,11.7412,1352,3030.46
36304,-0.9924,2.7665,7.5405,1357,3030.3
36309,3.5051,3.8104,10.1095,1353,3030.3
36314,0.1233,0.0132,13.8014,1353,3030.3
36319,-6.4596,-0.3136,11.5412,1353,3030.3
36324,-0.65,2.8024,7.5896,1357,3030.15
36329,3.6176,3.7421,10.2651,1363,3030.15
36334,-0.2227,-0.1784,13.8816,1355,3030.15
36339,-6.5781,-0.1125,11.3186,1355,3030.15
36344,-0.3005,2.8886,7.5441,1352,3030.15
36349,3.7541,3.6643,10.4232,1353,3030.15
36354,-0.5207,-0.3089,13.9019,1349,3030.15
36359,-6.6583,0.1568,11.0648,1352,3030.15
36364,0.0323,2.9401,7.6327,1352,3029.84
36369,3.9025,3.565,10.6458,1351,3029.84
36374,-0.8631,-0.5303,14.0013,1352,3029.84
36379,-6.7421,0.3771,10.7775,1352,3029.84
36384,0.2981,2.9772,7.6626,1351,3029.84
36389,3.9002,3.4441,10.8685,1352,3029.84
36394,-1.2115,-0.7087,14.03,1353,3029.84
36399,-6.7241,0.6273,10.5884,1357,3029.84
36404,0.6201,3.073,7.7333,1352,3029.69
36409,3.9863,3.4429,10.987,1351,3029.69
36414,-1.5419,-0.8906,14.0408,1351,3029.69
36419,-6.7684,0.7961,10.3669,1363,3029.69
36424,0.8452,3.1268,7.847,1349,3030.15
36429,4.0594,3.3148,11.1642,1353,3030.15
36434,-1.907,-1.0534,14.0935,1350,3030.15
36439,-6.6738,1.063,10.1359,1365,3030.15
36444,1.1337,3.2501,7.993,1352,3030.15
36449,4.0737,3.2406,11.3294,1353,3030.15
36454,-2.2446,-1.1923,14.048,1343,3030.15
36459,-6.6008,1.2115,10.003,1359,3030.15
36464,1.2893,3.2836,8.0242,1353,3030.3
36469,4.0223,3.0275,11.5257,1357,3030.3
36474,-2.5929,-1.33,14.0456,1351,3030.3
36479,-6.4955,1.3815,9.7001,1355,3030.3
36484,1.488,3.3662,8.1343,1357,3029.84
36489,4.0342,2.9209,11.6849,1359,3029.84
36494,-2.8922,-1.4054,14.0336,1352,3029.84
36499,-6.3398,1.5586,9.5181,1353,3029.84
36504,1.6233,3.3998,8.2744,1351,3029.84
36509,3.966,2.7019,11.8884,1357,3029.84
36514,-3.2058,-1.4904,13.8588,1349,3029.84
36519,-6.1507,1.7131,9.2775,1353,3029.54
36524,1.8292,3.5207,8.3725,1351,3029.54
36529,3.8235,2.5738,12.0213,1356,3029.54
36534,-3.4692,-1.6305,13.8672,1355,3029.54
36539,-5.849,1.8208,9.0668,1361,3029.69
36544,1.8938,3.5267,8.4934,1350,3029.69
36549,3.65,2.332,12.1961,1356,3029.69
36554,-3.7421,-1.7047,13.7834,1353,3029.69
36559,-5.5629,1.9537,8.8095,1355,3029.84
36564,2.0877,3.6631,8.6107,1353,3029.84
36569,3.4872,2.1883,12.3708,1353,3029.84
36574,-4.0426,-1.7119,13.6865,1363,3029.84
36579,-5.2529,2.0063,8.6395,1357,3029.69
36584,2.1644,3.6895,8.7927,1352,3029.69
36589,3.237,1.968,12.5025,1353,3029.69
36594,-4.2964,-1.743,13.4841,1357,3029.69
36599,-4.9153,2.132,8.4827,1363,3029.84
36604,2.3415,3.7445,8.8454,1363,3029.84
36609,3.0299,1.8316,12.6605,1351,3029.84
36614,-4.5753,-1.7442,13.4243,1353,3029.84
36619,-4.5502,2.1955,8.2456,1357,3030.0
36624,2.4493,3.7146,8.9627,1354,3030.0
36629,2.7641,1.5838,12.7802,1351,3030.0
36634,-4.8076,-1.7214,13.2064,1352,3030.0
36639,-4.1408,2.2709,8.1044,1359,3030.3
36644,2.5379,3.8056,9.1961,1359,3030.3
36649,2.4565,1.4413,12.9443,1351,3030.3
36654,-5.0015,-1.5921,13.0652,1350,3030.3
36659,-3.7278,2.3092,7.9535,1357,3030.46
36664,2.6468,3.8008,9.2117,1357,3030.46
36669,2.1679,1.1803,13.0173,1339,3030.46
36674,-5.2577,-1.5371,12.8569,1351,3030.46
36679,-3.3076,2.4098,7.8661,1355,3030.61
36684,2.8108,3.8379,9.4116,1355,3030.61
36689,1.8651,1.0068,13.1885,1353,3030.61
36694,-5.46,-1.385,12.627,1349,3030.61
36699,-2.8886,2.4541,7.6854,1349,3030.46
36704,2.8994,3.8008,9.4332,1353,3030.46
36709,1.5095,0.7925,13.307,1354,3030.46
36714,-5.6898,-1.2689,12.4965,1353,3030.46
36719,-2.4708,2.5678,7.7045,1358,3030.46
36724,3.0526,3.869,9.6367,1352,3030.46
36729,1.2294,0.6692,13.4387,1335,3030.46
36734,-5.9472,-1.0642,12.287,1357,3030.46
36739,-2.065,2.6109,7.5848,1352,3030.0
36744,3.1125,3.8355,9.8043,1355,3030.0
36749,0.8344,0.4585,13.5248,1353,3030.0
36754,-6.0573,-0.8811,12.1194,1357,3030.0
36759,-1.6209,2.6217,7.5669,1342,3029.84
36764,3.2801,3.8511,9.9,1355,3029.84
36769,0.5902,0.2885,13.5464,1349,3029.84
36774,-6.3015,-0.6321,11.9028,1353,3029.84
36779,-1.2797,2.7258,7.5501,1356,3030.0
36784,3.401,3.79,10.0844,1353,3030.0
36789,0.2251,0.1281,13.7487,1339,3030.0
36794,-6.4655,-0.4058,11.71,1353,3030.0
36799,-0.838,2.7892,7.5405,1362,3030.15
36804,3.5135,3.7445,10.2065,1355,3030.15
36809,-0.0898,-0.0443,13.7978,1352,3030.15
36814,-6.5146,-0.1963,11.4431,1355,3030.15
36819,-0.5028,2.8802,7.5705,1354,3030.15
36824,3.6164,3.7194,10.4387,1357,3030.15
36829,-0.4381,-0.1987,13.9235,1352,3030.15
36834,-6.6726,0.0204,11.2324,1355,3030.15
36839,-0.158,2.9568,7.58,1352,3030.3
36844,3.7661,3.6739,10.5249,1355,3030.3
36849,-0.7434,-0.3843,13.9331,1343,3030.3
36854,-6.7409,0.2873,11.0349,1353,3030.3
36859,0.1688,3.0035,7.6626,1343,3030.15
36864,3.8583,3.6212,10.7057,1351,3030.15
36869,-1.081,-0.5878,13.9642,1351,3030.15
36874,-6.7876,0.5207,10.744,1353,3030.15
36879,0.4944,3.0861,7.6854,1355,3029.54
36884,3.9911,3.5003,10.8505,1348,3029.54
36889,-1.3791,-0.7254,14.0276,1352,3029.54
36894,-6.7445,0.7542,10.5919,1355,3029.54
36899,0.7171,3.2082,7.7488,1339,3029.23
36904,4.0067,3.4225,11.0744,1351,3029.23
36909,-1.6819,-0.893,14.0564,1350,3029.23
36914,-6.669,0.9194,10.2747,1356,3029.23
36919,0.9517,3.2298,7.8661,1351,3028.77
36924,4.1132,3.2836,11.1881,1351,3028.77
36929,-1.9465,-1.0546,14.0923,1343,3028.77
36934,-6.6343,1.1049,10.1335,1363,3028.77
36939,1.1684,3.2669,7.9499,1343,3028.62
36944,4.1384,3.152,11.3832,1351,3028.62
36949,-2.2613,-1.1732,13.9857,1341,3028.62
36954,-6.4883,1.2773,9.8521,1353,3028.62
36959,1.3647,3.3076,8.0649,1352,3028.31
36964,4.1073,3.0347,11.57,1355,3028.31
36969,-2.5821,-1.3312,13.963,1350,3028.31
36974,-6.3925,1.4018,9.663,1355,3028.31
36979,1.549,3.3758,8.0744,1357,3028.16
36984,4.0833,2.8252,11.6657,1349,3028.16
36989,-2.8623,-1.4533,13.9103,1349,3028.16
36994,-6.2417,1.549,9.3853,1355,3028.16
36999,1.6987,3.4153,8.26,1353,3027.86
37004,4.0043,2.6719,11.8752,1355,3027.86
37009,-3.1101,-1.555,13.9331,1353,3027.86
37014,-6.0071,1.67,9.1818,1355,3028.01
37019,1.8375,3.4297,8.3318,1351,3028.01
37024,3.8942,2.5007,12.0225,1365,3028.01
37029,-3.4285,-1.6819,13.805,1343,3028.01
37034,-5.7904,1.7909,8.9878,1355,3028.01
37039,1.9884,3.4967,8.4695,1343,3028.01
37044,3.723,2.3308,12.202,1359,3028.01
37049,-3.6751,-1.7382,13.7236,1355,3028.01
37054,-5.5809,1.9201,8.8035,1363,3028.16
37059,2.0423,3.5602,8.5485,1352,3028.16
37064,3.5123,2.1344,12.3373,1355,3028.16
37069,-3.9516,-1.7909,13.6326,1359,3028.16
37074,-5.2816,2.0147,8.6227,1357,3028.16
37079,2.144,3.5829,8.7963,1353,3028.16
37084,3.2825,2.0063,12.5157,1349,3028.16
37089,-4.2665,-1.7777,13.5057,1357,3028.16
37094,-5.0206,2.0267,8.4551,1357,3028.77
37099,2.2398,3.638,8.9172,1355,3028.77
37104,3.0358,1.7801,12.6294,1350,3028.77
37109,-4.4807,-1.7789,13.4171,1357,3028.77
37114,-4.6687,2.162,8.3246,1356,3028.47
37119,2.3439,3.6907,8.9998,1354,3028.47
37124,2.7557,1.6412,12.7719,1353,3028.47
37129,-4.7633,-1.7322,13.2268,1353,3028.47
37134,-4.3191,2.2637,8.1714,1355,3028.47
37139,2.4421,3.7302,9.1291,1355,3028.47
37144,2.4816,1.4784,12.9251,1349,3028.47
37149,-5.0135,-1.6664,13.1202,1350,3028.47
37154,-3.9444,2.314,7.999,1357,3028.47
37159,2.5558,3.8199,9.2919,1353,3028.47
37164,2.1476,1.2797,13.0029,1351,3028.47
37169,-5.2182,-1.5431,12.9957,1351,3028.47
37174,-3.4979,2.4098,7.8685,1356,3028.47
37179,2.6755,3.8499,9.3685,1355,3028.47
37184,1.8998,1.0894,13.1573,1351,3028.47
37189,-5.448,-1.4257,12.8269,1351,3028.47
37194,-3.1029,2.4433,7.8362,1357,3028.62
37199,2.7952,3.8523,9.5098,1354,3028.62
37204,1.5945,0.9553,13.1525,1352,3028.62
37209,-5.6383,-1.2558,12.6174,1353,3028.62
37214,-2.7114,2.5355,7.7081,1355,3028.77
37219,2.9018,3.9265,9.6247,1356,3028.77
37224,1.2929,0.7685,13.3489,1353,3028.77
37229,-5.8107,-1.1384,12.4379,1350,3028.77
37234,-2.2553,2.6001,7.6579,1357,3029.08
37239,3.1089,3.9121,9.7193,1352,3029.08
37244,1.0415,0.6033,13.4207,1352,3029.08
37249,-5.9903,-0.929,12.2428,1356,3029.08
37254,-1.8591,2.6767,7.61,1356,3029.23
37259,3.1819,3.9073,9.9096,1356,3029.23
37264,0.6716,0.413,13.5655,1349,3029.23
37269,-6.122,-0.7458,12.0165,1359,3029.23
37274,-1.4868,2.6923,7.5393,1353,3029.54
37279,3.3232,3.9097,9.9635,1355,3029.54
37284,0.4585,0.249,13.714,1349,3029.54
37289,-6.2944,-0.4776,11.8369,1354,3029.54
37294,-1.0762,2.7569,7.5753,1355,3029.39
37299,3.5207,3.8211,10.1179,1353,3029.39
37304,0.1269,0.0862,13.7451,1343,3029.39
37309,-6.4284,-0.2981,11.5592,1352,3029.39
37314,-0.6764,2.8323,7.5058,1357,3029.23
37319,3.6368,3.7613,10.2424,1355,3029.23
37324,-0.1269,-0.1209,13.8672,1351,3029.23
37329,-6.4979,-0.1532,11.3485,1352,3029.23
37334,-0.3508,2.9281,7.5274,1359,3029.23
37339,3.7397,3.7158,10.4543,1355,3029.23
37344,-0.4357,-0.2586,13.8888,1353,3029.23
37349,-6.5829,0.0958,11.1151,1353,3029.23
37354,-0.0036,2.9556,7.495,1351,3029.08
37359,3.8367,3.6248,10.574,1356,3029.08
37364,-0.7207,-0.4693,13.9522,1342,3029.08
37369,-6.62,0.3053,10.9247,1354,3029.08
37374,0.2801,3.0418,7.592,1351,3029.08
37379,3.948,3.5733,10.7476,1353,3029.08
37384,-1.0379,-0.6165,14.0145,1350,3029.08
37389,-6.6798,0.4896,10.6518,1351,3029.08
37394,0.5674,3.0323,7.6662,1351,3028.93
37399,3.9624,3.4237,10.9259,1353,3028.93
37404,-1.3898,-0.7925,14.036,1353,3028.93
37409,-6.6798,0.7123,10.5058,1352,3028.93
37414,0.7745,3.1161,7.7776,1353,3029.08
37419,4.033,3.3603,11.0947,1352,3029.08
37424,-1.7346,-0.9349,13.9857,1355,3029.08
37429,-6.6523,0.8954,10.2208,1357,3029.08
37434,1.0331,3.1915,7.853,1352,3029.08
37439,4.0606,3.1903,11.2707,1351,3029.08
37444,-2.0147,-1.1253,14.0516,1351,3029.08
37449,-6.626,1.1265,9.997,1363,3029.08
37454,1.245,3.2753,7.9368,1351,3029.23
37459,4.0618,3.1184,11.4311,1355,3029.23
37464,-2.3834,-1.2725,14.0145,1341,3029.23
37469,-6.5266,1.33,9.8462,1363,3029.23
37474,1.3587,3.2884,8.108,1351,3028.93
37479,4.0306,2.9281,11.661,1356,3028.93
37484,-2.6875,-1.4138,14.0109,1343,3028.93
37489,-6.4009,1.5143,9.5804,1357,3028.93
37494,1.5706,3.3902,8.1786,1353,3029.08
37499,3.9768,2.8335,11.7938,1352,3029.08
37504,-3.0442,-1.5203,13.969,1350,3029.08
37509,-6.2549,1.5981,9.3613,1353,3029.08
37514,1.7119,3.4201,8.2899,1356,3029.23
37519,3.8559,2.624,11.9854,1355,3029.23
37524,-3.2621,-1.6424,13.8229,1352,3029.23
37529,-6.0094,1.7298,9.1016,1355,3029.23
37534,1.8543,3.5087,8.4467,1353,3029.54
37539,3.7493,2.4804,12.1362,1359,3029.54
37544,-3.6583,-1.6783,13.8361,1343,3029.54
37549,-5.7856,1.8771,9.0046,1362,3029.54
37554,1.974,3.5434,8.5437,1351,3029.54
37559,3.6093,2.308,12.3218,1363,3029.54
37564,-3.8798,-1.7023,13.6218,1353,3029.54
37569,-5.4636,2.0087,8.7496,1365,3029.39
37574,2.0806,3.62,8.7113,1351,3029.39
37579,3.4046,2.0937,12.4714,1355,3029.39
37584,-4.1767,-1.7023,13.5883,1357,3029.39
37589,-5.1523,2.1153,8.5425,1355,3029.08
37594,2.2434,3.6655,8.7819,1355,3029.08
37599,3.1771,1.8962,12.5348,1353,3029.08
37604,-4.446,-1.7178,13.4279,1365,3029.08
37609,-4.8183,2.1919,8.3677,1357,3029.08
37614,2.3547,3.7385,8.9148,1355,3029.08
37619,2.9078,1.6927,12.7695,1352,3029.08
37624,-4.6424,-1.7047,13.3201,1356,3029.08
37629,-4.4017,2.2182,8.2037,1362,3029.08
37634,2.4792,3.7409,9.0034,1355,3029.08
37639,2.6659,1.5,12.8521,1350,3029.08
37644,-4.8997,-1.6628,13.137,1351,3029.08
37649,-4.0306,2.3032,8.0732,1355,3029.39
37654,2.5798,3.8176,9.1279,1356,3029.39
37659,2.3511,1.3503,12.9909,1353,3029.39
37664,-5.0518,-1.5993,13.0292,1341,3029.39
37669,-3.6224,2.3583,7.9069,1357,3029.39
37674,2.7102,3.8451,9.2488,1357,3029.39
37679,2.0566,1.221,13.0735,1352,3029.39
37684,-5.2876,-1.4581,12.8844,1351,3029.39
37689,-3.2298,2.4217,7.8326,1355,3029.54
37694,2.8048,3.8714,9.4068,1353,3029.54
37699,1.7538,0.9768,13.1909,1351,3029.54
37704,-5.5198,-1.3228,12.6869,1327,3029.54
37709,-2.8012,2.4541,7.6722,1354,3029.39
37714,2.9485,3.8762,9.5205,1353,3029.39
37719,1.4269,0.7793,13.3453,1353,3029.39
37724,-5.6599,-1.1648,12.463,1352,3029.39
37729,-2.3427,2.5762,7.6555,1357,3029.39
37734,3.0825,3.8786,9.6414,1353,3029.39
37739,1.1768,0.6153,13.4566,1356,3029.39
37744,-5.8718,-1.0391,12.226,1351,3029.39
37749,-1.9896,2.6228,7.5501,1355,3029.23
37754,3.1987,3.8463,9.7648,1351,3029.23
37759,0.8511,0.4525,13.5967,1352,3029.23
37764,-6.0537,-0.8595,12.0716,1356,3029.23
37769,-1.579,2.6767,7.5549,1354,3029.39
37774,3.2956,3.8199,9.9084,1354,3029.39
37779,0.4729,0.2658,13.6529,1352,3029.39
37784,-6.2213,-0.668,11.8142,1358,3029.39
37789,-1.1887,2.7342,7.5489,1354,3029.23
37794,3.4034,3.7924,10.1155,1353,3029.23
37799,0.2717,0.1161,13.7188,1349,3029.23
37804,-6.3829,-0.4286,11.5999,1353,3029.23
37809,-0.8021,2.8144,7.4687,1358,3029.08
37814,3.5434,3.7649,10.1969,1355,3029.08
37819,-0.0587,-0.0527,13.781,1343,3029.08
37824,-6.4631,-0.2598,11.4,1355,3029.08
37829,-0.4657,2.8335,7.5489,1361,3029.39
37834,3.6057,3.7086,10.3801,1351,3029.39
37839,-0.3855,-0.2227,13.8804,1351,3029.39
37844,-6.6224,0.0335,11.2156,1351,3029.39
37849,-0.1437,2.8814,7.5585,1363,3029.69
37854,3.7828,3.6272,10.5369,1353,3029.69
37859,-0.7123,-0.3819,13.9666,1352,3029.69
37864,-6.6918,0.261,10.993,1353,3029.69
37869,0.17,2.9497,7.5932,1351,3030.0
37874,3.8295,3.5434,10.7236,1354,3030.0
37879,-0.9792,-0.595,13.9726,1343,3030.0
37884,-6.7074,0.492,10.726,1353,3030.0
37889,0.4453,3.0562,7.6399,1350,3030.0
37894,3.9636,3.4405,10.9116,1353,3030.0
37899,-1.3408,-0.7482,14.024,1353,3030.0
37904,-6.7624,0.7386,10.556,1351,3030.0
37909,0.7207,3.1196,7.7859,1343,3030.15
37914,4.0235,3.383,11.0792,1351,3030.15
37919,-1.6759,-0.9457,14.0384,1355,3030.15
37924,-6.693,0.9038,10.3034,1353,3030.15
37929,1.002,3.2406,7.8901,1352,3030.15
37934,4.1216,3.2513,11.2252,1354,3030.15
37939,-2.0327,-1.0546,14.1114,1355,3030.15
37944,-6.669,1.136,10.0221,1357,3030.15
37949,1.2031,3.2765,7.926,1350,3030.3
37954,4.0666,3.122,11.3737,1349,3030.3
37959,-2.3571,-1.2713,14.0659,1349,3030.3
37964,-6.5757,1.2641,9.8342,1362,3030.3
37969,1.4222,3.2872,8.0337,1343,3030.3
37974,4.0546,3.0059,11.5544,1355,3030.3
37979,-2.6731,-1.342,14.0599,1351,3030.3
37984,-6.4021,1.4664,9.6438,1359,3030.3
37989,1.5598,3.3686,8.157,1352,3030.46
37994,4.0091,2.818,11.7112,1354,3030.46
37999,-3.0059,-1.5036,13.9917,1343,3030.46
38004,-6.2225,1.6113,9.3721,1355,3030.46
38009,1.7502,3.4572,8.3498,1357,3030.76
38014,3.9409,2.6408,11.9171,1353,3030.76
38019,-3.3279,-1.573,13.9235,1343,3030.76
38024,-5.9951,1.7597,9.092,1352,3030.76
38029,1.8687,3.5039,8.4264,1355,3030.15
38034,3.7505,2.3858,12.0919,1357,3030.15
38039,-3.5937,-1.6568,13.8349,1351,3030.15
38044,-5.7197,1.8842,8.9184,1353,3030.61
38049,1.9788,3.6057,8.5449,1341,3030.61
38054,3.6176,2.2901,12.3014,1359,3030.61
38059,-3.9014,-1.6568,13.7559,1351,3030.61
38064,-5.3822,2.0231,8.7113,1363,3030.3
38069,2.1608,3.5865,8.6503,1343,3030.3
38074,3.383,2.059,12.4223,1357,3030.3
38079,-4.1719,-1.7693,13.6086,1358,3030.3
38084,-5.0566,2.0746,8.5461,1359,3030.0
38089,2.2745,3.6536,8.8131,1357,3030.0
38094,3.146,1.8567,12.5887,1353,3030.0
38099,-4.4221,-1.743,13.453,1363,3030.0
38104,-4.7381,2.1931,8.3474,1353,3030.15
38109,2.3715,3.723,8.9196,1355,3030.15
38114,2.8874,1.7035,12.7503,1349,3030.15
38119,-4.6855,-1.749,13.3225,1358,3030.15
38124,-4.373,2.2422,8.2157,1355,3030.15
38129,2.49,3.7445,9.0656,1357,3030.15
38134,2.5534,1.4653,12.8245,1351,3030.15
38139,-4.9033,-1.646,13.1442,1353,3030.15
38144,-3.9289,2.3128,8.0457,1356,3030.0
38149,2.6073,3.8283,9.232,1354,3030.0
38154,2.3176,1.2689,13.0185,1353,3030.0
38159,-5.1571,-1.5957,12.9766,1352,3030.0
38164,-3.4955,2.3535,7.8745,1357,3030.0
38169,2.727,3.8451,9.2955,1355,3030.0
38174,1.9333,1.0774,13.1154,1349,3030.0
38179,-5.3546,-1.4844,12.8293,1342,3030.0
38184,-3.1244,2.4612,7.78,1357,3030.15
38189,2.8096,3.8487,9.4355,1357,3030.15
38194,1.6269,0.9301,13.2699,1341,3030.15
38199,-5.6036,-1.3527,12.6282,1353,3030.15
38204,-2.6659,2.5067,7.6519,1353,3030.3
38209,2.9772,3.8379,9.5984,1343,3030.3
38214,1.385,0.7015,13.313,1352,3030.3
38219,-5.8466,-1.1145,12.4283,1351,3030.3
38224,-2.2601,2.5522,7.5872,1353,3030.46
38229,3.055,3.8702,9.7719,1354,3030.46
38234,0.9972,0.571,13.4985,1352,3030.46
38239,-6.0035,-0.9888,12.2655,1340,3030.46
38244,-1.8771,2.6288,7.5753,1355,3030.61
38249,3.1591,3.8654,9.8916,1350,3030.61
38254,0.7266,0.3651,13.5823,1354,3030.61
38259,-6.2465,-0.7685,11.9973,1357,3030.61
38264,-1.4257,2.7174,7.5525,1353,3030.61
38269,3.3483,3.9037,10.0078,1343,3030.61
38274,0.3292,0.2298,13.6517,1351,3030.61
38279,-6.3901,-0.577,11.8166,1359,3030.61
38284,-1.0259,2.7402,7.5346,1353,3030.61
38289,3.4656,3.8068,10.1502,1353,3030.61
38294,0.0503,0.0419,13.7918,1343,3030.61
38299,-6.5158,-0.2885,11.6119,1359,3030.61
38304,-0.6895,2.8587,7.507,1354,3030.76
38309,3.5554,3.7673,10.3142,1355,3030.76
38314,-0.261,-0.1281,13.8385,1343,3030.76
38319,-6.6164,-0.006,11.3318,1355,3030.76
38324,-0.2777,2.9066,7.5166,1359,3030.46
38329,3.7385,3.6871,10.5105,1355,3030.46
38334,-0.5938,-0.3388,13.9343,1352,3030.46
38339,-6.6595,0.1975,11.1127,1355,3030.46
38344,0.0479,2.9772,7.6052,1349,3030.46
38349,3.887,3.6212,10.562,1355,3030.46
38354,-0.9301,-0.5351,14.0085,1355,3030.46
38359,-6.7145,0.4477,10.8601,1355,3030.46
38364,0.3795,3.0634,7.6567,1355,3030.46
38369,3.9361,3.5147,10.8397,1357,3030.46
38374,-1.2534,-0.6788,14.0408,1343,3030.46
38379,-6.7684,0.6333,10.6446,1352,3030.46
38384,0.6788,3.0813,7.7165,1350,3030.61
38389,3.9851,3.4177,11.0421,1354,3030.61
38394,-1.5526,-0.8571,14.0576,1350,3030.61
38399,-6.705,0.8368,10.3837,1343,3030.61
38404,0.8918,3.1723,7.8147,1351,3030.61
38409,4.0354,3.316,11.2025,1349,3030.61
38414,-1.8806,-0.9876,14.0384,1354,3030.61
38419,-6.6643,1.0271,10.1418,1357,3030.61
38424,1.1349,3.2597,7.8745,1353,3030.3
38429,4.1204,3.1963,11.3832,1355,3030.3
38434,-2.241,-1.1803,14.0683,1353,3030.3
38439,-6.541,1.2115,9.9264,1357,3030.3
38444,1.3647,3.3136,8.0098,1353,3030.46
38449,4.1288,3.0215,11.5628,1351,3030.46
38454,-2.5474,-1.318,13.9821,1350,3030.46
38459,-6.4117,1.4377,9.6798,1363,3030.46
38464,1.5383,3.3483,8.1187,1344,3030.46
38469,4.0833,2.8252,11.8034,1343,3030.46
38474,-2.8455,-1.4281,13.957,1343,3030.46
38479,-6.2225,1.5562,9.4547,1365,3030.46
38484,1.6807,3.3818,8.1666,1355,3030.3
38489,3.9433,2.6791,11.9147,1357,3030.3
38494,-3.1747,-1.5742,13.8816,1351,3030.3
38499,-6.0501,1.6831,9.2129,1353,3030.3
38504,1.8495,3.4704,8.2899,1357,3030.3
38509,3.9025,2.5379,12.0787,1352,3030.3
38514,-3.5039,-1.6891,13.8409,1352,3030.3
38519,-5.8191,1.7789,8.9795,1353,3030.3
38524,1.9453,3.4955,8.5054,1353,3030.0
38529,3.7158,2.3631,12.2068,1357,3030.0
38534,-3.7745,-1.7418,13.714,1343,3030.0
38539,-5.533,1.9453,8.7867,1356,3030.3
38544,2.0865,3.5578,8.5928,1353,3030.3
38549,3.4656,2.1237,12.3625,1357,3030.3
38554,-4.0498,-1.7849,13.6278,1351,3030.3
38559,-5.2625,2.0087,8.5856,1362,3029.84
38564,2.1811,3.5937,8.7831,1343,3029.84
38569,3.2765,1.8747,12.4977,1351,3029.84
38574,-4.3407,-1.7849,13.4494,1355,3029.84
38579,-4.8662,2.1153,8.4432,1359,3029.39
38584,2.3068,3.6931,8.8897,1353,3029.39
38589,2.9473,1.7154,12.706,1353,3029.39
38594,-4.5873,-1.7657,13.3273,1357,3029.39
38599,-4.4867,2.1907,8.2396,1357,3029.23
38604,2.3966,3.7062,8.9423,1355,3029.23
38609,2.6695,1.561,12.8329,1349,3029.23
38614,-4.8255,-1.7071,13.1861,1359,3029.23
38619,-4.1156,2.3164,8.1535,1362,3029.39
38624,2.4876,3.7565,9.153,1359,3029.39
38629,2.3619,1.4114,12.9838,1354,3029.39
38634,-5.0937,-1.6269,13.0879,1352,3029.39
38639,-3.7589,2.3619,7.9859,1359,3029.39
38644,2.6001,3.8092,9.2464,1355,3029.39
38649,2.0506,1.1875,13.0951,1353,3029.39
38654,-5.3486,-1.5407,12.8916,1353,3029.39
38659,-3.3507,2.4409,7.8745,1362,3030.0
38664,2.7306,3.9037,9.408,1357,3030.0
38669,1.7681,1.057,13.2076,1349,3030.0
38674,-5.539,-1.385,12.7252,1352,3030.0
38679,-2.9257,2.4648,7.7297,1362,3030.15
38684,2.8419,3.881,9.4679,1357,3030.15
38689,1.4736,0.8272,13.3728,1351,3030.15
38694,-5.7485,-1.2234,12.5755,1352,3030.15
38699,-2.484,2.5546,7.7057,1355,3030.3
38704,2.9868,3.9528,9.6103,1353,3030.3
38709,1.1432,0.7015,13.4147,1355,3030.3
38714,-5.9616,-1.0259,12.3505,1349,3030.3
38719,-2.0518,2.636,7.616,1355,3030.15
38724,3.1005,3.8882,9.8078,1358,3030.15
38729,0.832,0.51,13.5667,1355,3030.15
38734,-6.0813,-0.82,12.1829,1353,3030.15
38739,-1.652,2.6959,7.5357,1355,3030.3
38744,3.2932,3.9133,9.9108,1349,3030.3
38749,0.4836,0.3172,13.641,1353,3030.3
38754,-6.2213,-0.6237,11.9686,1353,3030.3
38759,-1.2055,2.7246,7.5872,1357,3030.3
38764,3.4488,3.8451,10.0724,1351,3030.3
38769,0.2227,0.1281,13.8026,1351,3030.3
38774,-6.3638,-0.3663,11.6502,1356,3030.3
38779,-0.8033,2.8311,7.4831,1341,3029.54
38784,3.5686,3.8235,10.1382,1355,3029.54
38789,-0.0958,-0.0479,13.884,1353,3029.54
38794,-6.4596,-0.1652,11.4598,1357,3029.54
38799,-0.4489,2.8718,7.5346,1355,3030.76
38804,3.6955,3.7074,10.3382,1351,3030.76
38809,-0.3747,-0.1987,13.8876,1342,3030.76
38814,-6.5637,0.0575,11.1713,1353,3030.76
38819,-0.1018,2.9137,7.5022,1358,3030.0
38824,3.8319,3.644,10.5022,1353,3030.0
38829,-0.656,-0.4178,13.945,1343,3030.0
38834,-6.614,0.2729,11.0277,1351,3030.0
38839,0.2011,2.988,7.6303,1357,3030.15
38844,3.881,3.5721,10.6614,1352,3030.15
38849,-0.9912,-0.565,13.9929,1351,3030.15
38854,-6.6295,0.4693,10.732,1352,3030.15
38859,0.4537,3.037,7.6602,1353,3030.0
38864,4.0414,3.4189,10.8493,1357,3030.0
38869,-1.2665,-0.7422,14.0719,1342,3030.0
38874,-6.6918,0.7039,10.5082,1353,3030.0
38879,0.7673,3.1173,7.6854,1350,3029.69
38884,3.5219,3.7577,10.228,1353,3029.69
38889,-1.6077,-0.9242,14.0145,1349,3029.69
38894,-6.5242,-0.2394,11.4156,1351,3029.69
38899,0.9768,3.1747,7.8685,1351,3029.39
38904,3.6009,3.7314,10.3813,1353,3029.39
38909,-1.9309,-1.0882,14.0899,1354,3029.39
38914,-6.6451,0.0299,11.2312,1351,3029.39
38919,1.2091,3.2513,7.9212,1361,3029.23
38924,3.7326,3.6619,10.5465,1352,3029.23
38929,-0.7434,-0.3974,13.9199,1355,3029.23
38934,-6.7588,0.2286,10.9391,1357,3029.23
38939,0.1915,3.0263,7.6351,1351,3029.23
38944,3.8104,3.5925,10.744,1353,3029.23
38949,-1.0534,-0.5818,14.0145,1355,3029.23
38954,-6.7445,0.5219,10.7775,1359,3029.23
38959,0.4705,3.0634,7.6447,1354,3029.23
38964,3.9337,3.5051,10.8613,1351,3029.23
38969,-1.3336,-0.7542,14.0312,1343,3029.23
38974,-6.7828,0.747,10.5273,1363,3029.23
38979,0.674,3.1304,7.78,1355,3029.54
38984,3.9732,3.3914,11.1139,1353,3029.54
38989,-1.6807,-0.9062,14.0635,1351,3029.54
38994,-6.7181,0.9182,10.3226,1351,3029.54
38999,0.9325,3.2238,7.8542,1355,3029.23
39004,4.0414,3.2513,11.2695,1355,3029.23
39009,-1.9956,-1.1157,14.0971,1351,3029.23
39014,-6.6535,1.1337,10.1203,1353,3029.23
39019,1.1432,3.2693,7.9883,1355,3029.69
39024,4.0677,3.14,11.4024,1352,3029.69
39029,-2.3176,-1.2175,14.0396,1351,3029.69
39034,-6.5493,1.306,9.8821,1353,3029.69
39039,1.3695,3.322,8.1008,1351,3029.84
39044,4.0689,3.0275,11.6179,1357,3029.84
39049,-2.6384,-1.3599,14.0216,1349,3029.84
39054,-6.4332,1.4784,9.6486,1353,3029.84
39059,1.5024,3.3938,8.1858,1351,3029.84
39064,4.0079,2.8718,11.6885,1352,3029.84
39069,-2.909,-1.4569,13.9857,1355,3029.84
39074,-6.2453,1.5969,9.3829,1363,3029.84
39079,1.6999,3.4608,8.2911,1352,3029.84
39084,3.9684,2.6157,11.9411,1354,3029.84
39089,-3.237,-1.5862,13.9355,1359,3029.84
39094,-6.0286,1.7514,9.171,1355,3029.84
39099,1.8938,3.5183,8.3929,1353,3029.84
39104,3.8259,2.5031,12.0596,1343,3029.84
39109,-3.5171,-1.6592,13.8026,1361,3029.84
39114,-5.7437,1.8519,8.9208,1357,3030.0
39119,1.968,3.5614,8.4862,1355,3030.0
39124,3.6847,2.2697,12.2679,1353,3030.0
39129,-3.7948,-1.7418,13.7703,1354,3030.0
39134,-5.4708,1.9477,8.7736,1353,3030.0
39139,2.15,3.5985,8.6191,1355,3030.0
39144,3.4895,2.0662,12.3661,1352,3030.0
39149,-4.0486,-1.7502,13.6182,1351,3030.0
39154,-5.138,2.059,8.6,1359,3029.84
39159,2.1871,3.6763,8.7484,1355,3029.84
39164,3.2106,1.8328,12.6198,1349,3029.84
39169,-4.3407,-1.7538,13.5093,1365,3029.84
39174,-4.7956,2.1428,8.3701,1351,3029.69
39179,2.387,3.6895,8.8801,1361,3029.69
39184,2.9532,1.7047,12.6474,1351,3029.69
39189,-4.5957,-1.7561,13.3369,1352,3029.69
39194,-4.3981,2.1943,8.1906,1353,3029.84
39199,2.4553,3.7517,9.0501,1351,3029.84
39204,2.6169,1.5299,12.8916,1351,3029.84
39209,-4.8231,-1.725,13.1669,1351,3029.84
39214,-3.984,2.2948,8.0302,1350,3029.54
39219,2.5546,3.7589,9.1195,1353,3029.54
39224,2.3272,1.3443,12.9766,1353,3029.54
39229,-5.1116,-1.6173,13.0113,1352,3029.54
39234,-3.6272,2.3308,7.932,1357,3029.69
39239,2.6121,3.8008,9.2608,1351,3029.69
39244,1.9884,1.1744,13.1334,1342,3029.69
39249,-5.3427,-1.4796,12.815,1355,3029.69
39254,-3.2238,2.3846,7.75,1357,3029.84
39259,2.7617,3.8176,9.4296,1353,3029.84
39264,1.6867,1.0032,13.1849,1350,3029.84
39269,-5.5486,-1.3838,12.6713,1359,3029.84
39274,-2.812,2.5079,7.7093,1351,3029.84
39279,2.8898,3.8666,9.5301,1353,3029.84
39284,1.3946,0.7661,13.3513,1351,3029.84
39289,-5.7712,-1.2318,12.4798,1357,3029.84
39294,-2.4038,2.5331,7.6399,1355,3030.15
39299,3.0155,3.8523,9.7001,1353,3030.15
39304,1.1025,0.589,13.4518,1343,3030.15
39309,-5.964,-1.0223,12.323,1357,3030.15
39314,-1.9549,2.624,7.6255,1357,3030.46
39319,3.1137,3.8906,9.839,1351,3030.46
39324,0.832,0.4322,13.5727,1351,3030.46
39329,-6.1423,-0.82,12.123,1355,3030.46
39334,-1.5347,2.66,7.4843,1357,3030.3
39339,3.2573,3.8559,9.9802,1357,3030.3
39344,0.4752,0.2777,13.6805,1351,3030.3
39349,-6.3231,-0.571,11.874,1354,3030.3
39354,-1.1552,2.7737,7.4962,1358,3030.15
39359,3.4117,3.8451,10.0975,1358,3030.15
39364,0.1113,0.0922,13.7355,1349,3030.15
39369,-6.4512,-0.3615,11.6358,1357,3030.15
39374,-0.7757,2.8072,7.5872,1349,3030.0
39379,3.5183,3.79,10.2783,1355,3030.0
39384,-0.1161,-0.1233,13.8349,1349,3030.0
39389,-6.5194,-0.1089,11.382,1355,3030.0
39394,-0.4058,2.885,7.5717,1351,3030.0
39399,3.717,3.7673,10.3465,1354,3030.0
39404,-0.4848,-0.2586,13.945,1352,3030.0
39409,-6.59,0.1149,11.1893,1343,3030.0
39414,-0.0946,2.9497,7.6686,1343,3030.0
39419,3.7745,3.6392,10.5692,1353,3030.0
39424,-0.7314,-0.4046,13.9762,1353,3030.0
39429,-6.6475,0.3747,10.9116,1357,3030.0
39434,0.2502,3.0454,7.6184,1355,3030.15
39439,3.9397,3.5841,10.7512,1338,3030.15
39444,-1.0487,-0.5902,14.0611,1343,3030.15
39449,-6.7301,0.5758,10.7488,1359,3030.15
39454,0.5124,3.0813,7.7069,1350,3029.84
39459,3.9959,3.4692,10.902,1353,3029.84
39464,-1.3599,-0.7769,14.0013,1340,3029.84
39469,-6.6463,0.7518,10.5213,1357,3029.84
39474,0.8033,3.1603,7.7656,1349,3029.39
39479,4.0881,3.3818,11.0995,1355,3029.39
39484,-1.7214,-0.9565,14.0971,1341,3029.39
39489,-6.6619,0.9421,10.2915,1359,3029.39
39494,1.0606,3.1903,7.8207,1356,3029.54
39499,4.1144,3.2334,11.2348,1349,3029.54
39504,-2.0411,-1.0965,14.0623,1353,3029.54
39509,-6.5817,1.1193,10.0197,1353,3029.54
39514,1.2342,3.2801,8.0014,1357,3029.54
39519,4.1073,3.122,11.4179,1355,3029.54
39524,-2.3727,-1.2809,13.975,1353,3029.54
39529,-6.4919,1.2821,9.7827,1349,3029.54
39534,1.4317,3.31,8.0481,1351,3029.84
39539,4.0809,2.9149,11.5927,1362,3029.84
39544,-2.7031,-1.4078,14.0061,1342,3029.84
39549,-6.3758,1.4976,9.5684,1353,3029.23
39554,1.652,3.4117,8.1139,1352,3029.23
39559,4.0558,2.8084,11.7962,1357,3029.23
39564,-3.0155,-1.5143,13.9474,1351,3029.23
39569,-6.1603,1.6197,9.3266,1355,3029.69
39574,1.7322,3.3591,8.2768,1343,3029.69
39579,3.8978,2.5989,12.0021,1355,3029.69
39584,-3.3267,-1.6233,13.8804,1356,3029.69
39589,-5.9496,1.7561,9.1339,1355,3028.62
39594,1.9034,3.5326,8.4575,1353,3028.62
39599,3.7433,2.4888,12.1793,1353,3028.62
39604,-3.6069,-1.6735,13.7834,1357,3028.62
39609,-5.7042,1.816,8.8897,1356,3027.4
39614,1.9716,3.5111,8.4934,1356,3027.4
39619,3.5063,2.2541,12.2775,1352,3027.4
39624,-3.8738,-1.7945,13.7319,1357,3027.4
39629,-5.4157,1.9704,8.7269,1357,3028.77
39634,2.1165,3.6547,8.6107,1357,3028.77
39639,3.3387,2.1249,12.4546,1343,3028.77
39644,-4.1312,-1.7921,13.5632,1353,3028.77
39649,-5.114,2.0135,8.5054,1357,3027.25
39654,2.1847,3.5925,8.7771,1355,3027.25
39659,3.0957,1.901,12.5959,1351,3027.25
39664,-4.3802,-1.7669,13.4602,1350,3027.25
39669,-4.8123,2.1261,8.3965,1359,3028.47
39674,2.2386,3.6571,8.9112,1357,3028.47
39679,2.8946,1.7346,12.6701,1353,3028.47
39684,-4.6124,-1.7621,13.3034,1351,3028.47
39689,-4.446,2.1931,8.2313,1357,3027.86
39694,2.3954,3.705,9.0992,1357,3027.86
39699,2.6312,1.5191,12.864,1351,3027.86
39704,-4.871,-1.6831,13.2519,1343,3027.86
39709,-4.1073,2.2948,8.0984,1358,3028.01
39714,2.5379,3.8008,9.2093,1353,3028.01
39719,2.3667,1.3755,12.8485,1353,3028.01
39724,-5.0266,-1.6245,13.0245,1351,3028.01
39729,-3.7206,2.3607,8.0026,1357,3028.16
39734,2.6121,3.8032,9.3386,1355,3028.16
39739,2.1201,1.2198,13.0855,1355,3028.16
39744,-5.2792,-1.5167,12.8856,1349,3028.16
39749,-3.3315,2.3906,7.8482,1357,3028.47
39754,2.7378,3.8595,9.3996,1353,3028.47
39759,1.7945,1.0475,13.1609,1355,3028.47
39764,-5.4851,-1.4198,12.724,1358,3028.47
39769,-2.9485,2.4744,7.8314,1357,3028.31
39774,2.8192,3.8834,9.5445,1352,3028.31
39779,1.4724,0.8523,13.295,1351,3028.31
39784,-5.6767,-1.2318,12.5612,1357,3028.31
39789,-2.5498,2.5498,7.6172,1355,3028.31
39794,3.0071,3.9085,9.6606,1353,3028.31
39799,1.2474,0.7278,13.4387,1349,3028.31
39804,-5.873,-1.0534,12.4403,1357,3028.31
39809,-2.1356,2.5762,7.6052,1355,3028.01
39814,3.1184,3.9109,9.7743,1355,3028.01
39819,0.899,0.5435,13.4949,1351,3028.01
39824,-6.0094,-0.8691,12.147,1354,3028.01
39829,-1.7358,2.6324,7.5729,1359,3028.01
39834,3.2441,3.8822,9.8713,1355,3028.01
39839,0.6393,0.4154,13.623,1351,3028.01
39844,-6.1567,-0.6967,11.9734,1352,3028.01
39849,-1.3348,2.7677,7.5489,1357,3027.86
39854,3.3662,3.8355,10.0413,1355,3027.86
39859,0.3172,0.1939,13.6625,1351,3027.86
39864,-6.2453,-0.5195,11.6957,1353,3027.86
39869,-0.9409,2.7857,7.5717,1359,3027.7
39874,3.5207,3.8116,10.2197,1351,3027.7
39879,0.0946,0.0527,13.7798,1352,3027.7
39884,-6.3458,-0.3077,11.5412,1353,3027.7
39889,-0.6847,2.8467,7.5381,1355,3027.7
39894,3.6176,3.7972,10.2903,1357,3027.7
39899,-0.1676,-0.1233,13.8014,1343,3027.7
39904,-6.4703,-0.1341,11.3246,1353,3027.7
39909,-0.334,2.8898,7.58,1349,3027.86
39914,3.7134,3.6559,10.471,1353,3027.86
39919,-0.4764,-0.2717,13.9402,1351,3027.86
39924,-6.5481,0.0515,11.151,1355,3027.86
39929,0.0,2.9389,7.5824,1353,3028.01
39934,3.796,3.6033,10.5764,1352,3028.01
39939,-0.729,-0.4597,13.9414,1351,3028.01
39944,-6.6499,0.2777,10.9212,1352,3028.01
39949,0.2777,3.0179,7.6375,1352,3028.31
39954,3.9289,3.5195,10.8445,1351,3028.31
39959,-1.0858,-0.5866,13.9438,1351,3028.31
39964,-6.6918,0.4992,10.7332,1358,3028.31
39969,0.5315,3.0095,7.6686,1353,3028.31
39974,3.9564,3.3914,10.9283,1351,3028.31
39979,-1.3575,-0.7925,13.9809,1353,3028.31
39984,-6.699,0.7506,10.4387,1364,3028.31
39989,0.7769,3.1268,7.8195,1342,3028.62
39994,4.0127,3.3351,11.133,1353,3028.62
39999,-1.7298,-0.9553,14.0228,1350,3028.62
40004,-6.6786,0.9182,10.1825,1365,3028.62
40009,1.0499,3.1675,7.8901,1351,3028.77
40014,4.0306,3.1903,11.248,1352,3028.77
40019,-2.0291,-1.148,14.0492,1351,3028.77
40024,-6.5888,1.0918,10.003,1359,3028.77
40029,1.1887,3.2777,7.9416,1355,3028.77
40034,4.0462,3.0957,11.4467,1343,3028.77
40039,-2.3439,-1.2665,13.9821,1352,3028.77
40044,-6.523,1.3036,9.7636,1353,3028.77
40049,1.397,3.2908,8.0589,1356,3028.77
40054,4.0342,2.9521,11.6406,1356,3028.77
40059,-2.7138,-1.4174,14.0444,1351,3028.77
40064,-6.3829,1.4545,9.6271,1355,3028.77
40069,1.585,3.3794,8.1858,1357,3028.93
40074,4.0055,2.8623,11.8058,1358,3028.93
40079,-3.0131,-1.4964,13.9762,1343,3028.93
40084,-6.2165,1.5814,9.3948,1359,3029.23
40089,1.6771,3.4237,8.3474,1351,3029.23
40094,3.8882,2.7019,11.9746,1357,3029.23
40099,-3.2896,-1.6245,13.8564,1353,3029.23
40104,-6.0298,1.7382,9.1806,1359,3029.08
40109,1.8387,3.486,8.4156,1350,3029.08
40114,3.7385,2.4756,12.0692,1357,3029.08
40119,-3.5877,-1.6328,13.7894,1356,3029.08
40124,-5.8059,1.9022,8.9388,1353,3028.77
40129,1.9477,3.5626,8.5533,1355,3028.77
40134,3.553,2.3343,12.2906,1353,3028.77
40139,-3.8271,-1.7502,13.6817,1361,3028.77
40144,-5.545,1.9776,8.7664,1357,3028.93
40149,2.0554,3.632,8.6514,1358,3028.93
40154,3.4058,2.0842,12.4032,1351,3028.93
40159,-4.1336,-1.7442,13.623,1359,3028.93
40164,-5.1966,2.1189,8.5665,1359,3028.77
40169,2.247,3.6907,8.8047,1357,3028.77
40174,3.1951,1.9441,12.6318,1353,3028.77
40179,-4.3574,-1.743,13.4722,1352,3028.77
40184,-4.7932,2.1272,8.3989,1357,3028.93
40189,2.3691,3.7505,8.9136,1353,3028.93
40194,2.9245,1.7573,12.6965,1350,3028.93
40199,-4.5969,-1.7442,13.3752,1352,3028.93
40204,-4.4748,2.2386,8.2875,1355,3028.93
40209,2.4493,3.7493,9.0142,1357,3028.93
40214,2.6432,1.5634,12.8257,1351,3028.93
40219,-4.774,-1.6807,13.1454,1351,3028.93
40224,-4.0498,2.2601,8.0517,1363,3028.62
40229,2.6228,3.8367,9.1638,1357,3028.62
40234,2.3727,1.3731,12.9873,1344,3028.62
40239,-5.0398,-1.6053,13.0676,1351,3028.62
40244,-3.6667,2.3451,7.9631,1355,3028.62
40249,2.7114,3.8595,9.2464,1355,3028.62
40254,2.1189,1.2234,13.0676,1353,3028.62
40259,-5.2589,-1.4952,12.8593,1351,3028.62
40264,-3.2453,2.4313,7.8829,1357,3028.47
40269,2.7821,3.8307,9.3338,1355,3028.47
40274,1.8004,1.0116,13.2567,1353,3028.47
40279,-5.4396,-1.3755,12.6869,1351,3028.47
40284,-2.8132,2.5007,7.6998,1353,3028.62
40289,2.8886,3.8882,9.4475,1363,3028.62
40294,1.5155,0.8416,13.3142,1352,3028.62
40299,-5.6156,-1.2629,12.475,1354,3028.62
40304,-2.4481,2.5223,7.6255,1353,3028.62
40309,2.9939,3.8247,9.6534,1357,3028.62
40314,1.2043,0.6321,13.4829,1352,3028.62
40319,-5.8562,-1.0618,12.3146,1359,3028.62
40324,-2.0734,2.5558,7.5693,1350,3028.31
40329,3.1388,3.8164,9.7408,1355,3028.31
40334,0.8835,0.4896,13.5021,1350,3028.31
40339,-5.9891,-0.9409,12.1458,1355,3028.31
40344,-1.664,2.6456,7.5717,1353,3029.23
40349,3.1987,3.8152,9.8988,1355,3029.23
40354,0.595,0.3268,13.6565,1343,3029.23
40359,-6.2106,-0.7434,11.9255,1353,3029.23
40364,-1.2869,2.6827,7.5118,1356,3029.39
40369,3.3734,3.8355,10.0209,1353,3029.39
40374,0.2981,0.1844,13.7451,1352,3029.39
40379,-6.3865,-0.486,11.7244,1351,3029.39
40384,-0.9481,2.7461,7.5166,1359,3028.62
40389,3.4848,3.7613,10.2292,1356,3028.62
40394,-0.012,0.0132,13.8217,1357,3028.62
40399,-6.4667,-0.2945,11.4682,1353,3028.62
40404,-0.595,2.8395,7.5334,1356,3028.47
40409,3.5865,3.7697,10.3046,1359,3028.47
40414,-0.3472,-0.2023,13.8457,1351,3028.47
40419,-6.5912,-0.006,11.3078,1353,3028.47
40424,-0.2705,2.9113,7.5609,1351,3028.47
40429,3.711,3.6931,10.4842,1355,3028.47
40434,-0.6404,-0.3244,13.9019,1343,3028.47
40439,-6.6295,0.2191,11.0492,1353,3028.47
40444,0.006,2.9676,7.6339,1351,3028.62
40449,3.7673,3.6152,10.726,1353,3028.62
40454,-0.9086,-0.4776,13.9917,1353,3028.62
40459,-6.681,0.4274,10.7943,1351,3028.62
40464,0.346,3.0035,7.671,1351,3028.47
40469,3.8882,3.5554,10.811,1353,3028.47
40474,-1.2821,-0.674,14.0683,1354,3028.47
40479,-6.6966,0.6572,10.6219,1357,3028.47
40484,0.5878,3.1544,7.7357,1351,3028.62
40489,3.9205,3.4884,10.9475,1353,3028.62
40494,-1.4976,-0.8045,14.0923,1343,3028.62
40499,-6.6954,0.8655,10.4172,1363,3028.62
40504,0.8607,3.1951,7.8099,1351,3028.62
40509,3.9983,3.3399,11.0971,1353,3028.62
40514,-1.8304,-0.9852,14.0779,1341,3028.62
40519,-6.6643,1.0475,10.1849,1363,3028.62
40524,1.0762,3.2645,7.9272,1351,3028.77
40529,4.039,3.2046,11.2156,1354,3028.77
40534,-2.0985,-1.1253,14.0803,1343,3028.77
40539,-6.5685,1.2222,9.9527,1363,3028.77
40544,1.2857,3.2908,7.9667,1353,3028.93
40549,4.0989,3.049,11.4395,1355,3028.93
40554,-2.4098,-1.233,14.0635,1351,3028.93
40559,-6.4847,1.3695,9.7588,1355,3028.93
40564,1.4581,3.4022,8.0864,1355,3029.08
40569,4.0917,2.9437,11.6227,1355,3029.08
40574,-2.7318,-1.3671,13.9618,1339,3029.08
40579,-6.3171,1.494,9.5253,1355,3029.08
40584,1.6508,3.3722,8.1882,1353,3029.23
40589,4.0378,2.7306,11.7615,1359,3029.23
40594,-3.0287,-1.5024,13.9797,1349,3029.23
40599,-6.1327,1.6388,9.3003,1355,3029.23
40604,1.7813,3.462,8.3582,1353,3029.23
40609,3.9277,2.5893,11.9794,1357,3029.23
40614,-3.2944,-1.6281,13.8792,1351,3029.23
40619,-5.9256,1.7957,9.0477,1355,3029.84
40624,1.9094,3.4991,8.4659,1342,3029.84
40629,3.7721,2.3499,12.1745,1355,3029.84
40634,-3.6045,-1.7071,13.7583,1355,3029.84
40639,-5.618,1.8699,8.825,1355,3030.15
40644,2.065,3.5422,8.5545,1352,3030.15
40649,3.6176,2.2098,12.2918,1349,3030.15
40654,-3.9504,-1.7717,13.6745,1359,3030.15
40659,-5.351,1.9944,8.673,1359,3029.39
40664,2.1536,3.5865,8.6574,1355,3029.39
40669,3.3794,1.9908,12.4678,1353,3029.39
40674,-4.2222,-1.7873,13.5979,1355,3029.39
40679,-4.9883,2.0674,8.4946,1351,3029.08
40684,2.2865,3.6691,8.8131,1357,3029.08
40689,3.0742,1.8711,12.6174,1351,3029.08
40694,-4.4544,-1.7873,13.4099,1355,3029.08
40699,-4.6783,2.138,8.3486,1354,3029.54
40704,2.2829,3.6583,8.9711,1353,3029.54
40709,2.7713,1.6125,12.7946,1351,3029.54
40714,-4.7369,-1.7681,13.2507,1351,3029.54
40719,-4.3191,2.2661,8.1403,1359,3028.93
40724,2.4792,3.7601,9.0405,1355,3028.93
40729,2.4792,1.4832,12.8844,1351,3028.93
40734,-4.9464,-1.6915,13.1406,1349,3028.93
40739,-3.8858,2.3224,8.0373,1359,3028.77
40744,2.4983,3.7852,9.2225,1359,3028.77
40749,2.1955,1.2653,13.0197,1341,3028.77
40754,-5.1583,-1.5706,12.9574,1350,3028.77
40759,-3.5662,2.3798,7.8602,1353,3028.47
40764,2.654,3.863,9.3446,1355,3028.47
40769,1.9249,1.1744,13.1466,1353,3028.47
40774,-5.4576,-1.4569,12.8066,1350,3028.47
40779,-3.1149,2.4193,7.7716,1357,3028.77
40784,2.7461,3.8666,9.5361,1355,3028.77
40789,1.579,0.9361,13.307,1355,3028.77
40794,-5.624,-1.3467,12.6546,1349,3028.77
40799,-2.7043,2.5091,7.75,1357,3028.93
40804,2.8922,3.9516,9.669,1353,3028.93
40809,1.2869,0.8284,13.3549,1359,3028.93
40814,-5.8335,-1.1157,12.4199,1355,3028.93
40819,-2.3032,2.5965,7.6459,1355,3029.08
40824,3.0347,3.9193,9.7707,1351,3029.08
40829,0.9876,0.6249,13.4063,1353,3029.08
40834,-5.9855,-0.9505,12.2308,1359,3029.08
40839,-1.9285,2.6995,7.6231,1340,3029.23
40844,3.1843,3.9433,9.8857,1357,3029.23
40849,0.7254,0.4561,13.5584,1343,3029.23
40854,-6.1507,-0.7446,12.0907,1355,3029.23
40859,-1.4676,2.7366,7.5693,1355,3029.23
40864,3.2968,3.8654,9.9838,1357,3029.23
40869,0.3819,0.2729,13.6589,1344,3029.23
40874,-6.3051,-0.5435,11.8393,1351,3029.23
40879,-1.0846,2.7964,7.58,1353,3029.54
40884,3.401,3.8798,10.0784,1337,3029.54
40889,0.0958,0.1233,13.7954,1353,3029.54
40894,-6.3841,-0.3555,11.6358,1351,3029.54
40899,-0.7159,2.8228,7.4867,1358,3029.69
40904,3.5949,3.7888,10.2388,1343,3029.69
40909,-0.1508,-0.0646,13.8313,1353,3029.69
40914,-6.5098,-0.1365,11.376,1351,3029.69
40919,-0.3735,2.9161,7.5369,1356,3029.69
40924,3.7074,3.7134,10.4267,1359,3029.69
40929,-0.4369,-0.2406,13.9187,1351,3029.69
40934,-6.6104,0.1425,11.1582,1353,3029.69
40939,-0.0192,2.9628,7.5633,1351,3029.84
40944,3.8451,3.6679,10.5453,1353,3029.84
40949,-0.7111,-0.4621,13.9223,1351,3029.84
40954,-6.6236,0.3124,10.9487,1353,3029.84
40959,0.3029,3.0251,7.6016,1351,3029.69
40964,3.9588,3.5231,10.7272,1341,3029.69
40969,-1.0259,-0.5806,14.0216,1353,3029.69
40974,-6.687,0.5555,10.6757,1351,3029.69
40979,0.5722,3.0933,7.6878,1351,3029.69
40984,4.0701,3.4381,10.9164,1351,3029.69
40989,-1.33,-0.7781,14.0839,1354,3029.69
40994,-6.6499,0.7302,10.4675,1350,3029.69
40999,0.7925,3.1424,7.7153,1352,3029.69
41004,4.0725,3.3639,11.0576,1351,3029.69
41009,-1.7011,-0.9505,14.0516,1349,3029.69
41014,-6.6535,0.9194,10.2125,1359,3029.69
41019,1.0331,3.1436,7.8374,1351,3029.69
41024,4.057,3.1939,11.2731,1352,3029.69
41029,-2.1069,-1.136,14.0169,1343,3029.69
41034,-6.5817,1.1001,9.9886,1363,3029.69
41039,1.2617,3.2262,7.9116,1350,3029.69
41044,4.0965,3.0801,11.4503,1355,3029.69
41049,-2.3535,-1.2785,14.0432,1349,3029.69
41054,-6.4703,1.3348,9.7767,1362,3029.69
41059,1.4317,3.3208,8.0421,1357,3029.69
41064,4.0546,2.9664,11.6191,1357,3029.69
41069,-2.7438,-1.4353,13.9905,1367,3029.69
41074,-6.371,1.4533,9.5193,1355,3029.69
41079,1.5658,3.3243,8.1618,1357,3029.54
41084,3.9648,2.745,11.7831,1355,3029.54
41089,-3.0191,-1.5538,13.9187,1351,3029.54
41094,-6.1866,1.6293,9.3733,1355,3029.54
41099,1.7382,3.4345,8.2744,1353,3029.69
41104,3.869,2.63,12.0105,1358,3029.69
41109,-3.3387,-1.634,13.8924,1349,3029.69
