{
  "mean": [
    3.7444304830552437,
    2.694427688945826,
    21411.111794591106,
    521.9042435510435,
    0.3835164256586516,
    0.023626512096774195
  ],
  "scale": [
    0.9572884752349062,
    0.7305631370164413,
    4275.502524092665,
    414.0978657101821,
    0.37734465994150673,
    0.3388297751433177
  ],
  "feature_names": [
    "rms_current",
    "kurtosis_current",
    "mean_speed",
    "std_speed",
    "spectral_entropy_current",
    "peak_frequency_current"
  ]
}