timestamp_ms,ax,ay,az,acs_adc,rpm
910,-2.3499,2.1955,10.5034,1577,1693.58
16915,0.5255,2.4756,10.3633,1577,1693.58
16920,-0.4693,2.569,10.4698,1583,1693.58
16925,-1.0989,1.5538,11.1438,1595,1693.58
16930,-0.3723,0.2957,11.1534,1487,1693.58
16935,-1.67,0.0826,11.0947,1486,1693.58
16940,-1.3683,1.336,10.8074,1491,1693.53
16945,-2.1727,2.2087,10.5381,1497,1693.53
16950,0.2059,2.3499,10.3645,1502,1693.53
16955,-0.0958,2.7665,10.6386,1509,1693.53
16960,-1.1612,1.5694,10.8541,1591,1693.53
16965,-0.3519,0.4968,11.2887,1604,1693.53
16970,-1.5993,-0.0323,11.0409,1576,1693.53
16975,-1.4186,1.3575,11.0468,1579,1693.67
16980,-2.0027,2.0949,10.4459,1586,1693.67
16985,-0.1221,2.3882,10.4435,1581,1693.67
16990,0.2646,2.8814,10.5632,1593,1693.67
16995,-1.1768,1.6352,10.7823,1581,1693.67
17000,-0.2861,0.5986,11.3437,1606,1693.67
17005,-1.4653,-0.091,10.9942,1583,1693.67
17010,-1.5239,1.3431,11.1917,1583,1693.91
17015,-1.8663,1.9118,10.3346,1583,1693.91
17020,-0.4393,2.4983,10.5716,1587,1693.91
17025,0.5926,2.8036,10.3525,1623,1693.91
17030,-1.2462,1.8818,10.9427,1579,1693.91
17035,-0.3292,0.6536,11.1869,1603,1693.91
17047,0.0,-29.9981,0.1556,1589,1693.53
17050,-1.6364,1.8375,10.386,1593,1693.53
17055,-0.7159,2.4924,10.5225,1606,1693.53
17060,0.9313,2.7797,10.3346,1599,1693.53
17065,-1.336,2.1344,10.9164,1580,1693.53
17070,-0.3831,0.6788,11.0768,1593,1693.53
17075,-1.3707,0.1018,11.3701,1581,1693.53
17080,-1.5718,0.8978,10.981,1589,1693.19
17085,-1.3958,1.8387,10.6482,1591,1693.19
17090,-1.1073,2.3774,10.3214,1599,1693.19
17095,1.172,2.958,10.4651,1591,1693.19
17100,-1.336,2.2482,10.8062,1597,1693.19
17105,-0.3723,0.7985,11.0696,1605,1693.19
17110,-1.3084,0.1664,11.4622,1589,1693.19
17115,-1.5838,0.6117,10.8194,1592,1693.34
17120,-1.2689,1.8938,10.8733,1589,1693.34
17125,-1.4688,2.2314,10.1107,1587,1693.34
17130,1.3408,3.1065,10.7368,1574,1693.34
17135,-1.4557,2.1428,10.5153,1583,1693.34
17140,-0.4561,1.0008,11.303,1605,1693.34
17145,-1.1516,0.1173,11.3521,1587,1693.34
17150,-1.5814,0.504,10.8242,1507,1692.91
17155,-1.2234,1.8244,10.9176,1591,1692.91
17160,-1.8268,2.1668,10.1406,1583,1692.91
17165,1.3348,3.0466,10.7619,1487,1692.91
17170,-1.4186,2.0746,10.3382,1516,1692.91
17175,-0.5614,1.1396,11.4395,1550,1692.91
17180,-0.9589,0.0431,11.1354,1577,1692.91
17185,-1.5993,0.5231,11.0361,1509,1692.91
17190,-1.2402,1.652,10.7344,1577,1692.62
17195,-2.0339,2.2936,10.3214,1580,1692.62
17200,1.2881,2.8886,10.6877,1509,1692.62
17205,-1.3276,2.1093,10.3489,1496,1692.62
17210,-0.7111,1.2031,11.3964,1513,1692.62
17215,-0.8045,0.0982,11.1163,1501,1692.62
17220,-1.6819,0.4597,11.1055,1499,1692.62
17225,-1.2653,1.5407,10.6937,1510,1692.24
17230,-2.2805,2.2805,10.5058,1523,1692.24
17235,1.136,2.6683,10.4399,1516,1692.24
17240,-1.1708,2.3116,10.5453,1565,1692.24
17245,-0.8619,1.233,11.1654,1609,1692.24
17250,-0.6835,0.1975,11.2683,1589,1692.24
17255,-1.6532,0.2921,10.9786,1593,1692.24
17260,-1.342,1.5778,10.7667,1509,1692.62
17265,-2.3463,2.2122,10.4136,1567,1692.62
17270,0.9098,2.5953,10.4028,1577,1692.62
17275,-0.8978,2.4852,10.6159,1567,1692.62
17280,-0.9768,1.2761,11.0337,1593,1692.62
17285,-0.571,0.3196,11.3473,1590,1692.62
17290,-1.6484,0.0886,10.8362,1607,1692.62
17295,-1.2725,1.5921,11.0145,1587,1692.86
17300,-2.3954,2.0746,10.2472,1592,1692.86
17305,0.6189,2.6264,10.5285,1577,1692.86
17310,-0.6369,2.5079,10.4974,1583,1692.86
17315,-1.0427,1.4437,11.0038,1592,1692.86
17320,-0.4812,0.3519,11.2934,1597,1692.86
17325,-1.6293,0.0132,10.8362,1593,1692.86
17330,-1.3396,1.5766,11.1654,1593,1693.38
17335,-2.3535,1.9764,10.1969,1610,1693.38
17340,0.3424,2.6444,10.6374,1595,1693.38
17345,-0.3232,2.4912,10.3238,1619,1693.38
17350,-1.1372,1.7214,11.0971,1613,1693.38
17355,-0.4106,0.3124,11.1426,1597,1693.38
17360,-1.6352,-0.0204,11.0612,1589,1693.38
17365,-1.4078,1.4018,11.0935,1591,1693.91
17370,-2.1404,2.0123,10.3214,1597,1693.91
17375,0.0814,2.5031,10.5297,1597,1693.91
17380,0.0168,2.6193,10.2604,1617,1693.91
17385,-1.1744,1.8304,11.1091,1605,1693.91
17390,-0.3591,0.3531,11.0157,1641,1693.91
17395,-1.5886,0.1006,11.2049,1567,1693.91
17400,-1.4449,1.2091,10.92,1593,1693.86
17405,-1.9441,2.1177,10.5931,1595,1693.86
17410,-0.2155,2.3774,10.3789,1597,1693.86
17415,0.401,2.8323,10.477,1599,1693.86
17420,-1.233,1.8711,10.9559,1593,1693.86
17425,-0.2849,0.5567,11.1139,1613,1693.86
17430,-1.5371,0.0072,11.2803,1594,1693.86
17435,-1.5239,1.087,10.8362,1593,1693.29
17440,-1.6568,2.1117,10.6865,1607,1693.29
17445,-0.5435,2.2697,10.222,1595,1693.29
17450,0.7254,2.982,10.6015,1619,1693.29
17455,-1.3072,1.8387,10.7105,1591,1693.29
17460,-0.3232,0.82,11.321,1607,1693.29
17465,-1.403,0.0,11.1977,1593,1693.29
17470,-1.5479,1.069,10.9439,1596,1693.48
17475,-1.476,1.9537,10.6111,1608,1693.48
17480,-0.9254,2.2745,10.2951,1612,1693.48
17485,1.0151,3.0203,10.6793,1608,1693.48
17490,-1.3719,1.919,10.6279,1609,1693.48
17495,-0.3472,0.9385,11.4132,1615,1693.48
17500,-1.2761,-0.0299,11.1354,1593,1693.48
17505,-1.5957,1.0092,11.1522,1597,1694.01
17510,-1.403,1.7358,10.5237,1599,1694.01
17515,-1.2234,2.4301,10.4315,1605,1694.01
17520,1.2414,2.9485,10.5896,1592,1694.01
17525,-1.3803,2.0961,10.641,1611,1694.01
17530,-0.4429,0.917,11.2563,1625,1694.01
17535,-1.1468,0.0646,11.2037,1622,1694.01
17540,-1.6149,0.8248,11.157,1613,1693.81
17545,-1.3539,1.6376,10.5919,1607,1693.81
17550,-1.5167,2.4445,10.3992,1609,1693.81
17555,1.2845,2.8503,10.4387,1589,1693.81
17560,-1.4126,2.2589,10.738,1599,1693.81
17565,-0.5267,0.8571,11.1294,1607,1693.81
17570,-1.0858,0.2466,11.3569,1614,1693.81
17575,-1.5646,0.5578,10.9271,1609,1694.1
17580,-1.3072,1.7621,10.7643,1624,1694.1
17585,-1.81,2.3391,10.3166,1615,1694.1
17590,1.2953,2.8635,10.5524,1591,1694.1
17595,-1.3372,2.3236,10.7105,1592,1694.1
17600,-0.6201,0.9445,11.145,1606,1694.1
17605,-0.9876,0.2286,11.3844,1597,1694.1
17610,-1.5742,0.3005,10.8254,1606,1694.1
17615,-1.2294,1.8723,10.9702,1611,1693.91
17620,-2.0806,2.1392,10.1466,1608,1693.91
17625,1.2234,2.8994,10.6889,1608,1693.91
17630,-1.2821,2.2458,10.3944,1593,1693.91
17635,-0.7482,1.1935,11.248,1614,1693.91
17640,-0.8392,0.17,11.2887,1593,1693.91
17645,-1.6017,0.2167,10.8278,1595,1693.91
17650,-1.1911,1.8232,11.0337,1597,1694.77
17655,-2.2865,2.0482,10.143,1597,1694.77
17660,1.0906,2.8742,10.7464,1605,1694.77
17665,-1.1133,2.1679,10.2627,1583,1694.77
17670,-0.8392,1.4222,11.3856,1624,1694.77
17675,-0.6536,0.097,11.1019,1605,1694.77
17680,-1.6891,0.2849,10.9978,1619,1694.77
17685,-1.2306,1.6592,10.8852,1595,1694.82
17690,-2.3739,2.132,10.2663,1597,1694.82
17695,0.911,2.7222,10.6326,1595,1694.82
17700,-0.929,2.2577,10.2604,1589,1694.82
17705,-1.0116,1.5155,11.3665,1609,1694.82
17710,-0.5519,0.1221,11.0445,1607,1694.82
17715,-1.7262,0.261,11.1043,1615,1694.82
17720,-1.251,1.4581,10.7955,1598,1695.97
17725,-2.4169,2.2278,10.5082,1607,1695.97
17730,0.7027,2.4936,10.4471,1593,1695.97
17735,-0.6812,2.4576,10.507,1589,1695.97
17740,-1.0463,1.4317,11.1211,1599,1695.97
17745,-0.4262,0.267,11.1881,1606,1695.97
17750,-1.7298,0.1544,11.0648,1607,1695.97
17755,-1.3348,1.4246,10.8266,1597,1696.21
17760,-2.3451,2.2326,10.4962,1617,1696.21
17765,0.5207,2.387,10.3537,1595,1696.21
17770,-0.401,2.63,10.5919,1615,1696.21
17775,-1.142,1.4078,10.8912,1637,1696.21
17780,-0.4106,0.4334,11.2456,1607,1696.21
17785,-1.6783,-0.018,10.9056,1593,1696.21
17790,-1.4054,1.4461,11.1127,1597,1695.78
17795,-2.2529,2.1117,10.3573,1609,1695.78
17800,0.2334,2.4588,10.4722,1605,1695.78
17805,-0.1472,2.7138,10.5189,1623,1695.78
17810,-1.1791,1.5957,10.8852,1615,1695.78
17815,-0.3412,0.5148,11.3569,1627,1695.78
17820,-1.5897,-0.1101,10.8948,1588,1695.78
17825,-1.4269,1.4868,11.1929,1595,1695.73
17830,-2.1165,1.9393,10.2711,1598,1695.73
17835,0.0024,2.4876,10.635,1599,1695.73
17840,0.2011,2.6695,10.3262,1613,1695.73
17845,-1.1648,1.7968,11.0085,1595,1695.73
17850,-0.3316,0.5171,11.1941,1617,1695.73
17855,-1.5682,-0.0407,11.0875,1593,1695.73
17860,-1.4928,1.3024,11.1725,1599,1695.68
17865,-1.9022,1.9333,10.3932,1596,1695.68
17870,-0.3089,2.4888,10.58,1595,1695.68
17875,0.5028,2.7078,10.24,1608,1695.68
17880,-1.2234,1.9812,11.0097,1593,1695.68
17885,-0.3448,0.5219,11.0277,1615,1695.68
17890,-1.5335,0.0239,11.3234,1599,1695.68
17895,-1.4976,1.1157,10.9511,1593,1696.07
17900,-1.664,1.9848,10.6362,1618,1696.07
17905,-0.5914,2.3535,10.3441,1623,1696.07
17910,0.7925,2.8599,10.4291,1609,1696.07
17915,-1.2474,2.0267,10.9092,1593,1696.07
17920,-0.3292,0.6548,11.0516,1605,1696.07
17925,-1.4808,0.0587,11.4263,1591,1696.07
17930,-1.5036,0.9278,10.9008,1605,1696.07
17935,-1.4976,2.0195,10.744,1605,1696.07
17940,-0.9098,2.2984,10.2077,1611,1696.07
17945,1.0511,3.0466,10.6362,1608,1696.07
17950,-1.312,1.9896,10.6542,1609,1696.07
17955,-0.3735,0.8236,11.2827,1623,1696.07
17960,-1.3587,0.0443,11.2575,1597,1696.07
17965,-1.5455,0.8799,10.9259,1599,1696.16
17970,-1.3575,1.9201,10.7153,1595,1696.16
17975,-1.2067,2.3032,10.2089,1609,1696.16
17980,1.233,3.0311,10.7296,1591,1696.16
17985,-1.3815,1.9944,10.507,1609,1696.16
17990,-0.4405,0.978,11.4287,1619,1696.16
17995,-1.2031,-0.0227,11.0959,1623,1696.16
18000,-1.5646,0.826,11.0804,1609,1696.5
18005,-1.4162,1.7382,10.6243,1615,1696.5
18010,-1.4688,2.3978,10.4076,1613,1696.5
18015,1.2857,2.8874,10.6123,1591,1696.5
18020,-1.3862,2.132,10.5417,1598,1696.5
18025,-0.5507,0.9493,11.3258,1605,1696.5
18030,-1.0558,0.0706,11.1498,1617,1696.5
18035,-1.6544,0.723,11.1043,1611,1696.3
18040,-1.3288,1.6352,10.55,1625,1696.3
18045,-1.737,2.3942,10.4483,1615,1696.3
18050,1.3228,2.8036,10.4279,1589,1696.3
18055,-1.3575,2.2649,10.6027,1594,1696.3
18060,-0.6536,0.9613,11.1785,1609,1696.3
18065,-0.9122,0.1808,11.3569,1605,1696.3
18070,-1.6759,0.4417,10.9642,1605,1696.3
18075,-1.2522,1.6855,10.7476,1615,1696.5
18080,-1.962,2.2721,10.3657,1614,1696.5
18085,1.2641,2.7749,10.4974,1609,1696.5
18090,-1.2989,2.3583,10.6015,1589,1696.5
18095,-0.7614,1.0044,11.1007,1607,1696.5
18100,-0.832,0.2263,11.4503,1597,1696.5
18105,-1.6676,0.2203,10.8362,1595,1696.5
18110,-1.1899,1.8088,10.9798,1603,1696.78
18115,-2.1787,2.1201,10.2185,1605,1696.78
18120,1.1815,2.8479,10.6602,1604,1696.78
18125,-1.2163,2.2565,10.4256,1587,1696.78
18130,-0.8392,1.2163,11.2168,1629,1696.78
18135,-0.6788,0.1844,11.297,1597,1696.78
18140,-1.67,0.1628,10.7691,1607,1696.78
18145,-1.172,1.8052,11.054,1592,1695.73
18150,-2.3739,2.0435,10.1466,1597,1695.73
18155,1.0307,2.8683,10.6949,1591,1695.73
18160,-1.0558,2.2027,10.2687,1589,1695.73
18165,-0.9218,1.4078,11.4227,1614,1695.73
18170,-0.5519,0.091,11.066,1607,1695.73
18175,-1.7178,0.237,10.9714,1619,1695.73
18180,-1.2677,1.6209,10.9223,1603,1696.02
18185,-2.4648,2.1153,10.2723,1596,1696.02
18190,0.8583,2.6791,10.6315,1593,1696.02
18195,-0.8583,2.2422,10.2855,1593,1696.02
18200,-0.9792,1.5371,11.3844,1608,1696.02
18205,-0.4824,0.0958,11.0456,1605,1696.02
18210,-1.7526,0.2478,11.0887,1611,1696.02
18215,-1.251,1.3683,10.8002,1597,1696.02
18220,-2.4565,2.2302,10.5237,1621,1696.02
18225,0.6704,2.4744,10.4052,1597,1696.02
18230,-0.6345,2.4732,10.404,1597,1696.02
18235,-1.057,1.5191,11.1151,1624,1696.02
18240,-0.4166,0.2598,11.1318,1607,1696.02
18245,-1.7322,0.0946,11.0397,1595,1696.02
18250,-1.3455,1.324,10.8888,1597,1695.97
18255,-2.3092,2.2374,10.4794,1611,1695.97
18260,0.4441,2.3906,10.3872,1609,1695.97
18265,-0.3795,2.715,10.568,1625,1695.97
18270,-1.1085,1.4641,10.8864,1617,1695.97
18275,-0.413,0.4896,11.333,1619,1695.97
18280,-1.6448,-0.0108,10.9415,1590,1695.97
18285,-1.421,1.3755,10.9798,1593,1695.78
18290,-2.1787,2.1105,10.4303,1597,1695.78
18295,0.1401,2.4301,10.4339,1599,1695.78
18300,-0.0539,2.7629,10.5249,1614,1695.78
18305,-1.1181,1.5814,10.8721,1597,1695.78
18310,-0.3675,0.5818,11.3461,1623,1695.78
18315,-1.5479,-0.1413,10.8996,1591,1695.78
18320,-1.4365,1.4114,11.1941,1595,1695.68
18325,-2.0494,1.9154,10.2352,1595,1695.68
18330,-0.1616,2.5295,10.5955,1598,1695.68
18335,0.261,2.7366,10.3657,1599,1695.68
18340,-1.1277,1.7921,10.9942,1595,1695.68
18345,-0.3531,0.5734,11.2013,1615,1695.68
18350,-1.4928,-0.0622,11.0744,1599,1695.68
18355,-1.5012,1.3072,11.1905,1594,1695.83
18360,-1.8747,1.8794,10.3382,1606,1695.83
18365,-0.4633,2.5367,10.5919,1605,1695.83
18370,0.5626,2.7378,10.3046,1615,1695.83
18375,-1.1768,1.9884,11.048,1593,1695.83
18380,-0.3723,0.571,11.0217,1609,1695.83
18385,-1.4437,0.0239,11.3425,1593,1695.83
18390,-1.4988,1.075,11.0073,1595,1695.68
18395,-1.6723,1.9537,10.5668,1608,1695.68
18400,-0.7362,2.4169,10.3908,1613,1695.68
18405,0.8523,2.8563,10.4256,1609,1695.68
18410,-1.251,2.1057,10.8852,1610,1695.68
18415,-0.3879,0.6572,11.0373,1617,1695.68
18420,-1.3539,0.079,11.412,1595,1695.68
18425,-1.5526,0.8368,10.8421,1597,1695.3
18430,-1.4748,1.998,10.8469,1599,1695.3
18435,-1.0762,2.2901,10.1957,1611,1695.3
18440,1.0882,3.0035,10.6506,1591,1695.3
18445,-1.2641,2.0674,10.6015,1609,1695.3
18450,-0.4286,0.8727,11.2563,1613,1695.3
18455,-1.227,0.0634,11.2911,1613,1695.3
18460,-1.5993,0.7422,10.8709,1599,1695.25
18465,-1.3527,1.9393,10.7871,1599,1695.25
18470,-1.4018,2.2589,10.1813,1606,1695.25
18475,1.2905,3.0299,10.7667,1587,1695.25
18480,-1.3527,2.0231,10.4196,1605,1695.25
18485,-0.5279,0.9924,11.4646,1607,1695.25
18490,-1.0678,0.0539,11.1785,1615,1695.25
18495,-1.6855,0.7111,11.0528,1609,1694.87
18500,-1.2366,1.7442,10.6734,1624,1694.87
18505,-1.7095,2.3535,10.2807,1619,1694.87
18510,1.3312,2.9054,10.6506,1587,1694.87
18515,-1.3539,2.1105,10.4567,1592,1694.87
18520,-0.589,1.0786,11.4191,1607,1694.87
18525,-0.8918,0.1173,11.1929,1598,1694.87
18530,-1.7334,0.6021,11.0768,1609,1694.87
18535,-1.2342,1.6484,10.6123,1612,1695.3
18540,-1.9692,2.32,10.4686,1609,1695.3
18545,1.3156,2.7976,10.5141,1609,1695.3
18550,-1.3611,2.2817,10.5872,1591,1695.3
18555,-0.7159,1.0271,11.2168,1607,1695.3
18560,-0.7781,0.1987,11.3282,1597,1695.3
18565,-1.7382,0.3819,10.9966,1595,1695.3
18570,-1.1768,1.6316,10.7512,1595,1694.39
18575,-2.2458,2.2948,10.3705,1599,1694.39
18580,1.172,2.788,10.5249,1606,1694.39
18585,-1.2905,2.3272,10.5776,1593,1694.39
18590,-0.8068,1.0822,11.0648,1627,1694.39
18595,-0.6967,0.2167,11.3856,1591,1694.39
18600,-1.6867,0.1987,10.8409,1619,1694.39
18605,-1.1839,1.743,10.9427,1592,1694.58
18610,-2.3858,2.1308,10.1909,1597,1694.58
18615,1.0475,2.8515,10.647,1595,1694.58
18620,-1.1109,2.2697,10.4363,1589,1694.58
18625,-0.8727,1.2977,11.1594,1613,1694.58
18630,-0.5746,0.2191,11.2755,1609,1694.58
18635,-1.6616,0.0982,10.7787,1619,1694.58
18640,-1.2007,1.7023,11.0816,1597,1695.06
18645,-2.4576,2.0842,10.1646,1613,1695.06
18650,0.8942,2.7976,10.7715,1591,1695.06
18655,-0.9697,2.2446,10.2735,1593,1695.06
18660,-0.9026,1.506,11.3138,1599,1695.06
18665,-0.5387,0.1113,11.1151,1606,1695.06
18670,-1.7047,0.1532,10.9954,1610,1695.06
18675,-1.2653,1.5095,10.9858,1593,1695.15
18680,-2.466,2.1117,10.2544,1619,1695.15
18685,0.6847,2.6348,10.6602,1599,1695.15
18690,-0.7051,2.3739,10.2077,1619,1695.15
18695,-0.9708,1.646,11.2492,1623,1695.15
18700,-0.5004,0.1341,11.0456,1609,1695.15
18705,-1.6999,0.1233,11.1474,1593,1695.15
18710,-1.3324,1.2989,10.8565,1597,1695.59
18715,-2.308,2.2015,10.4818,1608,1695.59
18720,0.3998,2.4122,10.4591,1606,1695.59
18725,-0.3508,2.6001,10.4435,1623,1695.59
18730,-1.0582,1.646,11.06,1613,1695.59
18735,-0.4262,0.3699,11.1271,1624,1695.59
18740,-1.67,0.1053,11.1905,1591,1695.59
18745,-1.3874,1.2617,10.8721,1595,1695.59
18750,-2.144,2.2134,10.5165,1599,1695.59
18755,0.1437,2.332,10.3358,1597,1695.59
18760,-0.0263,2.8204,10.6207,1613,1695.59
18765,-1.1265,1.5886,10.8146,1598,1695.59
18770,-0.3591,0.5794,11.2719,1622,1695.59
18775,-1.5718,-0.0084,11.0337,1594,1695.59
18780,-1.4569,1.3252,11.0217,1595,1695.68
18785,-1.9728,2.0458,10.4459,1596,1695.68
18790,-0.1891,2.3966,10.4076,1593,1695.68
18795,0.3148,2.8898,10.5357,1595,1695.68
18800,-1.1468,1.7011,10.7344,1597,1695.68
18805,-0.3735,0.6333,11.3138,1619,1695.68
18810,-1.4569,-0.1101,11.0026,1593,1695.68
18815,-1.494,1.3503,11.1187,1595,1696.16
18820,-1.7957,1.8926,10.3178,1609,1696.16
18825,-0.498,2.4768,10.5249,1619,1696.16
18830,0.6345,2.8287,10.416,1614,1696.16
18835,-1.2127,1.9237,10.8409,1591,1696.16
18840,-0.3699,0.6309,11.2061,1614,1696.16
18845,-1.3946,-0.0563,11.1354,1593,1696.16
18850,-1.5431,1.1935,11.1725,1599,1696.26
18855,-1.6173,1.834,10.4184,1608,1696.26
18860,-1.5179,4.9967,21.057,1611,1696.26
18865,0.9146,2.7713,10.337,1607,1696.26
18870,-1.2629,2.1895,10.9212,1611,1696.26
18875,-0.395,0.6572,11.0409,1617,1696.26
18880,-1.3012,0.103,11.382,1595,1696.26
18885,-1.5778,0.8906,10.969,1599,1696.02
18890,-1.4341,1.889,10.6135,1607,1696.02
18895,-1.0989,2.3703,10.3226,1605,1696.02
18900,1.1564,2.8922,10.4914,1593,1696.02
18905,-1.3228,2.2278,10.8194,1608,1696.02
18910,-0.4154,0.7458,11.1019,1619,1696.02
18915,-1.2522,0.1772,11.4634,1625,1696.02
18920,-1.6316,0.6919,10.8002,1609,1696.02
18925,-1.3264,1.9836,10.902,1615,1696.02
18930,-1.421,2.2302,10.1215,1612,1696.02
18935,1.3384,3.0394,10.744,1587,1696.02
18940,-1.4126,2.1308,10.5117,1597,1696.02
18945,-0.5028,0.9697,11.2779,1605,1696.02
18950,-1.1337,0.1365,11.3437,1613,1696.02
18955,-1.6448,0.5602,10.8529,1609,1695.87
18960,-1.2139,1.8555,10.8649,1623,1695.87
18965,-1.7286,2.2146,10.1801,1625,1695.87
18970,1.336,3.1256,10.8218,1587,1695.87
18975,-1.4425,2.0387,10.2843,1591,1695.87
18980,-0.5794,1.1205,11.4527,1607,1695.87
18985,-1.0151,0.0503,11.1594,1605,1695.87
18990,-1.6771,0.5962,11.0289,1607,1695.87
18995,-1.2234,1.7166,10.72,1611,1695.59
19000,-1.9932,2.2362,10.2771,1611,1695.59
19005,1.3719,2.964,10.6997,1617,1695.59
19010,-1.4329,2.0913,10.4244,1591,1695.59
19015,-0.6237,1.2079,11.4467,1612,1695.59
19020,-0.8368,0.0958,11.0828,1599,1695.59
19025,-1.6831,0.5148,11.1426,1593,1695.59
19030,-1.233,1.5287,10.6482,1595,1694.96
19035,-2.1955,2.3224,10.3825,1596,1694.96
19040,1.2665,2.7737,10.4746,1608,1694.96
19045,-1.324,2.2805,10.5093,1587,1694.96
19050,-0.7386,1.1648,11.2659,1621,1694.96
19055,-0.7242,0.1712,11.2647,1599,1694.96
19060,-1.6676,0.3531,11.0708,1619,1694.96
19065,-1.2462,1.5203,10.7452,1593,1694.92
19070,-2.3391,2.3068,10.3825,1591,1694.92
19075,1.1277,2.6839,10.4842,1595,1694.92
19080,-1.1947,2.375,10.6087,1587,1694.92
19085,-0.8499,1.2163,11.06,1615,1694.92
19090,-0.6859,0.2777,11.4108,1606,1694.92
19095,-1.5838,0.146,10.8074,1619,1694.92
19100,-1.2953,1.6436,10.9523,1593,1695.2
19105,-2.399,2.1069,10.2292,1595,1695.2
19110,0.8906,2.6971,10.5896,1580,1695.2
19115,-0.9313,2.4026,10.4615,1591,1695.2
19120,-0.9098,1.3048,11.0959,1605,1695.2
19125,-0.5722,0.2705,11.297,1605,1695.2
19130,-1.5921,0.0419,10.7811,1597,1695.2
19135,-1.3036,1.6807,11.1378,1603,1695.01
19140,-2.3834,2.0195,10.1466,1619,1695.01
19145,0.6345,2.6959,10.6961,1590,1695.01
19150,-0.6907,2.3595,10.3729,1613,1695.01
19155,-1.0151,1.5634,11.2635,1619,1695.01
19160,-0.5028,0.2023,11.1678,1607,1695.01
19165,-1.6436,0.0323,10.9499,1589,1695.01
19170,-1.3336,1.5191,11.0468,1595,1694.96
19175,-2.3164,2.0399,10.2783,1610,1694.96
19180,0.3891,2.5857,10.586,1605,1694.96
19185,-0.3603,2.4972,10.2005,1621,1694.96
19190,-1.1337,1.7298,11.2408,1609,1694.96
19195,-0.4118,0.2203,11.0109,1623,1694.96
19200,-1.6448,0.067,11.1342,1589,1694.96
19205,-1.3922,1.336,10.8745,1597,1695.15
19210,-2.1416,2.1368,10.4962,1605,1695.15
19215,0.1125,2.3631,10.4291,1605,1695.15
19220,0.0156,2.6516,10.4172,1611,1695.15
19225,-1.1851,1.7095,11.0576,1595,1695.15
19230,-0.3711,0.3675,11.0636,1618,1695.15
19235,-1.5957,0.0838,11.2108,1593,1695.15
19240,-1.4712,1.2354,10.8182,1593,1695.2
19245,-1.9429,2.1979,10.6267,1595,1695.2
19250,-0.1281,2.2877,10.2939,1599,1695.2
19255,0.3053,2.909,10.6279,1618,1695.2
19260,-1.2091,1.6867,10.8014,1595,1695.2
19265,-0.2861,0.6393,11.2659,1619,1695.2
19270,-1.5251,-0.0347,11.1007,1594,1695.2
19275,-1.5359,1.2019,11.0085,1592,1695.68
19280,-1.7693,2.0566,10.5776,1605,1695.68
19285,-0.4681,2.2865,10.3286,1620,1695.68
19290,0.656,2.9712,10.5836,1614,1695.68
19295,-1.2534,1.7753,10.7105,1589,1695.68
19300,-0.3089,0.7733,11.3246,1614,1695.68
19305,-1.4389,-0.0922,11.0792,1595,1695.68
19310,-1.5981,1.1899,11.1402,1607,1695.39
19315,-1.6173,1.8699,10.4291,1605,1695.39
19320,-0.7877,2.4134,10.4088,1619,1695.39
19325,0.8978,2.8599,10.5213,1607,1695.39
19330,-1.3024,1.9992,10.7631,1613,1695.39
19335,-0.3711,0.8296,11.3018,1621,1695.39
19340,-1.3036,-0.0108,11.1606,1617,1695.39
19345,-1.5933,1.0774,11.157,1607,1695.01
19350,-1.4557,1.7526,10.4794,1597,1695.01
19355,-1.0774,2.4924,10.5117,1599,1695.01
19360,1.1851,2.8395,10.3286,1593,1695.01
19365,-1.3491,2.2326,10.8206,1606,1695.01
19370,-0.4118,0.7709,11.1211,1613,1695.01
19375,-1.2617,0.1221,11.3485,1621,1695.01
19380,-1.5814,0.8128,10.9535,1624,1694.87
19385,-1.3168,1.8256,10.6554,1624,1694.87
19390,-1.4054,2.3631,10.3298,1618,1694.87
19395,1.324,2.8898,10.4471,1591,1694.87
19400,-1.3767,2.2649,10.7931,1595,1694.87
19405,-0.5016,0.8045,11.1187,1603,1694.87
19410,-1.166,0.1604,11.4622,1611,1694.87
19415,-1.6029,0.5195,10.8134,1611,1694.82
19420,-1.2091,1.8806,10.884,1621,1694.82
19425,-1.6963,2.2529,10.1466,1613,1694.82
19430,1.3815,3.043,10.7416,1595,1694.82
19435,-1.415,2.1668,10.5213,1591,1694.82
19440,-0.5243,1.0032,11.2432,1604,1694.82
19445,-1.1181,0.1425,11.3569,1596,1694.82
19450,-1.5826,0.413,10.8541,1611,1694.82
19455,-1.2222,1.7921,10.9415,1607,1694.92
19460,-1.986,2.1871,10.1526,1605,1694.92
19465,1.33,2.9999,10.8134,1609,1694.92
19470,-1.3779,2.0806,10.3142,1590,1694.92
19475,-0.6883,1.2318,11.3928,1634,1694.92
19480,-0.9325,0.0874,11.1199,1595,1694.92
19485,-1.646,0.4058,11.0684,1595,1694.92
19490,-1.245,1.6795,10.8745,1605,1695.01
19495,-2.1632,2.2158,10.2651,1599,1695.01
19500,1.1875,2.8156,10.6458,1604,1695.01
19505,-1.2701,2.1368,10.3166,1581,1695.01
19510,-0.7949,1.3096,11.4251,1621,1695.01
19515,-0.7374,0.103,11.072,1604,1695.01
19520,-1.6676,0.3974,11.133,1623,1695.01
19525,-1.3252,1.494,10.7093,1603,1695.2
19530,-2.2984,2.2649,10.4866,1599,1695.2
19535,1.0271,2.6372,10.4663,1611,1695.2
19540,-1.0211,2.3092,10.5285,1582,1695.2
19545,-0.9122,1.306,11.2527,1608,1695.2
19550,-0.5986,0.1987,11.2144,1607,1695.2
19555,-1.6867,0.2622,11.0026,1613,1695.2
19560,-1.3372,1.5431,10.8254,1597,1695.44
19565,-2.3355,2.2577,10.489,1622,1695.44
19570,0.8763,2.5786,10.3657,1593,1695.44
19575,-0.8009,2.4864,10.5872,1595,1695.44
19580,-1.0582,1.3156,10.9882,1622,1695.44
19585,-0.4824,0.3065,11.3222,1607,1695.44
19590,-1.7214,0.0802,10.8314,1605,1695.44
19595,-1.3443,1.5933,11.0624,1597,1695.49
19600,-2.3451,2.0925,10.3262,1613,1695.49
19605,0.6321,2.5929,10.574,1619,1695.49
19610,-0.565,2.5319,10.5453,1625,1695.49
19615,-1.0726,1.3922,10.9738,1621,1695.49
19620,-0.4322,0.3328,11.3677,1608,1695.49
19625,-1.6185,-0.0215,10.7847,1591,1695.49
19630,-1.324,1.6352,11.1115,1593,1696.16
19635,-2.3427,2.0255,10.2125,1605,1696.16
19640,0.3663,2.6193,10.6698,1611,1696.16
19645,-0.2861,2.4828,10.3082,1619,1696.16
19650,-1.1349,1.6257,11.1187,1613,1696.16
19655,-0.3424,0.2753,11.1737,1625,1696.16
19660,-1.658,0.0024,10.9619,1591,1696.16
19665,-1.3731,1.4653,11.0852,1593,1696.11
19670,-2.1883,2.0399,10.3214,1594,1696.11
19675,0.1341,2.5295,10.6566,1599,1696.11
19680,0.0156,2.5726,10.2592,1607,1696.11
19685,-1.1217,1.7933,11.1809,1593,1696.11
19690,-0.3591,0.3029,11.0528,1618,1696.11
19695,-1.6125,0.0491,11.2264,1594,1696.11
19700,-1.4018,1.2462,10.9822,1593,1695.87
19705,-2.0159,2.1081,10.5046,1583,1695.87
19710,-0.1137,2.4014,10.3992,1595,1695.87
19715,0.3496,2.7557,10.3944,1623,1695.87
19720,-1.1791,1.8818,10.9966,1593,1695.87
19725,-0.3017,0.5267,11.0313,1610,1695.87
19730,-1.6149,0.0754,11.2887,1595,1695.87
19735,-1.5311,1.1229,10.8625,1591,1695.87
19740,-1.6987,2.1272,10.7176,1608,1695.87
19745,-0.4417,2.2625,10.2723,1615,1695.87
19750,0.6393,2.9521,10.5812,1611,1695.87
19755,-1.2139,1.8495,10.7643,1593,1695.87
19760,-0.3136,0.7266,11.2539,1621,1695.87
19765,-1.5263,-0.0084,11.218,1586,1695.87
19770,-1.549,1.0606,11.0145,1605,1695.44
19775,-1.5838,2.0375,10.6901,1605,1695.44
19780,-0.7458,2.326,10.2424,1614,1695.44
19785,0.9409,3.0203,10.6279,1599,1695.44
19790,-1.2821,1.8771,10.5955,1611,1695.44
19795,-0.3879,0.8847,11.382,1621,1695.44
19800,-1.3575,-0.073,11.1079,1599,1695.44
19805,-1.5646,1.0702,11.1247,1609,1694.96
19810,-1.4593,1.7382,10.4555,1599,1694.96
19815,-1.0738,2.4541,10.392,1599,1694.96
19820,1.1349,2.9113,10.5512,1593,1694.96
19825,-1.3479,2.0614,10.6841,1595,1694.96
19830,-0.4034,0.8499,11.3066,1613,1694.96
19835,-1.2306,0.0,11.1761,1619,1694.96
19840,-1.5407,0.9385,11.1271,1605,1694.82
19845,-1.409,1.6771,10.4579,1623,1694.82
19850,-1.3467,2.4768,10.4974,1613,1694.82
19855,1.2653,2.8491,10.404,1589,1694.82
19860,-1.3934,2.2649,10.8182,1593,1694.82
19865,-0.5148,0.7997,11.2144,1605,1694.82
19870,-1.1313,0.1257,11.3617,1609,1694.82
19875,-1.5383,0.6656,10.9978,1607,1695.3
19880,-1.3587,1.7154,10.6662,1617,1695.3
19885,-1.6161,2.4313,10.4016,1615,1695.3
19890,1.3384,2.8371,10.4914,1595,1695.3
19895,-1.3862,2.3128,10.744,1593,1695.3
19900,-0.595,0.8116,11.0971,1604,1695.3
19905,-1.0139,0.2322,11.4742,1593,1695.3
19910,-1.5646,0.4058,10.805,1595,1695.3
19915,-1.2941,1.8495,10.969,1607,1695.68
19920,-1.9154,2.2075,10.1622,1603,1695.68
19925,1.2761,2.9389,10.6805,1609,1695.68
19930,-1.2953,2.2242,10.495,1591,1695.68
19935,-0.6967,0.9972,11.2073,1625,1695.68
19940,-0.929,0.2023,11.3701,1596,1695.68
19945,-1.5886,0.3112,10.7823,1596,1695.68
19950,-1.2414,1.901,11.0289,1595,1695.87
19955,-2.1416,2.1308,10.1143,1599,1695.87
19960,1.2222,2.9544,10.811,1598,1695.87
19965,-1.2402,2.1153,10.2424,1584,1695.87
19970,-0.8045,1.2474,11.3964,1623,1695.87
19975,-0.735,0.0934,11.1582,1599,1695.87
19980,-1.6867,0.2981,10.9379,1621,1695.87
19985,-1.2198,1.7119,10.8661,1603,1695.63
19990,-2.326,2.1261,10.2927,1597,1695.63
19995,1.0403,2.8467,10.6686,1595,1695.63
20000,-1.087,2.1284,10.2508,1591,1695.63
20005,-0.9254,1.4066,11.4263,1609,1695.63
20010,-0.6021,0.0754,11.0624,1605,1695.63
20015,-1.7478,0.3196,11.0983,1610,1695.63
20020,-1.233,1.506,10.7272,1604,1695.54
20025,-2.4277,2.2505,10.4495,1617,1695.54
20030,0.8823,2.6408,10.4519,1592,1695.54
20035,-0.893,2.3092,10.4447,1596,1695.54
20040,-1.0151,1.397,11.2073,1623,1695.54
20045,-0.4381,0.1496,11.1522,1605,1695.54
20050,-1.7119,0.1879,11.0456,1605,1695.54
20055,-1.2797,1.4365,10.7859,1605,1694.92
20060,-2.3918,2.3104,10.507,1613,1694.92
20065,0.6393,2.4816,10.3633,1599,1694.92
20070,-0.6728,2.5223,10.5477,1621,1694.92
20075,-1.0989,1.385,10.9571,1619,1694.92
20080,-0.3328,0.3639,11.2396,1619,1694.92
20085,-1.6652,0.0862,10.9331,1592,1694.92
20090,-1.3372,1.5036,11.0038,1593,1694.63
20095,-2.3451,2.1907,10.404,1605,1694.63
20100,0.4106,2.4636,10.5177,1599,1694.63
20105,-0.3376,2.66,10.5213,1617,1694.63
20110,-1.1205,1.4473,10.8912,1611,1694.63
20115,-0.3484,0.4693,11.3593,1624,1694.63
20120,-1.6257,-0.0778,10.8517,1595,1694.63
20125,-1.409,1.5263,11.2073,1597,1694.72
20130,-2.2182,2.0087,10.2472,1595,1694.72
20135,0.1065,2.5558,10.6279,1605,1694.72
20140,-0.0287,2.6252,10.3238,1605,1694.72
20145,-1.1217,1.6783,10.975,1589,1694.72
20150,-0.3364,0.4884,11.2192,1620,1694.72
20155,-1.5921,-0.0634,11.0528,1597,1694.72
20160,-1.4449,1.4257,11.1893,1594,1694.72
20165,-1.9872,1.9537,10.2987,1599,1694.72
20170,-0.1532,2.5462,10.6338,1607,1694.72
20175,0.3196,2.6264,10.2615,1621,1694.72
20180,-1.1636,1.9118,11.0696,1593,1694.72
20185,-0.3783,0.4932,11.0564,1608,1694.72
20190,-1.5383,0.0024,11.2863,1593,1694.72
20195,-1.4485,1.1863,10.9642,1596,1695.11
20200,-1.7717,2.0195,10.4303,1608,1695.11
20205,-0.4274,2.4409,10.4375,1611,1695.11
20210,0.656,2.8156,10.386,1609,1695.11
20215,-1.2246,1.9872,10.9642,1609,1695.11
20220,-0.3519,0.589,11.048,1617,1695.11
20225,-1.4844,0.0347,11.3605,1590,1695.11
20230,-1.4844,0.9732,10.817,1597,1694.68
20235,-1.5838,2.0351,10.6913,1595,1694.68
20240,-0.7542,2.3427,10.1957,1612,1694.68
20245,0.9325,3.037,10.6099,1593,1694.68
20250,-1.2713,1.992,10.726,1608,1694.68
20255,-0.3268,0.7793,11.248,1621,1694.68
20260,-1.3443,0.0347,11.2755,1621,1694.68
20265,-1.4976,0.8751,10.8852,1607,1694.92
20270,-1.4593,1.9692,10.7332,1604,1694.92
20275,-1.1169,2.2901,10.2197,1609,1694.92
20280,1.1181,3.0658,10.7631,1595,1694.92
20285,-1.318,1.9656,10.5393,1599,1694.92
20290,-0.4082,0.9565,11.4431,1611,1694.92
20295,-1.1612,-0.0443,11.1737,1618,1694.92
20300,-1.5921,0.8655,11.0157,1610,1694.05
20305,-1.3587,1.7801,10.6255,1625,1694.05
20310,-1.4329,2.302,10.3501,1620,1694.05
20315,1.2486,2.909,10.6003,1589,1694.05
20320,-1.3312,2.0446,10.471,1593,1694.05
20325,-0.5375,0.9685,11.4,1604,1694.05
20330,-1.0319,0.0419,11.1534,1605,1694.05
20335,-1.6293,0.7159,11.1259,1605,1694.05
20340,-1.3515,1.64,10.5608,1606,1693.43
20345,-1.7131,2.4409,10.3801,1607,1693.43
20350,1.3048,2.8012,10.5129,1614,1693.43
20355,-1.3372,2.3044,10.568,1591,1693.43
20360,-0.65,0.9313,11.2049,1611,1693.43
20365,-0.905,0.182,11.3306,1595,1693.43
20370,-1.6867,0.4729,10.9918,1589,1693.43
20375,-1.2486,1.6771,10.7284,1595,1693.81
20380,-1.9872,2.3068,10.3597,1598,1693.81
20385,1.257,2.8108,10.4519,1605,1693.81
20390,-1.2881,2.3331,10.6123,1588,1693.81
20395,-0.7649,0.9744,11.1294,1624,1693.81
20400,-0.7661,0.2358,11.4443,1605,1693.81
20405,-1.6532,0.2191,10.7667,1621,1693.81
20410,-1.2163,1.7885,10.9379,1605,1694.05
20415,-2.2422,2.1548,10.1347,1599,1694.05
20420,1.1025,2.8814,10.5979,1597,1694.05
20425,-1.1612,2.2841,10.4746,1589,1694.05
20430,-0.8511,1.1827,11.1797,1608,1694.05
20435,-0.68,0.1927,11.3114,1609,1694.05
20440,-1.6795,0.1101,10.8409,1613,1694.05
20445,-1.1648,1.7801,11.0313,1604,1693.86
20450,-2.4409,2.0303,10.1813,1613,1693.86
20455,0.9146,2.8359,10.7583,1591,1693.86
20460,-1.0247,2.2434,10.2556,1596,1693.86
20465,-0.9206,1.4473,11.3114,1619,1693.86
20470,-0.5447,0.103,11.1378,1613,1693.86
20475,-1.7214,0.1652,10.9247,1608,1693.86
20480,-1.2426,1.5981,10.9439,1597,1693.91
20485,-2.4708,2.0734,10.2759,1613,1693.91
20490,0.7542,2.7126,10.6434,1597,1693.91
20495,-0.7685,2.2661,10.2735,1623,1693.91
20500,-0.9685,1.5766,11.3509,1619,1693.91
20505,-0.431,0.097,10.9966,1609,1693.91
20510,-1.7131,0.17,11.1211,1595,1693.91
20515,-1.2929,1.3719,10.8397,1595,1693.81
20520,-2.3679,2.2302,10.4806,1607,1693.81
20525,0.5207,2.5031,10.4746,1595,1693.81
20530,-0.4525,2.5271,10.3896,1617,1693.81
20535,-1.0343,1.573,11.0852,1607,1693.81
20540,-0.3783,0.3244,11.0684,1626,1693.81
20545,-1.6867,0.1257,11.1498,1591,1693.81
20550,-1.391,1.2546,10.8098,1604,1694.05
20555,-2.2326,2.2158,10.5524,1597,1694.05
20560,0.2634,2.3092,10.3513,1599,1694.05
20565,0.7374,3.0215,10.6853,1605,1694.05
20570,-1.0858,1.5598,10.8493,1597,1694.05
20575,-0.3879,0.8308,11.3437,1621,1694.05
20580,-1.6017,-0.0072,11.0349,1599,1694.05
20585,-1.555,1.1612,11.0971,1594,1693.96
20590,-1.9872,2.0435,10.3896,1605,1693.96
20595,-0.9074,2.4098,10.4112,1597,1693.96
20600,0.2394,2.8958,10.568,1621,1693.96
20605,-1.3108,1.9944,10.6315,1595,1693.96
20610,-0.3879,0.8559,11.2923,1607,1693.96
20615,-1.2785,-0.0694,11.1761,1593,1693.96
20620,-1.5706,0.9876,11.1725,1595,1694.15
20625,-1.47,1.6867,10.4459,1596,1694.15
20630,-1.2067,2.484,10.4818,1619,1694.15
20635,1.1923,2.8204,10.3585,1609,1694.15
20640,-1.342,2.1871,10.817,1612,1694.15
20645,-0.4465,0.7781,11.1678,1612,1694.15
20650,-1.1923,0.1233,11.3713,1595,1694.15
20655,-1.5574,0.7721,11.0816,1599,1694.48
20660,-1.3719,1.7262,10.653,1594,1694.48
20665,-1.5048,2.4265,10.3908,1610,1694.48
20670,1.3012,2.8635,10.41,1593,1694.48
20675,-1.3479,2.3391,10.7978,1610,1694.48
20680,-0.565,0.814,11.1235,1614,1694.48
20685,-1.1085,0.231,11.497,1615,1694.48
20690,-1.6125,0.4729,10.8206,1611,1694.29
20695,-1.2677,1.8567,10.8601,1607,1694.29
20700,-1.8028,2.2302,10.1909,1613,1694.29
20705,1.3072,2.9808,10.6518,1591,1694.29
20710,-1.3838,2.2697,10.5105,1605,1694.29
20715,-0.6704,0.9768,11.2204,1608,1694.29
20720,-0.9469,0.1712,11.4072,1613,1694.29
20725,-1.6089,0.2885,10.7919,1611,1694.77
20730,-1.2091,1.8459,10.9954,1625,1694.77
20735,-2.0877,2.1153,10.0904,1620,1694.77
20740,1.2438,3.0215,10.817,1591,1694.77
20745,-1.2977,2.1201,10.3034,1591,1694.77
20750,-0.7877,1.2342,11.3749,1605,1694.77
20755,-0.7697,0.0982,11.1474,1605,1694.77
20760,-1.6604,0.316,10.9523,1607,1694.77
20765,-1.1744,1.7202,10.9092,1609,1695.11
20770,-2.3032,2.1476,10.24,1611,1695.11
20775,1.1313,2.8575,10.7464,1609,1695.11
20780,-1.1337,2.1548,10.2771,1593,1695.11
20785,-0.917,1.3647,11.4335,1607,1695.11
20790,-0.6189,0.0503,11.0624,1597,1695.11
20795,-1.6987,0.3292,11.0397,1592,1695.11
20800,-1.2737,1.5191,10.7895,1596,1695.01
20805,-2.4229,2.2302,10.4279,1598,1695.01
20810,0.9661,2.6767,10.5141,1607,1695.01
20815,-1.002,2.32,10.483,1591,1695.01
20820,-1.0044,1.3946,11.2396,1624,1695.01
20825,-0.5064,0.1269,11.1043,1597,1695.01
20830,-1.7358,0.2155,11.0696,1614,1695.01
20835,-1.2821,1.4461,10.7464,1593,1694.58
20840,-2.4325,2.3032,10.4902,1597,1694.58
20845,0.7219,2.5091,10.3729,1613,1694.58
20850,-0.7673,2.5594,10.55,1587,1694.58
20855,-1.0331,1.3707,10.987,1615,1694.58
20860,-0.4298,0.3639,11.2958,1598,1694.58
20865,-1.6508,0.0563,10.9379,1613,1694.58
20870,-1.3156,1.476,10.9738,1597,1694.1
20875,-2.314,2.1572,10.3813,1613,1694.1
20880,0.5004,2.5199,10.4758,1593,1694.1
20885,-0.4381,2.6097,10.5333,1595,1694.1
20890,-1.0953,1.4389,10.914,1607,1694.1
20895,-0.3855,0.4429,11.3294,1604,1694.1
20900,-1.6281,-0.0275,10.8745,1609,1694.1
20905,-1.3767,1.4832,11.1474,1595,1693.81
20910,-2.2565,2.0087,10.2376,1619,1693.81
20915,0.1724,2.5666,10.6171,1597,1693.81
20920,-0.1065,2.5905,10.3202,1623,1693.81
20925,-1.081,1.6759,10.9678,1620,1693.81
20930,-0.3603,0.4513,11.2073,1611,1693.81
20935,-1.6053,-0.0407,10.9966,1591,1693.81
20940,-1.4413,1.4198,11.1893,1597,1693.96
20945,-2.0554,1.9489,10.2556,1605,1693.96
20950,-0.1089,2.5307,10.6374,1607,1693.96
20955,0.2861,2.6396,10.246,1623,1693.96
20960,-1.1337,1.8878,11.1342,1613,1693.96
20965,-0.3304,0.486,11.0385,1625,1693.96
20970,-1.5658,0.0084,11.2779,1595,1693.96
20975,-1.4293,1.1576,11.0385,1599,1694.1
20980,-1.7945,1.9884,10.4184,1597,1694.1
20985,-0.4022,2.4541,10.4244,1599,1694.1
20990,0.6129,2.8575,10.3226,1604,1694.1
20995,-1.2198,2.0219,10.9595,1598,1694.1
21000,-0.3579,0.5662,11.0445,1621,1694.1
21005,-1.5263,0.0455,11.3832,1595,1694.1
21010,-1.4976,1.0104,10.8577,1597,1694.48
21015,-1.5945,2.0087,10.7536,1605,1694.48
21020,-0.7242,2.3439,10.2292,1592,1694.48
21025,0.8954,2.9844,10.586,1622,1694.48
21030,-1.2713,1.9692,10.6973,1595,1694.48
21035,-0.3615,0.7685,11.2037,1611,1694.48
21040,-1.3898,0.0096,11.2468,1597,1694.48
21045,-1.5371,0.8882,10.9032,1595,1694.25
21050,-1.4281,1.9345,10.738,1608,1694.25
21055,-1.1133,2.2984,10.2232,1619,1694.25
21060,1.1504,3.0526,10.6901,1611,1694.25
21065,-1.312,2.0016,10.5165,1608,1694.25
21070,-0.4226,0.911,11.3784,1612,1694.25
21075,-1.2617,0.0024,11.1869,1591,1694.25
21080,-1.5981,0.8499,11.0301,1596,1694.1
21085,-1.3384,1.7741,10.6231,1604,1694.1
21090,-1.4234,2.3667,10.2771,1612,1694.1
21095,1.2929,2.8934,10.6231,1596,1694.1
21100,-1.336,2.1261,10.5058,1611,1694.1
21105,-0.5315,0.9804,11.3569,1621,1694.1
21110,-1.0798,0.0838,11.2228,1609,1694.1
21115,-1.6101,0.7506,11.1474,1612,1694.1
21120,-1.2929,1.6508,10.5572,1609,1694.1
21125,-1.7154,2.3942,10.4267,1607,1694.1
21130,1.3922,2.8311,10.5117,1593,1694.1
21135,-1.33,2.2769,10.6267,1607,1694.1
21140,-0.6512,0.9625,11.2336,1611,1694.1
21145,-0.9098,0.2263,11.3557,1610,1694.1
21150,-1.6879,0.4657,10.993,1613,1694.05
21155,-1.239,1.6795,10.6602,1623,1694.05
21160,-1.9513,2.3116,10.3418,1619,1694.05
21165,1.2869,2.7749,10.4639,1591,1694.05
21170,-1.2881,2.3703,10.6063,1594,1694.05
21175,-0.7661,0.9876,11.0864,1605,1694.05
21180,-0.7949,0.2801,11.4311,1607,1694.05
21185,-1.6879,0.2705,10.7787,1607,1694.05
21190,-1.1768,1.8124,10.8649,1609,1694.29
21195,-2.235,2.1572,10.137,1607,1694.29
21200,1.1325,2.8766,10.6398,1609,1694.29
21205,-1.1923,2.2901,10.4794,1592,1694.29
21210,-0.8667,1.2079,11.1426,1611,1694.29
21215,-0.6632,0.1832,11.3246,1595,1694.29
21220,-1.719,0.0862,10.7476,1592,1694.29
21225,-1.1624,1.8316,11.0696,1600,1694.48
21230,-2.4349,2.0614,10.0856,1599,1694.48
21235,0.984,2.9161,10.7296,1607,1694.48
21240,-1.0367,2.2182,10.2783,1589,1694.48
21245,-0.9325,1.4557,11.2887,1625,1694.48
21250,-0.5734,0.1137,11.1785,1606,1694.48
21255,-1.7202,0.1784,10.9595,1621,1694.48
21260,-1.2342,1.6113,10.9834,1595,1694.39
21265,-2.4708,2.0853,10.2424,1612,1694.39
21270,0.8535,2.6671,10.6219,1597,1694.39
21275,-0.7961,2.2529,10.2005,1584,1694.39
21280,-0.9708,1.5598,11.3389,1615,1694.39
21285,-0.4776,0.1365,11.0097,1609,1694.39
21290,-1.7334,0.1664,11.1259,1619,1694.39
21295,-1.2905,1.3695,10.8278,1605,1694.39
21300,-2.3679,2.2338,10.4639,1610,1694.39
21305,0.5997,2.4648,10.3777,1593,1694.39
21310,-0.5231,2.4624,10.392,1596,1694.39
21315,-1.0618,1.567,11.1271,1605,1694.39
21320,-0.4022,0.3136,11.1402,1609,1694.39
21325,-1.7214,0.1508,11.1474,1606,1694.39
21330,-1.3934,1.3156,10.8876,1599,1693.77
21335,-2.2565,2.2458,10.5369,1619,1693.77
21340,0.3232,2.3631,10.3645,1599,1693.77
21345,-0.2107,2.7282,10.5465,1615,1693.77
21350,-1.1277,1.5311,10.8745,1619,1693.77
21355,-0.3771,0.5028,11.3078,1606,1693.77
21360,-1.6197,0.0132,11.0061,1591,1693.77
21365,-1.4497,1.3599,11.0061,1595,1693.81
21370,-2.0626,2.1033,10.4459,1609,1693.81
21375,-0.0275,2.3822,10.3992,1607,1693.81
21380,0.1736,2.8287,10.5309,1623,1693.81
21385,-1.1672,1.6221,10.7943,1613,1693.81
21390,-0.3986,0.6596,11.3772,1625,1693.81
21395,-1.5119,-0.1221,10.999,1594,1693.81
21400,-1.4712,1.4042,11.2049,1597,1693.62
21405,-1.8627,1.8806,10.2915,1597,1693.62
21410,-0.346,2.4876,10.5429,1599,1693.62
21415,0.5183,2.8096,10.3394,1607,1693.62
21420,-1.2019,1.8699,10.8793,1596,1693.62
21425,-0.3699,0.6117,11.2013,1614,1693.62
21430,-1.4509,-0.0467,11.1546,1599,1693.62
21435,-1.4928,1.2617,11.1785,1593,1693.62
21440,-1.7011,1.7645,10.3322,1599,1693.62
21445,-0.6584,2.5367,10.5704,1605,1693.62
21450,0.8392,2.7629,10.2975,1619,1693.62
21455,-1.2234,2.1261,10.9439,1593,1693.62
21460,-0.3986,0.6057,11.0947,1609,1693.62
21465,-1.3958,0.067,11.3952,1595,1693.62
21470,-1.5251,0.9685,11.0193,1595,1693.48
21475,-1.4724,1.8675,10.5524,1607,1693.48
21480,-1.0259,2.4349,10.3597,1614,1693.48
21485,1.1504,2.8862,10.392,1611,1693.48
21490,-1.3168,2.235,10.8278,1621,1693.48
21495,-0.4609,0.6524,11.0205,1620,1693.48
21500,-1.2797,0.1915,11.4838,1595,1693.48
21505,-1.6017,0.6919,10.8469,1599,1693.15
21510,-1.3024,1.9609,10.8397,1605,1693.15
21515,-1.3827,2.2482,10.0999,1614,1693.15
21520,1.2677,3.0502,10.6901,1595,1693.15
21525,-1.342,2.1416,10.5393,1612,1693.15
21530,-0.5064,0.8691,11.2587,1619,1693.15
21535,-1.1229,0.1161,11.3234,1614,1693.15
21540,-1.6388,0.4968,10.8924,1597,1693.34
21545,-1.2258,1.919,10.9583,1611,1693.34
21550,-1.7238,2.1775,10.0832,1613,1693.34
21555,1.3862,3.0275,10.7655,1593,1693.34
21560,-1.3815,2.065,10.3334,1599,1693.34
21565,-0.6249,1.1025,11.4431,1611,1693.34
21570,-0.9206,0.0551,11.2312,1612,1693.34
21575,-1.7083,0.5136,11.0157,1609,1692.81
21580,-1.1636,1.7849,10.8014,1623,1692.81
21585,-2.0686,2.2553,10.2663,1619,1692.81
21590,1.3012,2.9185,10.6937,1592,1692.81
21595,-1.3048,2.1153,10.3489,1595,1692.81
21600,-0.7817,1.2617,11.4395,1597,1692.81
21605,-0.7338,0.0742,11.1438,1599,1692.81
21610,-1.7466,0.4537,11.1271,1608,1692.81
21615,-1.2115,1.6281,10.6458,1610,1692.38
21620,-2.3068,2.3104,10.4471,1610,1692.38
21625,1.1636,2.7078,10.4986,1609,1692.38
21630,-1.2079,2.2769,10.4878,1594,1692.38
21635,-0.8715,1.2474,11.1725,1617,1692.38
21640,-0.6309,0.176,11.2432,1597,1692.38
21645,-1.719,0.2777,10.9774,1596,1692.38
21650,-1.2594,1.5574,10.7428,1598,1692.38
21655,-2.3739,2.3008,10.4004,1607,1692.38
21660,0.9565,2.6193,10.4555,1605,1692.38
21665,-1.0104,2.375,10.5584,1588,1692.38
21670,-0.9361,1.239,11.0624,1622,1692.38
21675,-0.5351,0.2514,11.3641,1599,1692.38
21680,-1.6831,0.067,10.8409,1621,1692.38
21685,-1.2749,1.5814,10.9942,1605,1691.9
21690,-2.4289,2.1296,10.2532,1599,1691.9
21695,0.7051,2.6528,10.5644,1595,1691.9
21700,-0.7326,2.4529,10.4794,1593,1691.9
21705,-0.9924,1.385,11.0492,1608,1691.9
21710,-0.4501,0.3328,11.3473,1611,1691.9
21715,-1.6771,-0.0239,10.8721,1609,1691.9
21720,-1.3575,1.5933,11.1977,1597,1692.24
21725,-2.3774,2.0111,10.1945,1619,1692.24
21730,0.4729,2.6336,10.6841,1608,1692.24
21735,-0.4082,2.4804,10.2747,1607,1692.24
21740,-1.057,1.6676,11.1031,1625,1692.24
21745,-0.4573,0.3041,11.1414,1591,1692.24
21750,-1.6412,0.006,11.0385,1599,1692.24
21755,-1.4186,1.4461,11.1031,1595,1692.91
21760,-2.2051,2.0219,10.258,1611,1692.91
21765,0.1544,2.5223,10.6063,1607,1692.91
21770,-0.0012,2.6193,10.2496,1625,1692.91
21775,-1.0846,1.8208,11.2061,1613,1692.91
21780,-0.401,0.3496,11.0756,1625,1692.91
21785,-1.6029,0.0467,11.2408,1591,1692.91
21790,-1.4688,1.2414,10.9702,1595,1692.62
21795,-1.8902,2.0997,10.5285,1591,1692.62
21800,-0.1796,2.3739,10.4064,1604,1692.62
21805,0.3974,2.7797,10.4052,1609,1692.62
21810,-1.1971,1.8579,10.9702,1607,1692.62
21815,-0.346,0.5315,11.0768,1623,1692.62
21820,-1.5586,0.0287,11.2827,1604,1692.62
21825,-1.476,1.087,10.9068,1611,1691.86
21830,-1.6616,2.0482,10.7117,1597,1691.86
21835,-0.5926,2.3212,10.2448,1597,1691.86
21840,0.7649,2.9712,10.6063,1625,1691.86
21845,-1.2629,1.8423,10.6769,1594,1691.86
21850,-0.3687,0.7314,11.2946,1610,1691.86
21855,-1.4102,-0.0886,11.2144,1591,1691.86
21860,-1.5371,0.9984,11.0073,1599,1692.62
21865,-1.4629,1.9309,10.6506,1609,1692.62
21870,-0.9397,2.3595,10.2687,1614,1692.62
21875,1.0439,2.9449,10.6841,1611,1692.62
21880,-1.3072,1.9453,10.568,1607,1692.62
21885,-0.4549,0.8847,11.3521,1611,1692.62
21890,-1.2055,-0.0227,11.1318,1596,1692.62
21895,-1.6257,0.9266,11.1067,1599,1692.24
21900,-1.385,1.743,10.5465,1605,1692.24
21905,-1.3001,2.411,10.3956,1613,1692.24
21910,1.2498,2.8922,10.5093,1597,1692.24
21915,-1.2905,2.1261,10.5979,1613,1692.24
21920,-0.5112,0.9194,11.3234,1622,1692.24
21925,-1.0606,0.067,11.2671,1615,1692.24
21930,-1.6628,0.7733,11.1091,1611,1692.57
21935,-1.336,1.6795,10.5752,1607,1692.57
21940,-1.6328,2.375,10.4267,1611,1692.57
21945,1.33,2.7892,10.4375,1593,1692.57
21950,-1.3695,2.3272,10.732,1607,1692.57
21955,-0.6165,0.8667,11.1366,1613,1692.57
21960,-0.9337,0.2298,11.3856,1621,1692.57
21965,-1.6676,0.4357,10.9116,1613,1693.05
21970,-1.227,1.8004,10.7667,1623,1693.05
21975,-1.9393,2.2697,10.2723,1620,1693.05
21980,1.3156,2.8479,10.5512,1587,1693.05
21985,-1.342,2.2936,10.6243,1593,1693.05
21990,-0.7219,0.9613,11.139,1605,1693.05
21995,-0.7961,0.2334,11.4215,1599,1693.05
22000,-1.6556,0.2693,10.7943,1609,1693.05
22005,-1.1648,1.8495,11.0193,1613,1693.43
22010,-2.2338,2.1021,10.0628,1605,1693.43
22015,1.2103,2.9485,10.6686,1611,1693.43
22020,-1.2474,2.1979,10.4435,1597,1693.43
22025,-0.7805,1.2701,11.2815,1614,1693.43
22030,-0.7147,0.1437,11.2791,1603,1693.43
22035,-1.7011,0.1664,10.811,1595,1693.43
22040,-1.1851,1.7454,11.0397,1591,1693.43
22045,-2.4241,2.047,10.0963,1605,1693.43
22050,1.0451,2.8706,10.7691,1607,1693.43
22055,-1.1241,2.1584,10.2256,1595,1693.43
22060,-0.9014,1.4832,11.3677,1623,1693.43
22065,-0.5866,0.0622,11.0744,1599,1693.43
22070,-1.7035,0.2143,11.0409,1623,1693.43
22075,-1.2582,1.5083,10.89,1608,1693.38
22080,-2.4576,2.1368,10.313,1599,1693.38
22085,0.8775,2.6384,10.5584,1595,1693.38
22090,-0.8835,2.2625,10.2819,1593,1693.38
22095,-0.9708,1.5287,11.3282,1613,1693.38
22100,-0.4824,0.1437,11.048,1607,1693.38
22105,-1.7298,0.2334,11.139,1615,1693.38
22110,-1.3479,1.3563,10.7655,1605,1693.72
22115,-2.3427,2.235,10.4686,1615,1693.72
22120,0.5818,2.4301,10.3825,1595,1693.72
22125,-0.5866,2.5666,10.5129,1595,1693.72
22130,-1.0582,1.4629,11.0935,1623,1693.72
22135,-0.4477,0.3112,11.1223,1609,1693.72
22140,-1.6999,0.0898,11.1223,1605,1693.72
22145,-1.4198,1.3479,10.9235,1595,1693.67
22150,-2.2182,2.1763,10.4734,1615,1693.67
22155,0.2717,2.3296,10.3621,1609,1693.67
22160,-0.1772,2.7785,10.5393,1627,1693.67
22165,-1.0822,1.4964,10.8433,1615,1693.67
22170,-0.425,0.5842,11.3174,1623,1693.67
22175,-1.5526,-0.0491,10.9331,1591,1693.67
22180,-1.4641,1.4676,11.0672,1597,1693.48
22185,-2.0267,2.0674,10.325,1604,1693.48
22190,-0.0204,2.4373,10.4435,1604,1693.48
22195,0.176,2.8132,10.471,1619,1693.48
22200,-1.1337,1.6616,10.8469,1597,1693.48
22205,-0.3675,0.5734,11.2791,1622,1693.48
22210,-1.4844,-0.079,11.0002,1596,1693.48
22215,-1.4904,1.4066,11.2001,1595,1694.2
22220,-1.8842,1.913,10.2208,1597,1694.2
22225,-0.3412,2.5726,10.6207,1598,1694.2
22230,0.498,2.7521,10.3837,1599,1694.2
22235,-1.1456,1.9465,10.9918,1595,1694.2
22240,-0.3328,0.5638,11.1175,1618,1694.2
22245,-1.4054,0.0168,11.2108,1594,1694.2
22250,-1.5299,1.221,11.0887,1587,1694.48
22255,-1.6951,1.8842,10.3705,1610,1694.48
22260,-0.7075,2.5582,10.4914,1611,1694.48
22265,0.8643,2.7928,10.3382,1613,1694.48
22270,-1.2689,2.1308,10.9702,1595,1694.48
22275,-0.3663,0.5375,11.048,1595,1694.48
22280,-1.3264,0.0814,11.4203,1595,1694.48
22285,-1.6161,0.9194,10.8757,1605,1694.25
22290,-1.4724,1.9776,10.7428,1607,1694.25
22295,-1.0259,2.3379,10.325,1613,1694.25
22300,1.1109,2.9125,10.5644,1611,1694.25
22305,-1.3048,2.1775,10.805,1613,1694.25
22310,-0.4118,0.7817,11.1821,1618,1694.25
22315,-1.227,0.1389,11.4203,1595,1694.25
22320,-1.6472,0.6596,10.8278,1597,1696.3
22325,-1.3384,2.0063,10.8469,1597,1696.3
22330,-1.3827,2.1931,10.1442,1611,1696.3
22335,1.2737,3.067,10.7679,1595,1696.3
22340,-1.3515,2.0638,10.5261,1613,1696.3
22345,-0.4633,0.9732,11.3892,1621,1696.3
22350,-1.1349,0.079,11.2719,1621,1696.3
22355,-1.7095,0.6464,10.8793,1611,1694.39
22360,-1.2294,1.8806,10.817,1611,1694.39
22365,-1.7274,2.2601,10.1778,1612,1694.39
22370,1.3838,3.0358,10.7607,1595,1694.39
22375,-1.3827,2.0458,10.3872,1607,1694.39
22380,-0.5962,1.087,11.5089,1611,1694.39
22385,-0.9385,0.0299,11.1235,1611,1694.39
22390,-1.6999,0.6428,11.1019,1613,1693.48
22395,-1.1815,1.7035,10.6602,1625,1693.48
22400,-1.9932,2.3176,10.337,1619,1693.48
22405,1.3587,2.9281,10.5908,1589,1693.48
22410,-1.4126,2.1428,10.4591,1595,1693.48
22415,-0.6955,1.1253,11.4096,1609,1693.48
22420,-0.7961,0.1365,11.1701,1605,1693.48
22425,-1.719,0.4944,11.066,1605,1693.48
22430,-1.2246,1.5826,10.6745,1613,1693.48
22435,-2.2015,2.3331,10.4315,1611,1693.48
22440,1.2342,2.7569,10.4555,1612,1693.48
22445,-1.3144,2.2829,10.5417,1591,1693.48
22450,-0.7638,1.1265,11.1905,1619,1693.48
22455,-0.7242,0.2502,11.2731,1597,1693.48
22460,-1.6676,0.2526,10.9583,1595,1693.48
22465,-1.2605,1.6065,10.811,1595,1693.72
22470,-2.3655,2.247,10.3657,1605,1693.72
22475,1.1468,2.6947,10.5105,1604,1693.72
22480,-1.1492,2.3595,10.55,1589,1693.72
22485,-0.8763,1.172,11.0373,1623,1693.72
22490,-0.6476,0.2466,11.3772,1609,1693.72
22495,-1.6101,0.1089,10.8098,1619,1693.72
22500,-1.2594,1.634,11.0744,1612,1693.62
22505,-2.4529,2.0758,10.1394,1598,1693.62
22510,0.8571,2.7617,10.6757,1590,1693.62
22515,-0.8906,2.3858,10.3645,1593,1693.62
22520,-0.8607,1.4006,11.1282,1613,1693.62
22525,-0.5578,0.2442,11.2707,1605,1693.62
22530,-1.6137,0.0814,10.8397,1615,1693.62
22535,-1.318,1.6041,11.1103,1605,1693.81
22540,-2.4373,2.0231,10.1957,1611,1693.81
22545,0.5986,2.6971,10.659,1595,1693.81
22550,-0.6476,2.3296,10.2208,1596,1693.81
22555,-0.9828,1.6293,11.2875,1623,1693.81
22560,-0.4717,0.1844,11.0624,1609,1693.81
22565,-1.6544,0.0886,11.0445,1599,1693.81
22570,-1.3731,1.4198,10.9834,1598,1693.91
22575,-2.2529,2.1021,10.3394,1607,1693.91
22580,0.3124,2.5211,10.5429,1607,1693.91
22585,-0.1951,2.5007,10.3106,1625,1693.91
22590,-1.1121,1.7549,11.1654,1621,1693.91
22595,-0.413,0.3184,11.0038,1619,1693.91
22600,-1.6508,0.1281,11.2204,1595,1693.91
22605,-1.4425,1.2689,10.8469,1597,1693.53
22610,-2.0387,2.1644,10.5309,1606,1693.53
22615,0.0192,2.3655,10.3286,1607,1693.53
22620,0.1329,2.7916,10.5189,1620,1693.53
22625,-1.1684,1.7286,10.9666,1605,1693.53
22630,-0.3555,0.4992,11.1678,1625,1693.53
22635,-1.5622,0.067,11.1701,1597,1693.53
22640,-1.5012,1.2139,10.9164,1597,1693.48
22645,-1.8304,2.1404,10.562,1597,1693.48
22650,-0.3531,2.32,10.2795,1599,1693.48
22655,0.5064,2.9233,10.6554,1599,1693.48
22660,-1.2474,1.7059,10.7416,1597,1693.48
22665,-0.3508,0.7171,11.3246,1615,1693.48
22670,-1.4784,-0.0503,11.1211,1592,1693.48
22675,-1.5526,1.2163,11.0409,1583,1693.62
22680,-1.6544,1.9704,10.5189,1609,1693.62
22685,-0.6847,2.3834,10.3884,1614,1693.62
22690,0.8583,2.964,10.5656,1621,1693.62
22695,-1.2546,1.9309,10.647,1595,1693.62
22700,-0.3974,0.7949,11.3294,1605,1693.62
22705,-1.312,-0.079,11.1354,1589,1693.62
22710,-1.5933,1.0786,11.2108,1607,1693.48
22715,-1.4772,1.7873,10.3992,1613,1693.48
22720,-1.0487,2.46,10.489,1620,1693.48
22725,1.1169,2.879,10.4459,1610,1693.48
22730,-1.312,2.1356,10.7643,1617,1693.48
22735,-0.4441,0.8045,11.23,1609,1693.48
22740,-1.1827,0.0754,11.309,1597,1693.48
22745,-1.6328,0.8631,11.0648,1608,1693.58
22750,-1.3575,1.731,10.5656,1605,1693.58
22755,-1.3563,2.4181,10.4136,1611,1693.58
22760,1.2797,2.8934,10.4172,1595,1693.58
22765,-1.3659,2.2829,10.7978,1609,1693.58
22770,-0.486,0.7458,11.1402,1618,1693.58
22775,-1.1277,0.17,11.4575,1621,1693.58
22780,-1.646,0.5555,10.8517,1609,1693.38
22785,-1.245,1.8447,10.817,1619,1693.38
22790,-1.6747,2.2565,10.1227,1619,1693.38
22795,1.3803,3.0083,10.5943,1591,1693.38
22800,-1.4257,2.241,10.6362,1597,1693.38
22805,-0.5555,0.9158,11.2264,1607,1693.38
22810,-1.0116,0.1856,11.4168,1614,1693.38
22815,-1.6328,0.3424,10.7512,1610,1693.43
22820,-1.1768,1.8447,10.9726,1621,1693.43
22825,-2.0099,2.1644,10.0676,1621,1693.43
22830,1.3527,3.0514,10.8038,1599,1693.43
22835,-1.409,2.1081,10.3956,1592,1693.43
22840,-0.6512,1.1492,11.3533,1606,1693.43
22845,-0.8859,0.1125,11.2288,1596,1693.43
22850,-1.6257,0.3472,10.8673,1598,1693.43
22855,-1.1863,1.7262,10.9475,1609,1693.58
22860,-2.2709,2.1811,10.2328,1607,1693.58
22865,1.2402,2.9137,10.744,1612,1693.58
22870,-1.3228,2.0758,10.2771,1593,1693.58
22875,-0.7566,1.3252,11.4479,1625,1693.58
22880,-0.7374,0.079,11.0492,1605,1693.58
22885,-1.7142,0.3663,11.0241,1605,1693.58
22890,-1.3001,1.555,10.7356,1595,1693.38
22895,-2.3679,2.2434,10.3729,1605,1693.38
22900,1.0666,2.7378,10.5249,1608,1693.38
22905,-1.0858,2.2326,10.3968,1591,1693.38
22910,-0.8835,1.4042,11.297,1621,1693.38
22915,-0.644,0.1173,11.066,1599,1693.38
22920,-1.7035,0.3005,11.0899,1621,1693.38
22925,-1.3312,1.4365,10.7548,1607,1693.72
22930,-2.3762,2.2685,10.5129,1605,1693.72
22935,0.8224,2.4816,10.3968,1594,1693.72
22940,-0.8428,2.4756,10.5141,1591,1693.72
22945,-0.9804,1.3252,11.0624,1610,1693.72
22950,-0.5052,0.3077,11.2982,1613,1693.72
22955,-1.7095,0.1113,10.9511,1615,1693.72
22960,-1.3479,1.4664,10.9223,1598,1693.86
22965,-2.3499,2.1799,10.392,1621,1693.86
22970,0.5327,2.4995,10.4363,1605,1693.86
22975,-0.5124,2.6324,10.5896,1605,1693.86
22980,-1.0977,1.3838,10.9307,1623,1693.86
22985,-0.4477,0.4022,11.3126,1606,1693.86
22990,-1.6077,-0.0192,10.8278,1595,1693.86
22995,-1.3982,1.5323,11.1163,1597,1693.72
23000,-2.2302,1.9848,10.1969,1611,1693.72
23005,0.2286,2.5391,10.5764,1608,1693.72
23010,-0.1652,2.5989,10.4315,1625,1693.72
23015,-1.1384,1.5766,10.9978,1617,1693.72
23020,-0.3819,0.4334,11.1761,1624,1693.72
23025,-1.5754,-0.0587,10.9798,1593,1693.72
23030,-1.4736,1.4593,11.1833,1597,1693.34
23035,-2.1201,1.9345,10.2604,1607,1693.34
23040,-0.0479,2.5582,10.6159,1607,1693.34
23045,0.2203,2.6468,10.2436,1617,3510.21
23050,-1.1768,1.8735,11.0875,1598,3510.21
23055,-0.3615,0.4202,11.0504,1621,3510.21
23060,-1.5431,0.0359,11.2659,1599,3510.21
23065,-1.4724,1.239,11.0289,1597,3271.36
23070,-1.8399,1.9848,10.4507,1605,3271.36
23075,-0.4046,2.4193,10.4986,1599,3271.36
23080,0.5626,2.7665,10.3477,1615,3271.36
23085,-1.2222,2.0099,11.0109,1595,3271.36
23090,-0.3543,0.5219,10.9894,1614,3271.36
23095,-1.5095,0.1161,11.3581,1595,3271.36
23100,-1.5263,1.0283,10.8733,1596,1693.24
23105,-1.6053,2.0865,10.6674,1606,1693.24
23110,-0.7254,2.3116,10.2244,1621,1693.24
23115,0.9493,2.9844,10.5129,1612,1693.24
23120,-1.2617,2.0111,10.7655,1596,1693.24
23125,-0.4082,0.7266,11.1773,1610,1693.24
23130,-1.3874,0.0575,11.4012,1597,1693.24
23135,-1.5909,0.8763,10.8457,1607,1692.91
23140,-1.3934,1.962,10.7799,1609,1692.91
23145,-1.1145,2.2673,10.1227,1599,1692.91
23150,1.1588,3.0562,10.7212,1605,1692.91
23155,-1.3755,1.9956,10.5273,1611,1692.91
23160,-0.4214,0.9254,11.4048,1623,1692.91
23165,-1.2378,0.0503,11.1869,1599,1692.91
23170,-1.6376,0.7949,11.0097,1609,1693.19
23175,-1.3168,1.7837,10.6997,1591,1693.19
23180,-1.4293,2.3188,10.2484,1605,1693.19
23185,1.3443,3.0059,10.6769,1595,1693.19
23190,-1.3994,2.0818,10.4758,1608,1693.19
23195,-0.4609,1.008,11.4179,1612,1693.19
23200,-1.069,0.0108,11.1594,1622,1693.19
23205,-1.6376,0.7482,11.1043,1613,1693.67
23210,-1.2498,1.6436,10.5776,1625,1693.67
23215,-1.749,2.4169,10.4136,1620,1693.67
23220,1.3838,2.8611,10.5524,1591,1693.67
23225,-1.4569,2.1656,10.5273,1597,1693.67
23230,-0.5962,1.008,11.303,1607,1693.67
23235,-0.9565,0.1448,11.236,1605,1693.67
23240,-1.6532,0.5327,11.0516,1607,1693.67
23245,-1.2546,1.6101,10.6793,1618,1693.53
23250,-2.0016,2.387,10.4483,1613,1693.53
23255,1.3348,2.812,10.4603,1612,1693.53
23260,-1.2905,2.2697,10.6781,1591,1693.53
23265,-0.7159,0.9673,11.1115,1609,1693.53
23270,-0.8631,0.2418,11.3964,1599,1693.53
23275,-1.6448,0.3292,10.8613,1593,1693.53
23280,-1.2617,1.7394,10.8972,1599,1692.86
23285,-2.217,2.2122,10.2903,1605,1692.86
23290,1.136,2.8479,10.5955,1609,1692.86
23295,-1.2103,2.2996,10.5201,1592,1692.86
23300,-0.8164,1.1325,11.0828,1629,1692.86
23305,-0.7338,0.2239,11.3533,1607,1692.86
23310,-1.6257,0.158,10.7392,1621,1692.86
23315,-1.2821,1.7873,11.1043,1606,1693.24
23320,-2.3655,2.0973,10.143,1603,1693.24
23325,0.972,2.8299,10.7057,1595,1693.24
23330,-0.9876,2.2314,10.3118,1591,1693.24
23335,-0.9445,1.3755,11.236,1614,1693.24
23340,-0.6081,0.1975,11.2001,1603,1693.24
23345,-1.664,0.1197,10.92,1613,1693.24
23350,-1.324,1.6688,11.0588,1605,1693.48
23355,-2.4098,1.98,10.2125,1613,1693.48
23360,0.7302,2.7114,10.6901,1595,1693.48
23365,-0.7051,2.2721,10.2041,1596,1693.48
23370,-1.0295,1.5814,11.3677,1606,1693.48
23375,-0.4872,0.1197,11.0875,1607,1693.48
23380,-1.6927,0.1413,11.1091,1609,1693.48
23385,-1.3336,1.4593,10.8948,1597,1693.43
23390,-2.332,2.1656,10.3908,1617,1693.43
23395,0.4848,2.5307,10.4782,1604,1693.43
23400,-0.4022,2.4995,10.3094,1618,1693.43
23405,-1.0977,1.6388,11.2037,1621,1693.43
23410,-0.3759,0.2466,11.0648,1614,1693.43
23415,-1.6867,0.1125,11.2336,1591,1693.43
23420,-1.3719,1.3228,10.8613,1596,1693.48
23425,-2.1524,2.1919,10.5848,1606,1693.48
23430,0.2143,2.3798,10.3669,1606,1693.48
23435,-0.073,2.7797,10.5608,1621,1693.48
23440,-1.1732,1.6161,10.9523,1608,1693.48
23445,-0.3472,0.4453,11.2336,1625,1693.48
23450,-1.634,0.0084,11.0648,1591,1693.48
23455,-1.4461,1.2941,10.9415,1596,1693.24
23460,-1.9477,2.1117,10.4926,1590,1693.24
23465,-0.1269,2.314,10.2987,1604,1693.24
23470,0.2765,2.885,10.6422,1607,1693.24
23475,-1.2079,1.6592,10.7428,1595,1693.24
23480,-0.3184,0.6704,11.3569,1621,1693.24
23485,-1.4712,-0.103,11.0229,1597,1693.24
23490,-1.5311,1.3108,11.1247,1595,1693.38
23495,-1.7861,1.9537,10.3884,1593,1693.38
23500,-0.4705,2.4349,10.4902,1610,1693.38
23505,0.6752,2.8575,10.4962,1624,1693.38
23510,-1.233,1.8651,10.7811,1595,1693.38
23515,-0.3172,0.6847,11.297,1607,1693.38
23520,-1.415,-0.0706,11.1079,1607,1693.38
23525,-1.5921,1.1696,11.2085,1589,1692.95
23530,-1.6113,1.8028,10.3669,1609,1692.95
23535,-0.814,2.4995,10.4794,1615,1692.95
23540,1.0127,2.8299,10.307,1609,1692.95
23545,-1.2821,2.144,10.8541,1617,1692.95
23550,-0.3747,0.6979,11.157,1621,1692.95
23555,-1.3084,0.0407,11.3042,1595,1692.95
23560,-1.5622,0.917,11.0253,1597,1693.91
23565,-1.4222,1.7897,10.5512,1604,1693.91
23570,-1.16,2.4002,10.4016,1609,1693.91
23575,1.2402,2.8359,10.3705,1595,1693.91
23580,-1.3647,2.2661,10.8218,1612,1693.91
23585,-0.4501,0.7398,11.0373,1618,1693.91
23590,-1.2617,0.176,11.4898,1621,1693.91
23595,-1.6029,0.6045,10.8685,1613,1694.2
23600,-1.2869,1.8579,10.8457,1619,1694.2
23605,-1.4688,2.3032,10.167,1619,1694.2
23610,1.3779,3.0658,10.6243,1592,1694.2
23615,-1.4006,2.1931,10.5584,1599,1694.2
23620,-0.51,0.8547,11.2444,1609,1694.2
23625,-1.1492,0.1413,11.394,1613,1694.2
23630,-1.5886,0.4393,10.8194,1613,1694.25
23635,-1.1995,1.8783,10.9343,1623,1694.25
23640,-1.8244,2.2051,10.1778,1619,1694.25
23645,1.3623,3.0885,10.7907,1592,1694.25
23650,-1.421,2.0794,10.3346,1593,1694.25
23655,-0.5543,1.0858,11.4156,1597,1694.25
23660,-0.9888,0.0886,11.2132,1604,1694.25
23665,-1.6316,0.4334,10.9355,1605,1694.25
23670,-1.2558,1.7753,10.8493,1613,1694.53
23675,-2.071,2.247,10.222,1611,1694.53
23680,1.3144,2.9832,10.7224,1615,1694.53
23685,-1.3575,2.0889,10.3226,1589,1694.53
23690,-0.7063,1.2198,11.4826,1615,1694.53
23695,-0.8033,0.0634,11.1019,1597,1694.53
23700,-1.6592,0.4345,11.1127,1596,1694.53
23705,-1.2833,1.5646,10.7488,1595,1695.25
23710,-2.217,2.3212,10.422,1606,1695.25
23715,1.1205,2.7198,10.5261,1598,1695.25
23720,-1.1779,2.2158,10.4555,1589,1695.25
23725,-0.8583,1.2127,11.2767,1624,1695.25
23730,-0.6752,0.17,11.1642,1599,1695.25
23735,-1.7119,0.3567,11.0456,1620,1695.25
23740,-1.3132,1.5526,10.6961,1609,1694.48
23745,-2.3236,2.3032,10.5034,1605,1694.48
23750,0.9804,2.6169,10.4028,1595,1694.48
23755,-1.0068,2.4002,10.5979,1589,1694.48
23760,-0.9828,1.2139,11.0361,1611,1694.48
23765,-0.5578,0.2873,11.2695,1607,1694.48
23770,-1.7035,0.146,10.8793,1614,1694.48
23775,-1.3192,1.5921,10.9619,1608,1694.15
23780,-2.3679,2.1715,10.3142,1611,1694.15
23785,0.7602,2.6157,10.4734,1592,1694.15
23790,-0.7626,2.5031,10.562,1597,1694.15
23795,-1.0594,1.3384,10.9726,1613,1694.15
23800,-0.4453,0.3448,11.3868,1608,1694.15
23805,-1.6628,-0.006,10.8505,1599,1694.15
23810,-1.3659,1.646,11.1223,1597,1694.1
23815,-2.3523,2.0411,10.1718,1621,1694.1
23820,0.4681,2.6504,10.6602,1606,1694.1
23825,-0.4214,2.46,10.325,1625,1694.1
23830,-1.0882,1.5479,11.0564,1615,1694.1
23835,-0.3986,0.2789,11.1582,1614,1694.1
23840,-1.6221,-0.0263,10.9116,1583,1694.1
23845,-1.409,1.4976,11.1414,1594,1694.1
23850,-2.2446,2.0051,10.2915,1607,1694.1
23855,0.1951,2.5726,10.635,1604,1694.1
23860,-0.1041,2.5247,10.2161,1621,1694.1
23865,-1.1839,1.7538,11.1438,1611,1694.1
23870,-0.3579,0.2741,11.0361,1628,1694.1
23875,-1.6316,0.0814,11.1881,1589,1694.1
23880,-1.4234,1.3168,11.0049,1594,1693.77
23885,-2.0231,2.132,10.4746,1598,1693.77
23890,-0.1197,2.4505,10.5105,1599,1693.77
23895,0.2382,2.7031,10.3334,1605,1693.77
23900,-1.1624,1.883,11.0504,1595,1693.77
23905,-0.322,0.4609,11.0552,1619,1693.77
23910,-1.5969,0.067,11.2611,1599,1693.77
23915,-1.4892,1.1073,10.8769,1597,1693.72
23920,-1.7837,2.1225,10.6267,1605,1693.72
23925,-0.4334,2.2924,10.325,1607,1693.72
23930,0.6129,2.9413,10.5776,1623,1693.72
23935,-1.2306,1.8411,10.7955,1593,1693.72
23940,-0.3268,0.7362,11.2396,1611,1693.72
23945,-1.4832,-0.0012,11.2815,1593,1693.72
23950,-1.5718,1.057,10.9235,1607,1694.2
23955,-1.5562,2.0279,10.6506,1609,1694.2
23960,-0.7518,2.2673,10.2687,1613,1694.2
23965,0.9505,3.0466,10.6638,1597,1694.2
23970,-1.3048,1.8723,10.6171,1613,1694.2
23975,-0.3675,0.8655,11.3569,1615,1694.2
23980,-1.3336,-0.0862,11.139,1596,1694.2
23985,-1.6005,1.0295,11.084,1595,1694.25
23990,-1.4533,1.8124,10.556,1599,1694.25
23995,-1.0642,2.3607,10.3741,1612,1694.25
24000,1.1337,2.9544,10.5704,1593,1694.25
24005,-1.3348,2.0171,10.5764,1608,1694.25
24010,-0.401,0.9649,11.3988,1620,1694.25
24015,-1.2091,-0.0299,11.145,1620,1694.25
24020,-1.6065,0.8871,11.133,1609,1694.68
24025,-1.3946,1.658,10.4962,1609,1694.68
24030,-1.3623,2.4648,10.5022,1613,1694.68
24035,1.3096,2.8144,10.4064,1593,1694.68
24040,-1.3731,2.1787,10.665,1605,1694.68
24045,-0.48,0.8428,11.1845,1607,1694.68
24050,-1.1325,0.1353,11.2731,1615,1694.68
24055,-1.6257,0.7003,11.0121,1611,1694.44
24060,-1.3527,1.6855,10.6338,1626,1694.44
24065,-1.658,2.3487,10.3992,1618,1694.44
24070,1.3384,2.8623,10.4471,1591,1694.44
24075,-1.3515,2.3355,10.7141,1595,1694.44
24080,-0.5938,0.8499,11.1223,1605,1694.44
24085,-1.0594,0.2143,11.479,1604,1694.44
24090,-1.6113,0.4106,10.829,1605,1694.44
24095,-1.2629,1.8256,10.8912,1619,1694.48
24100,-1.8926,2.2805,10.2256,1605,1694.48
24105,1.2857,2.9592,10.6279,1609,1694.48
24110,-1.3132,2.2661,10.5836,1593,1694.48
24115,-0.7027,1.0606,11.1977,1613,1694.48
24120,-0.8978,0.1963,11.4024,1597,1694.48
24125,-1.6161,0.249,10.7799,1595,1694.48
24130,-1.1875,1.8603,10.9918,1597,1694.05
24135,-2.1679,2.0901,10.1442,1603,1694.05
24140,1.1408,2.9772,10.8122,1605,1694.05
24145,-1.221,2.1476,10.2975,1587,1694.05
24150,-0.8464,1.2605,11.333,1625,1694.05
24155,-0.7446,0.0742,11.1606,1603,1694.05
24160,-1.6676,0.2598,10.902,1625,1694.05
24165,-1.2773,1.7011,10.9235,1606,1693.62
24170,-2.3152,2.1201,10.2663,1599,1693.62
24175,0.9792,2.8491,10.6722,1596,1693.62
24180,-1.0451,2.1691,10.2352,1591,1693.62
24185,-0.9242,1.4389,11.4084,1611,1693.62
24190,-0.5567,0.0634,11.0097,1609,1693.62
24195,-1.7262,0.2574,11.1187,1611,1693.62
24200,-1.2594,1.4988,10.8146,1607,1693.43
24205,-2.3631,2.1811,10.477,1609,1693.43
24210,0.7877,2.5929,10.5093,1593,1693.43
24215,-0.8176,2.3822,10.3789,1595,1693.43
24220,-1.0534,1.4964,11.2228,1623,1693.43
24225,-0.4621,0.1963,11.0875,1606,1693.43
24230,-1.7585,0.2143,11.1031,1605,1693.43
24235,-1.3575,1.3946,10.7476,1599,1693.53
24240,-2.3511,2.2529,10.586,1613,1693.53
24245,0.5183,2.3954,10.3394,1605,1693.53
24250,-0.4717,2.6205,10.5596,1627,1693.53
24255,-1.0642,1.47,10.9487,1619,1693.53
24260,-0.3711,0.3567,11.2767,1621,1693.53
24265,-1.6652,0.0132,10.9571,1591,1693.53
24270,-1.3539,1.4054,10.9547,1597,1693.38
24275,-2.2278,2.15,10.4267,1599,1693.38
24280,0.2131,2.4205,10.4327,1607,1693.38
24285,-0.1736,2.7138,10.5656,1619,1693.38
24290,-1.1768,1.4784,10.8601,1608,1693.38
24295,-0.3603,0.5519,11.3222,1615,1693.38
24300,-1.6065,-0.1041,10.8828,1593,1693.38
24305,-1.4509,1.4688,11.151,1595,1693.96
24310,-2.0853,2.0135,10.2807,1597,1693.96
24315,-0.0646,2.5067,10.6315,1595,1693.96
24320,0.1736,2.6923,10.4112,1604,1693.96
24325,-1.1612,1.749,10.9487,1589,1693.96
24330,-0.3112,0.5351,11.1941,1619,1693.96
24335,-1.5048,-0.097,11.0612,1597,1693.96
24340,-1.5143,1.3575,11.1737,1595,1693.91
24345,-1.8555,1.9261,10.3394,1604,1693.91
24350,-0.3448,2.5343,10.6183,1611,1693.91
24355,0.5423,2.6959,10.2185,1620,1693.91
24360,-1.2294,1.9812,11.0049,1595,1693.91
24365,-0.3795,0.5662,11.0217,1599,1693.91
24370,-1.5131,0.0168,11.303,1595,1693.91
24375,-1.5143,1.1277,11.0121,1607,1694.05
24380,-1.6269,1.8747,10.5752,1609,1694.05
24385,-0.6584,2.3882,10.4543,1631,1694.05
24390,0.8751,2.8503,10.4124,1606,1694.05
24395,-1.2594,2.1536,10.8828,1611,1694.05
24400,-0.3448,0.6452,11.0349,1619,1694.05
24405,-1.4329,0.0886,11.4179,1593,1694.05
24410,-1.5538,0.8499,10.8721,1599,1693.96
24415,-1.4281,1.9561,10.7607,1605,1693.96
24420,-1.0163,2.2972,10.1861,1611,1693.96
24425,1.1708,3.055,10.58,1592,1693.96
24430,-1.3467,2.1177,10.7284,1612,1693.96
24435,-0.3543,0.8763,11.2516,1624,1693.96
24440,-1.3001,0.0587,11.2923,1617,1693.96
24445,-1.5634,0.7219,10.8194,1611,1693.62
24450,-1.3539,1.8938,10.8421,1628,1693.62
24455,-1.3707,2.2565,10.1394,1619,1693.62
24460,1.2881,3.0323,10.7655,1592,1693.62
24465,-1.3815,2.0375,10.4471,1599,1693.62
24470,-0.4669,0.9661,11.3832,1607,1693.62
24475,-1.1576,0.0551,11.1929,1615,1693.62
24480,-1.6113,0.6943,11.0097,1613,1693.43
24485,-1.2917,1.743,10.7033,1623,1693.43
24490,-1.6759,2.314,10.2532,1620,1693.43
24495,1.3216,2.9928,10.6338,1593,1693.43
24500,-1.3647,2.1141,10.3657,1595,1693.43
24505,-0.6105,1.0582,11.4036,1607,1693.43
24510,-1.0104,0.0814,11.1857,1597,1693.43
24515,-1.652,0.5686,11.1378,1599,1693.43
24520,-1.2617,1.5993,10.6207,1608,1693.15
24525,-1.8902,2.332,10.3513,1599,1693.15
24530,1.2845,2.8108,10.4998,1611,1693.15
24535,-1.2989,2.2769,10.5584,1589,1693.15
24540,-0.729,1.075,11.2456,1623,1693.15
24545,-0.8272,0.1867,11.321,1597,1693.15
24550,-1.6807,0.3579,11.0373,1596,1693.15
24555,-1.227,1.64,10.726,1587,1693.15
24560,-2.1584,2.308,10.404,1599,1693.15
24565,1.1325,2.7246,10.4567,1599,1693.15
24570,-1.16,2.3715,10.5979,1589,1693.15
24575,-0.8906,1.0953,11.0804,1621,1693.15
24580,-0.6883,0.2897,11.3521,1605,1693.15
24585,-1.652,0.1353,10.8218,1615,1693.15
24590,-1.2234,1.6867,10.9427,1609,1692.95
24595,-2.3762,2.1344,10.1993,1608,1692.95
24600,0.9242,2.7845,10.6195,1595,1692.95
24605,-1.0044,2.3475,10.4675,1593,1692.95
24610,-0.9421,1.3132,11.1067,1608,1692.95
24615,-0.5471,0.2646,11.3078,1607,1692.95
24620,-1.6795,0.0335,10.8062,1611,1692.95
24625,-1.2474,1.6843,11.0744,1597,1692.81
24630,-2.4421,2.0075,10.1526,1621,1692.81
24635,0.729,2.7677,10.7344,1599,1692.81
24640,-0.7889,2.326,10.2951,1611,1692.81
24645,-1.0367,1.5347,11.2204,1623,1692.81
24650,-0.4465,0.1472,11.1761,1611,1692.81
24655,-1.6664,0.0754,10.9463,1592,1692.81
24660,-1.2773,1.4796,11.0002,1597,1692.76
24665,-2.3535,2.0734,10.2532,1611,1692.76
24670,0.4848,2.6552,10.6171,1625,1692.76
24675,-0.4477,2.4493,10.2556,1619,1692.76
24680,-1.0858,1.6963,11.218,1613,1692.76
24685,-0.4094,0.1891,11.0169,1624,1692.76
24690,-1.7214,0.0778,11.1821,1591,1692.76
24695,-1.3647,1.342,10.8816,1595,1692.57
24700,-2.1727,2.1452,10.483,1605,1692.57
24705,0.1867,2.3822,10.4279,1599,1692.57
24710,-0.0455,2.6755,10.3837,1611,1692.57
24715,-1.1624,1.7023,11.054,1597,1692.57
24720,-0.3543,0.4058,11.0864,1625,1692.57
24725,-1.6747,0.073,11.2132,1599,1692.57
24730,-1.4413,1.2127,10.8625,1605,1692.43
24735,-1.9249,2.1859,10.6506,1599,1692.43
24740,-0.1365,2.2625,10.2651,1599,1692.43
24745,0.3017,2.8599,10.5524,1623,1692.43
24750,-1.2426,1.6975,10.811,1595,1692.43
24755,-0.3627,0.6728,11.2683,1615,1692.43
24760,-1.5706,-0.0551,11.0935,1597,1692.43
24765,-1.5036,1.1983,10.9942,1597,1692.72
24770,-1.7597,2.0255,10.5153,1610,1692.72
24775,-0.4393,2.3415,10.3872,1620,1692.72
24780,0.6536,2.9616,10.6243,1613,1692.72
24785,-1.2761,1.798,10.6829,1597,1692.72
24790,-0.3496,0.8104,11.3976,1611,1692.72
24795,-1.4329,-0.1125,11.0696,1595,1692.72
24800,-1.5598,1.1887,11.1558,1595,1692.72
24805,-1.5574,1.7849,10.4399,1605,1692.72
24810,-0.8104,2.4588,10.4806,1612,1692.72
24815,0.9697,2.8407,10.404,1595,1692.72
24820,-1.3036,2.0255,10.7212,1608,1692.72
24825,-0.4262,0.7793,11.2695,1625,1692.72
24830,-1.3132,-0.006,11.1941,1613,1692.72
24835,-1.5646,1.0594,11.1666,1613,1692.72
24840,-1.4186,1.6975,10.4675,1599,1692.72
24845,-1.1504,2.4744,10.5225,1611,1692.72
24850,1.1983,2.7833,10.3693,1593,1692.72
24855,-1.3096,2.2254,10.8026,1607,1692.72
24860,-0.4573,0.735,11.0899,1597,1692.72
24865,-1.1983,0.1496,11.4072,1615,1692.72
24870,-1.5957,0.6812,10.9918,1614,1692.86
24875,-1.3599,1.7561,10.7284,1625,1692.86
24880,-1.4784,2.3523,10.3178,1619,1692.86
24885,1.3072,2.9006,10.4986,1591,1692.86
24890,-1.3192,2.3104,10.7069,1583,1692.86
24895,-0.5962,0.8164,11.1223,1605,1692.86
24900,-1.0858,0.1915,11.4551,1597,1692.86
24905,-1.6257,0.4369,10.7607,1607,1692.86
24910,-1.2462,1.8926,10.9212,1618,1692.81
24915,-1.8304,2.2098,10.155,1615,1692.81
24920,1.3168,2.9975,10.6231,1613,1692.81
24925,-1.3144,2.2398,10.5034,1592,1692.81
24930,-0.7183,1.0415,11.2683,1617,1692.81
24935,-0.9433,0.1592,11.327,1597,1692.81
24940,-1.6125,0.3005,10.8541,1597,1692.81
24945,-1.1803,1.8148,10.9858,1597,1692.38
24950,-2.0901,2.0985,10.0892,1607,1692.38
24955,1.2007,3.0023,10.7943,1606,1692.38
24960,-1.2366,2.1177,10.2819,1589,1692.38
24965,-0.832,1.3001,11.4622,1623,1692.38
24970,-0.7733,0.0359,11.1199,1605,1692.38
24975,-1.7741,0.2993,10.9894,1623,1692.38
24980,-1.2091,1.6975,10.8505,1615,1692.48
24985,-2.3248,2.2098,10.246,1599,1692.48
24990,1.0343,2.8012,10.6542,1593,1692.48
24995,-1.0942,2.1979,10.2891,1592,1692.48
25000,-0.9637,1.4234,11.4503,1611,1692.48
25005,-0.5507,0.0455,11.0504,1607,1692.48
25010,-1.7621,0.3112,11.1294,1614,1692.48
25015,-1.2414,1.5048,10.7356,1604,1692.48
25020,-2.3858,2.2901,10.5141,1620,1692.48
25025,0.844,2.5833,10.4675,1606,1692.48
25030,-0.8499,2.4146,10.501,1597,1692.48
25035,-1.0307,1.4234,11.1282,1625,1692.48
25040,-0.4465,0.2239,11.2168,1607,1692.48
25045,-1.7921,0.1688,11.0145,1605,1692.48
25050,-1.33,1.4377,10.8781,1603,1692.62
25055,-2.3643,2.2984,10.5273,1608,1692.62
25060,0.5914,2.4768,10.3908,1610,1692.62
25065,-0.5255,2.5989,10.5489,1624,1692.62
25070,-1.063,1.3755,10.9415,1615,1692.62
25075,-0.3484,0.3711,11.3353,1619,1692.62
25080,-1.6951,-0.0144,10.8709,1590,1692.62
25085,-1.4102,1.4988,11.0636,1595,1692.38
25090,-2.2565,2.1045,10.3633,1604,1692.38
25095,0.3005,2.46,10.5225,1605,1692.38
25100,-0.1903,2.6875,10.4998,1613,1692.38
25105,-1.1217,1.5634,10.8709,1598,1692.38
25110,-0.3711,0.4908,11.3413,1623,1692.38
25115,-1.6221,-0.0802,10.9283,1599,1692.38
25120,-1.4605,1.415,11.2539,1597,1692.81
25125,-2.0913,1.9333,10.2472,1597,1692.81
25130,0.0287,2.545,10.6338,1605,1692.81
25135,0.164,2.7043,10.3046,1611,1692.81
25140,-1.1456,1.8088,10.9714,1593,1692.81
25145,-0.3699,0.5231,11.1881,1614,1692.81
25150,-1.555,-0.0323,11.1223,1598,1692.81
25155,-1.4988,1.2857,11.1306,1597,1692.91
25160,-1.8651,1.9034,10.3549,1608,1692.91
25165,-0.3244,2.5127,10.5261,1620,1692.91
25170,0.5363,2.7473,10.246,1615,1692.91
25175,-1.1564,2.0506,10.987,1595,1692.91
25180,-0.3615,0.5411,11.0433,1609,1692.91
25185,-1.5359,0.0168,11.3796,1594,1692.91
25190,-1.5095,1.0582,10.9547,1609,1692.76
25195,-1.6233,2.0135,10.6219,1599,1692.76
25200,-0.6895,2.4277,10.3274,1618,1692.76
25205,0.8643,2.9066,10.4495,1599,1692.76
25210,-1.2594,2.059,10.8793,1613,1692.76
25215,-0.3915,0.6955,11.0995,1619,1692.76
25220,-1.4401,0.0886,11.3737,1607,1692.76
25225,-1.5275,0.8344,10.8218,1615,1692.81
25230,-1.4341,1.9776,10.799,1605,1692.81
25235,-1.0642,2.2901,10.1921,1609,1692.81
25240,1.1349,3.0023,10.6865,1593,1692.81
25245,-1.3396,2.053,10.5919,1607,1692.81
25250,-0.4322,0.7913,11.3425,1611,1692.81
25255,-1.2809,0.079,11.3126,1619,1692.81
25260,-1.5897,0.7697,10.914,1624,1692.91
25265,-1.3132,1.8579,10.7488,1625,1692.91
25270,-1.4114,2.2505,10.2173,1619,1692.91
25275,1.2929,3.0311,10.7404,1589,1692.91
25280,-1.3001,2.0147,10.4136,1593,1692.91
25285,-0.5483,1.0259,11.4383,1607,1692.91
25290,-1.0654,0.0443,11.1666,1606,1692.91
25295,-1.6077,0.7135,11.0816,1597,1692.91
25300,-1.3048,1.6999,10.6338,1617,1692.95
25305,-1.7214,2.3547,10.3394,1617,1692.95
25310,1.3096,2.8371,10.6171,1611,1692.95
25315,-1.3144,2.1823,10.4555,1593,1692.95
25320,-0.6752,1.0331,11.3725,1611,1692.95
25325,-0.8775,0.1377,11.1869,1595,1692.95
25330,-1.6903,0.5459,11.1055,1595,1692.95
25335,-1.2617,1.6364,10.6123,1599,1692.95
25340,-2.0087,2.3655,10.4615,1607,1692.95
25345,1.2761,2.7916,10.4746,1609,1692.95
25350,-1.2234,2.3296,10.5596,1589,1692.95
25355,-0.8236,1.0235,11.1725,1625,1692.95
25360,-0.7326,0.1652,11.2815,1599,1692.95
25365,-1.719,0.2849,10.9535,1620,1692.95
25370,-1.2498,1.6759,10.7955,1599,1692.86
25375,-2.2003,2.2254,10.3322,1605,1692.86
25380,1.0798,2.7593,10.4794,1595,1692.86
25385,-1.1408,2.3667,10.5369,1595,1692.86
25390,-0.9206,1.1516,11.0852,1613,1692.86
25395,-0.6189,0.2251,11.4203,1608,1692.86
25400,-1.6664,0.1125,10.7583,1615,1692.86
25405,-1.2258,1.7406,10.9535,1607,1693.24
25410,-2.3978,2.1344,10.1598,1619,1693.24
25415,0.9433,2.7869,10.6338,1593,1693.24
25420,-0.9457,2.308,10.3896,1599,1693.24
25425,-0.9577,1.3575,11.1654,1613,1693.24
25430,-0.5387,0.1975,11.2635,1609,1693.24
25435,-1.7035,0.0622,10.8517,1604,1693.24
25440,-1.2629,1.6568,11.0983,1605,1693.43
25445,-2.4157,2.053,10.167,1618,1693.43
25450,0.7183,2.7809,10.6913,1605,1693.43
25455,-0.6955,2.2781,10.2412,1627,1693.43
25460,-1.0139,1.5802,11.3078,1619,1693.43
25465,-0.4501,0.1963,11.072,1613,1693.43
25470,-1.7238,0.1113,11.0337,1592,1693.43
25475,-1.3012,1.4305,10.969,1594,1693.15
25480,-2.375,2.1165,10.3346,1607,1693.15
25485,0.4633,2.5762,10.58,1605,1693.15
25490,-0.3747,2.466,10.2975,1619,1693.15
25495,-1.1001,1.7023,11.1941,1611,1693.15
25500,-0.3615,0.2526,11.0205,1627,1693.15
25505,-1.7514,0.0862,11.2097,1595,1693.15
25510,-1.4138,1.2773,10.8984,1579,1693.29
25515,-2.15,2.2098,10.5656,1604,1693.29
25520,0.1856,2.3499,10.3777,1598,1693.29
25525,-0.0299,2.7521,10.4495,1605,1693.29
25530,-1.1516,1.6604,11.0313,1599,1693.29
25535,-0.34,0.4633,11.1558,1619,1693.29
25540,-1.6592,0.0323,11.1941,1599,1693.29
25545,-1.4653,1.2366,10.9116,1596,1693.24
25550,-1.9201,2.1811,10.6075,1607,1693.24
25555,-0.1556,2.2984,10.2556,1612,1693.24
25560,0.3328,2.9413,10.5955,1621,1693.24
25565,-1.1576,1.7178,10.6973,1595,1693.24
25570,-0.3603,0.7135,11.303,1609,1693.24
25575,-1.5167,-0.097,11.0445,1593,1693.24
25580,-1.5275,1.2127,11.0313,1599,1693.53
25585,-1.6987,1.9525,10.4722,1605,1693.53
25590,-0.498,2.405,10.3537,1629,1693.53
25595,0.674,2.9401,10.6111,1611,1693.53
25600,-1.2115,1.816,10.6937,1613,1693.53
25605,-0.3759,0.7697,11.3413,1619,1693.53
25610,-1.3946,-0.0994,11.0385,1595,1693.53
25615,-1.5323,1.1947,11.1414,1607,1693.29
25620,-1.5682,1.7825,10.4112,1605,1693.29
25625,-0.8248,2.5259,10.5441,1613,1693.29
25630,0.9541,2.8479,10.4411,1595,1693.29
25635,-1.2426,2.0782,10.8182,1615,1693.29
25640,-0.4393,0.7338,11.2492,1620,1693.29
25645,-1.2737,0.0012,11.2504,1619,1693.29
25650,-1.5526,0.9912,11.1498,1613,1693.53
25655,-1.4174,1.7442,10.4519,1623,1693.53
25660,-1.1516,2.4828,10.4627,1619,1693.53
25665,1.2019,2.7749,10.3489,1587,1693.53
25670,-1.2869,2.2206,10.8637,1605,1693.53
25675,-0.5028,0.7087,11.1426,1605,1693.53
25680,-1.2079,0.1508,11.4431,1613,1693.53
25685,-1.5814,0.6404,10.9355,1612,1693.67
25690,-1.312,1.81,10.7392,1627,1693.67
25695,-1.4724,2.3583,10.325,1621,1693.67
25700,1.2833,2.9353,10.5093,1592,1693.67
25705,-1.3491,2.314,10.6578,1589,1693.67
25710,-0.644,0.8368,11.1462,1605,1693.67
25715,-1.0463,0.2203,11.4694,1597,1693.67
25720,-1.5838,0.3938,10.7859,1605,1693.67
25725,-1.2414,1.9333,10.9882,1607,1693.67
25730,-1.8268,2.2027,10.1059,1608,1693.67
25735,1.3288,3.0478,10.7524,1609,1693.67
25740,-1.3228,2.1572,10.4196,1591,1693.67
25745,-0.6788,1.0654,11.2994,1627,1693.67
25750,-0.8727,0.1197,11.3294,1603,1693.67
25755,-1.6783,0.3304,10.8409,1597,1693.67
25760,-1.1923,1.8651,10.993,1597,1693.67
25765,-2.1512,2.1237,10.1502,1607,1693.67
25770,1.2665,3.0598,10.811,1607,1693.67
25775,-1.2486,2.0925,10.2951,1589,1693.67
25780,-0.7841,1.2773,11.4144,1621,1693.67
25785,-0.6871,0.067,11.1115,1605,1693.67
25790,-1.7226,0.3555,11.0672,1620,1693.67
25795,-1.2139,1.6783,10.7955,1608,1693.62
25800,-2.3224,2.2278,10.3465,1594,1693.62
25805,1.1576,2.7892,10.6183,1593,1693.62
25810,-1.1061,2.1416,10.3214,1597,1693.62
25815,-0.8823,1.403,11.3725,1611,1693.62
25820,-0.6045,0.0778,11.054,1613,1693.62
25825,-1.7885,0.3148,11.0899,1608,1693.62
25830,-1.2917,1.4892,10.6542,1607,1693.48
25835,-2.4181,2.3032,10.507,1623,1693.48
25840,0.9613,2.6288,10.4291,1605,1693.48
25845,-0.923,2.3822,10.5596,1606,1693.48
25850,-0.9493,1.3431,11.151,1623,1693.48
25855,-0.4681,0.2502,11.2456,1609,1693.48
25860,-1.7226,0.1772,10.9846,1599,1693.48
25865,-1.3084,1.4521,10.8302,1597,1694.25
25870,-2.399,2.235,10.4686,1614,1694.25
25875,0.6907,2.5163,10.4567,1609,1694.25
25880,-0.6931,2.5833,10.6003,1627,1694.25
25885,-1.0439,1.3455,10.9307,1615,1694.25
25890,-0.4202,0.3651,11.3389,1621,1694.25
25895,-1.6867,-0.0012,10.8876,1593,1694.25
25900,-1.3982,1.4916,11.0804,1597,1693.77
25905,-2.3427,2.1237,10.3011,1597,1693.77
25910,0.4537,2.5606,10.5213,1605,1693.77
25915,-0.4118,2.5941,10.4758,1619,1693.77
25920,-1.0582,1.4916,10.9607,1599,1693.77
25925,-0.3687,0.413,11.2623,1623,1693.77
25930,-1.6197,-0.1197,10.9188,1598,1693.77
25935,-1.4066,1.4868,11.1821,1597,1693.77
25940,-2.1608,1.9776,10.2089,1604,1693.77
25945,0.1305,2.569,10.6937,1596,1693.77
25950,-0.0587,2.6025,10.2843,1596,1693.77
25955,-1.1049,1.7837,11.0828,1597,1693.77
25960,-0.3938,0.3986,11.1354,1621,1693.77
25965,-1.5826,-0.0299,11.157,1599,1693.77
25970,-1.4437,1.3372,11.1426,1605,1693.77
25975,-1.9549,1.9453,10.3322,1611,1693.77
25980,-0.1472,2.5247,10.5931,1621,1693.77
25985,0.3699,2.6911,10.2376,1619,1693.77
25990,-1.1528,1.9345,11.0935,1596,1693.77
25995,-0.3711,0.4788,11.0349,1611,1693.77
26000,-1.5203,0.0407,11.3401,1597,1693.77
26005,-1.5646,0.6823,10.8014,1609,1693.67
26010,-1.7059,2.0327,10.5919,1607,1693.67
26015,-1.3252,2.3056,10.1466,1621,1693.67
26020,0.7003,2.8838,10.4279,1608,1693.67
26025,-1.3408,2.1249,10.5129,1615,1693.67
26030,-0.5399,0.8847,11.2635,1624,1693.67
26035,-1.1624,0.0862,11.3509,1595,1693.67
26040,-1.5742,0.6117,10.8445,1608,1693.48
26045,-1.2629,1.8711,10.8445,1604,1693.48
26050,-1.6664,2.2374,10.1742,1611,1693.48
26055,1.312,3.0526,10.7679,1595,1693.48
26060,-1.3072,2.059,10.3621,1609,1693.48
26065,-0.6033,1.0606,11.4383,1619,1693.48
26070,-0.9685,0.018,11.1019,1623,1693.48
26075,-1.6328,0.5674,11.0121,1615,1693.38
26080,-1.2653,1.7166,10.6757,1621,1693.38
26085,-1.9345,2.2805,10.2711,1621,1693.38
26090,1.2869,2.9317,10.6554,1593,1693.38
26095,-1.2929,2.1679,10.4232,1598,1693.38
26100,-0.7314,1.1408,11.4443,1608,1693.38
26105,-0.814,0.1089,11.1247,1609,1693.38
26110,-1.7442,0.4561,11.0995,1624,1692.81
26115,-1.2163,1.6077,10.6087,1620,1692.81
26120,-2.1608,2.3367,10.3968,1621,1692.81
26125,1.154,2.709,10.4734,1607,1692.81
26130,-1.2055,2.2936,10.5321,1593,1692.81
26135,-0.8571,1.1744,11.2216,1609,1692.81
26140,-0.6452,0.1939,11.2958,1596,1692.81
26145,-1.7226,0.2514,11.0229,1603,1692.81
26150,-1.2809,1.6328,10.6949,1611,1693.81
26155,-2.3343,2.2541,10.398,1607,1693.81
26160,0.9792,2.7043,10.4315,1613,1693.81
26165,-1.0534,2.4277,10.6003,1591,1693.81
26170,-0.9732,1.2115,11.0325,1626,1693.81
26175,-0.5543,0.2753,11.3545,1599,1693.81
26180,-1.7095,0.0946,10.805,1611,1693.81
26185,-1.2366,1.6544,10.9678,1597,1693.67
26190,-2.4038,2.1249,10.2197,1605,1693.67
26195,0.7781,2.7007,10.556,1598,1693.67
26200,-0.8571,2.4169,10.4543,1595,1693.67
26205,-1.0139,1.385,11.0588,1619,1693.67
26210,-0.4525,0.2131,11.3066,1607,1693.67
26215,-1.664,-0.0215,10.8218,1621,1693.67
26220,-1.306,1.5766,11.1378,1611,1692.81
26225,-2.4517,2.0183,10.1837,1615,1692.81
26230,0.51,2.6983,10.6901,1599,1692.81
26235,-0.486,2.4193,10.3334,1597,1692.81
26240,-1.0283,1.6113,11.169,1608,1692.81
26245,-0.4226,0.2334,11.1426,1609,1692.81
26250,-1.7095,0.0072,11.0516,1609,1692.81
26255,-1.3874,1.4222,11.0935,1605,1692.48
26260,-2.2158,2.0602,10.3178,1623,1692.48
26265,0.2873,2.5474,10.671,1597,1692.48
26270,-0.1532,2.5558,10.2376,1621,1692.48
26275,-1.0714,1.7693,11.2132,1639,1692.48
26280,-0.3723,0.3472,11.06,1613,1692.48
26285,-1.6592,0.0335,11.2468,1597,1692.48
26290,-1.4389,1.2653,10.9223,1605,1692.57
26295,-2.0099,2.1237,10.5273,1611,1692.57
26300,-0.079,2.3715,10.4016,1605,1692.57
26305,0.2071,2.7677,10.4483,1625,1692.57
26310,-1.1181,1.822,11.0409,1615,1692.57
26315,-0.3651,0.5004,11.084,1630,1692.57
26320,-1.5802,0.0491,11.2647,1587,1692.57
26325,-1.4449,1.1396,10.8852,1605,1692.72
26330,-1.7442,2.1308,10.6111,1597,1692.72
26335,-0.3855,2.3044,10.2532,1606,1692.72
26340,0.6321,2.9724,10.6099,1618,1692.72
26345,-1.2115,1.8208,10.7284,1598,1692.72
26350,-0.3735,0.7242,11.2911,1623,1692.72
26355,-1.4712,-0.0359,11.1977,1599,1692.72
26360,-1.4988,1.0558,11.0277,1591,1692.19
26365,-1.5766,1.9166,10.5908,1604,1692.19
26370,-0.7997,2.3978,10.313,1611,1692.19
26375,0.9577,2.9796,10.6303,1625,1692.19
26380,-1.2845,1.8902,10.6267,1593,1692.19
26385,-0.4046,0.8511,11.3928,1611,1692.19
26390,-1.2558,-0.0551,11.1127,1596,1692.19
26395,-1.5778,1.0199,11.1366,1605,1692.14
26400,-1.4796,1.7466,10.5046,1609,1692.14
26405,-1.1229,2.4588,10.404,1620,1692.14
26410,1.1863,2.8407,10.5201,1611,1692.14
26415,-1.2857,2.1356,10.6434,1619,1692.14
26420,-0.504,0.82,11.2923,1622,1692.14
26425,-1.1612,0.0599,11.2108,1592,1692.14
26430,-1.6316,0.8655,11.0708,1599,1692.72
26435,-1.4234,1.6783,10.5572,1599,1692.72
26440,-1.4413,2.4301,10.4651,1613,1692.72
26445,1.2893,2.7988,10.4148,1596,1692.72
26450,-1.3192,2.3032,10.7416,1613,1692.72
26455,-0.6488,0.8116,11.1749,1621,1692.72
26460,-1.0163,0.2023,11.4024,1621,1692.72
26465,-1.6436,0.5219,10.8828,1611,1693.48
26470,-1.2869,1.7921,10.7571,1621,1693.48
26475,-1.8232,2.3427,10.2891,1624,1693.48
26480,1.3384,2.8826,10.4722,1592,1693.48
26485,-1.312,2.3439,10.6865,1607,1693.48
26490,-0.7195,0.9242,11.1294,1611,1693.48
26495,-0.893,0.2119,11.4503,1613,1693.48
26500,-1.6723,0.2634,10.8026,1617,1694.25
26505,-1.2198,1.9369,10.9666,1623,1694.25
26510,-2.0626,2.1332,10.1466,1619,1694.25
26515,1.233,2.9963,10.7021,1592,1694.25
26520,-1.2761,2.217,10.4399,1597,1694.25
26525,-0.8009,1.0918,11.2851,1605,1694.25
26530,-0.7614,0.1712,11.3425,1605,1694.25
26535,-1.7095,0.2083,10.8409,1605,1694.25
26540,-1.1576,1.8244,10.9774,1611,1693.96
26545,-2.3116,2.071,10.1227,1611,1693.96
26550,1.1648,2.9556,10.7811,1611,1693.96
26555,-1.1205,2.1368,10.2735,1593,1693.96
26560,-0.8918,1.3958,11.3856,1623,1693.96
26565,-0.6165,0.0742,11.0696,1604,1693.96
26570,-1.7765,0.2478,11.0169,1595,1693.96
26575,-1.2031,1.6209,10.8924,1595,1693.38
26580,-2.4409,2.1404,10.319,1607,1693.38
26585,0.9529,2.7354,10.5931,1606,1693.38
26590,-0.99,2.1775,10.2831,1589,1693.38
26595,-0.9457,1.4868,11.4144,1626,1693.38
26600,-0.4992,0.073,10.9954,1605,1693.38
26605,-1.749,0.261,11.1282,1623,1693.38
26610,-1.2725,1.4126,10.7476,1611,1693.05
26615,-2.4205,2.2649,10.4914,1605,1693.05
26620,0.7171,2.5175,10.4471,1599,1693.05
26625,-0.6835,2.4325,10.4447,1599,1693.05
26630,-1.0223,1.4784,11.0804,1614,1693.05
26635,-0.4238,0.2442,11.2013,1608,1693.05
26640,-1.7538,0.1006,11.0504,1613,1693.05
26645,-1.4018,1.3707,10.8182,1606,1692.91
26650,-2.2948,2.2553,10.5237,1623,1692.91
26655,0.4609,2.3691,10.3741,1599,1692.91
26660,-0.3627,2.7234,10.5884,1609,1692.91
26665,-1.0965,1.4353,10.9176,1628,1692.91
26670,-0.4046,0.4489,11.3282,1609,1692.91
26675,-1.6496,-0.0084,10.9391,1598,1692.91
26680,-1.4377,1.3934,11.1103,1599,1693.0
26685,-2.1428,2.0853,10.3394,1613,1693.0
26690,0.1425,2.46,10.4591,1613,1693.0
26695,0.0156,2.7641,10.483,1627,1693.0
26700,-1.1181,1.567,10.8625,1615,1693.0
26705,-0.3855,0.5938,11.3353,1628,1693.0
26710,-1.5203,-0.1077,11.0085,1593,1693.0
26715,-1.476,1.4042,11.2492,1595,1692.81
26720,-1.9369,1.9046,10.252,1598,1692.81
26725,-0.1927,2.5295,10.5979,1608,1692.81
26730,0.4166,2.7426,10.3202,1620,1692.81
26735,-1.1552,1.8938,11.0002,1605,1692.81
26740,-0.3687,0.5974,11.2276,1623,1692.81
26745,-1.4676,-0.0479,11.1869,1593,1692.81
26750,-1.5251,1.2582,11.169,1606,1692.62
26755,-1.7023,1.8411,10.3657,1598,1692.62
26760,-0.5327,2.5642,10.5477,1599,1692.62
26765,0.7661,2.7737,10.228,1612,1692.62
26770,-1.221,2.1021,10.9738,1599,1692.62
26775,-0.4046,0.5722,11.0636,1620,1692.62
26780,-1.4246,0.0371,11.3772,1597,1692.62
26785,-1.488,0.9768,10.975,1589,1692.81
26790,-1.5239,1.907,10.6087,1611,1692.81
26795,-0.8859,2.4134,10.2711,1624,1692.81
26800,1.0427,2.909,10.4232,1619,1692.81
26805,-1.2905,2.1787,10.8254,1604,1692.81
26810,-0.4717,0.6201,11.1031,1618,1692.81
26815,-1.33,0.1089,11.4515,1597,1692.81
26820,-1.5933,0.7219,10.8457,1605,1692.57
26825,-1.3731,1.9896,10.8589,1605,1692.57
26830,-1.2605,2.2936,10.1179,1613,1692.57
26835,1.2546,3.0418,10.6542,1597,1692.57
26840,-1.3551,2.1117,10.5369,1615,1692.57
26845,-0.51,0.8691,11.3222,1624,1692.57
26850,-1.1456,0.103,11.3437,1608,1692.57
26855,-1.6305,0.5986,10.8553,1614,1692.48
26860,-1.2761,1.8711,10.8625,1608,1692.48
26865,-1.6664,2.2051,10.1706,1607,1692.48
26870,1.3946,3.037,10.7811,1595,1692.48
26875,-1.385,2.0614,10.3549,1606,1692.48
26880,-0.6261,1.0798,11.4658,1613,1692.48
26885,-0.9337,0.067,11.1725,1615,1692.48
26890,-1.7131,0.5698,11.0588,1619,1692.57
26895,-1.2103,1.7238,10.7428,1629,1692.57
26900,-1.9453,2.2482,10.3238,1621,1692.57
26905,1.3755,2.9137,10.6362,1595,1692.57
26910,-1.318,2.1201,10.4543,1597,1692.57
26915,-0.7685,1.1564,11.4479,1607,1692.57
26920,-0.7805,0.0658,11.1366,1607,1692.57
26925,-1.7526,0.4334,11.1163,1610,1692.57
26930,-1.1995,1.6209,10.6386,1619,1692.52
26935,-2.2218,2.3104,10.4675,1613,1692.52
26940,1.1959,2.7617,10.4842,1615,1692.52
26945,-1.1923,2.2745,10.5381,1596,1692.52
26950,-0.8392,1.1768,11.1965,1615,1692.52
26955,-0.6572,0.1652,11.248,1597,1692.52
26960,-1.7645,0.2813,11.0038,1595,1692.52
26965,-1.2558,1.6448,10.7967,1599,1692.72
26970,-2.3463,2.296,10.4291,1606,1692.72
26975,1.0223,2.6935,10.4124,1608,1692.72
26980,-1.0906,2.3918,10.635,1591,1692.72
26985,-0.9218,1.2151,11.0552,1625,1692.72
26990,-0.5387,0.2227,11.406,1609,1692.72
26995,-1.7382,0.0958,10.8062,1624,1692.72
27000,-1.2653,1.6867,11.0241,1613,1692.72
27005,-2.405,2.1703,10.2125,1605,1692.72
27010,0.8308,2.7043,10.5979,1604,1692.72
27015,-0.8033,2.4014,10.4543,1591,1692.72
27020,-0.9768,1.3838,11.0696,1613,1692.72
27025,-0.5124,0.2574,11.2623,1607,1692.72
27030,-1.6688,-0.0012,10.8278,1619,1692.72
27035,-1.3252,1.634,11.1378,1606,1692.62
27040,-2.3822,2.0446,10.1754,1621,1692.62
27045,0.5387,2.6647,10.647,1597,1692.62
27050,-0.4896,2.399,10.2053,1598,1692.62
27055,-1.0558,1.6077,11.1582,1623,1692.62
27060,-0.4214,0.2682,11.1007,1611,1692.62
27065,-1.6676,0.0251,11.048,1599,1692.62
27070,-1.403,1.4353,11.0361,1597,1692.48
27075,-2.2039,2.0494,10.2675,1620,1692.48
27080,0.2263,2.5163,10.5596,1611,1692.48
27085,-0.079,2.5558,10.2304,1627,1692.48
27090,-1.0989,1.7861,11.1618,1619,1692.48
27095,-0.3795,0.3436,11.0253,1623,1692.48
27100,-1.6556,0.0706,11.2671,1595,1692.48
27105,-1.4569,1.2653,10.908,1605,1692.48
27110,-1.9585,2.1584,10.5249,1605,1692.48
27115,-0.1101,2.3954,10.4004,1607,1692.48
27120,0.3436,2.8012,10.4471,1623,1692.48
27125,-1.1636,1.8531,10.9607,1607,1692.48
27130,-0.3915,0.4944,11.0887,1624,1692.48
27135,-1.5957,0.0443,11.3234,1597,1692.48
27140,-1.4904,1.1576,10.89,1599,1692.14
27145,-1.7406,2.1213,10.6291,1606,1692.14
27150,-0.4681,2.381,10.2161,1599,1692.14
27155,0.7051,3.0107,10.6386,1605,1692.14
27160,-1.239,1.8148,10.7344,1598,1692.14
27165,-0.34,0.6596,11.3401,1619,1692.14
27170,-1.4473,-0.0575,11.218,1599,1692.14
27175,-1.5155,1.1169,10.9966,1605,1691.71
27180,-1.5395,1.9573,10.5836,1611,1691.71
27185,-0.8511,2.3834,10.2963,1621,1691.71
27190,1.008,3.0071,10.6446,1619,1691.71
27195,-1.2641,1.9393,10.5381,1599,1691.71
27200,-0.395,0.8092,11.4227,1619,1691.71
27205,-1.2653,-0.0467,11.157,1596,1691.71
27210,-1.5945,0.9601,11.1115,1608,1691.81
27215,-1.4401,1.737,10.4615,1608,1691.81
27220,-1.2175,2.4864,10.4315,1615,1691.81
27225,1.2558,2.8527,10.5237,1600,1691.81
27230,-1.2953,2.1141,10.665,1618,1691.81
27235,-0.4896,0.8248,11.2923,1627,1691.81
27240,-1.1181,0.0646,11.2384,1607,1691.81
27245,-1.6532,0.8224,11.1151,1612,1692.48
27250,-1.3515,1.7226,10.5273,1609,1692.48
27255,-1.5443,2.4241,10.4124,1610,1692.48
27260,1.3587,2.806,10.4303,1597,1692.48
27265,-1.33,2.3116,10.7272,1607,1692.48
27270,-0.6045,0.8104,11.1342,1617,1692.48
27275,-1.0355,0.2119,11.4024,1619,1692.48
27280,-1.6676,0.5004,10.9367,1615,1692.57
27285,-1.2234,1.8124,10.7799,1627,1692.57
27290,-1.8639,2.296,10.2843,1623,1692.57
27295,1.3443,2.9042,10.5477,1593,1692.57
27300,-1.3216,2.3164,10.6135,1597,1692.57
27305,-0.7063,0.9445,11.1103,1611,1692.57
27310,-0.8535,0.1688,11.4359,1608,1692.57
27315,-1.646,0.2143,10.7308,1613,1692.57
27320,-1.1779,1.883,10.9726,1617,1693.0
27325,-2.1775,2.1656,10.0892,1615,1693.0
27330,1.2653,2.97,10.6554,1618,1693.0
27335,-1.2761,2.2146,10.3765,1594,1693.0
27340,-0.7829,1.2103,11.2923,1611,1693.0
27345,-0.7649,0.1472,11.2575,1596,1693.0
27350,-1.7095,0.1676,10.8326,1599,1693.0
27355,-1.1827,1.7741,11.0672,1598,1693.05
27360,-2.3834,2.1189,10.1742,1604,1693.05
27365,1.0379,2.8958,10.7775,1609,1693.05
27370,-1.1121,2.1225,10.2472,1592,1693.05
27375,-0.8523,1.4293,11.3928,1625,1693.05
27380,-0.6237,0.085,11.0648,1608,1693.05
27385,-1.749,0.2179,10.9822,1624,1693.05
27390,-1.2522,1.585,10.8541,1609,1692.95
27395,-2.4373,2.1967,10.3358,1606,1692.95
27400,0.8787,2.6815,10.5596,1605,1692.95
27405,-0.8882,2.2434,10.2867,1595,1692.95
27410,-0.9804,1.4748,11.3306,1612,1692.95
27415,-0.4932,0.1221,11.0265,1611,1692.95
27420,-1.725,0.2239,11.1294,1621,1692.95
27425,-1.3312,1.4114,10.805,1608,1692.81
27430,-2.3463,2.2721,10.4926,1618,1692.81
27435,0.6369,2.4636,10.3992,1599,1692.81
27440,-0.5578,2.5079,10.4363,1593,1692.81
27445,-1.0187,1.4401,11.0744,1627,1692.81
27450,-0.3879,0.3268,11.1941,1609,1692.81
27455,-1.6999,0.1113,11.0492,1609,1692.81
27460,-1.4425,1.3707,10.8493,1597,1692.62
27465,-2.1991,2.2398,10.5285,1618,1692.62
27470,0.3053,2.3523,10.3789,1608,1692.62
27475,-0.1963,2.7605,10.5704,1631,1692.62
27480,-1.0953,1.4712,10.8661,1619,1692.62
27485,-0.3759,0.4968,11.3665,1623,1692.62
27490,-1.5886,-0.0383,10.9607,1595,1692.62
27495,-1.4617,1.4593,11.0816,1599,1692.52
27500,-2.0494,2.0554,10.337,1608,1692.52
27505,-0.0682,2.4289,10.5022,1607,1692.52
27510,0.1975,2.8084,10.5489,1628,1692.52
27515,-1.1552,1.634,10.8469,1609,1692.52
27520,-0.3591,0.6081,11.3605,1626,1692.52
27525,-1.5012,-0.0694,10.9559,1595,1692.52
27530,-1.5107,1.3563,11.1929,1611,1692.57
27535,-1.8878,1.8375,10.2687,1606,1692.57
27540,-0.3759,2.5462,10.6051,1606,1692.57
27545,0.5459,2.7174,10.3154,1599,1692.57
27550,-1.1456,1.9106,10.8972,1599,1692.57
27555,-0.3699,0.5578,11.1534,1619,1692.57
27560,-1.421,-0.0527,11.2527,1605,1692.57
27565,-1.5383,1.1863,11.1354,1605,1692.86
27570,-1.6688,1.8244,10.3717,1609,1692.86
27575,-0.7219,2.5115,10.5441,1623,1692.86
27580,0.9206,2.7701,10.3142,1621,1692.86
27585,-1.2127,2.1679,10.9463,1597,1692.86
27590,-0.4393,0.5626,11.0744,1609,1692.86
27595,-1.3874,0.1006,11.3928,1595,1692.86
27600,-1.555,0.8619,10.884,1607,1693.0
27605,-1.4916,1.9465,10.6973,1611,1693.0
27610,-1.0666,2.3535,10.2759,1617,1693.0
27615,1.1624,2.958,10.5261,1609,1693.0
27620,-1.3048,2.2015,10.7715,1620,1693.0
27625,-0.4561,0.7147,11.1235,1625,1693.0
27630,-1.2438,0.1496,11.4742,1597,1693.0
27635,-1.6089,0.6309,10.7835,1611,1692.81
27640,-1.2917,1.998,10.8781,1605,1692.81
27645,-1.47,2.2625,10.1454,1611,1692.81
27650,1.3635,3.0347,10.7595,1597,1692.81
27655,-1.3815,2.1045,10.4567,1612,1692.81
27660,-0.5243,0.9194,11.3581,1623,1692.81
27665,-1.0798,0.0718,11.3126,1621,1692.81
27670,-1.6448,0.4776,10.8852,1625,1692.62
27675,-1.1851,1.8866,10.8661,1627,1692.62
27680,-1.8316,2.2386,10.155,1625,1692.62
27685,1.4006,3.0251,10.7691,1593,1692.62
27690,-1.3803,2.0614,10.3346,1599,1692.62
27695,-0.6213,1.1289,11.4898,1612,1692.62
27700,-0.8823,0.0395,11.1199,1611,1692.62
27705,-1.7466,0.4932,11.054,1612,1692.62
27710,-1.2366,1.6939,10.7093,1623,1693.0
27715,-2.1284,2.2889,10.3334,1625,1693.0
27720,1.3252,2.8551,10.6386,1612,1693.0
27725,-1.3336,2.1679,10.4375,1595,1693.0
27730,-0.7171,1.1564,11.3928,1611,1693.0
27735,-0.7434,0.1365,11.1175,1596,1693.0
27740,-1.7526,0.401,11.0385,1599,1693.0
27745,-1.239,1.549,10.6638,1607,1692.76
27750,-2.2829,2.314,10.4519,1608,1692.76
27755,1.1863,2.6791,10.4938,1609,1692.76
27760,-1.1851,2.3188,10.5321,1592,1692.76
27765,-0.8691,1.172,11.236,1629,1692.76
27770,-0.6309,0.2047,11.3018,1607,1692.76
27775,-1.7023,0.2298,10.9092,1615,1692.76
27780,-1.2713,1.6281,10.8326,1599,1692.81
27785,-2.4409,2.2529,10.3717,1606,1692.81
27790,0.9673,2.6827,10.4998,1605,1692.81
27795,-0.9768,2.3882,10.5752,1591,1692.81
27800,-0.9098,1.2534,11.0097,1619,1692.81
27805,-0.5674,0.2538,11.3605,1607,1692.81
27810,-1.6903,0.1209,10.7895,1623,1692.81
27815,-1.3156,1.6712,11.0361,1605,1692.57
27820,-2.4193,2.1332,10.2544,1611,1692.57
27825,0.68,2.6971,10.6075,1605,1692.57
27830,-0.7314,2.4505,10.4279,1597,1692.57
27835,-0.9673,1.4102,11.0708,1607,1692.57
27840,-0.4908,0.2789,11.2599,1609,1692.57
27845,-1.634,-0.0072,10.8613,1611,1692.57
27850,-1.3695,1.6269,11.1342,1605,1692.48
27855,-2.3559,2.0399,10.173,1622,1692.48
27860,0.4525,2.6336,10.6961,1607,1692.48
27865,-0.3675,2.4265,10.258,1623,1692.48
27870,-1.0654,1.6723,11.2037,1624,1692.48
27875,-0.4322,0.2861,11.0828,1613,1692.48
27880,-1.6424,0.0431,11.1079,1593,1692.48
27885,-1.4293,1.4293,11.0935,1599,1692.48
27890,-2.1656,2.0518,10.3597,1607,1692.48
27895,0.1413,2.5103,10.5584,1605,1692.48
27900,0.0419,2.6085,10.2987,1624,1692.48
27905,-1.1229,1.8615,11.1522,1613,1692.48
27910,-0.3926,0.3807,11.0181,1627,1692.48
27915,-1.5969,0.0491,11.2827,1595,1692.48
27920,-1.4605,1.2007,10.8936,1597,1692.0
27925,-1.8878,2.1416,10.5584,1605,1692.0
27930,-0.2598,2.3487,10.3585,1605,1692.0
27935,0.4106,2.8335,10.5369,1605,1692.0
27940,-1.1468,1.9082,10.9223,1597,1692.0
27945,-0.3376,0.6081,11.1522,1623,1692.0
27950,-1.5179,0.0551,11.2575,1597,1692.0
27955,-1.5359,1.0989,10.89,1599,1692.33
27960,-1.67,2.047,10.671,1611,1692.33
27965,-0.6225,2.3367,10.2508,1613,1692.33
27970,0.7889,3.0227,10.7081,1624,1692.33
27975,-1.2175,1.9034,10.641,1597,1692.33
27980,-0.3926,0.7733,11.297,1611,1692.33
27985,-1.3779,-0.0204,11.2156,1595,1692.33
27990,-1.5945,1.0247,10.9942,1607,1692.29
27995,-1.4712,1.9321,10.5752,1611,1692.29
28000,-0.9792,2.3679,10.3154,1619,1692.29
28005,1.0965,2.9628,10.635,1605,1692.29
28010,-1.318,2.0075,10.5548,1620,1692.29
28015,-0.4693,0.8906,11.406,1624,1692.29
28020,-1.2198,-0.0144,11.1426,1589,1692.29
28025,-1.6628,0.917,11.1247,1611,1692.38
28030,-1.3635,1.6987,10.4854,1607,1692.38
28035,-1.3168,2.4421,10.4232,1613,1692.38
28040,1.3252,2.8587,10.4806,1595,1692.38
28045,-1.3288,2.1811,10.6051,1613,1692.38
28050,-0.5327,0.8787,11.3126,1623,1692.38
28055,-1.0558,0.067,11.2923,1623,1692.38
28060,-1.7358,0.6812,11.0923,1615,1693.15
28065,-1.3096,1.7226,10.5884,1627,1693.15
28070,-1.67,2.3727,10.343,1625,1693.15
28075,1.3551,2.8096,10.4064,1589,1693.15
28080,-1.3779,2.3248,10.6817,1597,1693.15
28085,-0.6548,0.8703,11.1498,1608,1693.15
28090,-0.9493,0.1856,11.4072,1609,1693.15
28095,-1.6927,0.4058,10.884,1613,1692.76
28100,-1.1947,1.7681,10.7919,1623,1692.76
28105,-1.9848,2.2541,10.2304,1623,1692.76
28110,1.306,2.9078,10.5931,1607,1692.76
28115,-1.3838,2.3212,10.5596,1593,1692.76
28120,-0.6907,0.99,11.1773,1609,1692.76
28125,-0.8176,0.1772,11.4215,1595,1692.76
28130,-1.67,0.176,10.7176,1599,1692.76
28135,-1.2246,1.8459,10.9559,1611,1692.62
28140,-2.2697,2.1476,10.1035,1607,1692.62
28145,1.1959,2.9377,10.7176,1611,1692.62
28150,-1.233,2.1811,10.3789,1610,1692.62
28155,-0.7961,1.2629,11.297,1629,1692.62
28160,-0.7398,0.1389,11.2408,1604,1692.62
28165,-1.6747,0.2167,10.8769,1611,1692.62
28170,-1.233,1.719,10.9846,1605,1692.29
28175,-2.4684,2.0949,10.1694,1599,1692.29
28180,1.0427,2.8575,10.7691,1604,1692.29
28185,-1.0439,2.138,10.2005,1591,1692.29
28190,-0.8942,1.476,11.4191,1621,1692.29
28195,-0.5866,0.073,11.0241,1606,1692.29
28200,-1.731,0.1999,11.0528,1624,1692.29
28205,-1.2605,1.5287,10.8793,1608,1691.86
28210,-2.4553,2.1907,10.3717,1611,1691.86
28215,0.7901,2.6097,10.6039,1599,1691.86
28220,-0.7733,2.3523,10.3058,1593,1691.86
28225,-0.9924,1.5179,11.2659,1611,1691.86
28230,-0.4788,0.1305,11.0792,1613,1691.86
28235,-1.7633,0.1975,11.1139,1608,1691.86
28240,-1.3503,1.3982,10.7667,1597,1691.76
28245,-2.3152,2.2386,10.477,1619,1691.76
28250,0.4992,2.405,10.3657,1605,1691.76
28255,-0.4393,2.6109,10.4974,1626,1691.76
28260,-1.0894,1.5562,10.9762,1624,1691.76
28265,-0.4202,0.3687,11.2061,1607,1691.76
28270,-1.6664,0.0431,11.1067,1597,1691.76
28275,-1.385,1.3443,10.9176,1597,1692.0
28280,-2.1536,2.1656,10.471,1598,1692.0
28285,0.1568,2.3583,10.2867,1607,1692.0
28290,-0.0395,2.8216,10.5692,1627,1692.0
28295,-1.16,1.5754,10.8194,1611,1692.0
28300,-0.4166,0.5507,11.3066,1629,1692.0
28305,-1.5897,-0.1125,10.9702,1597,1692.0
28310,-1.4808,1.391,11.133,1598,1692.67
28315,-1.9333,2.0016,10.3214,1604,1692.67
28320,-0.1772,2.4864,10.4938,1607,1692.67
28325,0.3472,2.812,10.4639,1608,1692.67
28330,-1.1516,1.7418,10.823,1605,1692.67
28335,-0.3759,0.6069,11.303,1621,1692.67
28340,-1.4808,-0.1341,11.0313,1605,1692.67
28345,-1.5036,1.2881,11.1773,1605,1692.67
28350,-1.7609,1.8292,10.2472,1608,1692.67
28355,-0.5543,2.5426,10.562,1613,1692.67
28360,0.7314,2.7378,10.2819,1625,1692.67
28365,-1.1732,2.0351,10.9762,1597,1692.67
28370,-0.425,0.5578,11.1318,1609,1692.67
28375,-1.3599,0.0084,11.2779,1595,1692.67
28380,-1.5658,1.0702,11.1187,1606,1692.67
28385,-1.5682,1.8244,10.4315,1609,1692.67
28390,-0.8619,2.5175,10.4651,1615,1692.67
28395,1.1145,2.7845,10.3477,1609,1692.67
28400,-1.2582,2.2206,10.9032,1619,1692.67
28405,-0.4657,0.6141,11.0468,1623,1692.67
28410,-1.3168,0.1365,11.5053,1597,1692.67
28415,-1.5981,0.7314,10.8362,1609,1693.15
28420,-1.3408,1.8902,10.8002,1604,1693.15
28425,-1.2737,2.3188,10.1933,1612,1693.15
28430,1.2869,2.9748,10.5548,1595,1693.15
28435,-1.3575,2.2015,10.738,1613,1693.15
28440,-0.4788,0.7626,11.212,1621,1693.15
28445,-1.1899,0.1556,11.4563,1621,1693.15
28450,-1.6735,0.498,10.7667,1612,1693.29
28455,-1.2378,1.9477,10.9499,1622,1693.29
28460,-1.5897,2.2015,10.0916,1624,1693.29
28465,1.4198,3.0921,10.7619,1591,1693.29
28470,-1.3934,2.0961,10.4004,1605,1693.29
28475,-0.5878,1.0104,11.3808,1611,1693.29
28480,-1.0391,0.0874,11.2575,1615,1693.29
28485,-1.6891,0.516,10.9223,1613,1693.1
28490,-1.1432,1.8196,10.8409,1623,1693.1
28495,-1.9561,2.2087,10.1706,1622,1693.1
28500,1.3695,3.037,10.75,1605,1693.1
28505,-1.4186,2.0339,10.3501,1593,1693.1
28510,-0.7099,1.2294,11.5185,1609,1693.1
28515,-0.8164,0.0479,11.1187,1597,1693.1
28520,-1.7573,0.4633,11.0504,1604,1693.1
28525,-1.1827,1.5957,10.6817,1606,1693.05
28530,-2.1799,2.2637,10.3537,1609,1693.05
28535,1.3108,2.8419,10.5237,1611,1693.05
28540,-1.306,2.1727,10.4411,1595,1693.05
28545,-0.7829,1.2186,11.3593,1627,1693.05
28550,-0.7171,0.1149,11.1666,1605,1693.05
28555,-1.7573,0.3711,11.1067,1599,1693.05
28560,-1.2665,1.5514,10.6626,1597,1693.0
28565,-2.3535,2.2972,10.3848,1609,1693.0
28570,1.0918,2.6887,10.4663,1608,1693.0
28575,-1.1217,2.314,10.5776,1588,1693.0
28580,-0.8571,1.2175,11.1402,1623,1693.0
28585,-0.5878,0.2634,11.3485,1607,1693.0
28590,-1.7238,0.1568,10.914,1623,1693.0
28595,-1.2833,1.573,10.8816,1609,1693.19
28600,-2.3715,2.2482,10.3322,1607,1693.19
28605,0.8847,2.6133,10.4962,1596,1693.19
28610,-0.9134,2.4541,10.5369,1597,1693.19
28615,-0.9649,1.3001,11.0133,1611,1693.19
28620,-0.5351,0.3232,11.3617,1612,1693.19
28625,-1.6652,0.0431,10.8026,1611,1693.19
28630,-1.3216,1.658,11.0588,1607,1693.38
28635,-2.4134,2.0602,10.2436,1623,1693.38
28640,0.5926,2.6264,10.6123,1607,1693.38
28645,-0.5519,2.4481,10.3238,1611,1693.38
28650,-1.0008,1.4545,11.1091,1625,1693.38
28655,-0.4812,0.316,11.2743,1608,1693.38
28660,-1.6209,-0.0287,10.8912,1598,1693.38
28665,-1.3599,1.5514,11.1175,1599,1693.29
28670,-2.2936,2.0183,10.1813,1613,1693.29
28675,0.3424,2.5881,10.7033,1611,1693.29
28680,-0.237,2.4936,10.2532,1624,1693.29
28685,-1.0762,1.749,11.1725,1619,1693.29
28690,-0.4549,0.2813,11.0504,1631,1693.29
28695,-1.6424,0.0084,11.1342,1592,1693.29
28700,-1.4078,1.3503,11.0026,1611,1693.19
28705,-2.0518,2.0207,10.3992,1606,1693.19
28710,0.0108,2.4792,10.5093,1605,1693.19
28715,0.1927,2.6504,10.307,1613,1693.19
28720,-1.1552,1.8603,11.1043,1598,1693.19
28725,-0.3663,0.3915,11.0181,1623,1693.19
28730,-1.5754,0.0922,11.2695,1597,1693.19
28735,-1.4832,1.2163,10.8912,1597,1693.05
28740,-1.8483,2.1284,10.5848,1599,1693.05
28745,-0.3891,2.3655,10.2963,1605,1693.05
28750,0.5674,2.8647,10.5536,1620,1693.05
28755,-1.2198,1.8483,10.8541,1607,1693.05
28760,-0.3472,0.5555,11.151,1619,1693.05
28765,-1.4856,-0.006,11.2719,1591,1693.05
28770,-1.5323,1.0798,10.9666,1603,1693.24
28775,-1.579,2.1105,10.6805,1614,1693.24
28780,-0.7195,2.3355,10.2292,1624,1693.24
28785,0.8799,2.9939,10.6386,1619,1693.24
28790,-1.306,1.8783,10.5919,1606,1693.24
28795,-0.3651,0.8045,11.3689,1613,1693.24
28800,-1.3767,-0.0383,11.1785,1599,1693.24
28805,-1.6185,1.057,11.0672,1607,1693.86
28810,-1.4748,1.8974,10.5836,1609,1693.86
28815,-1.0774,2.3942,10.3178,1621,1693.86
28820,1.2007,2.9676,10.6315,1605,1693.86
28825,-1.3527,1.9992,10.5919,1619,1693.86
28830,-0.4429,0.8775,11.3629,1625,1693.86
28835,-1.1756,-0.0335,11.1354,1609,1693.86
28840,-1.6963,0.9385,11.1223,1609,1693.86
28845,-1.3635,1.7406,10.4782,1605,1693.86
28850,-1.3539,2.4684,10.4279,1608,1693.86
28855,1.3144,2.8264,10.483,1595,1693.86
28860,-1.3731,2.1859,10.6662,1611,1693.86
28865,-0.5279,0.8679,11.3102,1615,1693.86
28870,-1.0678,0.1269,11.2982,1635,1693.86
28875,-1.7214,0.7015,10.981,1617,1693.86
28880,-1.2773,1.7298,10.6063,1625,1693.86
28885,-1.7035,2.3715,10.3621,1621,1693.86
28890,1.4329,2.8551,10.3944,1607,1693.86
28895,-1.3719,2.2601,10.7176,1597,1693.86
28900,-0.6488,0.8404,11.133,1609,1693.86
28905,-0.9912,0.2286,11.4431,1607,1693.86
28910,-1.6747,0.4118,10.7775,1611,1693.86
28915,-1.2127,1.8411,10.884,1620,1694.44
28920,-1.9872,2.2625,10.2197,1617,1694.44
28925,1.3731,2.9604,10.5716,1615,1694.44
28930,-1.3623,2.2326,10.5225,1597,1694.44
28935,-0.668,1.008,11.2097,1611,1694.44
28940,-0.905,0.1832,11.4191,1598,1694.44
28945,-1.6843,0.2634,10.7763,1599,1694.44
28950,-1.2198,1.8651,11.0373,1609,1694.05
28955,-2.2302,2.1548,10.094,1605,1694.05
28960,1.2737,2.9808,10.7643,1617,1694.05
28965,-1.2929,2.0973,10.3202,1593,1694.05
28970,-0.7326,1.2486,11.3497,1627,1694.05
28975,-0.753,0.067,11.2132,1605,1694.05
28980,-1.6735,0.2358,10.8721,1619,1694.05
28985,-1.239,1.7466,10.9583,1604,1693.81
28990,-2.4169,2.1308,10.2304,1607,1693.81
28995,1.0942,2.8455,10.6793,1599,1693.81
29000,-1.1301,2.0626,10.252,1591,1693.81
29005,-0.8727,1.476,11.4072,1619,1693.81
29010,-0.6165,0.0311,11.0409,1609,1693.81
29015,-1.7286,0.2825,11.0971,1621,1693.81
29020,-1.324,1.488,10.8409,1611,1693.43
29025,-2.4241,2.2458,10.4435,1606,1693.43
29030,0.8464,2.5941,10.4531,1599,1693.43
29035,-0.8547,2.2649,10.343,1597,1693.43
29040,-0.9134,1.4784,11.2958,1608,1693.43
29045,-0.5267,0.1496,11.1103,1609,1693.43
29050,-1.7107,0.2095,11.1342,1612,1693.43
29055,-1.3635,1.4114,10.7536,1597,1693.34
29060,-2.3511,2.247,10.5105,1621,1693.34
29065,0.6081,2.4193,10.3465,1604,1693.34
29070,-0.5219,2.6193,10.55,1626,1693.34
29075,-1.0463,1.421,11.0061,1624,1693.34
29080,-0.4357,0.34,11.2719,1613,1693.34
29085,-1.6269,0.0347,10.9966,1596,1693.34
29090,-1.4413,1.4365,10.89,1605,1693.48
29095,-2.2098,2.2003,10.422,1607,1693.48
29100,0.2753,2.4217,10.3741,1607,1693.48
29105,-0.1496,2.7438,10.6123,1623,1693.48
29110,-1.1277,1.4617,10.8649,1619,1693.48
29115,-0.3879,0.4992,11.3497,1629,1693.48
29120,-1.5598,-0.0898,10.9451,1595,1693.48
29125,-1.4605,1.4425,11.1271,1598,1693.77
29130,-2.0351,2.0051,10.2939,1607,1693.77
29135,-0.0862,2.5103,10.5129,1607,1693.77
29140,0.2095,2.7545,10.404,1615,1693.77
29145,-1.1516,1.6712,10.8864,1599,1693.77
29150,-0.3615,0.5602,11.2755,1624,1693.77
29155,-1.4856,-0.0994,11.0193,1598,1693.77
29160,-1.5012,1.3695,11.1737,1597,1693.96
29165,-1.8699,1.9022,10.2951,1605,1693.96
29170,-0.3771,2.5462,10.6147,1607,1693.96
29175,0.5614,2.7234,10.3154,1624,1693.96
29180,-1.2007,1.9513,11.0109,1593,1693.96
29185,-0.3448,0.5375,11.1007,1619,1693.96
29190,-1.4473,-0.0048,11.2875,1599,1693.96
29195,-1.5622,1.1289,11.0516,1605,1693.58
29200,-1.6305,1.9561,10.4854,1611,1693.58
29205,-0.6883,2.4565,10.4842,1619,1693.58
29210,0.9661,2.7809,10.307,1615,1693.58
29215,-1.2785,2.138,10.9487,1611,1693.58
29220,-0.3555,0.6045,10.9858,1619,1693.58
29225,-1.4054,0.0706,11.461,1595,1693.58
29230,-1.5778,0.8978,10.8984,1605,1693.53
29235,-1.3922,1.9884,10.7188,1607,1693.53
29240,-1.0379,2.3248,10.1801,1611,1693.53
29245,1.1564,3.0071,10.5824,1599,1693.53
29250,-1.3384,2.1356,10.6949,1619,1693.53
29255,-0.3819,0.8176,11.2324,1623,1693.53
29260,-1.2749,0.1018,11.4048,1621,1693.53
29265,-1.6364,0.6728,10.8445,1617,1693.34
29270,-1.2809,1.9597,10.8709,1613,1693.34
29275,-1.4353,2.2302,10.1083,1620,1693.34
29280,1.3946,3.0694,10.7141,1597,1693.34
29285,-1.3946,2.1045,10.4734,1609,1693.34
29290,-0.4884,1.0391,11.3713,1611,1693.34
29295,-1.1492,0.0287,11.2384,1615,1693.34
29300,-1.6747,0.5997,11.0049,1637,1693.1
29305,-1.2258,1.8004,10.7631,1627,1693.1
29310,-1.7717,2.2637,10.2424,1620,1693.1
29315,1.4222,3.0119,10.6757,1591,1693.1
29320,-1.3862,2.077,10.3633,1599,1693.1
29325,-0.559,1.1061,11.5221,1609,1693.1
29330,-0.9517,0.0395,11.1318,1605,1693.1
29335,-1.6903,0.5483,11.084,1607,1693.1
29340,-1.2366,1.6364,10.6003,1620,1693.1
29345,-1.9812,2.3715,10.3837,1613,1693.1
29350,1.3779,2.8683,10.5405,1621,1693.1
29355,-1.3838,2.1368,10.4244,1597,1693.1
29360,-0.7219,1.1085,11.2851,1620,1693.1
29365,-0.8056,0.1508,11.163,1604,1693.1
29370,-1.7095,0.4729,11.1007,1597,1693.1
29375,-1.2833,1.561,10.7212,1597,1693.0
29380,-2.2063,2.3379,10.4543,1607,1693.0
29385,1.1971,2.7641,10.4256,1609,1693.0
29390,-1.2438,2.314,10.6422,1591,1693.0
29395,-0.7913,1.1121,11.1007,1625,1693.0
29400,-0.7087,0.2418,11.3377,1607,1693.0
29405,-1.6735,0.2203,10.914,1619,1693.0
29410,-1.3096,1.6185,10.9223,1609,1693.29
29415,-2.2625,2.2003,10.313,1605,1693.29
29420,0.9936,2.7485,10.5201,1599,1693.29
29425,-1.0475,2.4098,10.5022,1597,1693.29
29430,-0.8727,1.2163,11.0612,1613,1693.29
29435,-0.6548,0.2693,11.3964,1607,1693.29
29440,-1.6328,0.0515,10.7943,1619,1693.29
29445,-1.3563,1.6927,11.0648,1605,1693.29
29450,-2.4074,2.077,10.1466,1623,1693.29
29455,0.7326,2.7545,10.6841,1597,1693.29
29460,-0.7518,2.3284,10.2807,1605,1693.29
29465,-0.978,1.4293,11.1546,1628,1693.29
29470,-0.5411,0.2107,11.2132,1611,1693.29
29475,-1.6233,0.0311,10.9164,1609,1693.29
29480,-1.3671,1.579,11.0923,1604,1693.29
29485,-2.3511,2.0111,10.2208,1618,1693.29
29490,0.4609,2.6444,10.6674,1610,1693.29
29495,-0.4178,2.4421,10.2328,1624,1693.29
29500,-1.0511,1.6496,11.224,1619,1693.29
29505,-0.4693,0.1724,11.048,1624,1693.29
29510,-1.664,0.0515,11.1342,1595,1693.29
29515,-1.4018,1.4018,10.9487,1599,1693.34
29520,-2.1895,2.1308,10.3944,1605,1693.34
29525,0.182,2.4948,10.483,1605,1693.34
29530,-0.0539,2.5821,10.3286,1619,1693.34
29535,-1.1384,1.7526,11.1019,1607,1693.34
29540,-0.3771,0.2957,11.0217,1625,1693.34
29545,-1.6077,0.0814,11.2504,1597,1693.34
29550,-1.4676,1.239,10.8481,1605,1693.43
29555,-1.9369,2.2075,10.5776,1609,1693.43
29560,-0.1161,2.3248,10.3382,1604,1693.43
29565,0.3053,2.8311,10.5536,1598,1693.43
29570,-1.2426,1.6939,10.8948,1598,1693.43
29575,-0.328,0.5435,11.2276,1621,1693.43
29580,-1.5347,-0.0215,11.212,1604,1693.43
29585,-1.5335,1.1911,10.9212,1607,1693.15
29590,-1.7131,2.1261,10.5716,1611,1693.15
29595,-0.5148,2.3212,10.2604,1621,1693.15
29600,0.6895,2.9365,10.6446,1623,1693.15
29605,-1.2653,1.6879,10.6781,1599,1693.15
29610,-0.3112,0.7458,11.3593,1612,1693.15
29615,-1.4054,-0.079,11.0684,1596,1693.15
29620,-1.5874,1.1744,11.0708,1605,1692.91
29625,-1.5586,1.9405,10.4675,1607,1692.91
29630,-0.8703,2.4277,10.3968,1617,1692.91
29635,0.9864,2.909,10.562,1609,1692.91
29640,-1.2737,1.9082,10.6698,1619,1692.91
29645,-0.3603,0.8152,11.3641,1624,1692.91
29650,-1.2989,-0.0611,11.0804,1595,1692.91
29655,-1.6269,1.0044,11.157,1609,1692.67
29660,-1.4317,1.7478,10.4555,1607,1692.67
29665,-1.2007,2.4648,10.4962,1609,1692.67
29670,1.2438,2.8467,10.4447,1603,1692.67
29675,-1.3491,2.1895,10.7847,1613,1692.67
29680,-0.4717,0.7877,11.1773,1621,1692.67
29685,-1.1779,0.0718,11.309,1621,1692.67
29690,-1.6197,0.7494,11.0157,1618,1692.95
29695,-1.324,1.7621,10.6279,1628,1692.95
29700,-1.5215,2.4169,10.3525,1623,1692.95
29705,1.3695,2.8994,10.3932,1590,1692.95
29710,-1.3635,2.2733,10.7583,1603,1692.95
29715,-0.5207,0.7781,11.0648,1611,1692.95
29720,-1.1181,0.1915,11.4395,1609,1692.95
29725,-1.5921,0.4729,10.8134,1613,1692.95
29730,-1.2366,1.8268,10.8589,1623,1693.34
29735,-1.8352,2.2733,10.1813,1622,1693.34
29740,1.3671,3.0526,10.6027,1615,1693.34
29745,-1.4461,2.211,10.5141,1593,1693.34
29750,-0.6081,0.9756,11.212,1607,1693.34
29755,-0.9708,0.1891,11.4203,1604,1693.34
29760,-1.6017,0.3053,10.7691,1596,1693.34
29765,-1.2163,1.7945,10.9391,1607,1693.62
29770,-2.1141,2.1991,10.1191,1607,1693.62
29775,1.2941,3.055,10.799,1611,1693.62
29780,-1.3132,2.1249,10.3202,1587,1693.62
29785,-0.674,1.1947,11.3904,1625,1693.62
29790,-0.8511,0.0587,11.1785,1607,1693.62
29795,-1.5981,0.2837,10.8709,1612,1693.62
29800,-1.2749,1.7202,10.8924,1595,1694.48
29805,-2.2984,2.1703,10.2424,1605,1694.48
29810,1.1253,2.8563,10.7117,1605,1694.48
29815,-1.1971,2.1272,10.228,1590,1694.48
29820,-0.8547,1.3647,11.4419,1623,1694.48
29825,-0.68,0.0634,11.0564,1608,1694.48
29830,-1.6759,0.2933,11.0792,1621,1694.48
29835,-1.3132,1.5083,10.7679,1611,1694.39
29840,-2.3523,2.2446,10.4555,1608,1694.39
29845,0.9601,2.6911,10.5477,1599,1694.39
29850,-0.9517,2.3044,10.4339,1595,1694.39
29855,-0.9565,1.3779,11.2851,1607,1694.39
29860,-0.559,0.1496,11.1031,1609,1694.39
29865,-1.6963,0.2215,11.0456,1619,1694.39
29870,-1.3228,1.4437,10.7655,1605,1694.1
29875,-2.3547,2.2697,10.5034,1621,1694.1
29880,0.7015,2.4948,10.4064,1605,1694.1
29885,-0.6668,2.5319,10.6303,1609,1694.1
29890,-1.0965,1.3491,10.9894,1625,1694.1
29895,-0.4202,0.3136,11.2851,1609,1694.1
29900,-1.6676,0.085,10.9451,1598,1694.1
29905,-1.403,1.4856,10.9259,1590,1694.25
29910,-2.3116,2.1536,10.3657,1612,1694.25
29915,0.4058,2.4912,10.4483,1607,1694.25
29920,-0.3364,2.6408,10.5728,1627,1694.25
29925,-1.1277,1.4461,10.9068,1620,1694.25
29930,-0.3627,0.4106,11.3557,1629,1694.25
29935,-1.6077,-0.0646,10.8673,1588,1694.25
29940,-1.4018,1.5131,11.169,1599,1694.01
29945,-2.1548,2.0231,10.2771,1605,1694.01
29950,0.1389,2.5798,10.5512,1605,1694.01
29955,-0.0359,2.6576,10.4052,1613,1694.01
29960,-1.1612,1.6388,10.9858,1598,1694.01
29965,-0.3496,0.4357,11.2527,1621,1694.01
29970,-1.5598,-0.0754,10.9798,1597,1694.01
29975,-1.4772,1.4018,11.1259,1593,1693.86
29980,-2.0255,1.9489,10.2532,1593,1693.86
29985,-0.1796,2.5534,10.635,1607,1693.86
29990,0.3208,2.6612,10.258,1623,1693.86
29995,-1.221,1.9094,11.0911,1592,1693.86
30000,-0.3124,0.4537,11.0349,1622,1693.86
30005,-1.5359,-0.0132,11.2432,1599,1693.86
30010,-1.4784,1.1756,10.9978,1605,1694.2
30015,-1.7274,2.0039,10.4902,1612,1694.2
30020,-0.4549,2.4433,10.4303,1623,1694.2
30025,0.7135,2.794,10.3441,1617,1694.2
30030,-1.221,2.065,10.9954,1599,1694.2
30035,-0.3508,0.5866,11.0708,1614,1694.2
30040,-1.5,0.0275,11.4156,1595,1694.2
30045,-1.5574,0.9337,10.8673,1608,1693.81
30050,-1.5107,2.0506,10.7141,1609,1693.81
30055,-0.8475,2.3032,10.2615,1620,1693.81
30060,1.0379,3.0179,10.5991,1597,1693.81
30065,-1.2953,2.0183,10.7332,1613,1693.81
30070,-0.3531,0.7805,11.2707,1623,1693.81
30075,-1.4114,0.0168,11.406,1599,1693.81
30080,-1.6221,0.8511,10.8589,1615,1693.48
30085,-1.3563,1.9561,10.7176,1603,1693.48
30090,-1.1827,2.2505,10.1801,1599,1693.48
30095,1.251,3.0861,10.7021,1595,1693.48
30100,-1.3934,1.9477,10.5141,1603,1693.48
30105,-0.3974,0.9744,11.4299,1614,1693.48
30110,-1.2186,-0.0491,11.1737,1621,1693.48
30115,-1.6113,0.7913,10.9846,1619,1693.77
30120,-1.3372,1.7322,10.6482,1640,1693.77
30125,-1.4916,2.32,10.2891,1621,1693.77
30130,1.3443,2.9652,10.6554,1595,1693.77
30135,-1.3898,2.0315,10.4962,1596,1693.77
30140,-0.4788,0.9996,11.4012,1599,1693.77
30145,-1.0427,0.0239,11.1546,1609,1693.77
30150,-1.6269,0.6847,11.0947,1611,1693.77
30155,-1.3168,1.6149,10.5788,1617,1694.01
30160,-1.7382,2.4038,10.4291,1619,1694.01
30165,1.3539,2.8659,10.495,1619,1694.01
30170,-1.3563,2.2242,10.5896,1595,1694.01
30175,-0.6632,0.9697,11.2827,1611,1694.01
30180,-0.9421,0.1448,11.3389,1607,1694.01
30185,-1.6113,0.4657,11.0229,1598,1694.01
30190,-1.318,1.6281,10.6913,1609,1694.1
30195,-1.9453,2.3667,10.3932,1607,1694.1
30200,1.239,2.8168,10.4088,1613,1694.1
30205,-1.2833,2.3547,10.6374,1593,1694.1
30210,-0.7542,0.9697,11.1187,1629,1694.1
30215,-0.8021,0.2574,11.3353,1607,1694.1
30220,-1.6305,0.2227,10.7679,1613,1694.1
30225,-1.2977,1.749,10.8936,1597,1694.39
30230,-2.1727,2.1739,10.246,1605,1694.39
30235,1.1265,2.8407,10.6087,1605,1694.39
30240,-1.1564,2.3176,10.5608,1590,1694.39
30245,-0.8954,1.1432,11.1833,1621,1694.39
30250,-0.6823,0.243,11.3653,1610,1694.39
30255,-1.6388,0.1425,10.7583,1624,1694.39
30260,-1.2953,1.7957,11.0708,1612,1694.44
30265,-2.3547,2.0698,10.1658,1607,1694.44
30270,0.9397,2.8695,10.7224,1598,1694.44
30275,-0.9744,2.2206,10.343,1594,1694.44
30280,-0.9361,1.3503,11.3318,1609,1694.44
30285,-0.5602,0.1245,11.1725,1605,1694.44
30290,-1.7011,0.0982,10.9128,1611,1694.44
30295,-1.2725,1.6293,11.0217,1599,1694.2
30300,-2.393,2.0853,10.2304,1623,1694.2
30305,0.7183,2.7162,10.6386,1598,1694.2
30310,-0.7554,2.2733,10.1825,1619,1694.2
30315,-1.0487,1.5957,11.3006,1615,1694.2
30320,-0.4465,0.1448,11.0181,1609,1694.2
30325,-1.7394,0.1796,11.1426,1598,1694.2
30330,-1.3024,1.4461,10.8577,1597,1693.96
30335,-2.3152,2.217,10.3669,1611,1693.96
30340,0.486,2.5067,10.4423,1611,1693.96
30345,-0.4238,2.5067,10.3956,1624,1693.96
30350,-1.1408,1.5694,11.1737,1619,1693.96
30355,-0.3711,0.2179,11.0804,1627,1693.96
30360,-1.7083,0.1018,11.1498,1593,1693.96
30365,-1.3707,1.2881,10.8457,1605,1693.81
30370,-2.1368,2.2865,10.5632,1607,1693.81
30375,0.2023,2.3212,10.3011,1605,1693.81
30380,-0.1018,2.7737,10.5908,1613,1693.81
30385,-1.1684,1.5323,10.8493,1599,1693.81
30390,-0.3065,0.516,11.2994,1623,1693.81
30395,-1.6328,-0.0036,11.0696,1604,1693.81
30400,-1.4796,1.2881,10.9678,1595,1693.81
30405,-1.9692,2.1476,10.483,1605,1693.81
30410,-0.1233,2.3774,10.3717,1599,1693.81
30415,0.2346,2.8491,10.5848,1627,1693.81
30420,-1.1947,1.6376,10.7823,1603,1693.81
30425,-0.322,0.6668,11.3725,1613,1693.81
30430,-1.5119,-0.1425,11.0277,1598,1693.81
30435,-1.5467,1.3312,11.1965,1605,1694.01
30440,-1.8555,1.919,10.3633,1613,1694.01
30445,-0.4393,2.4732,10.495,1619,1694.01
30450,0.6105,2.8551,10.4339,1617,1694.01
30455,-1.1911,1.8639,10.8409,1598,1694.01
30460,-0.322,0.6835,11.3078,1613,1694.01
30465,-1.4389,-0.1137,11.1366,1597,1694.01
30470,-1.5742,1.1851,11.1701,1609,1694.01
30475,-1.6352,1.7729,10.3837,1599,1694.01
30480,-0.7254,2.5187,10.5943,1613,1694.01
30485,0.9613,2.7952,10.258,1605,1694.01
30490,-1.2342,2.1165,10.902,1614,1694.01
30495,-0.4106,0.6261,11.1282,1626,1694.01
30500,-1.3874,0.0646,11.2982,1607,1694.01
30505,-1.5419,0.9337,11.0229,1615,1694.25
30510,-1.4688,1.8292,10.5321,1607,1694.25
30515,-1.0523,2.4624,10.3657,1607,1694.25
30520,1.1947,2.9317,10.4148,1611,1694.25
30525,-1.3204,2.2314,10.8469,1613,1694.25
30530,-0.407,0.6704,11.0852,1618,1694.25
30535,-1.2701,0.1197,11.4826,1621,1694.25
30540,-1.567,0.6704,10.8421,1619,1694.39
30545,-1.3408,1.8854,10.8086,1627,1694.39
30550,-1.3683,2.2517,10.1562,1611,1694.39
30555,1.3348,3.0742,10.6542,1595,1694.39
30560,-1.385,2.1596,10.556,1595,1694.39
30565,-0.5459,0.8715,11.2575,1607,1694.39
30570,-1.2115,0.1401,11.3605,1609,1694.39
30575,-1.5993,0.5303,10.8062,1611,1694.39
30580,-1.2845,1.8866,10.896,1614,1694.25
30585,-1.7226,2.223,10.1394,1621,1694.25
30590,1.3671,3.073,10.7488,1615,1694.25
30595,-1.3886,2.0806,10.3525,1593,1694.25
30600,-0.5974,1.0654,11.3928,1611,1694.25
30605,-0.9828,0.0718,11.1821,1595,1694.25
30610,-1.6293,0.4717,10.9894,1599,1694.25
30615,-1.3012,1.7406,10.8002,1610,1694.63
30620,-1.9632,2.2494,10.2843,1607,1694.63
30625,1.2881,2.9078,10.6757,1611,1694.63
30630,-1.2893,2.0638,10.3346,1595,1694.63
30635,-0.7578,1.1384,11.4958,1627,1694.63
30640,-0.7697,0.0563,11.0887,1609,1694.63
30645,-1.7107,0.4286,11.1163,1619,1694.63
30650,-1.324,1.6185,10.6865,1595,1694.48
30655,-2.1703,2.3284,10.4351,1607,1694.48
30660,1.1803,2.7641,10.489,1599,1694.48
30665,-1.1935,2.2565,10.5261,1580,1694.48
30670,-0.8966,1.1588,11.2731,1619,1694.48
30675,-0.6632,0.182,11.1917,1607,1694.48
30680,-1.7406,0.3184,10.969,1614,1694.48
30685,-1.2869,1.6293,10.7212,1610,1694.53
30690,-2.2721,2.2793,10.4495,1606,1694.53
30695,1.0032,2.6719,10.3896,1597,1694.53
30700,-1.0427,2.3966,10.5788,1597,1694.53
30705,-0.9864,1.1875,11.0947,1611,1694.53
30710,-0.5519,0.2945,11.3653,1611,1694.53
30715,-1.719,0.0706,10.8517,1611,1694.53
30720,-1.2785,1.6484,10.9523,1606,1694.53
30725,-2.399,2.1584,10.2699,1624,1694.53
30730,0.7697,2.7198,10.4974,1605,1694.53
30735,-0.8248,2.4409,10.5213,1607,1694.53
30740,-1.0092,1.2893,11.0085,1623,1694.53
30745,-0.4776,0.243,11.3832,1609,1694.53
30750,-1.7119,-0.0599,10.7823,1595,1694.53
30755,-1.3515,1.6676,11.1151,1597,1694.34
30760,-2.4193,2.0494,10.149,1611,1694.34
30765,0.5626,2.6971,10.647,1609,1694.34
30770,-0.5267,2.4122,10.2963,1625,1694.34
30775,-1.0331,1.561,11.2013,1613,1694.34
30780,-0.3903,0.2191,11.2001,1627,1694.34
30785,-1.6903,-0.0347,10.9978,1595,1694.34
30790,-1.3503,1.488,11.1055,1605,1694.29
30795,-2.3176,2.0698,10.246,1605,1694.29
30800,0.3017,2.5726,10.6482,1607,1694.29
30805,-0.1999,2.4457,10.1478,1615,1694.29
30810,-1.0858,1.7358,11.1797,1605,1694.29
30815,-0.3639,0.255,11.0445,1622,1694.29
30820,-1.6652,0.0359,11.2001,1599,1694.29
30825,-1.3994,1.2749,10.9583,1599,1694.15
30830,-2.0566,2.1488,10.4998,1599,1694.15
30835,0.0479,2.4325,10.3908,1599,1694.15
30840,0.1736,2.7402,10.3681,1621,1694.15
30845,-1.1456,1.7968,11.0564,1599,1694.15
30850,-0.3615,0.4429,11.0887,1619,1694.15
30855,-1.6436,0.0347,11.2539,1597,1694.15
30860,-1.4593,1.1803,10.8433,1599,1694.01
30865,-1.8699,2.1883,10.5716,1607,1694.01
30870,-0.3089,2.2901,10.2604,1621,1694.01
30875,0.5519,2.9185,10.5656,1619,1694.01
30880,-1.1516,1.7298,10.738,1599,1694.01
30885,-0.3112,0.68,11.2982,1611,1694.01
30890,-1.5083,-0.0587,11.1941,1605,1694.01
30895,-1.5347,1.1744,10.999,1608,1694.48
30900,-1.6795,1.9872,10.5776,1607,1694.48
30905,-0.6165,2.3331,10.2807,1621,1694.48
30910,0.8236,3.0059,10.6195,1609,1694.48
30915,-1.2486,1.8387,10.6482,1621,1694.48
30920,-0.3484,0.8284,11.376,1625,1694.48
30925,-1.3563,-0.0814,11.1067,1604,1694.48
30930,-1.5778,1.1277,11.133,1619,1694.53
30935,-1.5203,1.7478,10.4615,1604,1694.53
30940,-0.9182,2.4648,10.4244,1610,1694.53
30945,1.0786,2.9233,10.5285,1597,1694.53
30950,-1.3168,2.0243,10.6554,1611,1694.53
30955,-0.4058,0.838,11.2851,1620,1694.53
30960,-1.245,-0.0215,11.2228,1623,1694.53
30965,-1.5969,0.9601,11.1929,1621,1695.11
30970,-1.4844,1.6831,10.4483,1628,1695.11
30975,-1.1995,2.4972,10.4603,1623,1695.11
30980,1.2749,2.8012,10.3729,1596,1695.11
30985,-1.2941,2.2649,10.7488,1599,1695.11
30990,-0.5255,0.7266,11.1163,1621,1695.11
30995,-1.1971,0.1173,11.3772,1613,1695.11
31000,-1.6269,0.6668,10.999,1609,1694.63
31005,-1.3683,1.7693,10.726,1621,1694.63
31010,-1.5395,2.4086,10.3154,1621,1694.63
31015,1.3491,2.8683,10.4459,1607,1694.63
31020,-1.2953,2.3092,10.732,1595,1694.63
31025,-0.5974,0.7745,11.0947,1609,1694.63
31030,-1.0223,0.1927,11.4371,1598,1694.63
31035,-1.6125,0.4118,10.7907,1599,1694.63
31040,-1.2689,1.8687,10.9152,1610,1694.15
31045,-1.8519,2.1871,10.1418,1608,1694.15
31050,1.3012,3.0023,10.6626,1612,1694.15
31055,-1.3048,2.2087,10.4974,1593,1694.15
31060,-0.7051,1.0163,11.2755,1624,1694.15
31065,-0.9409,0.1508,11.3461,1599,1694.15
31070,-1.6388,0.2777,10.8014,1599,1694.15
31075,-1.1815,1.8974,10.9499,1595,1694.25
31080,-2.1308,2.1189,10.173,1606,1694.25
31085,1.2761,2.9963,10.7811,1605,1694.25
31090,-1.239,2.1033,10.3034,1581,1694.25
31095,-0.826,1.257,11.4766,1621,1694.25
31100,-0.7147,0.0754,11.0911,1608,1694.25
31105,-1.7334,0.3232,10.9463,1619,1694.25
31110,-1.233,1.6903,10.8553,1611,1694.25
31115,-2.3391,2.1919,10.2508,1607,1694.25
31120,1.1229,2.8419,10.6745,1605,1694.25
31125,-1.1133,2.1548,10.3094,1598,1694.25
31130,-0.8978,1.3671,11.4012,1611,1694.25
31135,-0.5974,0.0634,11.0816,1610,1694.25
31140,-1.7466,0.3136,11.1019,1612,1694.25
31145,-1.2366,1.4629,10.756,1607,1694.29
31150,-2.4086,2.2769,10.4878,1621,1694.29
31155,0.9218,2.6396,10.4411,1605,1694.29
31160,-0.9385,2.3391,10.4603,1613,1694.29
31165,-0.972,1.3886,11.1917,1627,1694.29
31170,-0.4932,0.1508,11.2049,1612,1694.29
31175,-1.7597,0.1963,11.0744,1604,1694.29
31180,-1.3396,1.4437,10.7967,1605,1694.2
31185,-2.3691,2.2793,10.4746,1617,1694.2
31190,0.6488,2.5115,10.3513,1611,1694.2
31195,-0.6237,2.5606,10.574,1626,1694.2
31200,-1.0355,1.3467,10.9295,1615,1694.2
31205,-0.4381,0.328,11.3282,1625,1694.2
31210,-1.6759,-0.0072,10.9092,1595,1694.2
31215,-1.3982,1.5036,11.0205,1599,1694.68
31220,-2.3044,2.1715,10.3489,1605,1694.68
31225,0.4226,2.5426,10.5022,1607,1694.68
31230,-0.334,2.5869,10.4866,1619,1694.68
31235,-1.0989,1.4545,10.9319,1605,1694.68
31240,-0.3974,0.4381,11.3521,1625,1694.68
31245,-1.6269,-0.103,10.9223,1599,1694.68
31250,-1.4269,1.5167,11.224,1605,1694.72
31255,-2.1668,2.0231,10.1754,1607,1694.72
31260,0.1269,2.6181,10.6267,1599,1694.72
31265,0.0156,2.6133,10.2843,1597,1694.72
31270,-1.1073,1.6771,11.048,1605,1694.72
31275,-0.4022,0.431,11.1941,1621,1694.72
31280,-1.5479,-0.0455,11.0433,1599,1694.72
31285,-1.482,1.4042,11.1426,1597,1694.96
31290,-2.0411,1.9752,10.2819,1613,1694.96
31295,-0.1401,2.5845,10.6147,1621,1694.96
31300,0.3663,2.709,10.2627,1622,1694.96
31305,-1.154,1.9022,11.1043,1599,1694.96
31310,-0.3675,0.4274,11.0301,1611,1694.96
31315,-1.5251,0.0144,11.2863,1596,1694.96
31320,-1.5012,1.1672,10.993,1609,1695.11
31325,-1.7597,2.0387,10.5812,1611,1695.11
31330,-0.4633,2.4553,10.3944,1615,1695.11
31335,0.6776,2.8742,10.3657,1609,1695.11
31340,-1.1923,1.9716,10.9044,1619,1695.11
31345,-0.4417,0.8296,11.212,1625,1695.11
31350,-1.4796,0.0419,11.3892,1604,1695.11
31355,-1.5909,0.6261,10.8601,1609,1695.11
31360,-1.5694,2.0446,10.7392,1605,1695.11
31365,-1.5874,2.2697,10.149,1613,1695.11
31370,1.397,3.0646,10.7224,1599,1695.11
31375,-1.3503,2.047,10.3848,1613,1695.11
31380,-0.5543,1.0032,11.4898,1624,1695.11
31385,-1.0319,0.0347,11.2312,1625,1695.11
31390,-1.6412,0.5291,10.9738,1618,1694.96
31395,-1.2857,1.7442,10.7691,1622,1694.96
31400,-1.8591,2.2972,10.2771,1623,1694.96
31405,1.3084,2.9628,10.6853,1591,1694.96
31410,-1.3443,2.1237,10.3358,1611,1694.96
31415,-0.7051,1.1253,11.4814,1612,1694.96
31420,-0.8404,0.0838,11.1079,1618,1694.96
31425,-1.6927,0.4908,11.1055,1619,1694.87
31430,-1.318,1.6053,10.653,1630,1694.87
31435,-2.1009,2.3415,10.489,1623,1694.87
31440,1.239,2.8108,10.4902,1599,1694.87
31445,-1.2761,2.2625,10.5357,1597,1694.87
31450,-0.7961,1.1085,11.2815,1607,1694.87
31455,-0.7195,0.1652,11.2061,1605,1694.87
31460,-1.743,0.2897,10.9846,1608,1694.87
31465,-1.2761,1.579,10.6829,1619,1694.82
31470,-2.2781,2.3116,10.4148,1611,1694.82
31475,1.081,2.7366,10.4387,1613,1694.82
31480,-1.1085,2.4062,10.6207,1595,1694.82
31485,-0.9242,1.1672,11.0648,1622,1694.82
31490,-0.5782,0.2502,11.3808,1607,1694.82
31495,-1.725,0.1053,10.8206,1598,1694.82
31500,-1.3001,1.6735,10.9247,1591,1694.58
31505,-2.3954,2.1644,10.2723,1607,1694.58
31510,0.8859,2.7186,10.5824,1597,1694.58
31515,-0.9266,2.3523,10.5177,1593,1694.58
31520,-0.9541,1.3096,11.1127,1627,1694.58
31525,-0.5064,0.2322,11.3282,1607,1694.58
31530,-1.67,-0.0108,10.7811,1613,1694.58
31535,-1.2917,1.6759,11.1139,1611,1694.39
31540,-2.4325,2.0889,10.2029,1605,1694.39
31545,0.6716,2.7426,10.6817,1605,1694.39
31550,-0.6955,2.3451,10.3334,1595,1694.39
31555,-0.9912,1.5479,11.1761,1612,1694.39
31560,-0.4369,0.1796,11.1426,1608,1694.39
31565,-1.6855,0.0551,10.9523,1619,1694.39
31570,-1.3396,1.5395,11.0289,1611,1694.34
31575,-2.3631,2.0937,10.2807,1623,1694.34
31580,0.4142,2.6049,10.6769,1599,1694.34
31585,-0.3795,2.405,10.2496,1597,1694.34
31590,-1.0523,1.6652,11.2587,1645,1694.34
31595,-0.3855,0.237,11.0433,1609,1694.34
31600,-1.6771,0.0263,11.1642,1609,1694.34
31605,-1.4042,1.3324,10.9858,1599,1694.58
31610,-2.1739,2.1679,10.5405,1621,1694.58
31615,0.1484,2.4433,10.4291,1609,1694.58
31620,-0.0012,2.6564,10.3142,1628,1694.58
31625,-1.1157,1.7478,11.0576,1621,1694.58
31630,-0.3244,0.4357,11.1067,1619,1694.58
31635,-1.6556,0.079,11.2085,1595,1694.58
31640,-1.4712,1.1756,10.8397,1599,1694.53
31645,-1.968,2.1679,10.5441,1607,1694.53
31650,-0.1101,2.3296,10.2927,1607,1694.53
31655,0.3268,2.8575,10.5668,1623,1694.53
31660,-1.166,1.6831,10.8146,1613,1694.53
31665,-0.3484,0.6428,11.2695,1631,1694.53
31670,-1.5335,-0.0275,11.1199,1593,1694.53
31675,-1.4952,1.2103,10.8888,1599,1694.58
31680,-1.7693,2.0219,10.5321,1598,1694.58
31685,-0.4501,2.3547,10.3441,1607,1694.58
31690,0.6321,2.9892,10.5931,1611,1694.58
31695,-1.2258,1.7992,10.6853,1597,1694.58
31700,-0.2957,0.8056,11.3868,1623,1694.58
31705,-1.4365,-0.1365,11.0576,1605,1694.58
31710,-1.5622,1.2139,11.1139,1597,1694.77
31715,-1.6508,1.798,10.3837,1605,1694.77
31720,-0.7649,2.5067,10.4818,1610,1694.77
31725,0.9732,2.8862,10.5093,1625,1694.77
31730,-1.2677,2.0051,10.72,1599,1694.77
31735,-0.3759,0.7278,11.3294,1613,1694.77
31740,-1.2833,-0.0144,11.1654,1605,1694.77
31745,-1.5981,1.0822,11.1809,1605,1694.96
31750,-1.5287,1.6867,10.4184,1613,1694.96
31755,-1.0798,2.5247,10.4519,1613,1694.96
31760,1.1708,2.7916,10.3657,1619,1694.96
31765,-1.2737,2.2039,10.8469,1612,1694.96
31770,-0.4477,0.7099,11.1139,1611,1694.96
31775,-1.239,0.091,11.4156,1595,1694.96
31780,-1.6364,0.747,10.981,1605,1694.92
31785,-1.3671,1.8184,10.6171,1607,1694.92
31790,-1.3874,2.4409,10.3418,1615,1694.92
31795,1.3096,2.8563,10.4435,1597,1694.92
31800,-1.318,2.3104,10.75,1611,1694.92
31805,-0.5375,0.7506,11.0768,1624,1694.92
31810,-1.1301,0.1736,11.479,1610,1694.92
31815,-1.6017,0.4417,10.7895,1613,1694.87
31820,-1.2821,1.8986,10.8745,1605,1694.87
31825,-1.6951,2.247,10.094,1609,1694.87
31830,1.3515,3.0227,10.6554,1595,1694.87
31835,-1.3659,2.2302,10.5393,1608,1694.87
31840,-0.6273,0.9924,11.2013,1613,1694.87
31845,-0.9876,0.1472,11.3653,1621,1694.87
31850,-1.6508,0.3304,10.7883,1621,1694.58
31855,-1.2175,1.8483,10.9535,1626,1694.58
31860,-2.0231,2.1225,10.1071,1621,1694.58
31865,1.3204,3.0646,10.7823,1595,1694.58
31870,-1.3252,2.1213,10.2867,1599,1694.58
31875,-0.7374,1.2007,11.4527,1610,1694.58
31880,-0.7757,0.0646,11.2049,1609,1694.58
31885,-1.6987,0.3436,10.9535,1611,1694.58
31890,-1.172,1.6652,10.8002,1621,1694.15
31895,-2.247,2.2003,10.2424,1619,1694.15
31900,1.1875,2.9173,10.7117,1615,1694.15
31905,-1.2366,2.1727,10.2975,1594,1694.15
31910,-0.8559,1.306,11.4706,1612,1694.15
31915,-0.6608,0.0455,11.0528,1606,1694.15
31920,-1.7334,0.3232,11.0636,1598,1694.15
31925,-1.2103,1.5083,10.6626,1605,1693.96
31930,-2.3954,2.2637,10.4651,1607,1693.96
31935,1.0355,2.66,10.5357,1611,1693.96
31940,-1.0989,2.2613,10.4651,1589,1693.96
31945,-0.9625,1.3012,11.248,1627,1693.96
31950,-0.4944,0.1508,11.1737,1608,1693.96
31955,-1.7346,0.237,11.0684,1623,1693.96
31960,-1.2845,1.488,10.7607,1607,1694.2
31965,-2.4301,2.2697,10.5153,1606,1694.2
31970,0.7889,2.5654,10.404,1593,1694.2
31975,-0.8045,2.496,10.5824,1593,1694.2
31980,-1.0139,1.2941,11.0121,1620,1694.2
31985,-0.4788,0.3136,11.3581,1607,1694.2
31990,-1.6712,-0.0084,10.835,1626,1694.2
31995,-1.3599,1.5395,10.9774,1607,1694.53
32000,-2.399,2.1296,10.3178,1607,1694.53
32005,0.5531,2.5618,10.4854,1605,1694.53
32010,-0.559,2.5738,10.501,1597,1694.53
32015,-1.0223,1.4605,10.9607,1607,1694.53
32020,-0.4405,0.3795,11.3461,1612,1694.53
32025,-1.585,-0.0479,10.8002,1612,1694.53
32030,-1.3551,1.5706,11.1737,1605,1694.58
32035,-2.2793,1.9872,10.2268,1621,1694.58
32040,0.3017,2.6013,10.6829,1606,1694.58
32045,-0.2682,2.5522,10.2891,1621,1694.58
32050,-1.0786,1.6604,11.0636,1625,1694.58
32055,-0.3974,0.4058,11.1534,1611,1694.58
32060,-1.6161,-0.0694,10.9714,1594,1694.58
32065,-1.4293,1.4377,11.1522,1603,1694.92
32070,-2.1739,1.9932,10.2831,1612,1694.92
32075,0.0455,2.5163,10.6027,1609,1694.92
32080,0.1233,2.6252,10.1993,1624,1694.92
32085,-1.0702,1.8543,11.0983,1611,1694.92
32090,-0.3926,0.4046,11.0241,1629,1694.92
32095,-1.6233,0.018,11.2683,1592,1694.92
32100,-1.4593,1.2306,10.9583,1596,1695.3
32105,-1.8902,2.0458,10.5153,1598,1695.3
32110,-0.2274,2.4529,10.4483,1607,1695.3
32115,0.4908,2.8323,10.4124,1613,1695.3
32120,-1.1744,1.8878,10.993,1597,1695.3
32125,-0.3591,0.498,11.0852,1623,1695.3
32130,-1.5155,0.0335,11.3126,1598,1695.3
32135,-1.4808,1.0546,10.8793,1596,1695.3
32140,-1.6723,2.0889,10.6853,1607,1695.3
32145,-0.5854,2.3379,10.2232,1599,1695.3
32150,0.8045,2.9856,10.6027,1625,1695.3
32155,-1.2605,1.8878,10.7308,1592,1695.3
32160,-0.3926,0.7051,11.2444,1621,1695.3
32165,-1.415,-0.006,11.2061,1597,1695.3
32170,-1.5646,0.9828,10.9714,1605,1695.35
32175,-1.5143,1.9285,10.659,1611,1695.35
32180,-0.9361,2.3643,10.234,1625,1695.35
32185,1.0882,3.0167,10.6614,1619,1695.35
32190,-1.2558,1.9644,10.4854,1605,1695.35
32195,-0.4573,0.8464,11.412,1612,1695.35
32200,-1.2378,-0.0503,11.1749,1599,1695.35
32205,-1.6173,0.9529,11.1163,1611,1695.15
32210,-1.4246,1.7298,10.5082,1612,1695.15
32215,-1.2785,2.4325,10.3968,1619,1695.15
32220,1.2653,2.9042,10.5668,1609,1695.15
32225,-1.3036,2.1045,10.6027,1610,1695.15
32230,-0.5088,0.844,11.3234,1627,1695.15
32235,-1.1169,0.0335,11.2192,1597,1695.15
32240,-1.6963,0.7829,11.1223,1609,1694.96
32245,-1.324,1.6771,10.5441,1605,1694.96
32250,-1.5622,2.405,10.4064,1611,1694.96
32255,1.3934,2.8587,10.4196,1596,1694.96
32260,-1.3144,2.2889,10.7188,1611,1694.96
32265,-0.5974,0.8152,11.1881,1621,1694.96
32270,-0.9792,0.2215,11.3928,1619,1694.96
32275,-1.7119,0.5375,10.9343,1619,1694.92
32280,-1.2546,1.749,10.7105,1627,1694.92
32285,-1.8232,2.3092,10.3537,1615,1694.92
32290,1.3707,2.891,10.507,1597,1694.92
32295,-1.3707,2.3164,10.6506,1599,1694.92
32300,-0.7123,0.9385,11.0995,1611,1694.92
32305,-0.8882,0.1844,11.4383,1613,1694.92
32310,-1.7166,0.2538,10.7655,1613,1694.68
32315,-1.1863,1.8639,10.9427,1624,1694.68
32320,-2.1476,2.1679,10.1287,1621,1694.68
32325,1.3228,3.0143,10.7141,1597,1694.68
32330,-1.336,2.1931,10.4567,1595,1694.68
32335,-0.7745,1.1612,11.2707,1609,1694.68
32340,-0.8104,0.1664,11.309,1599,1694.68
32345,-1.6987,0.1879,10.8026,1599,1694.68
32350,-1.1863,1.8208,11.0217,1617,1694.58
32355,-2.3619,2.0566,10.1083,1611,1694.58
32360,1.2067,2.9832,10.8002,1617,1694.58
32365,-1.251,2.1045,10.2699,1594,1694.58
32370,-0.8344,1.3324,11.4431,1625,1694.58
32375,-0.6788,0.0323,11.1271,1607,1694.58
32380,-1.6604,0.2251,10.9666,1603,1694.58
32385,-1.2354,1.6209,10.9128,1597,1694.92
32390,-2.4277,2.1524,10.3118,1605,1694.92
32395,1.0283,2.7701,10.6638,1605,1694.92
32400,-1.057,2.2098,10.3011,1588,1694.92
32405,-0.911,1.488,11.4108,1613,1694.92
32410,-0.5447,0.0766,11.0612,1609,1694.92
32415,-1.7526,0.2071,11.1139,1629,1694.92
32420,-1.2989,1.4198,10.738,1609,1694.92
32425,-2.4193,2.2182,10.489,1609,1694.92
32430,0.8344,2.5438,10.422,1599,1694.92
32435,-0.7578,2.3762,10.4064,1595,1694.92
32440,-1.008,1.4389,11.1091,1613,1694.92
32445,-0.4788,0.2322,11.2049,1609,1694.92
32450,-1.6879,0.1425,11.0708,1619,1694.92
32455,-1.3539,1.415,10.8302,1608,1694.92
32460,-2.3379,2.2697,10.4555,1623,1694.92
32465,0.504,2.4313,10.3741,1599,1694.92
32470,-0.486,2.6408,10.5979,1603,1694.92
32475,-1.0798,1.4174,10.9331,1626,1694.92
32480,-0.4429,0.4381,11.3018,1609,1694.92
32485,-1.6209,-0.0323,10.92,1608,1694.92
32490,-1.4126,1.4856,11.0229,1606,1694.96
32495,-2.223,2.0913,10.3956,1619,1694.96
32500,0.2646,2.5163,10.4603,1609,1694.96
32505,-0.1281,2.7342,10.5369,1625,1694.96
32510,-1.1241,1.5347,10.8649,1619,1694.96
32515,-0.4405,0.5112,11.2504,1621,1694.96
32520,-1.561,-0.091,10.8828,1595,1694.96
32525,-1.4473,1.5323,11.1654,1599,1695.01
32530,-2.0662,1.9118,10.2185,1607,1695.01
32535,-0.0898,2.5618,10.6015,1597,1695.01
32540,0.1676,2.6959,10.3034,1621,1695.01
32545,-1.1313,1.7597,11.0157,1609,1695.01
32550,-0.3759,0.4824,11.157,1629,1695.01
32555,-1.4928,-0.0455,11.1007,1599,1695.01
32560,-1.5215,1.3743,11.1678,1596,1695.06
32565,-1.8818,1.9106,10.2927,1598,1695.06
32570,-0.346,2.5714,10.5225,1599,1695.06
32575,0.5638,2.6827,10.2891,1592,1695.06
32580,-1.1935,2.0004,11.0816,1593,1695.06
32585,-0.3519,0.4812,11.0253,1623,1695.06
32590,-1.4748,0.0575,11.3581,1605,1695.06
32595,-1.5514,1.1169,10.9475,1597,1694.96
32600,-1.6316,1.9836,10.5596,1608,1694.96
32605,-0.7075,2.3918,10.2771,1606,1694.96
32610,0.9038,2.8862,10.3872,1631,1694.96
32615,-1.2594,2.0925,10.8816,1596,1694.96
32620,-0.3567,0.6333,11.1019,1611,1694.96
32625,-1.4246,0.1293,11.473,1595,1694.96
32630,-1.5921,0.814,10.8314,1605,1694.77
32635,-1.4246,2.0039,10.7655,1605,1694.77
32640,-1.0666,2.2793,10.1478,1619,1694.77
32645,1.1875,3.0514,10.6422,1612,1694.77
32650,-1.3539,2.0339,10.562,1619,1694.77
32655,-0.4202,0.8775,11.3246,1620,1694.77
32660,-1.2893,0.0634,11.3174,1599,1694.77
32665,-1.6424,0.7398,10.8816,1605,1694.63
32670,-1.3731,1.8938,10.7404,1607,1694.63
32675,-1.3874,2.2781,10.1574,1613,1694.63
32680,1.4078,3.0658,10.6997,1599,1694.63
32685,-1.3898,2.0159,10.4279,1613,1694.63
32690,-0.5207,0.9912,11.4575,1623,1694.63
32695,-1.1325,-0.0012,11.1294,1619,1694.63
32700,-1.6855,0.7398,11.0875,1615,1694.68
32705,-1.2941,1.7849,10.6315,1610,1694.68
32710,-1.6975,2.3463,10.3011,1614,1694.68
32715,1.4042,2.9449,10.6518,1595,1694.68
32720,-1.4138,2.1249,10.5129,1609,1694.68
32725,-0.6069,1.0127,11.4335,1609,1694.68
32730,-0.9541,0.0527,11.2192,1621,1694.68
32735,-1.7023,0.6393,11.0911,1621,1694.72
32740,-1.2414,1.6472,10.6015,1629,1694.72
32745,-1.9166,2.4289,10.4136,1623,1694.72
32750,1.3731,2.8718,10.4902,1593,1694.72
32755,-1.3994,2.241,10.6195,1595,1694.72
32760,-0.6859,0.9337,11.2348,1607,1694.72
32765,-0.8966,0.1939,11.3294,1607,1694.72
32770,-1.6508,0.3879,10.9176,1611,1694.72
32775,-1.2438,1.7226,10.7488,1612,1694.58
32780,-2.1763,2.3284,10.3022,1621,1694.58
32785,1.2689,2.8431,10.501,1612,1694.58
32790,-1.306,2.2865,10.562,1596,1694.58
32795,-0.7566,1.0247,11.1163,1608,1694.58
32800,-0.7769,0.2322,11.4515,1597,1694.58
32805,-1.6472,0.1772,10.7763,1598,1694.58
32810,-1.233,1.749,10.9966,1605,1694.87
32815,-2.32,2.1931,10.1754,1609,1694.87
32820,1.1241,2.8766,10.641,1607,1694.87
32825,-1.1588,2.2541,10.4184,1588,1694.87
32830,-0.8392,1.2031,11.2144,1625,1694.87
32835,-0.6584,0.17,11.2551,1607,1694.87
32840,-1.6245,0.091,10.8062,1621,1694.87
32845,-1.2522,1.7298,11.0875,1609,1695.01
32850,-2.4469,2.0518,10.1622,1608,1695.01
32855,0.8727,2.8252,10.7619,1599,1695.01
32860,-0.9433,2.2063,10.2544,1593,1695.01
32865,-0.9218,1.4174,11.327,1619,1695.01
32870,-0.565,0.1353,11.0684,1609,1695.01
32875,-1.7107,0.1377,11.0373,1623,1695.01
32880,-1.3228,1.579,10.975,1611,1695.06
32885,-2.3882,2.1464,10.3334,1611,1695.06
32890,0.7039,2.6217,10.586,1611,1695.06
32895,-0.6381,2.3679,10.2604,1599,1695.06
32900,-1.0319,1.5323,11.2719,1606,1695.06
32905,-0.4741,0.1365,11.0361,1609,1695.06
32910,-1.7538,0.1353,11.169,1613,1695.06
32915,-1.4198,1.3898,10.8637,1604,1695.06
32920,-2.2781,2.2458,10.501,1624,1695.06
32925,0.4094,2.4361,10.3992,1607,1695.06
32930,-0.243,2.557,10.4339,1625,1695.06
32935,-1.1468,1.5287,11.0301,1625,1695.06
32940,-0.3795,0.3388,11.1199,1611,1695.06
32945,-1.6568,0.0946,11.0935,1596,1695.06
32950,-1.3994,1.336,10.8182,1605,1695.01
32955,-2.1368,2.1775,10.5285,1597,1695.01
32960,0.0946,2.3511,10.3034,1611,1695.01
32965,0.0299,2.8264,10.6111,1624,1695.01
32970,-1.1708,1.5203,10.8445,1612,1695.01
32975,-0.3484,0.5746,11.297,1629,1695.01
32980,-1.5598,-0.0347,11.0181,1595,1695.01
32985,-1.5107,1.4066,11.0612,1599,1694.87
32990,-1.9345,2.0578,10.3549,1599,1694.87
32995,-0.2107,2.4481,10.4303,1605,1694.87
33000,0.4022,2.8563,10.5393,1611,1694.87
33005,-1.2031,1.6652,10.8326,1599,1694.87
33010,-0.2969,0.5602,11.3162,1625,1694.87
33015,-1.4928,-0.0814,11.0445,1599,1694.87
33020,-1.5311,1.3491,11.2001,1595,1695.11
33025,-1.7717,1.8806,10.313,1605,1695.11
33030,-0.5243,2.5379,10.6039,1597,1695.11
33035,0.7207,2.7665,10.337,1625,1695.11
33040,-1.2306,1.9273,10.9128,1595,1695.11
33045,-0.3687,0.6141,11.1881,1613,1695.11
33050,-1.4066,-0.0144,11.3006,1597,1695.11
33055,-1.5921,1.1432,11.0923,1595,1694.92
33060,-1.6173,1.8375,10.4423,1611,1694.92
33065,-0.8296,2.5474,10.471,1623,1694.92
33070,1.0116,2.8084,10.313,1621,1694.92
33075,-1.2797,2.156,10.9152,1595,1694.92
33080,-0.3699,0.5902,11.0552,1611,1694.92
33085,-1.3348,0.1161,11.3677,1609,1694.92
33090,-1.6316,0.8033,10.8888,1611,1694.92
33095,-1.4269,1.9225,10.7308,1607,1694.92
33100,-1.1384,2.3727,10.2173,1619,1694.92
33105,1.257,3.0047,10.5417,1597,1694.92
33110,-1.3348,2.1775,10.7176,1613,1694.92
33115,-0.4537,0.735,11.1582,1627,1694.92
33120,-1.2629,0.1329,11.4299,1599,1694.92
33125,-1.6101,0.6297,10.8362,1615,1694.96
33130,-1.2881,1.9321,10.8493,1606,1694.96
33135,-1.4425,2.2601,10.0999,1611,1694.96
33140,1.3743,3.1376,10.7703,1592,1694.96
33145,-1.4473,2.0614,10.5213,1609,1694.96
33150,-0.4657,0.9481,11.3796,1619,1694.96
33155,-1.1815,0.0826,11.2923,1623,1694.96
33160,-1.6089,0.5782,10.9044,1613,1694.82
33165,-1.2522,1.7789,10.8565,1627,1694.82
33170,-1.7825,2.2721,10.1598,1627,1694.82
33175,1.3815,3.0622,10.7548,1593,1694.82
33180,-1.4222,2.0375,10.2939,1599,1694.82
33185,-0.5962,1.1325,11.4754,1609,1694.82
33190,-0.9948,0.0611,11.1713,1613,1694.82
33195,-1.6113,0.5411,11.1079,1613,1694.92
33200,-1.245,1.6029,10.6997,1625,1694.92
33205,-1.9992,2.3403,10.3717,1623,1694.92
33210,1.3384,2.8802,10.5824,1606,1694.92
33215,-1.3611,2.1105,10.4423,1595,1694.92
33220,-0.6668,1.1193,11.4036,1608,1694.92
33225,-0.8045,0.1413,11.1546,1598,1694.92
33230,-1.6652,0.4513,11.0433,1605,1694.92
33235,-1.342,1.6077,10.665,1609,1695.11
33240,-2.1871,2.3487,10.4675,1611,1695.11
33245,1.1983,2.7354,10.4327,1605,1695.11
33250,-1.2127,2.3331,10.55,1593,1695.11
33255,-0.8224,1.063,11.1486,1629,1695.11
33260,-0.7266,0.2191,11.3006,1607,1695.11
33265,-1.6759,0.2646,10.9188,1598,1695.11
33270,-1.2941,1.6077,10.7811,1589,1695.39
33275,-2.3008,2.2158,10.386,1605,1695.39
33280,1.0116,2.6899,10.5093,1608,1695.39
33285,-1.0403,2.4098,10.6015,1589,1695.39
33290,-0.9517,1.1504,11.0409,1621,1695.39
33295,-0.6057,0.261,11.3749,1608,1695.39
33300,-1.6257,0.0838,10.7691,1622,1695.39
33305,-1.3132,1.7298,11.0504,1609,1695.39
33310,-2.4122,2.1129,10.252,1599,1695.39
33315,0.7769,2.7569,10.6662,1597,1695.39
33320,-0.7997,2.3691,10.4016,1595,1695.39
33325,-1.0199,1.3599,11.1019,1611,1695.39
33330,-0.4896,0.17,11.2396,1597,1695.39
33335,-1.6664,-0.0048,10.8098,1618,1695.39
33340,-1.312,1.6951,11.084,1609,1695.2
33345,-2.4157,2.0435,10.1658,1621,1695.2
33350,0.5806,2.7342,10.6985,1599,1695.2
33355,-0.5303,2.3451,10.2077,1595,1695.2
33360,-1.0487,1.5694,11.2288,1626,1695.2
33365,-0.419,0.1604,11.0684,1609,1695.2
33370,-1.6867,0.0239,11.0421,1609,1695.2
33375,-1.3827,1.488,10.9882,1600,1694.87
33380,-2.2924,2.1105,10.3106,1615,1694.87
33385,0.3208,2.5594,10.55,1609,1694.87
33390,-0.2717,2.5175,10.2735,1628,1694.87
33395,-1.142,1.7286,11.1306,1612,1694.87
33400,-0.3077,0.2622,11.0097,1623,1694.87
33405,-1.6819,0.0802,11.1929,1595,1694.87
33410,-1.4605,1.2617,10.8996,1605,1694.68
33415,-2.0842,2.2134,10.5872,1607,1694.68
33420,0.0622,2.3463,10.3465,1605,1694.68
33425,0.1448,2.7653,10.5369,1617,1694.68
33430,-1.1995,1.7071,10.9475,1609,1694.68
33435,-0.3112,0.4334,11.1785,1631,1694.68
33440,-1.6041,-0.0108,11.1749,1604,1694.68
33445,-1.4688,1.1791,10.9702,1605,1695.01
33450,-1.9046,2.1201,10.574,1605,1695.01
33455,-0.2274,2.3367,10.2687,1597,1695.01
33460,0.4621,2.9748,10.5967,1607,1695.01
33465,-1.2175,1.6891,10.7344,1597,1695.01
33470,-0.2933,0.7039,11.3258,1622,1695.01
33475,-1.5119,-0.0874,11.0947,1605,1695.01
33480,-1.555,1.2127,11.0947,1595,1695.15
33485,-1.7538,1.9609,10.477,1597,1695.15
33490,-0.5722,2.4205,10.4112,1605,1695.15
33495,0.7721,2.9532,10.5596,1623,1695.15
33500,-1.239,1.828,10.6769,1596,1695.15
33505,-0.34,0.7709,11.3737,1607,1695.15
33510,-1.3994,-0.0886,11.1031,1599,1695.15
33515,-1.6053,1.1995,11.2372,1605,1695.06
33520,-1.5897,1.7777,10.398,1615,1695.06
33525,-0.844,2.5019,10.5034,1619,1695.06
33530,1.0558,2.8599,10.3633,1613,1695.06
33535,-1.3012,2.0794,10.75,1608,1695.06
33540,-0.3855,0.7446,11.151,1619,1695.06
33545,-1.2893,0.0215,11.2551,1597,1695.06
33550,-1.6065,0.9541,11.0528,1605,1694.96
33555,-1.4257,1.7023,10.4986,1607,1694.96
33560,-1.1708,2.5223,10.4698,1615,1694.96
33565,1.2198,2.8647,10.3178,1599,1694.96
33570,-1.3431,2.2936,10.8266,1613,1694.96
33575,-0.4741,0.7242,11.1282,1624,1694.96
33580,-1.2582,0.1161,11.388,1618,1694.96
33585,-1.5646,0.6656,10.8745,1611,1694.87
33590,-1.3001,1.8256,10.7308,1609,1694.87
33595,-1.4162,2.3762,10.2604,1611,1694.87
33600,1.3372,3.0251,10.5417,1578,1694.87
33605,-1.3443,2.2817,10.6686,1609,1694.87
33610,-0.5136,0.8176,11.1953,1613,1694.87
33615,-1.1468,0.1867,11.4443,1619,1694.87
33620,-1.5622,0.4274,10.8146,1613,1695.54
33625,-1.2917,1.8854,10.9307,1627,1695.54
33630,-1.7274,2.235,10.1598,1620,1695.54
33635,1.3467,3.1005,10.7488,1597,1695.54
33640,-1.385,2.1356,10.4124,1595,1695.54
33645,-0.5842,1.0271,11.3437,1608,1695.54
33650,-0.9816,0.0874,11.2049,1608,1695.54
33655,-1.5981,0.3855,10.8912,1609,1695.54
33660,-1.2977,1.7885,10.8936,1619,1695.11
33665,-2.0099,2.2266,10.2029,1619,1695.11
33670,1.2749,3.0347,10.7404,1615,1695.11
33675,-1.306,2.1045,10.2927,1595,1695.11
33680,-0.741,1.1887,11.4539,1605,1695.11
33685,-0.7961,0.0994,11.1175,1599,1695.11
33690,-1.6795,0.4058,11.0564,1603,1695.11
33695,-1.2905,1.6556,10.7164,1607,1694.92
33700,-2.1679,2.2829,10.3657,1606,1694.92
33705,1.1552,2.7904,10.5644,1613,1694.92
33710,-1.1325,2.1859,10.3525,1583,1694.92
33715,-0.8823,1.2366,11.3413,1625,1694.92
33720,-0.5914,0.1257,11.1342,1605,1694.92
33725,-1.7526,0.3603,11.1055,1623,1694.92
33730,-1.312,1.5443,10.6817,1606,1694.63
33735,-2.2913,2.2769,10.4639,1609,1694.63
33740,0.9744,2.6564,10.4016,1605,1694.63
33745,-0.9589,2.3966,10.5752,1591,1694.63
33750,-1.0104,1.2546,11.0899,1618,1694.63
33755,-0.5076,0.2346,11.3006,1611,1694.63
33760,-1.7514,0.1269,10.963,1624,1694.63
33765,-1.3132,1.5694,10.8577,1611,1694.44
33770,-2.375,2.2218,10.3477,1611,1694.44
33775,0.7626,2.6312,10.4411,1598,1694.44
33780,-0.7123,2.49,10.5896,1599,1694.44
33785,-1.0726,1.3072,10.9966,1607,1694.44
33790,-0.4453,0.2993,11.3796,1611,1694.44
33795,-1.6795,-0.0263,10.8014,1613,1694.44
33800,-1.3467,1.6197,11.0828,1607,1694.01
33805,-2.3667,2.1057,10.246,1618,1694.01
33810,0.4776,2.6695,10.6243,1607,1694.01
33815,-0.4848,2.4972,10.4112,1618,1694.01
33820,-1.1001,1.4808,11.0468,1621,1694.01
33825,-0.3962,0.2717,11.2719,1610,1694.01
33830,-1.6436,-0.0467,10.9271,1595,1694.01
33835,-1.3551,1.5215,11.169,1605,1694.1
33840,-2.2781,2.0027,10.1885,1609,1694.1
33845,0.2682,2.6013,10.6398,1608,1694.1
33850,-0.1389,2.5271,10.2532,1623,1694.1
33855,-1.1181,1.7418,11.1785,1615,1694.1
33860,-0.3484,0.2861,11.0768,1631,1694.1
33865,-1.634,-0.0204,11.1881,1587,1694.1
33870,-1.4305,1.3515,10.981,1604,1694.34
33875,-2.0458,2.0674,10.3944,1599,1694.34
33880,-0.0299,2.4373,10.4914,1607,1694.34
33885,0.2203,2.6935,10.2699,1611,1694.34
33890,-1.1851,1.8783,11.0792,1589,1694.34
33895,-0.3352,0.4776,11.0744,1622,1694.34
33900,-1.5933,0.0335,11.2623,1604,1694.34
33905,-1.47,1.172,10.8876,1603,1694.72
33910,-1.816,2.1392,10.5896,1599,1694.72
33915,-0.3208,2.3511,10.2855,1598,1694.72
33920,0.5507,2.9305,10.4842,1627,1694.72
33925,-1.2306,1.8471,10.8445,1597,1694.72
33930,-0.3017,0.6572,11.242,1619,1694.72
33935,-1.5467,0.0,11.2264,1599,1694.72
33940,-1.5586,1.1025,10.9403,1605,1694.96
33945,-1.6113,2.0387,10.6829,1611,1694.96
33950,-0.6536,2.3056,10.222,1621,1694.96
33955,0.8607,3.0442,10.6698,1607,1694.96
33960,-1.2617,1.8471,10.6039,1597,1694.96
33965,-0.3196,0.8487,11.4,1609,1694.96
33970,-1.3527,-0.0527,11.1558,1597,1694.96
33975,-1.5359,0.9924,11.0732,1608,1695.06
33980,-1.47,1.8064,10.5584,1609,1695.06
33985,-0.9804,2.4277,10.3382,1619,1695.06
33990,1.1396,3.0023,10.6207,1607,1695.06
33995,-1.336,1.9656,10.5884,1611,1695.06
34000,-0.3962,0.8727,11.3713,1625,1695.06
34005,-1.2893,-0.0263,11.1869,1605,1695.06
34010,-1.5862,0.9433,11.1773,1613,1695.35
34015,-1.4066,1.6496,10.4986,1607,1695.35
34020,-1.239,2.4816,10.4459,1609,1695.35
34025,1.2893,2.8683,10.4878,1595,1695.35
34030,-1.3623,2.2015,10.7188,1611,1695.35
34035,-0.4896,0.7769,11.2336,1619,1695.35
34040,-1.1313,0.1018,11.3306,1624,1695.35
34045,-1.6604,0.7434,11.0265,1618,1695.01
34050,-1.3336,1.6855,10.5417,1627,1695.01
34055,-1.5227,2.4828,10.4052,1621,1695.01
34060,1.3012,2.8383,10.4507,1595,1695.01
34065,-1.3264,2.3367,10.72,1595,1695.01
34070,-0.6237,0.7841,11.1294,1611,1695.01
34075,-1.0582,0.2191,11.4658,1613,1695.01
34080,-1.6113,0.4286,10.817,1613,1694.53
34085,-1.2881,1.8064,10.835,1619,1694.53
34090,-1.8447,2.2565,10.2029,1613,1694.53
34095,1.3024,2.9784,10.5824,1611,1694.53
34100,-1.2977,2.2924,10.5608,1595,1694.53
34105,-0.7314,0.9553,11.133,1605,1694.53
34110,-0.8751,0.2035,11.4694,1597,1694.53
34115,-1.6352,0.2191,10.7691,1598,1694.53
34120,-1.1935,1.8615,11.0169,1608,1694.68
34125,-2.1213,2.1524,10.1119,1609,1694.68
34130,1.2258,3.0406,10.7595,1611,1694.68
34135,-1.2857,2.1356,10.3525,1593,1694.68
34140,-0.7985,1.221,11.4419,1626,1694.68
34145,-0.7147,0.1149,11.2336,1607,1694.68
34150,-1.7095,0.2263,10.8637,1599,1694.68
34155,-1.2127,1.7909,10.9092,1598,1694.68
34160,-2.3403,2.138,10.2077,1605,1694.68
34165,1.1073,2.9054,10.7883,1608,1694.68
34170,-1.1456,2.1296,10.2424,1589,1694.68
34175,-0.905,1.4246,11.4311,1621,1694.68
34180,-0.5878,0.0024,11.0229,1607,1694.68
34185,-1.7765,0.2813,11.0109,1623,1694.68
34190,-1.2546,1.567,10.7595,1611,1694.58
34195,-2.3954,2.2553,10.41,1605,1694.58
34200,0.9062,2.648,10.5117,1597,1694.58
34205,-0.9457,2.247,10.4064,1593,1694.58
34210,-1.0008,1.3791,11.2348,1611,1694.58
34215,-0.5124,0.1568,11.0995,1608,1694.58
34220,-1.7753,0.2191,11.0732,1619,1694.58
34225,-1.2785,1.4724,10.7607,1606,1694.39
34230,-2.411,2.3104,10.4567,1623,1694.39
34235,0.7242,2.5079,10.3872,1605,1694.39
34240,-0.65,2.5391,10.586,1606,1694.39
34245,-1.0319,1.397,11.0349,1611,1694.39
34250,-0.3807,0.316,11.3138,1611,1694.39
34255,-1.7131,0.0491,10.9702,1609,1694.39
34260,-1.3695,1.4401,10.9164,1604,1694.2
34265,-2.314,2.1703,10.3741,1613,1694.2
34270,0.4178,2.4505,10.4411,1609,1694.2
34275,-0.3615,2.6396,10.5213,1627,1694.2
34280,-1.1049,1.403,10.8864,1620,1694.2
34285,-0.3962,0.4776,11.3521,1623,1694.2
34290,-1.6101,-0.0814,10.8948,1597,1694.2
34295,-1.4114,1.5299,11.1737,1604,1694.39
34300,-2.1799,2.0423,10.2627,1605,1694.39
34305,0.1688,2.5474,10.6171,1606,1694.39
34310,-0.0263,2.6635,10.3489,1619,1694.39
34315,-1.154,1.6568,10.9499,1605,1694.39
34320,-0.3675,0.4776,11.2348,1623,1694.39
34325,-1.573,-0.0551,10.9846,1597,1694.39
34330,-1.5071,1.4473,11.2097,1595,1694.15
34335,-1.9848,1.9022,10.2975,1606,1694.15
34340,-0.1197,2.5786,10.6183,1604,1694.15
34345,0.3627,2.6815,10.2149,1595,1694.15
34350,-1.1732,1.8794,11.048,1596,1694.15
34355,-0.3915,0.4824,11.1019,1620,1694.15
34360,-1.5574,0.0024,11.224,1605,1694.15
34365,-1.5431,1.2294,11.0433,1593,1693.81
34370,-1.7549,1.9501,10.4232,1608,1693.81
34375,-0.4741,2.4708,10.5177,1620,1693.81
34380,0.723,2.8144,10.2891,1622,1693.81
34385,-1.2163,2.0482,11.0145,1594,1693.81
34390,-0.34,0.577,11.0181,1608,1693.81
34395,-1.4808,0.0682,11.4215,1597,1693.81
34400,-1.5371,1.0044,10.8996,1605,1694.01
34405,-1.5347,2.0363,10.7129,1611,1694.01
34410,-0.808,2.3966,10.1993,1618,1694.01
34415,1.0355,2.97,10.5692,1609,1694.01
34420,-1.2725,1.9764,10.7536,1615,1694.01
34425,-0.395,0.7015,11.1857,1624,1694.01
34430,-1.3288,0.0311,11.3665,1603,1694.01
34435,-1.5479,0.8224,10.8433,1609,1694.01
34440,-1.397,1.998,10.7512,1605,1694.01
34445,-1.1839,2.3403,10.1897,1613,1694.01
34450,1.1947,3.0538,10.7703,1595,1694.01
34455,-1.3264,2.0207,10.4734,1611,1694.01
34460,-0.5064,0.899,11.3629,1619,1694.01
34465,-1.1744,0.0527,11.2252,1623,1694.01
34470,-1.6388,0.7506,11.0145,1608,1693.96
34475,-1.3396,1.7729,10.6913,1627,1693.96
34480,-1.4748,2.3691,10.2532,1625,1693.96
34485,1.3803,2.976,10.647,1596,1693.96
34490,-1.3563,2.0913,10.4232,1604,1693.96
34495,-0.5938,0.9996,11.3701,1611,1693.96
34500,-1.0343,0.0587,11.1761,1605,1693.96
34505,-1.6987,0.656,11.084,1615,1693.81
34510,-1.3001,1.67,10.5872,1627,1693.81
34515,-1.7837,2.4122,10.3729,1619,1693.81
34520,1.4222,2.8611,10.4806,1609,1693.81
34525,-1.3539,2.2541,10.5608,1595,1693.81
34530,-0.6967,0.9637,11.242,1598,1693.81
34535,-0.8475,0.1305,11.3162,1599,1693.81
34540,-1.7274,0.4381,10.9738,1603,1693.81
34545,-1.2222,1.6927,10.6662,1611,1694.01
34550,-2.0219,2.3643,10.3609,1609,1694.01
34555,1.2725,2.8192,10.4938,1613,1694.01
34560,-1.2677,2.3224,10.6626,1593,1694.01
34565,-0.7877,1.0259,11.1797,1627,1694.01
34570,-0.7578,0.2298,11.4203,1607,1694.01
34575,-1.6795,0.1796,10.8362,1599,1694.01
34580,-1.2342,1.743,10.908,1596,1694.2
34585,-2.2781,2.2015,10.2292,1605,1694.2
34590,1.1205,2.8778,10.586,1607,1694.2
34595,-1.1995,2.2913,10.4854,1590,1694.2
34600,-0.8715,1.2031,11.151,1627,1694.2
34605,-0.6309,0.1975,11.3521,1607,1694.2
34610,-1.6915,0.0515,10.7739,1624,1694.2
34615,-1.245,1.7585,11.084,1611,1694.15
34620,-2.4146,2.1057,10.1359,1599,1694.15
34625,0.9409,2.8563,10.7392,1599,1694.15
34630,-0.9912,2.2194,10.2173,1595,1694.15
34635,-0.9481,1.4293,11.2982,1609,1694.15
34640,-0.5662,0.1353,11.0971,1609,1694.15
34645,-1.7035,0.1281,10.8948,1615,1694.15
34650,-1.2797,1.6197,11.0145,1609,1694.34
34655,-2.4517,2.0782,10.2771,1624,1694.34
34660,0.7721,2.6887,10.6446,1606,1694.34
34665,-0.7207,2.3092,10.2424,1607,1694.34
34670,-1.0008,1.5407,11.2611,1625,1694.34
34675,-0.4118,0.1784,11.0289,1609,1694.34
34680,-1.6879,0.158,11.1055,1606,1694.34
34685,-1.4042,1.4664,10.9092,1599,1694.53
34690,-2.3559,2.1943,10.4399,1613,1694.53
34695,0.5136,2.4828,10.4986,1612,1694.53
34700,-0.4142,2.496,10.3513,1627,1694.53
34705,-1.0942,1.5862,11.1402,1615,1694.53
34710,-0.3986,0.3112,11.0768,1624,1694.53
34715,-1.7035,0.0874,11.1654,1595,1694.53
34720,-1.4425,1.3348,10.8014,1598,1694.2
34725,-2.1488,2.241,10.5441,1605,1694.2
34730,0.2406,2.3762,10.3334,1606,1694.2
34735,-0.0359,2.7773,10.5764,1617,1694.2
34740,-1.1744,1.5395,10.9068,1605,1694.2
34745,-0.3855,0.5243,11.3102,1625,1694.2
34750,-1.634,-0.0192,11.1091,1605,1694.2
34755,-1.5155,1.3348,11.0169,1599,1693.43
34760,-1.9968,2.0674,10.4459,1599,1693.43
34765,-0.0874,2.4134,10.3801,1599,1693.43
34770,0.2801,2.8659,10.5967,1599,1693.43
34775,-1.1444,1.6233,10.744,1597,1693.43
34780,-0.3998,0.6357,11.3126,1621,1693.43
34785,-1.5024,-0.1377,10.999,1609,1693.43
34790,-1.5574,1.3695,11.2013,1605,1693.19
34795,-1.804,1.8866,10.3178,1609,1693.19
34800,-0.4681,2.4852,10.5093,1624,1693.19
34805,0.6357,2.8048,10.4148,1620,1693.19
34810,-1.172,1.8986,10.8685,1597,1693.19
34815,-0.3998,0.6416,11.248,1611,1693.19
34820,-1.3719,-0.0838,11.1522,1596,1693.19
34825,-1.5514,1.1923,11.1749,1609,1693.53
34830,-1.6293,1.7861,10.3477,1609,1693.53
34835,-0.7721,2.5606,10.5453,1619,1693.53
34840,0.9768,2.7701,10.3022,1607,1693.53
34845,-1.2175,2.1356,10.9235,1615,1693.53
34850,-0.4441,0.6081,11.0612,1623,1693.53
34855,-1.3264,0.0455,11.4263,1596,1693.53
34860,-1.5897,0.9014,10.9858,1613,1693.53
34865,-1.4389,1.8495,10.5943,1605,1693.53
34870,-1.1061,2.4301,10.3489,1611,1693.53
34875,1.1983,2.8695,10.4363,1593,1693.53
34880,-1.3479,2.2374,10.7883,1610,1693.53
34885,-0.5279,0.6943,11.0792,1614,1693.53
34890,-1.2402,0.1556,11.497,1623,1693.53
34895,-1.64,0.65,10.8038,1620,1693.34
34900,-1.3204,1.8986,10.8864,1627,1693.34
34905,-1.5024,2.2913,10.167,1621,1693.34
34910,1.3539,3.0801,10.6422,1597,1693.34
34915,-1.3671,2.1787,10.5465,1597,1693.34
34920,-0.5866,0.9278,11.2683,1609,1693.34
34925,-1.0594,0.1269,11.3844,1612,1693.34
34930,-1.652,0.4573,10.8026,1613,1693.43
34935,-1.1983,1.8926,10.9331,1623,1693.43
34940,-1.8411,2.2003,10.1071,1622,1693.43
34945,1.397,3.0706,10.7631,1612,1693.43
34950,-1.3874,2.0518,10.2999,1597,1693.43
34955,-0.6883,1.1265,11.4934,1608,1693.43
34960,-0.8775,0.0407,11.139,1605,1693.43
34965,-1.7322,0.4238,11.0026,1597,1693.43
34970,-1.2055,1.7621,10.7368,1609,1693.53
34975,-2.0925,2.2625,10.2831,1609,1693.53
34980,1.3132,2.958,10.653,1613,1693.53
34985,-1.3252,2.1093,10.3238,1592,1693.53
34990,-0.7398,1.1923,11.4539,1625,1693.53
34995,-0.7063,0.0551,11.0959,1608,1693.53
35000,-1.7813,0.4082,11.0816,1617,1693.53
35005,-1.2785,1.5467,10.7153,1599,1693.67
35010,-2.2721,2.3032,10.4387,1605,1693.67
35015,1.1432,2.7294,10.483,1605,1693.67
35020,-1.1791,2.2697,10.4651,1588,1693.67
35025,-0.8655,1.2306,11.2252,1619,1693.67
35030,-0.5962,0.1676,11.2061,1609,1693.67
35035,-1.7286,0.2538,11.0109,1621,1693.67
35040,-1.3012,1.5443,10.8146,1611,1693.67
35045,-2.3774,2.2889,10.4663,1609,1693.67
35050,0.9792,2.642,10.3825,1595,1693.67
35055,-0.9637,2.4026,10.574,1596,1693.67
35060,-0.9493,1.2306,11.0121,1608,1693.67
35065,-0.4836,0.3112,11.2863,1619,1693.67
35070,-1.6951,0.0395,10.8445,1611,1693.67
35075,-1.3563,1.5766,10.9906,1605,1693.77
35080,-2.4253,2.1536,10.2639,1623,1693.77
35085,0.7075,2.66,10.5704,1607,1693.77
35090,-0.6895,2.4517,10.5105,1615,1693.77
35095,-0.9876,1.3431,11.0026,1625,1693.77
35100,-0.4609,0.3304,11.309,1609,1693.77
35105,-1.6388,-0.0371,10.8134,1595,1693.77
35110,-1.3683,1.5718,11.1666,1599,1693.86
35115,-2.3643,2.0231,10.1897,1611,1693.86
35120,0.4645,2.6683,10.7416,1621,1693.86
35125,-0.3974,2.4624,10.325,1625,1693.86
35130,-1.057,1.5658,11.1199,1619,1693.86
35135,-0.4298,0.2789,11.1175,1627,1693.86
35140,-1.6137,0.0239,11.0049,1595,1693.86
35145,-1.4293,1.4832,11.1007,1597,1694.1
35150,-2.2182,2.0339,10.2627,1605,1694.1
35155,0.1748,2.5905,10.6171,1607,1694.1
35160,-0.0311,2.5821,10.2651,1627,1694.1
35165,-1.1265,1.8316,11.1893,1599,1694.1
35170,-0.3639,0.3304,11.0217,1621,1694.1
35175,-1.5933,0.0467,11.2803,1605,1694.1
35180,-1.4461,1.2821,10.9415,1599,1693.96
35185,-1.9932,2.0985,10.495,1598,1693.96
35190,-0.1472,2.3942,10.4088,1599,1693.96
35195,0.3112,2.7749,10.4208,1625,1693.96
35200,-1.2079,1.8172,10.9523,1597,1693.96
35205,-0.3531,0.486,11.1007,1612,1693.96
35210,-1.5718,0.073,11.3078,1605,1693.96
35215,-1.5359,1.1145,10.9068,1592,1693.72
35220,-1.725,2.1057,10.5716,1613,1693.72
35225,-0.4645,2.3415,10.2424,1622,1693.72
35230,0.6979,2.9676,10.5955,1619,1693.72
35235,-1.2139,1.8771,10.744,1597,1693.72
35240,-0.3747,0.7087,11.2707,1612,1693.72
35245,-1.4054,-0.0479,11.2061,1591,1693.72
35250,-1.573,1.0247,10.9559,1608,1693.53
35255,-1.5479,1.962,10.6087,1609,1693.53
35260,-0.832,2.3691,10.2795,1619,1693.53
35265,1.0139,3.0251,10.6674,1591,1693.53
35270,-1.3024,1.9225,10.5788,1615,1693.53
35275,-0.4046,0.8284,11.4168,1624,1693.53
35280,-1.2474,-0.0658,11.1187,1606,1693.53
35285,-1.6412,0.9828,11.1079,1615,1693.53
35290,-1.4114,1.7418,10.5141,1610,1693.53
35295,-1.1624,2.4529,10.3621,1609,1693.53
35300,1.2414,2.9389,10.5381,1595,1693.53
35305,-1.324,2.0997,10.6434,1610,1693.53
35310,-0.4824,0.8547,11.2994,1613,1693.53
35315,-1.0702,0.0455,11.2839,1621,1693.53
35320,-1.7166,0.7745,11.1079,1613,1693.72
35325,-1.342,1.664,10.5536,1627,1693.72
35330,-1.5083,2.4193,10.4196,1620,1693.72
35335,1.3767,2.8419,10.4483,1593,1693.72
35340,-1.3803,2.2793,10.7153,1596,1693.72
35345,-0.589,0.832,11.2228,1609,1693.72
35350,-0.9996,0.1628,11.3904,1609,1693.72
35355,-1.7035,0.4836,10.8912,1609,1693.72
35360,-1.2546,1.7202,10.7176,1618,1693.53
35365,-1.7873,2.3511,10.3022,1619,1693.53
35370,1.3623,2.9365,10.483,1613,1693.53
35375,-1.3551,2.3092,10.6458,1592,1693.53
35380,-0.6297,0.9122,11.084,1608,1693.53
35385,-0.9002,0.1903,11.4479,1605,1693.53
35390,-1.6604,0.2598,10.7859,1599,1693.53
35395,-1.2306,1.8316,10.9607,1607,1693.96
35400,-2.0626,2.1739,10.1155,1609,1693.96
35405,1.2737,3.0634,10.7284,1611,1693.96
35410,-1.3563,2.2242,10.4028,1593,1693.96
35415,-0.7374,1.1157,11.2743,1624,1693.96
35420,-0.7649,0.1472,11.2731,1607,1693.96
35425,-1.67,0.1772,10.8362,1625,1693.96
35430,-1.2055,1.7945,10.999,1611,1694.2
35435,-2.2924,2.1129,10.1263,1605,1694.2
35440,1.1827,2.9592,10.7907,1597,1694.2
35445,-1.2103,2.1117,10.2113,1589,1694.2
35450,-0.8152,1.3587,11.3856,1615,1694.2
35455,-0.6859,0.0587,11.0624,1605,1694.2
35460,-1.7142,0.2227,11.0289,1623,1694.2
35465,-1.257,1.5778,10.9092,1609,1694.29
35470,-2.405,2.1584,10.2747,1613,1694.29
35475,0.9649,2.7282,10.5764,1606,1694.29
35480,-1.0187,2.2051,10.2903,1597,1694.29
35485,-0.9493,1.4234,11.3246,1605,1694.29
35490,-0.5231,0.1161,11.0349,1609,1694.29
35495,-1.7298,0.2167,11.1402,1611,1694.29
35500,-1.3563,1.4042,10.7931,1599,1694.25
35505,-2.399,2.2601,10.5333,1623,1694.25
35510,0.7865,2.5235,10.4172,1607,1694.25
35515,-0.7266,2.4421,10.4615,1620,1694.25
35520,-1.0259,1.4353,11.1067,1623,1694.25
35525,-0.4968,0.2873,11.2013,1607,1694.25
35530,-1.6795,0.1089,11.0265,1597,1694.25
35535,-1.391,1.4066,10.8158,1605,1694.2
35540,-2.2889,2.2601,10.5034,1609,1694.2
35545,0.51,2.4313,10.3573,1606,1694.2
35550,-0.401,2.6516,10.568,1624,1694.2
35555,-1.0846,1.4293,10.9104,1616,1694.2
35560,-0.4429,0.4369,11.3246,1630,1694.2
35565,-1.6233,-0.0646,10.9367,1592,1694.2
35570,-1.4317,1.4234,11.0301,1599,1694.15
35575,-2.1787,2.0877,10.3561,1607,1694.15
35580,0.1724,2.49,10.489,1599,1694.15
35585,-0.0694,2.7485,10.5656,1609,1694.15
35590,-1.142,1.5526,10.89,1597,1694.15
35595,-0.395,0.5207,11.3078,1623,1694.15
35600,-1.5718,-0.1245,10.9008,1605,1694.15
35605,-1.5012,1.4581,11.2192,1599,1694.39
35610,-2.0458,1.9118,10.2125,1607,1694.39
35615,-0.146,2.5438,10.5955,1609,1694.39
35620,0.3292,2.6492,10.3202,1627,1694.39
35625,-1.1528,1.8531,10.9894,1597,1694.39
35630,-0.3531,0.4609,11.1342,1607,1694.39
35635,-1.488,-0.0634,11.163,1598,1694.39
35640,-1.5119,1.2546,11.0911,1596,1694.72
35645,-1.8076,1.9369,10.3382,1610,1694.72
35650,-0.4621,2.5271,10.5297,1620,1694.72
35655,0.6428,2.7725,10.337,1613,1694.72
35660,-1.1696,2.0614,11.0325,1597,1694.72
35665,-0.4298,0.51,11.0157,1611,1694.72
35670,-1.4605,0.0587,11.3964,1595,1694.72
35675,-1.5802,1.0056,10.92,1609,1695.3
35680,-1.634,2.0147,10.6039,1608,1695.3
35685,-0.7829,2.4421,10.2783,1620,1695.3
35690,0.9708,2.9173,10.4483,1607,1695.3
35695,-1.2869,2.1117,10.8314,1611,1695.3
35700,-0.3986,0.6752,11.1091,1619,1695.3
35705,-1.385,0.0802,11.4084,1603,1695.3
35710,-1.6281,0.7781,10.8182,1619,1695.39
35715,-1.3922,2.0027,10.7619,1609,1695.39
35720,-1.1145,2.2577,10.1359,1609,1695.39
35725,1.2474,3.0538,10.7033,1597,1695.39
35730,-1.3503,2.0303,10.5872,1607,1695.39
35735,-0.4118,0.8619,11.3365,1619,1695.39
35740,-1.2007,0.0575,11.3521,1625,1695.39
35745,-1.6424,0.6788,10.9259,1617,1695.25
35750,-1.3001,1.8818,10.75,1631,1695.25
35755,-1.403,2.3164,10.1969,1623,1695.25
35760,1.3443,3.0801,10.7212,1597,1695.25
35765,-1.385,2.0135,10.4339,1599,1695.25
35770,-0.486,1.0247,11.4359,1609,1695.25
35775,-1.0989,0.0132,11.151,1611,1695.25
35780,-1.7047,0.6764,11.0157,1611,1695.59
35785,-1.3024,1.6879,10.6973,1621,1695.59
35790,-1.7107,2.3715,10.3394,1635,1695.59
35795,1.403,2.9951,10.6291,1608,1695.59
35800,-1.4341,2.0722,10.4974,1579,1695.59
35805,-0.5782,1.0271,11.4347,1607,1695.59
35810,-0.9325,0.0527,11.1594,1607,1695.59
35815,-1.7011,0.5459,11.084,1595,1695.59
35820,-1.2725,1.6149,10.6051,1611,1695.63
35825,-1.9273,2.4014,10.4507,1608,1695.63
35830,1.397,2.8491,10.4256,1613,1695.63
35835,-1.3934,2.2889,10.574,1593,1695.63
35840,-0.6788,0.9577,11.218,1627,1695.63
35845,-0.844,0.2047,11.327,1607,1695.63
35850,-1.6735,0.3759,10.9331,1599,1695.63
35855,-1.2917,1.7011,10.7703,1599,1695.54
35860,-2.1249,2.3176,10.3585,1605,1695.54
35865,1.2905,2.7988,10.4375,1608,1695.54
35870,-1.3228,2.3343,10.6267,1590,1695.54
35875,-0.7853,1.0343,11.1127,1637,1695.54
35880,-0.7626,0.2406,11.3713,1608,1695.54
35885,-1.6436,0.1724,10.7631,1622,1695.54
35890,-1.2809,1.7478,10.9511,1613,1695.01
35895,-2.2733,2.0961,10.1586,1597,1695.01
35900,1.075,2.8802,10.6865,1597,1695.01
35905,-1.154,2.217,10.4124,1597,1695.01
35910,-0.8643,1.2306,11.1582,1613,1695.01
35915,-0.6776,0.2011,11.2815,1609,1695.01
35920,-1.6173,0.1245,10.8002,1619,1695.01
35925,-1.3204,1.749,11.0421,1607,1695.06
35930,-2.4134,2.0566,10.0975,1623,1695.06
35935,0.8811,2.8299,10.7117,1603,1695.06
35940,-0.9278,2.2278,10.2568,1599,1695.06
35945,-0.9469,1.4748,11.3353,1628,1695.06
35950,-0.5411,0.1664,11.0995,1611,1695.06
35955,-1.6556,0.1233,11.0014,1607,1695.06
35960,-1.3408,1.5095,10.9295,1607,1695.2
35965,-2.3954,2.1237,10.3561,1617,1695.2
35970,0.6692,2.6336,10.574,1605,1695.2
35975,-0.6249,2.3511,10.3214,1623,1695.2
35980,-1.0918,1.549,11.2671,1615,1695.2
35985,-0.4393,0.1808,11.0277,1622,1695.2
35990,-1.7298,0.1556,11.157,1595,1695.2
35995,-1.4234,1.4102,10.8098,1599,1695.35
36000,-2.2865,2.2182,10.4758,1607,1695.35
36005,0.3974,2.4948,10.404,1607,1695.35
36010,-0.2921,2.5965,10.4758,1621,1695.35
36015,-1.1313,1.5814,11.0313,1610,1695.35
36020,-0.3843,0.34,11.1414,1625,1695.35
36025,-1.6915,0.0491,11.133,1596,1695.35
36030,-1.4497,1.2989,10.8661,1599,1695.83
36035,-2.0985,2.1895,10.5584,1599,1695.83
36040,0.1736,2.3715,10.2855,1607,1695.83
36045,0.0239,2.794,10.6111,1609,1695.83
36050,-1.1971,1.5359,10.8553,1599,1695.83
36055,-0.3148,0.5148,11.2946,1621,1695.83
36060,-1.5383,-0.0383,10.9738,1603,1695.83
36065,-1.4808,1.3491,11.0612,1597,1695.97
36070,-1.9932,2.0698,10.3968,1605,1695.97
36075,-0.1568,2.4732,10.4256,1613,1695.97
36080,0.3627,2.8395,10.5285,1627,1695.97
36085,-1.2067,1.6185,10.8098,1597,1695.97
36090,-0.3352,0.6548,11.3437,1609,1695.97
36095,-1.5431,-0.1137,10.999,1595,1695.97
36100,-1.5694,1.3443,11.1546,1603,1695.92
36105,-1.8711,1.9333,10.2927,1611,1695.92
36110,-0.407,2.5355,10.562,1619,1695.92
36115,0.6644,2.7809,10.3453,1607,1695.92
36120,-1.1923,1.9225,10.8673,1608,1695.92
36125,-0.3304,0.5914,11.2144,1613,1695.92
36130,-1.4293,-0.0622,11.1869,1597,1695.92
36135,-1.5826,1.1528,11.1067,1606,1695.83
36140,-1.6257,1.8483,10.4208,1606,1695.83
36145,-0.7278,2.4983,10.5153,1613,1695.83
36150,0.9708,2.7976,10.337,1604,1695.83
36155,-1.2989,2.1129,10.9906,1615,1695.83
36160,-0.3615,0.6165,11.0995,1625,1695.83
36165,-1.4186,0.0826,11.376,1603,1695.83
36170,-1.5814,0.8643,10.9212,1615,1695.87
36175,-1.4485,1.8926,10.6722,1605,1695.87
36180,-1.0355,2.387,10.3286,1608,1695.87
36185,1.1875,2.976,10.4471,1595,1695.87
36190,-1.3192,2.15,10.8074,1611,1695.87
36195,-0.3675,0.7171,11.1019,1617,1695.87
36200,-1.336,0.1077,11.4203,1623,1695.87
36205,-1.5778,0.6464,10.8374,1615,1695.78
36210,-1.3312,1.8974,10.817,1624,1695.78
36215,-1.3599,2.2841,10.1359,1625,1695.78
36220,1.3695,3.0933,10.6662,1597,1695.78
36225,-1.4042,2.0542,10.5884,1599,1695.78
36230,-0.4178,0.911,11.3234,1611,1695.78
36235,-1.1971,0.1053,11.297,1612,1695.78
36240,-1.585,0.6105,10.8469,1621,1695.73
36245,-1.257,1.8411,10.8362,1623,1695.73
36250,-1.6269,2.2565,10.1801,1619,1695.73
36255,1.4246,3.0754,10.7464,1610,1695.73
36260,-1.3719,1.9884,10.3944,1594,1695.73
36265,-0.5459,1.0726,11.5053,1604,1695.73
36270,-1.0534,0.0622,11.1043,1593,1695.73
36275,-1.6412,0.5974,11.1127,1597,1695.73
36280,-1.2917,1.6556,10.659,1611,1695.83
36285,-1.8651,2.3343,10.398,1607,1695.83
36290,1.3791,2.9233,10.6279,1615,1695.83
36295,-1.3719,2.1225,10.4483,1593,1695.83
36300,-0.6716,1.0666,11.3988,1627,1695.83
36305,-0.8966,0.103,11.1366,1607,1695.83
36310,-1.6233,0.5375,11.0935,1599,1695.83
36315,-1.3012,1.6029,10.6291,1597,1695.63
36320,-2.0351,2.3762,10.4076,1605,1695.63
36325,1.2534,2.7665,10.4579,1609,1695.63
36330,-1.2773,2.2853,10.55,1591,1695.63
36335,-0.7985,1.0822,11.1666,1623,1695.63
36340,-0.747,0.1915,11.2851,1611,1695.63
36345,-1.6568,0.2765,10.9559,1623,1695.63
36350,-1.3491,1.6149,10.7703,1613,1695.25
36355,-2.1811,2.3176,10.4064,1607,1695.25
36360,1.0702,2.7569,10.4279,1605,1695.25
36365,-1.0989,2.3403,10.6518,1594,1695.25
36370,-0.9206,1.1037,11.0421,1613,1695.25
36375,-0.6692,0.2658,11.3342,1609,1695.25
36380,-1.6807,0.097,10.7763,1615,1695.25
36385,-1.3084,1.7741,11.0169,1608,1695.39
36390,-2.3367,2.0961,10.155,1625,1695.39
36395,0.8882,2.7904,10.562,1597,1695.39
36400,-0.8906,2.3571,10.4052,1607,1695.39
36405,-0.9924,1.318,11.1235,1627,1695.39
36410,-0.5207,0.231,11.3437,1607,1695.39
36415,-1.6783,0.0108,10.8158,1609,1695.39
36420,-1.3252,1.725,11.0612,1599,1695.78
36425,-2.4014,2.0267,10.1957,1615,1695.78
36430,0.656,2.7521,10.6757,1607,1695.78
36435,-0.6812,2.3008,10.2747,1624,1695.78
36440,-1.0439,1.5215,11.2827,1621,1695.78
36445,-0.4274,0.1724,11.1414,1621,1695.78
36450,-1.6951,0.0527,10.9607,1595,1695.78
36455,-1.3635,1.5407,10.9571,1598,1696.02
36460,-2.3631,2.0674,10.2879,1608,1696.02
36465,0.4298,2.6336,10.5943,1607,1696.02
36470,-0.4046,2.393,10.2771,1621,1696.02
36475,-1.1061,1.6305,11.2587,1610,1696.02
36480,-0.3819,0.2059,11.0026,1627,1696.02
36485,-1.7131,0.1101,11.1989,1599,1696.02
36490,-1.4006,1.3264,10.8685,1607,1696.02
36495,-2.1859,2.2302,10.5117,1598,1696.02
36500,0.2466,2.4301,10.404,1603,1696.02
36505,-0.0491,2.6312,10.4208,1609,1696.02
36510,-1.1492,1.646,11.0516,1605,1696.02
36515,-0.3124,0.3807,11.1354,1611,1696.02
36520,-1.6855,0.0515,11.1905,1599,1696.02
36525,-1.47,1.2378,10.8577,1597,1695.78
36530,-2.0123,2.2386,10.5836,1605,1695.78
36535,-0.0479,2.2948,10.2364,1608,1695.78
36540,0.2286,2.8611,10.6075,1628,1695.78
36545,-1.1576,1.5646,10.8182,1595,1695.78
36550,-0.316,0.6381,11.3425,1611,1695.78
36555,-1.5981,-0.0551,11.0875,1603,1695.78
36560,-1.5431,1.2594,11.0217,1599,1695.73
36565,-1.8447,2.0698,10.4962,1612,1695.73
36570,-0.3603,2.3607,10.422,1621,1695.73
36575,0.5279,2.8922,10.5596,1615,1695.73
36580,-1.3695,2.0243,10.6099,1605,1695.73
36585,-0.4286,0.9146,11.3509,1614,1695.73
36590,-1.4533,-0.1041,11.0337,1598,1695.73
36595,-1.6568,0.8619,11.1354,1605,1695.78
36600,-1.3815,1.6664,10.4794,1607,1695.78
36605,-1.4102,2.4948,10.4256,1613,1695.78
36610,1.3527,2.8886,10.41,1608,1695.78
36615,-1.421,2.2098,10.72,1613,1695.78
36620,-0.5148,0.8464,11.2061,1625,1695.78
36625,-1.0989,0.1365,11.315,1607,1695.78
36630,-1.6305,0.6057,11.0277,1619,1695.59
36635,-1.2821,1.7166,10.6925,1605,1695.59
36640,-1.6939,2.4385,10.3358,1608,1695.59
36645,1.3599,2.9197,10.495,1598,1695.59
36650,-1.3695,2.3044,10.7224,1609,1695.59
36655,-0.5495,0.8631,11.1318,1621,1695.59
36660,-1.0319,0.1951,11.461,1625,1695.59
36665,-1.6077,0.3723,10.817,1619,1695.44
36670,-1.2653,1.8208,10.8972,1627,1695.44
36675,-1.9273,2.235,10.1646,1623,1695.44
36680,1.3264,2.9939,10.6434,1597,1695.44
36685,-1.3156,2.2362,10.5608,1598,1695.44
36690,-0.68,1.0175,11.2587,1613,1695.44
36695,-0.8607,0.152,11.333,1611,1695.44
36700,-1.5694,0.243,10.7835,1605,1695.63
36705,-1.2462,1.8244,11.0133,1623,1695.63
36710,-2.1584,2.1476,10.1143,1622,1695.63
36715,1.1899,2.9772,10.7524,1609,1695.63
36720,-1.2115,2.1237,10.3262,1597,1695.63
36725,-0.8128,1.2845,11.3701,1611,1695.63
36730,-0.747,0.1389,11.1582,1596,1695.63
36735,-1.6496,0.237,11.0038,1597,1695.63
36740,-1.2773,1.6867,10.8541,1611,1695.78
36745,-2.2637,2.1644,10.3166,1607,1695.78
36750,1.0439,2.8695,10.7117,1613,1695.78
36755,-1.0283,2.1261,10.2556,1596,1695.78
36760,-0.9194,1.3958,11.3808,1617,1695.78
36765,-0.5674,0.085,11.0492,1609,1695.78
36770,-1.6747,0.2682,11.0756,1589,1695.78
36775,-1.2881,1.5227,10.7607,1596,1695.35
36780,-2.3355,2.2709,10.501,1605,1695.35
36785,0.814,2.6504,10.4507,1608,1695.35
36790,-0.8021,2.3643,10.4375,1595,1695.35
36795,-1.0307,1.4114,11.1929,1624,1695.35
36800,-0.4477,0.1772,11.1558,1609,1695.35
36805,-1.7286,0.1448,11.078,1623,1695.35
36810,-1.3611,1.4736,10.744,1609,1695.39
36815,-2.3391,2.2685,10.5297,1604,1695.39
36820,0.6009,2.5031,10.4028,1599,1695.39
36825,-0.5387,2.5666,10.5776,1597,1695.39
36830,-1.1169,1.3862,10.9834,1609,1695.39
36835,-0.4106,0.3208,11.3138,1609,1695.39
36840,-1.6759,-0.0192,10.9822,1615,1695.39
36845,-1.4114,1.4784,10.993,1607,1695.83
36850,-2.2517,2.1847,10.3908,1619,1695.83
36855,0.328,2.5199,10.4866,1606,1695.83
36860,-0.3184,2.6624,10.5165,1605,1695.83
36865,-1.1492,1.4557,10.8948,1627,1695.83
36870,-0.3328,0.4322,11.3581,1610,1695.83
36875,-1.5993,-0.0862,10.8685,1607,1695.83
36880,-1.4066,1.4856,11.1342,1599,1696.02
36885,-2.1847,2.0039,10.2615,1617,1696.02
36890,0.1161,2.5606,10.6087,1609,1696.02
36895,-0.0012,2.6217,10.3657,1627,1696.02
36900,-1.1289,1.6759,10.9966,1618,1696.02
36905,-0.3759,0.4477,11.1666,1622,1696.02
36910,-1.5562,-0.0515,11.0133,1598,1696.02
36915,-1.4557,1.4018,11.1725,1597,1696.35
36920,-2.0195,1.986,10.3034,1609,1696.35
36925,-0.1784,2.5343,10.6159,1605,1696.35
36930,0.3172,2.6228,10.2161,1623,1696.35
36935,-1.1791,1.8639,11.0349,1613,1696.35
36940,-0.3699,0.4932,10.9894,1627,1696.35
36945,-1.5694,0.0515,11.2396,1593,1696.35
36950,-1.549,1.16,10.969,1607,1696.3
36955,-1.8016,2.0255,10.5165,1599,1696.3
36960,-0.4118,2.3798,10.4256,1607,1696.3
36965,0.6261,2.8012,10.337,1611,1696.3
36970,-1.2067,1.9632,10.9642,1599,1696.3
36975,-0.3424,0.5926,11.0887,1620,1696.3
36980,-1.5167,0.0467,11.3713,1599,1696.3
36985,-1.5479,0.978,10.8673,1593,1696.16
36990,-1.5886,2.0602,10.6566,1595,1696.16
36995,-0.7051,2.3188,10.2927,1599,1696.16
37000,0.9026,3.0071,10.5465,1627,1696.16
37005,-1.2941,1.9549,10.7308,1597,1696.16
37010,-0.346,0.8033,11.2516,1615,1696.16
37015,-1.4066,-0.0036,11.297,1603,1696.16
37020,-1.5443,0.9301,10.8996,1604,1695.92
37025,-1.4712,1.913,10.6781,1611,1695.92
37030,-1.0116,2.3032,10.2101,1619,1695.92
37035,1.1241,3.0382,10.6829,1619,1695.92
37040,-1.3192,1.9417,10.5357,1595,1695.92
37045,-0.4022,0.9026,11.3701,1615,1695.92
37050,-1.2414,-0.0156,11.2013,1599,1695.92
37055,-1.6041,0.9182,11.0947,1607,1696.45
37060,-1.4545,1.7549,10.562,1611,1696.45
37065,-1.2869,2.4181,10.3561,1619,1696.45
37070,1.2749,2.9377,10.5704,1611,1696.45
37075,-1.3324,2.1117,10.5381,1613,1696.45
37080,-0.4776,0.9361,11.3509,1619,1696.45
37085,-1.0965,0.0395,11.2108,1599,1696.45
37090,-1.5933,0.7793,11.1247,1619,1696.4
37095,-1.3491,1.6173,10.5524,1605,1696.4
37100,-1.5778,2.4517,10.4279,1611,1696.4
37105,1.3408,2.8407,10.4363,1596,1696.4
37110,-1.3563,2.2422,10.6518,1607,1696.4
37115,-0.6153,0.8835,11.2492,1621,1696.4
37120,-0.9852,0.1724,11.376,1624,1696.4
37125,-1.5933,0.5291,11.0217,1617,1696.88
37130,-1.3036,1.6891,10.6039,1625,1696.88
37135,-1.7909,2.4134,10.3573,1626,1696.88
37140,1.342,2.8671,10.5189,1589,1696.88
37145,-1.318,2.3487,10.6877,1607,1696.88
37150,-0.6943,0.8487,11.1247,1612,1696.88
37155,-0.8906,0.2538,11.4754,1619,1696.88
37160,-1.6448,0.2622,10.8086,1613,1697.12
37165,-1.233,1.8172,10.8613,1624,1697.12
37170,-2.0171,2.1955,10.1849,1622,1697.12
37175,1.2785,2.9544,10.6602,1592,1697.12
37180,-1.2665,2.2529,10.5153,1597,1697.12
37185,-0.8104,1.0786,11.1785,1608,1697.12
37190,-0.7757,0.2035,11.3401,1606,1697.12
37195,-1.6855,0.1544,10.8158,1609,1697.12
37200,-1.1971,1.7968,10.987,1612,1697.22
37205,-2.2482,2.0794,10.0676,1615,1697.22
37210,1.1791,2.9676,10.7033,1615,1697.22
37215,-1.1756,2.1416,10.307,1597,1697.22
37220,-0.8511,1.3252,11.3725,1609,1697.22
37225,-0.6428,0.1006,11.1749,1599,1697.22
37230,-1.7131,0.1975,10.9343,1592,1697.22
37235,-1.2115,1.6855,10.9044,1603,1697.31
37240,-2.3882,2.0853,10.24,1609,1697.31
37245,1.0175,2.885,10.7093,1613,1697.31
37250,-1.0666,2.1596,10.2484,1589,1697.31
37255,-0.9409,1.4533,11.4251,1628,1697.31
37260,-0.5387,0.0551,11.0373,1607,1697.31
37265,-1.7897,0.261,11.1342,1619,1697.31
37270,-1.2665,1.4557,10.7416,1594,1697.31
37275,-2.4624,2.2266,10.4507,1605,1697.31
37280,0.8631,2.6145,10.4471,1605,1697.31
37285,-0.8787,2.3559,10.4543,1589,1697.31
37290,-1.0163,1.4042,11.2504,1621,1697.31
37295,-0.4357,0.1879,11.1462,1608,1697.31
37300,-1.7406,0.1963,11.1211,1623,1697.31
37305,-1.3396,1.3815,10.7907,1607,1697.12
37310,-2.4205,2.2913,10.5524,1595,1697.12
37315,0.6823,2.4816,10.41,1605,1697.12
37320,-0.6081,2.5474,10.5608,1596,1697.12
37325,-1.0391,1.3886,11.0504,1611,1697.12
37330,-0.4118,0.3316,11.2743,1610,1697.12
37335,-1.6723,0.0371,10.9223,1612,1697.12
37340,-1.3922,1.4234,10.9499,1599,1697.22
37345,-2.3008,2.211,10.3441,1622,1697.22
37350,0.401,2.4732,10.4303,1605,1697.22
37355,-0.3759,2.6564,10.5788,1598,1697.22
37360,-1.057,1.4341,10.8649,1627,1697.22
37365,-0.3508,0.4717,11.3461,1606,1697.22
37370,-1.5742,-0.0838,10.8409,1609,1697.22
37375,-1.4401,1.4952,11.1713,1599,1697.07
37380,-2.2374,1.9836,10.2472,1614,1697.07
37385,0.1544,2.5043,10.6506,1609,1697.07
37390,-0.0886,2.636,10.3549,1626,1697.07
37395,-1.0942,1.6197,10.9726,1617,1697.07
37400,-0.3699,0.4669,11.2228,1623,1697.07
37405,-1.5622,-0.0658,11.0552,1597,1697.07
37410,-1.4533,1.4198,11.1809,1597,1697.12
37415,-2.053,1.9632,10.3094,1609,1697.12
37420,-0.073,2.5295,10.6566,1605,1697.12
37425,0.2622,2.6372,10.2185,1624,1697.12
37430,-1.1408,1.8507,11.0756,1613,1697.12
37435,-0.3579,0.4752,11.0397,1625,1697.12
37440,-1.5275,0.0048,11.2384,1599,1697.12
37445,-1.4664,1.1911,10.9954,1597,1696.78
37450,-1.8423,1.9573,10.4351,1605,1696.78
37455,-0.3412,2.4134,10.489,1599,1696.78
37460,0.5638,2.7677,10.3262,1611,1696.78
37465,-1.2665,2.0255,10.9571,1599,1696.78
37470,-0.3771,0.5411,11.0421,1621,1696.78
37475,-1.4641,0.0958,11.3485,1599,1696.78
37480,-1.5167,1.0534,10.8864,1599,1696.74
37485,-1.6508,2.065,10.6386,1607,1696.74
37490,-0.65,2.3655,10.2651,1599,1696.74
37495,0.8595,2.9604,10.5788,1627,1696.74
37500,-1.2594,1.9561,10.7452,1596,1696.74
37505,-0.3519,0.7195,11.1917,1611,1696.74
37510,-1.3731,0.0299,11.3449,1599,1696.74
37515,-1.5754,0.9218,10.8661,1605,1696.93
37520,-1.4688,1.974,10.7069,1612,1696.93
37525,-0.9565,2.3044,10.1933,1621,1696.93
37530,1.1097,3.0478,10.7153,1620,1696.93
37535,-1.3144,1.9752,10.5381,1597,1696.93
37540,-0.401,0.8715,11.3808,1613,1696.93
37545,-1.239,-0.0299,11.1725,1597,1696.93
37550,-1.6305,0.911,11.0229,1609,1697.31
37555,-1.4066,1.798,10.5836,1611,1697.31
37560,-1.2629,2.3715,10.3202,1619,1697.31
37565,1.318,2.9808,10.6638,1611,1697.31
37570,-1.3084,2.0411,10.5716,1617,1697.31
37575,-0.4872,0.9313,11.3796,1625,1697.31
37580,-1.081,-0.0072,11.1378,1596,1697.31
37585,-1.7071,0.8475,11.1905,1617,1697.7
37590,-1.324,1.6807,10.4746,1607,1697.7
37595,-1.5311,2.4229,10.4172,1615,1697.7
37600,1.4066,2.8671,10.5093,1598,1697.7
37605,-1.3827,2.2075,10.6674,1613,1697.7
37610,-0.5387,0.8811,11.218,1620,1697.7
37615,-1.0056,0.1006,11.3581,1626,1697.7
37620,-1.6843,0.5974,10.9798,1613,1697.6
37625,-1.2522,1.725,10.6374,1621,1697.6
37630,-1.7693,2.3906,10.3358,1623,1697.6
37635,1.4054,2.879,10.4734,1595,1697.6
37640,-1.3946,2.2865,10.7452,1599,1697.6
37645,-0.6381,0.9038,11.1498,1611,1697.6
37650,-0.9134,0.2346,11.4036,1620,1697.6
37655,-1.6759,0.3148,10.7907,1617,1697.74
37660,-1.1995,1.816,10.8613,1625,1697.74
37665,-2.0183,2.241,10.1622,1623,1697.74
37670,1.3922,2.9892,10.6602,1595,1697.74
37675,-1.3874,2.2541,10.5764,1593,1697.74
37680,-0.6859,1.0379,11.2001,1611,1697.74
37685,-0.8703,0.1676,11.376,1609,1697.74
37690,-1.6424,0.164,10.7464,1613,1697.74
37695,-1.2007,1.8292,11.0049,1619,1697.36
37700,-2.2326,2.1308,10.0844,1619,1697.36
37705,1.2701,3.055,10.7619,1620,1697.36
37710,-1.3491,2.1225,10.3214,1595,1697.36
37715,-0.7482,1.2665,11.3509,1609,1697.36
37720,-0.7661,0.1101,11.1797,1599,1697.36
37725,-1.664,0.2454,10.8816,1599,1697.36
37730,-1.2031,1.7274,10.8793,1611,1697.46
37735,-2.375,2.1344,10.1993,1609,1697.46
37740,1.1372,2.8826,10.7643,1613,1697.46
37745,-1.1887,2.1165,10.3094,1590,1697.46
37750,-0.8535,1.3922,11.4586,1627,1697.46
37755,-0.6273,0.0922,11.0361,1607,1697.46
37760,-1.731,0.2873,11.0864,1611,1697.46
37765,-1.3216,1.5431,10.7691,1599,1697.07
37770,-2.3978,2.2505,10.4267,1607,1697.07
37775,0.99,2.6624,10.5752,1605,1697.07
37780,-0.9697,2.2039,10.3657,1587,1697.07
37785,-0.9852,1.4174,11.2611,1623,1697.07
37790,-0.5279,0.2059,11.0732,1609,1697.07
37795,-1.7011,0.2442,11.0947,1623,1697.07
37800,-1.3611,1.4629,10.7105,1611,1696.74
37805,-2.4229,2.2805,10.4938,1583,1696.74
37810,0.7338,2.4852,10.3777,1605,1696.74
37815,-0.7386,2.4696,10.5704,1596,1696.74
37820,-1.0451,1.3384,10.9942,1612,1696.74
37825,-0.5028,0.3484,11.248,1607,1696.74
37830,-1.6508,0.103,10.9595,1623,1696.74
37835,-1.3779,1.5263,10.9714,1607,1697.12
37840,-2.3667,2.1727,10.3956,1623,1697.12
37845,0.5303,2.4995,10.3908,1607,1697.12
37850,-0.4597,2.6037,10.5536,1599,1697.12
37855,-1.0702,1.3838,10.9032,1629,1697.12
37860,-0.4369,0.4322,11.382,1613,1697.12
37865,-1.5862,-0.0335,10.8254,1609,1697.12
37870,-1.4162,1.5311,11.1618,1599,1696.98
37875,-2.2757,2.0255,10.2615,1619,1696.98
37880,0.2298,2.5546,10.5967,1607,1696.98
37885,-0.1508,2.6468,10.4004,1627,1696.98
37890,-1.1085,1.5933,10.9714,1623,1696.98
37895,-0.3867,0.4645,11.2276,1623,1696.98
37900,-1.5622,-0.0371,10.9642,1595,1696.98
37905,-1.4401,1.4664,11.1845,1599,1697.26
37910,-2.0961,1.9453,10.1873,1609,1697.26
37915,-0.0156,2.557,10.6374,1599,1697.26
37920,0.1748,2.5618,10.3022,1627,1697.26
37925,-1.1337,1.8064,11.1426,1617,1697.26
37930,-0.3364,0.3831,11.054,1628,1697.26
37935,-1.5897,0.0395,11.1905,1595,1697.26
37940,-1.5024,1.3276,11.0492,1599,1697.6
37945,-1.9225,2.0171,10.4423,1604,1697.6
37950,-0.2442,2.4505,10.4244,1605,1697.6
37955,0.4812,2.733,10.3453,1613,1697.6
37960,-1.1708,1.9525,11.0145,1597,1697.6
37965,-0.334,0.413,11.0049,1623,1697.6
37970,-1.5299,0.0455,11.3617,1604,1697.6
37975,-1.5203,1.0942,10.8828,1597,1697.84
37980,-1.7394,2.1201,10.6315,1606,1697.84
37985,-0.5578,2.3631,10.24,1599,1697.84
37990,0.7781,2.9269,10.507,1607,1697.84
37995,-1.2773,1.895,10.7955,1595,1697.84
38000,-0.328,0.6464,11.1965,1619,1697.84
38005,-1.4473,0.0192,11.3102,1597,1697.84
38010,-1.5862,1.0068,10.902,1599,1697.7
38015,-1.5419,2.0614,10.7296,1611,1697.7
38020,-0.8332,2.2613,10.1418,1619,1697.7
38025,1.0463,3.0382,10.7009,1625,1697.7
38030,-1.306,1.8842,10.5692,1599,1697.7
38035,-0.3735,0.8535,11.3497,1609,1697.7
38040,-1.3204,-0.0395,11.1809,1607,1697.7
38045,-1.6197,0.972,11.048,1609,1697.55
38050,-1.409,1.8543,10.5848,1599,1697.55
38055,-1.1217,2.3882,10.3094,1615,1697.55
38060,1.2151,2.9951,10.6482,1614,1697.55
38065,-1.3791,1.9668,10.5249,1615,1697.55
38070,-0.4118,0.9409,11.4215,1621,1697.55
38075,-1.1851,0.006,11.1594,1597,1697.55
38080,-1.6149,0.8799,11.0983,1599,1697.26
38085,-1.3539,1.6891,10.471,1605,1697.26
38090,-1.3527,2.4732,10.4148,1613,1697.26
38095,1.3731,2.8778,10.4639,1599,1697.26
38100,-1.3982,2.1416,10.6602,1615,1697.26
38105,-0.4884,0.9062,11.2324,1623,1697.26
38110,-1.1025,0.0575,11.2623,1621,1697.26
38115,-1.6472,0.6871,11.0468,1617,1696.98
38120,-1.3372,1.6628,10.5417,1613,1696.98
38125,-1.6089,2.4469,10.3932,1609,1696.98
38130,1.3695,2.8599,10.4495,1595,1696.98
38135,-1.3755,2.2482,10.7272,1603,1696.98
38140,-0.5567,0.8092,11.1091,1613,1696.98
38145,-1.0391,0.1903,11.4191,1621,1696.98
38150,-1.6424,0.4429,10.8254,1619,1696.93
38155,-1.2701,1.8148,10.7691,1625,1696.93
38160,-1.8399,2.2924,10.2185,1621,1696.93
38165,1.3503,2.9676,10.5536,1595,1696.93
38170,-1.3647,2.2278,10.6422,1599,1696.93
38175,-0.6596,0.9397,11.1642,1611,1696.93
38180,-0.9194,0.1891,11.4251,1611,1696.93
38185,-1.6424,0.255,10.7823,1611,1696.93
38190,-1.2402,1.8842,10.9523,1623,1696.59
38195,-2.0746,2.1763,10.1311,1621,1696.59
38200,1.3096,3.0011,10.7907,1610,1696.59
38205,-1.3288,2.1237,10.3537,1594,1696.59
38210,-0.7135,1.1432,11.3353,1607,1696.59
38215,-0.7997,0.1305,11.2192,1597,1696.59
38220,-1.6376,0.2753,10.8888,1597,1696.59
38225,-1.2641,1.7717,10.9212,1609,1696.69
38230,-2.2374,2.1284,10.1526,1598,1696.69
38235,1.1744,2.9006,10.7931,1615,1696.69
38240,-1.1684,2.0746,10.2316,1594,1696.69
38245,-0.8428,1.3599,11.4311,1623,1696.69
38250,-0.6381,0.1113,11.0361,1609,1696.69
38255,-1.7142,0.2789,11.0816,1603,1696.69
38260,-1.3001,1.5467,10.7823,1588,1696.88
38265,-2.3308,2.2362,10.3848,1606,1696.88
38270,0.9948,2.7031,10.5584,1607,1696.88
38275,-0.9936,2.2266,10.3729,1605,1696.88
38280,-0.9158,1.3563,11.3234,1622,1696.88
38285,-0.486,0.1448,11.0875,1619,1696.88
38290,-1.7298,0.2981,11.0516,1623,1696.88
38295,-1.3336,1.5179,10.7272,1613,1697.5
38300,-2.381,2.2494,10.5453,1606,1697.5
38305,0.8116,2.5367,10.3968,1597,1697.5
38310,-0.7626,2.4457,10.5285,1593,1697.5
38315,-1.0594,1.3144,11.0899,1615,1697.5
38320,-0.4334,0.2251,11.1857,1611,1697.5
38325,-1.6963,0.0982,10.9846,1620,1697.5
38330,-1.3659,1.4868,10.8601,1611,1697.79
38335,-2.3559,2.2182,10.4064,1620,1697.79
38340,0.5878,2.5307,10.3872,1607,1697.79
38345,-0.5543,2.5798,10.5955,1599,1697.79
38350,-1.1037,1.3515,10.8876,1597,1697.79
38355,-0.3663,0.3747,11.315,1609,1697.79
38360,-1.6448,-0.0156,10.835,1613,1697.79
38365,-1.3599,1.5574,11.0385,1599,1696.83
38370,-2.3032,2.0722,10.2807,1621,1696.83
38375,0.3675,2.6037,10.6075,1608,1696.83
38380,-0.3065,2.5821,10.4088,1621,1696.83
38385,-1.1384,1.5335,10.9714,1625,1696.83
38390,-0.3675,0.3496,11.2396,1611,1696.83
38395,-1.6053,-0.0275,10.8745,1595,1696.83
38400,-1.4198,1.4904,11.1701,1605,1696.69
38405,-2.1703,2.0039,10.1981,1613,1696.69
38410,0.0862,2.5774,10.6674,1608,1696.69
38415,0.0227,2.6145,10.2735,1625,1696.69
38420,-1.136,1.7322,11.0792,1614,1696.69
38425,-0.3208,0.3843,11.1091,1627,1696.69
38430,-1.5658,0.0108,11.1199,1595,1696.69
38435,-1.5107,1.318,11.0445,1603,1696.3
38440,-2.0219,2.0446,10.3669,1598,1696.3
38445,-0.1137,2.4816,10.5357,1605,1696.3
38450,0.34,2.6899,10.2604,1615,1696.3
38455,-1.1971,1.8962,11.0624,1599,1696.3
38460,-0.3412,0.4585,11.0145,1623,1696.3
38465,-1.5646,0.0634,11.3641,1605,1696.3
38470,-1.5203,1.1313,10.8996,1604,1695.97
38475,-1.7454,2.0542,10.6135,1607,1695.97
38480,-0.425,2.3583,10.3406,1599,1695.97
38485,0.6249,2.9197,10.4878,1610,1695.97
38490,-1.2605,1.9285,10.8673,1597,1695.97
38495,-0.334,0.6452,11.1426,1620,1695.97
38500,-1.5095,0.0323,11.2946,1599,1695.97
38505,-1.555,0.9732,10.8864,1599,1696.16
38510,-1.6125,2.0291,10.6518,1611,1696.16
38515,-0.7183,2.3188,10.234,1623,1696.16
38520,0.8918,3.0849,10.6626,1623,1696.16
38525,-1.2737,1.8447,10.6111,1600,1696.16
38530,-0.3208,0.8416,11.2899,1609,1696.16
38535,-1.3683,-0.0419,11.212,1598,1696.16
38540,-1.5586,0.9912,10.9666,1608,1696.5
38545,-1.4808,1.8962,10.574,1607,1696.5
38550,-1.0247,2.3798,10.2699,1617,1696.5
38555,1.1181,3.067,10.6243,1613,1696.5
38560,-1.3216,1.9716,10.6039,1619,1696.5
38565,-0.395,0.8894,11.3964,1623,1696.5
38570,-1.2127,-0.0587,11.1498,1595,1696.5
38575,-1.6029,0.9026,11.1366,1609,1696.3
38580,-1.4389,1.6927,10.4543,1605,1696.3
38585,-1.2881,2.4708,10.5105,1612,1696.3
38590,1.2546,2.8479,10.5034,1595,1696.3
38595,-1.3372,2.1165,10.6985,1613,1696.3
38600,-0.48,0.8835,11.2575,1623,1696.3
38605,-1.0487,0.0874,11.2587,1621,1696.3
38610,-1.5897,0.7458,11.0361,1612,1696.54
38615,-1.3659,1.6819,10.5584,1622,1696.54
38620,-1.5383,2.4505,10.4279,1623,1696.54
38625,1.336,2.8383,10.4088,1591,1696.54
38630,-1.3192,2.3104,10.7248,1607,1696.54
38635,-0.5878,0.7817,11.1007,1608,1696.54
38640,-0.9708,0.2107,11.4419,1621,1696.54
38645,-1.6029,0.4609,10.8972,1620,1696.54
38650,-1.3144,1.8112,10.7955,1625,1696.54
38655,-1.7968,2.3571,10.2496,1623,1696.54
38660,1.324,2.9137,10.4818,1596,1696.54
38665,-1.306,2.3128,10.5704,1597,1696.54
38670,-0.6847,0.8871,11.1187,1609,1696.54
38675,-0.9254,0.2203,11.4251,1607,1696.54
38680,-1.6173,0.2646,10.7607,1609,1696.54
38685,-1.2234,1.8399,10.9774,1619,1696.93
38690,-2.0399,2.1105,10.1179,1609,1696.93
38695,1.2629,2.9916,10.7105,1619,1696.93
38700,-1.2977,2.217,10.416,1595,1696.93
38705,-0.7829,1.1325,11.2504,1607,1696.93
38710,-0.7985,0.152,11.2623,1604,1696.93
38715,-1.6604,0.2263,10.8721,1596,1696.93
38720,-1.2043,1.8088,11.0073,1607,1697.02
38725,-2.2601,2.0842,10.1263,1608,1697.02
38730,1.1672,2.9461,10.75,1611,1697.02
38735,-1.172,2.156,10.2484,1589,1697.02
38740,-0.8751,1.3599,11.4203,1627,1697.02
38745,-0.6261,0.103,11.0971,1609,1697.02
38750,-1.737,0.2394,11.0564,1613,1697.02
38755,-1.2091,1.5682,10.8386,1597,1696.4
38760,-2.3415,2.1991,10.337,1605,1696.4
38765,1.0199,2.7617,10.6051,1606,1696.4
38770,-1.0415,2.223,10.3346,1588,1696.4
38775,-1.0092,1.4425,11.3832,1620,1696.4
38780,-0.5435,0.0994,11.0373,1609,1696.4
38785,-1.7382,0.2622,11.054,1621,1696.4
38790,-1.2821,1.4664,10.7476,1611,1696.35
38795,-2.4193,2.2733,10.5022,1606,1696.35
38800,0.8356,2.5355,10.4256,1599,1696.35
38805,-0.8404,2.4397,10.5381,1598,1696.35
38810,-1.0582,1.3719,11.1031,1613,1696.35
38815,-0.4118,0.2322,11.2348,1609,1696.35
38820,-1.7214,0.1065,11.0169,1615,1696.35
38825,-1.3647,1.4126,10.8314,1607,1696.45
38830,-2.326,2.235,10.4531,1625,1696.45
38835,0.6261,2.4888,10.3872,1607,1696.45
38840,-0.5746,2.6001,10.5991,1605,1696.45
38845,-1.0762,1.3563,10.9463,1625,1696.45
38850,-0.3723,0.3759,11.3282,1611,1696.45
38855,-1.6939,0.0084,10.8565,1607,1696.45
38860,-1.4281,1.5,11.0864,1599,1696.35
38865,-2.3068,2.1141,10.2819,1613,1696.35
38870,0.3747,2.5582,10.562,1610,1696.35
38875,-0.3065,2.6336,10.4591,1625,1696.35
38880,-1.0666,1.5538,10.9259,1621,1696.35
38885,-0.401,0.3974,11.3114,1624,1696.35
38890,-1.573,-0.0575,10.8936,1597,1696.35
38895,-1.4054,1.4545,11.2073,1604,1696.54
38900,-2.1967,1.9824,10.2101,1608,1696.54
38905,0.1053,2.5941,10.6698,1605,1696.54
38910,-0.018,2.6288,10.2783,1623,1696.54
38915,-1.154,1.7957,11.0289,1613,1696.54
38920,-0.3867,0.4345,11.1366,1626,1696.54
38925,-1.5467,-0.0335,11.1079,1596,1696.54
38930,-1.4748,1.3312,11.0624,1599,1696.64
38935,-2.0339,1.968,10.3537,1599,1696.64
38940,-0.1544,2.478,10.5764,1599,1696.64
38945,0.3089,2.7557,10.2759,1611,1696.64
38950,-1.1648,1.9597,11.1534,1598,1696.64
38955,-0.3771,0.4741,11.0133,1621,1696.64
38960,-1.5443,0.0048,11.3198,1605,1696.64
38965,-1.4808,1.1265,10.9547,1599,1696.88
38970,-1.8507,2.0339,10.5524,1607,1696.88
38975,-0.4118,2.387,10.3741,1607,1696.88
38980,0.6273,2.8958,10.4399,1627,1696.88
38985,-1.2222,1.9237,10.9487,1595,1696.88
38990,-0.4046,0.6021,11.1175,1614,1696.88
38995,-1.4808,0.0144,11.3102,1598,1696.88
39000,-1.5012,1.002,10.8481,1597,1696.83
39005,-1.6161,2.0279,10.6997,1612,1696.83
39010,-0.7374,2.3499,10.2244,1619,1696.83
39015,0.905,3.0646,10.6722,1613,1696.83
39020,-1.312,1.9094,10.653,1597,1696.83
39025,-0.4154,0.8212,11.3413,1613,1696.83
39030,-1.306,-0.0407,11.2396,1599,1696.83
39035,-1.5742,0.9912,10.9475,1607,1696.98
39040,-1.5,1.9297,10.6183,1609,1696.98
39045,-1.0343,2.375,10.2424,1614,1696.98
39050,1.0977,2.9868,10.6578,1608,1696.98
39055,-1.312,1.9812,10.574,1618,1696.98
39060,-0.4549,0.8906,11.3497,1626,1696.98
39065,-1.2019,0.0048,11.1378,1597,1696.98
39070,-1.6149,0.899,11.0828,1614,1697.17
39075,-1.3791,1.7394,10.4866,1607,1697.17
39080,-1.3372,2.4181,10.398,1613,1697.17
39085,1.3168,2.8958,10.5489,1598,1697.17
39090,-1.3348,2.1069,10.6087,1613,1697.17
39095,-0.5555,0.8715,11.2982,1621,1697.17
39100,-1.0534,0.0539,11.2444,1623,1697.17
39105,-1.6747,0.7254,11.1211,1615,1697.5
39110,-1.3324,1.7119,10.5213,1627,1697.5
39115,-1.5383,2.4481,10.4112,1625,1697.5
39120,1.3743,2.8503,10.3956,1595,1697.5
39125,-1.3479,2.3391,10.7117,1605,1697.5
39130,-0.5782,0.826,11.1582,1611,1697.5
39135,-0.9924,0.1676,11.3892,1619,1697.5
39140,-1.6843,0.4633,10.8577,1612,1697.89
39145,-1.2761,1.81,10.7512,1625,1697.89
39150,-1.8172,2.2709,10.2412,1639,1697.89
39155,1.3946,2.9209,10.5022,1594,1697.89
39160,-1.3707,2.2853,10.6183,1597,1697.89
39165,-0.6812,0.8906,11.1498,1611,1697.89
39170,-0.8859,0.1951,11.4838,1609,1697.89
39175,-1.6628,0.2658,10.7619,1609,1697.89
39180,-1.2043,1.8603,10.9331,1619,1697.41
39185,-2.0782,2.1368,10.082,1614,1697.41
39190,1.3348,3.0263,10.6769,1621,1697.41
39195,-1.318,2.1907,10.404,1593,1697.41
39200,-0.6943,1.1684,11.2923,1596,1697.41
39205,-0.7793,0.1628,11.2623,1599,1697.41
39210,-1.6735,0.2454,10.8409,1599,1697.41
39215,-1.1875,1.7957,11.0073,1606,1696.74
39220,-2.2924,2.0722,10.1215,1607,1696.74
39225,1.2498,2.9844,10.799,1612,1696.74
39230,-1.2402,2.083,10.2412,1591,1696.74
39235,-0.8033,1.3611,11.4646,1627,1696.74
39240,-0.6716,0.0814,11.0959,1611,1696.74
39245,-1.6975,0.2957,11.0468,1618,1696.74
39250,-1.2534,1.5909,10.799,1599,1696.69
39255,-2.3786,2.1787,10.2879,1605,1696.69
39260,1.0965,2.8036,10.6099,1605,1696.69
39265,-1.1061,2.1751,10.3166,1593,1696.69
39270,-0.8894,1.4533,11.3605,1619,1696.69
39275,-0.5614,0.1209,11.0756,1609,1696.69
39280,-1.7059,0.2837,11.1342,1621,1696.69
39285,-1.2677,1.4593,10.7464,1612,1696.74
39290,-2.4169,2.2434,10.5082,1607,1696.74
39295,0.9385,2.5498,10.4088,1599,1696.74
39300,-0.9062,2.3499,10.4902,1596,1696.74
39305,-0.9517,1.3767,11.1259,1609,1696.74
39310,-0.4812,0.2454,11.2144,1611,1696.74
39315,-1.7131,0.1808,11.0552,1613,1696.74
39320,-1.3491,1.4126,10.8134,1607,1696.88
39325,-2.3906,2.2338,10.4052,1623,1696.88
39330,0.6943,2.4337,10.3801,1605,1696.88
39335,-0.6393,2.569,10.6422,1607,1696.88
39340,-1.0319,1.3443,10.9295,1626,1696.88
39345,-0.4585,0.395,11.3605,1610,1696.88
39350,-1.6305,-0.0168,10.8745,1607,1696.88
39355,-1.3551,1.5479,11.0624,1603,1697.02
39360,-2.3284,2.0937,10.2975,1614,1697.02
39365,0.4322,2.5833,10.489,1608,1697.02
39370,-0.4142,2.6085,10.4902,1627,1697.02
39375,-1.0918,1.4688,10.9176,1619,1697.02
39380,-0.4525,0.401,11.2815,1625,1697.02
39385,-1.567,-0.0503,10.914,1598,1697.02
39390,-1.4365,1.5383,11.2324,1598,1697.41
39395,-2.1967,1.9908,10.1897,1612,1697.41
39400,0.1568,2.5762,10.6135,1598,1697.41
39405,-0.0587,2.63,10.2867,1621,1697.41
39410,-1.1121,1.731,11.084,1612,1697.41
39415,-0.4034,0.3843,11.0732,1627,1697.41
39420,-1.5383,-0.018,11.0864,1595,1697.41
39425,-1.4641,1.3671,11.0277,1603,1697.94
39430,-2.0818,1.9501,10.3034,1607,1697.94
39435,-0.1353,2.5247,10.6099,1597,1697.94
39440,0.2454,2.6276,10.2556,1613,1697.94
39445,-1.1875,1.889,11.1666,1599,1697.94
39450,-0.3747,0.3591,11.0097,1624,1697.94
39455,-1.5874,0.0599,11.3114,1597,1697.94
39460,-1.5048,1.1564,10.8673,1597,1698.13
39465,-1.8651,2.1045,10.556,1607,1698.13
39470,-0.3184,2.4038,10.3884,1599,1698.13
39475,0.5662,2.8671,10.4411,1625,1698.13
39480,-1.251,1.901,10.9391,1595,1698.13
39485,-0.3615,0.5854,11.0504,1619,1698.13
39490,-1.4796,0.073,11.309,1597,1698.13
39495,-1.579,1.0894,10.896,1597,1698.32
39500,-1.6484,2.1165,10.7188,1613,1698.32
39505,-0.6165,2.3188,10.2615,1621,1698.32
39510,0.7973,2.9592,10.6554,1623,1698.32
39515,-1.3204,1.8459,10.6422,1597,1698.32
39520,-0.3124,0.7219,11.3114,1609,1698.32
39525,-1.3934,-0.0227,11.2132,1599,1698.32
39530,-1.6005,1.0247,10.981,1609,1698.23
39535,-1.5479,1.9884,10.6231,1609,1698.23
39540,-0.9325,2.3523,10.2723,1617,1698.23
39545,1.1001,3.0239,10.635,1615,1698.23
39550,-1.3372,1.907,10.5668,1615,1698.23
39555,-0.3651,0.8847,11.3461,1625,1698.23
39560,-1.2785,-0.0371,11.1043,1597,1698.23
39565,-1.6987,1.0199,11.1211,1609,1698.03
39570,-1.4078,1.7837,10.4495,1605,1698.03
39575,-1.1564,2.4469,10.4196,1617,1698.03
39580,1.2522,2.8778,10.5153,1605,1698.03
39585,-1.3527,2.0889,10.6865,1614,1698.03
39590,-0.413,0.8045,11.3006,1625,1698.03
39595,-1.16,0.0527,11.2623,1619,1698.03
39600,-1.67,0.8475,11.072,1621,1698.32
39605,-1.3743,1.7083,10.4746,1611,1698.32
39610,-1.3874,2.4445,10.4303,1620,1698.32
39615,1.3623,2.8551,10.3561,1596,1698.32
39620,-1.3743,2.2122,10.7548,1609,1698.32
39625,-0.5088,0.8009,11.1318,1611,1698.32
39630,-1.0774,0.1437,11.4108,1618,1698.32
39635,-1.6388,0.6093,10.9247,1619,1698.13
39640,-1.2869,1.7861,10.7045,1625,1698.13
39645,-1.6472,2.3116,10.2855,1618,1698.13
39650,1.3934,2.9125,10.4459,1595,1698.13
39655,-1.3886,2.2865,10.6362,1595,1698.13
39660,-0.5614,0.8236,11.133,1609,1698.13
39665,-1.0678,0.1293,11.4251,1611,1698.13
39670,-1.6125,0.4166,10.7416,1612,1697.84
39675,-1.2378,1.8579,10.993,1621,1697.84
39680,-1.8603,2.2218,10.1155,1619,1697.84
39685,1.3575,3.0861,10.7093,1595,1697.84
39690,-1.3815,2.1524,10.4447,1599,1697.84
39695,-0.6033,1.0367,11.2911,1607,1697.84
39700,-0.9433,0.146,11.3126,1603,1697.84
39705,-1.6352,0.334,10.8816,1607,1697.84
39710,-1.2378,1.7933,10.9439,1613,1697.94
39715,-2.0734,2.2015,10.1562,1613,1697.94
39720,1.3336,3.0059,10.805,1625,1697.94
39725,-1.3527,2.0853,10.2999,1594,1697.94
39730,-0.7207,1.2402,11.406,1621,1697.94
39735,-0.8475,0.0994,11.1043,1609,1697.94
39740,-1.6412,0.3735,11.0061,1597,1697.94
39745,-1.2905,1.6556,10.8038,1599,1698.03
39750,-2.211,2.2302,10.3034,1608,1698.03
39755,1.2055,2.8264,10.6338,1609,1698.03
39760,-1.1839,2.1272,10.3406,1589,1698.03
39765,-0.8236,1.3024,11.394,1627,1698.03
39770,-0.6847,0.1353,11.0169,1611,1698.03
39775,-1.7083,0.346,11.1139,1621,1698.03
39780,-1.3575,1.5646,10.7248,1612,1698.42
39785,-2.3308,2.247,10.501,1608,1698.42
39790,1.0618,2.6456,10.4734,1605,1698.42
39795,-1.0654,2.3631,10.5058,1593,1698.42
39800,-1.0175,1.2701,11.1773,1619,1698.42
39805,-0.6117,0.2382,11.2061,1613,1698.42
39810,-1.7035,0.2155,10.9978,1621,1698.42
39815,-1.3443,1.5502,10.7823,1609,1698.61
39820,-2.308,2.2278,10.4495,1607,1698.61
39825,0.838,2.5893,10.4531,1595,1698.61
39830,-0.8068,2.4529,10.5536,1600,1698.61
39835,-1.0235,1.2558,11.0169,1609,1698.61
39840,-0.4322,0.34,11.3713,1610,1698.61
39845,-1.6688,0.0778,10.8338,1612,1698.61
39850,-1.403,1.6281,10.9774,1613,1698.99
39855,-2.3571,2.0997,10.2639,1624,1698.99
39860,0.6764,2.6875,10.5369,1605,1698.99
39865,-0.6345,2.4576,10.5177,1606,1698.99
39870,-1.1097,1.3827,11.0612,1626,1698.99
39875,-0.413,0.2933,11.309,1609,1698.99
39880,-1.6819,-0.0275,10.7715,1603,1698.99
39885,-1.3623,1.6197,11.1606,1595,1699.72
39890,-2.3499,1.9968,10.1885,1621,1699.72
39895,0.413,2.6683,10.6757,1611,1699.72
39900,-0.4465,2.4169,10.2699,1625,1699.72
39905,-1.0894,1.5634,11.169,1621,1699.72
39910,-0.3543,0.2298,11.1199,1614,1699.72
39915,-1.6795,0.0335,10.9954,1599,1699.72
39920,-1.3982,1.4497,11.0385,1603,1699.09
39925,-2.247,2.0686,10.2532,1609,1699.09
39930,0.2705,2.5798,10.6255,1609,1699.09
39935,-0.2215,2.5343,10.2484,1623,1699.09
39940,-1.1624,1.7681,11.1606,1613,1699.09
39945,-0.3124,0.2789,10.9894,1623,1699.09
39950,-1.6879,0.097,11.1725,1595,1699.09
39955,-1.4461,1.2761,10.8733,1605,1698.71
39960,-2.1165,2.1189,10.5548,1605,1698.71
39965,0.0419,2.4002,10.4112,1605,1698.71
39970,0.0359,2.7102,10.4028,1616,1698.71
39975,-1.1827,1.7813,11.0301,1591,1698.71
39980,-0.3005,0.4561,11.0672,1625,1698.71
39985,-1.6556,0.0634,11.2575,1604,1698.71
39990,-1.4916,1.2007,10.8338,1599,1698.47
39995,-1.9932,2.2075,10.6542,1607,1698.47
40000,-0.1867,2.308,10.2891,1605,1698.47
40005,0.3519,2.9616,10.5848,1599,1698.47
40010,-1.2079,1.6843,10.8014,1596,1698.47
40015,-0.3005,0.6788,11.2719,1624,1698.47
40020,-1.5574,-0.0192,11.0588,1607,1698.47
40025,-1.5383,1.221,11.0002,1597,1698.18
40030,-1.7502,2.0458,10.5034,1611,1698.18
40035,-0.4513,2.3068,10.3418,1605,1698.18
40040,0.6093,2.9772,10.6422,1625,1698.18
40045,-1.2186,1.7059,10.7045,1597,1698.18
40050,-0.2909,0.7302,11.3868,1611,1698.18
40055,-1.4174,-0.1341,11.0085,1599,1698.18
40060,-1.5107,1.2055,11.1139,1607,1698.23
40065,-1.6987,1.8304,10.3837,1609,1698.23
40070,-0.6931,2.4576,10.4962,1614,1698.23
40075,0.8116,2.879,10.4758,1615,1698.23
40080,-1.2282,1.9597,10.756,1607,1698.23
40085,-0.3543,0.7458,11.2156,1618,1698.23
40090,-1.3491,-0.0682,11.0899,1597,1698.23
40095,-1.573,1.1025,11.1642,1605,1698.03
40100,-1.5921,1.7178,10.398,1607,1698.03
40105,-0.972,2.5283,10.6099,1619,1698.03
40110,1.069,2.7845,10.3513,1607,1698.03
40115,-1.2426,2.1751,10.9044,1613,1698.03
40120,-0.407,0.6883,11.1091,1625,1698.03
40125,-1.2773,0.0898,11.388,1613,1698.03
40130,-1.5502,0.8464,10.9882,1609,1698.23
40135,-1.4688,1.7705,10.5908,1607,1698.23
40140,-1.2222,2.4253,10.392,1611,1698.23
40145,1.2234,2.8994,10.4387,1598,1698.23
40150,-1.2773,2.235,10.8002,1610,1698.23
40155,-0.4752,0.7314,11.0648,1621,1698.23
40160,-1.2294,0.182,11.4922,1624,1698.23
40165,-1.5826,0.6369,10.7871,1623,1698.66
40170,-1.3635,1.895,10.8601,1627,1698.66
40175,-1.4533,2.2242,10.2735,1627,1698.66
40180,1.3372,2.9939,10.6446,1597,1698.66
40185,-1.3396,2.2027,10.5991,1605,1698.66
40190,-0.5459,0.8811,11.2013,1609,1698.66
40195,-1.0846,0.1987,11.3641,1618,1698.66
40200,-1.6053,0.5327,10.8074,1619,1699.04
40205,-1.2653,1.9154,10.9212,1637,1699.04
40210,-1.7705,2.1715,10.0844,1623,1699.04
40215,1.3743,3.0095,10.8038,1593,1699.04
40220,-1.3479,2.0746,10.3777,1597,1699.04
40225,-0.6069,1.0977,11.4371,1607,1699.04
40230,-0.9266,0.1113,11.1582,1608,1699.04
40235,-1.6616,0.5267,10.9666,1608,1699.04
40240,-1.2629,1.7334,10.7416,1619,1698.75
40245,-1.986,2.229,10.246,1615,1698.75
40250,1.3946,2.9161,10.6757,1619,1698.75
40255,-1.2797,2.1177,10.3956,1593,1698.75
40260,-0.7195,1.2031,11.4658,1607,1698.75
40265,-0.8344,0.0766,11.1558,1605,1698.75
40270,-1.7298,0.4453,11.0109,1597,1698.75
40275,-1.2426,1.6664,10.6877,1608,1698.71
40280,-2.1548,2.2865,10.3932,1609,1698.71
40285,1.3156,2.806,10.5297,1612,1698.71
40290,-1.2486,2.2673,10.4842,1581,1698.71
40295,-0.7901,1.1301,11.2228,1627,1698.71
40300,-0.6895,0.1592,11.1893,1611,1698.71
40305,-1.7597,0.2981,10.9654,1605,1698.71
40310,-1.221,1.6065,10.7129,1597,1698.37
40315,-2.296,2.2589,10.3968,1607,1698.37
40320,1.1923,2.7031,10.4818,1609,1698.37
40325,-1.1564,2.3691,10.6075,1589,1698.37
40330,-0.8535,1.1744,11.0744,1624,1698.37
40335,-0.6273,0.3412,11.3964,1612,1698.37
40340,-1.6975,0.1413,10.8469,1621,1698.37
40345,-1.2689,1.6652,10.884,1611,1698.42
40350,-2.4026,2.1272,10.2903,1607,1698.42
40355,1.0116,2.8168,10.55,1597,1698.42
40360,-1.0774,2.314,10.5034,1593,1698.42
40365,-0.8859,1.2522,11.1522,1619,1698.42
40370,-0.5614,0.2251,11.3174,1610,1698.42
40375,-1.6807,0.0862,10.7404,1619,1698.42
40380,-1.2665,1.67,11.0516,1606,1698.56
40385,-2.4696,2.0339,10.2101,1610,1698.56
40390,0.8619,2.7845,10.7236,1607,1698.56
40395,-0.8906,2.2805,10.3011,1609,1698.56
40400,-0.9349,1.5215,11.2049,1607,1698.56
40405,-0.5315,0.17,11.1929,1608,1698.56
40410,-1.6424,0.0958,10.89,1609,1698.56
40415,-1.2833,1.5371,11.0528,1594,1698.47
40420,-2.5163,2.0566,10.2388,1621,1698.47
40425,0.6859,2.6719,10.6985,1607,1698.47
40430,-0.7087,2.3403,10.2316,1615,1698.47
40435,-0.9744,1.6233,11.3018,1623,1698.47
40440,-0.4429,0.1748,11.0289,1611,1698.47
40445,-1.6951,0.1173,11.0804,1596,1698.47
40450,-1.3515,1.391,10.8685,1607,1698.75
40455,-2.3643,2.156,10.4052,1611,1698.75
40460,0.4705,2.4205,10.5489,1613,1698.75
40465,-0.431,2.5402,10.3992,1626,1698.75
40470,-1.0499,1.6712,11.1259,1619,1698.75
40475,-0.4381,0.3148,11.0624,1618,1698.75
40480,-1.64,0.1018,11.1259,1595,1698.75
40485,-1.4174,1.2869,10.8362,1605,1698.99
40490,-2.2434,2.1332,10.5453,1608,1698.99
40495,0.2562,2.3164,10.3573,1606,1698.99
40500,-0.1377,2.7629,10.5357,1621,1698.99
40505,-1.1277,1.6017,10.9176,1607,1698.99
40510,-0.3615,0.4932,11.2348,1627,1698.99
40515,-1.5886,0.0144,11.0014,1597,1698.99
40520,-1.4425,1.3204,10.9223,1597,1699.28
40525,-2.0853,2.0985,10.4555,1598,1699.28
40530,-0.0144,2.3343,10.3609,1599,1699.28
40535,0.1173,2.8922,10.5872,1609,1699.28
40540,-1.1648,1.5909,10.8062,1595,1699.28
40545,-0.3615,0.5974,11.3365,1623,1699.28
40550,-1.5251,-0.1125,10.9535,1605,1699.28
40555,-1.5167,1.3563,11.145,1599,1699.28
40560,-1.9692,1.8783,10.331,1609,1699.28
40565,-0.2514,2.484,10.5536,1605,1699.28
40570,0.4106,2.8012,10.4842,1625,1699.28
40575,-1.1803,1.7657,10.8804,1596,1699.28
40580,-0.3388,0.6297,11.23,1619,1699.28
40585,-1.4497,-0.0946,11.0385,1597,1699.28
40590,-1.5383,1.2845,11.1725,1599,1699.19
40595,-1.8531,1.8196,10.3358,1612,1699.19
40600,-0.5315,2.5187,10.5979,1622,1699.19
40605,0.6536,2.7102,10.3561,1623,1699.19
40610,-1.2222,1.998,10.9523,1597,1699.19
40615,-0.3519,0.5555,11.0887,1612,1699.19
40620,-1.403,0.0371,11.2408,1604,1699.19
40625,-1.5754,1.1301,11.0229,1598,1699.33
40630,-1.634,1.9178,10.4686,1611,1699.33
40635,-0.759,2.4481,10.5046,1618,1699.33
40640,0.8727,2.812,10.3837,1613,1699.33
40645,-1.251,2.1464,10.9415,1615,1699.33
40650,-0.322,0.6069,11.054,1623,1699.33
40655,-1.3862,0.0766,11.4527,1591,1699.33
40660,-1.5682,0.8356,10.8386,1605,1699.19
40665,-1.4605,1.98,10.6973,1605,1699.19
40670,-1.0343,2.2769,10.2304,1615,1699.19
40675,1.1109,3.0059,10.5345,1605,1699.19
40680,-1.3216,2.0865,10.6997,1615,1699.19
40685,-0.3735,0.7913,11.212,1623,1699.19
40690,-1.2977,0.0742,11.3318,1611,1699.19
40695,-1.6221,0.7482,10.7895,1621,1699.38
40700,-1.3384,1.992,10.7895,1607,1699.38
40705,-1.3216,2.235,10.1694,1609,1699.38
40710,1.3228,3.0634,10.7859,1595,1699.38
40715,-1.324,2.0339,10.4591,1599,1699.38
40720,-0.3831,0.9804,11.3964,1618,1699.38
40725,-1.2378,0.0251,11.2288,1625,1699.38
40730,-1.6197,0.7769,10.9774,1623,1699.04
40735,-1.2558,1.7741,10.7356,1629,1699.04
40740,-1.5838,2.2625,10.2436,1625,1699.04
40745,1.4006,3.0143,10.744,1593,1699.04
40750,-1.3862,2.0111,10.4543,1603,1699.04
40755,-0.4645,1.0798,11.3916,1611,1699.04
40760,-1.0606,0.0132,11.1151,1618,1699.04
40765,-1.6364,0.741,11.0911,1619,1698.99
40770,-1.2701,1.6376,10.5596,1625,1698.99
40775,-1.7729,2.393,10.4507,1623,1698.99
40780,1.3838,2.8407,10.507,1595,1698.99
40785,-1.4102,2.1859,10.5836,1597,1698.99
40790,-0.5243,0.9637,11.3066,1609,1698.99
40795,-0.9529,0.1341,11.2432,1605,1698.99
40800,-1.6448,0.5818,10.981,1607,1698.99
40805,-1.2486,1.6568,10.6051,1615,1698.56
40810,-1.9417,2.3427,10.3741,1615,1698.56
40815,1.3838,2.8323,10.4651,1615,1698.56
40820,-1.3635,2.2877,10.7117,1599,1698.56
40825,-0.6381,0.9493,11.1462,1609,1698.56
40830,-0.9397,0.2598,11.4096,1605,1698.56
40835,-1.6221,0.3508,10.7859,1599,1698.56
40840,-1.2342,1.7286,10.8254,1599,1698.66
40845,-2.1129,2.2565,10.2316,1607,1698.66
40850,1.2773,2.8276,10.574,1613,1698.66
40855,-1.3288,2.3224,10.6015,1593,1698.66
40860,-0.729,1.0546,11.1318,1629,1698.66
40865,-0.8164,0.2526,11.3749,1613,1698.66
40870,-1.579,0.1879,10.72,1615,1698.66
40875,-1.2534,1.7837,10.9894,1597,1698.61
40880,-2.2206,2.138,10.0892,1606,1698.61
40885,1.1001,3.0191,10.6482,1605,1698.61
40890,-1.2546,2.3679,10.325,1589,1698.61
40895,-0.8835,1.4473,11.2336,1621,1698.61
40900,-0.923,0.2514,11.1713,1607,1698.61
40905,-1.7166,0.2119,10.7811,1620,1698.61
40910,-1.3012,1.6544,10.9475,1613,1698.75
40915,-2.3786,2.047,10.234,1608,1698.75
40920,1.1516,2.8611,10.8074,1607,1698.75
40925,-1.0068,2.1189,10.3406,1597,1698.75
40930,-0.8607,1.3611,11.4,1605,1698.75
40935,-0.4238,0.0934,11.1079,1613,1698.75
40940,-1.6077,0.2167,11.0564,1621,1698.75
40945,-1.2929,1.4449,10.7308,1609,1698.95
40950,-2.302,2.0638,10.4148,1620,1698.95
40955,0.8416,2.5211,10.5285,1598,1698.95
40960,-0.7745,2.2194,10.4818,1591,1698.95
40965,-0.9337,1.3575,11.3629,1611,1698.95
40970,-0.3962,0.1915,11.0181,1605,1698.95
40975,-1.67,0.3077,11.0875,1609,1698.95
40980,-1.33,1.5179,10.6853,1605,1699.04
40985,-2.5079,2.2637,10.4675,1619,1699.04
40990,0.6393,2.466,10.3561,1611,1699.04
40995,-0.6668,2.5546,10.5608,1620,1699.04
41000,-1.1684,1.3922,10.987,1623,1699.04
41005,-0.4142,0.2717,11.236,1611,1699.04
41010,-1.6867,0.1209,10.9499,1596,1699.04
41015,-1.3563,1.4736,10.8721,1599,1698.71
41020,-2.3296,2.1823,10.4399,1613,1698.71
41025,0.4381,2.466,10.392,1609,1698.71
41030,-0.4429,2.563,10.635,1625,1698.71
41035,-1.1133,1.3886,10.884,1612,1698.71
41040,-0.2705,0.413,11.321,1628,1698.71
41045,-1.6137,-0.0156,10.9104,1594,1698.71
41050,-1.3719,1.4557,11.0636,1599,1698.9
41055,-2.332,2.0123,10.2915,1609,1698.9
41060,0.2514,2.5055,10.5644,1607,1698.9
41065,-0.2777,2.6384,10.4579,1617,1698.9
41070,-1.1624,1.5909,10.9642,1595,1698.9
41075,-0.3352,0.4812,11.2432,1630,1698.9
41080,-1.5359,0.0024,10.9247,1596,1698.9
41085,-1.4569,1.3982,11.1474,1599,1699.09
41090,-2.1895,1.8759,10.2304,1608,1699.09
41095,-0.0096,2.496,10.6686,1599,1699.09
41100,-0.0168,2.5869,10.3011,1607,1699.09
41105,-1.1732,1.7861,11.0828,1595,1699.09
41110,-0.2717,0.492,11.0528,1625,1699.09
41115,-1.5586,0.1329,11.1342,1599,1699.09
41120,-1.5083,1.2953,11.0576,1595,1698.85
41125,-1.998,1.9201,10.3597,1607,1698.85
41130,-0.2454,2.399,10.5153,1605,1698.85
41135,0.3268,2.7162,10.392,1626,1698.85
41140,-1.1875,1.9166,11.0744,1597,1698.85
41145,-0.2789,0.5207,11.0121,1613,1698.85
41150,-1.5,0.17,11.3162,1604,1698.85
41155,-1.5107,1.1133,10.8804,1598,1698.85
41160,-1.8208,1.9812,10.562,1611,1698.85
41165,-0.4932,2.2889,10.3465,1629,1698.85
41170,0.6393,2.8958,10.562,1619,1698.85
41175,-1.2426,1.9237,10.8888,1596,1698.85
41180,-0.2418,0.7242,11.1498,1610,1698.85
41185,-1.4389,0.1293,11.3342,1597,1698.85
41190,-1.5443,1.0451,10.8481,1609,1698.75
41195,-1.6688,1.9525,10.6315,1609,1698.75
41200,-0.747,2.2565,10.2328,1621,1698.75
41205,0.8212,3.0203,10.7272,1612,1698.75
41210,-1.2797,1.8399,10.6698,1614,1698.75
41215,-0.2789,0.8918,11.3054,1624,1698.75
41220,-1.3527,0.0706,11.2168,1605,1698.75
41225,-1.5431,1.0786,10.9559,1605,1698.37
41230,-1.579,1.7693,10.4878,1605,1698.37
41235,-0.9541,2.3116,10.3046,1615,1698.37
41240,1.0211,2.9724,10.6913,1597,1698.37
41245,-1.3324,1.9405,10.6087,1614,1698.37
41250,-0.3795,0.9158,11.3246,1620,1698.37
41255,-1.2127,0.0263,11.1426,1623,1698.37
41260,-1.5347,1.0558,11.0864,1615,1698.71
41265,-1.5071,1.6556,10.398,1621,1698.71
41270,-1.1732,2.4098,10.4148,1623,1698.71
41275,1.1349,2.8264,10.5285,1596,1698.71
41280,-1.3312,2.1368,10.7272,1609,1698.71
41285,-0.4429,0.8847,11.2348,1609,1698.71
41290,-1.0738,0.1832,11.2719,1625,1698.71
41295,-1.5634,0.9038,11.084,1621,1698.66
41300,-1.4269,1.6245,10.477,1625,1698.66
41305,-1.4425,2.3834,10.4423,1621,1698.66
41310,1.2474,2.745,10.4603,1595,1698.66
41315,-1.3324,2.326,10.7955,1595,1698.66
41320,-0.5267,0.8009,11.0995,1611,1698.66
41325,-1.0463,0.3232,11.4718,1611,1698.66
41330,-1.567,0.6069,10.8314,1606,1698.66
41335,-1.3539,1.731,10.756,1635,1698.8
41340,-1.6903,2.2434,10.2113,1621,1698.8
41345,1.2761,2.8515,10.5752,1607,1698.8
41350,-1.2977,2.2709,10.6829,1596,1698.8
41355,-0.6069,0.9361,11.1091,1604,1698.8
41360,-0.9242,0.2837,11.461,1598,1698.8
41365,-1.5957,0.4393,10.7978,1603,1698.8
41370,-1.2438,1.8675,10.9319,1615,1699.24
41375,-1.9549,2.059,10.0928,1623,1699.24
41380,1.2857,2.9485,10.7823,1617,1699.24
41385,-1.3503,2.156,10.4399,1595,1699.24
41390,-0.6823,1.1157,11.2551,1636,1699.24
41395,-0.8344,0.2574,11.2288,1612,1699.24
41400,-1.634,0.3962,10.8242,1599,1699.24
41405,-1.2043,1.7861,10.8745,1599,1699.52
41410,-2.1715,2.0063,10.137,1599,1699.52
41415,1.2701,2.9485,10.8517,1611,1699.52
41420,-1.3024,2.0889,10.3418,1593,1699.52
41425,-0.7302,1.2833,11.4359,1625,1699.52
41430,-0.7003,0.152,11.0887,1613,1699.52
41435,-1.652,0.4585,10.9906,1623,1699.52
41440,-1.2306,1.6293,10.7248,1613,1699.52
41445,-2.3044,2.132,10.3358,1605,1699.52
41450,1.1899,2.7916,10.6219,1611,1699.52
41455,-1.2558,2.1249,10.4124,1583,1699.52
41460,-0.7925,1.336,11.3401,1613,1699.52
41465,-0.5866,0.1628,11.0708,1610,1699.52
41470,-1.7035,0.4681,11.078,1621,1699.52
41475,-1.2737,1.4928,10.6566,1609,1699.48
41480,-2.4002,2.1703,10.4399,1607,1699.48
41485,1.0774,2.642,10.4555,1599,1699.48
41490,-1.1157,2.3272,10.5931,1597,1699.48
41495,-0.9158,1.2761,11.1426,1609,1699.48
41500,-0.492,0.267,11.1833,1607,1699.48
41505,-1.6209,0.3508,10.9523,1613,1699.48
41510,-1.2785,1.5071,10.7356,1608,1699.57
41515,-2.4493,2.1368,10.3705,1625,1699.57
41520,0.8966,2.5582,10.4435,1607,1699.57
41525,-1.0008,2.4409,10.6338,1597,1699.57
41530,-0.9493,1.2857,10.9894,1635,1699.57
41535,-0.4729,0.322,11.3545,1608,1699.57
41540,-1.5921,0.182,10.7835,1605,1699.57
41545,-1.3096,1.6185,11.0205,1596,1699.62
41550,-2.46,2.0219,10.2568,1621,1699.62
41555,0.729,2.6133,10.6446,1608,1699.62
41560,-0.814,2.411,10.507,1623,1699.62
41565,-0.9828,1.3886,11.1043,1624,1699.62
41570,-0.3759,0.3795,11.1977,1611,1699.62
41575,-1.5502,0.1688,10.8577,1595,1699.62
41580,-1.3838,1.5862,11.0708,1589,1699.67
41585,-2.472,1.9644,10.1574,1611,1699.67
41590,0.5387,2.6085,10.6578,1611,1699.67
41595,-0.5962,2.4157,10.2687,1627,1699.67
41600,-1.0523,1.5921,11.248,1613,1699.67
41605,-0.3855,0.334,11.0528,1626,1699.67
41610,-1.5191,0.1832,10.9702,1597,1699.67
41615,-1.3886,1.4796,11.0672,1599,1699.96
41620,-2.3511,1.986,10.3298,1599,1699.96
41625,0.3208,2.4912,10.5429,1605,1699.96
41630,-0.3771,2.4409,10.3537,1621,1699.96
41635,-1.0618,1.6987,11.2108,1591,1699.96
41640,-0.3484,0.3364,10.9954,1627,1699.96
41645,-1.6089,0.2442,11.1833,1596,1699.96
41650,-1.4174,1.342,10.8804,1599,1699.72
41655,-2.2374,2.0626,10.5093,1599,1699.72
41660,0.1724,2.3667,10.4351,1605,1699.72
41665,-0.1413,2.6683,10.5153,1608,1699.72
41670,-1.1444,1.6376,11.0289,1587,1699.72
41675,-0.2981,0.5124,11.0732,1622,1699.72
41680,-1.5287,0.1556,11.1318,1605,1699.72
41685,-1.4377,1.2713,10.884,1597,1700.01
41690,-1.5933,1.9178,10.5704,1605,1700.01
41695,-0.8966,2.3056,10.252,1607,1700.01
41700,0.9278,2.9676,10.7081,1625,1700.01
41705,-1.3096,1.9082,10.6303,1597,1700.01
41710,-0.346,0.9086,11.3006,1619,1700.01
41715,-1.2163,0.0563,11.0816,1597,1700.01
41720,-1.5419,1.0906,11.0612,1599,1700.1
41725,-1.5179,1.7526,10.4854,1609,1700.1
41730,-1.1456,2.3439,10.4423,1623,1700.1
41735,1.0942,2.8599,10.6039,1623,1700.1
41740,-1.3036,1.9968,10.6195,1594,1700.1
41745,-0.419,0.8835,11.2635,1608,1700.1
41750,-1.1169,0.1185,11.2348,1595,1700.1
41755,-1.5646,0.9744,11.1175,1611,1700.05
41760,-1.4964,1.6245,10.4591,1611,1700.05
41765,-1.3312,2.3894,10.4567,1620,1700.05
41770,1.2067,2.7318,10.4196,1613,1700.05
41775,-1.306,2.1799,10.8098,1619,1700.05
41780,-0.48,0.7757,11.1199,1619,1700.05
41785,-1.075,0.2298,11.3868,1597,1700.05
41790,-1.6137,0.7793,10.9499,1607,1699.72
41795,-1.3838,1.7202,10.6051,1609,1699.72
41800,-1.567,2.3056,10.3501,1617,1699.72
41805,1.2857,2.8311,10.5058,1608,1699.72
41810,-1.3467,2.2901,10.7476,1615,1699.72
41815,-0.5854,0.8475,11.0564,1625,1699.72
41820,-0.9912,0.2382,11.4395,1612,1699.72
41825,-1.6161,0.5124,10.8122,1618,1699.48
41830,-1.2007,1.7945,10.8278,1608,1699.48
41835,-1.8148,2.1368,10.1275,1610,1699.48
41840,1.318,2.9604,10.7069,1597,1699.48
41845,-1.3886,2.1751,10.5931,1609,1699.48
41850,-0.5866,0.9924,11.2013,1619,1699.48
41855,-0.8942,0.2227,11.3545,1624,1699.48
41860,-1.5969,0.4357,10.7751,1619,1699.52
41865,-1.1851,1.8435,10.9176,1624,1699.52
41870,-2.0243,2.1284,10.0999,1625,1699.52
41875,1.3108,3.0131,10.7536,1596,1699.52
41880,-1.3779,2.0614,10.3178,1599,1699.52
41885,-0.6357,1.221,11.3749,1609,1699.52
41890,-0.7937,0.1616,11.1881,1621,1699.52
41895,-1.6305,0.4609,10.9415,1621,1699.67
41900,-1.2222,1.6604,10.7248,1628,1699.67
41905,-2.2122,2.1488,10.2268,1623,1699.67
41910,1.2534,2.8934,10.7368,1591,1699.67
41915,-1.342,2.0075,10.3465,1597,1699.67
41920,-0.723,1.318,11.4012,1608,1699.67
41925,-0.6285,0.2011,11.0983,1610,1699.67
41930,-1.6173,0.4896,11.1378,1611,1699.67
41935,-1.3048,1.5191,10.6901,1619,1700.01
41940,-2.3068,2.1883,10.4351,1617,1700.01
41945,1.1396,2.7234,10.5141,1615,1700.01
41950,-1.2641,2.2039,10.4866,1595,1700.01
41955,-0.844,1.2582,11.2563,1609,1700.01
41960,-0.6009,0.2442,11.1642,1596,1700.01
41965,-1.6257,0.3915,11.0049,1598,1700.01
41970,-1.312,1.482,10.7069,1609,1700.05
41975,-2.3966,2.1943,10.4435,1611,1700.05
41980,1.0127,2.5786,10.4399,1615,1700.05
41985,-1.0906,2.3954,10.6374,1591,1700.05
41990,-0.8715,1.2139,11.0528,1627,1700.05
41995,-0.5459,0.3364,11.3306,1611,1700.05
42000,-1.573,0.2693,10.811,1599,1700.05
42005,-1.2917,1.6616,10.8673,1595,1700.05
42010,-2.4253,2.0961,10.2783,1609,1700.05
42015,0.8344,2.6121,10.5812,1612,1700.05
42020,-0.9218,2.4098,10.6039,1587,1700.05
42025,-0.9553,1.312,11.0421,1625,1700.05
42030,-0.4848,0.3543,11.2875,1609,1700.05
42035,-1.5407,0.1544,10.7955,1623,1700.05
42040,-1.3503,1.6484,11.0492,1611,1700.39
42045,-2.4624,1.998,10.1562,1607,1700.39
42050,0.6285,2.6468,10.6722,1593,1700.39
42055,-0.7709,2.3571,10.3382,1589,1700.39
42060,-1.008,1.4844,11.169,1619,1700.39
42065,-0.4082,0.2789,11.1498,1611,1700.39
42070,-1.5407,0.1927,10.9343,1621,1700.39
42075,-1.3659,1.6113,11.0421,1613,1700.29
42080,-2.4002,1.9597,10.1921,1592,1700.29
42085,0.4752,2.5929,10.6518,1599,1700.29
42090,-0.577,2.3834,10.2448,1597,1700.29
42095,-1.0642,1.6352,11.2791,1611,1700.29
42100,-0.3615,0.2705,11.0097,1611,1700.29
42105,-1.6041,0.2382,11.1378,1615,1700.29
42110,-1.3683,1.403,10.8673,1607,1700.2
42115,-2.2924,2.047,10.4184,1640,1700.2
42120,0.2993,2.3942,10.5309,1607,1700.2
42125,-0.3472,2.5331,10.4016,1599,1700.2
42130,-1.1097,1.6843,11.1462,1627,1700.2
42135,-0.2945,0.3304,10.9846,1608,1700.2
42140,-1.6125,0.2227,11.1833,1611,1700.2
42145,-1.4257,1.2282,10.8218,1605,1700.29
42150,-2.15,2.1261,10.5261,1620,1700.29
42155,0.0874,2.2924,10.3394,1609,1700.29
42160,-0.091,2.7617,10.5872,1623,1700.29
42165,-1.1624,1.6101,10.963,1623,1700.29
42170,-0.267,0.595,11.2468,1611,1700.29
42175,-1.4916,0.0227,11.0097,1595,1700.29
42180,-1.4976,1.2785,10.8721,1605,1700.39
42185,-2.0782,2.0925,10.5141,1611,1700.39
42190,-0.0575,2.3128,10.2999,1609,1700.39
42195,0.1652,2.8419,10.5943,1627,1700.39
42200,-1.2103,1.6173,10.7883,1619,1700.39
42205,-0.2526,0.6991,11.3018,1625,1700.39
42210,-1.4293,0.0227,10.9822,1597,1700.39
42215,-1.4844,1.3264,11.1007,1603,1700.39
42220,-1.9525,1.8938,10.319,1605,1700.39
42225,-0.3795,2.4134,10.5429,1607,1700.39
42230,0.3759,2.8,10.4603,1620,1700.39
42235,-1.2486,1.7274,10.829,1609,1700.39
42240,-0.2729,0.6692,11.2635,1629,1700.39
42245,-1.391,0.012,11.0971,1597,1700.39
42250,-1.4856,1.2701,11.0923,1599,1700.25
42255,-1.7777,1.7861,10.252,1604,1700.25
42260,-0.5878,2.4708,10.5656,1605,1700.25
42265,0.6201,2.7509,10.3537,1609,1700.25
42270,-1.2665,2.0004,10.9619,1595,1700.25
42275,-0.3484,0.6393,11.1342,1621,1700.25
42280,-1.391,0.0718,11.297,1605,1700.25
42285,-1.5251,1.1133,11.0049,1599,1700.05
42290,-1.658,1.8531,10.4543,1605,1700.05
42295,-0.7745,2.4265,10.422,1597,1700.05
42300,0.8475,2.8539,10.3669,1629,1700.05
42305,-1.2917,2.1033,11.0073,1596,1700.05
42310,-0.3364,0.7087,11.0756,1620,1700.05
42315,-1.3264,0.1903,11.467,1599,1700.05
42320,-1.4928,0.9182,10.7763,1605,1700.25
42325,-1.4916,1.8687,10.6698,1611,1700.25
42330,-0.9984,2.2529,10.2388,1625,1700.25
42335,1.0008,2.9892,10.6147,1620,1700.25
42340,-1.336,2.0997,10.811,1597,1700.25
42345,-0.328,0.8236,11.157,1609,1700.25
42350,-1.2941,0.1496,11.3665,1597,1700.25
42355,-1.5682,0.923,10.9367,1611,1700.29
42360,-1.3623,1.7765,10.6315,1611,1700.29
42365,-1.2318,2.2027,10.1071,1619,1700.29
42370,1.1289,3.0718,10.7835,1615,1700.29
42375,-1.3515,2.0051,10.5285,1613,1700.29
42380,-0.3879,0.99,11.327,1619,1700.29
42385,-1.2079,0.1448,11.3413,1599,1700.29
42390,-1.5275,0.8045,11.0061,1605,1700.58
42395,-1.3515,1.7095,10.5908,1596,1700.58
42400,-1.4186,2.2565,10.1957,1617,1700.58
42405,1.2605,2.9664,10.6985,1607,1700.58
42410,-1.3408,2.0518,10.5465,1613,1700.58
42415,-0.4561,1.0439,11.4359,1627,1700.58
42420,-1.0319,0.0934,11.1366,1598,1700.58
42425,-1.5921,0.8128,11.1378,1619,1701.21
42430,-1.3515,1.5778,10.5249,1607,1701.21
42435,-1.6137,2.3355,10.3884,1607,1701.21
42440,1.2653,2.788,10.4579,1597,1701.21
42445,-1.3755,2.2063,10.665,1607,1701.21
42450,-0.5507,0.9876,11.2695,1622,1701.21
42455,-0.9673,0.1963,11.1965,1621,1701.21
42460,-1.5419,0.674,11.0385,1610,1701.36
42465,-1.336,1.634,10.5584,1619,1701.36
42470,-1.7609,2.3008,10.4052,1619,1701.36
42475,1.2989,2.6612,10.4567,1597,1701.36
42480,-1.33,2.3188,10.7763,1609,1701.36
42485,-0.6333,0.9301,11.1438,1612,1701.36
42490,-0.8954,0.2945,11.4443,1621,1701.36
42495,-1.5874,0.4262,10.835,1621,1701.21
42500,-1.2809,1.743,10.7536,1627,1701.21
42505,-1.9118,2.2051,10.2244,1623,1701.21
42510,1.2534,2.8144,10.5668,1595,1701.21
42515,-1.3216,2.3164,10.6291,1595,1701.21
42520,-0.7171,1.008,11.1354,1599,1701.21
42525,-0.8356,0.3256,11.4144,1612,1701.21
42530,-1.6029,0.2813,10.7344,1615,1701.21
42535,-1.2222,1.7933,10.9223,1623,1701.21
42540,-2.1488,2.0435,10.1011,1621,1701.21
42545,1.1552,2.9293,10.7224,1594,1701.21
42550,-1.2713,2.1332,10.4076,1590,1701.21
42555,-0.8428,1.2318,11.2923,1609,1701.21
42560,-0.6764,0.2143,11.2144,1608,1701.21
42565,-1.6281,0.3268,10.8984,1605,1701.21
42570,-1.2258,1.7729,10.9104,1620,1701.31
42575,-2.3116,2.0111,10.143,1614,1701.31
42580,1.063,2.8683,10.8038,1610,1701.31
42585,-1.2055,2.059,10.3214,1595,1701.31
42590,-0.832,1.4006,11.388,1609,1701.31
42595,-0.5303,0.1688,11.0337,1606,1701.31
42600,-1.646,0.3903,11.0289,1596,1701.31
42605,-1.2474,1.5467,10.7643,1611,1701.07
42610,-2.4074,2.0913,10.3298,1608,1701.07
42615,0.996,2.6647,10.5955,1619,1701.07
42620,-1.1301,2.2134,10.3549,1591,1701.07
42625,-0.9505,1.4257,11.3246,1628,1701.07
42630,-0.4369,0.1915,11.0648,1611,1701.07
42635,-1.6783,0.3986,11.0959,1599,1701.07
42640,-1.3036,1.4736,10.7176,1599,1700.87
42645,-2.4301,2.2063,10.4734,1605,1700.87
42650,0.8583,2.5127,10.4483,1613,1700.87
42655,-0.9744,2.3523,10.5692,1589,1700.87
42660,-1.002,1.3144,11.1378,1625,1700.87
42665,-0.4058,0.2897,11.236,1612,1700.87
42670,-1.64,0.2682,11.0038,1621,1700.87
42675,-1.3336,1.4629,10.7978,1613,1700.58
42680,-2.4169,2.1464,10.4232,1605,1700.58
42685,0.7159,2.5271,10.4734,1605,1700.58
42690,-0.832,2.4732,10.6279,1590,1700.58
42695,-1.0092,1.3288,10.987,1621,1700.58
42700,-0.4238,0.4034,11.3174,1613,1700.58
42705,-1.5622,0.1221,10.8673,1625,1700.58
42710,-1.336,1.549,10.9666,1612,1700.87
42715,-2.4098,2.0183,10.2604,1608,1700.87
42720,0.5519,2.5702,10.6015,1599,1700.87
42725,-0.7183,2.472,10.4878,1597,1700.87
42730,-1.0654,1.4473,11.0277,1609,1700.87
42735,-0.4034,0.413,11.2575,1611,1700.87
42740,-1.5514,0.1329,10.8386,1617,1700.87
42745,-1.3743,1.5467,11.1474,1607,1701.11
42750,-2.3559,1.9513,10.1335,1624,1701.11
42755,0.407,2.5798,10.6829,1608,1701.11
42760,-0.5064,2.4325,10.3178,1599,1701.11
42765,-1.0726,1.64,11.1869,1627,1701.11
42770,-0.346,0.3603,11.1103,1609,1701.11
42775,-1.5287,0.1604,11.1043,1610,1701.11
42780,-1.3731,1.4281,10.975,1604,1700.92
42785,-2.2625,1.9644,10.3094,1621,1700.92
42790,0.2131,2.5199,10.5908,1609,1700.92
42795,-0.2789,2.5187,10.2963,1621,1700.92
42800,-1.1456,1.7095,11.1678,1622,1700.92
42805,-0.2837,0.3819,10.9786,1609,1700.92
42810,-1.567,0.2047,11.2276,1595,1700.92
42815,-1.4305,1.3168,10.8182,1604,1700.82
42820,-2.0758,2.0734,10.507,1613,1700.82
42825,0.0096,2.3391,10.3837,1609,1700.82
42830,-0.0251,2.7126,10.4782,1625,1700.82
42835,-1.1564,1.6999,10.981,1609,1700.82
42840,-0.2969,0.5028,11.0265,1624,1700.82
42845,-1.5191,0.1616,11.2599,1597,1700.82
42850,-1.4832,1.2234,10.8457,1604,1701.11
42855,-1.9609,2.0997,10.5297,1605,1701.11
42860,-0.1915,2.2817,10.331,1608,1701.11
42865,0.2191,2.8515,10.6865,1621,1701.11
42870,-1.2067,1.6101,10.8074,1610,1701.11
42875,-0.2777,0.6704,11.2324,1627,1701.11
42880,-1.4078,0.067,11.0864,1595,1701.11
42885,-1.5431,1.2917,11.054,1599,1701.4
42890,-1.8459,1.9453,10.4279,1607,1701.4
42895,-0.4525,2.3463,10.3561,1605,1701.4
42900,0.4429,2.8371,10.5979,1613,1701.4
42905,-1.2438,1.6795,10.7488,1596,1701.4
42910,-0.2945,0.7326,11.2899,1619,1701.4
42915,-1.3168,0.0096,11.0468,1596,1701.4
42920,-1.5646,1.3204,11.139,1597,1701.16
42925,-1.731,1.8244,10.2819,1605,1701.16
42930,-0.6907,2.4397,10.5489,1599,1701.16
42935,0.6788,2.7569,10.4627,1599,1701.16
42940,-1.2462,1.8771,10.8505,1592,1701.16
42945,-0.3543,0.6704,11.1115,1619,1701.16
42950,-1.2665,0.0239,11.1773,1599,1701.16
42955,-1.5395,1.2306,11.1175,1598,1701.02
42960,-1.5909,1.7849,10.343,1611,1701.02
42965,-0.8068,2.4313,10.4998,1610,1701.02
42970,0.8464,2.7031,10.3825,1627,1701.02
42975,-1.2965,2.0686,10.902,1597,1701.02
42980,-0.3519,0.6213,10.9726,1611,1701.02
42985,-1.2175,0.1963,11.4072,1597,1701.02
42990,-1.549,0.9517,10.963,1613,1700.97
42995,-1.5359,1.8411,10.6135,1611,1700.97
43000,-1.0726,2.2901,10.3094,1621,1700.97
43005,1.0451,2.8252,10.4722,1619,1700.97
43010,-1.2953,2.1189,10.8146,1604,1700.97
43015,-0.3759,0.8104,11.0349,1614,1700.97
43020,-1.2175,0.2215,11.552,1599,1700.97
43025,-1.6245,0.7326,10.7978,1611,1701.21
43030,-1.3731,1.8639,10.744,1610,1701.21
43035,-1.2641,2.2158,10.1789,1621,1701.21
43040,1.2139,3.0394,10.6865,1609,1701.21
43045,-1.385,2.0111,10.5836,1613,1701.21
43050,-0.4537,0.9098,11.2049,1625,1701.21
43055,-1.1444,0.17,11.3653,1595,1701.21
43060,-1.5347,0.7087,10.8529,1620,1701.16
43065,-1.306,1.8519,10.823,1605,1701.16
43070,-1.5275,2.1895,10.2197,1614,1701.16
43075,1.2366,2.9604,10.8146,1597,1701.16
43080,-1.4246,1.9297,10.3944,1612,1701.16
43085,-0.4669,1.075,11.3892,1623,1701.16
43090,-1.0223,0.1508,11.1534,1622,1701.16
43095,-1.6161,0.7326,11.0397,1619,1701.11
43100,-1.3384,1.6209,10.6015,1609,1701.11
43105,-1.6831,2.2505,10.3202,1611,1701.11
43110,1.3096,2.8276,10.6243,1595,1701.11
43115,-1.4102,2.0602,10.5177,1607,1701.11
43120,-0.5231,1.1277,11.3772,1619,1701.11
43125,-0.8775,0.1233,11.1582,1623,1701.11
43130,-1.5431,0.6883,11.0445,1621,1700.68
43135,-1.324,1.5706,10.5249,1625,1700.68
43140,-1.7705,2.3595,10.386,1624,1700.68
43145,1.2773,2.7078,10.495,1595,1700.68
43150,-1.3659,2.2051,10.6805,1599,1700.68
43155,-0.6321,1.0032,11.2551,1611,1700.68
43160,-0.7949,0.2957,11.2827,1618,1700.68
43165,-1.573,0.5626,10.9654,1619,1701.21
43170,-1.3431,1.6568,10.6793,1627,1701.21
43175,-1.9225,2.3116,10.3765,1623,1701.21
43180,1.2282,2.6564,10.4567,1593,1701.21
43185,-1.3384,2.2924,10.6973,1595,1701.21
43190,-0.6668,0.9876,11.0816,1607,1701.21
43195,-0.7925,0.3831,11.4479,1607,1701.21
43200,-1.5598,0.3771,10.7799,1609,1701.21
43205,-1.3156,1.7561,10.8733,1621,1701.36
43210,-2.1009,2.1249,10.1933,1621,1701.36
43215,1.0918,2.7904,10.6219,1619,1701.36
43220,-1.2342,2.2446,10.5141,1595,1701.36
43225,-0.8056,1.0989,11.1917,1604,1701.36
43230,-0.7602,0.2873,11.3258,1592,1701.36
43235,-1.5754,0.2586,10.7464,1599,1701.36
43240,-1.239,1.7897,10.9607,1611,1701.45
43245,-2.247,2.0051,10.094,1611,1701.45
43250,1.0475,2.8431,10.7428,1619,1701.45
43255,-1.1456,2.1608,10.3046,1591,1701.45
43260,-0.8547,1.3312,11.382,1625,1701.45
43265,-0.5698,0.2394,11.1426,1611,1701.45
43270,-1.5909,0.3244,10.9056,1599,1701.45
43275,-1.2893,1.6783,10.9056,1605,1701.45
43280,-2.3715,2.0027,10.2651,1605,1701.45
43285,0.9361,2.7402,10.6997,1607,1701.45
43290,-1.0415,2.1596,10.258,1591,1701.45
43295,-0.9697,1.4569,11.4084,1623,1701.45
43300,-0.4621,0.1784,11.0289,1611,1701.45
43305,-1.664,0.3328,11.1199,1619,1701.45
43310,-1.2989,1.5287,10.7188,1607,1701.64
43315,-2.4157,2.1165,10.4567,1607,1701.64
43320,0.844,2.5319,10.4974,1608,1701.64
43325,-0.9278,2.3056,10.4686,1589,1701.64
43330,-1.0523,1.403,11.2156,1621,1701.64
43335,-0.3843,0.2538,11.1175,1610,1701.64
43340,-1.6412,0.3053,11.084,1621,1701.64
43345,-1.3288,1.4521,10.7536,1613,1701.26
43350,-2.4122,2.156,10.4531,1605,1701.26
43355,0.6919,2.4553,10.3717,1604,1701.26
43360,-0.7901,2.4624,10.6219,1593,1701.26
43365,-1.1025,1.3503,11.0504,1612,1701.26
43370,-0.322,0.3795,11.2587,1613,1701.26
43375,-1.652,0.1903,10.9104,1619,1701.26
43380,-1.3443,1.5036,10.9547,1611,1701.11
43385,-2.3918,2.1081,10.3441,1619,1701.11
43390,0.5399,2.4576,10.4818,1609,1701.11
43395,-0.6309,2.5534,10.6291,1595,1701.11
43400,-1.1049,1.4138,10.9391,1589,1701.11
43405,-0.3005,0.431,11.3342,1608,1701.11
43410,-1.6029,0.1149,10.8266,1614,1701.11
43415,-1.3647,1.549,11.1223,1609,1701.21
43420,-2.4002,1.9764,10.2041,1623,1701.21
43425,0.3855,2.5702,10.6243,1611,1701.21
43430,-0.51,2.4912,10.3657,1608,1701.21
43435,-1.1037,1.5227,11.0672,1625,1701.21
43440,-0.2981,0.3783,11.1809,1610,1701.21
43445,-1.5263,0.1161,10.9415,1605,1701.21
43450,-1.3611,1.4856,11.1103,1605,1701.07
43455,-2.3092,1.9237,10.2484,1617,1701.07
43460,0.2526,2.5019,10.6231,1609,1701.07
43465,-0.2957,2.4876,10.2699,1625,1701.07
43470,-1.1073,1.7107,11.1869,1620,1701.07
43475,-0.2825,0.401,11.0409,1619,1701.07
43480,-1.5622,0.1448,11.1462,1596,1701.07
43485,-1.4437,1.3144,10.9738,1599,1701.16
43490,-2.1596,1.9812,10.3501,1610,1701.16
43495,0.0419,2.3691,10.5572,1607,1701.16
43500,-0.073,2.6348,10.3501,1623,1701.16
43505,-1.1612,1.7945,11.1294,1615,1701.16
43510,-0.3065,0.48,11.0492,1630,1701.16
43515,-1.5658,0.1532,11.3198,1593,1701.16
43520,-1.4545,1.2139,10.8326,1607,1701.31
43525,-2.0075,2.1045,10.5524,1605,1701.31
43530,-0.158,2.2529,10.3106,1599,1701.31
43535,0.1628,2.8455,10.5919,1619,1701.31
43540,-1.1971,1.7142,10.902,1607,1701.31
43545,-0.2873,0.656,11.1271,1625,1701.31
43550,-1.4617,0.1101,11.1989,1597,1701.31
43555,-1.4712,1.2294,10.8888,1603,1701.5
43560,-1.8531,2.0195,10.5369,1609,1701.5
43565,-0.3819,2.2494,10.3394,1605,1701.5
43570,0.3831,2.9137,10.7033,1608,1701.5
43575,-1.227,1.6735,10.7464,1599,1701.5
43580,-0.3328,0.7685,11.3629,1622,1701.5
43585,-1.3587,0.0192,11.0816,1605,1701.5
43590,-1.5227,1.2522,11.0648,1599,1701.4
43595,-1.7454,1.8495,10.3298,1609,1701.4
43600,-0.5483,2.387,10.4076,1605,1701.4
43605,0.6117,2.8934,10.5177,1627,1701.4
43610,-1.2821,1.7813,10.7967,1599,1701.4
43615,-0.3555,0.7254,11.2839,1617,1701.4
43620,-1.2821,0.0239,11.0828,1599,1701.4
43625,-1.5239,1.2498,11.1821,1611,1701.16
43630,-1.6388,1.7526,10.2771,1611,1701.16
43635,-0.7578,2.4816,10.5201,1621,1701.16
43640,0.7673,2.7043,10.3645,1625,1701.16
43645,-1.2605,2.0458,10.9032,1597,1701.16
43650,-0.3723,0.656,11.139,1613,1701.16
43655,-1.1935,0.1844,11.3006,1597,1701.16
43660,-1.5371,1.0427,10.999,1613,1700.92
43665,-1.5658,1.7669,10.5022,1615,1700.92
43670,-1.008,2.4026,10.4651,1614,1700.92
43675,1.0319,2.7461,10.3896,1614,1700.92
43680,-1.2881,2.1787,10.8948,1613,1700.92
43685,-0.4453,0.6919,11.0516,1613,1700.92
43690,-1.2007,0.231,11.4455,1595,1700.92
43695,-1.5778,0.7805,10.8553,1607,1701.5
43700,-1.4305,1.8723,10.6877,1609,1701.5
43705,-1.2474,2.2553,10.2065,1619,1701.5
43710,1.1672,2.9245,10.5225,1605,1701.5
43715,-1.3168,2.1404,10.7655,1607,1701.5
43720,-0.4992,0.8344,11.1199,1618,1701.5
43725,-1.1241,0.2346,11.4371,1599,1701.5
43730,-1.5526,0.6345,10.8014,1612,1701.16
43735,-1.2989,1.9836,10.8553,1607,1701.16
43740,-1.4365,2.1296,10.1406,1617,1701.16
43745,1.2653,3.0119,10.7583,1587,1701.16
43750,-1.3827,1.9932,10.5608,1611,1701.16
43755,-0.4992,1.0092,11.3306,1621,1701.16
43760,-1.0211,0.164,11.1618,1622,1701.16
43765,-1.5957,0.7039,10.908,1621,1701.11
43770,-1.227,1.8268,10.7416,1621,1701.11
43775,-1.6532,2.1823,10.2161,1621,1701.11
43780,1.3264,2.9293,10.7272,1592,1701.11
43785,-1.4078,1.9788,10.3621,1609,1701.11
43790,-0.5567,1.1612,11.3964,1613,1701.11
43795,-0.9074,0.1604,11.1725,1621,1701.11
43800,-1.6173,0.7111,11.0085,1630,1701.26
43805,-1.2522,1.6364,10.5788,1623,1701.26
43810,-1.8483,2.2745,10.331,1623,1701.26
43815,1.3491,2.8671,10.5836,1595,1701.26
43820,-1.4102,2.1344,10.5369,1597,1701.26
43825,-0.6141,1.1049,11.3449,1610,1701.26
43830,-0.8452,0.1867,11.169,1619,1701.26
43835,-1.6017,0.6093,11.0492,1619,1701.79
43840,-1.239,1.5514,10.5788,1621,1701.79
43845,-1.9118,2.302,10.4256,1621,1701.79
43850,1.2462,2.6947,10.4854,1593,1701.79
43855,-1.3815,2.2362,10.6937,1593,1701.79
43860,-0.6859,0.9673,11.1354,1609,1701.79
43865,-0.7697,0.3053,11.3198,1609,1701.79
43870,-1.5634,0.4429,10.8409,1609,1701.79
43875,-1.251,1.6568,10.7643,1619,1701.21
43880,-2.0877,2.2266,10.319,1611,1701.21
43885,0.7302,2.5558,10.5967,1621,1701.21
43890,-1.3156,2.2649,10.6315,1597,1701.21
43895,-0.735,1.0582,11.0911,1609,1701.21
43900,-0.7063,0.3519,11.4239,1599,1701.21
43905,-1.5538,0.3136,10.7739,1599,1701.21
43910,-1.2653,1.737,10.9906,1611,1700.97
43915,-2.2541,2.0542,10.1526,1609,1700.97
43920,1.0427,2.8072,10.6841,1617,1700.97
43925,-1.2402,2.1979,10.404,1592,1700.97
43930,-0.814,1.2402,11.2384,1625,1700.97
43935,-0.6536,0.316,11.2587,1611,1700.97
43940,-1.5754,0.3017,10.8697,1598,1700.97
43945,-1.2905,1.7382,10.9762,1599,1701.45
43950,-2.3308,1.9788,10.161,1605,1701.45
43955,0.9984,2.7378,10.7308,1611,1701.45
43960,-1.1277,2.1021,10.2735,1591,1701.45
43965,-0.9337,1.4126,11.3904,1623,1701.45
43970,-0.5435,0.1796,11.0337,1611,1701.45
43975,-1.6125,0.3531,10.9786,1623,1701.45
43980,-1.3348,1.6053,10.8541,1613,1701.31
43985,-2.3906,2.071,10.2843,1607,1701.31
43990,0.8583,2.6181,10.5704,1598,1701.31
43995,-0.9828,2.2194,10.3513,1591,1701.31
44000,-0.9888,1.4569,11.3437,1619,1701.31
44005,-0.4669,0.2083,11.0325,1610,1701.31
44010,-1.6424,0.3627,11.1091,1624,1701.31
44015,-1.3156,1.4808,10.7033,1613,1701.11
44020,-2.3679,2.1344,10.4483,1607,1701.11
44025,0.7147,2.4385,10.3825,1599,1701.11
44030,-0.7877,2.4409,10.5225,1597,1701.11
44035,-1.1133,1.4066,11.1534,1609,1701.11
44040,-0.3112,0.328,11.1785,1611,1701.11
44045,-1.5945,0.2598,11.0576,1618,1701.11
44050,-1.3312,1.4437,10.8026,1608,1700.92
44055,-2.3523,2.1452,10.4375,1623,1700.92
44060,0.5614,2.4313,10.3884,1607,1700.92
44065,-0.6141,2.5522,10.665,1597,1700.92
44070,-1.1528,1.3922,10.9642,1618,1700.92
44075,-0.3747,0.8248,11.3138,1607,1700.92
44080,-1.5598,0.1077,10.9116,1611,1700.92
44085,-1.342,1.5419,11.0445,1605,1701.31
44090,-2.3631,2.0087,10.2173,1623,1701.31
44095,0.3543,2.4852,10.4866,1611,1701.31
44100,-0.4214,2.5115,10.5225,1615,1701.31
44105,-1.1732,1.4988,11.0002,1623,1701.31
44110,-0.2741,0.4429,11.3353,1609,1701.31
44115,-1.4988,0.0491,10.8637,1597,1701.31
44120,-1.415,1.5431,11.1199,1605,1701.02
44125,-2.2733,1.9333,10.1718,1613,1701.02
44130,0.2263,2.4924,10.6195,1608,1701.02
44135,-0.2729,2.4696,10.313,1623,1701.02
44140,-1.1325,1.6664,11.1354,1615,1701.02
44145,-0.255,0.4274,11.1055,1621,1701.02
44150,-1.5263,0.0802,11.06,1607,1701.02
44155,-1.3994,1.4054,11.0875,1597,1701.21
44160,-2.1919,1.9908,10.3178,1605,1701.21
44165,0.0383,2.4026,10.6159,1607,1701.21
44170,-0.0323,2.5845,10.307,1622,1701.21
44175,-1.1277,1.8328,11.1666,1611,1701.21
44180,-0.2885,0.4262,10.9978,1629,1701.21
44185,-1.5598,0.2095,11.2504,1596,1701.21
44190,-1.4641,1.2438,10.9487,1609,1701.45
44195,-2.0279,2.0626,10.5261,1605,1701.45
44200,-0.1341,2.3188,10.3813,1605,1701.45
44205,0.1903,2.7318,10.4375,1617,1701.45
44210,-1.148,1.7538,10.9714,1598,1701.45
44215,-0.2981,0.5962,11.1007,1623,1701.45
44220,-1.5275,0.1508,11.2994,1599,1701.45
44225,-1.4521,1.1684,10.884,1599,1701.36
44230,-1.8818,2.0973,10.5656,1609,1701.36
44235,-0.334,2.229,10.1957,1606,1701.36
44240,0.3974,2.9042,10.6566,1605,1701.36
44245,-1.2151,1.7131,10.7763,1597,1701.36
44250,-0.2945,0.7494,11.2851,1621,1701.36
44255,-1.4437,0.0898,11.1917,1607,1701.36
44260,-1.5095,1.2079,10.9619,1597,1701.21
44265,-1.7214,1.9082,10.4686,1607,1701.21
44270,-0.5435,2.2829,10.3214,1605,1701.21
44275,0.5997,2.9281,10.6398,1627,1701.21
44280,-1.2498,1.7202,10.6722,1595,1701.21
44285,-0.3124,0.8499,11.3294,1611,1701.21
44290,-1.3096,-0.0156,11.0744,1597,1701.21
44295,-1.5311,1.2426,11.0995,1607,1700.78
44300,-1.7011,1.7418,10.3334,1611,1700.78
44305,-0.7554,2.4146,10.483,1621,1700.78
44310,0.7877,2.7845,10.4675,1617,1700.78
44315,-1.2426,1.9381,10.8038,1597,1700.78
44320,-0.3675,0.7781,11.2516,1612,1700.78
44325,-1.2127,0.0527,11.1965,1608,1700.78
44330,-1.5335,1.136,11.0983,1612,1700.73
44335,-1.5814,1.6927,10.392,1609,1700.73
44340,-0.929,2.4744,10.5058,1617,1700.73
44345,0.9661,2.7138,10.3322,1612,1700.73
44350,-1.2869,2.1404,10.9283,1619,1700.73
44355,-0.407,0.6883,11.1342,1623,1700.73
44360,-1.1708,0.1927,11.4179,1597,1700.73
44365,-1.5095,0.8906,10.9283,1607,1700.78
44370,-1.4401,1.7705,10.5884,1605,1700.78
44375,-1.1456,2.4122,10.3789,1613,1700.78
44380,1.0846,2.8276,10.471,1603,1700.78
44385,-1.318,2.2422,10.8254,1611,1700.78
44390,-0.486,0.7003,11.0816,1624,1700.78
44395,-1.1205,0.2274,11.4994,1615,1700.78
44400,-1.6029,0.7087,10.7775,1621,1699.91
44405,-1.3491,1.9249,10.7571,1605,1699.91
44410,-1.4246,2.2494,10.1418,1607,1699.91
44415,1.2438,2.9628,10.7057,1594,1699.91
44420,-1.3611,2.1117,10.6039,1597,1699.91
44425,-0.5303,0.9266,11.2073,1615,1699.91
44430,-1.0199,0.2071,11.333,1623,1699.91
44435,-1.5993,0.583,10.8086,1619,1699.86
44440,-1.2558,1.8794,10.8254,1619,1699.86
44445,-1.6676,2.1452,10.1478,1624,1699.86
44450,1.2917,2.9975,10.7308,1595,1699.86
44455,-1.3994,1.9836,10.3681,1605,1699.86
44460,-0.559,1.0199,11.4634,1609,1699.86
44465,-0.9038,0.1472,11.1725,1614,1699.86
44470,-1.6305,0.6321,10.9188,1615,1699.76
44475,-1.227,1.7514,10.6829,1627,1699.76
44480,-1.8627,2.2027,10.2999,1621,1699.76
44485,1.3168,2.873,10.6614,1593,1699.76
44490,-1.3862,2.0806,10.416,1596,1699.76
44495,-0.6883,1.1504,11.4359,1609,1699.76
44500,-0.7757,0.1616,11.0971,1597,1699.76
44505,-1.67,0.6105,11.1115,1613,1699.76
44510,-1.2582,1.6257,10.6195,1619,1699.43
44515,-2.0842,2.2984,10.3956,1613,1699.43
44520,1.2905,2.7162,10.4435,1619,1699.43
44525,-1.3731,2.2063,10.5465,1571,1699.43
44530,-0.7841,1.1013,11.2539,1611,1699.43
44535,-0.6381,0.2514,11.2408,1599,1699.43
44540,-1.6328,0.4429,10.9235,1599,1699.43
44545,-1.257,1.6472,10.7153,1607,1699.86
44550,-2.1859,2.2565,10.3801,1607,1699.86
44555,1.1899,2.7031,10.422,1615,1699.86
44560,-1.257,2.2697,10.6338,1593,1699.86
44565,-0.8092,1.1157,11.1103,1624,1699.86
44570,-0.6345,0.3017,11.3713,1611,1699.86
44575,-1.6364,0.3029,10.823,1599,1699.86
44580,-1.2318,1.7142,10.9152,1599,1700.39
44585,-2.3367,2.132,10.2723,1604,1700.39
44590,1.0487,2.7749,10.5955,1608,1700.39
44595,-1.2414,2.2482,10.55,1591,1700.39
44600,-0.8607,1.2043,11.1318,1624,1700.39
44605,-0.5794,0.2945,11.2994,1611,1700.39
44610,-1.5754,0.2155,10.799,1621,1700.39
44615,-1.2594,1.7202,11.072,1611,1700.15
44620,-2.4241,1.9704,10.1418,1605,1700.15
44625,0.9038,2.7581,10.7105,1599,1700.15
44630,-1.0499,2.1488,10.2711,1593,1700.15
44635,-0.8954,1.385,11.3174,1615,1700.15
44640,-0.5136,0.2131,11.0935,1608,1700.15
44645,-1.6029,0.249,10.987,1619,1700.15
44650,-1.3144,1.6568,10.9666,1610,1699.62
44655,-2.4505,2.0363,10.2388,1613,1699.62
44660,0.753,2.624,10.6183,1604,1699.62
44665,-0.8871,2.2326,10.3058,1597,1699.62
44670,-0.9457,1.4892,11.3114,1609,1699.62
44675,-0.4381,0.2191,10.9822,1609,1699.62
44680,-1.573,0.3352,11.0828,1611,1699.62
44685,-1.3384,1.4413,10.8386,1606,1699.48
44690,-2.4193,2.0973,10.4519,1624,1699.48
44695,0.5854,2.4636,10.4232,1608,1699.48
44700,-0.6512,2.3966,10.4076,1598,1699.48
44705,-1.0678,1.4736,11.23,1629,1699.48
44710,-0.4118,0.3304,11.066,1611,1699.48
44715,-1.6245,0.2466,11.1294,1605,1699.48
44720,-1.397,1.4377,10.7727,1598,1699.62
44725,-2.2865,2.1584,10.5285,1619,1699.62
44730,0.3555,2.3846,10.331,1609,1699.62
44735,-0.4717,2.5929,10.653,1624,1699.62
44740,-1.1217,1.4449,10.9642,1621,1699.62
44745,-0.3472,0.4477,11.2587,1619,1699.62
44750,-1.5455,0.1221,10.9942,1597,1699.62
44755,-1.4162,1.4688,10.9475,1599,1699.81
44760,-2.2134,2.0686,10.3645,1607,1699.81
44765,0.146,2.4038,10.4028,1599,1699.81
44770,-0.2286,2.739,10.6243,1624,1699.81
44775,-1.1588,1.5119,10.8685,1613,1699.81
44780,-0.3256,0.5339,11.3449,1631,1699.81
44785,-1.4473,0.0323,10.9774,1595,1699.81
44790,-1.4365,1.4198,11.1654,1607,1699.62
44795,-2.1344,1.8962,10.2208,1606,1699.62
44800,-0.0874,2.4768,10.568,1605,1699.62
44805,0.0646,2.6516,10.4603,1619,1699.62
44810,-1.1636,1.6747,10.9642,1599,1699.62
44815,-0.3316,0.4705,11.2085,1622,1699.62
44820,-1.421,0.0563,11.0456,1595,1699.62
44825,-1.5215,1.4138,11.0995,1607,1699.86
44830,-1.9716,1.9046,10.2388,1609,1699.86
44835,-0.2514,2.5055,10.5919,1599,1699.86
44840,0.4142,2.63,10.2604,1605,1699.86
44845,-1.0989,1.9345,11.048,1599,1699.86
44850,-0.425,0.5136,11.139,1623,1699.86
44855,-1.5419,-0.0694,11.2575,1605,1699.86
44860,-1.5431,1.2246,10.963,1605,1697.6
44865,-1.8794,2.0686,10.4483,1609,1697.6
44870,-0.5531,2.4948,10.3082,1619,1697.6
44875,0.7195,2.8551,10.3777,1624,1697.6
44880,-1.2043,1.9656,11.0492,1596,1697.6
44885,-0.3268,0.3831,11.133,1611,1697.6
44890,-1.4533,-0.0299,11.4251,1598,1697.6
44895,-1.6161,1.0499,10.9367,1609,1695.06
44900,-1.5095,2.1033,10.6267,1610,1695.06
44905,-0.8667,2.3595,10.0772,1619,1695.06
44910,0.9924,3.0622,10.5261,1613,1695.06
44915,-1.3503,1.9489,10.7021,1621,1695.06
44920,-0.3208,0.759,11.2707,1597,1695.06
44925,-1.2725,0.0479,11.3868,1597,1695.06
44930,-1.5455,0.8739,10.8852,1607,1697.36
44935,-1.3874,1.9668,10.7021,1605,1697.36
44940,-1.1648,2.2302,10.1179,1618,1697.36
44945,1.1037,3.0251,10.7033,1600,1697.36
44950,-1.3563,1.9465,10.4782,1620,1697.36
44955,-0.3627,1.0223,11.4263,1627,1697.36
44960,-1.1408,0.085,11.2348,1607,1697.36
44965,-1.5957,0.8751,11.0169,1620,1700.15
44970,-1.3815,1.7166,10.5369,1607,1700.15
44975,-1.3527,2.3104,10.2999,1608,1700.15
44980,1.2007,2.8395,10.586,1596,1700.15
44985,-1.4102,2.0123,10.574,1611,1700.15
44990,-0.4513,0.9888,11.382,1617,1700.15
44995,-0.996,0.1185,11.1402,1624,1700.15
45000,-1.5694,0.8978,11.0887,1625,1700.44
45005,-1.3874,1.6269,10.4519,1621,1700.44
45010,-1.5227,2.3834,10.4639,1625,1700.44
45015,1.227,2.7222,10.507,1593,1700.44
45020,-1.3575,2.1272,10.6745,1606,1700.44
45025,-0.2286,1.0894,11.1881,1607,1700.44
45030,-1.3659,0.3041,11.3796,1619,1700.44
45035,-1.4269,0.6572,10.9607,1618,1698.56
45040,-1.2689,1.6388,10.58,1623,1698.56
45045,-2.047,2.3391,10.4339,1621,1698.56
45050,1.4557,2.7713,10.556,1597,1698.56
45055,-1.2833,1.9345,10.8769,1597,1698.56
45060,-0.6357,0.4764,11.2934,1609,1698.56
45065,-0.8703,0.3651,11.3952,1605,1698.56
45070,-1.5706,0.7171,10.8122,1608,1698.56
45075,-1.3743,2.1249,10.6853,1613,1694.01
45080,-2.1464,2.2972,9.973,1613,1694.01
45085,1.3001,2.8874,10.6602,1623,1694.01
45090,-1.312,2.144,10.562,1595,1694.01
45095,-0.6907,0.8009,11.2468,1623,1694.01
45100,-0.7183,0.1089,11.4658,1615,1694.01
45105,-1.5012,0.3184,10.8134,1599,1694.01
45110,-1.2175,1.9082,10.9559,1599,1696.4
45115,-2.2182,2.0985,10.0449,1607,1696.4
45120,1.0032,2.9209,10.6769,1611,1696.4
45125,-1.2055,2.1644,10.3418,1593,1696.4
45130,-0.7769,1.3001,11.3246,1626,1696.4
45135,-0.5997,0.2454,11.1917,1595,1696.4
45140,-1.5766,0.2442,10.8769,1621,1696.4
45145,-1.2689,1.6316,10.9391,1613,1698.95
45150,-2.3296,1.974,10.1957,1606,1698.95
45155,0.9397,2.7689,10.6757,1605,1698.95
45160,-1.0894,2.1835,10.2592,1592,1698.95
45165,-0.9373,1.482,11.412,1619,1698.95
45170,-0.4776,0.1616,11.0373,1612,1698.95
45175,-1.6113,0.3412,11.0816,1621,1698.95
45180,-1.2869,1.476,10.7045,1612,1699.43
45185,-2.3774,2.0662,10.404,1604,1699.43
45190,0.7973,2.5905,10.4878,1599,1699.43
45195,-0.9517,2.3367,10.4232,1597,1699.43
45200,-0.9996,1.4653,11.2432,1609,1699.43
45205,-0.3711,0.2562,11.1019,1607,1699.43
45210,-1.6269,0.3388,11.0887,1615,1699.43
45215,-1.3312,1.4293,10.6889,1607,1699.52
45220,-2.3918,2.1225,10.41,1623,1699.52
45225,0.6177,2.4373,10.3705,1607,1699.52
45230,-0.7614,2.4852,10.5908,1605,1699.52
45235,-1.1097,1.3994,11.0516,1627,1699.52
45240,-0.3256,0.4034,11.2468,1609,1699.52
45245,-1.6113,0.1975,10.9702,1607,1699.52
45250,-1.3324,1.5036,10.9092,1607,1699.91
45255,-2.3679,2.0865,10.3525,1621,1699.91
45260,0.4286,2.4241,10.4184,1610,1699.91
45265,-0.5986,2.5893,10.6039,1625,1699.91
45270,-1.1193,1.4162,10.9702,1614,1699.91
45275,-0.2945,0.4633,11.3234,1611,1699.91
45280,-1.5407,0.0946,10.8374,1597,1699.91
45285,-1.3994,1.5239,11.1223,1603,1700.54
45290,-2.3559,1.9549,10.2017,1609,1700.54
45295,0.3089,2.5115,10.5776,1609,1700.54
45300,-0.419,2.5307,10.422,1625,1700.54
45305,-1.1217,1.5969,11.0875,1614,1700.54
45310,-0.2945,0.4764,11.23,1629,1700.54
45315,-1.5203,0.152,10.9714,1594,1700.54
45320,-1.4126,1.488,11.151,1592,1700.73
45325,-2.2673,1.8759,10.1933,1607,1700.73
45330,0.0982,2.5175,10.5884,1607,1700.73
45335,-0.2215,2.5211,10.319,1619,1700.73
45340,-1.1552,1.7573,11.1833,1609,1700.73
45345,-0.2849,0.4142,11.0445,1627,1700.73
45350,-1.4976,0.1676,11.1366,1595,1700.73
45355,-1.4234,1.3036,10.963,1598,1700.49
45360,-2.1261,1.9585,10.3489,1604,1700.49
45365,-0.0479,2.4026,10.4651,1599,1700.49
45370,0.0706,2.6396,10.4076,1612,1700.49
45375,-1.1624,1.7933,11.1211,1597,1700.49
45380,-0.2861,0.4752,11.0325,1621,1700.49
45385,-1.5251,0.1963,11.2695,1604,1700.49
45390,-1.4605,1.1768,10.823,1599,1700.29
45395,-1.9585,2.071,10.5584,1607,1700.29
45400,-0.2502,2.2565,10.3633,1597,1700.29
45405,0.2753,2.8647,10.5596,1627,1700.29
45410,-1.2342,1.7238,10.8793,1596,1700.29
45415,-0.2981,0.7458,11.1905,1621,1700.29
45420,-1.3958,0.1065,11.1953,1599,1700.29
45425,-1.4521,1.1672,10.8757,1599,1700.25
45430,-1.7753,1.9932,10.5489,1607,1700.25
45435,-0.5255,2.2434,10.2939,1619,1700.25
45440,0.5076,2.9269,10.6698,1624,1700.25
45445,-1.257,1.737,10.7009,1597,1700.25
45450,-0.2825,0.8164,11.3497,1611,1700.25
45455,-1.2833,0.0419,11.0456,1591,1700.25
45460,-1.4904,1.1887,11.0181,1599,1700.2
45465,-1.6616,1.8471,10.404,1610,1700.2
45470,-0.6943,2.3343,10.4435,1615,1700.2
45475,0.6704,2.8778,10.5836,1617,1700.2
45480,-1.2582,1.8675,10.7428,1613,1700.2
45485,-0.3496,0.826,11.2911,1619,1700.2
45490,-1.1995,0.0646,11.0899,1606,1700.2
45495,-1.4976,1.2019,11.1486,1605,1700.05
45500,-1.5886,1.6747,10.3465,1607,1700.05
45505,-0.9613,2.4696,10.5477,1619,1700.05
45510,0.929,2.7198,10.4686,1605,1700.05
45515,-1.2534,2.071,10.8601,1612,1700.05
45520,-0.4094,0.7566,11.1199,1625,1700.05
45525,-1.16,0.1556,11.3234,1599,1700.05
45530,-1.5383,0.99,11.0181,1619,1699.96
45535,-1.5,1.7178,10.4579,1607,1699.96
45540,-1.154,2.4038,10.4303,1605,1699.96
45545,1.0642,2.7366,10.3693,1599,1699.96
45550,-1.2761,2.2302,10.8948,1613,1699.96
45555,-0.4717,0.7422,11.0528,1617,1699.96
45560,-1.1372,0.2334,11.4982,1625,1699.96
45565,-1.5371,0.7266,10.8637,1619,1699.91
45570,-1.3575,1.8878,10.6961,1625,1699.91
45575,-1.385,2.2362,10.2113,1623,1699.91
45580,1.1887,2.8479,10.5644,1597,1699.91
45585,-1.3312,2.1512,10.6722,1608,1699.91
45590,-0.5351,0.8404,11.1294,1611,1699.91
45595,-1.0487,0.3148,11.4503,1621,1699.91
45600,-1.5993,0.5914,10.8026,1615,1699.86
45605,-1.239,1.913,10.835,1627,1699.86
45610,-1.6245,2.0937,10.094,1623,1699.86
45615,1.2857,2.982,10.7248,1595,1699.86
45620,-1.3647,2.0399,10.4627,1595,1699.86
45625,-0.5243,1.0726,11.3772,1607,1699.86
45630,-0.899,0.1939,11.2492,1609,1699.86
45635,-1.6125,0.589,10.8661,1611,1699.86
45640,-1.2234,1.7968,10.7859,1615,1699.52
45645,-1.8639,2.1787,10.1718,1623,1699.52
45650,1.2893,2.9078,10.7332,1611,1699.52
45655,-1.3743,2.0315,10.3549,1595,1699.52
45660,-0.644,1.1839,11.4634,1607,1699.52
45665,-0.7901,0.1592,11.139,1599,1699.52
45670,-1.646,0.6093,11.0828,1599,1699.52
45675,-1.2414,1.646,10.665,1611,1699.67
45680,-2.0423,2.2051,10.3202,1609,1699.67
45685,1.239,2.7605,10.5441,1618,1699.67
45697,0.0,-29.9981,0.1556,1624,1699.67
45700,-0.6393,0.2454,11.1654,1611,1699.67
45705,-1.6113,0.5531,11.0445,1599,1699.67
45710,-1.2689,1.567,10.6578,1599,1699.96
45715,-2.1512,2.2601,10.4459,1605,1699.96
45720,1.1612,2.6671,10.4543,1605,1699.96
45725,-1.3001,2.2901,10.6338,1593,1699.96
45730,-0.8128,1.1181,11.1654,1619,1699.96
45735,-0.6428,0.3567,11.3258,1607,1699.96
45740,-1.5814,0.3807,10.9247,1624,1699.96
45745,-1.2378,1.6448,10.8158,1612,1699.96
45750,-2.2601,2.1715,10.3202,1607,1699.96
45755,0.9996,2.6528,10.5046,1607,1699.96
45760,-1.1983,2.3092,10.5967,1591,1699.96
45765,-0.8356,1.154,11.1043,1619,1699.96
45770,-0.5734,0.3711,11.3641,1610,1699.96
45775,-1.5598,0.2646,10.75,1624,1699.96
45780,-1.2653,1.7358,10.9822,1607,1699.76
45785,-2.4146,2.0255,10.1562,1606,1699.76
45790,0.8835,2.7114,10.6386,1605,1699.76
45795,-1.081,2.1991,10.4327,1597,1699.76
45800,-0.9158,1.3503,11.1893,1609,1699.76
45805,-0.5483,0.3017,11.2719,1614,1699.76
45810,-1.573,0.2765,10.8457,1619,1699.76
45815,-1.2701,1.6975,11.0504,1609,1699.86
45820,-2.4493,1.974,10.1658,1624,1699.86
45825,0.7781,2.6647,10.6614,1607,1699.86
45830,-0.8978,2.2122,10.2747,1599,1699.86
45835,-0.9792,1.5155,11.2946,1628,1699.86
45840,-0.4633,0.2155,11.0229,1611,1699.86
45845,-1.6257,0.3196,11.0445,1609,1699.86
45850,-1.3551,1.5167,10.8469,1593,1699.33
45855,-2.3954,2.053,10.3441,1625,1699.33
45860,0.6021,2.4744,10.5309,1605,1699.33
45865,-0.7111,2.3236,10.3585,1627,1699.33
45870,-1.0702,1.567,11.2719,1622,1699.33
45875,-0.401,0.243,11.0852,1616,1699.33
45880,-1.6305,0.2717,11.2132,1599,1699.33
45885,-1.3838,1.3958,10.8086,1605,1698.47
45890,-2.2649,2.1488,10.4639,1610,1698.47
45895,0.3663,2.3391,10.3741,1607,1698.47
45900,-0.4226,2.5786,10.5309,1624,1698.47
45905,-1.1325,1.5155,11.0109,1615,1698.47
45910,-0.3065,0.431,11.2348,1631,1698.47
45915,-1.567,0.2298,11.1127,1595,1698.47
45920,-1.397,1.3503,10.7775,1599,1698.47
45925,-2.211,2.144,10.4639,1606,1698.47
45930,0.1125,2.3116,10.3657,1605,1698.47
45935,-0.2203,2.7306,10.6542,1621,1698.47
45940,-1.166,1.5048,10.8888,1596,1698.47
45945,-0.2873,0.5794,11.3162,1625,1698.47
45950,-1.4832,0.0443,10.9379,1597,1698.47
45955,-1.4832,1.4928,11.0265,1605,1698.42
45960,-2.1153,1.9932,10.3011,1611,1698.42
45965,-0.1125,2.3822,10.4758,1593,1698.42
45970,0.1113,2.7174,10.568,1597,1698.42
45975,-1.2163,1.6448,10.9391,1603,1698.42
45980,-0.2813,0.6237,11.3042,1623,1698.42
45985,-1.4353,0.0048,11.0145,1607,1698.42
45990,-1.4736,1.4365,11.133,1607,1698.71
45995,-1.8854,1.8759,10.2029,1595,1698.71
46000,-0.3053,2.4313,10.6135,1614,1698.71
46005,0.334,2.6025,10.2855,1625,1698.71
46010,-1.2426,1.8699,10.9966,1599,1698.71
46015,-0.2813,0.577,11.1031,1609,1698.71
46020,-1.4078,0.0694,11.1713,1599,1698.71
46025,-1.4856,1.2462,11.0421,1608,1698.75
46030,-1.7681,1.8723,10.386,1608,1698.75
46035,-0.571,2.4229,10.5225,1619,1698.75
46040,0.6333,2.6779,10.3334,1614,1698.75
46045,-1.2641,1.998,11.0612,1609,1698.75
46050,-0.3029,0.5962,11.0157,1615,1698.75
46055,-1.3743,0.2167,11.3581,1598,1698.75
46060,-1.5323,1.0798,10.8852,1609,1698.71
46065,-1.5897,1.9537,10.6075,1609,1698.71
46070,-0.8104,2.2661,10.2795,1617,1698.71
46075,0.8763,2.8371,10.5093,1611,1698.71
46080,-1.3072,1.9956,10.8182,1621,1698.71
46085,-0.3136,0.7949,11.1294,1623,1698.71
46090,-1.3192,0.2131,11.4275,1599,1698.71
46095,-1.6125,0.9206,10.8218,1618,1698.95
46100,-1.3922,1.98,10.7595,1607,1698.95
46105,-1.0822,2.1955,10.1311,1613,1698.95
46110,1.0331,2.9868,10.7021,1599,1698.95
46115,-1.3348,1.9357,10.5453,1613,1698.95
46120,-0.2933,0.9301,11.2934,1619,1698.95
46125,-1.2175,0.1508,11.242,1623,1698.95
46130,-1.573,0.8799,10.9271,1613,1698.95
46135,-1.3216,1.8423,10.6434,1621,1698.95
46140,-1.3216,2.2541,10.2316,1625,1698.95
46145,1.2115,2.9676,10.6985,1595,1698.95
46150,-1.3994,1.9225,10.5285,1605,1698.95
46155,-0.3747,1.0654,11.4227,1611,1698.95
46160,-1.0858,0.067,11.1749,1622,1698.95
46165,-1.5431,0.8918,11.048,1622,1698.85
46170,-1.2941,1.652,10.495,1629,1698.85
46175,-1.5371,2.3679,10.3633,1625,1698.85
46180,1.2653,2.8347,10.55,1595,1698.85
46185,-1.3443,2.0662,10.6434,1599,1698.85
46190,-0.4705,0.9325,11.3401,1610,1698.85
46195,-1.0056,0.1341,11.2312,1609,1698.85
46200,-1.5479,0.7434,11.0253,1611,1698.85
46205,-1.3527,1.6652,10.5034,1621,1697.6
46210,-1.7394,2.3703,10.4016,1615,1697.6
46215,1.2989,2.7438,10.4375,1619,1697.6
46220,-1.3455,2.2541,10.75,1595,1697.6
46225,-0.5926,0.8691,11.1809,1609,1697.6
46230,-0.9026,0.2191,11.3581,1605,1697.6
46235,-1.5694,0.5052,10.8924,1599,1697.6
46240,-1.2725,1.7825,10.7691,1611,1696.45
46245,-2.0016,2.2697,10.2639,1607,1696.45
46250,1.245,2.7689,10.4938,1613,1696.45
46255,-1.2486,2.2948,10.5728,1592,1696.45
46260,-0.7159,1.0307,11.1498,1629,1696.45
46265,-0.82,0.243,11.4347,1610,1696.45
46270,-1.5586,0.2969,10.732,1619,1696.45
46275,-1.2546,1.8423,10.999,1595,1696.35
46280,-2.2422,2.071,10.1323,1608,1696.35
46285,1.1277,2.824,10.659,1608,1696.35
46290,-1.1744,2.1847,10.4004,1594,1696.35
46295,-0.7781,1.1911,11.2851,1625,1696.35
46300,-0.6919,0.2083,11.2827,1609,1696.35
46305,-1.6149,0.2861,10.7607,1623,1696.35
46310,-1.2629,1.8531,10.9678,1614,1695.92
46315,-2.4146,2.0087,10.161,1608,1695.92
46320,0.9421,2.8048,10.7212,1608,1695.92
46325,-1.0534,2.1572,10.2508,1599,1695.92
46330,-0.8523,1.4281,11.4096,1609,1695.92
46335,-0.5339,0.17,11.1151,1615,1695.92
46340,-1.6592,0.2729,11.0002,1619,1695.92
46345,-1.3072,1.6508,10.8697,1619,1696.3
46350,-2.4421,2.0411,10.3382,1625,1696.3
46355,0.8092,2.5929,10.5225,1605,1696.3
46360,-0.826,2.2146,10.343,1609,1696.3
46365,-1.0056,1.5479,11.3772,1627,1696.3
46370,-0.3855,0.1568,11.0504,1611,1696.3
46375,-1.6628,0.2957,11.1091,1608,1696.3
46380,-1.3288,1.4892,10.8218,1599,1697.31
46385,-2.4409,2.1823,10.4914,1619,1697.31
46390,0.589,2.405,10.3765,1609,1697.31
46395,-0.6285,2.4576,10.5034,1628,1697.31
46400,-1.1001,1.4593,11.06,1619,1697.31
46405,-0.334,0.3077,11.2432,1623,1697.31
46410,-1.5969,0.1927,11.0409,1597,1697.31
46415,-1.3695,1.4473,10.8685,1605,1697.84
46420,-2.3571,2.1775,10.4675,1608,1697.84
46425,0.3831,2.375,10.3346,1607,1697.84
46430,-0.4118,2.6312,10.6338,1625,1697.84
46435,-1.1349,1.4341,10.963,1613,1697.84
46440,-0.2897,0.4465,11.3557,1629,1697.84
46445,-1.6352,0.0587,10.9044,1599,1697.84
46450,-1.4449,1.4976,11.1091,1606,1697.89
46455,-2.2948,2.0925,10.2663,1606,1697.89
46460,0.182,2.4193,10.4363,1619,1697.89
46465,-0.2047,2.6564,10.4303,1615,1697.89
46470,-1.1432,1.5155,10.9642,1605,1697.89
46475,-0.255,0.5112,11.3353,1625,1697.89
46480,-1.482,-0.0144,10.975,1605,1697.89
46485,-1.4712,1.4916,11.2228,1603,1697.7
46490,-2.15,1.9609,10.2328,1610,1697.7
46495,-0.0611,2.4792,10.5931,1592,1697.7
46500,0.0826,2.636,10.3286,1627,1697.7
46505,-1.136,1.7322,11.0887,1598,1697.7
46510,-0.2981,0.5279,11.1378,1619,1697.7
46515,-1.482,0.0359,11.1306,1605,1697.7
46520,-1.4904,1.3946,11.0852,1605,1698.08
46525,-1.9369,2.0051,10.3609,1607,1698.08
46530,-0.3256,2.4337,10.5129,1625,1698.08
46535,0.3412,2.6612,10.2903,1623,1698.08
46540,-1.172,1.9213,11.1139,1603,1698.08
46545,-0.3017,0.5531,11.06,1609,1698.08
46550,-1.4521,0.1006,11.315,1605,1698.08
46555,-1.5287,0.7697,10.8326,1610,1698.51
46560,-1.7286,2.0446,10.5441,1610,1698.51
46565,-1.4102,2.2529,10.1155,1615,1698.51
46570,0.589,2.8407,10.4375,1615,1698.51
46575,-1.3144,2.0782,10.5321,1617,1698.51
46580,-0.3843,0.9649,11.2719,1627,1698.51
46585,-1.1289,0.097,11.3509,1597,1698.51
46590,-1.5431,0.6764,10.8553,1605,1698.61
46595,-1.2665,1.8591,10.8062,1607,1698.61
46600,-1.6316,2.2194,10.0904,1617,1698.61
46605,1.2809,2.982,10.7607,1605,1698.61
46610,-1.3396,2.0339,10.3789,1614,1698.61
46615,-0.5124,1.1001,11.4323,1625,1698.61
46620,-1.0044,0.0814,11.1558,1614,1698.61
46625,-1.5622,0.7135,11.0468,1621,1698.61
46630,-1.2989,1.7322,10.671,1609,1698.61
46635,-1.8471,2.2817,10.3046,1611,1698.61
46640,1.2905,2.7952,10.6326,1598,1698.61
46645,-1.3048,2.1105,10.4303,1611,1698.61
46650,-0.656,1.1049,11.4024,1615,1698.61
46655,-0.8487,0.1317,11.1893,1624,1698.61
46660,-1.5921,0.6213,11.1079,1619,1698.03
46665,-1.2689,1.6245,10.568,1626,1698.03
46670,-2.0051,2.3116,10.404,1623,1698.03
46675,1.1887,2.6983,10.4675,1596,1698.03
46680,-1.251,2.211,10.6386,1599,1698.03
46685,-0.8009,1.0714,11.2647,1611,1698.03
46690,-0.7482,0.2286,11.2899,1615,1698.03
46695,-1.6005,0.3867,10.9499,1615,1698.03
46700,-1.257,1.7071,10.7081,1613,1698.03
46705,-2.2158,2.2254,10.4399,1619,1698.03
46710,1.1229,2.6851,10.3872,1595,1698.03
46715,-1.166,2.3523,10.6099,1597,1698.03
46720,-0.8942,1.136,11.1294,1613,1698.03
46725,-0.6476,0.267,11.3964,1604,1698.03
46730,-1.5969,0.2514,10.7871,1606,1698.03
46735,-1.2151,1.8184,10.9068,1615,1698.37
46740,-2.3092,2.0303,10.1502,1613,1698.37
46745,0.9661,2.7845,10.5465,1616,1698.37
46750,-1.0834,2.2589,10.5129,1592,1698.37
46755,-0.9242,1.2917,11.1953,1621,1698.37
46760,-0.5411,0.2083,11.3593,1609,1698.37
46765,-1.6041,0.1784,10.7763,1599,1698.37
46770,-1.2725,1.7909,11.0313,1605,1698.18
46775,-2.4708,1.9992,10.1382,1607,1698.18
46780,0.8428,2.7737,10.6817,1605,1698.18
46785,-0.9086,2.1679,10.2855,1589,1698.18
46790,-0.9625,1.5191,11.3342,1627,1698.18
46795,-0.498,0.1137,11.1426,1614,1698.18
46800,-1.6257,0.2095,10.9547,1622,1698.18
46805,-1.2725,1.6388,10.9846,1613,1697.99
46810,-2.5103,2.0063,10.252,1596,1697.99
46815,0.7027,2.6205,10.5788,1605,1697.99
46820,-0.7159,2.2326,10.3058,1593,1697.99
46825,-1.0523,1.6005,11.3725,1623,1697.99
46830,-0.3759,0.1173,11.0552,1595,1697.99
46835,-1.6891,0.2023,11.1067,1623,1697.99
46840,-1.3084,1.4401,10.7811,1613,1697.55
46845,-2.4325,2.1452,10.495,1607,1697.55
46850,0.5124,2.4553,10.416,1605,1697.55
46855,-0.5626,2.5235,10.5034,1595,1697.55
46860,-1.0965,1.5945,11.1845,1611,1697.55
46865,-0.328,0.3053,11.1474,1611,1697.55
46870,-1.6484,0.1879,11.1103,1627,1697.55
46875,-1.385,1.342,10.8397,1623,1697.26
46880,-2.2877,2.2015,10.507,1625,1697.26
46885,0.2622,2.2948,10.3046,1610,1697.26
46890,-0.2442,2.7426,10.5608,1611,1697.26
46895,-1.1157,1.5706,10.9559,1629,1697.26
46900,-0.3136,0.4944,11.3054,1609,1697.26
46905,-1.585,0.0395,11.0409,1607,1697.26
46910,-1.4569,1.4078,11.0349,1605,1697.41
46915,-2.1404,2.053,10.3944,1613,1697.41
46920,-0.0024,2.3092,10.3238,1610,1697.41
46925,-0.018,2.8036,10.5896,1627,1697.41
46930,-1.1372,1.6077,10.8697,1623,1697.41
46935,-0.3232,0.6572,11.3342,1623,1697.41
46940,-1.4976,-0.0144,10.9427,1599,1697.41
46945,-1.4868,1.4832,11.2276,1599,1697.41
46950,-1.986,1.8866,10.2699,1607,1697.41
46955,-0.2274,2.381,10.5082,1605,1697.41
46960,0.261,2.7043,10.3837,1640,1697.41
46965,-1.1289,1.7849,10.9619,1611,1697.41
46970,-0.3352,0.662,11.248,1629,1697.41
46975,-1.4269,0.0204,11.0887,1599,1697.41
46980,-1.4916,1.3671,11.1869,1599,1697.02
46985,-1.7861,1.8364,10.2987,1606,1697.02
46990,-0.5148,2.4553,10.4986,1609,1697.02
46995,0.5842,2.7126,10.3262,1597,1697.02
47000,-1.1803,1.9884,11.0109,1599,1697.02
47005,-0.346,0.5974,11.06,1623,1697.02
47010,-1.3623,0.0694,11.4024,1606,1697.02
47015,-1.5167,1.0906,10.993,1599,1696.88
47020,-1.6053,1.8878,10.5297,1609,1696.88
47025,-0.8152,2.4181,10.3238,1593,1696.88
47030,0.8284,2.812,10.4136,1630,1696.88
47035,-1.2498,2.0997,10.9235,1597,1696.88
47047,-0.3555,0.65,11.0792,1627,1696.88
47050,-1.4916,1.3048,10.975,1596,1697.02
47055,-1.9166,2.0842,10.5141,1609,1697.02
47060,-0.34,2.3331,10.2687,1604,1697.02
47065,0.3759,2.7605,10.489,1629,1697.02
47070,-1.1947,1.8926,10.9666,1599,1697.02
47075,-0.3077,0.5555,11.0899,1619,1697.02
47080,-1.4269,0.1245,11.3868,1607,1697.02
47085,-1.4952,1.1013,10.8888,1599,1697.07
47090,-1.6915,2.1057,10.5872,1609,1697.07
47095,-0.668,2.2972,10.2125,1623,1697.07
47100,0.6536,2.9269,10.635,1621,1697.07
47105,-1.2366,1.834,10.6949,1599,1697.07
47110,-0.3029,0.7602,11.2803,1609,1697.07
47115,-1.3372,0.0371,11.2336,1605,1697.07
47120,-1.561,1.087,11.0061,1613,1697.36
47125,-1.5371,1.8854,10.6183,1609,1697.36
47130,-0.9457,2.2781,10.2663,1619,1697.36
47135,0.8954,2.9329,10.6195,1611,1697.36
47140,-1.3252,1.8615,10.6171,1613,1697.36
47145,-0.3508,0.9313,11.3784,1626,1697.36
47150,-1.2079,0.0359,11.1869,1599,1697.36
47155,-1.6005,1.0774,11.1378,1605,1697.84
47160,-1.4329,1.7669,10.4495,1605,1697.84
47165,-1.1636,2.3619,10.3729,1614,1697.84
47170,1.0726,2.7928,10.4938,1598,1697.84
47175,-1.3623,2.0794,10.7308,1629,1697.84
47180,-0.3915,0.8547,11.297,1621,1697.84
47185,-1.0786,0.1233,11.2934,1615,1697.84
47190,-1.6328,0.9062,11.0935,1620,1697.74
47195,-1.3707,1.7035,10.4603,1621,1697.74
47200,-1.3958,2.3918,10.4148,1621,1697.74
47205,1.2139,2.8,10.3884,1605,1697.74
47210,-1.318,2.2134,10.7978,1609,1697.74
47215,-0.4477,0.8523,11.157,1605,1697.74
47220,-1.0534,0.2047,11.4419,1621,1697.74
47225,-1.6508,0.6943,10.9247,1625,1697.41
47230,-1.2522,1.7585,10.732,1629,1697.41
47235,-1.652,2.2817,10.2843,1619,1697.41
47240,1.2893,2.7916,10.5201,1595,1697.41
47245,-1.415,2.211,10.6937,1599,1697.41
47250,-0.5243,0.893,11.1666,1611,1697.41
47255,-1.0008,0.2526,11.4742,1612,1697.41
47260,-1.5299,0.492,10.7943,1611,1697.41
47265,-1.1935,1.9154,10.9535,1621,1697.22
47270,-1.9369,2.1249,10.088,1622,1697.22
47275,1.3288,2.9389,10.6638,1618,1697.22
47280,-1.3994,2.1129,10.489,1597,1697.22
47285,-0.5758,1.1025,11.3066,1609,1697.22
47290,-0.8906,0.1951,11.3772,1603,1697.22
47295,-1.5969,0.3831,10.7967,1599,1697.22
47300,-1.2222,1.7968,10.9403,1605,1697.6
47305,-2.1907,2.0973,10.1095,1611,1697.6
47310,1.2055,2.9137,10.7931,1619,1697.6
47315,-1.3192,2.0387,10.2951,1587,1697.6
47320,-0.668,1.2665,11.4718,1627,1697.6
47325,-0.7961,0.1281,11.2013,1613,1697.6
47330,-1.6412,0.4453,11.0169,1603,1697.6
47335,-1.2414,1.6879,10.8098,1606,1697.74
47340,-2.2889,2.144,10.2532,1609,1697.74
47345,1.1037,2.715,10.5704,1609,1697.74
47350,-1.2139,2.1141,10.325,1593,1697.74
47355,-0.8068,1.3144,11.3988,1625,1697.74
47360,-0.6369,0.1532,11.1318,1613,1697.74
47365,-1.6005,0.4058,11.0923,1624,1697.74
47370,-1.3252,1.5598,10.7164,1613,1697.55
47375,-2.3822,2.2278,10.422,1605,1697.55
47380,0.9206,2.5271,10.3717,1605,1697.55
47385,-1.0331,2.32,10.5273,1597,1697.55
47390,-0.9337,1.2941,11.163,1613,1697.55
47395,-0.5531,0.2825,11.2504,1618,1697.55
47400,-1.6197,0.2705,10.999,1621,1697.55
47405,-1.3539,1.585,10.8158,1612,1697.02
47410,-2.3679,2.2015,10.3669,1623,1697.02
47415,0.759,2.4948,10.3118,1608,1697.02
47420,-0.7997,2.4708,10.6123,1599,1697.02
47425,-0.9888,1.2989,11.0337,1613,1697.02
47430,-0.4657,0.31,11.3569,1613,1697.02
47435,-1.6137,0.0862,10.8074,1611,1697.02
47440,-1.3491,1.6795,11.0409,1605,1696.4
47445,-2.4205,1.9932,10.2161,1621,1696.4
47450,0.5016,2.5271,10.4746,1609,1696.4
47455,-0.5507,2.5067,10.4794,1625,1696.4
47460,-1.0534,1.4724,11.0325,1625,1696.4
47465,-0.3855,0.3424,11.3282,1599,1696.4
47470,-1.5574,0.0431,10.8062,1605,1696.4
47475,-1.3838,1.6568,11.1618,1598,1695.97
47480,-2.3475,1.9501,10.1394,1611,1695.97
47485,0.2945,2.5414,10.562,1608,1695.97
47490,-0.3508,2.466,10.3238,1624,1695.97
47495,-1.1265,1.6448,11.1893,1617,1695.97
47500,-0.3136,0.2682,11.1318,1627,1695.97
47505,-1.5886,0.0575,11.0229,1597,1695.97
47510,-1.4054,1.4449,11.0983,1605,1696.02
47515,-2.1787,2.0171,10.2987,1607,1696.02
47520,0.0132,2.4756,10.4938,1605,1696.02
47525,-0.006,2.5762,10.3178,1611,1696.02
47530,-1.1313,1.81,11.1809,1605,1696.02
47535,-0.255,0.3651,11.0301,1627,1696.02
47540,-1.5658,0.1101,11.2252,1609,1696.02
47545,-1.4617,1.2414,10.9259,1599,1696.26
47550,-1.9704,2.1668,10.5117,1609,1696.26
47555,-0.2394,2.3032,10.2891,1605,1696.26
47560,0.2705,2.7641,10.404,1621,1696.26
47565,-1.1983,1.8088,11.0049,1599,1696.26
47570,-0.2191,0.5303,11.1833,1619,1696.26
47575,-1.6017,0.0826,11.2623,1606,1696.26
47580,-1.4796,1.1696,10.8793,1608,1696.35
47585,-1.7274,2.1536,10.6267,1613,1696.35
47590,-0.6045,2.247,10.1909,1625,1696.35
47595,0.583,2.9221,10.659,1621,1696.35
47600,-1.2318,1.7538,10.738,1598,1696.35
47605,-0.1891,0.7709,11.3198,1612,1696.35
47610,-1.3755,-0.0048,11.1546,1598,1696.35
47615,-1.5071,1.1576,11.0109,1613,1696.54
47620,-1.5407,2.0063,10.5548,1609,1696.54
47625,-0.8523,2.2924,10.2675,1621,1696.54
47630,0.8284,2.9401,10.5608,1613,1696.54
47635,-1.2749,1.8699,10.6458,1619,1696.54
47640,-0.2957,0.9002,11.4036,1627,1696.54
47645,-1.2713,-0.0503,11.1462,1599,1696.54
47650,-1.5826,1.1372,11.1342,1621,1696.93
47655,-1.4976,1.7992,10.4315,1606,1696.93
47660,-1.0666,2.4157,10.3537,1614,1696.93
47665,1.0666,2.8383,10.4531,1599,1696.93
47670,-1.3084,2.0363,10.7212,1617,1696.93
47675,-0.3352,0.82,11.3042,1625,1696.93
47680,-1.1875,-0.0072,11.2492,1624,1696.93
47685,-1.6077,0.9661,11.1247,1611,1696.45
47690,-1.3934,1.7107,10.5034,1624,1696.45
47695,-1.3503,2.4445,10.4184,1625,1696.45
47700,1.1947,2.7713,10.3418,1597,1696.45
47705,-1.3084,2.2589,10.7787,1608,1696.45
47710,-0.4525,0.7781,11.1797,1612,1696.45
47715,-1.0953,0.1999,11.4096,1621,1696.45
47720,-1.5526,0.6967,10.9008,1620,1696.16
47725,-1.3647,1.7921,10.6949,1627,1696.16
47730,-1.5862,2.3511,10.2723,1621,1696.16
47735,1.221,2.824,10.4256,1596,1696.16
47740,-1.2941,2.2589,10.7392,1599,1696.16
47745,-0.5076,0.8727,11.1211,1608,1696.16
47750,-1.0056,0.2693,11.4563,1609,1696.16
47755,-1.5646,0.4729,10.7512,1609,1696.16
47760,-1.2917,1.8687,10.9188,1618,1696.26
47765,-1.8639,2.1548,10.0377,1615,1696.26
47770,1.2091,2.9066,10.6554,1614,1696.26
47775,-1.306,2.1153,10.4579,1595,1696.26
47780,-0.6021,1.0678,11.3246,1613,1696.26
47785,-0.8703,0.2215,11.3641,1609,1696.26
47790,-1.5167,0.3962,10.8421,1599,1696.26
47795,-1.257,1.8962,10.9176,1608,1696.54
47800,-2.083,2.0901,10.1215,1608,1696.54
47805,1.154,2.897,10.7129,1617,1696.54
47810,-1.2222,2.1069,10.331,1592,1696.54
47815,-0.7111,1.2366,11.4527,1627,1696.54
47820,-0.7003,0.1233,11.1582,1612,1696.54
47825,-1.6281,0.4214,11.0169,1622,1696.54
47830,-1.3276,1.6963,10.8242,1609,1696.98
47835,-2.2733,2.1488,10.3238,1607,1696.98
47840,1.0666,2.721,10.5453,1607,1696.98
47845,-1.1624,2.1356,10.3597,1594,1696.98
47850,-0.838,1.3264,11.3677,1621,1696.98
47855,-0.5303,0.1556,11.1235,1613,1696.98
47860,-1.6676,0.3974,11.0887,1625,1696.98
47865,-1.3156,1.5706,10.6686,1615,1697.55
47870,-2.3104,2.217,10.3765,1607,1697.55
47875,0.9098,2.5762,10.3669,1605,1697.55
47880,-0.9792,2.3284,10.5477,1605,1697.55
47885,-0.9888,1.2677,11.1785,1613,1697.55
47890,-0.4477,0.2298,11.2252,1609,1697.55
47895,-1.6592,0.2777,11.0097,1621,1697.55
47900,-1.3623,1.5802,10.835,1607,1698.08
47905,-2.4157,2.1548,10.4064,1625,1698.08
47910,0.7542,2.5235,10.343,1599,1698.08
47915,-0.832,2.4648,10.5608,1605,1698.08
47920,-1.0295,1.2869,11.0026,1629,1698.08
47925,-0.3891,0.3304,11.3473,1611,1698.08
47930,-1.6316,0.1556,10.8421,1611,1698.08
47935,-1.3288,1.6113,11.0708,1605,1698.23
47940,-2.3978,2.0375,10.2424,1619,1698.23
47945,0.5519,2.5522,10.4579,1611,1698.23
47950,-0.65,2.4553,10.4435,1628,1698.23
47955,-1.0427,1.4653,11.0409,1624,1698.23
47960,-0.3089,0.3579,11.3365,1609,1698.23
47965,-1.6257,0.0766,10.8362,1598,1698.23
47970,-1.3743,1.64,11.133,1605,1698.32
47975,-2.4062,1.9441,10.2448,1611,1698.32
47980,0.3531,2.5714,10.635,1605,1698.32
47985,-0.4573,2.4038,10.2831,1624,1698.32
47990,-1.0283,1.6364,11.1797,1617,1698.32
47995,-0.3017,0.334,11.1259,1629,1698.32
48000,-1.5945,0.1089,11.0947,1591,1698.32
48005,-1.391,1.4485,11.048,1605,1698.13
48010,-2.2302,1.9764,10.2927,1607,1698.13
48015,0.1317,2.4469,10.5644,1607,1698.13
48020,-0.2047,2.496,10.228,1625,1698.13
48025,-1.063,1.7154,11.1558,1598,1698.13
48030,-0.2861,0.3831,11.0385,1625,1698.13
48035,-1.6029,0.1604,11.2037,1607,1698.13
48040,-1.4629,1.2522,10.9008,1599,1698.13
48045,-2.0937,2.1213,10.5225,1609,1698.13
48050,-0.0802,2.2996,10.331,1605,1698.13
48055,0.0551,2.7342,10.404,1605,1698.13
48060,-1.1456,1.7466,11.0157,1595,1698.13
48065,-0.2729,0.5339,11.1534,1623,1698.13
48070,-1.5191,0.1257,11.2827,1607,1698.13
48075,-1.5012,1.2043,10.89,1605,1698.23
48080,-1.8735,2.1117,10.5776,1613,1698.23
48085,-0.3436,2.2625,10.2903,1617,1698.23
48090,0.3615,2.9293,10.586,1624,1698.23
48095,-1.1684,1.7262,10.7512,1599,1698.23
48100,-0.2789,0.7302,11.2755,1611,1698.23
48105,-1.4413,0.0084,11.1618,1605,1698.23
48110,-1.5239,1.1612,11.0684,1615,1698.27
48115,-1.7597,1.9848,10.4806,1615,1698.27
48120,-0.5555,2.3116,10.3382,1621,1698.27
48125,0.6285,2.9006,10.5297,1618,1698.27
48130,-1.1851,1.7669,10.7009,1615,1698.27
48135,-0.3017,0.8164,11.3988,1625,1698.27
48140,-1.2917,-0.0587,11.0684,1605,1698.27
48145,-1.4952,1.2043,11.1917,1608,1697.6
48150,-1.6328,1.7561,10.3322,1609,1697.6
48155,-0.8643,2.4828,10.483,1611,1697.6
48160,0.826,2.8156,10.4076,1607,1697.6
48165,-1.2067,2.0315,10.8134,1619,1697.6
48170,-0.3472,0.7697,11.2539,1623,1697.6
48175,-1.2414,0.0192,11.2623,1611,1697.6
48180,-1.5562,1.0367,11.1187,1624,1697.31
48185,-1.5215,1.6867,10.4435,1609,1697.31
48190,-1.0738,2.4924,10.4926,1611,1697.31
48195,1.0463,2.7761,10.3346,1595,1697.31
48200,-1.2402,2.2302,10.8781,1611,1697.31
48205,-0.4142,0.674,11.0708,1613,1697.31
48210,-1.1313,0.1915,11.4239,1623,1697.31
48215,-1.5526,0.7458,10.9642,1622,1697.31
48220,-1.4293,1.8399,10.6913,1629,1697.31
48225,-1.3695,2.3786,10.3178,1629,1697.31
48230,1.1732,2.8216,10.4064,1597,1697.31
48235,-1.2653,2.2625,10.7536,1599,1697.31
48240,-0.4453,0.7829,11.1115,1613,1697.31
48245,-1.0906,0.2346,11.5556,1618,1697.31
48250,-1.5838,0.5435,10.8122,1614,1697.26
48255,-1.3192,1.9046,10.9343,1621,1697.26
48260,-1.6771,2.1943,10.1323,1624,1697.26
48265,1.2965,2.9532,10.653,1604,1697.26
48270,-1.3204,2.1931,10.4447,1599,1697.26
48275,-0.4956,1.0379,11.3174,1609,1697.26
48280,-0.9493,0.2011,11.3784,1607,1697.26
48285,-1.6245,0.4489,10.8673,1609,1697.26
48290,-1.1923,1.8603,10.8816,1615,1697.7
48295,-1.9369,2.1416,10.088,1613,1697.7
48300,1.3072,2.9928,10.7009,1622,1697.7
48305,-1.3491,2.0961,10.2867,1595,1697.7
48310,-0.5782,1.2079,11.4682,1623,1697.7
48315,-0.8045,0.1125,11.157,1614,1697.7
48320,-1.6747,0.4597,10.999,1599,1697.7
48325,-1.2139,1.7358,10.7643,1605,1697.7
48330,-2.1524,2.1632,10.2376,1609,1697.7
48335,1.2522,2.8695,10.5872,1615,1697.7
48340,-1.2629,2.138,10.3825,1595,1697.7
48345,-0.7015,1.2605,11.4323,1625,1697.7
48350,-0.6907,0.1233,11.1438,1615,1697.7
48355,-1.6747,0.4729,11.0696,1623,1697.7
48360,-1.2127,1.5766,10.6698,1615,1697.7
48365,-2.308,2.2553,10.4375,1609,1697.7
48370,1.1193,2.6923,10.4004,1605,1697.7
48375,-1.2091,2.2769,10.5141,1593,1697.7
48380,-0.7829,1.2318,11.2671,1605,1697.7
48385,-0.6177,0.2011,11.327,1609,1697.7
48390,-1.6807,0.2885,11.0193,1623,1697.7
48395,-1.2653,1.6005,10.7655,1615,1697.6
48400,-2.4074,2.229,10.3573,1608,1697.6
48405,0.9637,2.6456,10.4028,1606,1697.6
48410,-1.1049,2.3798,10.5524,1599,1697.6
48415,-0.8308,1.221,11.0816,1608,1697.6
48420,-0.4848,0.2837,11.3377,1610,1697.6
48425,-1.5957,0.1018,10.8182,1615,1697.6
48430,-1.306,1.6281,10.9583,1615,1697.5
48435,-2.4565,2.0842,10.2819,1627,1697.5
48440,0.723,2.6659,10.5632,1604,1697.5
48445,-0.9206,2.3822,10.4686,1609,1697.5
48450,-0.8918,1.3779,11.1247,1629,1697.5
48455,-0.4812,0.3567,11.327,1607,1697.5
48460,-1.5682,0.0455,10.8601,1595,1697.5
48465,-1.3288,1.6867,11.1522,1609,1697.7
48470,-2.4517,1.962,10.1861,1619,1697.7
48475,0.5483,2.66,10.6374,1615,1697.7
48480,-0.7087,2.3176,10.2747,1629,1697.7
48485,-0.9601,1.5969,11.2025,1622,1697.7
48490,-0.4214,0.2921,11.1546,1623,1697.7
48495,-1.5694,0.1173,10.9858,1599,1697.7
48500,-1.4018,1.4916,11.0109,1597,1698.08
48505,-2.3822,1.986,10.2999,1607,1698.08
48510,0.3112,2.5331,10.5884,1605,1698.08
48515,-0.4585,2.4397,10.2639,1621,1698.08
48520,-1.0283,1.6879,11.224,1610,1698.08
48525,-0.34,0.2957,11.0648,1629,1698.08
48530,-1.5981,0.1365,11.1761,1599,1698.08
48535,-1.4054,1.3216,10.9104,1598,1697.94
48540,-2.2434,2.065,10.422,1599,1697.94
48545,0.1018,2.3643,10.3334,1605,1697.94
48550,-0.1724,2.63,10.4507,1611,1697.94
48555,-1.1133,1.7107,11.0756,1605,1697.94
48560,-0.3112,0.4561,11.1546,1625,1697.94
48565,-1.5455,0.1089,11.1761,1607,1697.94
48570,-1.4497,1.2893,10.8326,1605,1698.08
48575,-2.0566,2.1057,10.5512,1610,1698.08
48580,-0.1353,2.2745,10.252,1599,1698.08
48585,0.8942,2.9736,10.6291,1629,1698.08
48590,-1.2929,1.9213,10.6015,1595,1698.08
48595,-0.3687,0.8906,11.3641,1619,1698.08
48600,-1.1803,0.0072,11.2516,1605,1698.08
48605,-1.5814,1.0415,11.0672,1610,1698.08
48610,-1.4162,1.7789,10.471,1613,1698.08
48615,-1.1277,2.3918,10.3322,1622,1698.08
48620,1.1097,2.9066,10.5213,1621,1698.08
48625,-1.2845,2.0698,10.6159,1597,1698.08
48630,-0.4046,0.8464,11.3342,1610,1698.08
48635,-1.1169,0.0587,11.2061,1599,1698.08
48640,-1.5933,0.9182,11.1199,1611,1698.47
48645,-1.3563,1.6939,10.5201,1610,1698.47
48650,-1.3539,2.4086,10.4256,1611,1698.47
48655,1.2402,2.7916,10.3956,1617,1698.47
48660,-1.312,2.2182,10.7524,1617,1698.47
48665,-0.492,0.8416,11.1941,1624,1698.47
48670,-1.0127,0.1856,11.406,1597,1698.47
48675,-1.6352,0.6835,11.0181,1612,1698.08
48680,-1.2677,1.7609,10.6267,1607,1698.08
48685,-1.664,2.3355,10.307,1617,1698.08
48690,1.2785,2.8024,10.4148,1599,1698.08
48695,-1.3024,2.3092,10.7356,1613,1698.08
48700,-0.5543,0.8667,11.1809,1625,1698.08
48705,-0.9409,0.2298,11.4802,1623,1698.08
48710,-1.6101,0.4429,10.7871,1625,1697.89
48715,-1.1851,1.8723,10.8505,1615,1697.89
48720,-1.8687,2.1608,10.1418,1623,1697.89
48725,1.3024,2.9054,10.5967,1599,1697.89
48730,-1.336,2.2087,10.495,1609,1697.89
48735,-0.6165,1.0295,11.2887,1618,1697.89
48740,-0.8535,0.2083,11.3856,1624,1697.89
48745,-1.5957,0.3256,10.7464,1624,1697.7
48750,-1.136,1.8603,10.9702,1627,1697.7
48755,-2.1464,2.0842,10.0592,1623,1697.7
48760,1.2629,2.9544,10.7164,1595,1697.7
48765,-1.2881,2.1105,10.3214,1599,1697.7
48770,-0.662,1.2857,11.4491,1611,1697.7
48775,-0.7638,0.0946,11.2097,1611,1697.7
48780,-1.6532,0.3089,10.9164,1614,1697.7
48785,-1.2103,1.731,10.8828,1624,1696.88
48790,-2.375,2.1021,10.2364,1621,1696.88
48795,1.2103,2.8144,10.653,1621,1696.88
48800,-1.1947,2.1272,10.2903,1599,1696.88
48805,-0.747,1.397,11.4874,1608,1696.88
48810,-0.5997,0.0599,11.078,1607,1696.88
48815,-1.6496,0.3484,11.0744,1605,1696.88
48820,-1.2941,1.5921,10.7548,1611,1696.35
48825,-2.4696,2.1979,10.3681,1611,1696.35
48830,1.0008,2.6252,10.3789,1619,1696.35
48835,-1.0415,2.3128,10.4028,1594,1696.35
48840,-0.8859,1.3575,11.2815,1628,1696.35
48845,-0.4932,0.1951,11.2001,1615,1696.35
48850,-1.6975,0.2239,11.0576,1604,1696.35
48855,-1.3324,1.5359,10.7643,1603,1695.73
48860,-2.472,2.2302,10.3992,1607,1695.73
48865,0.7781,2.5007,10.313,1608,1695.73
48870,-0.8547,2.5007,10.5692,1593,1695.73
48875,-0.9194,1.3575,11.1079,1624,1695.73
48880,-0.4417,0.328,11.3521,1611,1695.73
48885,-1.6209,0.0946,10.8757,1625,1695.73
48890,-1.3743,1.5754,10.9379,1619,1695.01
48895,-2.4026,2.1117,10.3022,1608,1695.01
48900,0.51,2.4804,10.4016,1603,1695.01
48905,-0.6309,2.6049,10.5297,1595,1695.01
48910,-1.0211,1.4521,10.9762,1613,1695.01
48915,-0.4166,0.3843,11.321,1611,1695.01
48920,-1.5538,-0.0455,10.8781,1619,1695.01
48925,-1.3815,1.6017,11.1989,1611,1695.83
48930,-2.3379,1.9549,10.1742,1627,1695.83
48935,0.255,2.5295,10.5393,1609,1695.83
48940,-0.3172,2.5594,10.3214,1608,1695.83
48945,-1.0834,1.6676,11.1043,1627,1695.83
48950,-0.3328,0.4094,11.2456,1610,1695.83
48955,-1.5407,-0.012,11.0552,1609,1695.83
48960,-1.4581,1.4928,11.1498,1599,1697.02
48965,-2.1847,1.9046,10.24,1619,1697.02
48970,0.0287,2.4936,10.6075,1613,1697.02
48975,-0.0826,2.5486,10.2328,1627,1697.02
48980,-1.0702,1.8483,11.1498,1621,1697.02
48985,-0.3448,0.3926,11.0157,1619,1697.02
48990,-1.5131,0.0886,11.248,1597,1697.02
48995,-1.4449,1.2761,10.9858,1605,1697.99
49000,-2.0099,2.0123,10.4076,1612,1697.99
49005,-0.2478,2.3762,10.4303,1607,1697.99
49010,0.2358,2.7246,10.3477,1621,1697.99
49015,-1.1552,1.8603,11.054,1617,1697.99
49020,-0.2693,0.5411,11.0588,1629,1697.99
49025,-1.4736,0.1341,11.3497,1596,1697.99
49030,-1.476,1.1217,10.8673,1607,1698.27
49035,-1.7968,2.077,10.6291,1606,1698.27
49040,-0.486,2.2972,10.2675,1605,1698.27
49045,0.5327,2.8898,10.562,1615,1698.27
49050,-1.2198,1.8328,10.8194,1603,1698.27
49055,-0.2837,0.68,11.2671,1625,1698.27
49060,-1.4054,0.0826,11.303,1607,1698.27
49065,-1.5371,1.0774,10.9355,1607,1698.03
49070,-1.6029,2.0039,10.6422,1611,1698.03
49075,-0.8332,2.3104,10.252,1605,1698.03
49080,0.8296,2.958,10.635,1613,1698.03
49085,-1.251,1.8423,10.6099,1599,1698.03
49090,-0.2765,0.8631,11.4239,1621,1698.03
49095,-1.306,-0.0084,11.157,1605,1698.03
49100,-1.561,1.0594,11.066,1609,1697.65
49105,-1.4904,1.8364,10.4567,1611,1697.65
49110,-1.0499,2.3631,10.3477,1623,1697.65
49115,0.9673,2.8695,10.5034,1620,1697.65
49120,-1.318,1.9644,10.6518,1597,1697.65
49125,-0.3077,0.8775,11.3425,1609,1697.65
49130,-1.1612,0.0431,11.2312,1605,1697.65
49135,-1.6604,0.9625,11.1354,1611,1697.07
49140,-1.385,1.6831,10.4722,1611,1697.07
49145,-1.3012,2.4134,10.4124,1619,1697.07
49150,1.1528,2.7773,10.4172,1613,1697.07
49155,-1.3144,2.1811,10.726,1618,1697.07
49160,-0.4034,0.8212,11.2156,1626,1697.07
49165,-1.063,0.1736,11.3892,1598,1697.07
49170,-1.5826,0.7554,11.0145,1610,1697.5
49175,-1.3288,1.749,10.5548,1608,1697.5
49180,-1.5538,2.3487,10.3573,1615,1697.5
49185,1.1815,2.8024,10.392,1597,1697.5
49190,-1.3108,2.2482,10.744,1613,1697.5
49195,-0.4968,0.8523,11.0923,1626,1697.5
49200,-1.0283,0.2562,11.4718,1623,1697.5
49205,-1.5802,0.5303,10.8122,1623,1698.23
49210,-1.2605,1.8016,10.7895,1611,1698.23
49215,-1.7322,2.2122,10.1969,1605,1698.23
49220,1.2151,2.982,10.556,1595,1698.23
49225,-1.3144,2.2122,10.5129,1611,1698.23
49230,-0.5543,0.9816,11.2156,1619,1698.23
49235,-0.9708,0.2107,11.3952,1624,1698.23
49240,-1.4988,0.4094,10.7955,1611,1698.9
49245,-1.1923,1.8423,10.92,1627,1698.9
49250,-1.9788,2.1117,10.1059,1625,1698.9
49255,1.2438,2.958,10.732,1594,1698.9
49260,-1.3144,2.0554,10.2939,1597,1698.9
49265,-0.6536,1.1684,11.4144,1611,1698.9
49270,-0.844,0.1832,11.1821,1613,1698.9
49275,-1.5658,0.4417,10.9583,1607,1699.04
49280,-1.2151,1.7382,10.8146,1625,1699.04
49285,-2.1464,2.1069,10.2352,1623,1699.04
49290,1.1444,2.7964,10.6757,1597,1699.04
49295,-1.2198,2.1081,10.3334,1595,1699.04
49300,-0.7338,1.2953,11.4778,1619,1699.04
49305,-0.7159,0.0994,11.0947,1605,1699.04
49310,-1.6005,0.4549,11.0875,1609,1699.04
49315,-1.2641,1.6185,10.6781,1619,1698.56
49320,-2.2338,2.2182,10.4196,1612,1698.56
49325,1.0211,2.6444,10.4722,1619,1698.56
49330,-1.0882,2.2218,10.4148,1593,1698.56
49335,-0.8894,1.2989,11.2707,1615,1698.56
49340,-0.589,0.146,11.1893,1610,1698.56
49345,-1.6352,0.3699,11.0588,1596,1698.56
49350,-1.2953,1.5754,10.7164,1609,1698.51
49355,-2.3104,2.2386,10.4663,1611,1698.51
49360,0.8116,2.5319,10.3465,1614,1698.51
49365,-0.9337,2.4277,10.6111,1591,1698.51
49370,-0.9517,1.2546,11.0887,1628,1698.51
49375,-0.5064,0.255,11.3198,1613,1698.51
49380,-1.6173,0.1748,10.8984,1621,1698.51
49385,-1.3204,1.6999,10.9654,1613,1698.75
49390,-2.3942,2.1069,10.3226,1605,1698.75
49395,0.644,2.5654,10.3573,1607,1698.75
49400,-0.7757,2.4181,10.5548,1599,1698.75
49405,-1.063,1.306,11.0684,1621,1698.75
49410,-0.4238,0.3232,11.3605,1613,1698.75
49415,-1.6065,0.0874,10.7871,1627,1698.75
49420,-1.3156,1.7214,11.1175,1613,1697.89
49425,-2.4325,2.0027,10.1742,1605,1697.89
49430,0.5207,2.5989,10.5082,1605,1697.89
49435,-0.5806,2.4337,10.398,1597,1697.89
49440,-1.0475,1.5143,11.133,1611,1697.89
49445,-0.3747,0.2095,11.1953,1621,1697.89
49450,-1.6448,0.0467,10.8876,1620,1697.89
49455,-1.3551,1.64,11.1354,1612,1696.74
49460,-2.3822,2.0063,10.1849,1629,1696.74
49465,0.2945,2.5462,10.5572,1609,1696.74
49470,-0.346,2.4696,10.3011,1606,1696.74
49475,-1.087,1.7238,11.2551,1624,1696.74
49480,-0.2825,0.2011,11.0756,1610,1696.74
49485,-1.6161,0.0886,11.1654,1605,1696.74
49490,-1.4222,1.3874,10.9834,1605,1695.44
49495,-2.1859,2.1237,10.3968,1623,1695.44
49500,0.0156,2.3727,10.3729,1597,1695.44
49505,-0.0599,2.6492,10.4232,1629,1695.44
49510,-1.1408,1.7466,11.1486,1621,1695.44
49515,-0.2646,0.3759,11.0971,1625,1695.44
49520,-1.6376,0.0766,11.2276,1597,1695.44
49525,-1.4617,1.2689,10.8685,1607,1694.2
49530,-1.9585,2.1656,10.5093,1608,1694.2
49535,-0.261,2.2517,10.2161,1599,1694.2
49540,0.2933,2.8683,10.5213,1613,1694.2
49545,-1.1456,1.7442,10.8386,1607,1694.2
49550,-0.2298,0.5997,11.2444,1627,1694.2
49555,-1.494,-0.0132,11.1917,1605,1694.2
49560,-1.5119,1.227,10.9331,1613,1694.44
49565,-1.7549,2.0662,10.4782,1609,1694.44
49570,-0.5914,2.2793,10.2424,1607,1694.44
49575,0.589,2.982,10.6003,1605,1694.44
49580,-1.2091,1.7753,10.671,1598,1694.44
49585,-0.2526,0.8368,11.3413,1619,1694.44
49590,-1.3563,-0.0611,11.1402,1603,1694.44
49595,-1.5455,1.16,11.1558,1605,1695.06
49600,-1.5718,1.8435,10.4651,1612,1695.06
49605,-0.8882,2.3858,10.3453,1619,1695.06
49610,0.8464,2.891,10.5189,1625,1695.06
49615,-1.2641,1.9644,10.7176,1597,1695.06
49620,-0.3496,0.8715,11.321,1613,1695.06
49625,-1.1935,-0.0491,11.1749,1605,1695.06
49630,-1.5359,1.0582,11.1151,1613,1696.16
49635,-1.4844,1.6831,10.3274,1612,1696.16
49640,-1.1097,2.4816,10.4196,1622,1696.16
49645,1.0594,2.8036,10.3561,1613,1696.16
49650,-1.3264,2.1703,10.8014,1619,1696.16
49655,-0.4298,0.7446,11.1558,1615,1696.16
49660,-1.1301,0.1269,11.3629,1599,1696.16
49665,-1.5646,0.8308,11.0229,1608,1697.65
49670,-1.4234,1.6795,10.5417,1610,1697.65
49675,-1.3455,2.4313,10.3717,1607,1697.65
49680,1.0977,2.7809,10.4124,1607,1697.65
49685,-1.3228,2.3176,10.8194,1609,1697.65
49690,-0.5219,0.7925,11.0852,1626,1697.65
49695,-1.0642,0.2263,11.4874,1607,1697.65
49700,-1.5335,0.5962,10.7919,1623,1698.42
49705,-1.2809,1.822,10.805,1607,1698.42
49710,-1.5586,2.2817,10.1766,1611,1698.42
49715,1.1839,2.9113,10.6171,1595,1698.42
49720,-1.2917,2.2146,10.586,1608,1698.42
49725,-0.5698,0.9517,11.2312,1617,1698.42
49730,-0.9613,0.2562,11.4168,1621,1698.42
49735,-1.567,0.4669,10.811,1621,1699.14
49740,-1.2067,1.8986,10.8685,1627,1699.14
49745,-1.81,2.162,10.1502,1625,1699.14
49750,1.2258,2.9221,10.7332,1599,1699.14
49755,-1.3408,2.0961,10.3729,1599,1699.14
49760,-0.6728,1.1193,11.4036,1611,1699.14
49765,-0.8871,0.158,11.2527,1609,1699.14
49770,-1.6029,0.4657,10.9786,1619,1699.28
49775,-1.1504,1.7071,10.8433,1627,1699.28
49780,-2.0135,2.1656,10.1801,1619,1699.28
49785,1.1564,2.8946,10.7033,1597,1699.28
49790,-1.3216,2.1249,10.3358,1604,1699.28
49795,-0.7829,1.2605,11.3976,1610,1699.28
49800,-0.668,0.1197,11.0899,1609,1699.28
49805,-1.6436,0.4669,11.0564,1609,1699.28
49810,-1.2007,1.6065,10.6662,1622,1699.38
49815,-2.1739,2.2039,10.3238,1617,1699.38
49820,1.075,2.7378,10.5046,1621,1699.38
49825,-1.233,2.2087,10.4411,1599,1699.38
49830,-0.8679,1.2785,11.3162,1615,1699.38
49835,-0.6153,0.1293,11.1905,1609,1699.38
49840,-1.6316,0.3962,11.0516,1605,1699.38
49845,-1.2019,1.5455,10.6937,1605,1699.67
49850,-2.2589,2.2386,10.4172,1609,1699.67
49855,0.9685,2.6408,10.3418,1617,1699.67
49860,-1.093,2.3739,10.5896,1593,1699.67
49865,-0.9708,1.251,11.1271,1626,1699.67
49870,-0.51,0.2574,11.3198,1613,1699.67
49875,-1.6257,0.2298,10.8445,1612,1699.67
49880,-1.2186,1.6053,10.9367,1599,1699.33
49885,-2.4157,2.1284,10.3058,1607,1699.33
49890,0.8499,2.6695,10.4399,1612,1699.33
49895,-0.9601,2.4002,10.5824,1593,1699.33
49900,-0.9409,1.324,11.0768,1624,1699.33
49905,-0.4896,0.2825,11.3796,1609,1699.33
49910,-1.6041,0.1341,10.7727,1625,1699.33
49915,-1.2438,1.6568,11.0696,1619,1698.9
49920,-2.4708,2.0123,10.155,1609,1698.9
49925,0.6871,2.6983,10.556,1605,1698.9
49930,-0.7793,2.3463,10.3992,1597,1698.9
49935,-0.9218,1.4988,11.2097,1613,1698.9
49940,-0.4693,0.2298,11.2444,1611,1698.9
49945,-1.6496,0.1149,10.8793,1621,1698.9
49950,-1.3372,1.6065,11.0409,1613,1697.84
49955,-2.466,2.0135,10.1837,1627,1697.84
49960,0.5195,2.5929,10.6123,1609,1697.84
49965,-0.5638,2.393,10.3513,1599,1697.84
49970,-1.0211,1.6652,11.2719,1615,1697.84
49975,-0.4178,0.2071,11.1259,1611,1697.84
49980,-1.6257,0.1089,11.0744,1599,1697.84
49985,-1.3467,1.4533,10.963,1607,1696.07
49990,-2.3523,2.132,10.3501,1621,1696.07
49995,0.2813,2.478,10.4351,1611,1696.07
50000,-0.2801,2.6157,10.3489,1629,1696.07
50005,-1.0235,1.7585,11.2144,1624,1696.07
50010,-0.3496,0.3077,11.0899,1614,1696.07
50015,-1.6113,0.0886,11.23,1599,1696.07
50020,-1.4293,1.2989,10.8936,1605,1694.34
50025,-2.1237,2.162,10.4974,1613,1694.34
50030,-0.0455,2.32,10.2711,1605,1694.34
50035,0.0275,2.8539,10.5417,1623,1694.34
50040,-1.1121,1.7059,10.9762,1615,1694.34
50045,-0.3172,0.516,11.2216,1629,1694.34
50050,-1.5179,0.0012,11.1534,1595,1694.34
50055,-1.4641,1.2917,10.9235,1605,1694.39
50060,-1.9154,2.0961,10.4998,1607,1694.39
50065,-0.3496,2.3583,10.2472,1605,1694.39
50070,0.3567,2.9676,10.6338,1613,1694.39
50075,-1.1899,1.7322,10.7428,1599,1694.39
50080,-0.3089,0.7015,11.3437,1624,1694.39
50085,-1.3862,-0.0658,11.0708,1607,1694.39
50090,-1.488,1.2725,11.0816,1608,1696.07
50095,-1.7442,1.8651,10.3358,1611,1696.07
50100,-0.674,2.4253,10.3837,1600,1696.07
50105,0.6309,2.8802,10.5225,1629,1696.07
50110,-1.2378,1.8471,10.7823,1599,1696.07
50115,-0.3232,0.7219,11.3294,1619,1696.07
50120,-1.2186,0.0132,11.1438,1605,1696.07
50125,-1.5359,1.1636,11.1199,1614,1697.55
50130,-1.6053,1.7226,10.3406,1613,1697.55
50135,-0.9002,2.4995,10.5333,1624,1697.55
50140,0.9098,2.733,10.3501,1617,1697.55
50145,-1.2151,2.0782,10.9068,1597,1697.55
50150,-0.4058,0.7434,11.2156,1609,1697.55
50155,-1.1899,0.0958,11.3545,1599,1697.55
50160,-1.6149,0.9385,11.0492,1611,1699.09
50165,-1.4712,1.7669,10.4962,1611,1699.09
50170,-1.1109,2.4193,10.4088,1620,1699.09
50175,1.0558,2.8431,10.3693,1611,1699.09
50180,-1.3084,2.2314,10.805,1620,1699.09
50185,-0.5004,0.729,11.0133,1613,1699.09
50190,-1.1049,0.1951,11.5101,1595,1699.09
50195,-1.6029,0.6967,10.805,1613,1699.67
50200,-1.2809,1.8387,10.7404,1606,1699.67
50205,-1.3755,2.241,10.1957,1619,1699.67
50210,1.166,2.8994,10.586,1599,1699.67
50215,-1.312,2.1919,10.6817,1612,1699.67
50220,-0.4836,0.8942,11.1522,1627,1699.67
50225,-1.0678,0.1652,11.4084,1614,1699.67
50230,-1.6424,0.5351,10.7835,1627,1699.91
50235,-1.1612,1.8938,10.8757,1606,1699.91
50240,-1.6436,2.1608,10.0796,1611,1699.91
50245,1.1959,3.0299,10.7643,1597,1699.91
50250,-1.3743,2.0985,10.4315,1609,1699.91
50255,-0.5471,1.0798,11.388,1617,1699.91
50260,-0.9397,0.1101,11.2851,1626,1699.91
50265,-1.6221,0.5758,10.8876,1627,1699.43
50270,-1.1516,1.7549,10.7536,1629,1699.43
50275,-1.9106,2.1668,10.1813,1627,1699.43
50280,1.2761,2.9377,10.6949,1598,1699.43
50285,-1.3515,2.0411,10.343,1604,1699.43
50290,-0.5854,1.1959,11.4658,1613,1699.43
50295,-0.8224,0.0682,11.1821,1614,1699.43
50300,-1.6101,0.5602,11.0121,1619,1698.08
50305,-1.1779,1.6269,10.6494,1625,1698.08
50310,-2.0913,2.2386,10.3298,1625,1698.08
50315,1.2677,2.7689,10.4351,1598,1698.08
50320,-1.3168,2.1404,10.4986,1597,1698.08
50325,-0.6752,1.1779,11.327,1609,1698.08
50330,-0.7242,0.1173,11.1378,1605,1698.08
50335,-1.6484,0.4549,11.0588,1606,1698.08
50340,-1.1947,1.6101,10.6734,1612,1696.59
50345,-2.3164,2.2853,10.3346,1619,1696.59
50350,1.2594,2.654,10.4291,1621,1696.59
50355,-1.2318,2.3044,10.641,1593,1696.59
50360,-0.7805,1.1564,11.2216,1627,1696.59
50365,-0.6357,0.2035,11.3832,1611,1696.59
50370,-1.6089,0.2729,10.8625,1603,1696.59
50375,-1.3168,1.6951,10.8386,1597,1695.63
50380,-2.4469,2.1751,10.2771,1609,1695.63
50385,0.9948,2.6803,10.4543,1611,1695.63
50390,-1.0726,2.3655,10.5429,1607,1695.63
50395,-0.8499,1.2486,11.157,1625,1695.63
50400,-0.5962,0.2047,11.4203,1617,1695.63
50405,-1.6137,0.1053,10.8014,1625,1695.63
50410,-1.3228,1.7645,11.0373,1618,1693.77
50415,-2.5235,2.0458,10.1478,1608,1693.77
50420,0.7697,2.7066,10.6003,1608,1693.77
50425,-0.8487,2.3619,10.3322,1597,1693.77
50430,-0.923,1.4569,11.2839,1613,1693.77
50435,-0.5243,0.1748,11.2791,1611,1693.77
50440,-1.5969,0.0323,10.9044,1615,1693.77
50445,-1.3551,1.6891,11.084,1610,1692.43
50450,-2.4696,1.9944,10.1382,1625,1692.43
50455,0.5004,2.6468,10.5896,1612,1692.43
50460,-0.5878,2.393,10.2651,1600,1692.43
50465,-1.0343,1.64,11.321,1628,1692.43
50470,-0.4393,0.1556,11.0995,1611,1692.43
50475,-1.5778,0.1305,11.1618,1608,1692.43
50480,-1.4114,1.4617,10.963,1605,1693.43
50485,-2.308,2.0542,10.3597,1619,1693.43
50490,0.1784,2.4708,10.3896,1618,1693.43
50495,-0.231,2.5869,10.3489,1627,1693.43
50500,-1.0942,1.7178,11.2168,1621,1693.43
50505,-0.34,0.34,11.1151,1621,1693.43
50510,-1.5191,0.1161,11.2551,1597,1693.43
50515,-1.4593,1.2809,10.8613,1599,1696.02
50520,-2.083,2.1069,10.5117,1605,1696.02
50525,-0.0754,2.3343,10.2963,1607,1696.02
50530,0.079,2.7533,10.4962,1623,1696.02
50535,-1.1564,1.6879,10.9032,1609,1696.02
50540,-0.2622,0.5794,11.1953,1627,1696.02
50545,-1.4653,0.1185,11.2156,1599,1696.02
50550,-1.5371,1.2426,10.9319,1598,1698.32
50555,-1.8938,2.0686,10.5141,1599,1698.32
50560,-0.3184,2.2913,10.2855,1599,1698.32
50565,0.34,2.8718,10.5979,1612,1698.32
50570,-1.2665,1.7023,10.7284,1595,1698.32
50575,-0.3089,0.7793,11.3449,1625,1698.32
50580,-1.3587,0.0251,11.1019,1608,1698.32
50585,-1.5826,1.2605,11.1055,1599,1698.85
50590,-1.7214,1.913,10.3872,1608,1698.85
50595,-0.589,2.3834,10.4052,1604,1698.85
50600,0.5698,2.8276,10.5022,1629,1698.85
50605,-1.2617,1.8375,10.8086,1597,1698.85
50610,-0.3077,0.7949,11.2875,1620,1698.85
50615,-1.336,0.0096,11.1211,1605,1698.85
50620,-1.6089,1.1289,11.1725,1608,1698.66
50625,-1.6065,1.7549,10.3825,1610,1698.66
50630,-0.7745,2.4696,10.4854,1622,1698.66
50635,0.8296,2.7773,10.3585,1623,1698.66
50640,-1.2546,2.047,10.8661,1597,1698.66
50645,-0.3496,0.7254,11.1845,1609,1698.66
50650,-1.2749,0.0658,11.3365,1599,1698.66
50655,-1.555,1.0044,11.0552,1613,1697.84
50660,-1.4593,1.7849,10.4639,1609,1697.84
50665,-1.0918,2.4289,10.3837,1619,1697.84
50670,1.0211,2.7785,10.3741,1612,1697.84
50675,-1.2677,2.2146,10.8864,1619,1697.84
50680,-0.3974,0.7302,11.0959,1625,1697.84
50685,-1.2055,0.1365,11.4754,1597,1697.84
50690,-1.5191,0.7793,10.8122,1619,1696.83
50695,-1.2773,1.9525,10.7105,1608,1696.83
50700,-1.3755,2.2661,10.1035,1613,1696.83
50705,1.2103,2.8802,10.5213,1599,1696.83
50710,-1.3324,2.1416,10.6997,1615,1696.83
50715,-0.3603,0.8751,11.2875,1623,1696.83
50720,-1.1121,0.1425,11.4383,1624,1696.83
50725,-1.5586,0.6452,10.8098,1624,1695.97
50730,-1.2486,1.8962,10.8948,1621,1695.97
50735,-1.67,2.1727,10.0987,1627,1695.97
50740,1.3108,2.9892,10.7787,1599,1695.97
50745,-1.3563,2.0458,10.4639,1609,1695.97
50750,-0.492,1.0546,11.4323,1613,1695.97
50755,-1.0032,0.085,11.2731,1622,1695.97
50760,-1.6053,0.6165,10.9595,1615,1694.44
50765,-1.257,1.7921,10.7476,1629,1694.44
50770,-1.9477,2.1979,10.1107,1626,1694.44
50775,1.2725,2.9149,10.6913,1597,1694.44
50780,-1.3228,2.071,10.3226,1607,1694.44
50785,-0.6033,1.1815,11.479,1609,1694.44
50790,-0.8152,0.0503,11.1294,1595,1694.44
50795,-1.5921,0.5255,11.0816,1609,1694.44
50800,-1.3072,1.6831,10.6099,1614,1694.05
50805,-2.1656,2.2877,10.3214,1615,1694.05
50810,1.142,2.7438,10.4974,1621,1694.05
50815,-1.2605,2.1871,10.4244,1594,1694.05
50820,-0.7614,1.1516,11.3186,1622,1694.05
50825,-0.6608,0.182,11.1857,1612,1694.05
50830,-1.5957,0.431,11.0265,1605,1694.05
50835,-1.3216,1.6412,10.6757,1603,1696.11
50840,-2.2685,2.2913,10.3729,1609,1696.11
50845,0.9685,2.5594,10.3441,1615,1696.11
50850,-1.0846,2.3308,10.5955,1591,1696.11
50855,-0.9002,1.154,11.1211,1627,1696.11
50860,-0.5495,0.2921,11.3629,1618,1696.11
50865,-1.5921,0.2478,10.8709,1621,1696.11
50870,-1.3503,1.7095,10.8984,1612,1698.23
50875,-2.2972,2.1177,10.2915,1609,1698.23
50880,0.8104,2.6372,10.3932,1596,1698.23
50885,-0.9792,2.4014,10.5548,1593,1698.23
50890,-0.9708,1.2713,11.0456,1621,1698.23
50895,-0.4812,0.3926,11.3461,1613,1698.23
50900,-1.5514,0.1508,10.8194,1639,1698.23
50905,-1.3503,1.7047,11.048,1614,1699.72
50910,-2.387,1.9776,10.1837,1599,1699.72
50915,0.668,2.6444,10.6231,1599,1699.72
50920,-0.8284,2.3236,10.4076,1599,1699.72
50925,-1.069,1.4413,11.139,1611,1699.72
50930,-0.413,0.3089,11.2456,1608,1699.72
50935,-1.5897,0.1736,10.8996,1619,1699.72
50940,-1.3252,1.6209,11.0816,1597,1700.34
50945,-2.3906,1.9489,10.2125,1625,1700.34
50950,0.5016,2.6312,10.6147,1613,1700.34
50955,-0.6369,2.3032,10.2855,1599,1700.34
50960,-1.0906,1.6077,11.2611,1619,1700.34
50965,-0.3603,0.1808,11.0624,1608,1700.34
50970,-1.6424,0.2346,11.0899,1611,1700.34
50975,-1.3563,1.4497,10.902,1607,1699.91
50980,-2.3296,2.0686,10.3908,1622,1699.91
50985,0.2849,2.496,10.4818,1611,1699.91
50990,-0.4082,2.4397,10.3848,1622,1699.91
50995,-1.1384,1.6496,11.1606,1623,1699.91
51000,-0.3256,0.2849,11.084,1613,1699.91
51005,-1.6161,0.2239,11.1259,1597,1699.91
51010,-1.403,1.3396,10.8457,1605,1698.71
51015,-2.2721,2.1931,10.4698,1612,1698.71
51020,0.1125,2.3236,10.3214,1609,1698.71
51025,-0.1963,2.6971,10.5656,1625,1698.71
51030,-1.1396,1.5909,10.9487,1613,1698.71
51035,-0.2993,0.4549,11.1606,1629,1698.71
51040,-1.5335,0.0754,11.0552,1594,1698.71
51045,-1.47,1.3455,10.9116,1599,1696.98
51050,-2.1093,2.1979,10.5034,1610,1696.98
51055,-0.0898,2.2936,10.2855,1605,1696.98
51060,0.085,2.8132,10.6231,1619,1696.98
51065,-1.087,1.5802,10.8338,1605,1696.98
51070,-0.2945,0.6345,11.3437,1626,1696.98
51075,-1.5167,-0.0503,11.0421,1609,1696.98
51080,-1.4808,1.403,11.1821,1605,1695.35
51085,-1.9106,1.9788,10.3034,1607,1695.35
51090,-0.3867,2.3762,10.3884,1599,1695.35
51095,0.3615,2.8335,10.4615,1599,1695.35
51100,-1.1277,1.749,10.8362,1597,1695.35
51105,-0.3112,0.7063,11.3066,1622,1695.35
51110,-1.3874,-0.0814,11.1031,1607,1695.35
51115,-1.5335,1.3551,11.1965,1607,1694.72
51120,-1.7693,1.8567,10.2747,1609,1694.72
51125,-0.6632,2.4924,10.5165,1625,1694.72
51130,0.6381,2.7402,10.3058,1623,1694.72
51135,-1.1684,1.9417,10.9271,1599,1694.72
51140,-0.3448,0.644,11.133,1611,1694.72
51145,-1.3072,0.0455,11.3066,1605,1694.72
51150,-1.5395,1.075,11.0157,1615,1695.78
51155,-1.5826,1.816,10.4208,1612,1695.78
51160,-0.9194,2.4888,10.4339,1621,1695.78
51165,0.917,2.7294,10.3166,1614,1695.78
51170,-1.2198,2.15,10.9116,1617,1695.78
51175,-0.3986,0.6644,11.0433,1625,1695.78
51180,-1.2151,0.1915,11.5005,1604,1695.78
51185,-1.5239,0.8164,10.8529,1615,1697.7
51190,-1.4114,1.8591,10.6398,1607,1697.7
51195,-1.1911,2.3116,10.2244,1620,1697.7
51200,1.0546,2.8982,10.5381,1597,1697.7
51205,-1.257,2.1284,10.7117,1615,1697.7
51210,-0.4453,0.7889,11.1869,1625,1697.7
51215,-1.1372,0.1652,11.4694,1623,1697.7
51220,-1.5155,0.6668,10.8074,1619,1698.95
51225,-1.2677,1.919,10.805,1611,1698.95
51230,-1.4317,2.229,10.1299,1611,1698.95
51235,1.172,2.9736,10.6841,1595,1698.95
51240,-1.33,2.0542,10.4256,1610,1698.95
51245,-0.5435,1.0343,11.3365,1613,1698.95
51250,-1.0092,0.152,11.2396,1622,1698.95
51255,-1.5742,0.6716,10.9104,1624,1699.52
51260,-1.2007,1.8064,10.7392,1627,1699.52
51265,-1.7406,2.2182,10.2089,1623,1699.52
51270,1.233,2.9102,10.7009,1595,1699.52
51275,-1.2414,2.0746,10.4232,1599,1699.52
51280,-0.6009,1.1001,11.4395,1611,1699.52
51285,-0.8703,0.0862,11.163,1606,1699.52
51290,-1.6245,0.5806,11.0097,1613,1698.71
51295,-1.2246,1.7298,10.6362,1624,1698.71
51300,-1.9309,2.2889,10.343,1623,1698.71
51305,1.2534,2.7378,10.4938,1599,1698.71
51310,-1.2007,2.144,10.5357,1597,1698.71
51315,-0.7374,1.0379,11.2982,1609,1698.71
51320,-0.723,0.1556,11.2647,1607,1698.71
51325,-1.658,0.5243,11.0445,1604,1698.71
51330,-1.2629,1.725,10.6578,1623,1697.07
51335,-2.1165,2.2889,10.3525,1611,1697.07
51340,1.1528,2.7019,10.4363,1613,1697.07
51345,-1.1768,2.241,10.6745,1594,1697.07
51350,-0.7961,1.0463,11.1773,1629,1697.07
51355,-0.6201,0.1796,11.3904,1617,1697.07
51360,-1.64,0.3077,10.89,1598,1697.07
51365,-1.2773,1.7968,10.896,1604,1695.44
51370,-2.3571,2.1787,10.2939,1605,1695.44
51375,1.0403,2.7354,10.4866,1614,1695.44
51380,-1.1265,2.3212,10.6123,1592,1695.44
51385,-0.8523,1.1384,11.1271,1625,1695.44
51390,-0.5495,0.1844,11.3318,1613,1695.44
51395,-1.5969,0.1616,10.7751,1627,1695.44
51400,-1.2665,1.8016,11.072,1611,1694.63
51405,-2.4888,2.0782,10.0377,1607,1694.63
51410,0.8559,2.7485,10.6075,1597,1694.63
51415,-0.9972,2.2398,10.3501,1595,1694.63
51420,-0.9014,1.3467,11.3042,1618,1694.63
51425,-0.4752,0.152,11.2025,1609,1694.63
51430,-1.5993,0.1832,10.9367,1621,1694.63
51435,-1.2953,1.646,11.0337,1609,1695.25
51440,-2.5271,2.0351,10.1718,1625,1695.25
51445,0.6404,2.6695,10.6231,1608,1695.25
51450,-0.808,2.2721,10.2484,1597,1695.25
51455,-0.9864,1.5634,11.3018,1627,1695.25
51460,-0.395,0.1939,11.0504,1609,1695.25
51465,-1.646,0.2957,11.0816,1609,1695.25
51470,-1.3731,1.4281,10.9283,1597,1696.88
51475,-2.4038,2.0842,10.3645,1621,1696.88
51480,0.407,2.4636,10.4854,1620,1696.88
51485,-0.5483,2.4349,10.3549,1625,1696.88
51490,-1.0223,1.6855,11.1749,1628,1696.88
51495,-0.3124,0.34,11.0433,1613,1696.88
51500,-1.5634,0.2789,11.1725,1597,1696.88
51505,-1.5036,1.2941,10.8421,1603,1698.51
51510,-2.1967,2.156,10.5704,1609,1698.51
51515,0.2023,2.2745,10.325,1605,1698.51
51520,-0.2825,2.6635,10.5153,1627,1698.51
51525,-1.1037,1.5658,10.9511,1615,1698.51
51530,-0.2837,0.5471,11.1761,1625,1698.51
51535,-1.5395,0.1532,11.0983,1595,1698.51
51540,-1.5071,1.3312,10.9367,1599,1699.62
51545,-2.0758,2.0722,10.4627,1607,1699.62
51550,0.0251,2.3104,10.3274,1609,1699.62
51555,-0.0611,2.8012,10.6159,1619,1699.62
51560,-1.0822,1.5909,10.8326,1607,1699.62
51565,-0.3412,0.6632,11.3198,1625,1699.62
51570,-1.4653,0.0275,11.0516,1606,1699.62
51575,-1.5036,1.3659,11.1366,1592,1699.57
51580,-2.0123,1.9285,10.2831,1609,1699.57
51585,-0.2622,2.4385,10.4603,1605,1699.57
51590,0.2418,2.7485,10.483,1607,1699.57
51595,-1.1097,1.6879,10.9104,1599,1699.57
51600,-0.3208,0.6285,11.321,1624,1699.57
51605,-1.3719,-0.0108,11.0684,1605,1699.57
51610,-1.494,1.3886,11.1713,1599,1698.47
51615,-1.8723,1.8507,10.2699,1609,1698.47
51620,-0.5351,2.5007,10.5644,1611,1698.47
51625,0.4645,2.6767,10.3334,1627,1698.47
51630,-1.1624,1.8962,11.0289,1599,1698.47
51635,-0.3747,0.5303,11.1031,1613,1698.47
51640,-1.3455,0.0467,11.2707,1605,1698.47
51645,-1.4832,1.2246,10.9978,1613,1696.93
51650,-1.7023,1.8687,10.3621,1617,1696.93
51655,-0.7566,2.4768,10.3908,1621,1696.93
51660,0.7506,2.739,10.3441,1621,1696.93
51665,-1.1959,2.0794,10.981,1611,1696.93
51670,-0.3472,0.5555,11.0468,1623,1696.93
51675,-1.3036,0.1065,11.4682,1599,1696.93
51680,-1.5323,0.9816,10.8433,1606,1695.78
51685,-1.4844,2.0255,10.6757,1607,1695.78
51690,-1.0822,2.3427,10.1706,1615,1695.78
51695,0.9768,2.9269,10.5512,1605,1695.78
51700,-1.239,2.0997,10.7476,1615,1695.78
51705,-0.3663,0.7254,11.151,1626,1695.78
51710,-1.1696,0.1293,11.4251,1609,1695.78
51715,-1.5778,0.7745,10.817,1625,1696.07
51720,-1.3072,2.0387,10.7667,1607,1696.07
51725,-1.3898,2.217,10.1107,1609,1696.07
51730,1.1636,2.964,10.7093,1597,1696.07
51735,-1.3348,2.0087,10.5489,1609,1696.07
51740,-0.4836,0.9768,11.3665,1615,1696.07
51745,-1.0295,0.1185,11.2707,1623,1696.07
51750,-1.6508,0.6919,10.9511,1623,1697.79
51755,-1.2917,1.8088,10.7368,1629,1697.79
51760,-1.5682,2.2709,10.2161,1623,1697.79
51765,1.2222,2.9676,10.6602,1595,1697.79
51770,-1.4054,2.0123,10.4555,1597,1697.79
51775,-0.5387,1.093,11.3916,1615,1697.79
51780,-0.8894,0.152,11.1965,1617,1697.79
51785,-1.6029,0.6692,11.0852,1619,1698.9
51790,-1.2175,1.6245,10.6063,1624,1698.9
51795,-1.7669,2.2948,10.4267,1620,1698.9
51800,1.2175,2.7845,10.4974,1597,1698.9
51805,-1.4114,2.1117,10.562,1595,1698.9
51810,-0.6369,1.0355,11.3054,1609,1698.9
51815,-0.7626,0.1856,11.2204,1607,1698.9
51820,-1.6173,0.5662,11.0421,1612,1698.9
51825,-1.2653,1.5658,10.5704,1619,1699.76
51830,-1.9836,2.3128,10.3825,1614,1699.76
51835,1.1947,2.7102,10.4327,1615,1699.76
51840,-1.3827,2.2781,10.671,1595,1699.76
51845,-0.6931,1.0427,11.1642,1611,1699.76
51850,-0.7219,0.3508,11.412,1606,1699.76
51855,-1.5754,0.4178,10.8745,1597,1699.76
51860,-1.2222,1.664,10.7871,1609,1700.01
51865,-2.1404,2.1871,10.2627,1597,1700.01
51870,1.1337,2.7976,10.5752,1615,1700.01
51875,-1.318,2.2613,10.6338,1591,1700.01
51880,-0.7434,1.0714,11.1306,1624,1700.01
51885,-0.6632,0.3843,11.4347,1615,1700.01
51890,-1.561,0.2274,10.6829,1607,1700.01
51895,-1.2725,1.7358,10.9834,1605,1700.39
51900,-2.2637,2.0506,10.1107,1600,1700.39
51905,1.0475,2.8299,10.6374,1611,1700.39
51910,-1.2605,2.1368,10.4112,1592,1700.39
51915,-0.8128,1.2677,11.3377,1625,1700.39
51920,-0.595,0.2191,11.2348,1613,1700.39
51925,-1.5371,0.3041,10.8362,1623,1700.39
51930,-1.306,1.6723,10.9343,1613,1700.39
51935,-2.411,2.0279,10.1622,1608,1700.39
51940,0.9182,2.7749,10.7057,1604,1700.39
51945,-1.0822,2.15,10.3082,1593,1700.39
51950,-0.9457,1.4629,11.3976,1615,1700.39
51955,-0.5387,0.1915,11.0756,1610,1700.39
51960,-1.5981,0.3352,11.0289,1621,1700.39
51965,-1.3084,1.561,10.8098,1611,1700.63
51970,-2.3822,2.1105,10.3094,1611,1700.63
51975,0.7709,2.5929,10.5117,1605,1700.63
51980,-0.9816,2.235,10.4567,1598,1700.63
51985,-0.9804,1.4868,11.3294,1609,1700.63
51990,-0.4597,0.2538,11.0875,1612,1700.63
51995,-1.64,0.3591,11.1151,1614,1700.63
52000,-1.3767,1.391,10.6901,1598,1700.73
52005,-2.3212,2.1548,10.4088,1631,1700.73
52010,0.6201,2.4301,10.3202,1608,1700.73
52015,-0.741,2.5091,10.5812,1599,1700.73
52020,-1.0977,1.3755,11.1103,1629,1700.73
52025,-0.3831,0.328,11.3018,1609,1700.73
52030,-1.567,0.2059,10.975,1609,1700.73
52035,-1.336,1.4772,10.8661,1605,1701.02
52040,-2.3212,2.1344,10.3896,1619,1701.02
52045,0.4477,2.4169,10.392,1609,1701.02
52050,-0.5806,2.5929,10.6458,1625,1701.02
52055,-1.1217,1.3791,11.0061,1621,1701.02
52060,-0.2897,0.4549,11.3114,1612,1701.02
52065,-1.5371,0.1077,10.9116,1597,1701.02
52070,-1.3815,1.5131,11.1067,1605,1700.97
52075,-2.2996,1.9668,10.252,1610,1700.97
52080,0.2514,2.5103,10.5584,1612,1700.97
52085,-0.3855,2.563,10.4423,1627,1700.97
52090,-1.1648,1.5012,11.0145,1619,1700.97
52095,-0.3412,0.4262,11.2755,1625,1700.97
52100,-1.4892,0.091,10.8397,1594,1700.97
52105,-1.415,1.4856,11.1151,1607,1700.73
52110,-2.2386,1.9178,10.137,1607,1700.73
52115,0.0694,2.557,10.6554,1607,1700.73
52120,-0.1676,2.5582,10.3848,1620,1700.73
52125,-1.136,1.6843,11.1438,1599,1700.73
52130,-0.2945,0.3316,11.0241,1628,1700.73
52135,-1.4413,0.1592,11.1259,1595,1700.73
52140,-1.3922,1.3695,10.9583,1598,1700.39
52145,-2.0794,1.9716,10.3202,1607,1700.39
52150,-0.1568,2.4241,10.5189,1606,1700.39
52155,0.097,2.6121,10.3597,1607,1700.39
52160,-1.1899,1.8292,11.1055,1599,1700.39
52165,-0.2909,0.4441,10.9475,1624,1700.39
52170,-1.4724,0.2179,11.2743,1603,1700.39
52175,-1.4485,1.1947,10.8206,1598,1700.25
52180,-1.8938,2.0614,10.5357,1607,1700.25
52185,-0.3292,2.2649,10.3226,1605,1700.25
52190,0.3065,2.8216,10.5309,1629,1700.25
52195,-1.2186,1.7178,10.9032,1597,1700.25
52200,-0.2717,0.6201,11.1031,1623,1700.25
52205,-1.4198,0.1329,11.2037,1603,1700.25
52210,-1.5287,1.1504,10.8733,1606,1700.87
52215,-1.7538,2.1237,10.5704,1609,1700.87
52220,-0.4729,2.2482,10.258,1622,1700.87
52225,0.5016,2.8958,10.6925,1621,1700.87
52230,-1.2713,1.7166,10.6877,1599,1700.87
52235,-0.2873,0.8344,11.2731,1619,1700.87
52240,-1.3264,0.0359,11.1426,1599,1700.87
52245,-1.5479,1.1779,11.0409,1612,1700.92
52250,-1.6664,1.8591,10.4686,1609,1700.92
52255,-0.6704,2.3236,10.3465,1619,1700.92
52260,0.7171,2.8659,10.5584,1617,1700.92
52265,-1.2797,1.7681,10.6614,1611,1700.92
52270,-0.328,0.8667,11.3521,1621,1700.92
52275,-1.1827,0.0551,11.1163,1589,1700.92
52280,-1.5359,1.1756,11.1426,1605,1701.02
52285,-1.6125,1.6795,10.2879,1607,1701.02
52290,-0.8428,2.4576,10.4818,1621,1701.02
52295,0.8703,2.7641,10.4399,1608,1701.02
52300,-1.2797,2.0063,10.8445,1619,1701.02
52305,-0.4034,0.8009,11.1929,1625,1701.02
52310,-1.1564,0.1496,11.2791,1595,1701.02
52315,-1.5311,1.075,11.0337,1619,1701.55
52320,-1.5107,1.7478,10.4088,1605,1701.55
52325,-1.0331,2.5007,10.4495,1611,1701.55
52330,1.0343,2.7186,10.3262,1607,1701.55
52335,-1.3252,2.1632,10.9068,1612,1701.55
52340,-0.4393,0.674,11.0349,1619,1701.55
52345,-1.1085,0.2442,11.382,1623,1701.55
52350,-1.5107,0.832,10.8433,1621,1701.16
52355,-1.4353,1.8268,10.6494,1621,1701.16
52360,-1.2163,2.3415,10.2927,1621,1701.16
52365,1.093,2.7904,10.5345,1599,1701.16
52370,-1.3455,2.1512,10.7895,1610,1701.16
52375,-0.4729,0.7793,11.1271,1612,1701.16
52380,-1.0953,0.3256,11.497,1623,1701.16
52385,-1.5514,0.6297,10.7631,1624,1701.74
52390,-1.3503,1.9154,10.8493,1627,1701.74
52395,-1.4425,2.1871,10.161,1625,1701.74
52400,1.2378,2.9688,10.7212,1603,1701.74
52405,-1.3719,2.0506,10.5082,1605,1701.74
52410,-0.5267,0.9505,11.3377,1611,1701.74
52415,-0.9577,0.1963,11.2923,1619,1701.74
52420,-1.5933,0.6823,10.8541,1613,1701.45
52425,-1.2749,1.8842,10.823,1625,1701.45
52430,-1.6879,2.1847,10.1562,1621,1701.45
52435,1.2665,2.903,10.7212,1595,1701.45
52440,-1.397,1.9944,10.3322,1597,1701.45
52445,-0.6261,1.1037,11.4479,1609,1701.45
52450,-0.8571,0.1413,11.1402,1611,1701.45
52455,-1.6245,0.6572,10.999,1610,1701.45
52460,-1.2869,1.6759,10.6279,1617,1701.02
52465,-1.8591,2.2494,10.2939,1609,1701.02
52470,1.2582,2.7976,10.5321,1620,1701.02
52475,-1.3455,2.0997,10.4962,1599,1701.02
52480,-0.7147,1.057,11.3617,1608,1701.02
52485,-0.7183,0.1772,11.2204,1609,1701.02
52490,-1.6245,0.583,11.0313,1598,1701.02
52495,-1.2701,1.6221,10.6219,1611,1701.16
52500,-1.986,2.2709,10.4327,1604,1701.16
52505,1.1528,2.6743,10.3932,1615,1701.16
52510,-1.306,2.2398,10.6542,1592,1701.16
52515,-0.7733,1.0379,11.1678,1627,1701.16
52520,-0.6261,0.2729,11.3246,1613,1701.16
52525,-1.6281,0.4202,10.9295,1597,1701.16
52530,-1.2558,1.6903,10.756,1595,1700.92
52535,-2.1093,2.2075,10.319,1607,1700.92
52540,1.0798,2.739,10.4746,1612,1700.92
52545,-1.2761,2.2398,10.5919,1591,1700.92
52550,-0.8308,1.0942,11.1498,1623,1700.92
52555,-0.5686,0.2789,11.3593,1612,1700.92
52560,-1.6113,0.3029,10.7691,1613,1700.92
52565,-1.227,1.7849,11.0002,1615,1700.54
52570,-2.3008,2.0734,10.1323,1604,1700.54
52575,1.0056,2.8024,10.6853,1595,1700.54
52580,-1.2007,2.1727,10.4267,1591,1700.54
52585,-0.9002,1.2426,11.212,1618,1700.54
52590,-0.5626,0.2466,11.2468,1604,1700.54
52595,-1.5598,0.2813,10.8326,1623,1700.54
52600,-1.2546,1.7609,11.0253,1612,1700.34
52605,-2.4409,1.9956,10.1143,1607,1700.34
52610,0.8859,2.7162,10.6889,1596,1700.34
52615,-1.1169,2.0889,10.2424,1599,1700.34
52620,-0.9325,1.4186,11.3772,1613,1700.34
52625,-0.5004,0.1544,11.0349,1608,1700.34
52630,-1.6376,0.3496,10.9834,1619,1700.34
52635,-1.3132,1.5718,10.8673,1607,1700.05
52640,-2.4313,2.1081,10.3142,1624,1700.05
52645,0.7578,2.5893,10.5644,1609,1700.05
52650,-0.9313,2.2063,10.337,1593,1700.05
52655,-0.9673,1.5275,11.3461,1629,1700.05
52660,-0.4369,0.1748,11.0612,1611,1700.05
52665,-1.6257,0.3687,11.1223,1609,1700.05
52670,-1.3467,1.4281,10.7476,1607,1699.81
52675,-2.4026,2.1823,10.4746,1621,1699.81
52680,0.5842,2.3643,10.41,1613,1699.81
52685,-0.7207,2.4553,10.5297,1623,1699.81
52690,-1.0546,1.3982,11.1151,1623,1699.81
52695,-0.4142,0.3196,11.212,1611,1699.81
52700,-1.5598,0.3112,11.0792,1594,1699.81
52705,-1.4305,1.4138,10.8026,1595,1699.67
52710,-2.3068,2.1715,10.4172,1615,1699.67
52715,0.3891,2.32,10.3298,1609,1699.67
52720,-0.5327,2.6037,10.6219,1627,1699.67
52725,-1.1205,1.4138,10.9714,1613,1699.67
52730,-0.3376,0.4764,11.382,1627,1699.67
52735,-1.5251,0.1101,10.902,1596,1699.67
52740,-1.4473,1.5371,11.0097,1599,1699.86
52745,-2.2625,2.0219,10.2867,1605,1699.86
52750,0.1951,2.4373,10.5261,1599,1699.86
52755,-0.2562,2.6169,10.5273,1621,1699.86
52760,-1.1432,1.4808,10.9343,1608,1699.86
52765,-0.3352,0.4872,11.3258,1627,1699.86
52770,-1.4449,0.0491,10.9846,1599,1699.86
52775,-1.4413,1.549,11.145,1598,1700.39
52780,-2.132,1.9417,10.2077,1596,1700.39
52785,-0.0239,2.5019,10.6183,1599,1700.39
52790,-0.0275,2.5414,10.3956,1608,1700.39
52795,-1.1911,1.6999,11.0887,1597,1700.39
52800,-0.3232,0.4477,11.1139,1624,1700.39
52805,-1.4305,0.1065,11.0959,1597,1700.39
52810,-1.4401,1.4054,11.0564,1605,1700.01
52815,-2.0387,1.8974,10.2532,1608,1700.01
52820,-0.2502,2.4972,10.5225,1606,1700.01
52825,0.2346,2.6264,10.2891,1629,1700.01
52830,-1.2067,1.8986,11.1271,1599,1700.01
52835,-0.3136,0.4429,11.0193,1619,1700.01
52840,-1.4186,0.2179,11.2827,1605,1700.01
52845,-1.4617,1.1947,10.914,1610,1699.96
52850,-1.8567,2.0339,10.4854,1611,1699.96
52855,-0.4501,2.3571,10.3597,1620,1699.96
52860,0.4908,2.7869,10.4663,1623,1699.96
52865,-1.2689,1.8615,10.9607,1597,1699.96
52870,-0.3316,0.5531,11.1594,1608,1699.96
52875,-1.3838,0.1796,11.3689,1599,1699.96
52880,-1.5227,1.0906,10.8014,1609,1699.62
52885,-1.6795,2.0853,10.6662,1607,1699.62
52890,-0.7123,2.2709,10.2508,1621,1699.62
52895,0.7434,2.9125,10.6578,1611,1699.62
52900,-1.2857,1.8268,10.6722,1618,1699.62
52905,-0.3316,0.7925,11.3042,1624,1699.62
52910,-1.2438,0.1065,11.2168,1599,1699.62
52915,-1.5443,1.0546,10.908,1607,1699.86
52920,-1.5694,1.9501,10.5441,1605,1699.86
52925,-0.9373,2.3379,10.3298,1613,1699.86
52930,0.8978,2.9592,10.6973,1597,1699.86
52935,-1.3408,1.81,10.5776,1613,1699.86
52940,-0.3436,0.8679,11.3772,1623,1699.86
52945,-1.1504,0.0587,11.1402,1612,1699.86
52950,-1.5874,1.0439,11.0923,1625,1699.57
52955,-1.4461,1.7693,10.4495,1605,1699.57
52960,-1.0965,2.3798,10.4411,1608,1699.57
52965,1.0774,2.7952,10.501,1599,1699.57
52970,-1.385,1.9776,10.7129,1607,1699.57
52975,-0.4441,0.8918,11.3126,1614,1699.57
52980,-1.0558,0.1065,11.1785,1625,1699.57
52985,-1.5981,0.9325,11.0624,1625,1699.33
52990,-1.4461,1.658,10.4746,1627,1699.33
52995,-1.3252,2.4888,10.4651,1625,1699.33
53000,1.2222,2.7426,10.4124,1592,1699.33
53005,-1.3934,2.156,10.8194,1620,1699.33
53010,-0.4764,0.8128,11.1402,1611,1699.33
53015,-1.0427,0.2167,11.3641,1615,1699.33
53020,-1.549,0.7123,10.8721,1623,1699.96
53025,-1.2821,1.7573,10.6757,1625,1699.96
53030,-1.5383,2.4074,10.325,1614,1699.96
53035,1.2534,2.8419,10.4615,1595,1699.96
53040,-1.3862,2.1608,10.7763,1597,1699.96
53045,-0.5195,0.8356,11.1294,1608,1699.96
53050,-0.978,0.2622,11.4395,1608,1699.96
53055,-1.5347,0.4992,10.7667,1609,1699.96
53060,-1.2989,1.8352,10.8864,1615,1700.25
53065,-1.7633,2.2242,10.1323,1612,1700.25
53070,1.2198,2.9353,10.6757,1621,1700.25
53075,-1.415,2.0662,10.4998,1597,1700.25
53080,-0.5818,1.0175,11.2731,1609,1700.25
53085,-0.8799,0.2502,11.2647,1607,1700.25
53090,-1.5095,0.5016,10.7919,1593,1700.25
53095,-1.2713,1.8818,10.8804,1609,1700.54
53100,-1.968,2.1237,10.1203,1608,1700.54
53105,1.1983,2.9137,10.7248,1615,1700.54
53110,-1.3838,2.0171,10.3453,1595,1700.54
53115,-0.674,1.172,11.4586,1627,1700.54
53120,-0.7781,0.1712,11.1522,1619,1700.54
53125,-1.5766,0.5351,10.9547,1597,1700.54
53130,-1.2929,1.7023,10.756,1604,1701.26
53135,-2.0949,2.1835,10.2807,1609,1701.26
53140,1.1325,2.806,10.5991,1613,1701.26
53145,-1.3312,2.077,10.319,1592,1701.26
53150,-0.7853,1.221,11.4395,1623,1701.26
53155,-0.6524,0.1413,11.1294,1613,1701.26
53160,-1.555,0.5447,11.0708,1622,1701.26
53165,-1.3312,1.6149,10.6518,1611,1701.64
53170,-2.1895,2.2374,10.4363,1607,1701.64
53175,1.069,2.6061,10.4627,1604,1701.64
53180,-1.2127,2.2673,10.5764,1593,1701.64
53185,-0.8631,1.1384,11.2575,1619,1701.64
53190,-0.5136,0.2346,11.2348,1605,1701.64
53195,-1.6029,0.4154,10.9738,1621,1701.64
53200,-1.3408,1.5933,10.6566,1611,1701.93
53205,-2.2733,2.2039,10.3645,1599,1701.93
53210,0.9086,2.6372,10.416,1605,1701.93
53215,-1.1121,2.3331,10.6542,1595,1701.93
53220,-0.972,1.1564,11.1103,1611,1701.93
53225,-0.4729,0.2885,11.3485,1605,1701.93
53230,-1.5874,0.243,10.8302,1619,1701.93
53235,-1.2917,1.7358,10.9319,1609,1701.45
53240,-2.3415,2.047,10.1921,1619,1701.45
53245,0.7805,2.6671,10.5405,1608,1701.45
53250,-0.9744,2.3248,10.5309,1597,1701.45
53255,-1.008,1.312,11.1582,1607,1701.45
53260,-0.4154,0.2705,11.3162,1609,1701.45
53265,-1.6029,0.1592,10.7871,1609,1701.45
53270,-1.3024,1.7071,11.0672,1607,1700.87
53275,-2.3978,1.9393,10.1263,1621,1700.87
53280,0.6393,2.709,10.6937,1612,1700.87
53285,-0.832,2.2158,10.3633,1610,1700.87
53290,-1.0511,1.5048,11.3078,1627,1700.87
53295,-0.3555,0.1903,11.1678,1609,1700.87
53300,-1.6125,0.231,10.9487,1599,1700.87
53305,-1.2977,1.5622,10.9942,1606,1700.73
53310,-2.4086,2.0087,10.2592,1615,1700.73
53315,0.5375,2.5977,10.6303,1609,1700.73
53320,-0.6464,2.2805,10.3022,1627,1700.73
53325,-1.0546,1.6149,11.3222,1621,1700.73
53330,-0.3077,0.2346,11.0014,1621,1700.73
53335,-1.6472,0.334,11.1306,1595,1700.73
53340,-1.3539,1.3312,10.8002,1599,1700.44
53345,-2.32,2.1033,10.4411,1609,1700.44
53350,0.407,2.4193,10.3801,1606,1700.44
53355,-0.5016,2.5187,10.4746,1623,1700.44
53360,-1.0989,1.5886,11.1139,1613,1700.44
53365,-0.3077,0.3663,11.0995,1625,1700.44
53370,-1.6005,0.255,11.1247,1596,1700.44
53375,-1.3886,1.2809,10.756,1595,1701.02
53380,-2.2374,2.1823,10.4806,1603,1701.02
53385,0.2562,2.2877,10.3118,1605,1701.02
53390,-0.3124,2.7102,10.6518,1613,1701.02
53395,-1.1768,1.5179,10.9319,1605,1701.02
53400,-0.3208,0.5471,11.2659,1624,1701.02
53405,-1.5131,0.1257,11.0229,1605,1701.02
53410,-1.4461,1.3479,10.9619,1605,1700.92
53415,-2.1344,2.1021,10.3681,1608,1700.92
53420,0.0754,2.3655,10.4303,1604,1700.92
53425,-0.1197,2.7952,10.5692,1605,1700.92
53430,-1.1732,1.5514,10.8481,1597,1700.92
53435,-0.3148,0.6428,11.3473,1624,1700.92
53440,-1.4557,0.0096,10.9547,1595,1700.92
53445,-1.4605,1.4174,11.1031,1599,1701.31
53450,-2.0494,1.9058,10.2304,1609,1701.31
53455,-0.1125,2.4541,10.5776,1610,1701.31
53460,0.1568,2.6875,10.3645,1627,1701.31
53465,-1.1684,1.7418,10.9499,1599,1701.31
53470,-0.3555,0.6165,11.1642,1609,1701.31
53475,-1.3994,0.0515,11.0409,1605,1701.31
53480,-1.4712,1.3527,11.1558,1607,1701.55
53485,-1.9022,1.8124,10.258,1609,1701.55
53490,-0.3424,2.5175,10.6231,1619,1701.55
53495,0.3615,2.6755,10.3238,1619,1701.55
53500,-1.318,2.1691,10.9295,1596,1701.55
53505,-0.3998,0.7111,11.1139,1608,1701.55
53510,-1.1253,0.2394,11.5424,1605,1701.55
53515,-1.5251,0.7518,10.8493,1617,1701.4
53520,-1.3886,1.8627,10.7212,1609,1701.4
53525,-1.2893,2.2841,10.2328,1619,1701.4
53530,1.1552,2.8778,10.5752,1610,1701.4
53535,-1.3647,2.1488,10.7164,1615,1701.4
53540,-0.5243,0.8164,11.2097,1621,1701.4
53545,-1.0415,0.2454,11.4108,1596,1701.4
53550,-1.5311,0.6285,10.8014,1609,1701.5
53555,-1.3192,1.9357,10.8661,1607,1701.5
53560,-1.5371,2.2242,10.1658,1618,1701.5
53565,1.2175,2.9389,10.6985,1605,1701.5
53570,-1.3575,2.059,10.4567,1627,1701.5
53575,-0.5483,1.0032,11.3928,1625,1701.5
53580,-0.9445,0.2071,11.2228,1607,1701.5
53585,-1.5826,0.656,10.9212,1623,1701.69
53590,-1.2881,1.7717,10.7595,1597,1701.69
53595,-1.7083,2.1883,10.2137,1609,1701.69
53600,1.2486,2.903,10.7153,1595,1701.69
53605,-1.385,2.0291,10.3944,1615,1701.69
53610,-0.6452,1.1097,11.4479,1620,1701.69
53615,-0.8021,0.1927,11.1701,1621,1701.69
53620,-1.6544,0.6596,11.0852,1621,1701.74
53625,-1.2893,1.6712,10.5848,1621,1701.74
53630,-1.8854,2.2924,10.3884,1625,1701.74
53635,0.3077,2.3427,10.3322,1596,1701.74
53640,-1.3515,2.1512,10.5429,1610,1701.74
53645,-0.7446,1.0499,11.3222,1611,1701.74
53650,-0.6859,0.2263,11.2264,1621,1701.74
53655,-1.6388,0.5076,10.9463,1621,1701.36
53660,-1.2641,1.652,10.6326,1628,1701.36
53665,-2.0075,2.2913,10.4208,1623,1701.36
53670,1.2091,2.6815,10.4184,1595,1701.36
53675,-1.3036,2.2194,10.6662,1597,1701.36
53680,-0.8368,1.0163,11.1474,1609,1701.36
53685,-0.6416,0.2849,11.4168,1612,1701.36
53690,-1.5969,0.3531,10.8254,1629,1700.29
53695,-1.2438,1.7178,10.8781,1623,1700.29
53700,-2.1943,2.1177,10.2795,1617,1700.29
53705,1.1277,2.7557,10.55,1597,1700.29
53710,-1.2713,2.2517,10.6015,1597,1700.29
53715,-0.832,1.1313,11.1534,1611,1700.29
53720,-0.6105,0.2897,11.3569,1599,1700.29
53725,-1.5754,0.2538,10.7691,1607,1700.29
53730,-1.2091,1.8004,11.0205,1615,1701.16
53735,-2.3248,2.0183,10.1047,1611,1701.16
53740,0.9948,2.7976,10.6374,1621,1701.16
53745,-1.2019,2.1201,10.3765,1595,1701.16
53750,-0.9122,1.2857,11.3461,1617,1701.16
53755,-0.5662,0.2191,11.2001,1606,1701.16
53760,-1.6149,0.3424,10.8206,1603,1701.16
53765,-1.2641,1.634,10.9487,1605,1700.54
53770,-2.4361,1.9992,10.1646,1609,1700.54
53775,0.9074,2.6911,10.6398,1615,1700.54
53780,-1.0738,2.1009,10.2723,1592,1700.54
53785,-0.9457,1.4485,11.4239,1621,1700.54
53790,-0.5171,0.1927,11.06,1612,1700.54
53795,-1.6125,0.4034,11.0516,1611,1700.54
53800,-1.2917,1.4928,10.8553,1605,1700.39
53805,-2.4409,2.0806,10.3681,1580,1700.39
53810,0.7961,2.4804,10.5141,1611,1700.39
53815,-0.8823,2.229,10.3693,1592,1700.39
53820,-0.9828,1.488,11.321,1623,1700.39
53825,-0.431,0.249,11.0205,1611,1700.39
53830,-1.6281,0.4202,11.151,1625,1700.39
53835,-1.3898,1.4066,10.7356,1613,1700.97
53840,-2.3691,2.1751,10.5165,1607,1700.97
53845,0.6249,2.3822,10.3561,1607,1700.97
53850,-0.7171,2.5211,10.5704,1595,1700.97
53855,-1.0523,1.3683,11.0433,1613,1700.97
53860,-0.3974,0.4585,11.2408,1611,1700.97
53865,-1.5706,0.1987,10.9547,1621,1700.97
53870,-1.3934,1.4617,10.8637,1609,1701.55
53875,-2.308,2.1117,10.3956,1609,1701.55
53880,0.4441,2.4325,10.4136,1605,1701.55
53885,-0.5267,2.5965,10.6506,1599,1701.55
53890,-1.1049,1.3982,10.9511,1608,1701.55
53895,-0.3855,0.5183,11.3234,1609,1701.55
53900,-1.5191,0.097,10.8649,1618,1701.55
53905,-1.4234,1.5191,11.0169,1605,1701.07
53910,-2.2637,1.9321,10.2364,1620,1701.07
53915,0.2406,2.5067,10.5369,1597,1701.07
53920,-0.3148,2.5355,10.4375,1605,1701.07
53925,-1.1325,1.5371,11.0421,1627,1701.07
53930,-0.3519,0.4968,11.236,1609,1701.07
53935,-1.4712,0.0814,10.9283,1607,1701.07
53940,-1.4317,1.5371,11.0504,1599,1701.4
53945,-2.223,1.8986,10.1538,1619,1701.4
53950,0.0527,2.557,10.6722,1605,1701.4
53955,-0.079,2.5031,10.3166,1625,1701.4
53960,-1.2007,1.719,11.1869,1621,1701.4
53965,-0.2777,0.3926,11.06,1609,1701.4
53970,-1.4964,0.1748,11.1235,1593,1701.4
53975,-1.4497,1.3228,10.9535,1599,1701.55
53980,-2.0446,1.9968,10.3621,1612,1701.55
53985,-0.1401,2.4517,10.4483,1610,1701.55
53990,0.1736,2.6276,10.3717,1629,1701.55
53995,-1.2282,1.8352,11.0911,1615,1701.55
54000,-0.3112,0.407,11.0169,1625,1701.55
54005,-1.5012,0.1927,11.2731,1592,1701.55
54010,-1.4712,1.1863,10.8409,1599,1701.55
54015,-1.9094,2.1045,10.5429,1593,1701.55
54020,-0.3484,2.3391,10.325,1607,1701.55
54025,0.3819,2.8252,10.507,1621,1701.55
54030,-1.2522,1.7442,10.8972,1609,1701.55
54035,-0.2813,0.6033,11.1115,1625,1701.55
54040,-1.415,0.1472,11.2408,1598,1701.55
54045,-1.5048,1.1648,10.8709,1593,1701.6
54050,-1.7609,2.1308,10.5896,1604,1701.6
54055,-0.5483,2.3032,10.2795,1604,1701.6
54060,0.5962,2.9365,10.6626,1610,1701.6
54065,-1.2761,1.7059,10.7117,1599,1701.6
54070,-0.2945,0.7865,11.3449,1625,1701.6
54075,-1.3036,0.0204,11.1019,1605,1701.6
54080,-1.5347,1.1959,10.9834,1598,1701.93
54085,-1.6364,1.913,10.4543,1603,1701.93
54090,-0.6955,2.3583,10.3657,1597,1701.93
54095,0.7733,2.8706,10.5752,1605,1701.93
54100,-1.2965,1.7538,10.6865,1593,1701.93
54105,-0.3244,0.8164,11.3222,1621,1701.93
54110,-1.2258,-0.0012,11.1103,1599,1701.93
54115,-1.5395,1.1863,11.163,1605,1701.5
54120,-1.5658,1.7597,10.3645,1607,1701.5
54125,-0.8787,2.4493,10.4651,1610,1701.5
54130,0.9278,2.8012,10.3932,1625,1701.5
54135,-1.3072,2.0231,10.8218,1597,1701.5
54140,-0.3926,0.7661,11.1773,1611,1701.5
54145,-1.1791,0.097,11.2827,1597,1701.5
54150,-1.5395,1.0175,11.0864,1613,1701.36
54155,-1.5191,1.7789,10.4459,1611,1701.36
54160,-1.0259,2.4696,10.4902,1620,1701.36
54165,1.0654,2.7928,10.3501,1621,1701.36
54170,-1.3252,2.1404,10.9176,1605,1701.36
54175,-0.4537,0.7039,11.066,1619,1701.36
54180,-1.1684,0.1832,11.4491,1603,1701.36
54185,-1.5347,0.8009,10.8469,1613,1701.6
54190,-1.391,1.8447,10.7141,1608,1701.6
54195,-1.251,2.3727,10.2687,1620,1701.6
54200,1.1576,2.8898,10.5249,1609,1701.6
54205,-1.3467,2.0746,10.7943,1613,1701.6
54210,-0.4489,0.7757,11.1785,1625,1701.6
54215,-1.1313,0.2239,11.4239,1597,1701.6
54220,-1.5215,0.6835,10.7344,1614,1701.21
54225,-1.3264,1.9022,10.8026,1606,1701.21
54230,-1.494,2.2745,10.1167,1615,1701.21
54235,1.2198,2.9844,10.7164,1599,1701.21
54240,-1.3743,2.0027,10.507,1613,1701.21
54245,-0.51,0.9421,11.4359,1627,1701.21
54250,-1.0044,0.152,11.248,1617,1701.21
54255,-1.5562,0.6931,10.884,1619,1701.11
54260,-1.3431,1.8016,10.7308,1607,1701.11
54265,-1.658,2.2386,10.1921,1608,1701.11
54270,1.2079,2.8838,10.6877,1599,1701.11
54275,-1.4042,1.992,10.392,1613,1701.11
54280,-0.5962,1.0582,11.4287,1613,1701.11
54285,-0.8499,0.146,11.1366,1626,1701.11
54290,-1.5874,0.7123,11.0708,1627,1701.11
54295,-1.3204,1.7011,10.6147,1626,1701.11
54300,-1.8292,2.3308,10.3968,1627,1701.11
54305,1.2378,2.7605,10.5357,1596,1701.11
54310,-1.3408,2.059,10.5405,1610,1701.11
54315,-0.7506,1.0235,11.2982,1611,1701.11
54320,-0.7374,0.1939,11.1977,1615,1701.11
54325,-1.6364,0.5854,11.0564,1621,1701.02
54330,-1.3671,1.6604,10.5967,1626,1701.02
54335,-1.9309,2.302,10.4507,1623,1701.02
54340,1.1289,2.6707,10.3908,1597,1701.02
54345,-1.2737,2.2482,10.653,1597,1701.02
54350,-0.8416,0.972,11.169,1607,1701.02
54355,-0.65,0.2622,11.3796,1609,1701.02
54360,-1.6101,0.3747,10.89,1610,1701.02
54365,-1.2582,1.7633,10.7344,1620,1700.49
54370,-2.0973,2.1847,10.3358,1617,1700.49
54375,1.075,2.7306,10.4555,1619,1700.49
54380,-1.1959,2.2745,10.5776,1596,1700.49
54385,-0.8918,1.0702,11.1259,1608,1700.49
54390,-0.5626,0.3208,11.4251,1605,1700.49
54395,-1.6173,0.237,10.7895,1597,1700.49
54400,-1.2342,1.8052,10.999,1611,1700.34
54405,-2.2805,2.0339,10.1263,1605,1700.34
54410,0.9505,2.8311,10.6566,1615,1700.34
54415,-1.1277,2.1512,10.4387,1595,1700.34
54420,-0.9254,1.2749,11.23,1629,1700.34
54425,-0.504,0.2478,11.242,1615,1700.34
54430,-1.6328,0.243,10.8278,1596,1700.34
54435,-1.2582,1.7705,11.0133,1604,1700.49
54440,-2.393,1.9896,10.173,1605,1700.49
54445,0.8464,2.7821,10.6925,1615,1700.49
54450,-1.063,2.0853,10.2568,1589,1700.49
54455,-0.9804,1.4808,11.4024,1627,1700.49
54460,-0.4274,0.091,11.0768,1613,1700.49
54465,-1.6556,0.3304,11.0385,1623,1700.49
54470,-1.2617,1.5766,10.8469,1615,1700.44
54475,-2.4553,2.1105,10.3298,1607,1700.44
54480,0.7853,2.5857,10.5417,1607,1700.44
54485,-0.9098,2.2015,10.3166,1593,1700.44
54490,-1.0056,1.5299,11.3725,1619,1700.44
54495,-0.395,0.1365,11.0217,1613,1700.44
54500,-1.6544,0.3687,11.0959,1623,1700.44
54505,-1.3779,1.3659,10.7164,1613,1700.44
54510,-2.3703,2.2494,10.4411,1611,1700.44
54515,0.5986,2.4014,10.3358,1605,1700.44
54520,-0.7661,2.4565,10.5297,1597,1700.44
54525,-1.0786,1.4449,11.1366,1609,1700.44
54530,-0.3352,0.3316,11.1881,1609,1700.44
54535,-1.5969,0.2382,11.0816,1615,1700.44
54540,-1.4042,1.3659,10.7919,1607,1699.86
54545,-2.3511,2.1943,10.4363,1625,1699.86
54550,0.4142,2.3691,10.3932,1609,1699.86
54555,-0.5387,2.6384,10.6422,1597,1699.86
54560,-1.057,1.4102,10.9379,1621,1699.86
54565,-0.3304,0.5076,11.3497,1609,1699.86
54570,-1.5191,0.0862,10.9056,1611,1699.86
54575,-1.4521,1.4868,11.0325,1604,1699.76
54580,-2.2434,2.0423,10.313,1619,1699.76
54585,0.2167,2.4888,10.4818,1612,1699.76
54590,-0.328,2.6396,10.5273,1615,1699.76
54595,-1.0906,1.4844,10.9583,1623,1699.76
54600,-0.3077,0.5471,11.2707,1609,1699.76
54605,-1.4449,0.0359,10.9068,1597,1699.76
54610,-1.4784,1.4988,11.1809,1605,1699.48
54615,-2.1332,1.901,10.1634,1613,1699.48
54620,0.0515,2.5067,10.671,1609,1699.48
54625,-0.0634,2.6384,10.2532,1621,1699.48
54630,-1.1073,1.6867,11.1402,1621,1699.48
54635,-0.3915,0.4381,11.1187,1627,1699.48
54640,-1.4257,0.1125,11.1151,1595,1699.48
54645,-1.4246,1.3803,11.0361,1607,1699.28
54650,-2.0159,1.9549,10.3082,1607,1699.28
54655,-0.2203,2.49,10.5369,1606,1699.28
54660,0.2035,2.6767,10.2831,1618,1699.28
54665,-1.1863,1.8579,11.1318,1605,1699.28
54670,-0.3579,0.4274,11.0325,1629,1699.28
54675,-1.409,0.1796,11.3246,1605,1699.28
54680,-1.4473,1.1744,10.8685,1593,1698.85
54685,-1.8052,2.0099,10.4926,1607,1698.85
54690,-0.4489,2.4038,10.3334,1597,1698.85
54695,0.4633,2.818,10.5141,1605,1698.85
54700,-1.233,1.8794,10.9678,1597,1698.85
54705,-0.34,0.571,11.0935,1624,1698.85
54710,-1.3527,0.1437,11.3473,1592,1698.85
54715,-1.4736,1.0403,10.7799,1605,1698.95
54720,-1.658,2.0399,10.6542,1608,1698.95
54725,-0.6931,2.2913,10.1873,1599,1698.95
54730,0.6991,2.9006,10.6458,1624,1698.95
54735,-1.2677,1.822,10.6781,1598,1698.95
54740,-0.3663,0.8068,11.3401,1613,1698.95
54745,-1.1983,0.0491,11.218,1597,1698.95
54750,-1.555,1.0894,10.9343,1611,1698.85
54755,-1.5443,1.962,10.5393,1611,1698.85
54760,-0.978,2.3427,10.2927,1622,1698.85
54765,0.9577,2.9377,10.7141,1619,1698.85
54770,-1.3228,1.9142,10.6183,1597,1698.85
54775,-0.3938,0.8631,11.3629,1612,1698.85
54780,-1.0942,0.0192,11.1642,1598,1698.85
54785,-1.5634,1.0187,11.0911,1615,1699.19
54790,-1.4246,1.7813,10.4483,1607,1699.19
54795,-1.1995,2.4086,10.4555,1619,1699.19
54800,1.1384,2.8874,10.5141,1611,1699.19
54805,-1.2989,2.083,10.6841,1615,1699.19
54810,-0.4573,0.8559,11.2671,1627,1699.19
54815,-1.0331,0.1065,11.2982,1597,1699.19
54820,-1.6293,0.8547,11.0277,1615,1699.38
54825,-1.3575,1.7526,10.4782,1606,1699.38
54830,-1.391,2.3822,10.4136,1611,1699.38
54835,1.2007,2.7509,10.3681,1594,1699.38
54840,-1.3862,2.2278,10.7955,1615,1699.38
54845,-0.5423,0.7937,11.1414,1623,1699.38
54850,-0.9553,0.237,11.4443,1623,1699.38
54855,-1.6029,0.6524,10.8469,1619,1699.57
54860,-1.3072,1.8064,10.6877,1609,1699.57
54865,-1.6041,2.2601,10.2723,1609,1699.57
54870,1.2474,2.8814,10.4722,1599,1699.57
54875,-1.3886,2.2075,10.6901,1612,1699.57
54880,-0.5818,0.9062,11.1342,1614,1699.57
54885,-0.9254,0.237,11.3964,1619,1699.57
54890,-1.5574,0.4932,10.7428,1624,1699.76
54895,-1.1899,1.8735,10.9008,1634,1699.76
54900,-1.8531,2.15,10.1119,1624,1699.76
54905,1.2713,2.9365,10.7296,1595,1699.76
54910,-1.421,2.0961,10.4794,1597,1699.76
54915,-0.6045,1.0894,11.3318,1611,1699.76
54920,-0.8176,0.1963,11.2587,1613,1699.76
54925,-1.555,0.4585,10.7931,1614,1699.81
54930,-1.227,1.8076,10.8876,1627,1699.81
54935,-2.0686,2.1368,10.1706,1621,1699.81
54940,1.1911,2.9293,10.7643,1597,1699.81
54945,-1.385,2.0123,10.3525,1595,1699.81
54950,-0.7219,1.2007,11.4622,1608,1699.81
54955,-0.7123,0.1377,11.0971,1599,1699.81
54960,-1.6053,0.5315,10.9607,1608,1699.81
54965,-1.2737,1.7011,10.7069,1615,1699.86
54970,-2.1811,2.2182,10.2903,1614,1699.86
54975,1.1372,2.7246,10.6446,1615,1699.86
54980,-1.3001,2.0925,10.3765,1596,1699.86
54985,-0.7673,1.2366,11.3988,1612,1699.86
54990,-0.583,0.17,11.1091,1611,1699.86
54995,-1.6125,0.5088,11.1007,1595,1699.86
55000,-1.324,1.5718,10.659,1605,1700.01
55005,-2.2482,2.2386,10.4591,1607,1700.01
55010,1.0068,2.5558,10.3585,1612,1700.01
55015,-1.1277,2.2697,10.5668,1593,1700.01
55020,-0.9218,1.1971,11.1869,1629,1700.01
55025,-0.5531,0.2933,11.2264,1613,1700.01
55030,-1.6221,0.3615,10.9559,1610,1700.01
55035,-1.3431,1.6101,10.7607,1604,1700.2
55040,-2.3008,2.1751,10.3621,1607,1700.2
55045,0.8583,2.5187,10.3992,1608,1700.2
55050,-0.9565,2.3798,10.6602,1593,1700.2
55055,-0.9924,1.1791,11.0804,1614,1700.2
55060,-0.4585,0.3807,11.3641,1613,1700.2
55065,-1.5598,0.1808,10.8529,1620,1700.2
55070,-1.3659,1.719,10.9774,1615,1700.34
55075,-2.3798,1.968,10.1622,1605,1700.34
55080,0.6955,2.5941,10.5596,1599,1700.34
55085,-0.8272,2.3403,10.4986,1595,1700.34
55090,-1.0846,1.3599,11.1199,1613,1700.34
55095,-0.419,0.316,11.2827,1611,1700.34
55100,-1.5993,0.1065,10.8661,1621,1700.34
55105,-1.3012,1.7107,11.0732,1611,1700.82
55110,-2.3906,1.895,10.1526,1610,1700.82
55115,0.5543,2.6336,10.6494,1607,1700.82
55120,-0.6728,2.2673,10.2783,1595,1700.82
55125,-1.1097,1.5251,11.2695,1613,1700.82
55130,-0.3879,0.1987,11.1666,1611,1700.82
55135,-1.5945,0.2143,11.06,1613,1700.82
55140,-1.3467,1.5048,11.0026,1609,1701.02
55145,-2.3415,1.9728,10.2879,1625,1701.02
55150,0.3627,2.575,10.5465,1607,1701.02
55155,-0.48,2.4038,10.2915,1598,1701.02
55160,-1.1576,1.6352,11.2563,1627,1701.02
55165,-0.3124,0.2179,10.9942,1609,1701.02
55170,-1.6616,0.2538,11.1737,1609,1701.02
55175,-1.4054,1.3659,10.8014,1607,1701.74
55180,-2.3044,2.138,10.4962,1615,1701.74
55185,0.2286,2.3954,10.392,1608,1701.74
55190,-0.243,2.5989,10.489,1623,1701.74
55195,-1.2103,1.6281,11.1127,1623,1701.74
55200,-0.2574,0.3974,11.1055,1611,1701.74
55205,-1.5921,0.164,11.145,1595,1701.74
55210,-1.4198,1.2737,10.8757,1595,1702.27
55215,-2.1344,2.1763,10.489,1613,1702.27
55220,0.1065,2.3104,10.2855,1609,1702.27
55225,-0.1185,2.7354,10.6147,1625,1702.27
55230,-1.227,1.5395,10.8625,1619,1702.27
55235,-0.2837,0.5997,11.309,1625,1702.27
55240,-1.5048,0.103,11.0145,1597,1702.27
55245,-1.4425,1.3779,10.9894,1605,1702.18
55250,-2.0686,2.0674,10.404,1605,1702.18
55255,-0.0515,2.3691,10.4303,1606,1702.18
55260,0.0958,2.806,10.5512,1621,1702.18
55265,-1.2175,1.5862,10.7703,1611,1702.18
55270,-0.3077,0.6692,11.333,1627,1702.18
55275,-1.415,0.0132,11.0265,1609,1702.18
55280,-1.4964,1.4521,11.2348,1604,1702.32
55285,-2.0111,1.8735,10.222,1599,1702.32
55290,-0.2095,2.4612,10.556,1597,1702.32
55295,0.2466,2.7306,10.3837,1613,1702.32
55300,-1.2151,1.7801,10.9834,1595,1702.32
55305,-0.3148,0.6273,11.1905,1625,1702.32
55310,-1.415,0.0563,11.1546,1604,1702.32
55315,-1.4964,1.3228,11.1414,1606,1702.9
55320,-1.8423,1.804,10.2615,1609,1702.9
55325,-0.401,2.496,10.5884,1599,1702.9
55330,0.4477,2.7114,10.234,1600,1702.9
55335,-1.233,1.9513,10.9762,1599,1702.9
55340,-0.3555,0.5818,11.0552,1623,1702.9
55345,-1.4222,0.1281,11.333,1600,1702.9
55350,-1.4868,1.1552,10.9355,1603,1703.34
55355,-1.7346,1.9213,10.489,1607,1703.34
55360,-0.5351,2.4062,10.3633,1605,1703.34
55365,0.6632,2.7916,10.4028,1629,1703.34
55370,-1.2929,1.9465,10.9104,1597,1703.34
55375,-0.3603,0.6369,11.0887,1619,1703.34
55380,-1.3922,0.1353,11.4144,1606,1703.34
55385,-1.5119,1.0068,10.8302,1607,1702.95
55390,-1.5814,1.998,10.6362,1608,1702.95
55395,-0.7554,2.302,10.2065,1621,1702.95
55400,0.7661,2.958,10.5429,1623,1702.95
55405,-1.2761,1.8998,10.6901,1595,1702.95
55410,-0.3579,0.7649,11.2504,1613,1702.95
55415,-1.2594,0.1077,11.2887,1605,1702.95
55420,-1.5227,1.0199,10.8924,1613,1702.95
55425,-1.4784,1.9297,10.5991,1613,1702.95
55430,-0.9529,2.3092,10.2101,1620,1702.95
55435,0.9756,2.9437,10.6877,1613,1702.95
55440,-1.2785,1.8842,10.6303,1612,1702.95
55445,-0.4022,0.8679,11.394,1619,1702.95
55450,-1.1588,0.0359,11.1977,1599,1702.95
55455,-1.5431,1.0475,11.06,1608,1703.05
55460,-1.4485,1.7837,10.5201,1611,1703.05
55465,-1.1384,2.4289,10.404,1615,1703.05
55470,1.0977,2.8407,10.5405,1605,1703.05
55475,-1.2989,1.9692,10.6458,1615,1703.05
55480,-0.4597,0.8499,11.3078,1625,1703.05
55485,-1.0343,0.1173,11.2252,1597,1703.05
55490,-1.6197,0.9984,11.0612,1615,1703.05
55495,-1.4365,1.7154,10.3992,1607,1703.05
55500,-1.2821,2.4146,10.4722,1613,1703.05
55505,1.1839,2.7198,10.3813,1598,1703.05
55510,-1.3156,2.1249,10.8158,1613,1703.05
55515,-0.5423,0.8045,11.1354,1623,1703.05
55520,-1.0391,0.2382,11.4563,1619,1703.05
55525,-1.6173,0.7578,10.963,1623,1703.24
55530,-1.33,1.7957,10.5656,1607,1703.24
55535,-1.4329,2.3331,10.3872,1608,1703.24
55540,1.2725,2.8084,10.4351,1596,1703.24
55545,-1.3503,2.2565,10.7404,1609,1703.24
55550,-0.6117,0.7614,11.133,1619,1703.24
55555,-0.9673,0.2717,11.5113,1624,1703.24
55560,-1.5826,0.5555,10.8146,1621,1702.8
55565,-1.2689,1.9345,10.8481,1624,1702.8
55570,-1.6735,2.2075,10.1562,1625,1702.8
55575,1.3108,2.9521,10.5967,1595,1702.8
55580,-1.3683,2.1225,10.5812,1607,1702.8
55585,-0.5962,0.9625,11.248,1611,1702.8
55590,-0.917,0.2358,11.4048,1620,1702.8
55595,-1.5897,0.4812,10.738,1623,1702.56
55600,-1.1851,1.889,10.9032,1623,1702.56
55605,-1.8579,2.1608,10.058,1619,1702.56
55610,1.3384,3.0119,10.7667,1599,1702.56
55615,-1.3994,2.0267,10.3561,1597,1702.56
55620,-0.6201,1.1229,11.4371,1611,1702.56
55625,-0.8224,0.1329,11.2204,1613,1702.56
55630,-1.6424,0.4992,10.8721,1613,1702.66
55635,-1.2079,1.7717,10.7655,1623,1702.66
55640,-2.0207,2.1835,10.2208,1621,1702.66
55645,1.3156,2.8623,10.6638,1594,1702.66
55650,-1.3707,1.9872,10.325,1597,1702.66
55655,-0.7207,1.16,11.4551,1610,1702.66
55660,-0.6955,0.1448,11.1079,1608,1702.66
55665,-1.6089,0.5698,11.0445,1607,1702.66
55670,-1.227,1.6233,10.5872,1619,1702.71
55675,-2.1237,2.3128,10.422,1614,1702.71
55680,1.2378,2.7461,10.4758,1617,1702.71
55685,-1.3264,2.1225,10.4794,1593,1702.71
55690,-0.7638,1.1205,11.3006,1608,1702.71
55695,-0.6357,0.2131,11.1977,1605,1702.71
55700,-1.6508,0.5028,11.0229,1605,1702.71
55705,-1.3132,1.5933,10.6722,1609,1702.66
55710,-2.1967,2.2913,10.4603,1606,1702.66
55715,1.1289,2.6396,10.4327,1613,1702.66
55720,-1.251,2.2362,10.6662,1593,1702.66
55725,-0.8284,1.0044,11.0947,1628,1702.66
55730,-0.6177,0.3328,11.3449,1613,1702.66
55735,-1.5455,0.3112,10.7823,1599,1702.66
55740,-1.3324,1.6831,10.8888,1599,1702.76
55745,-2.2853,2.132,10.2999,1605,1702.76
55750,0.48,2.5714,10.562,1611,1702.76
55755,-1.1265,2.2709,10.5489,1597,1702.76
55760,-0.9194,1.1253,11.1043,1627,1702.76
55765,-0.589,0.3232,11.3461,1614,1702.76
55770,-1.5335,0.2047,10.7691,1613,1702.76
55775,-1.2965,1.7992,11.054,1608,1702.71
55780,-2.3451,2.0183,10.1251,1606,1702.71
55785,0.9074,2.7485,10.6662,1608,1702.71
55790,-1.0618,2.1464,10.392,1605,1702.71
55795,-0.9469,1.3096,11.2599,1621,1702.71
55800,-0.4992,0.2274,11.2013,1610,1702.71
55805,-1.555,0.1999,10.8972,1619,1702.71
55810,-1.3168,1.7011,10.999,1615,1702.47
55815,-2.4086,1.9752,10.2532,1605,1702.47
55820,0.7901,2.6935,10.6626,1605,1702.47
55825,-0.8882,2.1739,10.2352,1596,1702.47
55830,-1.0439,1.4904,11.3772,1613,1702.47
55835,-0.4393,0.1484,11.0792,1607,1702.47
55840,-1.6221,0.3172,11.048,1621,1702.47
55845,-1.3443,1.5431,10.8541,1607,1702.76
55850,-2.3774,2.059,10.3884,1627,1702.76
55855,0.6357,2.5211,10.5153,1608,1702.76
55860,-0.723,2.3367,10.3597,1599,1702.76
55865,-1.0678,1.4724,11.2348,1607,1702.76
55870,-0.3412,0.1927,11.0959,1613,1702.76
55875,-1.6316,0.2981,11.1678,1607,1702.76
55880,-1.3443,1.4246,10.7739,1609,1702.61
55885,-2.3451,2.1967,10.4818,1623,1702.61
55890,0.425,2.3774,10.3477,1607,1702.61
55895,-0.5902,2.5391,10.5764,1607,1702.61
55900,-1.1432,1.4449,11.0397,1627,1702.61
55905,-0.2861,0.3807,11.2276,1611,1702.61
55910,-1.6173,0.1472,11.0002,1609,1702.61
55915,-1.4066,1.4102,10.8577,1605,1702.37
55920,-2.2948,2.1464,10.4447,1623,1702.37
55925,0.3041,2.405,10.3489,1609,1702.37
55930,-0.4022,2.6408,10.6219,1621,1702.37
55935,-1.1779,1.4054,10.9128,1623,1702.37
55940,-0.3005,0.4788,11.3126,1607,1702.37
55945,-1.5143,0.0563,10.8565,1596,1702.37
55950,-1.415,1.5107,11.1354,1605,1702.47
55955,-2.2434,1.9848,10.2161,1615,1702.47
55960,0.1448,2.4983,10.5034,1611,1702.47
55965,-0.2394,2.6336,10.4651,1624,1702.47
55970,-1.16,1.5048,10.9726,1619,1702.47
55975,-0.2777,0.4764,11.2516,1625,1702.47
55980,-1.476,0.1006,10.9738,1597,1702.47
55985,-1.415,1.4784,11.1486,1600,1702.22
55990,-2.1775,1.9166,10.2256,1607,1702.22
55995,-0.0132,2.5163,10.6398,1605,1702.22
56000,-0.091,2.5738,10.2855,1655,1702.22
56005,-1.1504,1.6843,11.0935,1610,1702.22
56010,-0.2622,0.4633,11.072,1625,1702.22
56015,-1.4832,0.1077,11.1749,1591,1702.22
56020,-1.4605,1.318,10.9978,1605,1702.71
56025,-2.0662,1.9609,10.3765,1595,1702.71
56030,-0.1305,2.496,10.5141,1593,1702.71
56035,0.1448,2.6911,10.3094,1611,1702.71
56040,-1.2127,1.8375,11.1151,1594,1702.71
56045,-0.2837,0.4322,10.9918,1635,1702.71
56050,-1.4892,0.1329,11.3054,1594,1702.71
56055,-1.4533,1.1372,10.8565,1592,1702.85
56060,-1.8723,2.0542,10.5058,1596,1702.85
56065,-0.3508,2.3583,10.3477,1591,1702.85
56070,0.3328,2.8419,10.4866,1593,1702.85
56075,-1.2067,1.7549,10.8685,1587,1702.85
56080,-0.2502,0.6333,11.1701,1613,1702.85
56085,-1.4473,0.1544,11.2659,1595,1702.85
56090,-1.4832,1.1564,10.8733,1591,1703.14
56095,-1.7466,2.0375,10.5656,1608,1703.14
56100,-0.4717,2.3559,10.2951,1623,1703.14
56105,0.4669,2.9485,10.6769,1639,1703.14
56110,-1.2713,1.7573,10.6757,1619,1703.14
56122,-0.2933,0.7602,11.2982,1624,1703.14
56126,-1.4916,1.166,10.9726,1687,1702.85
56130,-1.64,1.9357,10.4447,1627,1702.85
56135,-0.6333,2.3846,10.3597,1611,1702.85
56140,0.674,2.9305,10.6291,1656,1702.85
56145,-1.2558,1.7801,10.7548,1635,1702.85
56150,-0.3615,0.7494,11.3749,1637,1702.85
56155,-1.2582,-0.0132,11.1007,1627,1702.85
56160,-1.5167,1.221,11.1139,1629,1702.95
56165,-1.6496,1.7849,10.2197,1623,1702.95
56170,-0.8188,2.5283,10.4794,1629,1702.95
56175,0.7614,2.7701,10.392,1627,1702.95
56180,-1.2677,2.0075,10.8721,1609,1702.95
56185,-0.3663,0.6823,11.1941,1613,1702.95
56190,-1.2163,0.0443,11.2468,1604,1702.95
56195,-1.5215,1.0977,11.0768,1618,1702.8
56200,-1.579,1.7681,10.4291,1613,1702.8
56205,-0.9996,2.5259,10.4866,1619,1702.8
56210,0.9445,2.7845,10.3513,1621,1702.8
56215,-1.2534,2.1464,10.9212,1613,1702.8
56220,-0.425,0.6057,11.06,1623,1702.8
56225,-1.166,0.2083,11.4898,1605,1702.8
56230,-1.5119,0.8763,10.8649,1609,1702.8
56235,-1.4581,1.8543,10.6686,1609,1702.8
56240,-1.154,2.3559,10.3022,1635,1702.8
56245,1.0846,2.8503,10.4842,1611,1702.8
56250,-1.2653,2.1548,10.8314,1618,1702.8
56255,-0.3962,0.6967,11.145,1627,1702.8
56260,-1.0894,0.2203,11.4132,1599,1702.8
56265,-1.5335,0.656,10.7224,1615,1703.48
56270,-1.3455,1.98,10.7607,1598,1703.48
56275,-1.3838,2.2422,10.1251,1605,1703.48
56280,1.1851,2.988,10.6829,1603,1703.48
56285,-1.3252,2.0111,10.5931,1613,1703.48
56290,-0.5052,0.8882,11.2875,1621,1703.48
56295,-1.0415,0.2011,11.3497,1611,1703.48
56300,-1.5886,0.6452,10.8445,1624,1703.63
56305,-1.2594,1.8974,10.7583,1604,1703.63
56310,-1.5479,2.2314,10.167,1607,1703.63
56315,1.2869,2.982,10.7224,1597,1703.63
56320,-1.3898,1.9788,10.4124,1615,1703.63
56325,-0.5578,1.0008,11.4407,1619,1703.63
56330,-0.8811,0.0982,11.1869,1624,1703.63
56335,-1.6293,0.6596,10.9906,1621,1703.24
56340,-1.2378,1.7442,10.6267,1621,1703.24
56345,-1.6975,2.3008,10.3453,1623,1703.24
56350,1.2977,2.8407,10.6135,1595,1703.24
56355,-1.3551,2.0351,10.4866,1605,1703.24
56360,-0.6428,0.9864,11.4,1614,1703.24
56365,-0.7997,0.1257,11.2444,1620,1703.24
56370,-1.646,0.674,11.0217,1620,1703.82
56375,-1.2989,1.6783,10.5213,1627,1703.82
56380,-1.8399,2.3846,10.4052,1624,1703.82
56385,1.2941,2.7665,10.4459,1595,1703.82
56390,-1.4114,2.2338,10.6925,1599,1703.82
56395,-0.6847,0.9301,11.2372,1611,1703.82
56400,-0.7482,0.2753,11.3533,1607,1703.82
56405,-1.6281,0.516,10.8409,1619,1703.53
56410,-1.2725,1.6831,10.6865,1625,1703.53
56415,-1.9908,2.2889,10.2747,1621,1703.53
56420,1.239,2.8168,10.4196,1596,1703.53
56425,-1.3755,2.2553,10.6638,1595,1703.53
56430,-0.68,0.9661,11.1211,1609,1703.53
56435,-0.7542,0.3112,11.4682,1607,1703.53
56440,-1.5706,0.334,10.7619,1609,1703.53
56445,-1.1971,1.7945,10.8577,1621,1702.85
56450,-2.1261,2.1608,10.1921,1615,1702.85
56455,1.1887,2.8958,10.6147,1613,1702.85
56460,-1.3408,2.1859,10.4746,1583,1702.85
56465,-0.7278,1.0546,11.1929,1607,1702.85
56470,-0.6919,0.2813,11.4048,1605,1702.85
56475,-1.6077,0.2981,10.7763,1599,1702.85
56480,-1.2115,1.7885,10.9714,1613,1702.85
56485,-2.2565,2.0686,10.1131,1609,1702.85
56490,1.1205,2.9018,10.6937,1613,1702.85
56495,-1.2797,2.0698,10.3046,1593,1702.85
56500,-0.8523,1.2857,11.4048,1620,1702.85
56505,-0.6393,0.1951,11.1306,1611,1702.85
56510,-1.5993,0.3543,10.9307,1599,1702.85
56515,-1.2953,1.6688,10.8254,1599,1702.66
56520,-2.3427,2.1021,10.2496,1604,1702.66
56525,1.069,2.7569,10.5967,1612,1702.66
56530,-1.2007,2.0842,10.3166,1591,1702.66
56535,-0.838,1.336,11.4335,1627,1702.66
56540,-0.5578,0.164,11.0684,1615,1702.66
56545,-1.6364,0.4453,11.0923,1615,1702.66
56550,-1.3168,1.5526,10.7296,1605,1702.08
56555,-2.3475,2.211,10.3717,1605,1702.08
56560,0.9098,2.5965,10.4279,1606,1702.08
56565,-1.0618,2.2685,10.4998,1594,1702.08
56570,-0.9625,1.3168,11.1905,1623,1702.08
56575,-0.5076,0.2514,11.1606,1615,1702.08
56580,-1.6293,0.3436,11.0289,1624,1702.08
56585,-1.3779,1.5347,10.7619,1619,1702.08
56590,-2.3451,2.1644,10.4914,1605,1702.08
56595,0.7697,2.4648,10.2867,1605,1702.08
56600,-0.8954,2.4086,10.6626,1594,1702.08
56605,-1.0786,1.2617,11.0361,1617,1702.08
56610,-0.4046,0.3208,11.3389,1611,1702.08
56615,-1.573,0.1448,10.8721,1619,1702.08
56620,-1.3467,1.6328,10.9104,1615,1701.84
56625,-2.3822,2.0818,10.307,1614,1701.84
56630,0.5578,2.5606,10.4567,1599,1701.84
56635,-0.7051,2.472,10.5764,1597,1701.84
56640,-1.1013,1.3168,11.0828,1609,1701.84
56645,-0.413,0.334,11.3557,1609,1701.84
56650,-1.5742,0.0742,10.8493,1615,1701.84
56655,-1.3587,1.6532,11.0983,1605,1701.5
56660,-2.3631,1.9656,10.1454,1623,1701.5
56665,0.4046,2.5917,10.6326,1603,1701.5
56670,-0.5531,2.4217,10.2855,1603,1701.5
56675,-1.1085,1.5239,11.1534,1625,1701.5
56680,-0.3436,0.3065,11.1713,1609,1701.5
56685,-1.5562,0.1484,10.9702,1603,1701.5
56690,-1.3707,1.5658,11.048,1599,1702.13
56695,-2.3547,1.98,10.1861,1613,1702.13
56700,0.2825,2.5929,10.5884,1611,1702.13
56705,-0.3926,2.4325,10.2496,1623,1702.13
56710,-1.148,1.6616,11.2994,1623,1702.13
56715,-0.3112,0.2586,11.054,1609,1702.13
56720,-1.5706,0.2143,11.1821,1597,1702.13
56725,-1.421,1.3575,10.8984,1605,1702.61
56730,-2.2458,2.1201,10.4016,1611,1702.61
56735,0.1197,2.3942,10.471,1609,1702.61
56740,-0.1676,2.6109,10.4004,1625,1702.61
56745,-1.2222,1.6616,11.1115,1607,1702.61
56750,-0.2705,0.3519,11.0852,1625,1702.61
56755,-1.5766,0.182,11.1977,1596,1702.61
56760,-1.4138,1.2713,10.8074,1599,1702.42
56765,-2.0794,2.1871,10.5117,1607,1702.42
56770,0.0347,2.2972,10.2831,1603,1702.42
56775,-0.012,2.7701,10.5668,1621,1702.42
56780,-1.2342,1.5862,10.8972,1612,1702.42
56785,-0.2622,0.5495,11.2635,1623,1702.42
56790,-1.5335,0.1137,11.1211,1605,1702.42
56795,-1.4964,1.2617,10.9283,1599,1701.55
56800,-2.0004,2.0842,10.4124,1599,1701.55
56805,-0.1628,2.3116,10.3453,1605,1701.55
56810,0.1975,2.9042,10.6171,1607,1701.55
56815,-1.2031,1.5682,10.7404,1605,1701.55
56820,-0.2777,0.6931,11.3868,1625,1701.55
56825,-1.3922,0.0084,11.0157,1607,1701.55
56830,-1.5131,1.3719,11.1247,1604,1700.73
56835,-1.8555,1.8998,10.3058,1607,1700.73
56840,-0.3579,2.4193,10.4902,1589,1700.73
56845,0.3843,2.7629,10.4327,1595,1700.73
56850,-1.2163,1.737,10.884,1596,1700.73
56855,-0.3555,0.6572,11.2755,1623,1700.73
56860,-1.3539,-0.0024,11.0612,1599,1700.73
56865,-1.4904,1.2929,11.1618,1605,1700.1
56870,-1.7382,1.8304,10.2843,1607,1700.1
56875,-0.5351,2.5379,10.5728,1612,1700.1
56880,0.6309,2.7234,10.3166,1629,1700.1
56885,-1.2546,1.9872,10.9834,1597,1700.1
56890,-0.3448,0.5902,11.163,1609,1700.1
56895,-1.2941,0.0814,11.2719,1598,1700.1
56900,-1.4688,1.1145,11.0349,1611,1700.15
56905,-1.6293,1.8627,10.4291,1609,1700.15
56910,-0.7685,2.4541,10.4291,1614,1700.15
56915,0.808,2.7797,10.343,1619,1700.15
56920,-1.2294,2.1033,10.999,1605,1700.15
56925,-0.4166,0.589,10.9954,1617,1700.15
56930,-1.2965,0.1556,11.4766,1604,1700.15
56935,-1.4916,0.9278,10.8314,1612,1700.39
56940,-1.5,1.9812,10.653,1611,1700.39
56945,-1.0235,2.3655,10.2328,1609,1700.39
56950,1.0044,2.9257,10.5381,1607,1700.39
56955,-1.2917,2.0411,10.7296,1615,1700.39
56960,-0.4226,0.7386,11.1917,1627,1700.39
56965,-1.1588,0.1628,11.3509,1599,1700.39
56970,-1.5107,0.7961,10.8146,1619,1700.44
56975,-1.4269,1.9692,10.6997,1605,1700.44
56980,-1.3144,2.2805,10.1825,1613,1700.44
56985,1.1588,2.976,10.7464,1595,1700.44
56990,-1.3575,1.9525,10.5058,1619,1700.44
56995,-0.4872,0.9038,11.388,1623,1700.44
57000,-1.063,0.1149,11.2025,1623,1700.44
57005,-1.6113,0.7805,10.9367,1621,1700.78
57010,-1.3515,1.8747,10.6123,1611,1700.78
57015,-1.4772,2.302,10.2783,1607,1700.78
57020,1.2558,2.9042,10.6458,1597,1700.78
57025,-1.3539,1.9824,10.41,1611,1700.78
57030,-0.5794,0.9493,11.4227,1613,1700.78
57035,-0.8978,0.1305,11.2192,1619,1700.78
57040,-1.6125,0.7398,11.0588,1618,1700.78
57045,-1.3096,1.7298,10.5082,1627,1700.78
57050,-1.6771,2.3655,10.3896,1625,1700.78
57055,1.2605,2.7438,10.4543,1595,1700.78
57060,-1.3108,2.1141,10.6147,1599,1700.78
57065,-0.6512,0.8847,11.2647,1609,1700.78
57070,-0.8068,0.1664,11.2563,1617,1700.78
57075,-1.6065,0.6393,10.9882,1617,1700.58
57080,-1.257,1.7693,10.5572,1625,1700.58
57085,-1.8316,2.3667,10.4076,1621,1700.58
57090,1.2342,2.7533,10.4076,1597,1700.58
57095,-1.3204,2.2817,10.7117,1591,1700.58
57100,-0.7362,0.8811,11.1797,1609,1700.58
57105,-0.7889,0.2634,11.3988,1609,1700.58
57110,-1.6221,0.395,10.7919,1608,1700.58
57115,-1.2163,1.8411,10.8266,1613,1700.78
57120,-2.0494,2.2278,10.2197,1613,1700.78
57125,1.2294,2.7916,10.4998,1611,1700.78
57130,-1.3312,2.2446,10.5955,1595,1700.78
57135,-0.7506,1.0056,11.1761,1608,1700.78
57140,-0.6812,0.261,11.4754,1609,1700.78
57145,-1.5921,0.2717,10.7428,1599,1700.78
57150,-1.1899,1.8759,10.9595,1611,1700.73
57155,-2.217,2.0423,10.058,1607,1700.73
57160,1.1588,2.885,10.6817,1611,1700.73
57165,-1.2797,2.0889,10.3597,1595,1700.73
57170,-0.7877,1.227,11.297,1625,1700.73
57175,-0.6452,0.1867,11.2348,1613,1700.73
57180,-1.6149,0.34,10.8541,1605,1700.73
57185,-1.2031,1.7597,10.9164,1599,1700.68
57190,-2.399,2.053,10.1909,1605,1700.68
57195,1.093,2.7964,10.7033,1613,1700.68
57200,-1.1935,2.0279,10.2963,1593,1700.68
57205,-0.8487,1.3491,11.4132,1621,1700.68
57210,-0.583,0.1712,11.0744,1613,1700.68
57215,-1.6352,0.3986,11.0421,1620,1700.68
57220,-1.2977,1.5251,10.7895,1619,1700.1
57225,-2.4229,2.1452,10.3777,1599,1700.1
57230,0.9732,2.6061,10.5512,1599,1700.1
57235,-1.0678,2.1979,10.3549,1591,1700.1
57240,-0.917,1.3874,11.2803,1617,1700.1
57245,-0.4764,0.1808,11.0684,1611,1700.1
57250,-1.6508,0.3639,11.1211,1621,1700.1
57255,-1.3408,1.4485,10.7009,1613,1699.33
57260,-2.3822,2.2733,10.5082,1615,1699.33
57265,0.7673,2.4325,10.3825,1605,1699.33
57270,-0.905,2.4169,10.562,1596,1699.33
57275,-0.9649,1.3012,11.1067,1609,1699.33
57280,-0.4154,0.3519,11.2899,1613,1699.33
57285,-1.5814,0.2574,10.9523,1613,1699.33
57290,-1.4138,1.5514,10.9164,1609,1699.14
57295,-2.3822,2.1404,10.3621,1623,1699.14
57300,0.5806,2.4612,10.4303,1606,1699.14
57305,-0.662,2.5055,10.5908,1605,1699.14
57310,-1.0894,1.3384,10.9463,1626,1699.14
57315,-0.3687,0.3926,11.3282,1607,1699.14
57320,-1.5143,0.0587,10.8709,1598,1699.14
57325,-1.3743,1.6005,11.1259,1597,1699.28
57330,-2.3499,1.986,10.2149,1615,1699.28
57335,0.3376,2.5582,10.5584,1611,1699.28
57340,-0.4214,2.5678,10.5046,1627,3525.06
57345,-1.1085,1.4856,11.0313,1619,3525.06
57350,-0.3771,0.3867,11.2839,1620,3525.06
57355,-1.4844,0.0706,10.884,1597,3525.06
57360,-1.4461,1.5862,11.1318,1600,3280.3
57365,-2.2529,1.9381,10.0748,1607,3280.3
57370,0.1616,2.6013,10.6195,1597,3280.3
57375,-0.1856,2.5115,10.3166,1621,3280.3
57380,-1.1241,1.7011,11.1486,1613,3280.3
57385,-0.3771,0.3508,11.072,1625,3280.3
57390,-1.4856,0.1161,11.1282,1593,3280.3
57395,-1.4485,1.4006,11.0061,1599,1698.8
57400,-2.0746,2.0123,10.3094,1605,1698.8
57405,-0.0994,2.4672,10.4974,1605,1698.8
57410,0.1113,2.6372,10.331,1609,1698.8
57415,-1.1923,1.7885,11.1474,1595,1698.8
57420,-0.3328,0.3926,11.0109,1627,1698.8
57425,-1.4736,0.1664,11.2695,1604,1698.8
57430,-1.4808,1.2007,10.829,1605,1698.56
57435,-1.8818,2.1045,10.5297,1607,1698.56
57440,-0.346,2.3798,10.3525,1597,1698.56
57445,0.4082,2.8228,10.5034,1599,1698.56
57450,-1.2965,1.8112,10.9607,1598,1698.56
57455,-0.2801,0.5531,11.1797,1623,1698.56
57460,-1.4234,0.1269,11.2887,1597,1698.56
57465,-1.5071,1.0965,10.835,1609,1698.61
57470,-1.7107,2.077,10.659,1609,1698.61
57475,-0.5902,2.296,10.246,1619,1698.61
57480,0.6081,3.0011,10.6961,1625,1698.61
57485,-1.3288,1.7298,10.7105,1597,1698.61
57490,-0.2705,0.7087,11.3425,1611,1698.61
57495,-1.2677,0.0144,11.1654,1609,1698.61
57500,-1.5455,1.057,10.9259,1613,1698.66
57505,-1.573,1.9381,10.4567,1611,1698.66
57510,-0.826,2.4014,10.3513,1613,1698.66
57515,0.8667,2.9556,10.6075,1613,1698.66
57520,-1.3144,1.8411,10.6542,1609,1698.66
57525,-0.328,0.8009,11.3641,1623,1698.66
57530,-1.1983,-0.0323,11.1354,1597,1698.66
57535,-1.5766,1.0894,11.0875,1595,1698.71
57540,-1.4593,1.8088,10.4184,1606,1698.71
57545,-1.0187,2.4612,10.4399,1614,1698.71
57550,1.0523,2.8395,10.4495,1605,1698.71
57555,-1.3479,2.0375,10.7344,1613,1698.71
57560,-0.3938,0.7817,11.3138,1625,1698.71
57565,-1.142,0.0335,11.2432,1605,1698.71
57570,-1.573,0.9242,11.0684,1625,1698.61
57575,-1.3922,1.7083,10.4507,1599,1698.61
57580,-1.2713,2.46,10.4279,1608,1698.61
57585,1.166,2.8168,10.4244,1597,1698.61
57590,-1.3815,2.1727,10.8505,1611,1698.61
57595,-0.425,0.7278,11.1151,1619,1698.61
57600,-1.0762,0.1891,11.3749,1623,1698.61
57605,-1.5299,0.6847,10.8577,1615,1698.8
57610,-1.3156,1.8459,10.6925,1626,1698.8
57615,-1.5036,2.3691,10.2197,1623,1698.8
57620,1.2151,2.8994,10.5524,1595,1698.8
57625,-1.3743,2.1799,10.7332,1599,1698.8
57630,-0.5136,0.8535,11.1582,1593,1698.8
57635,-0.9888,0.2382,11.4395,1615,1698.8
57640,-1.5227,0.4992,10.7583,1619,1698.61
57645,-1.2653,1.9178,10.8577,1623,1698.61
57650,-1.7514,2.2051,10.1239,1630,1698.61
57655,1.2809,2.9473,10.6997,1595,1698.61
57660,-1.4317,2.0806,10.4722,1599,1698.61
57665,-0.5746,0.9816,11.3413,1607,1698.61
57670,-0.8966,0.1748,11.2779,1615,1698.61
57675,-1.5359,0.4956,10.8769,1605,1698.61
57680,-1.2582,1.8136,10.8445,1613,1698.51
57685,-1.9465,2.156,10.1634,1609,1698.51
57690,1.257,2.8898,10.75,1613,1698.51
57695,-1.3779,2.0075,10.3274,1594,1698.51
57700,-0.7039,1.1648,11.4215,1607,1698.51
57705,-0.7422,0.1616,11.0983,1609,1698.51
57710,-1.573,0.5399,11.0744,1597,1698.51
57715,-1.3144,1.7083,10.7308,1609,1698.71
57720,-2.0794,2.2003,10.3753,1607,1698.71
57725,1.154,2.7593,10.5297,1615,1698.71
57730,-1.251,2.1141,10.4291,1592,1698.71
57735,-0.808,1.2175,11.4096,1625,1698.71
57740,-0.6153,0.1724,11.1366,1614,1698.71
57745,-1.5969,0.4118,11.0864,1609,1698.71
57750,-1.3443,1.5993,10.6757,1603,1698.75
57755,-2.2122,2.2505,10.4627,1604,1698.75
57760,1.0271,2.6109,10.337,1611,1698.75
57765,-1.1013,2.2745,10.6051,1593,1698.75
57770,-0.9744,1.1768,11.1953,1618,1698.75
57775,-0.5183,0.2753,11.23,1613,1698.75
57780,-1.6221,0.2909,10.9595,1623,1698.75
57785,-1.3312,1.6616,10.7799,1619,1698.61
57790,-2.3044,2.1392,10.3789,1611,1698.61
57795,0.8416,2.563,10.3645,1603,1698.61
57800,-0.9756,2.4277,10.6111,1597,1698.61
57805,-1.0391,1.1899,11.0624,1611,1698.61
57810,-0.4334,0.3148,11.3605,1611,1698.61
57815,-1.5909,0.1353,10.8026,1619,1698.61
57820,-1.312,1.7166,11.0073,1609,1698.85
57825,-2.411,1.9776,10.1562,1619,1698.85
57830,0.6871,2.6707,10.5453,1611,1698.85
57835,-0.8212,2.3774,10.4327,1593,1698.85
57840,-1.0846,1.4078,11.1199,1583,1698.85
57845,-0.3903,0.2957,11.2695,1611,1698.85
57850,-1.6281,0.1101,10.8014,1611,1698.85
57855,-1.312,1.652,11.0684,1609,1699.14
57860,-2.3942,1.9429,10.1011,1621,1699.14
57865,0.5136,2.624,10.6015,1611,1699.14
57870,-0.6692,2.3463,10.2927,1611,1699.14
57875,-1.1193,1.5754,11.2599,1626,1699.14
57880,-0.3639,0.2586,11.1151,1609,1699.14
57885,-1.6257,0.182,11.0265,1593,1699.14
57890,-1.3324,1.4593,11.0014,1599,1698.99
57895,-2.3547,2.0159,10.3418,1615,1698.99
57900,0.4118,2.5091,10.5369,1609,1698.99
57905,-0.4142,2.4205,10.2496,1625,1698.99
57910,-1.172,1.6305,11.2707,1619,1698.99
57915,-0.3316,0.2538,11.0217,1622,1698.99
57920,-1.6269,0.2251,11.1713,1595,1698.99
57925,-1.3599,1.3216,10.8218,1599,1699.14
57930,-2.2027,2.1201,10.5213,1605,1699.14
57935,0.176,2.2984,10.3753,1607,1699.14
57940,-0.2239,2.6612,10.5058,1619,1699.14
57945,-1.1768,1.6089,11.0468,1599,1699.14
57950,-0.2658,0.4776,11.1151,1626,1699.14
57955,-1.5826,0.1413,11.1929,1599,1699.14
57960,-1.4569,1.2641,10.811,1599,1699.14
57965,-2.0758,2.1356,10.4962,1598,1699.14
57970,-0.0192,2.2924,10.2843,1597,1699.14
57975,0.0551,2.8563,10.6171,1607,1699.14
57980,-1.1875,1.5802,10.8565,1596,1699.14
57985,-0.3268,0.68,11.3521,1623,1699.14
57990,-1.4688,0.0168,11.0085,1605,1699.14
57995,-1.4724,1.3551,10.9966,1599,1699.04
58000,-1.9213,2.0219,10.4076,1607,1699.04
58005,-0.2729,2.3822,10.4232,1603,1699.04
58010,0.2705,2.8575,10.5512,1627,1699.04
58015,-1.1983,1.6173,10.835,1597,1699.04
58020,-0.2885,0.7003,11.3389,1619,1699.04
58025,-1.3587,-0.0754,11.0313,1604,1699.04
58030,-1.5095,1.3324,11.1737,1608,1699.81
58035,-1.8555,1.8423,10.2627,1609,1699.81
58040,-0.48,2.5043,10.5429,1623,1699.81
58045,0.5291,2.7581,10.3837,1621,1699.81
58050,-1.221,1.8926,10.9654,1599,1699.81
58055,-0.3567,0.6464,11.1953,1611,1699.81
58060,-1.2977,0.0299,11.1797,1599,1699.81
58065,-1.4784,1.1911,11.1055,1607,1699.96
58070,-1.6735,1.7873,10.343,1611,1699.96
58075,-0.6835,2.5031,10.5249,1617,1699.96
58080,0.7614,2.7246,10.3046,1612,1699.96
58085,-1.257,2.059,11.0504,1615,1699.96
58090,-0.3639,0.589,11.0648,1623,1699.96
58095,-1.2617,0.1305,11.4132,1597,1699.96
58100,-1.5012,0.9972,10.9092,1606,1699.76
58105,-1.5526,1.919,10.5273,1607,1699.76
58110,-0.9134,2.4373,10.3082,1619,1699.76
58115,0.978,2.8383,10.4256,1604,1699.76
58120,-1.3012,2.1332,10.835,1613,1699.76
58125,-0.3879,0.6919,11.1318,1624,1699.76
58130,-1.2318,0.1867,11.4718,1605,1699.76
58135,-1.5395,0.7925,10.7308,1621,1700.1
58140,-1.3827,1.9908,10.7129,1599,1700.1
58145,-1.172,2.2829,10.1155,1608,1700.1
58150,1.1121,2.976,10.647,1599,1700.1
58155,-1.3396,2.0231,10.5572,1609,1700.1
58160,-0.4717,0.8475,11.3138,1617,1700.1
58165,-1.1313,0.1496,11.3162,1611,1700.1
58170,-1.5766,0.7266,10.8445,1624,1699.38
58175,-1.3048,1.9549,10.7512,1624,1699.38
58180,-1.4557,2.2553,10.1658,1624,1699.38
58185,1.2941,2.958,10.6793,1595,1699.38
58190,-1.3599,1.9776,10.4244,1604,1699.38
58195,-0.48,0.9661,11.4359,1609,1699.38
58200,-0.9649,0.0898,11.1582,1619,1699.38
58205,-1.64,0.7494,11.0073,1619,1699.09
58210,-1.2989,1.8244,10.6554,1627,1699.09
58215,-1.67,2.3164,10.2819,1624,1699.09
58220,1.3288,2.8635,10.58,1595,1699.09
58225,-1.3587,2.0602,10.4998,1594,1699.09
58230,-0.5794,0.9601,11.412,1609,1699.09
58235,-0.8284,0.1293,11.2001,1611,1699.09
58240,-1.6855,0.6201,11.0636,1614,1699.09
58245,-1.2318,1.6556,10.562,1615,1699.19
58250,-1.8148,2.3391,10.3753,1618,1699.19
58255,0.3867,2.4385,10.3825,1619,1699.19
58260,-1.3623,2.2098,10.6243,1597,3525.26
58265,-0.674,0.9601,11.2252,1609,3525.26
58270,-0.7817,0.267,11.303,1605,3525.26
58275,-1.6652,0.4848,10.8864,1597,3525.26
58280,-1.1947,1.7238,10.732,1611,3280.3
58285,-2.0614,2.2721,10.3334,1605,3280.3
58290,1.2737,2.7845,10.4208,1613,3280.3
58295,-1.3001,2.241,10.6398,1591,3280.3
58300,-0.741,1.008,11.1354,1624,3280.3
58305,-0.6979,0.2454,11.394,1614,3280.3
58310,-1.6328,0.3112,10.7978,1599,3280.3
58315,-1.2043,1.7585,10.9307,1605,1698.85
58320,-2.2541,2.1392,10.1263,1600,1698.85
58325,1.1408,2.8287,10.6171,1607,1698.85
58330,-1.2725,2.1656,10.4519,1589,1698.85
58335,-0.7937,1.1516,11.2516,1620,1698.85
58340,-0.6608,0.231,11.3018,1617,1698.85
58345,-1.5957,0.243,10.8002,1619,1698.85
58350,-1.1684,1.7741,10.9894,1615,1698.66
58355,-2.3607,2.0027,10.1323,1605,1698.66
58360,1.0307,2.8084,10.6925,1599,1698.66
58365,-1.142,2.1069,10.3058,1593,1698.66
58370,-0.8859,1.3647,11.3772,1609,1698.66
58375,-0.5411,0.2035,11.1163,1609,1698.66
58380,-1.6556,0.3244,10.9391,1622,1698.66
58385,-1.2677,1.6676,10.8517,1611,1698.99
58390,-2.4074,2.0925,10.2903,1614,1698.99
58395,0.8547,2.642,10.5967,1607,1698.99
58400,-1.0056,2.1512,10.3394,1599,1698.99
58405,-0.9816,1.4269,11.3533,1605,1698.99
58410,-0.498,0.2227,11.0744,1609,1698.99
58415,-1.6328,0.3077,11.1247,1611,1698.99
58420,-1.3647,1.5083,10.7799,1609,1699.81
58425,-2.3739,2.2087,10.4615,1624,1699.81
58430,0.6895,2.4553,10.3501,1606,1699.81
58435,-0.814,2.3906,10.4615,1612,1699.81
58440,-1.0319,1.421,11.1486,1625,1699.81
58445,-0.419,0.2741,11.2001,1611,1699.81
58450,-1.6161,0.255,11.0373,1607,1699.81
58455,-1.4054,1.4557,10.8146,1605,1700.2
58460,-2.2948,2.1763,10.4806,1611,1700.2
58465,0.4489,2.4229,10.3609,1612,1700.2
58470,-0.5662,2.5546,10.5884,1626,1700.2
58475,-1.148,1.3827,11.0169,1619,1700.2
58480,-0.3663,0.3903,11.3102,1621,1700.2
58485,-1.5981,0.1018,10.9271,1599,1700.2
58490,-1.4138,1.5012,10.9702,1597,1699.72
58495,-2.2685,2.0291,10.2903,1611,1699.72
58500,0.2981,2.4768,10.4435,1607,1699.72
58505,-0.3519,2.6324,10.5201,1623,1699.72
58510,-1.1839,1.4425,10.9559,1614,1699.72
58515,-0.346,0.4357,11.3126,1629,1699.72
58520,-1.5071,0.0132,10.9116,1597,1699.72
58525,-1.4533,1.5514,11.1031,1599,1700.05
58530,-2.2314,1.9501,10.1921,1605,1700.05
58535,0.085,2.5606,10.562,1604,1700.05
58540,-0.0898,2.575,10.3956,1615,1700.05
58545,-1.1468,1.6233,11.0756,1607,1700.05
58550,-0.2909,0.3783,11.2312,1628,1700.05
58555,-1.482,0.0706,11.0445,1604,1700.05
58560,-1.4365,1.4257,11.1019,1605,1700.68
58565,-2.0901,1.9585,10.319,1611,1700.68
58570,-0.0958,2.5163,10.562,1599,1700.68
58575,0.1544,2.6264,10.3154,1598,1700.68
58580,-1.2115,1.7789,11.1426,1597,1700.68
58585,-0.2909,0.3759,11.0456,1623,1700.68
58590,-1.5024,0.1089,11.2707,1609,1700.68
58595,-1.4976,1.2809,10.9068,1615,1700.63
58600,-1.9489,2.0758,10.4639,1615,1700.63
58605,-0.3184,2.4181,10.3968,1615,1700.63
58610,0.3843,2.7545,10.4363,1643,1700.63
58615,-1.239,1.731,11.0073,1629,1700.63
58620,-0.3196,0.3879,11.1055,1645,1700.63
58625,-1.3755,0.2574,11.3725,1645,1700.63
58630,-1.482,1.2055,10.8793,1657,1709.74
58635,-1.9249,2.15,10.5093,1654,1709.74
58640,-0.346,2.3475,10.2292,1645,1709.74
58645,0.2693,2.9137,10.5512,1647,1709.74
58650,-1.33,1.7633,10.8302,1653,1709.74
58655,-0.237,0.6141,11.2264,1678,1709.74
58660,-1.415,-0.0048,11.1725,1657,1709.74
58665,-1.4461,1.0798,10.975,1655,1743.07
58670,-2.1536,2.0411,10.501,1655,1743.07
58675,0.1712,2.387,10.3501,1655,1743.07
58680,-0.2897,2.8156,10.58,1669,1743.07
58685,-1.2797,1.585,10.7715,1651,1743.07
58690,-0.2598,0.5626,11.2934,1647,1743.07
58695,-1.5359,0.0323,10.8338,1643,1743.07
58700,-1.4066,1.3491,11.0792,1643,1749.78
58705,-2.4181,1.9213,10.3154,1669,1749.78
58710,0.7171,2.6504,10.6039,1629,1749.78
58715,-0.844,2.3715,10.4339,1613,1749.78
58720,-1.1289,1.4641,11.0289,1631,1749.78
58725,-0.3591,0.3711,11.23,1631,1749.78
58730,-1.5742,0.0802,10.8278,1645,1749.78
58735,-1.3288,1.5945,11.0959,1641,1750.29
58740,-2.3535,1.9429,10.2412,1631,1750.29
58745,1.148,2.8407,10.7524,1631,1750.29
58750,-1.2055,2.1356,10.3058,1613,1750.29
58755,-0.8523,1.3707,11.3318,1652,1750.29
58760,-0.6057,0.2358,11.1785,1639,1750.29
58765,-1.585,0.2921,10.9008,1623,1750.29
58770,-1.306,1.6388,10.8589,1636,1750.09
58775,-2.0111,2.1368,10.3489,1626,1750.09
58780,1.3252,2.8862,10.7248,1641,1750.09
58785,-1.385,2.0806,10.3645,1621,1750.09
58790,-0.6512,1.1935,11.327,1629,1750.09
58795,-0.7638,0.17,11.1378,1635,1750.09
58800,-1.5742,0.5818,10.9966,1643,1749.99
58805,-1.4329,1.549,10.5776,1653,1749.99
58810,-1.4401,2.4313,10.5548,1647,1749.99
58815,1.2366,2.8706,10.5333,1624,1749.99
58820,-1.3683,2.1536,10.5943,1637,1749.99
58825,-0.5124,0.9565,11.1917,1646,1749.99
58830,-1.0068,0.1413,11.2623,1629,1749.99
58835,-1.5467,0.8164,10.9571,1643,1750.04
58840,-1.6484,1.64,10.4016,1625,1750.04
58845,-0.8571,2.5199,10.6315,1639,1750.04
58850,0.8835,2.8383,10.41,1638,1750.04
58855,-1.3252,2.0566,10.9511,1625,1750.04
58860,-0.3663,0.6919,10.9906,1635,1750.04
58865,-1.2474,0.1137,11.321,1627,1750.04
58870,-1.4808,0.9601,10.896,1629,1750.44
58875,-1.8998,1.7825,10.4734,1631,1750.44
58880,-0.3208,2.4505,10.5093,1622,1750.44
58885,0.2741,2.8096,10.4746,1625,1750.44
58890,-1.2737,1.8759,10.9798,1627,1750.44
58895,-0.2538,0.5219,11.0133,1647,1750.44
58900,-1.4401,0.1389,11.236,1626,1750.44
58905,-1.4593,1.0666,10.8098,1627,1750.65
58910,-2.1907,1.9728,10.586,1621,1750.65
58915,0.1915,2.387,10.398,1625,1750.65
58920,-0.3029,2.7366,10.568,1653,1750.65
58925,-1.2857,1.5897,10.9738,1637,1750.65
58930,-0.255,0.4573,11.145,1624,1750.65
58935,-1.5395,0.1305,11.0492,1623,1750.65
58940,-1.4605,1.2833,10.8565,1621,1750.44
58945,-2.3643,1.9788,10.4615,1639,1750.44
58950,0.735,2.4816,10.3837,1625,1750.44
58955,-0.7542,2.5355,10.6267,1617,1750.44
58960,-1.1995,1.4353,11.0241,1620,1750.44
58965,-0.334,0.3759,11.297,1625,1750.44
58970,-1.5886,0.1041,10.7727,1641,1750.44
58975,-1.3192,1.5754,10.9092,1631,1750.39
58980,-2.2661,2.0638,10.3322,1621,1750.39
58985,1.081,2.8311,10.5201,1626,1750.39
58990,-1.2079,2.3691,10.5524,1607,1750.39
58995,-0.9481,1.1983,11.1905,1641,1750.39
59000,-0.5722,0.3053,11.4443,1630,1750.39
59005,-1.6053,0.1065,10.7105,1619,1750.39
59010,-1.251,1.7358,10.993,1631,1750.5
59015,-1.9453,2.0806,10.1813,1630,1750.5
59020,1.342,3.0287,10.7655,1619,1750.5
59025,-1.3898,2.1524,10.3944,1614,1750.5
59030,-0.6716,1.1684,11.3294,1625,1750.5
59035,-0.8416,0.1592,11.2743,1635,1750.5
59040,-1.6041,0.3819,10.8038,1639,1750.5
59045,-1.3108,1.6975,10.7847,1643,1750.5
59050,-1.421,2.241,10.2879,1640,1750.5
59055,1.2234,3.0849,10.7069,1615,1750.5
59060,-1.421,2.0207,10.4483,1627,1750.5
59065,-0.4202,1.0989,11.3425,1642,1750.5
59070,-1.0546,0.0646,11.169,1615,1750.5
59075,-1.5921,0.832,11.0145,1625,1750.29
59080,-1.5969,1.6819,10.4507,1622,1750.29
59085,-0.893,2.4373,10.5153,1629,1750.29
59090,0.8188,2.9437,10.586,1635,1750.29
59095,-1.3431,1.9321,10.6793,1614,1750.29
59100,-0.3292,0.9242,11.2408,1625,1750.29
59105,-1.2641,0.0132,11.0708,1615,1750.29
59110,-1.5215,1.1037,11.1031,1615,1750.39
59115,-2.0279,1.7166,10.2867,1625,1750.39
59120,-0.2514,2.5402,10.6602,1617,1750.39
59125,0.2011,2.7461,10.41,1620,1750.39
59130,-1.2677,1.8747,11.0325,1613,1750.39
59135,-0.2837,0.5686,11.0911,1643,1750.39
59140,-1.4377,0.1125,11.0708,1612,1750.39
59145,-1.4629,1.2139,11.0313,1619,1749.88
59150,-2.3858,1.8579,10.3573,1621,1749.88
59155,0.2574,2.5127,10.562,1623,1749.88
59160,-0.413,2.5043,10.3932,1640,1749.88
59165,-1.2031,1.743,11.1259,1639,1749.88
59170,-0.3531,0.3328,11.0205,1613,1749.88
59175,-1.555,0.1963,11.0959,1623,1749.88
59180,-1.4377,1.2809,10.8326,1618,1749.93
59185,-2.4157,2.0087,10.4363,1639,1749.93
59190,0.7721,2.5391,10.4363,1624,1749.93
59195,-0.917,2.3846,10.4519,1613,1749.93
59200,-1.1037,1.4988,11.2264,1627,1749.93
59205,-0.4274,0.2933,11.0959,1627,1749.93
59210,-1.5754,0.2394,11.0061,1637,1749.93
59215,-1.3982,1.4162,10.7236,1635,1749.68
59220,-2.1979,2.1739,10.5129,1623,1749.68
59225,1.166,2.6552,10.422,1627,1749.68
59230,-1.1875,2.3427,10.6279,1608,1749.68
59235,-0.9266,1.1863,11.1019,1643,1749.68
59240,-0.5974,0.3543,11.3521,1629,1749.68
59245,-1.5634,0.3005,10.8577,1618,1749.68
59250,-1.3898,1.5862,10.7655,1629,1749.83
59255,-1.8196,2.2182,10.4208,1629,1749.83
59260,1.306,2.8216,10.4663,1623,1749.83
59265,-1.318,2.3439,10.6817,1611,1749.83
59270,-0.7063,0.9529,11.0983,1623,1749.83
59275,-0.8799,0.3555,11.4778,1633,1749.83
59280,-1.585,0.3855,10.7153,1639,1749.88
59285,-1.4018,1.7813,10.8134,1641,1749.88
59290,-1.3396,2.2913,10.3298,1639,1749.88
59295,1.2342,2.982,10.6003,1615,1749.88
59300,-1.3575,2.1763,10.635,1627,1749.88
59305,-0.4525,0.911,11.139,1643,1749.88
59310,-1.0894,0.1616,11.3916,1625,1749.88
59315,-1.5886,0.6452,10.7464,1624,1749.68
59320,-1.5742,1.889,10.7117,1622,1749.68
59325,-0.838,2.3104,10.2759,1634,1749.68
59330,0.8092,3.0777,10.7548,1635,1749.68
59335,-1.3539,1.8615,10.6159,1615,1749.68
59340,-0.3364,0.8499,11.2372,1629,1749.68
59345,-1.2629,0.0587,11.0995,1619,1749.68
59350,-1.5598,1.0331,10.9642,1619,1749.37
59355,-1.889,1.8806,10.4507,1623,1749.37
59360,-0.2741,2.3954,10.4567,1614,1749.37
59365,0.2334,2.9425,10.6734,1621,1749.37
59370,-1.3479,1.7059,10.7859,1613,1749.37
59375,-0.2801,0.6835,11.2611,1639,1749.37
59380,-1.4461,0.0072,10.9487,1620,1749.37
59385,-1.4605,1.3084,11.1318,1615,1749.73
59390,-2.3092,1.8639,10.2687,1619,1749.73
59395,0.2263,2.5762,10.6267,1617,1749.73
59400,-0.4118,2.6276,10.4184,1641,1749.73
59405,-1.3228,1.8974,10.9499,1637,1749.73
59410,-0.2753,0.3843,11.1905,1623,1749.73
59415,-1.4198,0.1089,11.0959,1619,1749.73
59420,-1.4688,1.1516,11.0277,1621,1749.68
59425,-2.1931,1.8974,10.3406,1637,1749.68
59430,0.0646,2.5007,10.6614,1626,1749.68
59435,-0.1879,2.5821,10.331,1613,1749.68
59440,-1.2282,1.8423,11.1438,1627,1749.68
59445,-0.2682,0.3771,10.9619,1627,1749.68
59450,-1.5323,0.2263,11.1055,1640,1749.68
59455,-1.4437,1.2462,10.8685,1629,1749.73
59460,-2.4241,2.0446,10.4938,1623,1749.73
59465,0.5974,2.4912,10.4722,1625,1749.73
59470,-0.7673,2.4313,10.4244,1619,1749.73
59475,-1.1684,1.5957,11.1785,1643,1749.73
59480,-0.3974,0.2741,11.0899,1634,1749.73
59485,-1.6269,0.2837,11.0085,1615,1749.73
59490,-1.3838,1.3479,10.6745,1630,1749.99
59495,-2.3439,2.1332,10.5704,1629,1749.99
59500,0.4381,2.3966,10.4052,1627,1749.99
59505,-1.1456,2.381,10.5979,1613,1749.99
59510,-0.9984,1.3096,11.1043,1625,1749.99
59515,-0.4992,0.3244,11.2336,1630,1749.99
59520,-1.5586,0.2634,10.8637,1637,1750.29
59525,-1.3815,1.5263,10.7117,1643,1750.29
59530,-2.0435,2.2685,10.4866,1640,1750.29
59535,1.2809,2.7821,10.4483,1613,1750.29
59540,-1.3024,2.3224,10.6506,1626,1750.29
59545,-0.7362,1.0367,11.084,1639,1750.29
59550,-0.7685,0.3376,11.4168,1617,1750.29
59555,-1.5036,0.3292,10.7033,1635,1749.93
59560,-1.3898,1.7202,10.835,1623,1749.93
59565,-1.5095,2.2757,10.2891,1629,1749.93
59570,1.3096,2.9652,10.6494,1629,1749.93
59575,-1.3623,2.217,10.6386,1614,1749.93
59580,-0.492,0.9266,11.0648,1615,1749.93
59585,-1.0247,0.1664,11.4108,1619,1749.93
59590,-1.5107,0.5459,10.7224,1619,1750.04
59595,-1.4904,1.7992,10.7129,1624,1750.04
59600,-0.9864,2.308,10.2867,1618,1750.04
59605,0.9445,3.0514,10.7739,1618,1750.04
59610,-1.3527,1.968,10.6087,1610,1750.04
59615,-0.3699,0.9098,11.2288,1643,1750.04
59620,-1.2234,0.0419,11.2073,1619,1750.04
59625,-1.5383,0.8703,10.8362,1619,1750.6
59630,-1.8244,1.8483,10.5177,1619,1750.6
59635,-0.4441,2.3691,10.4148,1621,1750.6
59640,0.4106,2.976,10.6638,1631,1750.6
59645,-1.3312,1.737,10.7105,1639,1750.6
59650,-0.3328,0.7542,11.3102,1621,1750.6
59655,-1.3755,-0.0251,10.9726,1619,1750.6
59660,-1.4916,1.2402,11.0504,1623,1751.06
59665,-2.2087,1.8316,10.3262,1635,1751.06
59670,0.1185,2.5079,10.568,1625,1751.06
59675,-0.2143,2.7138,10.5596,1612,1751.06
59680,-1.3228,1.6209,10.9595,1624,1751.06
59685,-0.2634,0.4788,11.1857,1627,1751.06
59690,-1.4688,0.0395,10.8661,1639,1751.06
59695,-1.4018,1.4664,11.0588,1631,1751.01
59700,-2.4098,1.8148,10.2292,1619,1751.01
59705,0.6045,2.6576,10.7033,1623,1751.01
59710,-0.7985,2.4038,10.3214,1607,1751.01
59715,-1.1732,1.6185,11.3054,1643,1751.01
59720,-0.3723,0.2322,11.1103,1625,1751.01
59725,-1.6089,0.1484,10.9008,1611,1751.01
59730,-1.312,1.5143,10.9331,1639,1751.01
59735,-2.3379,1.9728,10.3154,1629,1751.01
59740,1.1181,2.8323,10.5979,1611,1751.01
59745,-1.1935,2.1967,10.2711,1611,1751.01
59750,-0.9685,1.4904,11.4024,1621,1751.01
59755,-0.571,0.2143,11.1007,1635,1751.01
59760,-1.6161,0.2969,10.9523,1637,1750.5
59765,-1.2486,1.5275,10.7033,1640,1750.5
59770,-2.0159,2.1656,10.4483,1655,1750.5
59775,1.3779,2.8359,10.5716,1611,1750.5
59780,-1.3862,2.1847,10.4375,1628,1750.5
59785,-0.7039,1.1887,11.2587,1639,1750.5
59790,-0.7374,0.2083,11.2061,1613,1750.5
59795,-1.6508,0.5459,10.9702,1619,1750.39
59800,-1.3659,1.5586,10.5596,1625,1750.39
59805,-1.4832,2.3762,10.4974,1631,1750.39
59810,1.2953,2.8204,10.4555,1630,1750.39
59815,-1.3647,2.2781,10.7955,1613,1750.39
59820,-0.516,0.9469,11.1055,1625,1750.39
59825,-1.063,0.1915,11.3856,1617,1750.39
59830,-1.5682,0.7266,10.896,1615,1750.8
59835,-1.6209,1.6927,10.5177,1623,1750.8
59840,-0.8679,2.4541,10.4998,1615,1750.8
59845,0.8739,2.8766,10.3992,1622,1750.8
59850,-1.3443,2.0973,10.9212,1621,1750.8
59855,-0.3723,0.7159,11.0528,1643,1750.8
59860,-1.3348,0.1269,11.376,1609,1750.8
59865,-1.5562,0.8847,10.8553,1613,1750.85
59870,-1.9201,1.901,10.5728,1621,1750.85
59875,-0.2622,2.3559,10.3884,1622,1750.85
59880,0.2442,2.9497,10.5237,1641,1750.85
59885,-1.3096,1.8615,10.908,1635,1750.85
59890,-0.3053,0.6345,11.0756,1621,1750.85
59895,-1.4856,0.0898,11.1438,1623,1750.85
59900,-1.4736,1.075,10.8014,1621,1751.11
59905,-2.2194,2.0016,10.5405,1637,1751.11
59910,0.3472,2.3499,10.3226,1619,1751.11
59915,-0.4022,2.7366,10.6255,1613,1751.11
59920,-1.2749,1.5574,10.9056,1630,1751.11
59925,-0.3304,0.4932,11.2551,1627,1751.11
59930,-1.5287,0.0994,10.9307,1640,1751.11
59935,-1.4305,1.3431,10.9451,1627,1750.7
59940,-2.375,2.0039,10.4351,1620,1750.7
59945,0.7685,2.5522,10.4591,1627,1750.7
59950,-0.893,2.5295,10.5979,1607,1750.7
59955,-1.0822,1.3563,10.987,1637,1750.7
59960,-0.5124,0.4178,11.3353,1624,1750.7
59965,-1.5407,0.0814,10.7332,1619,1750.7
59970,-1.3803,1.6364,11.0038,1635,1750.96
59975,-2.2553,1.998,10.2232,1635,1750.96
59980,1.1229,2.8994,10.6506,1609,1750.96
59985,-1.1696,2.2793,10.4543,1613,1750.96
59990,-0.8655,1.1863,11.2061,1625,1750.96
59995,-0.6464,0.3005,11.3425,1635,1750.96
60000,-1.5945,0.2179,10.7356,1636,1751.21
60005,-1.3048,1.7633,10.9403,1631,1751.21
60010,-1.8052,2.1464,10.2113,1620,1751.21
60015,1.2965,2.9963,10.7392,1610,1751.21
60020,-1.3695,2.1332,10.3453,1629,1751.21
60025,-0.6476,1.1313,11.321,1641,1751.21
60030,-0.8452,0.1867,11.2312,1614,1751.21
60035,-1.6077,0.5327,10.8613,1624,1751.62
60040,-1.3635,1.749,10.6745,1621,1751.62
60045,-1.3024,2.3571,10.4291,1629,1751.62
60050,1.2175,2.9616,10.6937,1635,1751.62
60055,-1.3467,2.0291,10.483,1613,1751.62
60060,-0.4429,1.0475,11.2719,1631,1751.62
60065,-1.0463,0.0694,11.1271,1619,1751.62
60070,-1.5526,0.8859,11.0145,1613,1751.93
60075,-1.6843,1.6939,10.3992,1623,1751.93
60080,-0.7721,2.4612,10.5596,1609,1751.93
60085,0.7494,2.891,10.5524,1629,1751.93
60090,-1.3563,1.9453,10.7512,1621,1751.93
60095,-0.3017,0.759,11.1522,1643,1751.93
60100,-1.312,0.0359,11.1103,1619,1751.93
60105,-1.5634,1.1492,11.0253,1613,1751.01
60110,-2.0722,1.8064,10.2975,1626,1751.01
60115,-0.1341,2.5283,10.6458,1623,1751.01
60120,0.1041,2.6911,10.3418,1629,1751.01
60125,-1.3455,1.8711,11.0456,1640,1751.01
60130,-0.2562,0.4345,11.0145,1621,1751.01
60135,-1.4808,0.1293,11.1211,1627,1751.01
60140,-1.4102,1.2342,10.8912,1621,1750.96
60145,-2.3439,1.8938,10.3896,1623,1750.96
60150,0.3831,2.5462,10.6087,1613,1750.96
60155,-0.559,2.5127,10.3418,1607,1750.96
60160,-1.2426,1.6999,11.1833,1631,1750.96
60165,-0.2646,0.2753,10.9583,1626,1750.96
60170,-1.5886,0.1915,11.0109,1625,1750.96
60175,-1.3599,1.2641,10.7727,1619,1750.65
60180,-2.4157,2.0925,10.5369,1621,1750.65
60185,0.8906,2.6169,10.4435,1627,1750.65
60190,-1.057,2.3523,10.4758,1609,1750.65
60195,-1.0247,1.4605,11.2527,1623,1750.65
60200,-0.4106,0.2658,11.157,1611,1750.65
60205,-1.6041,0.2406,10.9535,1613,1750.65
60210,-1.3204,1.4174,10.6662,1637,1749.73
60215,-2.1787,2.223,10.4567,1637,1749.73
60220,1.2749,2.7414,10.4986,1611,1749.73
60225,-1.312,2.3224,10.6554,1618,1749.73
60230,-0.8224,1.1684,11.1115,1625,1749.73
60235,-0.6907,0.3328,11.3928,1639,1749.73
60240,-1.5802,0.2861,10.811,1631,1749.73
60245,-1.3551,1.5957,10.7248,1622,1749.73
60250,-1.7585,2.2517,10.3573,1627,1749.73
60255,1.3731,2.8874,10.5369,1613,1749.73
60260,-1.3683,2.2829,10.6973,1629,1749.73
60265,-0.583,0.9278,11.0277,1642,1749.73
60270,-0.9756,0.2358,11.4383,1619,1749.73
60275,-1.5095,0.4908,10.6698,1624,1750.19
60280,-1.4365,1.749,10.7571,1622,1750.19
60285,-1.1983,2.3152,10.3513,1635,1750.19
60290,1.1121,3.0538,10.6566,1637,1750.19
60295,-1.3551,2.0889,10.7176,1613,1750.19
60300,-0.3891,0.8882,11.1486,1630,1750.19
60305,-1.1851,0.1173,11.3294,1615,1750.19
60310,-1.506,0.759,10.817,1621,1750.44
60315,-1.6891,1.8783,10.6219,1624,1750.44
60320,-0.6404,2.3284,10.3334,1621,1750.44
60325,0.6045,3.0454,10.7009,1629,1750.44
60330,-1.2929,1.8124,10.6147,1625,1750.44
60335,-0.3112,0.7937,11.2228,1645,1750.44
60340,-1.318,0.0132,11.1031,1611,1750.44
60345,-1.5239,1.069,10.9918,1614,1750.5
60350,-2.0698,1.8735,10.3585,1627,1750.5
60355,-0.0802,2.4157,10.4543,1623,1750.5
60360,-0.0407,2.8587,10.6386,1629,1750.5
60365,-1.257,1.6233,10.7919,1643,1750.5
60370,-0.2693,0.6237,11.2982,1622,1750.5
60375,-1.4521,0.0048,10.9008,1626,1750.5
60380,-1.4904,1.3671,11.0576,1619,1750.55
60385,-2.314,1.804,10.228,1620,1750.55
60390,0.4202,2.6181,10.5943,1615,1750.55
60395,-0.5686,2.5103,10.4076,1607,1750.55
60400,-1.2175,1.5874,11.0624,1627,1750.55
60405,-0.3328,0.4082,11.2085,1627,1750.55
60410,-1.5371,0.0527,10.8804,1626,1750.55
60415,-1.3563,1.5514,11.0265,1614,1750.44
60420,-2.3403,1.8543,10.252,1619,1750.44
60425,0.8835,2.8036,10.6614,1627,1750.44
60430,-1.0307,2.2865,10.2951,1610,1750.44
60435,-1.0642,1.4641,11.3629,1621,1750.44
60440,-0.5195,0.2203,11.1271,1615,1750.44
60445,-1.6065,0.1844,10.8924,1624,1750.44
60450,-1.2785,1.5897,10.8493,1635,1750.29
60455,-2.1225,2.0554,10.3872,1637,1750.29
60460,1.2067,2.9018,10.5991,1611,1750.29
60465,-1.2761,2.1332,10.3537,1619,1750.29
60470,-0.8428,1.3036,11.3952,1625,1750.29
60475,-0.644,0.1915,11.157,1637,1750.29
60480,-1.6412,0.431,10.9822,1636,1749.93
60485,-1.3048,1.5874,10.6255,1621,1749.93
60490,-1.7202,2.332,10.5058,1626,1749.93
60495,1.3324,2.8647,10.5357,1629,1749.93
60500,-1.3659,2.2326,10.5848,1630,1749.93
60505,-0.6045,1.0319,11.2132,1639,1749.93
60510,-0.8847,0.1329,11.2875,1615,1749.93
60515,-1.6281,0.6967,10.9415,1627,1749.63
60520,-1.4629,1.6137,10.5093,1623,1749.63
60525,-1.1313,2.4541,10.5429,1635,1749.63
60530,1.093,2.8575,10.4196,1637,1749.63
60535,-1.3707,2.1476,10.8218,1612,1749.63
60540,-0.3903,0.7853,11.06,1639,1749.63
60545,-1.2234,0.1472,11.4108,1624,1749.63
60550,-1.5419,0.8763,10.9188,1619,1749.68
60555,-1.7861,1.7957,10.477,1623,1749.68
60560,-0.5363,2.4277,10.4806,1619,1749.68
60565,0.6009,2.8802,10.4267,1634,1749.68
60570,-1.3084,2.0016,10.9511,1625,1749.68
60575,-0.3172,0.6309,11.0109,1625,1749.68
60580,-1.409,0.1867,11.3174,1615,1749.68
60585,-1.5131,1.002,10.805,1619,1749.68
60590,-2.0506,1.9585,10.5752,1627,1749.68
60595,-0.0108,2.32,10.3418,1624,1749.68
60600,-0.0826,2.8,10.5381,1631,1749.68
60605,-1.3001,1.743,10.884,1639,1749.68
60610,-0.3292,0.5303,11.1031,1623,1749.68
60615,-1.5419,0.1592,11.1318,1625,1749.68
60620,-1.4485,1.2402,10.8409,1625,1749.99
60625,-2.3559,2.0686,10.5333,1625,1749.99
60630,0.5459,2.4337,10.3765,1621,1749.99
60635,-0.6452,2.66,10.6614,1609,1749.99
60640,-1.1971,1.4449,10.9583,1637,1749.99
60645,-0.3424,0.4609,11.2216,1628,1749.99
60650,-1.561,0.1341,10.8804,1633,1749.99
60655,-1.397,1.4377,10.9559,1620,1749.99
60660,-2.3511,2.0207,10.331,1623,1749.99
60665,0.9433,2.6719,10.483,1627,1749.99
60670,-1.0499,2.4241,10.5776,1609,1749.99
60675,-0.978,1.2797,11.0468,1621,1749.99
60680,-0.5351,0.3567,11.2563,1615,1749.99
60685,-1.5263,0.1125,10.7153,1625,1749.99
60690,-1.3695,1.7035,10.975,1639,1750.39
60695,-2.0865,2.0494,10.1885,1635,1750.39
60700,1.2582,2.9042,10.6075,1611,1750.39
60705,-1.306,2.2134,10.4112,1615,1750.39
60710,-0.7961,1.1313,11.1785,1625,1750.39
60715,-0.7626,0.2741,11.303,1639,1750.39
60720,-1.5395,0.3124,10.7655,1635,1750.39
60725,-1.3396,1.7825,10.8625,1619,1750.39
60730,-1.6316,2.247,10.228,1627,1750.39
60735,1.3372,3.0239,10.7069,1615,1750.39
60740,-1.3515,2.0937,10.3801,1629,1750.39
60745,-0.5399,1.0822,11.3413,1640,1750.39
60750,-1.0008,0.1113,11.1761,1613,1750.39
60755,-1.555,0.6536,10.8505,1629,1750.65
60760,-1.4641,1.7083,10.6315,1625,1750.65
60765,-1.1037,2.4014,10.4196,1634,1750.65
60770,1.0391,2.9688,10.6207,1641,1750.65
60775,-1.0965,2.3559,10.5704,1613,1750.65
60780,-0.4322,0.9529,11.2863,1637,1750.65
60785,-1.1289,0.0239,11.0768,1621,1750.65
60790,-1.5407,1.0367,11.1163,1613,1750.65
60795,-1.8316,1.6843,10.3226,1619,1750.65
60800,-0.5243,2.5426,10.5872,1617,1750.65
60805,0.5136,2.7952,10.4663,1630,1750.65
60810,-1.312,1.8699,10.9008,1624,1750.65
60815,-0.2801,0.6536,11.1294,1643,1750.65
60820,-1.3575,0.0084,11.0684,1613,1750.65
60825,-1.4868,1.2163,11.0732,1614,1750.85
60830,-2.1931,1.7945,10.3418,1629,1750.85
60835,0.0527,2.5809,10.653,1624,1750.85
60840,-0.1197,2.5726,10.3094,1629,1750.85
60845,-1.3001,1.7837,11.0385,1639,1750.85
60850,-0.2514,0.3412,10.975,1625,1750.85
60855,-1.5131,0.1484,11.0445,1631,1750.85
60860,-1.3994,1.2845,10.8984,1627,1750.44
60865,-2.4409,1.9872,10.4004,1615,1750.44
60870,0.559,2.6252,10.5129,1615,1750.44
60875,-0.6883,2.411,10.3489,1609,1750.44
60880,-1.1923,1.6759,11.236,1633,1750.44
60885,-0.3268,0.2119,11.0157,1633,1750.44
60890,-1.6448,0.2514,11.0313,1628,1750.44
60895,-1.3455,1.3551,10.6686,1615,1750.34
60900,-2.3643,2.1081,10.5465,1621,1750.34
60905,1.0439,2.6288,10.4555,1629,1750.34
60910,-1.16,2.32,10.4878,1610,1750.34
60915,-0.9589,1.3683,11.2156,1621,1750.34
60920,-0.5399,0.2646,11.1594,1619,1750.34
60925,-1.6053,0.2682,10.9188,1625,1750.34
60930,-1.3048,1.4664,10.6303,1640,1750.39
60935,-2.0626,2.2434,10.4651,1637,1750.39
60940,1.3527,2.7306,10.4112,1617,1750.39
60945,-1.3815,2.314,10.7021,1621,1750.39
60950,-0.7135,1.0678,11.1019,1637,1750.39
60955,-0.7865,0.2789,11.3689,1639,1750.39
60960,-1.5299,0.3675,10.7763,1636,1750.55
60965,-1.3635,1.6245,10.7452,1615,1750.55
60970,-1.5251,2.2972,10.3753,1625,1750.55
60975,1.312,2.891,10.4866,1619,1750.55
60980,-1.3755,2.2829,10.7308,1629,1750.55
60985,-0.4561,0.923,11.054,1637,1750.55
60990,-1.0714,0.2095,11.4527,1615,1750.55
60995,-1.5395,0.5531,10.7141,1627,1750.65
61000,-1.4928,1.7633,10.7619,1625,1750.65
61005,-0.99,2.3451,10.3011,1633,1750.65
61010,0.9673,3.0765,10.6494,1641,1750.65
61015,-1.3216,2.0255,10.6949,1613,1750.65
61020,-0.3591,0.893,11.145,1639,1750.65
61025,-1.2881,0.0874,11.2827,1619,1750.65
61030,-1.5203,0.8667,10.7919,1618,1750.9
61035,-1.8316,1.9106,10.5752,1617,1750.9
61040,-0.3831,2.3128,10.2915,1619,1750.9
61045,0.3998,3.073,10.6734,1635,1750.9
61050,-1.3024,1.7573,10.7344,1627,1750.9
61055,-0.2921,0.7685,11.2958,1641,1750.9
61060,-1.3827,-0.0227,11.0145,1613,1750.9
61065,-1.5443,1.1708,10.9571,1618,1751.16
61070,-2.2075,1.8842,10.4148,1631,1751.16
61075,0.1245,2.4457,10.4962,1623,1751.16
61080,-0.2358,2.7629,10.6362,1617,1751.16
61085,-1.2833,1.585,10.8769,1613,1751.16
61090,-0.3472,0.5722,11.2851,1623,1751.16
61095,-1.4664,0.0539,10.8002,1635,1751.16
61100,-1.421,1.4808,11.1031,1623,1750.8
61105,-2.4146,1.8184,10.2053,1617,1750.8
61110,0.6345,2.6552,10.6159,1619,1750.8
61115,-0.7434,2.4361,10.4232,1609,1750.8
61120,-1.1684,1.5012,11.1019,1638,1750.8
61125,-0.3867,0.3675,11.1881,1628,1750.8
61130,-1.5455,0.0838,10.7871,1615,1750.8
61135,-1.3671,1.6125,11.0181,1615,1750.55
61140,-2.2996,1.9082,10.2436,1621,1750.55
61145,1.0379,2.8407,10.7176,1620,1750.55
61150,-1.1073,2.2063,10.2903,1609,1750.55
61155,-1.002,1.4054,11.3437,1619,1750.55
61160,-0.5351,0.2322,11.1163,1619,1750.55
61165,-1.634,0.2873,10.9032,1629,1750.85
61170,-1.3168,1.658,10.7931,1640,1750.85
61175,-1.9585,2.1213,10.3274,1639,1750.85
61180,1.3144,2.8994,10.6482,1613,1750.85
61185,-1.3431,2.1249,10.4028,1624,1750.85
61190,-0.7458,1.2103,11.3844,1633,1750.85
61195,-0.7685,0.1532,11.1306,1635,1750.85
61200,-1.6484,0.5471,10.9427,1638,1750.55
61205,-1.397,1.6089,10.568,1619,1750.55
61210,-1.4533,2.3822,10.4878,1628,1750.55
61215,1.2857,2.8407,10.4938,1621,1750.55
61220,-1.3683,2.1644,10.647,1628,1750.55
61225,-0.4944,0.9697,11.2132,1623,1750.55
61230,-0.9912,0.1077,11.2755,1613,1750.55
61235,-1.5874,0.7877,10.9894,1627,1750.24
61240,-1.5957,1.6783,10.4148,1624,1750.24
61245,-0.8679,2.4864,10.5824,1627,1750.24
61250,0.9146,2.8108,10.3394,1641,1750.24
61255,-1.3276,2.0949,10.9116,1613,1750.24
61260,-0.3543,0.6776,11.048,1623,1750.24
61265,-1.2653,0.0898,11.3066,1623,1750.24
61270,-1.5323,0.9337,10.9283,1617,1750.19
61275,-1.9225,1.8447,10.4686,1619,1750.19
61280,-0.2861,2.4313,10.5201,1621,1750.19
61285,0.261,2.8168,10.4315,1638,1750.19
61290,-1.2881,1.8902,10.9894,1615,1750.19
61295,-0.261,0.5148,11.0157,1635,1750.19
61300,-1.5036,0.0982,11.23,1611,1750.19
61305,-1.4976,1.0642,10.8134,1619,1750.55
61310,-2.2398,2.0123,10.568,1635,1750.55
61315,0.2729,2.375,10.3896,1625,1750.55
61320,-0.3855,2.6707,10.5153,1613,1750.55
61325,-1.2294,1.658,10.9786,1619,1750.55
61330,-0.2693,0.4381,11.1115,1621,1750.55
61335,-1.5838,0.158,10.9762,1629,1750.55
61340,-1.397,1.251,10.8026,1629,1750.75
61345,-2.3978,2.1165,10.5692,1617,1750.75
61350,0.7661,2.5283,10.3801,1619,1750.75
61355,-0.9385,2.4924,10.5991,1607,1750.75
61360,-1.0942,1.3515,10.9918,1639,1750.75
61365,-0.4417,0.3675,11.3282,1627,1750.75
61370,-1.5598,0.1425,10.8314,1613,1750.75
61375,-1.3886,1.5191,10.9032,1627,1750.85
61380,-2.2685,2.1201,10.3418,1625,1750.85
61385,1.1839,2.745,10.5058,1628,1750.85
61390,-1.2582,2.3439,10.5596,1610,1750.85
61395,-0.8655,1.1325,11.0995,1620,1750.85
61400,-0.6692,0.3723,11.3808,1627,1750.85
61405,-1.5048,0.1856,10.6434,1627,1751.06
61410,-1.3204,1.7837,10.9068,1637,1751.06
61415,-1.8483,2.1691,10.2448,1644,1751.06
61420,1.2977,2.9592,10.6781,1611,1751.06
61425,-1.3479,2.2039,10.5249,1625,1751.06
61430,-0.6572,1.0307,11.2025,1637,1751.06
61435,-0.917,0.2047,11.3605,1629,1751.06
61440,-1.5443,0.4393,10.7272,1637,1750.8
61445,-1.3994,1.749,10.7871,1623,1750.8
61450,-1.33,2.2769,10.2819,1629,1750.8
61455,1.1815,3.0646,10.7093,1629,1750.8
61460,-1.3599,2.0327,10.471,1627,1750.8
61465,-0.4549,1.0475,11.2719,1627,1750.8
61470,-1.1037,0.0251,11.1522,1619,1750.8
61475,-1.549,0.8021,10.8936,1623,1750.65
61480,-1.6628,1.7669,10.5321,1623,1750.65
61485,-0.7614,2.4193,10.4675,1621,1750.65
61490,0.7446,2.9939,10.6578,1629,1750.65
61495,-1.3551,1.8435,10.6734,1613,1750.65
61500,-0.3747,0.7793,11.2683,1641,1750.65
61505,-1.2605,-0.0299,11.0636,1621,1750.65
61510,-1.5275,1.1289,11.0744,1615,1750.24
61515,-1.9944,1.725,10.2891,1620,1750.24
61520,-0.2095,2.5127,10.6566,1620,1750.24
61525,0.1365,2.8084,10.5153,1635,1750.24
61530,-1.3348,1.7849,10.9822,1631,1750.24
61535,-0.243,0.565,11.1115,1627,1750.24
61540,-1.4401,0.0491,11.0456,1630,1750.24
61545,-1.4437,1.3108,11.048,1619,1749.58
61550,-2.2601,1.8088,10.2244,1637,1749.58
61555,0.2861,2.6348,10.6386,1626,1749.58
61560,-0.4106,2.5307,10.3358,1613,1749.58
61565,-1.245,1.7621,11.2192,1621,1749.58
61570,-0.2658,0.2346,11.0337,1625,1749.58
61575,-1.5766,0.1688,11.0097,1635,1749.58
61580,-1.3479,1.4138,10.8589,1628,1749.83
61585,-2.399,1.9477,10.3585,1617,1749.83
61590,0.7937,2.6624,10.6015,1619,1749.83
61595,-0.9266,2.3128,10.3633,1609,1749.83
61600,-1.1145,1.6053,11.3533,1640,1749.83
61605,-0.3819,0.2143,11.0504,1627,1749.83
61610,-1.646,0.255,11.0241,1612,1749.83
61615,-1.2749,1.4281,10.7081,1623,1749.88
61620,-2.2338,2.1572,10.4698,1623,1749.88
61625,1.2163,2.7473,10.4363,1629,1749.88
61630,-1.2629,2.2733,10.4734,1611,1749.88
61635,-0.8619,1.3036,11.2204,1621,1749.88
61640,-0.571,0.2634,11.1881,1625,1749.88
61645,-1.6245,0.3915,10.9235,1631,1749.93
61650,-1.3001,1.4808,10.641,1641,1749.93
61655,-1.8328,2.302,10.4603,1654,1749.93
61660,1.3707,2.812,10.4196,1610,1749.93
61665,-1.4018,2.3104,10.7236,1626,1749.93
61670,-0.6285,1.0319,11.1187,1635,1749.93
61675,-0.8775,0.2286,11.3808,1625,1749.93
61680,-1.567,0.4968,10.7811,1635,1750.5
61685,-1.3898,1.6137,10.6422,1621,1750.5
61690,-1.2845,2.3679,10.422,1631,1750.5
61695,1.2007,2.9281,10.4878,1629,1750.5
61700,-1.3635,2.2254,10.8338,1627,1750.5
61705,-0.4274,0.8404,11.0684,1623,1750.5
61710,-1.1552,0.1353,11.4503,1619,1750.5
61715,-1.5395,0.6644,10.7619,1619,1751.62
61720,-1.6161,1.8208,10.653,1623,1751.62
61725,-0.6823,2.3331,10.3705,1612,1751.62
61730,0.6692,3.0095,10.5584,1611,1751.62
61735,-1.3096,1.9668,10.7919,1612,1751.62
61740,-0.3232,0.7626,11.139,1639,1751.62
61745,-1.3695,0.079,11.2623,1621,1751.62
61750,-1.5407,0.9685,10.811,1620,1751.93
61755,-1.9968,1.98,10.5333,1617,1751.93
61760,-0.079,2.3475,10.3453,1611,1751.93
61765,0.018,2.9473,10.6722,1639,1751.93
61770,-1.2869,1.6891,10.7823,1636,1751.93
61775,-0.3065,0.6416,11.2492,1622,1751.93
61780,-1.476,0.0227,10.9942,1619,1751.93
61785,-1.4653,1.251,11.0073,1618,1751.52
61790,-2.3104,1.9261,10.3717,1631,1751.52
61795,0.4597,2.4541,10.4519,1624,1751.52
61800,-0.5926,2.642,10.5453,1609,1751.52
61805,-1.2378,1.4976,10.9355,1624,1751.52
61810,-0.3771,0.4896,11.2288,1624,1751.52
61815,-1.5431,0.0407,10.7643,1637,1751.52
61820,-1.4114,1.5203,11.0816,1624,1751.21
61825,-2.3439,1.883,10.2663,1619,1751.21
61830,0.8655,2.7713,10.6123,1625,1751.21
61835,-1.0056,2.32,10.4423,1608,1751.21
61840,-1.0175,1.3575,11.1701,1639,1751.21
61845,-0.5447,0.2933,11.2803,1625,1751.21
61850,-1.5766,0.1437,10.7763,1611,1751.21
61855,-1.342,1.7178,10.9978,1631,1751.01
61860,-2.138,1.9573,10.167,1628,1751.01
61865,1.2366,2.9473,10.7069,1618,1751.01
61870,-1.2641,2.1859,10.2987,1613,1751.01
61875,-0.8356,1.2641,11.3318,1623,1751.01
61880,-0.7171,0.2155,11.2456,1629,1751.01
61885,-1.6364,0.3364,10.8457,1635,1750.65
61890,-1.3455,1.7286,10.7691,1635,1750.65
61895,-1.6424,2.241,10.3142,1635,1750.65
61900,1.3599,2.976,10.6829,1611,1750.65
61905,-1.3551,2.077,10.4339,1626,1750.65
61910,-0.5866,1.0953,11.3174,1641,1750.65
61915,-0.9086,0.1173,11.1893,1611,1750.65
61920,-1.5957,0.6907,11.0026,1617,1750.55
61925,-1.4653,1.6364,10.5082,1617,1750.55
61930,-1.1025,2.4229,10.5596,1629,1750.55
61935,1.1121,2.9102,10.4998,1630,1750.55
61940,-1.3108,2.083,10.7368,1612,1750.55
61945,-0.4298,0.8607,11.2156,1626,1750.55
61950,-1.0953,0.0455,11.2336,1619,1750.55
61955,-1.6161,1.0139,11.0959,1617,1750.96
61960,-1.7861,1.7154,10.3585,1620,1750.96
61965,-0.5339,2.5187,10.5512,1613,1750.96
61970,0.5471,2.812,10.4136,1621,1750.96
61975,-1.3144,2.0195,10.9966,1613,1750.96
61980,-0.3244,0.5938,11.0038,1643,1750.96
61985,-1.397,0.1281,11.2097,1609,1750.96
61990,-1.4808,1.1097,10.9858,1619,1750.44
61995,-2.1272,1.8806,10.3717,1621,1750.44
62000,0.0108,2.4792,10.5345,1623,1750.44
62005,-0.0862,2.6564,10.3801,1639,1750.44
62010,-1.2665,1.8268,11.0995,1637,1750.44
62015,-0.2741,0.3747,10.9858,1624,1750.44
62020,-1.5622,0.1975,11.1438,1623,1750.44
62025,-1.4174,1.1911,10.7919,1621,1750.5
62030,-2.3679,2.0375,10.5129,1637,1750.5
62035,0.5602,2.4517,10.4519,1623,1750.5
62040,-0.7171,2.5259,10.4914,1613,1750.5
62045,-1.1552,1.5622,11.1785,1621,1750.5
62050,-0.3555,0.2921,11.1223,1623,1750.5
62055,-1.6065,0.1915,11.0241,1637,1750.5
62060,-1.3767,1.3707,10.7296,1625,1750.85
62065,-2.3774,2.1859,10.5417,1617,1750.85
62070,1.0319,2.5666,10.4064,1627,1750.85
62075,-1.1636,2.3978,10.5752,1605,1750.85
62080,-0.9888,1.2318,11.0768,1635,1750.85
62085,-0.5375,0.3771,11.2863,1614,1750.85
62090,-1.5574,0.1939,10.7919,1619,1750.85
62095,-1.3204,1.5921,10.8433,1629,1750.96
62100,-2.0698,2.2158,10.4004,1633,1750.96
62105,1.2653,2.8395,10.5273,1611,1750.96
62110,-1.3575,2.3176,10.6518,1615,1750.96
62115,-0.7446,1.0092,11.0995,1626,1750.96
62120,-0.7985,0.328,11.388,1631,1750.96
62125,-1.4928,0.2993,10.6793,1637,1751.36
62130,-1.3515,1.7226,10.835,1631,1751.36
62135,-1.555,2.2841,10.2651,1621,1751.36
62140,1.3048,2.9892,10.6542,1611,1751.36
62145,-1.3551,2.1883,10.6075,1625,1751.36
62150,-0.486,0.9337,11.1103,1639,1751.36
62155,-1.0295,0.1879,11.3617,1609,1751.36
62160,-1.5395,0.5902,10.7224,1621,1751.36
62165,-1.5107,1.8459,10.7667,1623,1751.36
62170,-0.9744,2.3212,10.3202,1635,1751.36
62175,0.9266,3.055,10.7428,1635,1751.36
62180,-1.3228,1.913,10.6027,1611,1751.36
62185,-0.3065,0.8847,11.2504,1628,1751.36
62190,-1.2617,0.012,11.1606,1615,1751.36
62195,-1.5239,0.9756,10.8912,1611,1751.52
62200,-1.8352,1.8112,10.4878,1621,1751.52
62205,-0.3687,2.4134,10.4663,1614,1751.52
62210,0.3567,2.9389,10.6614,1635,1751.52
62215,-1.3551,1.737,10.7009,1621,1751.52
62220,-0.2622,0.7195,11.2312,1643,1751.52
62225,-1.421,-0.0036,10.9726,1609,1751.52
62230,-1.4712,1.2797,11.1127,1611,1751.26
62235,-2.2326,1.7597,10.2149,1625,1751.26
62240,0.1185,2.5821,10.6159,1624,1751.26
62245,-0.255,2.6432,10.4998,1637,1751.26
62250,-1.2833,1.6628,10.9978,1643,1751.26
62255,-0.2957,0.3843,11.1534,1621,1751.26
62260,-1.5419,-0.0132,10.8816,1615,1751.26
62265,-1.3874,1.4736,11.0852,1623,1751.11
62270,-2.4014,1.8411,10.2544,1627,1751.11
62275,0.68,2.7234,10.6722,1617,1751.11
62280,-0.8009,2.3607,10.3465,1605,1751.11
62285,-1.1325,1.585,11.2863,1629,1751.11
62290,-0.3879,0.2083,11.0492,1628,1751.11
62295,-1.6053,0.1616,10.8601,1635,1751.11
62300,-1.2797,1.549,10.8972,1611,1750.85
62305,-2.3691,1.9872,10.3537,1619,1750.85
62310,1.142,2.8479,10.574,1627,1750.85
62315,-1.1935,2.2422,10.3322,1609,1750.85
62320,-0.9864,1.4581,11.3725,1623,1750.85
62325,-0.5734,0.1915,11.1163,1618,1750.85
62330,-1.6448,0.3053,10.9906,1622,1750.85
62335,-1.2594,1.5143,10.6638,1653,1750.39
62340,-1.9309,2.223,10.4651,1637,1750.39
62345,1.3683,2.8311,10.5357,1609,1750.39
62350,-1.3815,2.217,10.4902,1611,1750.39
62355,-0.6895,1.1085,11.2623,1625,1750.39
62360,-0.7434,0.2083,11.2875,1636,1750.39
62365,-1.6364,0.5363,10.9882,1635,1750.39
62370,-1.3336,1.5179,10.5249,1619,1750.39
62375,-1.4545,2.3906,10.568,1623,1750.39
62380,1.2953,2.8503,10.4387,1613,1750.39
62385,-1.3862,2.2805,10.8014,1625,1750.39
62390,-0.4824,0.8942,11.1175,1639,1750.39
62395,-1.0511,0.1472,11.3353,1611,1750.39
62400,-1.5371,0.7087,10.8421,1625,1750.44
62405,-1.6017,1.7083,10.5046,1624,1750.44
62410,-0.838,2.405,10.5201,1631,1750.44
62415,0.8368,2.9149,10.3992,1635,1750.44
62420,-1.3108,2.1416,10.9379,1613,1750.44
62425,-0.3196,0.7338,10.9954,1636,1750.44
62430,-1.324,0.1101,11.3497,1619,1750.44
62435,-1.4976,0.8823,10.7631,1615,1749.53
62440,-1.8962,1.907,10.562,1621,1749.53
62445,-0.2346,2.3439,10.4232,1613,1749.53
62450,0.2239,2.8922,10.5309,1629,1749.53
62455,-1.2737,1.8699,10.9259,1623,1749.53
62460,-0.2897,0.6201,11.1594,1647,1749.53
62465,-1.488,0.1041,11.1857,1609,1749.53
62470,-1.4844,1.081,10.8218,1615,1749.83
62475,-2.2003,1.9644,10.5608,1625,1749.83
62480,0.2825,2.3343,10.3106,1625,1749.83
62485,-0.3938,2.7497,10.6626,1626,1749.83
62490,-1.2737,1.5874,10.8757,1652,1749.83
62495,-0.3292,0.5255,11.2563,1625,1749.83
62500,-1.5526,0.1365,10.9188,1627,1749.83
62505,-1.4389,1.3324,10.9223,1625,1750.19
62510,-2.3463,1.9609,10.4124,1629,1750.19
62515,0.7518,2.5714,10.4399,1615,1750.19
62520,-0.8619,2.4768,10.6111,1608,1750.19
62525,-1.1337,1.3515,10.9822,1635,1750.19
62530,-0.4657,0.4154,11.3353,1626,1750.19
62535,-1.5526,0.1101,10.7344,1634,1750.19
62540,-1.3815,1.6233,11.0277,1615,1749.99
62545,-2.2158,1.9776,10.2244,1620,1749.99
62550,1.0774,2.7952,10.5812,1629,1749.99
62555,-1.1947,2.2996,10.4782,1611,1749.99
62560,-0.9194,1.2258,11.169,1625,1749.99
62565,-0.6572,0.3304,11.3258,1613,1749.99
62570,-1.5838,0.2047,10.6985,1618,1749.99
62575,-1.3264,1.7753,10.9726,1636,1749.58
62580,-1.8735,2.0698,10.2376,1637,1749.58
62585,1.3779,2.9987,10.7404,1611,1749.58
62590,-1.3324,2.132,10.4052,1615,1749.58
62595,-0.644,1.142,11.3485,1623,1749.58
62600,-0.8727,0.176,11.2324,1640,1749.58
62605,-1.5814,0.5076,10.8553,1635,1749.48
62610,-1.397,1.7238,10.6853,1625,1749.48
62615,-1.3994,2.2936,10.3382,1624,1749.48
62620,1.2115,2.9939,10.7129,1613,1749.48
62625,-1.3791,2.0075,10.5082,1629,1749.48
62630,-0.4788,1.0068,11.3234,1641,1749.48
62635,-1.0786,0.0503,11.1474,1611,1749.48
62640,-1.5742,0.8727,11.0301,1627,1750.29
62645,-1.6233,1.7095,10.4339,1623,1750.29
62650,-0.8344,2.4912,10.5919,1630,1750.29
62655,0.8404,2.8718,10.477,1636,1750.29
62660,-1.342,1.9836,10.7153,1612,1750.29
62665,-0.346,0.826,11.2384,1635,1750.29
62670,-1.2402,0.018,11.1366,1619,1750.29
62675,-1.5275,1.1205,11.1223,1615,1750.5
62680,-1.9956,1.7837,10.2723,1620,1750.5
62685,-0.2646,2.5666,10.6686,1615,1750.5
62690,0.2263,2.7162,10.3848,1629,1750.5
62695,-1.2713,1.913,11.0421,1624,1750.5
62700,-0.2801,0.4669,11.0181,1644,1750.5
62705,-1.47,0.085,11.1175,1608,1750.5
62710,-1.4198,1.2198,10.969,1613,1750.65
62715,-2.3212,1.9297,10.3513,1627,1750.65
62720,0.2729,2.496,10.5584,1621,1750.65
62725,-0.4214,2.5007,10.4064,1629,1750.65
62730,-1.2318,1.7466,11.1845,1641,1750.65
62735,-0.2861,0.2837,10.9487,1623,1750.65
62740,-1.5826,0.1808,11.0947,1627,1750.65
62745,-1.3731,1.3024,10.8409,1624,1750.39
62750,-2.4325,2.1213,10.5405,1619,1750.39
62755,0.7889,2.5534,10.4315,1619,1750.39
62760,-0.9349,2.3679,10.4782,1607,1750.39
62765,-1.1121,1.4808,11.2049,1635,1750.39
62770,-0.3579,0.2598,11.0672,1626,1750.39
62775,-1.6125,0.2646,10.9619,1631,1750.39
62780,-1.3408,1.4102,10.6973,1619,1750.5
62785,-2.302,2.2206,10.5393,1614,1750.5
62790,1.1887,2.7222,10.4627,1629,1750.5
62795,-1.2582,2.3152,10.6566,1609,1750.5
62800,-0.8404,1.1265,11.1402,1621,1750.5
62805,-0.5866,0.3112,11.3282,1613,1750.5
62810,-1.5886,0.255,10.7428,1623,1750.5
62815,-1.3204,1.5706,10.7787,1635,1750.44
62820,-1.8244,2.2853,10.4244,1629,1750.44
62825,1.324,2.8647,10.5321,1611,1750.44
62830,-1.3743,2.3308,10.6722,1615,1750.44
62835,-0.5878,0.9361,11.0744,1625,1750.44
62840,-0.9649,0.2286,11.4455,1638,1750.44
62845,-1.5383,0.4166,10.6997,1637,1750.5
62850,-1.4114,1.7394,10.7763,1617,1750.5
62855,-1.2845,2.2769,10.2951,1627,1750.5
62860,1.1564,3.0347,10.6195,1613,1750.5
62865,-1.3575,2.1249,10.6877,1622,1750.5
62870,-0.3998,0.893,11.1378,1639,1750.5
62875,-1.1911,0.0946,11.3593,1613,1750.5
62880,-1.5383,0.7314,10.7607,1627,1750.24
62885,-1.6556,1.8196,10.647,1621,1750.24
62890,-0.7386,2.3715,10.3202,1635,1750.24
62895,0.7135,3.0765,10.7176,1638,1750.24
62900,-1.3491,1.8411,10.6542,1611,1750.24
62905,-0.3112,0.8392,11.2108,1637,1750.24
62910,-1.3348,0.0108,11.0959,1619,1750.24
62915,-1.5203,1.0187,10.9547,1613,1750.34
62920,-2.0051,1.8818,10.4603,1619,1750.34
62925,-0.1472,2.4624,10.4914,1607,1750.34
62937,0.097,2.8982,10.671,1630,1750.34
62941,-0.2765,0.6524,11.2839,1629,1750.34
62946,-1.4473,0.0192,10.8637,1611,1750.34
62951,-1.4676,1.3001,11.0875,1619,1750.6
62956,-2.2913,1.8196,10.2915,1629,1750.6
62961,0.3436,2.6109,10.6171,1627,1750.6
62966,-0.486,2.5606,10.4639,1615,1750.6
62971,-1.2414,1.5502,11.0588,1618,1750.6
62976,-0.3304,0.3519,11.1845,1623,1750.6
62981,-1.5179,0.0742,10.8386,1629,1750.6
62986,-1.3611,1.5239,11.1031,1628,1750.65
62991,-2.3966,1.883,10.2412,1618,1750.65
62996,0.7829,2.7964,10.6949,1619,1750.65
63001,-0.9445,2.2769,10.2939,1608,1750.65
63006,-1.0642,1.5155,11.3054,1629,1750.65
63011,-0.4609,0.1879,11.0864,1630,1750.65
63016,-1.5706,0.1987,10.9391,1614,1750.65
63021,-1.2953,1.5514,10.8673,1615,1750.55
63026,-2.1823,2.0375,10.3262,1621,1750.55
63031,1.1708,2.8551,10.6362,1629,1750.55
63036,-1.2617,2.2075,10.3609,1609,1750.55
63041,-0.8284,1.3527,11.3282,1621,1750.55
63046,-0.6213,0.1724,11.0564,1621,1750.55
63051,-1.6137,0.3448,10.9319,1630,1750.34
63056,-1.3264,1.5275,10.6769,1641,1750.34
63061,-1.7693,2.3188,10.5225,1635,1750.34
63066,1.3815,2.8527,10.5453,1607,1750.34
63071,-1.3527,2.2386,10.5524,1623,1750.34
63076,-0.6656,1.1013,11.3174,1630,1750.34
63081,-0.8823,0.1365,11.2336,1633,1750.34
63086,-1.6424,0.6021,10.9559,1637,1750.34
63091,-1.4617,1.5921,10.5117,1619,1750.34
63096,-1.2294,2.4684,10.5524,1626,1750.34
63101,1.1791,2.8659,10.3884,1625,1750.34
63106,-1.3755,2.2434,10.8685,1631,1750.34
63111,-0.4357,0.8068,11.0935,1631,1750.34
63116,-1.1349,0.1269,11.3904,1613,1750.34
63121,-1.5622,0.7889,10.9391,1627,1750.6
63126,-1.7178,1.7765,10.4902,1619,1750.6
63131,-0.6369,2.4181,10.4519,1625,1750.6
63136,0.6273,2.8862,10.3621,1639,1750.6
63141,-1.3587,2.0734,10.9319,1611,1750.6
63146,-0.3148,0.6572,11.0085,1625,1750.6
63151,-1.415,0.1688,11.3222,1625,1750.6
63156,-1.4772,0.9565,10.7751,1614,1750.96
63161,-2.0243,1.9489,10.5393,1612,1750.96
63166,-0.0563,2.3607,10.3932,1619,1750.96
63171,0.0084,2.8024,10.5189,1639,1750.96
63176,-1.3276,1.7849,10.9283,1621,1750.96
63181,-0.2717,0.5435,11.1223,1636,1750.96
63186,-1.5359,0.1592,11.1642,1609,1750.96
63191,-1.4772,1.1768,10.829,1618,1751.01
63196,-2.3056,2.0638,10.5441,1631,1751.01
63201,0.5447,2.387,10.3777,1630,1751.01
63206,-0.6273,2.5905,10.6291,1609,1751.01
63211,-1.1684,1.4688,10.9008,1619,1751.01
63216,-0.3555,0.425,11.242,1625,1751.01
63221,-1.5778,0.1185,10.8876,1635,1751.01
63226,-1.421,1.4988,10.89,1629,1751.26
63231,-2.3535,2.0195,10.3621,1619,1751.26
63236,0.9828,2.6516,10.4495,1619,1751.26
63241,-1.0822,2.4193,10.5668,1609,1751.26
63246,-0.9924,1.2163,11.054,1637,1751.26
63251,-0.5519,0.425,11.3832,1627,1751.26
63256,-1.5634,0.091,10.7248,1607,1751.26
63261,-1.336,1.7154,10.9642,1624,1751.31
63266,-2.0901,2.065,10.234,1622,1751.31
63271,1.2785,2.9018,10.6326,1631,1751.31
63276,-1.3216,2.2398,10.4579,1611,1751.31
63281,-0.7075,1.1277,11.2085,1620,1751.31
63286,-0.7949,0.2933,11.3545,1625,1751.31
63291,-1.5347,0.2921,10.7859,1631,1751.01
63296,-1.3467,1.7573,10.9068,1641,1751.01
63301,-1.6269,2.2278,10.222,1639,1751.01
63306,1.33,3.0406,10.744,1611,1751.01
63311,-1.4257,2.0794,10.4627,1625,1751.01
63316,-0.5279,1.0594,11.3198,1638,1751.01
63321,-0.9948,0.1377,11.1905,1639,1751.01
63326,-1.5514,0.6357,10.89,1637,1750.65
63331,-1.4916,1.6831,10.6075,1619,1750.65
63336,-1.0666,2.405,10.3801,1629,1750.65
63341,1.0211,3.0131,10.641,1631,1750.65
63346,-1.3731,1.9704,10.5393,1625,1750.65
63351,-0.4022,0.9409,11.2923,1623,1750.65
63356,-1.1899,-0.0287,11.1091,1614,1750.65
63361,-1.5251,1.0307,11.0708,1623,1750.85
63366,-1.8148,1.743,10.3753,1622,1750.85
63371,-0.4764,2.5235,10.5524,1615,1750.85
63376,0.5052,2.8299,10.4854,1615,1750.85
63381,-1.3264,1.8651,10.8182,1611,1750.85
63386,-0.3412,0.6452,11.2132,1635,1750.85
63391,-1.3455,0.0024,11.0744,1621,1750.85
63396,-1.4808,1.2605,11.1115,1619,1750.19
63401,-2.211,1.8555,10.2508,1615,1750.19
63406,0.0347,2.5953,10.6745,1618,1750.19
63411,-0.1377,2.6193,10.3226,1641,1750.19
63416,-1.2582,1.7681,11.1462,1633,1750.19
63421,-0.2945,0.3232,11.0241,1624,1750.19
63426,-1.5311,0.1137,11.0816,1619,1750.19
63431,-1.3707,1.3084,10.9475,1615,1749.99
63436,-2.3798,1.9668,10.3956,1635,1749.99
63441,0.5483,2.6181,10.5668,1623,1749.99
63446,-0.7135,2.3367,10.3274,1609,1749.99
63451,-1.1744,1.64,11.2563,1621,1749.99
63456,-0.3065,0.182,10.9786,1622,1749.99
63461,-1.6233,0.2263,11.0624,1635,1749.99
63466,-1.3132,1.4018,10.7548,1629,1750.19
63471,-2.3523,2.1284,10.5129,1620,1750.19
63476,1.002,2.66,10.483,1622,1750.19
63481,-1.1133,2.3116,10.4854,1607,1750.19
63486,-0.984,1.3779,11.2348,1637,1750.19
63491,-0.4573,0.2322,11.145,1627,1750.19
63496,-1.6197,0.2753,10.89,1611,1750.19
63501,-1.3228,1.5203,10.6853,1625,1749.93
63506,-2.0865,2.2853,10.5369,1624,1749.93
63511,1.3048,2.7629,10.4842,1623,1749.93
63516,-1.3455,2.3308,10.6698,1613,1749.93
63521,-0.723,1.0475,11.1414,1623,1749.93
63526,-0.7266,0.31,11.3521,1626,1749.93
63531,-1.5598,0.3627,10.7919,1635,1750.24
63536,-1.3384,1.6233,10.7188,1643,1750.24
63541,-1.5479,2.3308,10.4076,1629,1750.24
63546,1.3192,2.9437,10.4794,1606,1750.24
63551,-1.4174,2.296,10.7751,1623,1750.24
63556,-0.4705,0.8727,11.0528,1639,1750.24
63561,-1.057,0.2155,11.485,1625,1750.24
63566,-1.5838,0.5902,10.6985,1635,1751.01
63571,-1.5131,1.7885,10.6817,1611,1751.01
63576,-1.0127,2.3798,10.3262,1633,1751.01
63581,1.0116,3.0957,10.6231,1628,1751.01
63586,-1.342,2.0758,10.7141,1613,1751.01
63591,-0.3388,0.8571,11.1546,1625,1751.01
63596,-1.3096,0.0587,11.2899,1613,1751.01
63601,-1.5227,0.8368,10.756,1611,1751.57
63606,-1.7825,1.9285,10.5728,1621,1751.57
63611,-0.4094,2.3415,10.3729,1610,1751.57
63616,0.34,3.0358,10.7272,1615,1751.57
63621,-1.336,1.743,10.72,1615,1751.57
63626,-0.2502,0.7925,11.2599,1639,1751.57
63631,-1.4234,0.0156,11.0421,1614,1751.57
63636,-1.5,1.0918,10.9439,1612,1751.57
63641,-2.1931,1.901,10.3525,1623,1751.57
63646,0.176,2.4696,10.4291,1621,1751.57
63651,-0.3041,2.8012,10.6614,1639,1751.57
63656,-1.2737,1.5742,10.8254,1636,1751.57
63661,-0.3256,0.5279,11.2647,1621,1751.57
63666,-1.4784,-0.0048,10.8146,1621,1751.57
63671,-1.4401,1.4186,11.0684,1621,1751.88
63676,-2.3595,1.8543,10.2592,1635,1751.88
63681,0.6883,2.6791,10.6267,1623,1751.88
63686,-0.7997,2.4517,10.4531,1607,1751.88
63691,-1.1097,1.4844,11.145,1627,1751.88
63696,-0.401,0.3448,11.2348,1627,1751.88
63701,-1.5514,0.0826,10.7835,1640,1751.88
63706,-1.4162,1.6221,11.0097,1627,1751.77
63711,-2.2829,1.9249,10.1993,1619,1751.77
63716,1.1157,2.8886,10.6901,1625,1751.77
63721,-1.1875,2.2003,10.2711,1609,1751.77
63726,-0.8894,1.3779,11.3605,1636,1751.77
63731,-0.5818,0.2263,11.0971,1621,1751.77
63736,-1.5658,0.2753,10.8876,1613,1751.77
63741,-1.3084,1.6065,10.7943,1627,1751.57
63746,-1.8794,2.1739,10.325,1611,1751.57
63751,1.3324,2.8994,10.6135,1613,1751.57
63756,-1.3659,2.1284,10.404,1615,1751.57
63761,-0.6943,1.1768,11.3569,1625,1751.57
63766,-0.8392,0.1748,11.2013,1631,1751.57
63771,-1.6293,0.5279,10.9391,1631,1751.16
63776,-1.3934,1.5814,10.5752,1635,1751.16
63781,-1.3791,2.3703,10.5405,1626,1751.16
63786,1.2725,2.8276,10.4914,1611,1751.16
63791,-1.3276,2.1464,10.6362,1623,1751.16
63796,-0.492,0.9661,11.2001,1645,1751.16
63801,-1.0283,0.1317,11.2863,1615,1751.16
63806,-1.5802,0.8284,10.9666,1615,1750.6
63811,-1.652,1.6281,10.3597,1623,1750.6
63816,-0.826,2.5151,10.6159,1624,1750.6
63821,0.8475,2.8252,10.3525,1635,1750.6
63826,-1.3072,2.0818,10.9212,1608,1750.6
63831,-0.3268,0.6823,11.0385,1629,1750.6
63836,-1.3036,0.1161,11.3222,1618,1750.6
63841,-1.5706,0.9984,10.9391,1619,1750.19
63846,-2.0004,1.8196,10.4938,1621,1750.19
63851,-0.2514,2.4181,10.5369,1613,1750.19
63856,0.2215,2.794,10.3908,1623,1750.19
63861,-1.2917,1.9489,11.0121,1609,1750.19
63866,-0.2478,0.5207,10.993,1641,1750.19
63871,-1.5131,0.1484,11.2635,1607,1750.19
63876,-1.4581,1.0953,10.8769,1619,1750.14
63881,-2.2793,1.998,10.55,1622,1750.14
63886,0.3675,2.4397,10.3358,1623,1750.14
63891,-0.4322,2.5989,10.5082,1642,1750.14
63896,-1.2007,1.6269,11.066,1640,1750.14
63901,-0.2741,0.3567,11.1294,1622,1750.14
63906,-1.5921,0.1927,11.0804,1625,1750.14
63911,-1.415,1.2785,10.7955,1621,1749.99
63916,-2.4098,2.0818,10.5381,1630,1749.99
63921,0.8487,2.5223,10.3753,1625,1749.99
63926,-0.9685,2.4636,10.6303,1613,1749.99
63931,-1.0762,1.3731,10.999,1629,1749.99
63936,-0.4453,0.3926,11.2767,1626,1749.99
63941,-1.6053,0.182,10.8158,1639,1749.99
63946,-1.3515,1.5071,10.8912,1619,1749.53
63951,-2.2482,2.1009,10.4088,1619,1749.53
63956,1.2139,2.7509,10.4854,1634,1749.53
63961,-1.2701,2.308,10.5764,1609,1749.53
63966,-0.8356,1.1325,11.1139,1633,1749.53
63971,-0.662,0.3508,11.376,1621,1749.53
63976,-1.5562,0.2035,10.6841,1630,1749.53
63981,-1.2953,1.7657,10.963,1619,1749.37
63986,-1.8723,2.1775,10.2448,1635,1749.37
63991,1.3467,2.97,10.6614,1611,1749.37
63996,-1.3838,2.1931,10.5369,1613,1749.37
64001,-0.6249,1.063,11.2049,1628,1749.37
64006,-0.917,0.2466,11.3342,1637,1749.37
64011,-1.5107,0.4633,10.7308,1627,1749.58
64016,-1.3934,1.7909,10.7895,1638,1749.58
64021,-1.3635,2.3044,10.2651,1618,1749.58
64026,1.2031,3.0801,10.7607,1611,1749.58
64031,-1.3743,2.0339,10.5093,1627,1749.58
64036,-0.4465,0.9457,11.3138,1639,1749.58
64041,-1.0882,0.0706,11.1354,1599,1749.58
64046,-1.5598,0.82,10.9499,1621,1749.42
64051,-1.6197,1.7753,10.5129,1620,1749.42
64056,-0.7949,2.411,10.4423,1627,1749.42
64061,0.7769,2.958,10.6506,1636,1749.42
64066,-1.342,1.8783,10.647,1611,1749.42
64071,-0.3352,0.8703,11.2743,1627,1749.42
64076,-1.2761,-0.0048,11.0648,1619,1749.42
64081,-1.5215,1.1337,11.0947,1615,1749.93
64086,-1.9896,1.7023,10.307,1623,1749.93
64091,-0.261,2.5211,10.6315,1619,1749.93
64096,0.2047,2.7677,10.4351,1622,1749.93
64101,-1.3132,1.7945,10.9032,1613,1749.93
64106,-0.2729,0.5674,11.1833,1643,1749.93
64111,-1.3958,0.0132,10.9786,1613,1749.93
64116,-1.4605,1.3024,11.1318,1615,1749.27
64121,-2.2685,1.7992,10.2568,1623,1749.27
64126,0.2693,2.6396,10.6734,1622,1749.27
64131,-0.4238,2.5103,10.343,1638,1749.27
64136,-1.2402,1.7358,11.1582,1637,1749.27
64141,-0.2861,0.2945,11.0265,1635,1749.27
64146,-1.5467,0.1377,11.0433,1624,1749.27
64151,-1.3946,1.3731,10.9547,1619,1748.3
64156,-2.3834,1.9537,10.4076,1637,1748.3
64161,0.7015,2.6923,10.5465,1624,1748.3
64166,-0.8727,2.2841,10.2364,1610,1748.3
64171,-1.1636,1.5646,11.248,1623,1748.3
64176,-0.3783,0.1939,11.0229,1629,1748.3
64181,-1.6568,0.2406,11.0014,1640,1748.3
64186,-1.3036,1.4425,10.7236,1629,1748.25
64191,-2.2482,2.1261,10.4818,1618,1748.25
64196,1.1037,2.709,10.4651,1623,1748.25
64201,-1.2019,2.2733,10.507,1606,1748.25
64206,-0.9469,1.3012,11.2743,1629,1748.25
64211,-0.5291,0.2263,11.1498,1626,1748.25
64216,-1.6448,0.2957,10.9726,1613,1748.25
64221,-1.2917,1.5203,10.6781,1627,1748.66
64226,-1.9417,2.2565,10.5022,1628,1748.66
64231,1.3587,2.8228,10.4303,1621,1748.66
64236,-1.3659,2.3499,10.6769,1619,1748.66
64241,-0.7027,1.0044,11.0852,1621,1748.66
64246,-0.7793,0.2562,11.376,1628,1748.66
64251,-1.6185,0.4262,10.7464,1637,1749.02
64256,-1.3623,1.6676,10.6853,1643,1749.02
64261,-1.4365,2.3607,10.4112,1639,1749.02
64266,1.2474,2.9592,10.4914,1613,1749.02
64271,-1.4293,2.2697,10.7619,1627,1749.02
64276,-0.407,0.9074,11.072,1642,1749.02
64281,-1.1253,0.1496,11.4407,1619,1749.02
64286,-1.561,0.6033,10.7284,1630,1749.42
64291,-1.5311,1.8208,10.7105,1619,1749.42
64296,-0.8104,2.3308,10.343,1629,1749.42
64301,0.8715,3.0454,10.5692,1625,1749.42
64306,-1.3755,2.0363,10.7595,1614,1749.42
64311,-0.2981,0.8212,11.1666,1624,1749.42
64316,-1.3408,0.0658,11.2863,1619,1749.42
64321,-1.5119,0.9122,10.7727,1622,1749.48
64326,-1.883,1.9537,10.6063,1621,1749.48
64331,-0.2909,2.3559,10.3513,1613,1749.48
64336,0.2574,3.0035,10.6781,1614,1749.48
64341,-1.2965,1.7346,10.7093,1611,1749.48
64346,-0.2957,0.7147,11.2827,1639,1749.48
64351,-1.4569,0.0443,11.0373,1622,1749.48
64356,-1.5048,1.1887,10.9666,1619,1749.48
64361,-2.2529,1.9034,10.3896,1619,1749.48
64366,0.2526,2.4852,10.4986,1618,1749.48
64371,-0.3795,2.7605,10.5979,1643,1749.48
64376,-1.2139,1.5467,10.8589,1635,1749.48
64381,-0.334,0.5327,11.3318,1625,1749.48
64386,-1.5036,0.0491,10.8685,1620,1749.48
64391,-1.4281,1.4281,11.0875,1619,1749.68
64396,-2.3619,1.8471,10.2939,1639,1749.68
64401,0.6907,2.6671,10.5872,1623,1749.68
64406,-0.893,2.3942,10.4256,1612,1749.68
64411,-1.057,1.4904,11.1079,1631,1749.68
64416,-0.4609,0.3663,11.2432,1623,1749.68
64421,-1.5359,0.1185,10.8038,1637,1749.68
64426,-1.3707,1.6005,11.0313,1629,1750.44
64431,-2.2577,1.9453,10.246,1615,1750.44
64436,1.1109,2.9137,10.7344,1623,1750.44
64441,-1.1672,2.1799,10.2867,1611,1750.44
64446,-0.8859,1.3599,11.3653,1637,1750.44
64451,-0.6105,0.2442,11.1749,1629,1750.44
64456,-1.6257,0.2658,10.9331,1612,1750.44
64461,-1.2809,1.64,10.7272,1627,1750.14
64466,-1.8579,2.1775,10.3441,1639,1750.14
64471,1.3324,2.8934,10.6362,1620,1750.14
64476,-1.3443,2.1512,10.4016,1611,1750.14
64481,-0.6907,1.1803,11.3653,1624,1750.14
64486,-0.7937,0.1832,11.1606,1627,1750.14
64491,-1.585,0.5531,10.9918,1641,1749.93
64496,-1.4222,1.5921,10.5381,1641,1749.93
64501,-1.3862,2.4205,10.5465,1643,1749.93
64506,1.257,2.8515,10.4806,1621,1749.93
64511,-1.3336,2.1943,10.6398,1627,1749.93
64516,-0.5339,0.9505,11.1917,1637,1749.93
64521,-1.0355,0.1101,11.3066,1621,1749.93
64526,-1.5886,0.8284,10.9714,1631,1749.42
64531,-1.6616,1.6388,10.41,1625,1749.42
64536,-0.838,2.5019,10.5788,1633,1749.42
64541,0.8499,2.8264,10.386,1627,1749.42
64546,-1.3252,2.0949,10.8912,1619,1749.42
64551,-0.3615,0.68,11.0205,1623,1749.42
64556,-1.2869,0.0886,11.297,1619,1749.42
64561,-1.5514,0.9577,10.9523,1620,1749.58
64566,-1.9477,1.8471,10.4279,1623,1749.58
64571,-0.2825,2.4277,10.5022,1615,1749.58
64576,0.261,2.7701,10.3645,1612,1749.58
64581,-1.2809,1.9752,10.9942,1613,1749.58
64586,-0.2526,0.5016,11.0073,1639,1749.58
64591,-1.5407,0.1448,11.242,1622,1749.58
64596,-1.4557,1.087,10.823,1615,1749.58
64601,-2.2494,1.9968,10.5249,1615,1749.58
64606,0.2442,2.3966,10.3669,1619,1749.58
64611,-0.3819,2.6432,10.5453,1629,1749.58
64616,-1.2342,1.6508,11.0002,1630,1749.58
64621,-0.2717,0.7865,11.1989,1624,1749.58
64626,-1.4234,0.0718,11.1342,1615,1749.58
64631,-1.4904,1.0918,10.8876,1621,1749.68
64636,-2.132,1.9992,10.4962,1637,1749.68
64641,0.018,2.3535,10.3813,1623,1749.68
64646,-0.1401,2.8455,10.653,1615,1749.68
64651,-1.2977,1.5886,10.7751,1624,1749.68
64656,-0.2418,0.5842,11.3174,1625,1749.68
64661,-1.5407,0.0215,10.8589,1636,1749.68
64666,-1.4605,1.3683,11.0313,1629,1749.37
64671,-2.3715,1.8866,10.2568,1615,1749.37
64676,0.5746,2.6228,10.6051,1623,1749.37
64681,-0.7147,2.4816,10.489,1605,1749.37
64686,-1.093,1.4844,10.9535,1639,1749.37
64691,-0.3867,0.3807,11.2192,1629,1749.37
64696,-1.5742,0.0754,10.7703,1612,1749.37
64701,-1.3659,1.5778,11.0564,1627,1749.32
64706,-2.3655,1.9166,10.2532,1624,1749.32
64711,0.9924,2.8252,10.6985,1621,1749.32
64716,-1.1384,2.2278,10.307,1610,1749.32
64721,-0.893,1.4377,11.2635,1614,1749.32
64726,-0.5686,0.2574,11.1414,1627,1749.32
64731,-1.6065,0.146,10.8338,1635,1749.48
64736,-1.3204,1.6161,10.9295,1633,1749.48
64741,-2.0746,2.1117,10.2855,1639,1749.48
64746,1.2905,2.9521,10.7272,1611,1749.48
64751,-1.3479,2.15,10.3525,1621,1749.48
64756,-0.7721,1.2426,11.4299,1637,1749.48
64761,-0.7566,0.1544,11.1043,1623,1749.48
64766,-1.5646,0.3843,10.9415,1627,1749.73
64771,-1.3587,1.5886,10.6374,1619,1749.73
64776,-1.5957,2.381,10.5309,1629,1749.73
64781,1.3204,2.8898,10.5884,1625,1749.73
64786,-1.3994,2.1476,10.5369,1624,1749.73
64791,-0.5746,1.0403,11.2839,1624,1749.73
64796,-0.9541,0.1305,11.2468,1614,1749.73
64801,-1.5526,0.7087,10.9822,1621,1750.29
64806,-1.567,1.6065,10.4136,1621,1750.29
64811,-1.0367,2.5043,10.6099,1608,1750.29
64816,1.0104,2.879,10.3884,1614,1750.29
64821,-1.1001,2.4098,10.5405,1610,1750.29
64826,-0.4022,0.7602,11.0684,1629,1750.29
64831,-1.2007,0.079,11.2707,1622,1750.29
64836,-1.5562,0.8631,10.9738,1611,1750.44
64841,-1.8687,1.7214,10.3657,1614,1750.44
64846,-0.4729,2.5462,10.5728,1620,1750.44
64851,0.4896,2.8048,10.3837,1639,1750.44
64856,-1.312,2.0423,11.0612,1628,1750.44
64861,-0.3196,0.5375,11.0169,1627,1750.44
64866,-1.4461,0.1628,11.2875,1612,1750.44
64871,-1.4916,0.9792,10.8122,1621,1750.19
64876,-2.1656,1.9166,10.501,1635,1750.19
64881,0.0204,2.4553,10.4483,1623,1750.19
64886,-0.0982,2.7102,10.4998,1611,1750.19
64891,-1.2845,1.8232,11.0349,1623,1750.19
64896,-0.2622,0.4202,11.0433,1624,1750.19
64901,-1.5766,0.1544,11.1378,1636,1750.19
64906,-1.4138,1.1696,10.7883,1636,1750.6
64911,-2.3535,2.0602,10.4974,1613,1750.6
64916,0.5483,2.5151,10.3729,1625,1750.6
64921,-0.6716,2.5582,10.665,1624,1750.6
64926,-1.1971,1.4664,11.0744,1638,1750.6
64931,-0.3029,0.3867,11.2228,1631,1750.6
64936,-1.6472,0.1556,10.9523,1611,1750.6
64941,-1.3791,1.4521,10.8565,1627,1750.04
64946,-2.3355,2.0578,10.4483,1628,1750.04
64951,1.0223,2.6899,10.4351,1622,1750.04
64956,-1.0965,2.4193,10.6123,1611,1750.04
64961,-1.0044,1.1959,11.0349,1621,1750.04
64966,-0.5363,0.3519,11.333,1627,1750.04
64971,-1.6041,0.079,10.6925,1634,1749.88
64976,-1.3024,1.658,10.9247,1643,1749.88
64981,-2.0889,2.1057,10.2484,1641,1749.88
64986,1.3192,2.9401,10.5884,1611,1749.88
64991,-1.3503,2.3355,10.5824,1627,1749.88
64996,-0.7326,1.0894,11.1678,1640,1749.88
65001,-0.7709,0.2466,11.3677,1627,1749.88
65006,-1.6089,0.2466,10.6482,1636,1749.42
65011,-1.2941,1.7406,10.92,1623,1749.42
65016,-1.6305,2.1823,10.1562,1629,1749.42
65021,1.3827,3.1161,10.6841,1629,1749.42
65026,-1.4162,2.1356,10.5261,1624,1749.42
65031,-0.4705,1.1013,11.2851,1627,1749.42
65036,-0.9984,0.1389,11.2755,1619,1749.42
65041,-1.5479,0.6045,10.8338,1621,1749.42
65046,-1.47,1.7262,10.647,1623,1749.42
65051,-1.0451,2.3499,10.3394,1620,1749.42
65056,1.0367,3.0981,10.7164,1619,1749.42
65061,-1.403,1.9549,10.5704,1607,1749.42
65066,-0.3555,1.0199,11.3234,1641,1749.42
65071,-1.1947,-0.0012,11.0804,1623,1749.42
65076,-1.549,0.9637,11.0301,1615,1749.78
65081,-1.828,1.6831,10.3729,1622,1749.78
65086,-0.4501,2.4481,10.5656,1614,1749.78
65091,0.4393,2.903,10.5261,1635,1749.78
65096,-1.2869,1.8124,10.7955,1634,1749.78
65101,-0.3316,0.7338,11.1965,1633,1749.78
65106,-1.3372,0.0144,11.0373,1619,1749.78
65111,-1.5,1.2246,11.1079,1619,1749.68
65116,-2.1931,1.7226,10.1921,1637,1749.68
65121,0.1101,2.5343,10.6578,1621,1749.68
65126,-0.1939,2.6228,10.3813,1614,1749.68
65131,-1.2103,1.7633,11.084,1620,1749.68
65136,-0.3256,0.4405,11.084,1624,1749.68
65141,-1.5407,0.1006,11.0026,1637,1749.68
65146,-1.4269,1.3479,11.0085,1628,1749.17
65151,-2.375,1.8447,10.2867,1615,1749.17
65156,0.5758,2.6181,10.556,1620,1749.17
65161,-0.7003,2.3583,10.2759,1611,1749.17
65166,-1.1241,1.6795,11.2803,1637,1749.17
65171,-0.3867,0.2442,11.0145,1629,1749.17
65176,-1.5814,0.2155,11.0684,1613,1749.17
65181,-1.4006,1.421,10.817,1619,1748.86
65186,-2.2709,2.0686,10.4794,1623,1748.86
65191,0.9936,2.7019,10.4878,1625,1748.86
65196,-1.069,2.2865,10.3884,1609,1748.86
65201,-1.0606,1.3707,11.23,1621,1748.86
65206,-0.4621,0.2765,11.1211,1615,1748.86
65211,-1.5909,0.2993,10.9511,1629,1748.56
65216,-1.342,1.5227,10.6961,1641,1748.56
65221,-2.0195,2.2075,10.495,1639,1748.56
65226,1.324,2.7031,10.4315,1611,1748.56
65231,-1.2689,2.3272,10.6159,1623,1748.56
65236,-0.8559,1.1025,11.1342,1631,1748.56
65241,-0.7135,0.2981,11.3258,1623,1748.56
65246,-1.6161,0.3543,10.8828,1635,1749.02
65251,-1.3862,1.6376,10.653,1615,1749.02
65256,-1.5754,2.3499,10.4567,1627,1749.02
65261,1.3683,2.8443,10.4016,1635,1749.02
65266,-1.3012,2.375,10.7607,1621,1749.02
65271,-0.5938,0.8511,11.0325,1635,1749.02
65276,-0.9792,0.2693,11.4874,1615,1749.02
65281,-1.5945,0.5483,10.7667,1624,1749.07
65286,-1.4401,1.8519,10.7236,1621,1749.07
65291,-1.1061,2.3535,10.3178,1622,1749.07
65296,1.0606,2.9904,10.5824,1637,1749.07
65301,-1.342,2.1308,10.7356,1614,1749.07
65306,-0.3579,0.7805,11.0456,1629,1749.07
65311,-1.2127,0.1233,11.3377,1615,1749.07
65316,-1.5634,0.7841,10.7571,1619,1748.91
65321,-1.7178,1.9561,10.6997,1619,1748.91
65326,-0.5758,2.296,10.3094,1615,1748.91
65331,0.5519,3.0335,10.6362,1635,1748.91
65336,-1.3707,1.8244,10.7416,1627,1748.91
65341,-0.255,0.7398,11.2132,1639,1748.91
65346,-1.4269,0.0455,11.157,1611,1748.91
65351,-1.5203,1.0786,10.9331,1619,1749.32
65356,-2.0985,1.9944,10.5165,1629,1749.32
65361,-0.0048,2.3834,10.3669,1623,1749.32
65366,-0.1197,2.8168,10.6973,1631,1749.32
65371,-1.2689,1.5706,10.7691,1622,1749.32
65376,-0.2382,0.6177,11.2851,1621,1749.32
65381,-1.5287,0.0563,10.9056,1629,1749.32
65386,-1.4796,1.3599,11.0636,1625,1749.22
65391,-2.3595,1.9333,10.2855,1614,1749.22
65396,0.5507,2.5953,10.562,1625,1749.22
65401,-0.7195,2.5067,10.4722,1608,1749.22
65406,-1.1085,1.4856,10.987,1635,1749.22
65411,-0.3699,0.4166,11.2719,1626,1749.22
65416,-1.5526,0.0778,10.8146,1609,1749.22
65421,-1.391,1.5778,11.1414,1619,1749.42
65426,-2.4277,1.9357,10.2328,1618,1749.42
65431,1.008,2.818,10.7404,1630,1749.42
65436,-1.1229,2.1883,10.3525,1609,1749.42
65441,-0.9206,1.3743,11.2875,1615,1749.42
65446,-0.5662,0.2227,11.1187,1621,1749.42
65451,-1.5658,0.1784,10.8721,1625,1749.42
65456,-1.3791,1.6592,10.8876,1638,1749.53
65461,-2.1093,2.1416,10.3238,1637,1749.53
65466,1.2845,2.9485,10.6578,1611,1749.53
65471,-1.3563,2.1237,10.325,1621,1749.53
65476,-0.7219,1.245,11.3737,1625,1749.53
65481,-0.7506,0.1317,11.0792,1619,1749.53
65486,-1.5886,0.4465,10.9032,1637,1749.63
65491,-1.385,1.5838,10.6386,1617,1749.63
65496,-1.6496,2.3475,10.4806,1627,1749.63
65501,1.3384,2.8946,10.5824,1614,1749.63
65506,-1.4006,2.1679,10.562,1623,1749.63
65511,-0.595,1.0499,11.2923,1635,1749.63
65516,-0.9313,0.1377,11.2396,1612,1749.63
65521,-1.5502,0.7075,11.0133,1627,1749.73
65526,-1.5814,1.5981,10.3705,1621,1749.73
65531,-1.0882,2.5103,10.6135,1627,1749.73
65536,1.002,2.8706,10.3944,1640,1749.73
65541,-1.33,2.1967,10.7955,1609,1749.73
65546,-0.4286,0.7638,11.1558,1635,1749.73
65551,-1.1612,0.067,11.2623,1621,1749.73
65556,-1.4808,0.9313,10.9834,1621,1749.78
65561,-1.8316,1.7765,10.3741,1614,1749.78
65566,-0.5519,2.5486,10.6279,1619,1749.78
65571,0.498,2.806,10.3872,1635,1749.78
65576,-1.2665,2.0423,10.9918,1623,1749.78
65581,-0.3268,0.5519,10.9738,1639,1749.78
65586,-1.3803,0.1149,11.309,1613,1749.78
65591,-1.47,0.9804,10.8062,1615,1749.88
65596,-2.138,1.9034,10.5177,1629,1749.88
65601,-0.0407,2.4816,10.4112,1624,1749.88
65606,-0.1053,2.7318,10.4998,1623,1749.88
65611,-1.2605,1.804,11.0804,1621,1749.88
65616,-0.231,0.3687,11.0421,1621,1749.88
65621,-1.5634,0.1856,11.1318,1631,1749.88
65626,-1.4485,1.1648,10.7763,1627,1750.24
65631,-2.3164,2.0674,10.5034,1614,1750.24
65636,0.4836,2.4744,10.3753,1617,1750.24
65641,-0.6297,2.6205,10.6255,1608,1750.24
65646,-1.2306,1.5287,11.0145,1635,1750.24
65651,-0.3148,0.3508,11.2324,1627,1750.24
65656,-1.5754,0.1628,10.9271,1615,1750.24
65661,-1.3755,1.4054,10.8218,1619,1750.55
65666,-2.3056,2.0901,10.4363,1619,1750.55
65671,0.9613,2.7043,10.4579,1627,1750.55
65676,-1.0989,2.4361,10.6829,1609,1750.55
65681,-1.0367,1.2318,11.0887,1621,1750.55
65686,-0.5028,0.3591,11.3198,1621,1750.55
65691,-1.5993,0.1413,10.7164,1625,1750.55
65696,-1.2677,1.6664,10.9295,1639,1750.75
65701,-2.083,2.065,10.2604,1633,1750.75
65706,1.2845,2.9245,10.5812,1610,1750.75
65711,-1.3168,2.2889,10.5237,1621,1750.75
65716,-0.7254,1.0965,11.2312,1627,1750.75
65721,-0.7254,0.2813,11.3557,1621,1750.75
65726,-1.6197,0.2394,10.7045,1635,1751.21
65731,-1.2725,1.7442,10.8864,1613,1751.21
65736,-1.6448,2.1799,10.1897,1621,1751.21
65741,1.3815,3.1149,10.726,1617,1751.21
65746,-1.4114,2.1404,10.4639,1624,1751.21
65751,-0.4729,1.075,11.3258,1629,1751.21
65756,-1.0032,0.1413,11.2444,1617,1751.21
65761,-1.5897,0.6285,10.8062,1625,1750.75
65766,-1.4617,1.7502,10.7045,1621,1750.75
65771,-1.0846,2.332,10.2987,1621,1750.75
65776,1.0116,3.1017,10.6698,1640,1750.75
65781,-1.3827,1.9201,10.5632,1615,1750.75
65786,-0.322,0.978,11.3689,1637,1750.75
65791,-1.2055,-0.0036,11.0983,1619,1750.75
65796,-1.5826,0.9732,11.0564,1615,1750.39
65801,-1.8304,1.7166,10.343,1613,1750.39
65806,-0.4453,2.4469,10.5393,1613,1750.39
65811,0.3699,2.9078,10.5572,1633,1750.39
65816,-1.324,1.8004,10.8266,1627,1750.39
65821,-0.322,0.7111,11.242,1639,1750.39
65826,-1.4102,0.018,11.0684,1611,1750.39
65831,-1.4988,1.2462,11.0983,1617,1750.5
65836,-2.1727,1.7753,10.2197,1629,1750.5
65841,0.1472,2.5809,10.7308,1626,1750.5
65846,-0.2322,2.5893,10.3513,1613,1750.5
65851,-1.1851,1.7502,11.0732,1621,1750.5
65856,-0.3364,0.4058,11.1438,1624,1750.5
65861,-1.5083,0.0862,11.06,1635,1750.5
65866,-1.4042,1.3515,10.9894,1628,1749.88
65871,-2.3559,1.8866,10.2927,1611,1749.88
65876,0.6369,2.66,10.6279,1615,1749.88
65881,-0.759,2.3403,10.2927,1609,1749.88
65886,-1.0989,1.6328,11.2875,1637,1749.88
65891,-0.4334,0.237,11.0277,1629,1749.88
65896,-1.579,0.237,11.0768,1613,1749.88
65901,-1.3755,1.4102,10.7895,1615,1749.83
65906,-2.2709,2.0901,10.4435,1619,1749.83
65911,1.0343,2.7102,10.4375,1625,1749.83
65916,-1.1229,2.247,10.398,1609,1749.83
65921,-0.9565,1.3216,11.2551,1621,1749.83
65926,-0.559,0.2658,11.1354,1621,1749.83
65931,-1.6233,0.3783,11.0133,1625,1750.09
65936,-1.3755,1.5227,10.6853,1642,1750.09
65941,-1.9321,2.2505,10.5046,1636,1750.09
65946,1.3024,2.7545,10.3956,1609,1750.09
65951,-1.2869,2.3284,10.6267,1625,1750.09
65956,-0.7781,0.9601,11.1354,1635,1750.09
65961,-0.735,0.3017,11.3461,1621,1750.09
65966,-1.5682,0.4334,10.8374,1635,1750.34
65971,-1.4186,1.67,10.6566,1615,1750.34
65976,-1.4676,2.3727,10.5177,1626,1750.34
65981,1.2665,2.8359,10.4064,1621,1750.34
65986,-1.3336,2.3104,10.8074,1623,1750.34
65991,-0.5303,0.8104,10.9798,1629,1750.34
65996,-1.0295,0.176,11.4455,1613,1750.34
66001,-1.5526,0.6668,10.7607,1626,1750.8
66006,-1.5455,1.8675,10.6279,1621,1750.8
66011,-0.9673,2.3667,10.3525,1621,1750.8
66016,0.9218,2.9604,10.5297,1640,1750.8
66021,-1.2821,2.0626,10.811,1610,1750.8
66026,-0.3699,0.7602,11.1187,1635,1750.8
66031,-1.2725,0.0802,11.3174,1619,1750.8
66036,-1.5227,0.8775,10.7464,1617,1750.75
66041,-1.8459,2.0327,10.6554,1613,1750.75
66046,-0.4094,2.3739,10.3657,1619,1750.75
66051,0.3723,3.0119,10.6853,1636,1750.75
66056,-1.3503,1.7466,10.7595,1630,1750.75
66061,-0.2526,0.6225,11.23,1636,1750.75
66066,-1.4317,0.0479,11.1151,1611,1750.75
66071,-1.5155,1.1301,10.9032,1614,1751.31
66076,-2.2027,2.0351,10.507,1629,1751.31
66081,0.1736,2.4157,10.398,1612,1751.31
66086,-0.3065,2.7593,10.6434,1610,1751.31
66091,-1.2773,1.5467,10.799,1619,1751.31
66096,-0.2334,0.4752,11.2887,1620,1751.31
66101,-1.5048,0.0754,10.8936,1635,1751.31
66106,-1.4257,1.4234,11.0433,1625,1751.47
66111,-2.3942,1.9501,10.24,1615,1751.47
66116,0.723,2.6803,10.5572,1617,1751.47
66121,-0.8667,2.3822,10.5345,1609,1751.47
66126,-1.0451,1.4389,11.1055,1636,1751.47
66131,-0.4573,0.3364,11.2132,1630,1751.47
66136,-1.5814,0.0587,10.7607,1611,1751.47
66141,-1.324,1.664,11.0433,1625,1751.36
66146,-2.375,1.9836,10.2017,1611,1751.36
66151,1.1109,2.9018,10.6698,1619,1751.36
66156,-1.2498,2.2063,10.3034,1609,1751.36
66161,-0.8284,1.3384,11.2994,1621,1751.36
66166,-0.6045,0.1999,11.1642,1625,1751.36
66171,-1.5897,0.2286,10.7464,1629,1751.93
66176,-1.2845,1.6496,10.8086,1631,1751.93
66181,-1.9333,2.2278,10.3214,1641,1751.93
66186,1.3599,2.9928,10.7883,1610,1751.93
66191,-1.391,2.083,10.3825,1623,1751.93
66196,-0.6177,1.154,11.3533,1636,1751.93
66201,-0.8308,0.1233,11.0875,1615,1751.93
66206,-1.5957,0.5806,10.9331,1637,1751.72
66211,-1.4485,1.6316,10.5668,1619,1751.72
66216,-1.3491,2.4493,10.5273,1627,1751.72
66221,1.2139,2.9281,10.5536,1627,1751.72
66226,-1.3874,2.1033,10.6734,1613,1751.72
66231,-0.4202,0.9768,11.2599,1624,1751.72
66236,-1.0463,0.0826,11.1725,1622,1751.72
66241,-1.5574,0.8799,10.9954,1616,1751.26
66246,-1.6939,1.6149,10.3262,1621,1751.26
66251,-0.7709,2.5283,10.6207,1609,1751.26
66256,0.7242,2.8276,10.4136,1619,1751.26
66261,-1.2797,2.0423,10.9223,1611,1751.26
66266,-0.3639,0.7171,11.0552,1637,1751.26
66271,-1.3096,0.0718,11.2108,1619,1751.26
66276,-1.5275,1.0439,11.0109,1611,1751.57
66281,-2.0279,1.7837,10.3657,1619,1751.57
66286,-0.2059,2.5139,10.5453,1621,1751.57
66291,0.1018,2.7665,10.3992,1635,1751.57
66296,-1.2546,1.9393,11.1055,1623,1751.57
66301,-0.3065,0.4226,10.969,1623,1751.57
66306,-1.5036,0.1353,11.2156,1623,1751.57
66311,-1.4617,1.1229,10.8098,1619,1752.34
66316,-2.2505,2.0063,10.5046,1635,1752.34
66321,0.3675,2.4816,10.3884,1625,1752.34
66326,-0.5028,2.5905,10.4806,1614,1752.34
66331,-1.2605,1.6568,11.0899,1625,1752.34
66336,-0.2753,0.2849,11.0433,1625,1752.34
66341,-1.6125,0.1903,11.0672,1625,1752.34
66346,-1.4162,1.2965,10.7212,1625,1751.98
66351,-2.3212,2.0686,10.562,1613,1751.98
66356,0.8547,2.5522,10.3382,1625,1751.98
66361,-0.9517,2.4684,10.5644,1607,1751.98
66366,-1.1313,1.3527,11.1031,1627,1751.98
66371,-0.4118,0.3496,11.2958,1619,1751.98
66376,-1.5945,0.1688,10.9044,1623,1751.98
66381,-1.3647,1.5239,10.8326,1627,1752.69
66386,-2.1021,2.1512,10.3896,1631,1752.69
66391,1.2474,2.7725,10.4291,1609,1752.69
66396,-1.2833,2.4026,10.6566,1613,1752.69
66401,-0.8356,1.0666,11.0899,1625,1752.69
66406,-0.6668,0.3843,11.491,1635,1752.69
66411,-1.6005,0.2322,10.6865,1634,1754.03
66416,-1.3312,1.7166,10.8625,1624,1754.03
66421,-1.6388,2.2003,10.2627,1619,1754.03
66426,1.33,2.9939,10.6267,1613,1754.03
66431,-1.3695,2.247,10.5764,1626,1754.03
66436,-0.5399,0.9936,11.1594,1639,1754.03
66441,-0.9792,0.2322,11.3952,1613,1754.03
66446,-1.6065,0.5231,10.7332,1623,1753.36
66451,-1.4748,1.8088,10.7308,1621,1753.36
66456,-1.0714,2.2649,10.2771,1623,1753.36
66461,1.0534,3.073,10.6793,1630,1753.36
66466,-1.3707,1.9597,10.6039,1611,1753.36
66471,-0.3053,0.9804,11.2336,1631,1753.36
66476,-1.2378,0.0646,11.1881,1619,1753.36
66481,-1.5862,0.8823,10.8517,1613,1753.26
66486,-1.8064,1.8806,10.5453,1615,1753.26
66491,-0.4274,2.3559,10.337,1611,1753.26
66496,0.413,2.9904,10.6195,1635,1753.26
66501,-1.3384,1.7119,10.7296,1628,1753.26
66506,-0.2514,0.7697,11.3138,1641,1753.26
66511,-1.403,0.0024,10.9032,1609,1753.26
66516,-1.5036,1.2055,11.0971,1615,1753.41
66521,-2.1931,1.8112,10.2592,1629,1753.41
66526,0.1951,2.5139,10.5812,1627,1753.41
66531,-0.328,2.6552,10.4818,1617,1753.41
66536,-1.2175,1.6017,10.9176,1613,1753.41
66541,-0.2981,0.4609,11.2396,1621,1753.41
66546,-1.5036,0.067,10.8673,1635,1753.41
66551,-1.4186,1.47,11.066,1627,1753.26
66556,-2.4325,1.9166,10.2173,1613,1753.26
66561,0.729,2.7509,10.6602,1620,1753.26
66566,-0.9062,2.326,10.2663,1611,1753.26
66571,-1.0499,1.5263,11.2755,1637,1753.26
66576,-0.4298,0.2574,11.0828,1629,1753.26
66581,-1.5778,0.1508,10.9176,1609,1753.26
66586,-1.3527,1.5562,10.9104,1623,1752.95
66591,-2.2422,2.0399,10.3202,1621,1752.95
66596,1.1552,2.8838,10.6805,1621,1752.95
66601,-1.2522,2.1632,10.2723,1609,1752.95
66606,-0.8571,1.2905,11.3964,1623,1752.95
66611,-0.6369,0.1592,11.1091,1623,1752.95
66616,-1.5538,0.3388,10.9714,1631,1752.39
66621,-1.3491,1.5634,10.7009,1638,1752.39
66626,-1.8004,2.3308,10.4974,1643,1752.39
66631,1.3372,2.8036,10.5345,1611,1752.39
66636,-1.3551,2.1715,10.5572,1623,1752.39
66641,-0.6536,1.0558,11.2551,1635,1752.39
66646,-0.8272,0.1736,11.2192,1613,1752.39
66651,-1.5742,0.565,10.9858,1630,1752.08
66656,-1.4868,1.5479,10.4758,1617,1752.08
66661,-1.1983,2.5211,10.5752,1627,1752.08
66666,1.1588,2.8599,10.4256,1625,1752.08
66671,-1.3048,2.2637,10.7655,1614,1752.08
66676,-0.4621,0.7745,11.1139,1623,1752.08
66681,-1.1468,0.1221,11.3497,1615,1752.08
66686,-1.5419,0.8547,10.8733,1617,1752.34
66691,-1.6903,1.7777,10.4232,1623,1752.34
66696,-0.6656,2.5343,10.5919,1610,1752.34
66701,0.7278,2.8491,10.3585,1614,1752.34
66706,-1.2749,2.0303,10.9607,1613,1752.34
66711,-0.3316,0.6189,11.0097,1639,1752.34
66716,-1.3384,0.1628,11.3234,1617,1752.34
66721,-1.5263,0.9744,10.8469,1615,1752.13
66726,-2.0626,1.9154,10.5165,1619,1752.13
66731,-0.1413,2.4265,10.3753,1623,1752.13
66736,0.0754,2.8264,10.5129,1636,1752.13
66741,-1.3276,1.7861,10.9798,1635,1752.13
66746,-0.2777,0.4429,11.0732,1627,1752.13
66751,-1.5012,0.1365,11.1402,1619,1752.13
66756,-1.4832,1.1396,10.8469,1621,1751.42
66761,-2.302,2.0255,10.568,1634,1751.42
66766,0.4322,2.4505,10.3489,1624,1751.42
66771,-0.5243,2.6312,10.6422,1612,1751.42
66776,-1.2498,1.488,10.975,1624,1751.42
66781,-0.2646,0.4274,11.1797,1623,1751.42
66786,-1.6209,0.1113,10.908,1635,1751.42
66791,-1.3599,1.4162,10.835,1630,1751.21
66796,-2.3715,2.071,10.4543,1615,1751.21
66801,0.9361,2.6432,10.4435,1625,1751.21
66806,-1.0331,2.4708,10.6195,1607,1751.21
66811,-1.0906,1.2761,11.0277,1627,1751.21
66816,-0.4345,0.3627,11.3222,1623,1751.21
66821,-1.6077,0.0551,10.6877,1611,1751.21
66826,-1.2881,1.6592,10.9834,1627,1751.11
66831,-2.156,2.0542,10.246,1625,1751.11
66836,1.2653,2.9329,10.6398,1608,1751.11
66841,-1.3264,2.241,10.4675,1596,1751.11
66846,-0.7338,1.1396,11.2025,1620,1751.11
66851,-0.6883,0.2622,11.3473,1628,1751.11
66856,-1.6269,0.2358,10.6722,1637,1750.9
66861,-1.2462,1.7693,10.9032,1637,1750.9
66866,-1.7011,2.211,10.2663,1621,1750.9
66871,1.4078,3.1125,10.7284,1611,1750.9
66876,-1.4281,2.1129,10.41,1629,1750.9
66881,-0.516,1.1277,11.3581,1631,1750.9
66886,-0.9732,0.0934,11.2312,1611,1750.9
66891,-1.5909,0.5255,10.8912,1619,1750.75
66896,-1.4389,1.7071,10.6506,1623,1750.75
66901,-1.1277,2.3535,10.4124,1623,1750.75
66906,1.1001,3.0562,10.6973,1627,1750.75
66911,-1.3958,1.9632,10.574,1608,1750.75
66916,-0.3376,1.0139,11.3353,1627,1750.75
66921,-1.1803,0.0072,11.1091,1615,1750.75
66926,-1.5347,0.9266,11.0816,1613,1750.75
66931,-1.8184,1.6604,10.3573,1619,1750.75
66936,-0.516,2.484,10.5728,1613,1750.75
66941,0.4405,2.9401,10.4818,1623,1750.75
66946,-1.3443,1.8723,10.8038,1619,1750.75
66951,-0.3304,0.7362,11.1402,1638,1750.75
66956,-1.3611,0.0072,11.0205,1605,1750.75
66961,-1.4473,1.1971,11.0887,1607,1751.21
66966,-2.1512,1.7549,10.2029,1620,1751.21
66971,0.0994,2.5606,10.6698,1623,1751.21
66976,-0.152,2.6516,10.3477,1628,1751.21
66981,-1.2103,1.7968,11.1354,1636,1751.21
66986,-0.346,0.4034,11.072,1623,1751.21
66991,-1.5287,0.103,11.048,1626,1751.21
66996,-1.4305,1.3372,10.9499,1619,1751.36
67001,-2.3607,1.8902,10.2747,1625,1751.36
67006,0.5698,2.6288,10.5812,1611,1751.36
67011,-0.6907,2.3942,10.3513,1611,1751.36
67016,-1.1576,1.6783,11.2647,1627,1751.36
67021,-0.4058,0.2334,11.0516,1627,1751.36
67026,-1.6053,0.2334,11.0744,1635,1751.36
67031,-1.4162,1.3611,10.7691,1613,1751.06
67036,-2.2661,2.0937,10.5129,1618,1751.06
67041,1.0283,2.6671,10.4148,1624,1751.06
67046,-1.0834,2.3499,10.4878,1607,1751.06
67051,-1.0271,1.3551,11.2575,1620,1751.06
67056,-0.5136,0.2753,11.1713,1613,1751.06
67061,-1.5897,0.2634,10.9379,1621,1751.06
67066,-1.3803,1.4868,10.7272,1629,1751.47
67071,-1.9405,2.2637,10.5441,1631,1751.47
67076,1.318,2.7294,10.3848,1607,1751.47
67081,-1.2737,2.3499,10.5991,1613,1751.47
67086,-0.8164,1.0534,11.145,1622,1751.47
67091,-0.729,0.31,11.3808,1634,1751.47
67096,-1.5886,0.346,10.8134,1631,1751.77
67101,-1.3994,1.6221,10.6853,1619,1751.77
67106,-1.4629,2.375,10.4004,1624,1751.77
67111,1.2917,2.8683,10.4591,1612,1751.77
67116,-1.2965,2.3451,10.7751,1626,1751.77
67121,-0.565,0.8751,11.0205,1637,1751.77
67126,-1.0534,0.2263,11.485,1611,1751.77
67131,-1.6125,0.5854,10.72,1624,1751.57
67136,-1.5586,1.8328,10.6865,1624,1751.57
67141,-0.9373,2.3391,10.3465,1619,1751.57
67146,0.9433,2.9975,10.58,1639,1751.57
67151,-1.3527,2.0518,10.7344,1610,1751.57
67156,-0.3783,0.7745,11.1534,1635,1751.57
67161,-1.2905,0.1652,11.315,1617,1751.57
67166,-1.5538,0.8894,10.823,1615,1751.57
67171,-1.8364,1.9501,10.6338,1620,1751.57
67176,-0.346,2.3427,10.3046,1592,1751.57
67187,0.3184,2.9892,10.6614,1625,1751.57
67191,-0.255,0.6704,11.2097,1635,1751.57
67196,-1.4521,0.0407,11.0397,1611,1751.57
67201,-1.5155,1.142,10.8984,1617,1751.72
67206,-2.2087,1.9716,10.4399,1628,1751.72
67211,0.2478,2.4445,10.4663,1624,1751.72
67216,-0.3675,2.7438,10.6039,1611,1751.72
67221,-1.2677,1.5395,10.8733,1615,1751.72
67226,-0.2646,0.4836,11.3162,1621,1751.72
67231,-1.567,0.0144,10.8266,1631,1751.72
67236,-1.4018,1.4545,11.0672,1629,1751.42
67241,-2.4134,1.9094,10.2927,1615,1751.42
67246,0.7877,2.7306,10.6039,1619,1751.42
67251,-0.8894,2.375,10.41,1611,1751.42
67256,-1.0295,1.4353,11.157,1637,1751.42
67261,-0.4286,0.3412,11.2013,1629,1751.42
67266,-1.5706,0.0934,10.8146,1613,1751.42
67271,-1.3001,1.6197,11.0456,1621,1751.21
67276,-2.2984,1.9489,10.1861,1619,1751.21
67281,1.2007,2.891,10.726,1625,1751.21
67286,-1.3108,2.1596,10.3226,1610,1751.21
67291,-0.8272,1.3575,11.3054,1619,1751.21
67296,-0.662,0.2131,11.1642,1623,1751.21
67301,-1.6089,0.3053,10.8553,1629,1751.26
67306,-1.318,1.652,10.8457,1639,1751.26
67311,-1.895,2.2134,10.3346,1637,1751.26
67316,1.4054,2.964,10.7141,1607,1751.26
67321,-1.4293,2.1069,10.3932,1624,1751.26
67326,-0.5794,1.1768,11.382,1637,1751.26
67331,-0.893,0.1568,11.1247,1618,1751.26
67336,-1.5897,0.6728,10.9487,1636,1751.21
67341,-1.4329,1.6017,10.5273,1619,1751.21
67346,-1.3012,2.49,10.5237,1629,1751.21
67351,1.2234,2.8695,10.5237,1627,1751.21
67356,-1.3575,2.059,10.6829,1620,1751.21
67361,-0.4393,0.9278,11.2144,1625,1751.21
67366,-1.1037,0.0599,11.1737,1614,1751.21
67371,-1.5323,0.9194,11.0349,1617,1751.82
67376,-1.719,1.6712,10.3358,1615,1751.82
67381,-0.65,2.5367,10.6494,1617,1751.82
67386,0.7075,2.8204,10.3693,1615,1751.82
67391,-1.2785,2.0039,10.9176,1611,1751.82
67396,-0.3376,0.6141,11.0014,1639,1751.82
67401,-1.3539,0.0706,11.2252,1621,1751.82
67406,-1.488,1.0379,11.0097,1606,1751.72
67411,-2.0782,1.7873,10.3657,1619,1751.72
67416,-0.1257,2.5295,10.6171,1618,1751.72
67421,0.1233,2.7306,10.3837,1636,1751.72
67426,-1.2594,1.8735,11.0935,1629,1751.72
67431,-0.3029,0.4094,10.963,1623,1751.72
67436,-1.549,0.1377,11.242,1618,1751.72
67441,-1.4437,1.1648,10.8338,1619,1751.62
67446,-2.2972,2.0279,10.5333,1635,1751.62
67451,0.3519,2.4565,10.3777,1622,1751.62
67456,-0.486,2.6121,10.5022,1614,1751.62
67461,-1.2617,1.6053,11.1282,1619,1751.62
67466,-0.2957,0.3136,11.0899,1623,1751.62
67471,-1.6125,0.1796,11.0241,1636,1751.62
67476,-1.3994,1.3623,10.7727,1630,1751.42
67481,-2.32,2.0949,10.5357,1615,1751.42
67486,0.8643,2.6013,10.3896,1623,1751.42
67491,-0.9661,2.4888,10.6374,1609,1751.42
67496,-1.0846,1.2941,11.0421,1628,1751.42
67501,-0.4058,0.3819,11.2671,1627,1751.42
67506,-1.6316,0.1413,10.8086,1613,1751.42
67511,-1.3228,1.5443,10.8864,1627,1751.16
67516,-2.1584,2.162,10.4758,1627,1751.16
67521,1.2462,2.8503,10.4375,1613,1751.16
67526,-1.2785,2.381,10.5524,1612,1751.16
67531,-0.8356,1.0415,11.0612,1621,1751.16
67536,-0.6823,0.3519,11.4132,1629,1751.16
67541,-1.6173,0.1999,10.6805,1637,1751.26
67546,-1.2701,1.7633,10.902,1639,1751.26
67551,-1.6999,2.229,10.252,1637,1751.26
67556,1.3204,3.0275,10.6458,1610,1751.26
67561,-1.3922,2.2541,10.5692,1621,1751.26
67566,-0.5447,0.9972,11.2168,1641,1751.26
67571,-0.9685,0.1724,11.3425,1618,1751.26
67576,-1.6077,0.4489,10.7344,1619,1750.75
67581,-1.4281,1.7885,10.7883,1619,1750.75
67586,-1.1839,2.2972,10.2604,1628,1750.75
67591,1.1073,3.1137,10.647,1628,1750.75
67596,-1.3886,1.9908,10.5249,1613,1750.75
67601,-0.3843,0.9553,11.3042,1626,1750.75
67606,-1.1791,0.0491,11.1869,1619,1750.75
67611,-1.5395,0.8188,10.884,1613,1750.39
67616,-1.7154,1.8232,10.55,1620,1750.39
67621,-0.5339,2.405,10.4363,1613,1750.39
67626,0.5291,3.043,10.6686,1621,1750.39
67631,-1.3144,1.8579,10.6518,1612,1750.39
67636,-0.2957,0.832,11.2779,1639,1750.39
67641,-1.3324,-0.0383,10.9882,1619,1750.39
67646,-1.5048,1.1528,11.1151,1620,1750.09
67651,-2.1225,1.7717,10.2436,1619,1750.09
67656,0.0251,2.5379,10.568,1624,1750.09
67661,-0.1472,2.7497,10.4531,1635,1750.09
67666,-1.2629,1.7657,10.9607,1631,1750.09
67671,-0.3005,0.5363,11.2085,1621,1750.09
67676,-1.4605,0.0239,10.8673,1623,1750.09
67681,-1.421,1.3503,11.06,1619,1750.5
67686,-2.4002,1.8423,10.2053,1637,1750.5
67691,0.5291,2.6624,10.6745,1623,1750.5
67696,-0.7314,2.4169,10.3058,1613,1750.5
67701,-1.1325,1.6652,11.2348,1626,1750.5
67706,-0.3962,0.2837,11.0385,1624,1750.5
67711,-1.5682,0.1664,10.9798,1639,1750.5
67716,-1.3791,1.4509,10.89,1629,1750.5
67721,-2.3272,1.962,10.3382,1611,1750.5
67726,0.9804,2.7438,10.5644,1623,1750.5
67731,-1.1121,2.2398,10.319,1611,1750.5
67736,-0.9577,1.4856,11.3832,1627,1750.5
67741,-0.5267,0.2622,11.0121,1624,1750.5
67746,-1.6005,0.3148,11.0552,1613,1750.5
67751,-1.3479,1.4712,10.6398,1627,1750.5
67756,-1.9968,2.1787,10.5129,1629,1750.5
67761,1.3204,2.7402,10.4615,1609,1750.5
67766,-1.2929,2.2577,10.5022,1609,1750.5
67771,-0.7781,1.1827,11.2372,1623,1750.5
67776,-0.7506,0.2741,11.2456,1627,1750.5
67781,-1.6017,0.4154,10.9415,1637,1750.96
67786,-1.4605,1.5443,10.6039,1637,1750.96
67791,-1.5347,2.4217,10.5453,1620,1750.96
67796,1.3024,2.812,10.4267,1609,1750.96
67801,-1.342,2.2721,10.7141,1627,1750.96
67806,-0.5818,0.8452,11.0971,1639,1750.96
67811,-0.9625,0.2155,11.3844,1608,1750.96
67816,-1.5479,0.6393,10.8266,1615,1750.9
67821,-1.5299,1.7083,10.5345,1620,1750.9
67826,-1.0379,2.4612,10.4615,1627,1750.9
67831,1.0319,2.8695,10.416,1631,1750.9
67836,-1.3048,2.1703,10.884,1611,1750.9
67841,-0.4286,0.7087,11.0588,1624,1750.9
67846,-1.2402,0.152,11.3617,1613,1750.9
67851,-1.5299,0.8547,10.7464,1607,1750.96
67856,-1.8196,1.9249,10.6207,1619,1750.96
67861,-0.4633,2.3379,10.3286,1613,1750.96
67866,0.486,2.9461,10.5752,1624,1750.96
67871,-1.3587,1.8711,10.8218,1615,1750.96
67876,-0.2622,0.6213,11.0744,1634,1750.96
67881,-1.47,0.1077,11.169,1609,1750.96
67886,-1.5119,1.0475,10.8469,1617,1750.96
67891,-2.1332,1.9932,10.5153,1621,1750.96
67896,0.0982,2.3882,10.3238,1623,1750.96
67901,-0.1772,2.812,10.5991,1631,1750.96
67906,-1.3396,1.5742,10.823,1627,1750.96
67911,-0.2239,0.486,11.2575,1621,1750.96
67916,-1.5646,0.097,10.9583,1627,1750.96
67921,-1.3994,1.3216,10.9403,1623,1750.5
67926,-2.3487,1.9489,10.4076,1635,1750.5
67931,0.6572,2.5702,10.4375,1619,1750.5
67936,-0.7733,2.5319,10.5489,1609,1750.5
67941,-1.1768,1.3731,10.9391,1627,1750.5
67946,-0.3675,0.3903,11.309,1625,1750.5
67951,-1.6149,0.0215,10.7763,1638,1750.5
67956,-1.3168,1.5634,11.0588,1619,1750.04
67961,-2.3762,1.9166,10.2843,1617,1750.04
67966,1.1073,2.8778,10.6745,1624,1750.04
67971,-1.2091,2.2721,10.4291,1605,1750.04
67976,-0.9505,1.3228,11.2192,1627,1750.04
67981,-0.6057,0.2705,11.2061,1619,1750.04
67986,-1.585,0.1808,10.7655,1620,1750.04
67991,-1.2438,1.7262,10.9463,1629,1750.34
67996,-2.071,2.1045,10.2208,1635,1750.34
68001,1.3862,3.0299,10.7236,1605,1750.34
68006,-1.3958,2.0937,10.343,1610,1750.34
68011,-0.6261,1.1875,11.3713,1623,1750.34
68016,-0.8296,0.1365,11.1881,1629,1750.34
68021,-1.6065,0.4501,10.8697,1637,1749.88
68026,-1.3575,1.6879,10.7811,1639,1749.88
68031,-1.5479,2.3511,10.3669,1611,1749.88
68036,1.3192,3.0107,10.6817,1609,1749.88
68041,-1.3755,2.0327,10.4627,1626,1749.88
68046,-0.4441,1.0415,11.3497,1641,1749.88
68051,-1.0331,0.0227,11.1498,1611,1749.88
68056,-1.5909,0.8104,11.0181,1619,1750.39
68061,-1.5646,1.6328,10.3896,1614,1750.39
68066,-0.9194,2.551,10.6267,1624,1750.39
68071,0.8823,2.958,10.4579,1635,1750.39
68076,-1.3348,2.0255,10.7512,1610,1750.39
68081,-0.3759,0.7733,11.1486,1629,1750.39
68086,-1.2186,-0.0371,11.1666,1618,1750.39
68091,-1.5095,1.0546,11.0229,1609,1751.06
68096,-1.9261,1.7274,10.3082,1619,1751.06
68101,-0.3723,2.5594,10.6686,1609,1751.06
68106,0.2825,2.7833,10.3441,1625,1751.06
68111,-1.257,1.9441,11.0026,1621,1751.06
68116,-0.3196,0.5112,11.0648,1637,1751.06
68121,-1.4401,0.0455,11.145,1609,1751.06
68126,-1.482,1.1636,10.9391,1614,1751.62
68131,-2.2146,1.8495,10.3705,1625,1751.62
68136,0.1784,2.5762,10.6159,1623,1751.62
68141,-0.3053,2.5809,10.3741,1627,1751.62
68146,-1.2629,1.7107,11.1737,1639,1751.62
68151,-0.3268,0.322,10.9942,1623,1751.62
68156,-1.5586,0.1712,11.0911,1626,1751.62
68161,-1.4353,1.2534,10.7583,1621,1751.72
68166,-2.3463,2.0446,10.4974,1623,1751.72
68171,0.6955,2.5582,10.386,1611,1751.72
68176,-0.814,2.478,10.5644,1609,1751.72
68181,-1.1983,1.4533,11.1414,1629,1751.72
68186,-0.3508,0.3268,11.1402,1629,1751.72
68191,-1.6077,0.1999,10.9822,1637,1751.72
68196,-1.409,1.4569,10.744,1613,1751.82
68201,-2.1919,2.1895,10.5058,1621,1751.82
68206,1.1133,2.7174,10.3968,1628,1751.82
68211,-1.1887,2.4481,10.6159,1610,1751.82
68216,-0.9924,1.1229,11.1043,1619,1751.82
68221,-0.5878,0.3316,11.3653,1613,1751.82
68226,-1.5862,0.2203,10.7811,1625,1751.82
68231,-1.3527,1.6233,10.7703,1631,1752.39
68236,-1.7968,2.1919,10.4172,1635,1752.39
68241,1.3827,2.9006,10.5381,1611,1752.39
68246,-1.3324,2.3559,10.7248,1615,1752.39
68251,-0.6201,0.9313,11.0935,1635,1752.39
68256,-0.8499,0.2813,11.4527,1626,1752.39
68261,-1.5969,0.3926,10.641,1635,1752.34
68266,-1.3743,1.8052,10.8421,1615,1752.34
68271,-1.3372,2.2494,10.2364,1623,1752.34
68276,1.2318,3.0861,10.6159,1619,1752.34
68281,-1.3527,2.1392,10.6315,1625,1752.34
68286,-0.4214,0.9541,11.1606,1635,1752.34
68291,-1.1109,0.1676,11.3545,1613,1752.34
68296,-1.6017,0.6967,10.7512,1621,1751.82
68301,-1.6077,1.895,10.6386,1623,1751.82
68306,-0.7278,2.3164,10.3334,1623,1751.82
68311,0.7422,3.0969,10.6722,1639,1751.82
68316,-1.3779,1.8531,10.6362,1609,1751.82
68321,-0.2777,0.8595,11.2611,1638,1751.82
68326,-1.3755,-0.018,11.0983,1621,1751.82
68331,-1.5227,0.9888,10.9463,1613,1751.11
68336,-2.0147,1.9154,10.4435,1615,1751.11
68341,-0.1209,2.4086,10.4543,1619,1751.11
68346,0.0251,2.9197,10.6207,1625,1751.11
68351,-1.3144,1.6819,10.7703,1625,1751.11
68356,-0.2622,0.6081,11.2875,1637,1751.11
68361,-1.4664,-0.0599,10.908,1611,1751.11
68366,-1.4641,1.2737,11.078,1614,1750.6
68371,-2.3296,1.8232,10.2065,1629,1750.6
68376,0.4465,2.5678,10.6243,1625,1750.6
68381,-0.6057,2.4995,10.4471,1615,1750.6
68386,-1.1552,1.5957,11.0828,1619,1750.6
68391,-0.3807,0.3484,11.1546,1623,1750.6
68396,-1.5359,0.0778,10.8673,1629,1750.6
68401,-1.3767,1.4569,11.0157,1625,1750.55
68406,-2.4098,1.9046,10.2101,1614,1750.55
68411,0.9421,2.7701,10.6494,1615,1750.55
68416,-1.0798,2.2338,10.2855,1611,1750.55
68421,-0.9912,1.5095,11.2803,1635,1750.55
68426,-0.5124,0.2107,11.072,1631,1750.55
68431,-1.5371,0.2346,10.8745,1613,1750.55
68436,-1.3539,1.5383,10.8218,1618,1750.85
68441,-2.1548,2.0889,10.4004,1631,1750.85
68446,1.2677,2.8479,10.5764,1628,1750.85
68451,-1.3324,2.132,10.3609,1609,1750.85
68456,-0.8224,1.257,11.4,1621,1750.85
68461,-0.6991,0.1927,11.1426,1623,1750.85
68466,-1.5778,0.4537,11.0073,1625,1750.85
68471,-1.3671,1.5203,10.5465,1638,1750.85
68476,-1.6269,2.332,10.5201,1638,1750.85
68481,1.3683,2.8276,10.4615,1607,1750.85
68486,-1.3348,2.2386,10.6255,1613,1750.85
68491,-0.5734,0.9864,11.2001,1630,1750.85
68496,-0.8835,0.1915,11.3054,1617,1750.85
68501,-1.5443,0.6859,10.8984,1627,1751.01
68506,-1.5275,1.6233,10.4878,1617,1751.01
68511,-1.0989,2.5247,10.5776,1628,1751.01
68516,1.087,2.8311,10.4232,1625,1751.01
68521,-1.2989,2.1703,10.8613,1623,1751.01
68526,-0.4741,0.7111,11.0552,1627,1751.01
68531,-1.1516,0.1101,11.3832,1609,1751.01
68536,-1.5143,0.844,10.8206,1618,1751.47
68541,-1.8052,1.8663,10.5261,1627,1751.47
68546,-0.5758,2.4828,10.5405,1621,1751.47
68551,0.5519,2.8958,10.4208,1624,1751.47
68556,-1.3252,1.9728,10.9822,1613,1751.47
68561,-0.3112,0.5531,10.9978,1625,1751.47
68566,-1.4317,0.1317,11.3198,1622,1751.47
68571,-1.5012,0.99,10.8254,1615,1751.47
68576,-2.0889,2.0147,10.5692,1621,1751.47
68581,0.0084,2.4253,10.3896,1614,1751.47
68586,-0.0802,2.806,10.6075,1639,1751.47
68591,-1.3635,1.6664,10.9607,1635,1751.47
68596,-0.3208,0.4322,11.0852,1631,1751.47
68601,-1.5311,0.079,11.0612,1617,1751.47
68606,-1.4856,1.2186,10.8158,1619,1751.01
68611,-2.2733,2.0542,10.4806,1635,1751.01
68616,0.5112,2.4995,10.3932,1625,1751.01
68621,-0.6428,2.63,10.6626,1607,1751.01
68626,-1.251,1.4557,10.9463,1621,1751.01
68631,-0.3472,0.4142,11.2982,1623,1751.01
68636,-1.6029,0.085,10.8362,1635,1751.01
68641,-1.3719,1.5179,10.8864,1635,1750.9
68646,-2.3475,2.0315,10.3274,1615,1750.9
68651,1.0008,2.7545,10.5177,1619,1750.9
68656,-1.0822,2.3882,10.6015,1611,1750.9
68661,-1.0151,1.2462,11.1091,1637,1750.9
68666,-0.5255,0.3531,11.3988,1629,1750.9
68671,-1.6005,0.1149,10.6973,1615,1750.9
68676,-1.2833,1.7154,11.0049,1615,1750.39
68681,-2.0961,2.0686,10.1957,1626,1750.39
68686,1.3012,3.0047,10.7224,1620,1750.39
68691,-1.3838,2.1799,10.4052,1609,1750.39
68696,-0.7075,1.1277,11.2635,1621,1750.39
68701,-0.7889,0.1867,11.2312,1625,1750.39
68706,-1.6448,0.3376,10.7548,1630,1750.39
68711,-1.3156,1.7681,10.8505,1640,1750.39
68716,-1.5814,2.2386,10.2005,1637,1750.39
68721,1.3503,3.1017,10.7476,1611,1750.39
68726,-1.4293,2.047,10.422,1618,1750.39
68731,-0.4693,1.1085,11.3258,1635,1750.39
68736,-1.0307,0.0239,11.1881,1619,1750.39
68741,-1.6245,0.7171,10.9212,1629,1751.11
68746,-1.4664,1.7166,10.586,1620,1751.11
68751,-1.0223,2.3703,10.4519,1626,1751.11
68756,0.996,2.9844,10.6398,1625,1751.11
68761,-1.3467,1.968,10.6051,1618,1751.11
68766,-0.3328,0.9361,11.3114,1623,1751.11
68771,-1.1863,-0.0311,11.0768,1619,1751.11
68776,-1.5323,1.0307,11.0516,1611,1751.62
68781,-1.8783,1.6963,10.3298,1623,1751.62
68786,-0.4094,2.5103,10.7129,1605,1751.62
68791,0.3555,2.8706,10.416,1619,1751.62
68796,-1.2989,1.901,10.8685,1613,1751.62
68801,-0.2837,0.6297,11.151,1641,1751.62
68806,-1.3862,0.0048,11.0193,1635,1751.62
68811,-1.4784,1.1815,11.0181,1613,1751.88
68816,-2.2517,1.816,10.2484,1619,1751.88
68821,0.2107,2.5953,10.6686,1621,1751.88
68826,-0.2837,2.5941,10.3154,1635,1751.88
68831,-1.1947,1.7585,11.1725,1641,1751.88
68836,-0.3316,0.3017,11.0504,1620,1751.88
68841,-1.5538,0.1496,11.084,1621,1751.88
68846,-1.4281,1.3168,10.9068,1623,1752.49
68851,-2.3403,1.9501,10.4184,1636,1752.49
68856,0.7027,2.5869,10.5189,1621,1752.49
68861,-0.8224,2.4157,10.3872,1608,1752.49
68866,-1.1301,1.6161,11.2899,1624,1752.49
68871,-0.4549,0.2502,11.0265,1619,1752.49
68876,-1.5969,0.2322,11.0624,1639,1752.49
68881,-1.3958,1.4305,10.7476,1625,1753.05
68886,-2.1727,2.144,10.5357,1613,1753.05
68891,1.1241,2.709,10.4399,1625,1753.05
68896,-1.2007,2.3439,10.5297,1607,1753.05
68901,-0.9577,1.2043,11.1905,1629,1753.05
68906,-0.5686,0.3196,11.2444,1619,1753.05
68911,-1.6149,0.2777,10.896,1619,1753.05
68916,-1.3587,1.5598,10.6745,1629,1752.9
68921,-1.7801,2.2865,10.4866,1627,1752.9
68926,1.3551,2.7761,10.4483,1607,1752.9
68931,-1.3252,2.3942,10.7188,1613,1752.9
68936,-0.6656,0.923,11.084,1623,1752.9
68941,-0.8966,0.2765,11.4191,1639,1752.9
68946,-1.6149,0.4393,10.7153,1635,1752.95
68951,-1.4377,1.7394,10.6554,1625,1752.95
68956,-1.2905,2.3691,10.3166,1619,1752.95
68961,1.1971,2.9449,10.4399,1613,1752.95
68966,-1.3312,2.2984,10.7931,1626,1752.95
68971,-0.4393,0.814,11.1019,1639,1752.95
68976,-1.1372,0.1592,11.4156,1610,1752.95
68981,-1.5682,0.6297,10.6817,1623,1752.75
68986,-1.652,1.9393,10.6925,1624,1752.75
68991,-0.7027,2.3499,10.2891,1624,1752.75
68996,0.6835,3.0203,10.6219,1636,1752.75
69001,-1.3372,1.9094,10.7667,1593,1752.75
69006,-0.3053,0.7566,11.2073,1635,1752.75
69011,-1.3479,0.0503,11.2085,1617,1752.75
69016,-1.5455,0.9493,10.8673,1614,1752.69
69021,-2.0063,1.9968,10.5704,1619,1752.69
69026,-0.103,2.3894,10.3274,1613,1752.69
69031,0.0515,2.9473,10.6805,1627,1752.69
69036,-1.3384,1.6723,10.8038,1625,1752.69
69041,-0.2203,0.6201,11.2791,1635,1752.69
69046,-1.5359,-0.0096,10.981,1612,1752.69
69051,-1.4509,1.2474,11.0097,1619,1753.21
69056,-2.3727,1.9393,10.3489,1630,1753.21
69061,0.4717,2.5905,10.5249,1621,1753.21
69066,-0.6249,2.6181,10.6039,1619,1753.21
69071,-1.2139,1.5083,10.9271,1619,1753.21
69076,-0.3268,0.4429,11.2587,1620,1753.21
69081,-1.5766,0.0323,10.7739,1631,1753.21
69086,-1.3707,1.5371,11.066,1625,1753.0
69091,-2.3834,1.8783,10.1873,1613,1753.0
69096,1.0032,2.8192,10.6554,1621,1753.0
69101,-1.1372,2.2601,10.3681,1611,1753.0
69106,-0.9804,1.4485,11.242,1637,1753.0
69111,-0.5674,0.2478,11.1977,1629,1753.0
69116,-1.5766,0.1425,10.8254,1612,1753.0
69121,-1.2869,1.6472,10.9654,1619,1752.8
69126,-2.0949,2.0746,10.2268,1620,1752.8
69131,1.3623,2.9748,10.6997,1612,1752.8
69136,-1.3431,2.1153,10.3477,1609,1752.8
69141,-0.7063,1.2594,11.3653,1619,1752.8
69146,-0.7913,0.1808,11.1211,1623,1752.8
69151,-1.6029,0.4106,10.9188,1627,1752.44
69156,-1.3575,1.6125,10.6147,1641,1752.44
69161,-1.5897,2.3607,10.4351,1637,1752.44
69166,1.342,2.9604,10.6219,1611,1752.44
69171,-1.3767,2.0961,10.4782,1623,1752.44
69176,-0.5339,1.0678,11.3342,1631,1752.44
69181,-0.9625,0.0814,11.1187,1614,1752.44
69186,-1.5658,0.7853,11.0253,1635,1753.21
69191,-1.5802,1.6281,10.3825,1615,1753.21
69196,-0.9349,2.5271,10.5991,1627,1753.21
69201,0.9493,2.8599,10.422,1625,1753.21
69206,-1.2857,2.0518,10.8409,1613,1753.21
69211,-0.4142,0.7661,11.1354,1618,1753.21
69216,-1.2474,0.0239,11.1881,1621,1753.21
69221,-1.5071,1.0223,10.987,1613,1753.21
69226,-1.9309,1.7897,10.3226,1621,1753.21
69231,-0.3172,2.5582,10.6147,1611,1753.21
69236,0.2526,2.8048,10.3609,1617,1753.21
69241,-1.2905,1.9609,11.054,1607,1753.21
69246,-0.3268,0.4896,11.0313,1639,1753.21
69251,-1.4461,0.0742,11.1965,1613,1753.21
69256,-1.482,1.0894,10.8924,1617,1753.0
69261,-2.2194,1.9477,10.4256,1617,1753.0
69266,0.2693,2.5379,10.501,1621,1753.0
69271,-0.3436,2.6396,10.4148,1635,1753.0
69276,-1.3252,1.7286,11.1402,1636,1753.0
69281,-0.3555,0.267,11.0421,1617,1753.0
69286,-1.5874,0.1472,11.1247,1622,1753.0
69291,-1.4401,1.2582,10.732,1619,1753.51
69296,-2.3547,2.1141,10.5261,1637,1753.51
69301,0.7901,2.5618,10.3477,1614,1753.51
69306,-0.8679,2.5091,10.5572,1609,1753.51
69311,-1.1971,1.3982,11.133,1629,1753.51
69316,-0.395,0.3005,11.1761,1626,1753.51
69321,-1.6185,0.2071,10.8948,1633,1753.51
69326,-1.3874,1.5299,10.7536,1615,1753.57
69331,-2.1596,2.1763,10.4291,1619,1753.57
69336,1.2139,2.715,10.3777,1625,1753.57
69341,-1.1863,2.4325,10.5788,1605,1753.57
69346,-0.9134,1.0666,11.048,1625,1753.57
69351,-0.6237,0.3436,11.3832,1613,1753.57
69356,-1.6257,0.2394,10.7548,1621,1753.57
69361,-1.2941,1.719,10.8242,1629,1753.41
69366,-1.7633,2.2218,10.313,1635,1753.41
69371,1.3982,2.9473,10.483,1608,1753.41
69376,-1.3204,2.302,10.6291,1613,1753.41
69381,-0.6165,0.9158,11.139,1623,1753.41
69386,-0.9661,0.2071,11.4598,1636,1753.41
69391,-1.6077,0.4046,10.6207,1635,1753.26
69396,-1.4018,1.8459,10.8769,1614,1753.26
69401,-1.245,2.2661,10.2508,1624,1753.26
69406,1.1684,3.1053,10.635,1611,1753.26
69411,-1.3743,2.0399,10.5117,1629,1753.26
69416,-0.401,0.929,11.1797,1636,1753.26
69421,-1.1648,0.0467,11.2635,1613,1753.26
69426,-1.5921,0.7805,10.8493,1621,1753.31
69431,-1.664,1.9201,10.6374,1625,1753.31
69436,-0.589,2.3463,10.3525,1621,1753.31
69441,0.5614,3.0382,10.671,1640,1753.31
69446,-1.3408,1.743,10.6374,1611,1753.31
69451,-0.243,0.7733,11.315,1636,1753.31
69456,-1.3707,-0.0359,11.0349,1621,1753.31
69461,-1.5395,1.1037,10.969,1613,1753.46
69466,-2.1332,1.9046,10.3968,1581,1753.46
69471,0.0611,2.4708,10.5022,1613,1753.46
69476,-0.1784,2.7797,10.5333,1635,1753.46
69481,-1.2845,1.5969,10.823,1625,1753.46
69486,-0.328,0.5327,11.2563,1637,1753.46
69491,-1.4832,-0.0012,10.8529,1610,1753.46
69496,-1.4617,1.3922,11.1151,1614,1753.1
69501,-2.4098,1.8543,10.2663,1629,1753.1
69506,0.6297,2.7354,10.6817,1625,1753.1
69511,-0.8068,2.4553,10.3681,1611,1753.1
69516,-1.0965,1.5479,11.1701,1619,1753.1
69521,-0.4034,0.2705,11.1127,1621,1753.1
69526,-1.579,0.1125,10.9176,1634,1753.1
69531,-1.3575,1.5263,11.0002,1627,1753.41
69536,-2.3523,1.9501,10.2963,1615,1753.41
69541,1.1109,2.8587,10.7117,1611,1753.41
69546,-1.2103,2.211,10.2951,1608,1753.41
69551,-0.8715,1.3994,11.376,1637,1753.41
69556,-0.6081,0.158,11.0947,1624,1753.41
69561,-1.5467,0.2705,10.9463,1612,1753.41
69566,-1.3216,1.5562,10.7093,1621,1753.26
69571,-1.9297,2.235,10.4028,1621,1753.26
69576,1.3994,2.9042,10.6027,1619,1753.26
69581,-1.3479,2.2039,10.4363,1609,1753.26
69586,-0.7063,1.1732,11.3569,1619,1753.26
69591,-0.8284,0.1173,11.1366,1627,1753.26
69596,-1.5538,0.5638,10.9295,1637,1753.05
69601,-1.415,1.5562,10.5141,1639,1753.05
69606,-1.3551,2.4636,10.5477,1637,1753.05
69611,1.2091,2.8623,10.4531,1609,1753.05
69616,-1.3048,2.2098,10.7595,1625,1753.05
69621,-0.5016,0.844,11.1474,1639,1753.05
69626,-1.0618,0.1053,11.2994,1613,1753.05
69631,-1.5048,0.7817,11.0038,1619,1752.59
69636,-1.7035,1.6951,10.4052,1621,1752.59
69641,-0.7661,2.5462,10.5584,1626,1752.59
69646,0.7793,2.8539,10.3322,1629,1752.59
69651,-1.2845,2.0961,11.0109,1608,1752.59
69656,-0.4046,0.6572,10.9954,1624,1752.59
69661,-1.3623,0.0886,11.3605,1615,1752.59
69666,-1.5227,0.9541,10.8661,1611,1752.59
69671,-2.0051,1.9249,10.4543,1613,1752.59
69676,-0.2203,2.4529,10.4495,1612,1752.59
69681,0.1365,2.7869,10.4327,1621,1752.59
69686,-1.3192,1.8364,11.0325,1613,1752.59
69691,-0.2634,0.4453,11.0109,1639,1752.59
69696,-1.5024,0.0994,11.2061,1611,1752.59
69701,-1.494,1.0271,10.7967,1617,1752.75
69706,-2.2446,2.0734,10.5489,1617,1752.75
69711,0.3723,2.4648,10.3418,1611,1752.75
69716,-0.4944,2.6959,10.6111,1633,1752.75
69721,-1.2737,1.5598,10.981,1639,1752.75
69726,-0.2466,0.3819,11.1594,1621,1752.75
69731,-1.6053,0.1269,10.9702,1627,1752.75
69736,-1.3874,1.3408,10.7595,1623,1753.26
69741,-2.229,1.9154,10.4172,1623,1753.26
69746,0.1736,2.4708,10.3932,1613,1753.26
69751,-0.3376,2.7713,10.5979,1609,1753.26
69756,-1.2977,1.5526,10.8409,1625,1753.26
69761,-0.2825,0.4705,11.3126,1625,1753.26
69766,-1.5395,-0.0108,10.8517,1637,1753.26
69771,-1.4102,1.4054,11.0289,1612,1753.05
69776,-2.393,1.8878,10.1897,1619,1753.05
69781,0.735,2.7545,10.6051,1621,1753.05
69786,-0.9026,2.3762,10.4507,1607,1753.05
69791,-1.1109,1.4497,11.1678,1621,1753.05
69796,-0.4154,0.267,11.218,1617,1753.05
69801,-1.5897,0.0682,10.811,1623,1753.05
69806,-1.2701,1.6472,11.0361,1635,1752.85
69811,-2.2685,1.9489,10.2065,1639,1752.85
69816,1.2163,2.9425,10.6793,1609,1752.85
69821,-1.2761,2.1249,10.2699,1620,1752.85
69826,-0.8799,1.3216,11.3784,1625,1752.85
69831,-0.6069,0.1879,11.1115,1637,1752.85
69836,-1.5981,0.2849,10.8302,1641,1752.69
69841,-1.2558,1.6173,10.829,1619,1752.69
69846,-1.8651,2.223,10.392,1627,1752.69
69851,1.4114,2.9856,10.6662,1615,1752.69
69856,-1.4281,2.1069,10.4256,1627,1752.69
69861,-0.5878,1.1708,11.3593,1641,1752.69
69866,-0.8871,0.1137,11.1642,1613,1752.69
69871,-1.5574,0.6357,11.0085,1622,1752.34
69876,-1.4042,1.6269,10.5022,1626,1752.34
69881,-1.2127,2.4421,10.5548,1625,1752.34
69886,1.1935,2.9485,10.4746,1639,1752.34
69891,-1.3743,2.1165,10.7081,1612,1752.34
69896,-0.431,0.9002,11.2504,1639,1752.34
69901,-1.136,0.0036,11.2228,1624,1752.34
69906,-1.5778,0.9038,11.0229,1613,1752.44
69911,-1.7621,1.6975,10.3226,1619,1752.44
69916,-0.5459,2.6061,10.6171,1615,1752.44
69921,0.6201,2.8754,10.331,1635,1752.44
69926,-1.2869,2.0327,10.9822,1628,1752.44
69931,-0.3196,0.6309,11.072,1639,1752.44
69936,-1.3647,0.0622,11.2216,1613,1752.44
69941,-1.4904,1.0427,10.9595,1620,1752.18
69946,-2.1261,1.8723,10.386,1631,1752.18
69951,0.0467,2.5271,10.5165,1625,1752.18
69956,-0.0587,2.7485,10.3513,1613,1752.18
69961,-1.2498,1.816,11.1079,1620,1752.18
69966,-0.346,0.3687,11.0253,1613,1752.18
69971,-1.5814,0.1784,11.1678,1623,1752.18
69976,-1.4617,1.1839,10.7931,1629,1752.03
69981,-2.2589,2.0399,10.5249,1619,1752.03
69986,0.5375,2.4924,10.3932,1621,1752.03
69991,-0.6345,2.5702,10.5201,1617,1752.03
69996,-1.2055,1.5251,11.078,1637,1752.03
70001,-0.3531,0.316,11.1354,1633,1752.03
70006,-1.5945,0.2047,11.0397,1613,1752.03
70011,-1.4437,1.3372,10.7655,1624,1751.72
70016,-2.2948,2.1524,10.5237,1625,1751.72
70021,1.0056,2.6193,10.3453,1619,1751.72
70026,-1.0187,2.4588,10.5931,1611,1751.72
70031,-1.0774,1.2067,11.048,1613,1751.72
70036,-0.5507,0.3891,11.3282,1625,1751.72
70041,-1.5886,0.1568,10.7919,1635,1751.88
70046,-1.3288,1.6305,10.8038,1641,1751.88
70051,-2.0171,2.2015,10.3322,1642,1751.88
70056,1.2689,2.8587,10.5093,1609,1751.88
70061,-1.239,2.3762,10.6326,1623,1751.88
70066,-0.7937,0.9852,11.1079,1635,1751.88
70071,-0.7374,0.3244,11.4598,1619,1751.88
70076,-1.6352,0.237,10.6566,1635,1751.93
70081,-1.3216,1.8136,10.8541,1623,1751.93
70086,-1.5455,2.2553,10.2101,1629,1751.93
70091,1.3204,3.0191,10.6326,1624,1751.93
70096,-1.3515,2.2122,10.5931,1619,1751.93
70101,-0.5195,0.9098,11.1857,1625,1751.93
70106,-0.9816,0.182,11.3976,1621,1751.93
70111,-1.5969,0.5471,10.7667,1621,1751.77
70116,-1.4892,1.8735,10.7859,1625,1751.77
70121,-1.0163,2.326,10.2759,1615,1751.77
70126,0.978,3.1161,10.7643,1619,1751.77
70131,-1.3647,1.998,10.562,1618,1751.77
70136,-0.3747,0.9254,11.3437,1640,1751.77
70141,-1.2163,0.0251,11.1977,1621,1751.77
70146,-1.6017,0.9134,10.9044,1621,1751.52
70151,-1.8591,1.8423,10.4196,1615,1751.52
70156,-0.4381,2.4541,10.4746,1629,1751.52
70161,0.431,2.9544,10.6231,1643,1751.52
70166,-1.3551,1.7334,10.7248,1641,1751.52
70171,-0.2478,0.7111,11.2743,1627,1751.52
70176,-1.3743,-0.0192,10.9235,1623,1751.52
70181,-1.5131,1.2127,11.0875,1621,1750.8
70186,-2.2087,1.816,10.2388,1637,1750.8
70191,0.1556,2.5917,10.6243,1627,1750.8
70196,-0.2646,2.6779,10.4866,1615,1750.8
70201,-1.2402,1.6843,11.0169,1623,1750.8
70206,-0.2921,0.413,11.1881,1624,1750.8
70211,-1.5431,0.0431,10.9212,1640,1750.8
70216,-1.3815,1.385,11.0504,1635,1751.01
70221,-2.4409,1.8184,10.2113,1618,1751.01
70226,0.7027,2.7043,10.6757,1624,1751.01
70231,-0.8523,2.3427,10.2891,1609,1751.01
70236,-1.0594,1.6041,11.2587,1629,1751.01
70241,-0.4417,0.2095,10.9774,1635,1751.01
70246,-1.6137,0.1832,10.9738,1615,1751.01
70251,-1.3431,1.4246,10.8541,1629,1751.26
70256,-2.3032,2.0123,10.307,1629,1751.26
70261,1.1732,2.7916,10.586,1609,1751.26
70266,-1.2857,2.2087,10.3382,1613,1751.26
70271,-0.905,1.4126,11.4,1623,1751.26
70276,-0.6201,0.2274,11.0421,1629,1751.26
70281,-1.6269,0.3543,11.0205,1637,1751.57
70286,-1.3479,1.4569,10.6434,1636,1751.57
70291,-1.8735,2.2841,10.5189,1620,1751.57
70296,1.3886,2.8072,10.489,1609,1751.57
70301,-1.3958,2.2625,10.5584,1625,1751.57
70306,-0.6692,1.1025,11.2324,1640,1751.57
70311,-0.8404,0.1891,11.2623,1614,1751.57
70316,-1.5874,0.571,10.963,1621,1751.06
70321,-1.4569,1.5119,10.5644,1623,1751.06
70326,-1.3276,2.4804,10.5201,1625,1751.06
70331,1.2438,2.8407,10.4016,1631,1751.06
70336,-1.3659,2.32,10.8266,1609,1751.06
70341,-0.4573,0.8068,11.0504,1629,1751.06
70346,-1.0702,0.1676,11.3892,1617,1751.06
70351,-1.5024,0.723,10.8098,1613,1750.8
70356,-1.6568,1.7777,10.5429,1623,1750.8
70361,-0.7254,2.4936,10.4746,1607,1750.8
70366,0.7901,2.9257,10.4052,1623,1750.8
70371,-1.3048,2.132,10.92,1613,1750.8
70376,-0.3723,0.6692,11.0433,1637,1750.8
70381,-1.3336,0.0946,11.3282,1615,1750.8
70386,-1.5263,0.8966,10.7895,1620,1750.7
70391,-1.9333,2.0123,10.5489,1609,1750.7
70396,-0.2394,2.3846,10.325,1626,1750.7
70401,0.2047,2.9377,10.6326,1629,1750.7
70406,-1.318,1.7813,10.8864,1639,1750.7
70411,-0.2981,0.5399,11.0923,1619,1750.7
70416,-1.4688,0.1053,11.1366,1625,1750.7
70421,-1.5024,1.1145,10.7751,1623,1750.8
70426,-2.1799,2.0219,10.5453,1634,1750.8
70431,0.3232,2.3966,10.2639,1619,1750.8
70436,-0.3508,2.7653,10.635,1611,1750.8
70441,-1.2965,1.4976,10.902,1625,1750.8
70446,-0.2693,0.4812,11.2408,1627,1750.8
70451,-1.579,0.0503,10.8386,1640,1750.8
70456,-1.4353,1.4162,10.9355,1614,1751.01
70461,-2.3248,1.9872,10.3501,1619,1751.01
70466,0.747,2.6911,10.4866,1627,1751.01
70471,-0.8715,2.49,10.5896,1609,1751.01
70476,-1.1468,1.336,11.0109,1625,1751.01
70481,-0.4238,0.3974,11.3665,1611,1751.01
70486,-1.585,0.0467,10.7536,1619,1751.01
70491,-1.3264,1.6939,11.0085,1629,1751.06
70496,-2.211,1.9585,10.1538,1635,1751.06
70501,1.1684,2.9353,10.665,1609,1751.06
70506,-1.1959,2.2434,10.3753,1612,1751.06
70511,-0.8392,1.2198,11.2372,1623,1751.06
70516,-0.6381,0.2526,11.2683,1635,1751.06
70521,-1.6628,0.1832,10.7344,1637,1751.31
70526,-1.2689,1.7765,10.9571,1627,1751.31
70531,-1.8627,2.0818,10.2089,1621,1751.31
70536,1.4641,3.073,10.7153,1611,1751.31
70541,-1.3874,2.071,10.2975,1627,1751.31
70546,-0.6105,1.1528,11.4395,1638,1751.31
70551,-0.9146,0.1197,11.1594,1613,1751.31
70556,-1.6269,0.516,10.8948,1625,1751.21
70561,-1.415,1.7238,10.6135,1621,1751.21
70566,-1.3384,2.3451,10.4279,1612,1751.21
70571,1.2103,3.0179,10.6578,1635,1751.21
70576,-1.3922,2.0195,10.507,1605,1751.21
70581,-0.4094,1.0032,11.3306,1635,1751.21
70586,-1.0977,-0.0036,11.163,1619,1751.21
70591,-1.5694,0.9397,11.0684,1613,1751.16
70596,-1.7119,1.6999,10.3226,1625,1751.16
70601,-0.674,2.5331,10.562,1619,1751.16
70606,0.6596,2.9293,10.4351,1627,1751.16
70611,-1.3144,1.9513,10.8194,1623,1751.16
70616,-0.3328,0.7254,11.1594,1639,1751.16
70621,-1.33,-0.0144,11.1175,1610,1751.16
70626,-1.4976,1.148,11.0588,1614,1751.26
70631,-2.1093,1.798,10.2867,1627,1751.26
70636,-0.0563,2.5295,10.7248,1624,1751.26
70641,-0.0491,2.6779,10.2951,1624,1751.26
70646,-1.239,1.8711,11.1211,1641,1751.26
70651,-0.3543,0.3926,10.9822,1620,1751.26
70656,-1.5443,0.097,11.1402,1629,1751.26
70661,-1.4629,1.1959,10.8697,1626,1751.11
70666,-2.3068,1.9716,10.41,1621,1751.11
70671,0.5136,2.5857,10.5046,1615,1751.11
70676,-0.6153,2.4529,10.3609,1611,1751.11
70681,-1.1205,1.6496,11.248,1631,1751.11
70686,-0.3938,0.2227,10.9798,1630,1751.11
70691,-1.5862,0.2586,11.0875,1629,1751.11
70696,-1.4365,1.318,10.7548,1619,1751.16
70701,-2.3308,2.1488,10.5524,1615,1751.16
70706,0.9278,2.6396,10.3908,1627,1751.16
70711,-1.0331,2.3882,10.507,1605,1751.16
70716,-1.0367,1.3336,11.2168,1619,1751.16
70721,-0.4884,0.2729,11.1845,1615,1751.16
70726,-1.6137,0.2334,10.9367,1623,1751.16
70731,-1.4042,1.4928,10.7452,1635,1751.47
70736,-2.0075,2.2338,10.5237,1637,1751.47
70741,1.2773,2.721,10.416,1599,1751.47
70746,-1.2378,2.3942,10.6662,1618,1751.47
70751,-0.8224,0.9816,11.0576,1624,1751.47
70756,-0.6931,0.3208,11.4084,1629,1751.47
70761,-1.6125,0.3112,10.7129,1635,1751.72
70766,-1.3994,1.7202,10.7978,1615,1751.72
70771,-1.5886,2.3236,10.3441,1627,1751.72
70776,1.3587,2.891,10.5237,1619,1751.72
70781,-1.3132,2.3212,10.6913,1624,1751.72
70786,-0.5495,0.8727,11.054,1628,1751.72
70791,-0.9649,0.1844,11.4742,1618,1751.72
70796,-1.5933,0.5148,10.6745,1621,1751.57
70801,-1.4868,1.8806,10.7536,1625,1751.57
70806,-1.1085,2.3188,10.2843,1623,1751.57
70811,1.0499,3.0454,10.6506,1641,1751.57
70816,-1.318,2.0303,10.6243,1611,1751.57
70821,-0.3807,0.826,11.151,1637,1751.57
70826,-1.2222,0.0754,11.3042,1623,1751.57
70831,-1.5742,0.7793,10.8014,1618,1751.11
70836,-1.7849,1.9561,10.5919,1615,1751.11
70841,-0.5602,2.3655,10.3058,1615,1751.11
70846,0.5195,3.0323,10.7236,1635,1751.11
70851,-1.3874,1.7298,10.6566,1627,1751.11
70856,-0.2693,0.7506,11.2994,1640,1751.11
70861,-1.3791,-0.0215,11.0385,1611,1751.11
70866,-1.5215,1.1229,10.981,1619,1750.65
70871,-2.1225,1.9261,10.3011,1628,1750.65
70876,0.0311,2.5079,10.4878,1625,1750.65
70881,-0.1221,2.7653,10.5884,1623,1750.65
70886,-1.3108,1.6185,10.8457,1615,1750.65
70891,-0.2203,0.5136,11.2923,1622,1750.65
70896,-1.5203,-0.012,10.884,1635,1750.65
70901,-1.3994,1.3898,11.0516,1633,1750.6
70906,-2.3978,1.8459,10.246,1614,1750.6
70911,0.5878,2.7114,10.6781,1615,1750.6
70916,-0.7673,2.4301,10.3908,1611,1750.6
70921,-1.1265,1.5514,11.1666,1636,1750.6
70926,-0.3723,0.3041,11.1558,1629,1750.6
70931,-1.6041,0.1137,10.8302,1613,1750.6
70936,-1.3276,1.5419,10.9966,1619,1750.96
70941,-2.4122,1.9273,10.2376,1619,1750.96
70946,1.063,2.8742,10.7164,1624,1750.96
70951,-1.1827,2.1644,10.258,1610,1750.96
70956,-0.9206,1.4593,11.4132,1622,1750.96
70961,-0.5279,0.1867,11.0456,1621,1750.96
70966,-1.6472,0.3053,10.9427,1629,1750.9
70971,-1.2617,1.5311,10.8278,1639,1750.9
70976,-2.053,2.1572,10.3896,1651,1750.9
70981,1.4102,2.9006,10.6362,1609,1750.9
70986,-1.409,2.1213,10.3872,1623,1750.9
70991,-0.6907,1.257,11.4108,1629,1750.9
70996,-0.7709,0.1472,11.151,1623,1750.9
71001,-1.5802,0.5543,10.9906,1640,1750.8
71006,-1.391,1.5048,10.4962,1617,1750.8
71011,-1.5167,2.4026,10.5345,1627,1750.8
71016,1.3264,2.8611,10.483,1623,1750.8
71021,-1.3563,2.1703,10.6398,1621,1750.8
71026,-0.492,0.9732,11.1725,1629,1750.8
71031,-1.0116,0.1365,11.2827,1613,1750.8
71036,-1.5862,0.7757,10.9642,1621,1751.26
71041,-1.5897,1.6436,10.4232,1625,1751.26
71046,-0.8739,2.5355,10.6027,1619,1751.26
71051,0.9098,2.8754,10.3609,1625,1751.26
71056,-1.3072,2.1452,10.9559,1613,1751.26
71061,-0.3627,0.7111,10.9966,1634,1751.26
71066,-1.3108,0.1365,11.3605,1624,1751.26
71071,-1.506,0.8811,10.8254,1613,1750.9
71076,-1.8567,1.883,10.4758,1607,1750.9
71081,-0.3328,2.49,10.4663,1608,1750.9
71086,0.31,2.8647,10.4423,1631,1750.9
71091,-1.2414,1.8783,11.0061,1629,1750.9
71096,-0.3172,0.5207,11.0038,1629,1750.9
71101,-1.4772,0.1281,11.2611,1611,1750.9
71106,-1.4808,1.0379,10.799,1609,1751.06
71111,-2.1572,2.0363,10.556,1634,1751.06
71116,0.1927,2.4325,10.3477,1621,1751.06
71121,-0.2741,2.7414,10.5812,1610,1751.06
71126,-1.2929,1.5862,10.9702,1619,1751.06
71131,-0.3077,0.4429,11.1558,1621,1751.06
71136,-1.6053,0.1125,11.0708,1634,1751.06
71141,-1.4569,1.2785,10.7775,1629,1751.26
71146,-2.2541,2.0662,10.5034,1613,1751.26
71151,0.741,2.4995,10.3453,1638,1751.26
71156,-0.7661,2.5833,10.635,1610,1751.26
71161,-1.1791,1.3096,10.9726,1631,1751.26
71166,-0.3855,0.4166,11.333,1625,1751.26
71171,-1.6029,0.0646,10.7919,1613,1751.26
71176,-1.3611,1.6017,10.9259,1623,1751.42
71181,-2.2015,2.0327,10.2747,1623,1751.42
71186,1.1277,2.8276,10.5201,1615,1751.42
71191,-1.1444,2.4086,10.507,1609,1751.42
71196,-0.9613,1.172,11.1534,1608,1751.42
71201,-0.6033,0.3651,11.3892,1627,1751.42
71206,-1.6077,0.1185,10.7129,1631,1751.06
71211,-1.3001,1.8076,11.0157,1643,1751.06
71216,-1.8735,2.0925,10.1778,1647,1751.06
71221,1.3898,2.9939,10.6853,1611,1751.06
71226,-1.342,2.1931,10.4746,1624,1751.06
71231,-0.6919,1.0343,11.303,1635,1751.06
71236,-0.8607,0.2239,11.388,1621,1751.06
71241,-1.6017,0.425,10.7512,1635,1750.9
71246,-1.3384,1.8352,10.8481,1619,1750.9
71251,-1.3838,2.2613,10.2364,1629,1750.9
71256,1.3108,3.0777,10.7009,1629,1750.9
71261,-1.3874,1.986,10.4399,1613,1750.9
71266,-0.4214,1.002,11.3653,1621,1750.9
71271,-1.0858,-0.0012,11.1223,1614,1750.9
71276,-1.5897,0.8068,10.9259,1613,1751.11
71281,-1.5969,1.8352,10.5237,1623,1751.11
71286,-0.8344,2.4265,10.4315,1611,1751.11
71291,0.8176,2.9568,10.5608,1618,1751.11
71296,-1.3563,1.8663,10.6422,1611,1751.11
71301,-0.3124,0.8499,11.2767,1639,1751.11
71306,-1.3192,-0.0467,11.0588,1621,1751.11
71311,-1.573,1.1133,11.0445,1615,1750.8
71316,-1.9968,1.8375,10.313,1619,1750.8
71321,-0.237,2.5774,10.6338,1623,1750.8
71326,0.1628,2.739,10.3884,1635,1750.8
71331,-1.2414,1.7669,10.896,1631,1750.8
71336,-0.3172,0.5064,11.1642,1623,1750.8
71341,-1.4748,0.0048,11.0145,1621,1750.8
71346,-1.4712,1.2294,11.0959,1615,1749.99
71351,-2.3008,1.8902,10.2651,1631,1749.99
71356,0.3795,2.6576,10.5931,1622,1749.99
71361,-0.5171,2.4553,10.2627,1612,1749.99
71366,-1.1648,1.7154,11.2192,1621,1749.99
71371,-0.3867,0.243,10.9858,1625,1749.99
71376,-1.5993,0.1736,11.0684,1637,1749.99
71381,-1.3946,1.312,10.89,1633,1749.63
71386,-2.4157,2.0351,10.4615,1620,1749.63
71391,0.8811,2.6647,10.5381,1623,1749.63
71396,-0.99,2.3296,10.3549,1610,1749.63
71401,-1.0271,1.4664,11.248,1626,1749.63
71406,-0.4669,0.2167,11.0684,1631,1749.63
71411,-1.6376,0.2825,11.0229,1612,1749.63
71416,-1.3994,1.4353,10.7356,1622,1749.58
71421,-2.2098,2.2553,10.5656,1627,1749.58
71426,1.2234,2.7174,10.4615,1613,1749.58
71431,-1.2749,2.3284,10.507,1609,1749.58
71436,-0.9074,1.1624,11.2516,1621,1749.58
71441,-0.6189,0.261,11.2527,1627,1749.58
71446,-1.5778,0.3484,10.9008,1636,1749.53
71451,-1.3719,1.5455,10.6518,1638,1749.53
71456,-1.7502,2.3894,10.5489,1639,1749.53
71461,1.4198,2.8192,10.4148,1611,1749.53
71466,-1.3001,2.3296,10.6793,1627,1749.53
71471,-0.656,0.8571,11.0409,1637,1749.53
71476,-0.9014,0.3053,11.4598,1619,1749.53
71481,-1.567,0.4537,10.7811,1624,1749.53
71486,-1.4425,1.7621,10.7595,1619,1749.53
71491,-1.2558,2.3715,10.3741,1627,1749.53
71496,1.1827,2.9652,10.5441,1627,1749.53
71501,-1.342,2.2206,10.744,1613,1749.53
71506,-0.4154,0.7829,11.0983,1623,1749.53
71511,-1.1648,0.1616,11.4215,1610,1749.53
71516,-1.5945,0.6967,10.7392,1614,1749.48
71521,-1.6041,1.9094,10.7117,1625,1749.48
71526,-0.7649,2.393,10.3729,1614,1749.48
71531,0.7195,3.0335,10.6698,1611,1749.48
71536,-1.342,1.9321,10.7512,1615,1749.48
71541,-0.3124,0.7338,11.1666,1639,1749.48
71546,-1.3132,0.0251,11.1666,1621,1749.48
71551,-1.5455,0.9637,10.8541,1611,1749.37
71556,-1.9381,1.9465,10.5776,1618,1749.37
71561,-0.2466,2.4301,10.3717,1619,1749.37
71566,0.1867,2.9724,10.6901,1635,1749.37
71571,-1.3324,1.6783,10.7859,1629,1749.37
71576,-0.2622,0.6476,11.2827,1625,1749.37
71581,-1.4413,0.0036,10.9164,1617,1749.37
71586,-1.494,1.233,11.0516,1614,1749.53
71591,-2.2936,1.9237,10.3046,1635,1749.53
71596,0.3244,2.5881,10.5165,1623,1749.53
71601,-0.425,2.648,10.5704,1613,1749.53
71606,-1.3024,1.5646,10.9463,1621,1749.53
71611,-0.3053,0.4513,11.2444,1621,1749.53
71616,-1.5359,-0.018,10.8326,1635,1749.53
71621,-1.3515,1.4521,11.0959,1627,1749.58
71626,-2.4134,1.8567,10.2639,1615,1749.58
71631,0.7745,2.7653,10.6255,1620,1749.58
71636,-0.9553,2.3415,10.313,1606,1749.58
71641,-1.0534,1.5071,11.2097,1637,1749.58
71646,-0.4405,0.2717,11.1498,1631,1749.58
71651,-1.634,0.1185,10.8254,1611,1749.58
71656,-1.2773,1.6029,10.9331,1621,1749.53
71661,-2.3308,1.9692,10.246,1625,1749.53
71666,1.2869,2.9281,10.7392,1607,1749.53
71671,-1.2785,2.1476,10.2759,1611,1749.53
71676,-0.838,1.3527,11.376,1622,1749.53
71681,-0.6333,0.1724,11.0947,1623,1749.53
71686,-1.6436,0.3352,10.9619,1631,1750.29
71691,-1.2893,1.5706,10.756,1640,1750.29
71696,-1.8711,2.2182,10.3932,1637,1750.29
71701,1.4078,2.9137,10.6015,1609,1750.29
71706,-1.4281,2.1356,10.4531,1623,1750.29
71711,-0.6524,1.1684,11.3246,1635,1750.29
71716,-0.8859,0.1317,11.151,1609,1750.29
71721,-1.6305,0.6225,10.9714,1635,1750.5
71726,-1.4365,1.5311,10.5129,1607,1750.5
71731,-1.2617,2.4648,10.568,1629,1750.5
71736,1.233,2.8814,10.4279,1628,1750.5
71741,-1.3838,2.1775,10.6865,1614,1750.5
71746,-0.419,0.8894,11.1965,1621,1750.5
71751,-1.1049,0.1185,11.2527,1612,1750.5
71756,-1.5814,0.8176,10.9654,1599,1750.96
71761,-1.6915,1.6999,10.4327,1623,1750.96
71766,-0.7219,2.484,10.5776,1611,1750.96
71771,0.7147,2.8695,10.3705,1614,1750.96
71776,-1.3096,2.0865,10.969,1611,1750.96
71781,-0.3687,0.6752,10.9846,1637,1750.96
71786,-1.4006,0.0862,11.3509,1621,1750.96
71791,-1.5359,0.9349,10.8912,1614,1751.62
71796,-1.9728,1.8974,10.4962,1618,1751.62
71801,-0.0706,2.4134,10.4543,1619,1751.62
71806,0.0766,2.8156,10.4794,1637,1751.62
71811,-1.3108,1.8088,11.0361,1633,1751.62
71816,-0.3328,0.4776,11.078,1623,1751.62
71821,-1.5586,0.0946,11.2001,1621,1751.62
71826,-1.4928,1.1229,10.8254,1619,1751.62
71831,-2.2793,2.0758,10.5489,1635,1751.62
71836,0.4537,2.4529,10.3178,1623,1751.62
71841,-0.4788,2.6504,10.5919,1611,1751.62
71846,-1.2605,1.4868,11.0253,1623,1751.62
71851,-0.3376,0.395,11.2049,1623,1751.62
71856,-1.6328,0.1101,10.9583,1637,1751.62
71861,-1.4449,1.3791,10.8062,1631,1751.36
71866,-2.2865,2.0542,10.471,1619,1751.36
71871,0.923,2.6121,10.3609,1623,1751.36
71876,-0.9565,2.4888,10.6398,1609,1751.36
71881,-1.1229,1.2055,11.0564,1625,1751.36
71886,-0.4824,0.3843,11.3677,1629,1751.36
71891,-1.6053,0.0467,10.7464,1613,1751.36
71896,-1.3671,1.6747,10.8852,1627,1750.96
71901,-2.083,2.0698,10.2999,1633,1750.96
71906,1.2558,2.8647,10.5022,1609,1750.96
71911,-1.2246,2.3343,10.5453,1611,1750.96
71916,-0.844,1.0918,11.1402,1621,1750.96
71921,-0.7099,0.3256,11.3545,1627,1750.96
71926,-1.6185,0.231,10.7248,1635,1750.55
71931,-1.3108,1.8028,10.8972,1639,1750.55
71936,-1.7107,2.1763,10.2149,1625,1750.55
71941,1.3755,3.0059,10.6494,1609,1750.55
71946,-1.3683,2.1775,10.3992,1625,1750.55
71951,-0.577,0.99,11.2468,1637,1750.55
71956,-0.9313,0.1867,11.2946,1611,1750.55
71961,-1.6185,0.5303,10.7943,1619,1750.24
71966,-1.3982,1.8615,10.7452,1619,1750.24
71971,-1.2031,2.3343,10.2831,1625,1750.24
71976,1.1983,3.1005,10.6913,1629,1750.24
71981,-1.3767,1.9872,10.5345,1613,1750.24
71986,-0.3879,0.9385,11.3437,1623,1750.24
71991,-1.1732,0.0227,11.1761,1607,1750.24
71996,-1.6101,0.8966,10.9834,1613,1750.04
72001,-1.7107,1.8459,10.3884,1624,1750.04
72006,-0.6237,2.4792,10.5261,1614,1750.04
72011,0.6321,2.9688,10.5728,1621,1750.04
72016,-1.3216,1.8172,10.7356,1612,1750.04
72021,-0.2801,0.7147,11.23,1639,1750.04
72026,-1.3276,-0.0096,10.9978,1612,1750.04
72031,-1.5083,1.1636,11.066,1619,1750.24
72036,-2.1356,1.8232,10.2975,1623,1750.24
72041,-0.0048,2.5402,10.6195,1621,1750.24
72046,-0.091,2.6839,10.422,1625,1750.24
72051,-1.3001,1.7753,11.0181,1633,1750.24
72056,-0.2861,0.4357,11.1462,1621,1750.24
72061,-1.5012,0.0407,10.9978,1637,1750.24
72066,-1.4174,1.1887,11.054,1635,1751.36
72071,-2.3499,1.8687,10.4543,1645,1751.36
72076,0.6129,2.6995,10.5836,1627,1751.36
72081,-0.8428,2.4481,10.1933,1621,1751.36
72086,-1.1708,1.7873,11.1103,1644,1751.36
72091,-0.407,0.3376,11.0073,1645,1751.36
72096,-1.5766,0.091,11.0241,1623,1751.36
72101,-1.4078,1.2869,10.8397,1630,1784.17
72106,-2.0387,2.0638,10.5141,1645,1784.17
72111,1.4329,2.8395,10.5345,1629,1784.17
72116,-1.3515,2.2446,10.4339,1634,1784.17
72121,-0.7099,1.2845,11.2264,1646,1784.17
72126,-0.7901,0.243,11.1737,1621,1784.17
72131,-1.6089,0.5578,10.9056,1630,1799.15
72136,-1.6747,1.4976,10.4782,1639,1799.15
72141,-0.8978,2.4708,10.7105,1625,1799.15
72146,0.844,2.9293,10.4196,1627,1799.15
72151,-1.3192,2.059,10.8278,1627,1799.15
72156,-0.3316,0.7937,11.0648,1648,1799.15
72161,-1.2929,0.1077,11.1761,1621,1799.15
72166,-1.5646,1.0283,10.9654,1620,1800.61
72171,-2.3343,1.7047,10.3094,1657,1800.61
72176,0.4752,2.4912,10.6219,1639,1800.61
72181,-0.6045,2.4828,10.4208,1635,1800.61
72186,-1.3348,1.8028,11.1558,1657,1800.61
72191,-0.2634,0.5088,10.9427,1639,1800.61
72196,-1.4784,0.2394,10.9619,1641,1800.61
72201,-1.5275,1.3659,10.7248,1659,1819.56
72206,-1.8352,2.1249,10.562,1639,1819.56
72211,1.4329,2.7952,10.5393,1641,1819.56
72216,-1.3898,2.229,10.5596,1629,1819.56
72221,-0.5626,1.2103,11.1534,1653,1819.56
72226,-0.9086,0.1317,11.2444,1637,1819.56
72231,-1.6041,0.7733,10.9822,1636,1845.64
72236,-2.2194,1.4772,10.2508,1647,1845.64
72241,0.1508,2.6193,10.6338,1643,1845.64
72246,-0.4274,2.642,10.4615,1626,1845.64
72251,-1.4234,1.8711,11.1223,1653,1845.64
72256,-0.2155,0.5148,11.0636,1627,1845.64
72261,-1.4653,0.0658,10.9068,1651,1849.11
72266,-1.4641,1.3946,10.8266,1657,1849.11
72271,-1.7693,1.9644,10.4076,1640,1849.11
72276,1.4928,2.9209,10.6446,1645,1849.11
72281,-1.4042,2.2362,10.4926,1629,1849.11
72286,-0.5195,1.3396,11.2779,1652,1849.11
72291,-0.996,0.1329,11.1618,1641,1849.11
72296,-1.5838,0.741,10.9547,1634,1850.42
72301,-2.2865,1.5024,10.3262,1651,1850.42
72306,0.2717,2.5007,10.5967,1631,1850.42
72311,-0.4944,2.6635,10.5417,1627,1850.42
72316,-1.4114,1.7945,11.0983,1643,1850.42
72321,-0.2526,0.5758,11.218,1635,1850.42
72326,-1.5622,0.0156,10.7667,1650,1849.51
72331,-1.4413,1.4796,10.9259,1656,1849.51
72336,-1.7274,1.9249,10.3262,1647,1849.51
72341,1.482,2.9916,10.6338,1647,1849.51
72346,-1.4581,2.2218,10.5596,1628,1849.51
72351,-0.4561,1.3312,11.2468,1656,1849.51
72356,-1.1061,0.1329,11.2899,1631,1849.51
72361,-1.5766,0.6764,10.8984,1637,1850.08
72366,-2.2996,1.6149,10.4363,1657,1850.08
72371,0.419,2.4157,10.4148,1635,1850.08
72376,-0.5806,2.7473,10.6207,1629,1850.08
72381,-1.3719,1.7418,10.8876,1641,1850.08
72386,-0.231,0.6871,11.2946,1635,1850.08
72391,-1.585,0.0239,10.7117,1656,1849.4
72396,-1.5012,1.4688,10.902,1637,1849.4
72401,-1.6209,2.0195,10.3358,1645,1849.4
72406,1.4461,2.9892,10.5991,1647,1849.4
72411,-1.4545,2.2505,10.6434,1628,1849.4
72416,-0.4298,1.2163,11.1151,1659,1849.4
72421,-1.1839,0.1963,11.3832,1625,1849.4
72426,-1.5646,0.6129,10.7296,1635,1849.68
72431,-2.3068,1.7394,10.5668,1647,1849.68
72436,0.583,2.32,10.325,1637,1849.68
72441,-0.7147,-0.0012,-0.0012,1629,1849.68
72446,-1.324,1.6783,11.0002,1639,1849.68
72451,-0.2813,0.6297,11.3114,1641,1849.68
72456,-1.555,0.1221,10.829,1657,1849.97
72461,-1.5694,1.3671,10.756,1636,1849.97
72466,-1.4916,2.1823,10.5441,1645,1849.97
72471,1.3563,2.8934,10.41,1651,1849.97
72476,-1.4054,2.3523,10.7895,1631,1849.97
72481,-0.4106,1.1229,10.9834,1659,1849.97
72486,-1.245,0.2478,11.4431,1631,1849.97
72491,-1.5933,0.6752,10.7751,1636,1850.31
72496,-2.326,1.6855,10.5333,1644,1850.31
72501,0.6847,2.3894,10.3549,1639,1850.31
72506,-0.7877,2.5977,10.5333,1627,1850.31
72511,-1.2234,1.7322,11.1199,1636,1850.31
72516,-0.3843,0.4908,11.1977,1645,1850.31
72521,-1.5586,0.2526,10.92,1659,1850.71
72526,-1.6556,1.2881,10.5656,1635,1850.71
72531,-1.3024,2.2972,10.6554,1651,1850.71
72536,1.2163,2.7833,10.3046,1667,1850.71
72541,-1.3982,2.2913,10.8505,1631,1850.71
72546,-0.4405,1.0798,11.06,1660,1850.71
72551,-1.2486,0.1724,11.3772,1631,1850.71
72556,-1.5886,0.8763,10.8912,1635,1849.97
72561,-2.3571,1.5395,10.3633,1638,1849.97
72566,0.8033,2.5379,10.5058,1639,1849.97
72571,-0.8787,2.4576,10.3837,1628,1849.97
72576,-1.1756,1.798,11.2863,1629,1849.97
72581,-0.4106,0.4274,11.06,1645,1849.97
72586,-1.6293,0.2729,10.9223,1655,1848.2
72591,-1.6137,1.3228,10.5489,1637,1848.2
72596,-1.1696,2.2553,10.562,1643,1848.2
72601,1.1037,2.8551,10.4663,1663,1848.2
72606,-1.4162,2.211,10.738,1623,1848.2
72611,-0.3843,1.148,11.1881,1659,1848.2
72616,-1.233,0.1341,11.1546,1631,1848.2
72621,-1.5538,0.9756,11.0193,1641,1847.63
72626,-2.4469,1.4557,10.2951,1635,1847.63
72631,0.8452,2.6264,10.6291,1643,1847.63
72636,-0.8966,2.4325,10.3525,1619,1847.63
72641,-1.2007,1.6951,11.2013,1639,1847.63
72646,-0.4693,0.4429,11.2348,1652,1847.63
72651,-1.6017,0.1532,10.8266,1657,1847.75
72656,-1.573,1.4904,10.7703,1639,1847.75
72661,-1.2151,2.1045,10.392,1643,1847.75
72666,1.063,2.958,10.6075,1623,1847.75
72671,-1.421,2.0518,10.5249,1635,1847.75
72676,-0.3567,1.2378,11.297,1656,1847.75
72681,-1.2701,0.0742,11.0504,1638,1847.75
72686,-1.5622,0.9984,11.0349,1641,1848.2
72691,-2.3894,1.5586,10.3513,1631,1848.2
72696,0.923,2.5762,10.5393,1647,1848.2
72701,-0.9349,2.5007,10.4291,1627,1848.2
72706,-1.1815,1.5682,11.1115,1640,1848.2
72711,-0.4717,0.516,11.376,1653,1848.2
72716,-1.5886,0.0778,10.6937,1655,1848.6
72721,-1.5227,1.5897,10.8673,1643,1848.6
72726,-1.2198,2.1069,10.3848,1641,1848.6
72731,1.0594,3.0825,10.641,1635,1848.6
72736,-1.47,2.0327,10.6135,1639,1848.6
72741,-0.3136,1.0774,11.1318,1657,1848.6
72746,-1.3743,0.1329,11.1797,1640,1848.6
72751,-1.5335,0.8882,10.8242,1644,1848.37
72756,-2.3463,1.719,10.5273,1634,1848.37
72761,0.99,2.4756,10.3298,1646,1848.37
72766,-1.0104,2.5857,10.6315,1629,1848.37
72771,-1.16,1.5538,10.9654,1639,1848.37
72776,-0.5183,0.4968,11.4299,1653,1848.37
72781,-1.5479,0.1844,10.7117,1655,1848.43
72786,-1.5658,1.5191,10.7703,1640,1848.43
72791,-1.0738,2.1787,10.4615,1641,1848.43
72796,0.9553,2.9892,10.4447,1639,1848.43
72801,-1.4629,2.2338,10.7667,1645,1848.43
72806,-0.3268,0.9505,11.0061,1645,1848.43
72811,-1.4162,0.2274,11.3557,1642,1848.43
72816,-1.5419,0.8248,10.7236,1645,1848.83
72821,-2.3511,1.7382,10.5967,1637,1848.83
72826,1.0618,2.4517,10.2747,1647,1848.83
72831,-1.081,2.5355,10.5656,1629,1848.83
72836,-1.1181,1.5874,11.0756,1641,1848.83
72841,-0.5004,0.4501,11.2958,1640,1848.83
72846,-1.5586,0.3196,10.8242,1631,1849.23
72851,-1.7262,1.3408,10.5369,1644,1849.23
72856,-0.9194,2.3511,10.6626,1631,1849.23
72861,0.8248,2.8527,10.325,1645,1849.23
72866,-1.4425,2.2458,10.9104,1644,1849.23
72871,-0.2957,0.8906,10.9511,1639,1849.23
72876,-1.3647,0.2179,11.3126,1647,1849.23
72881,-1.5538,0.9493,10.7967,1651,1848.49
72886,-2.3822,1.6508,10.4962,1635,1848.49
72891,1.1648,2.5989,10.4854,1647,1848.49
72896,-1.0822,2.4553,10.4363,1631,1848.49
72901,-1.0331,1.6747,11.297,1643,1848.49
72906,-0.559,0.3316,11.1306,1651,1848.49
72911,-1.5574,0.3855,10.9511,1635,1848.71
72916,-1.7238,1.3647,10.4986,1643,1848.71
72921,-0.8332,2.3834,10.6686,1629,1848.71
72926,0.7458,2.8742,10.4052,1644,1848.71
72931,-1.4246,2.1177,10.8026,1645,1848.71
72936,-0.3543,0.9146,11.1438,1635,1848.71
72941,-1.3827,0.1089,11.1067,1647,1848.71
72946,-1.5024,1.1169,11.0229,1651,1849.11
72951,-2.3643,1.5443,10.2975,1635,1849.11
72956,1.1552,2.715,10.6338,1643,1849.11
72961,-1.1133,2.3834,10.3166,1627,1849.11
72966,-0.9972,1.6053,11.3198,1641,1849.11
72971,-0.5854,0.3136,11.2156,1634,1849.11
72976,-1.6448,0.3364,10.8134,1640,1849.17
72981,-1.6999,1.5215,10.6506,1643,1849.17
72986,-0.814,2.2206,10.477,1630,1849.17
72991,0.6297,2.9904,10.6135,1652,1849.17
72996,-1.4533,1.9824,10.6554,1651,1849.17
73001,-0.2693,0.9864,11.2755,1639,1849.17
73006,-1.3587,0.0227,11.0014,1639,1849.17
73011,-1.4952,1.1911,11.0085,1647,1849.34
73016,-2.3379,1.5957,10.2867,1637,1849.34
73021,1.2773,2.7342,10.5668,1631,1849.34
73026,-1.1768,2.4756,10.5117,1629,1849.34
73031,-0.9768,1.4844,11.1019,1651,1849.34
73036,-0.6584,0.3867,11.3569,1627,1849.34
73041,-1.6436,0.2322,10.665,1643,1849.11
73046,-1.6939,1.6388,10.738,1640,1849.11
73051,-0.741,2.1895,10.3489,1635,1849.11
73056,0.6165,3.061,10.7057,1653,1849.11
73061,-1.4892,1.9704,10.6973,1653,1849.11
73066,-0.1987,0.8667,11.1701,1651,1849.11
73071,-1.4808,0.1353,11.1151,1655,1849.11
73076,-1.5119,1.1037,10.8541,1631,1849.23
73081,-2.3032,1.7873,10.5082,1635,1849.23
73086,1.3503,2.6252,10.3645,1626,1849.23
73091,-1.2318,2.5462,10.6781,1632,1849.23
73096,-0.899,1.3491,11.0253,1657,1849.23
73101,-0.6692,0.3867,11.4922,1627,1849.23
73106,-1.6197,0.2693,10.653,1641,1849.23
73111,-1.81,1.5658,10.635,1641,1849.23
73116,-0.5746,2.2984,10.4818,1630,1849.23
73121,0.4537,2.976,10.4818,1653,1849.23
73126,-1.4317,2.0782,10.8673,1655,1849.23
73131,-0.1867,0.747,10.9738,1640,1849.23
73136,-1.5371,0.2131,11.2444,1659,1849.23
73141,-1.5323,1.0175,10.7153,1631,1849.45
73146,-2.2087,1.8711,10.5979,1641,1849.45
73151,1.4377,2.5989,10.3046,1624,1849.45
73156,-1.2845,2.4301,10.5584,1639,1849.45
73161,-0.8523,1.4234,11.0696,1652,1849.45
73166,-0.7721,0.3352,11.3449,1627,1849.45
73171,-1.664,0.4657,10.8781,1635,1849.34
73176,-1.8902,1.3958,10.4531,1643,1849.34
73181,-0.4106,2.4062,10.6602,1637,1849.34
73186,0.316,2.8395,10.3441,1657,1849.34
73191,-1.4174,2.1548,11.0397,1657,1849.34
73196,-0.2837,0.6847,10.9906,1635,1849.34
73201,-1.4976,0.231,11.2144,1655,1849.34
73206,-1.5107,1.1097,10.7811,1633,1848.94
73211,-2.1452,1.81,10.4471,1645,1848.94
73216,1.4688,2.7414,10.5345,1625,1848.94
73221,-1.2629,2.3403,10.4411,1642,1848.94
73226,-0.7709,1.5909,11.3318,1660,1848.94
73231,-0.7578,0.2203,11.2013,1633,1848.94
73236,-1.634,0.5543,10.9654,1635,1849.0
73241,-1.9106,1.4114,10.3202,1642,1849.0
73246,-0.3352,2.399,10.6949,1635,1849.0
73251,0.176,2.8287,10.4315,1653,1849.0
73256,-1.4389,2.0315,10.9235,1647,1849.0
73261,-0.2813,0.7709,11.169,1641,1849.0
73266,-1.4736,0.0958,11.0014,1653,1849.0
73271,-1.5143,1.3192,11.054,1638,1848.54
73276,-2.138,1.7035,10.2723,1652,1848.54
73281,1.5071,2.8323,10.5943,1625,1848.54
73286,-1.3168,2.3104,10.3741,1637,1848.54
73291,-0.7566,1.5155,11.2504,1659,1848.54
73296,-0.8631,0.1808,11.2923,1634,1848.54
73301,-1.6328,0.5171,10.8242,1631,1848.49
73306,-1.9632,1.5969,10.5704,1640,1848.49
73311,-0.2909,2.3248,10.4615,1636,1848.49
73316,0.1724,2.9497,10.6303,1643,1848.49
73321,-1.4928,1.8555,10.7129,1637,1848.49
73326,-0.2598,0.7829,11.2875,1641,1848.49
73331,-1.4401,0.0048,10.9439,1646,1848.49
73336,-1.5155,1.3623,11.0109,1642,1849.06
73341,-2.0614,1.7633,10.3418,1651,1849.06
73346,1.4964,2.7892,10.4555,1615,1849.06
73351,-1.3036,2.4505,10.5225,1644,1849.06
73356,-0.7626,1.33,11.0301,1659,1849.06
73361,-0.8799,0.2957,11.4874,1631,1849.06
73366,-1.6041,0.3926,10.6734,1629,1848.26
73371,-1.9393,1.6544,10.6805,1637,1848.26
73376,-0.231,2.2721,10.337,1635,1848.26
73381,0.0611,2.9592,10.6386,1646,1848.26
73386,-1.5048,1.9453,10.8374,1637,1848.26
73391,-0.182,0.6728,11.139,1645,1848.26
73396,-1.585,0.0766,11.0349,1641,1848.26
73401,-1.5024,1.1887,10.7967,1643,1847.75
73406,-2.0363,1.9477,10.5548,1651,1847.75
73411,1.5682,2.6755,10.3286,1627,1847.75
73416,-1.3084,2.4995,10.7296,1646,1847.75
73421,-0.7338,1.2546,10.9642,1656,1847.75
73426,-0.9349,0.249,11.5341,1629,1847.75
73431,-1.5933,0.4585,10.7069,1634,1848.31
73436,-2.0195,1.585,10.5884,1635,1848.31
73441,-0.0922,2.3379,10.4902,1639,1848.31
73446,-0.0287,2.7904,10.495,1641,1848.31
73451,-1.4497,2.0877,11.0768,1640,1848.31
73456,-0.1987,0.5315,10.9978,1644,1848.31
73461,-1.5909,0.2286,11.1797,1625,1848.31
73466,-1.5299,1.1612,10.6674,1647,1848.6
73471,-1.9968,2.0111,10.6135,1655,1848.6
73476,1.5981,2.7473,10.3753,1625,1848.6
73481,-1.3551,2.3918,10.6039,1644,1848.6
73486,-0.6572,1.4246,11.1474,1653,1848.6
73491,-0.9206,0.1772,11.3126,1635,1848.6
73496,-1.6209,0.6381,10.9415,1628,1848.94
73501,-2.1296,1.4353,10.3262,1637,1848.94
73506,0.0132,2.4983,10.6315,1635,1848.94
73511,-0.1676,2.7066,10.331,1635,1848.94
73516,-1.3862,2.0794,11.1067,1638,1848.94
73521,-0.2861,0.5602,11.0085,1655,1848.94
73526,-1.5622,0.1832,11.1019,1627,1848.94
73531,-1.5095,1.2689,10.8553,1655,1849.28
73536,-1.9561,1.8926,10.4303,1655,1849.28
73541,1.6029,2.8671,10.6015,1625,1849.28
73546,-1.3515,2.247,10.416,1645,1849.28
73551,-0.6273,1.4593,11.309,1648,1849.28
73556,-0.9685,0.073,11.1606,1642,1849.28
73561,-1.6412,0.6632,10.9894,1631,1849.4
73566,-2.15,1.4808,10.2927,1637,1849.4
73571,0.0886,2.4505,10.6243,1646,1849.4
73576,-0.2801,2.7904,10.4842,1635,1849.4
73581,-1.4174,1.8663,10.9642,1645,1849.4
73586,-0.3124,0.6764,11.2168,1655,1849.4
73591,-1.5143,0.0527,10.8146,1631,1849.4
73596,-1.5311,1.4018,11.0445,1651,1849.0
73601,-1.8711,1.8783,10.2795,1653,1849.0
73606,1.4988,2.9257,10.6003,1627,1849.0
73611,-1.3683,2.2458,10.4399,1640,1849.0
73616,-0.6033,1.3611,11.1881,1642,1849.0
73621,-1.0558,0.1688,11.3473,1643,1849.0
73626,-1.6053,0.6153,10.8302,1631,1848.83
73631,-2.1225,1.6257,10.507,1639,1848.83
73636,0.1772,2.3008,10.331,1643,1848.83
73641,-0.2789,2.8683,10.7009,1629,1848.83
73646,-1.4269,1.7119,10.8386,1639,1848.83
73651,-0.3029,0.7278,11.2683,1651,1848.83
73656,-1.5191,0.0287,10.8601,1631,1848.83
73661,-1.5419,1.3527,10.9032,1655,1848.43
73666,-1.7382,1.9872,10.3944,1659,1848.43
73671,1.5251,2.8311,10.4363,1629,1848.43
73676,-1.3108,2.4241,10.7141,1641,1848.43
73681,-0.5926,1.1959,11.0181,1643,1848.43
73686,-1.0714,0.2203,11.5197,1639,1848.43
73691,-1.6496,0.5279,10.6817,1631,1848.49
73696,-2.1165,1.719,10.6698,1639,1848.49
73701,0.1736,2.3571,10.3334,1644,1848.49
73706,-0.3256,2.8012,10.574,1625,1848.49
73711,-1.4234,1.8292,11.0349,1647,1848.49
73716,-0.2251,0.571,11.1175,1653,1848.49
73721,-1.6113,0.1197,10.987,1636,1848.49
73726,-1.5766,1.2737,10.671,1655,1848.77
73731,-1.7071,2.1129,10.6877,1657,1848.77
73736,1.4904,2.7485,10.3298,1627,1848.77
73741,-1.33,2.4385,10.7583,1627,1848.77
73746,-0.5902,1.1851,11.0409,1645,1848.77
73751,-1.0654,0.2466,11.4431,1642,1848.77
73756,-1.6065,0.7063,10.7787,1633,1849.23
73761,-2.2565,1.5909,10.4746,1646,1849.23
73766,0.334,2.4756,10.5321,1642,1849.23
73771,-0.4896,2.5893,10.4028,1621,1849.23
73776,-1.3862,1.9752,11.2061,1654,1849.23
73781,-0.2358,0.401,10.981,1655,1849.23
73786,-1.6352,0.1185,11.0552,1641,1849.23
73791,-1.5179,1.2881,10.6829,1655,1848.94
73796,-1.6747,2.1488,10.5955,1638,1848.94
73801,1.5131,2.8419,10.4208,1637,1848.94
73806,-1.3934,2.2924,10.6183,1628,1848.94
73811,-0.5195,1.3216,11.2192,1653,1848.94
73816,-1.075,0.1377,11.2599,1643,1848.94
73821,-1.6197,0.7853,11.0157,1631,1849.06
73826,-2.3212,1.4425,10.2675,1646,1849.06
73831,0.4609,2.5235,10.6099,1635,1849.06
73836,-0.6057,2.5139,10.3406,1624,1849.06
73841,-1.2893,1.883,11.163,1653,1849.06
73846,-0.3352,0.4956,11.0995,1641,1849.06
73851,-1.6221,0.0886,10.896,1640,1849.06
73856,-1.4868,1.4293,10.8553,1658,1848.71
73861,-1.5909,2.0399,10.3753,1639,1848.71
73866,1.4617,2.9951,10.6374,1643,1848.71
73871,-1.4569,2.1057,10.4411,1627,1848.71
73876,-0.4537,1.3671,11.3377,1653,1848.71
73881,-1.1648,0.0575,11.1701,1642,1848.71
73886,-1.6424,0.741,10.9056,1635,1848.94
73891,-2.3152,1.5969,10.3573,1655,1848.94
73896,0.5614,2.4612,10.5105,1641,1848.94
73901,-0.6871,2.6683,10.5297,1631,1848.94
73906,-1.2977,1.6879,10.963,1654,1848.94
73911,-0.3759,0.6225,11.2911,1635,1848.94
73916,-1.5143,0.0395,10.6841,1647,1849.8
73921,-1.5383,1.4641,10.9032,1657,1849.8
73926,-1.4916,2.0363,10.3453,1643,1849.8
73931,1.3132,3.0143,10.6015,1647,1849.8
73936,-1.4293,2.1727,10.5896,1629,1849.8
73941,-0.3579,1.2091,11.1378,1656,1849.8
73946,-1.2677,0.1496,11.3294,1637,1849.8
73951,-1.6089,0.7003,10.7907,1637,1850.31
73956,-2.2817,1.6951,10.6171,1653,1850.31
73961,0.6297,2.3798,10.2173,1639,1850.31
73966,-0.7841,2.7438,10.647,1637,1850.31
73971,-1.2689,1.64,10.9666,1647,1850.31
73976,-0.3771,0.6381,11.3018,1643,1850.31
73981,-1.5802,0.091,10.7296,1653,1850.88
73986,-1.658,1.3791,10.7296,1639,1850.88
73991,-1.2917,2.1919,10.4842,1644,1850.88
73996,1.1935,2.8683,10.3717,1655,1850.88
74001,-1.3611,2.3236,10.8409,1631,1850.88
74006,-0.4609,1.0116,10.9942,1656,1850.88
74011,-1.2881,0.2035,11.4144,1635,1850.88
74016,-1.5802,0.8116,10.7224,1639,1851.34
74021,-2.2901,1.7011,10.5848,1647,1851.34
74026,0.7721,2.4708,10.3753,1631,1851.34
74031,-0.832,2.5845,10.5141,1635,1851.34
74036,-1.2486,1.6999,11.1594,1637,1851.34
74041,-0.3783,0.419,11.1498,1641,1851.34
74046,-1.5993,0.2179,11.0002,1656,1851.17
74051,-1.6544,1.3001,10.5572,1639,1851.17
74056,-1.1133,2.3284,10.6793,1645,1851.17
74061,1.0906,2.8228,10.3573,1656,1851.17
74066,-1.391,2.296,10.8673,1630,1851.17
74071,-0.4154,0.9589,10.9882,1657,1851.17
74076,-1.2785,0.1676,11.2575,1629,1851.17
74081,-1.5311,1.0139,10.9152,1639,1850.88
74086,-2.3595,1.5993,10.3501,1623,1850.88
74091,0.9457,2.6552,10.6326,1638,1850.88
74096,-0.9337,2.4217,10.2771,1626,1850.88
74101,-1.148,1.737,11.3425,1631,1850.88
74106,-0.4776,0.3328,11.1151,1643,1850.88
74111,-1.6496,0.2502,10.9008,1655,1851.22
74116,-1.6137,1.3838,10.6315,1639,1851.22
74121,-1.0235,2.2553,10.5237,1647,1851.22
74126,0.972,3.0035,10.4974,1661,1851.22
74131,-1.4664,2.1105,10.6793,1630,1851.22
74136,-0.3376,1.081,11.236,1660,1851.22
74141,-1.3479,0.091,11.0624,1635,1851.22
74146,-1.5634,1.0726,11.048,1641,1851.51
74151,-2.4169,1.5526,10.2532,1630,1851.51
74156,1.0989,2.7126,10.5967,1642,1851.51
74161,-1.087,2.4241,10.3813,1615,1851.51
74166,-1.0283,1.6041,11.2061,1638,1851.51
74171,-0.5782,0.413,11.2958,1652,1851.51
74176,-1.6149,0.1688,10.6374,1659,1851.39
74181,-1.6388,1.5694,10.7488,1641,1851.39
74186,-0.9002,2.1703,10.3561,1643,1851.39
74191,0.7949,3.1077,10.6793,1625,1851.39
74196,-1.4976,1.9692,10.5967,1641,1851.39
74201,-0.2131,1.057,11.1654,1655,1851.39
74206,-1.4269,0.0778,11.1091,1643,1851.39
74211,-1.5921,0.9708,10.8601,1646,1851.51
74216,-2.302,1.6999,10.4232,1637,1851.51
74221,1.245,2.5905,10.4064,1645,1851.51
74226,-1.1839,2.5307,10.6159,1629,1851.51
74231,-0.9697,1.4246,10.981,1641,1851.51
74236,-0.6428,0.4944,11.5029,1642,1851.51
74241,-1.5766,0.2514,10.6662,1640,1851.57
74246,-1.7442,1.5371,10.7129,1641,1851.57
74251,-0.6572,2.1979,10.3932,1635,1851.57
74256,0.5758,3.0454,10.5058,1645,1851.57
74261,-1.4281,2.0961,10.8445,1644,1851.57
74266,-0.2346,0.8583,11.0301,1640,1851.57
74271,-1.5,0.1903,11.2731,1645,1851.57
74276,-1.6496,0.9397,10.7344,1652,1851.91
74281,-2.2266,1.9034,10.6398,1639,1851.91
74286,1.3551,2.5151,10.2999,1647,1851.91
74291,-1.1947,2.5019,10.6255,1627,1851.91
74296,-0.9373,1.4234,11.0875,1643,1851.91
74301,-0.656,0.4034,11.4539,1635,1851.91
74306,-1.5419,0.1269,10.7392,1642,1853.28
74311,-1.8998,1.4389,10.4196,1645,1853.28
74316,-1.2725,2.2266,10.495,1629,1853.28
74321,1.1863,2.891,10.4112,1653,1853.28
74326,-1.385,2.2829,10.8014,1653,1853.28
74331,-0.3903,1.0151,10.9343,1639,1853.28
74336,-1.3012,0.2107,11.4407,1654,1853.28
74341,-1.5981,0.7805,10.7332,1639,1852.71
74346,-2.3116,1.7083,10.6051,1640,1852.71
74351,0.8164,2.4337,10.337,1627,1852.71
74356,-0.8859,2.6145,10.5632,1631,1852.71
74361,-1.2474,1.6664,11.1546,1656,1852.71
74366,-0.4202,0.4824,11.2025,1631,1852.71
74371,-1.6293,0.243,10.9774,1641,1852.42
74376,-1.6723,1.2749,10.5058,1643,1852.42
74381,-1.0774,2.3487,10.7512,1631,1852.42
74386,0.9756,2.818,10.343,1657,1852.42
74391,-1.3994,2.2924,10.8804,1659,1852.42
74396,-0.3699,0.9325,11.0157,1637,1852.42
74401,-1.2965,0.1604,11.2767,1656,1852.42
74406,-1.561,1.0367,10.8757,1631,1852.02
74411,-2.3631,1.5538,10.3358,1645,1852.02
74416,0.9924,2.6588,10.5381,1625,1852.02
74421,-0.9697,2.411,10.2891,1637,1852.02
74426,-1.1205,1.7298,11.3617,1657,1852.02
74431,-0.4453,0.3508,11.1773,1635,1852.02
74436,-1.6723,0.231,10.9331,1630,1851.05
74441,-1.6795,1.3886,10.556,1643,1851.05
74446,-0.9445,2.308,10.5704,1637,1851.05
74451,0.9098,2.9724,10.507,1647,1851.05
74456,-1.4593,2.0746,10.7404,1637,1851.05
74461,-0.3089,1.0523,11.1654,1643,1851.05
74466,-1.3527,0.0718,11.0433,1647,1851.05
74471,-1.5287,1.1241,11.0433,1640,1850.99
74476,-2.3954,1.5443,10.2975,1637,1850.99
74481,1.1576,2.7797,10.6015,1629,1850.99
74486,-1.0989,2.3954,10.3585,1645,1850.99
74491,-1.0092,1.6532,11.1749,1656,1850.99
74496,-0.5794,0.3615,11.3342,1635,1850.99
74501,-1.6747,0.1784,10.6925,1635,1850.99
74506,-1.6783,1.573,10.7524,1635,1850.99
74511,-0.826,2.2087,10.3777,1629,1850.99
74516,0.68,3.1376,10.6853,1642,1850.99
74521,-1.4569,1.9644,10.6219,1636,1850.99
74526,-0.2263,0.99,11.23,1645,1850.99
74531,-1.415,0.0958,11.1115,1631,1850.99
74536,-1.5718,1.0295,10.975,1647,1851.28
74541,-2.3367,1.7214,10.4256,1659,1851.28
74546,1.3408,2.6384,10.392,1627,1851.28
74551,-1.1983,2.4804,10.5943,1646,1851.28
74556,-0.911,1.4629,11.0301,1656,1851.28
74561,-0.68,0.425,11.5077,1637,1851.28
74566,-1.634,0.243,10.6518,1631,1851.45
74571,-1.7633,1.579,10.7308,1637,1851.45
74576,-0.65,2.2206,10.4603,1639,1851.45
74581,0.4872,2.9784,10.5357,1631,1851.45
74586,-1.4114,2.0686,10.8182,1644,1851.45
74591,-0.2131,0.8212,11.0456,1644,1851.45
74596,-1.5143,0.2059,11.2635,1629,1851.45
74601,-1.6161,0.9768,10.7236,1652,1851.51
74606,-2.1979,1.895,10.6099,1658,1851.51
74611,1.403,2.5211,10.2915,1630,1851.51
74616,-1.2163,2.4983,10.6315,1644,1851.51
74621,-0.893,1.3827,11.0361,1637,1851.51
74626,-0.7326,0.3531,11.3904,1637,1851.51
74631,-1.6125,0.4441,10.8362,1633,1851.34
74636,-1.913,1.4497,10.5117,1639,1851.34
74641,-0.4441,2.4696,10.6171,1645,1851.34
74646,0.346,2.879,10.3501,1630,1851.34
74651,-1.391,2.15,11.0349,1651,1851.34
74656,-0.2825,0.6512,10.9475,1651,1851.34
74661,-1.4904,0.1987,11.2001,1631,1851.34
74666,-1.5826,1.1181,10.8134,1655,1851.28
74671,-2.1476,1.8483,10.5058,1657,1851.28
74676,1.4485,2.6408,10.416,1637,1851.28
74681,-1.2558,2.3475,10.4208,1640,1851.28
74686,-0.8547,1.482,11.2492,1647,1851.28
74691,-0.7506,0.1963,11.2408,1643,1851.28
74696,-1.6412,0.5459,11.0145,1631,1851.51
74701,-1.9728,1.3767,10.3106,1647,1851.51
74706,-0.3148,2.4708,10.7081,1635,1851.51
74711,0.1508,2.8455,10.4267,1629,1851.51
74716,-1.4425,2.0039,10.9475,1653,1851.51
74721,-0.3112,0.6895,11.0456,1647,1851.51
74726,-1.4916,0.0766,10.9475,1642,1851.51
74731,-1.5311,1.3228,10.9415,1657,1852.02
74736,-2.0961,1.7131,10.2843,1640,1852.02
74741,1.5036,2.8156,10.6566,1643,1852.02
74746,-1.2881,2.2984,10.3932,1629,1852.02
74751,-0.7075,1.5574,11.3138,1653,1852.02
74756,-0.8104,0.2143,11.2911,1643,1852.02
74761,-1.6759,0.4824,10.9068,1635,1852.42
74766,-1.9932,1.5586,10.4387,1647,1852.42
74771,-0.1472,2.332,10.4279,1639,1852.42
74776,-0.0706,2.9149,10.665,1635,1852.42
74781,-1.4796,1.8663,10.811,1651,1852.42
74786,-0.2382,0.7961,11.2839,1635,1852.42
74791,-1.5203,-0.0311,10.8517,1651,1852.6
74796,-1.5071,1.4006,11.0241,1657,1852.6
74801,-1.9884,1.7789,10.2855,1645,1852.6
74806,1.5479,2.8814,10.5812,1647,1852.6
74811,-1.3575,2.3942,10.5465,1627,1852.6
74816,-0.6033,1.3024,11.1474,1659,1852.6
74821,-0.9505,0.2466,11.4682,1635,1852.6
74826,-1.6616,0.4381,10.7272,1634,1852.48
74831,-2.1117,1.6975,10.647,1652,1852.48
74836,0.079,2.2565,10.2939,1644,1852.48
74841,-0.2526,2.8946,10.7045,1630,1852.48
74846,-1.4329,1.8208,10.9223,1647,1852.48
74851,-0.1508,0.6488,11.2001,1642,1852.48
74856,-1.5838,0.1077,10.9391,1659,1852.19
74861,-1.5419,1.2797,10.7823,1637,1852.19
74866,-1.7861,2.0602,10.5297,1646,1852.19
74871,1.5455,2.7246,10.3034,1655,1852.19
74876,-1.3623,2.4517,10.7536,1631,1852.19
74881,-0.5543,1.2139,10.9666,1659,1852.19
74886,-1.0918,0.2777,11.4958,1629,1852.19
74891,-1.6113,0.5818,10.7691,1635,1852.42
74896,-2.2242,1.6604,10.5093,1641,1852.42
74901,0.3232,2.3487,10.4172,1635,1852.42
74906,-0.4693,2.66,10.4615,1627,1852.42
74911,-1.318,1.962,11.1187,1640,1852.42
74916,-0.1999,0.4752,10.9966,1650,1852.42
74921,-1.6197,0.1987,11.1163,1656,1852.19
74926,-1.567,1.2282,10.6099,1644,1852.19
74931,-1.6269,2.1991,10.6757,1643,1852.19
74936,1.476,2.7545,10.3609,1660,1852.19
74941,-1.3707,2.2649,10.6817,1631,1852.19
74946,-0.5327,1.2414,11.1055,1656,1852.19
74951,-1.1037,0.1305,11.2611,1623,1852.19
74956,-1.6412,0.8308,10.9894,1639,1852.02
74961,-2.3272,1.4808,10.2723,1644,1852.02
74966,0.504,2.5642,10.6494,1641,1852.02
74971,-0.6572,2.545,10.313,1627,1852.02
74976,-1.2653,1.889,11.2408,1641,1852.02
74981,-0.3615,0.4525,11.1067,1646,1852.02
74986,-1.5622,0.1472,10.914,1661,1852.6
74991,-1.5586,1.3958,10.738,1641,1852.6
74996,-1.4641,2.1452,10.4555,1642,1852.6
75001,1.3563,2.9509,10.5237,1635,1852.6
75006,-1.3946,2.1153,10.5046,1643,1852.6
75011,-0.4752,1.3551,11.2396,1643,1852.6
75016,-1.172,0.0527,11.157,1643,1852.6
75021,-1.6065,0.8607,11.048,1645,1852.48
75026,-2.3535,1.5395,10.2867,1631,1852.48
75031,0.656,2.5594,10.5477,1643,1852.48
75036,-0.7781,2.6456,10.5022,1627,1852.48
75041,-1.2534,1.6544,11.0385,1639,1852.48
75046,-0.3998,0.5112,11.3162,1627,1852.48
75051,-1.5335,0.0108,10.6841,1638,1852.37
75056,-1.579,1.5479,10.8936,1646,1852.37
75061,-1.2857,2.0746,10.3214,1628,1852.37
75066,1.1815,3.0658,10.6769,1645,1852.37
75071,-1.4246,2.1392,10.5884,1645,1852.37
75076,-0.3615,1.1756,11.2192,1640,1852.37
75081,-1.2929,0.1377,11.2899,1646,1852.37
75086,-1.5886,0.8164,10.8062,1647,1852.25
75091,-2.3044,1.6855,10.4603,1637,1852.25
75096,0.8236,2.4433,10.3322,1643,1852.25
75101,-0.82,2.6815,10.6566,1627,1852.25
75106,-1.2941,1.567,10.9439,1646,1852.25
75111,-0.3962,0.5758,11.4299,1629,1852.25
75116,-1.5909,0.0599,10.6877,1643,1852.19
75121,-1.6209,1.4473,10.7859,1645,1852.19
75126,-1.1109,2.2158,10.495,1630,1852.19
75131,1.0523,2.9353,10.4291,1654,1852.19
75136,-1.4162,2.2661,10.8134,1653,1852.19
75141,-0.3196,0.9708,10.9571,1643,1852.19
75146,-1.3731,0.2047,11.4144,1655,1852.19
75151,-1.5574,0.8045,10.7117,1632,1851.91
75156,-2.3427,1.7107,10.5919,1635,1851.91
75161,0.9864,2.5067,10.307,1628,1851.91
75166,-0.9972,2.5319,10.5213,1635,1851.91
75171,-1.142,1.664,11.1235,1655,1851.91
75176,-0.4262,0.4357,11.23,1631,1851.91
75181,-1.652,0.2586,10.8864,1641,1851.74
75186,-1.6819,1.3288,10.4579,1641,1851.74
75191,-0.9421,2.3236,10.6698,1635,1851.74
75196,0.8475,2.8395,10.2795,1655,1851.74
75201,-1.4162,2.2098,10.9331,1657,1851.74
75206,-0.3089,0.8918,10.981,1641,1851.74
75211,-1.3946,0.2394,11.3114,1653,1851.74
75216,-1.5299,1.0044,10.8948,1631,1851.28
75221,-2.387,1.6436,10.4256,1644,1851.28
75226,1.1612,2.6659,10.5261,1627,1851.28
75231,-1.1432,2.3475,10.3154,1639,1851.28
75236,-0.978,1.7442,11.3018,1659,1851.28
75241,-0.5423,0.3017,11.1235,1635,1851.28
75246,-1.6592,0.3208,10.975,1636,1850.99
75251,-1.6735,1.3779,10.495,1643,1850.99
75256,-0.7877,2.3308,10.6626,1634,1850.99
75261,0.7075,2.9521,10.471,1645,1850.99
75266,-1.4473,2.0566,10.7009,1641,1850.99
75271,-0.2969,1.0104,11.1893,1642,1850.99
75276,-1.3791,0.079,11.0995,1651,1850.99
75281,-1.5754,1.1097,11.0289,1641,1850.77
75286,-2.3355,1.6257,10.2436,1647,1850.77
75291,1.2785,2.7641,10.5572,1627,1850.77
75296,-1.2186,2.3272,10.3657,1644,1850.77
75301,-0.8775,1.6017,11.2097,1657,1850.77
75306,-0.6823,0.2849,11.2887,1635,1850.77
75311,-1.6077,0.261,10.7583,1635,1850.88
75316,-1.7705,1.5431,10.6494,1635,1850.88
75321,-0.7027,2.2482,10.4088,1638,1850.88
75326,0.5219,3.1041,10.6829,1643,1850.88
75331,-1.482,1.9142,10.7057,1637,1850.88
75336,-0.2634,0.9864,11.2444,1644,1850.88
75341,-1.4018,0.0646,11.0181,1631,1850.88
75346,-1.6197,1.0846,10.9487,1647,1851.74
75351,-2.2003,1.737,10.4028,1653,1851.74
75356,1.3707,2.6671,10.489,1627,1851.74
75361,-1.2019,2.4912,10.5812,1647,1851.74
75366,-0.9146,1.3803,10.9583,1655,1851.74
75371,-0.7733,0.4058,11.5017,1627,1851.74
75376,-1.5826,0.2957,10.6362,1631,1851.74
75381,-1.8507,1.5634,10.6745,1637,1851.74
75386,-0.4776,2.2517,10.4052,1642,1851.74
75391,0.328,3.0789,10.6482,1631,1851.74
75396,-1.4808,2.1009,10.8733,1643,1851.74
75401,-0.1951,0.7793,11.0385,1651,1851.74
75406,-1.4796,0.1724,11.1701,1629,1851.74
75411,-1.6029,1.0307,10.7033,1653,1851.51
75416,-2.1009,1.8771,10.5512,1661,1851.51
75421,1.403,2.569,10.2891,1629,1851.51
75426,-1.1995,2.5414,10.7081,1641,1851.51
75431,-0.8643,1.3216,10.999,1645,1851.51
75436,-0.7781,0.3531,11.497,1640,1851.51
75441,-1.6005,0.4262,10.7931,1639,1851.62
75446,-2.0063,1.4712,10.4698,1643,1851.62
75451,-0.2705,2.4014,10.5429,1643,1851.62
75456,0.1281,2.7916,10.3777,1629,1851.62
75461,-1.4581,2.1536,11.0768,1651,1851.62
75466,-0.2191,0.6105,10.9523,1647,1851.62
75471,-1.5263,0.1664,11.1869,1639,1851.62
75476,-1.5335,1.1684,10.7715,1656,1852.94
75481,-2.053,1.834,10.5213,1653,1852.94
75486,1.5335,2.6911,10.4375,1635,1852.94
75491,-1.2869,2.3487,10.4914,1638,1852.94
75496,-0.7697,1.494,11.2587,1643,1852.94
75501,-0.8152,0.2191,11.2767,1644,1852.94
75506,-1.6448,0.6249,10.9906,1639,1852.48
75511,-2.1045,1.4269,10.3166,1645,1852.48
75516,-0.0982,2.466,10.6686,1638,1852.48
75521,-0.0611,2.7031,10.3944,1639,1852.48
75526,-1.4186,1.9968,11.0516,1655,1852.48
75531,-0.2227,0.6165,11.0708,1645,1852.48
75536,-1.5251,0.1041,11.0157,1645,1852.48
75541,-1.4593,1.3707,10.9319,1659,1851.97
75546,-1.9896,1.8064,10.3022,1639,1851.97
75551,1.5431,2.9353,10.6279,1645,1851.97
75556,-1.3827,2.1871,10.3489,1629,1851.97
75561,-0.6404,1.494,11.2815,1655,1851.97
75566,-0.9565,0.1006,11.2587,1638,1851.97
75571,-1.6747,0.6081,10.9032,1640,1852.37
75576,-2.0853,1.5826,10.4507,1653,1852.37
75581,0.1101,2.3631,10.4842,1639,1852.37
75586,-0.2921,2.8335,10.6207,1631,1852.37
75591,-1.3982,1.7992,10.8697,1647,1852.37
75596,-0.2502,0.6835,11.2659,1631,1852.37
75601,-1.5203,0.0036,10.7811,1655,1853.0
75606,-1.4736,1.3779,10.987,1651,1853.0
75611,-1.7849,1.9022,10.3274,1644,1853.0
75616,1.5287,2.9269,10.5836,1653,1853.0
75621,-1.3862,2.2577,10.5572,1631,1853.0
75626,-0.5375,1.3455,11.0899,1656,1853.0
75631,-1.0666,0.1951,11.4443,1631,1853.0
75636,-1.64,0.5543,10.6937,1637,1852.88
75641,-2.138,1.6807,10.6075,1647,1852.88
75646,0.2765,2.2889,10.3406,1636,1852.88
75651,-0.4705,2.8299,10.6973,1631,1852.88
75656,-1.4353,1.7382,10.9128,1639,1852.88
75661,-0.255,0.6536,11.1881,1641,1852.88
75666,-1.5538,0.073,10.9044,1655,1852.42
75671,-1.634,1.2689,10.7512,1639,1852.42
75676,-1.567,2.1787,10.5165,1647,1852.42
75681,1.4018,2.7665,10.3501,1658,1852.42
75686,-1.403,2.4253,10.8374,1635,1852.42
75691,-0.504,1.1612,10.9463,1647,1852.42
75696,-1.166,0.243,11.4826,1635,1852.42
75701,-1.6305,0.6357,10.7296,1640,1852.71
75706,-2.2362,1.6269,10.5477,1631,1852.71
75711,0.4908,2.4241,10.4148,1639,1852.71
75716,-0.6153,2.6863,10.4603,1628,1852.71
75721,-1.3491,1.8675,11.1833,1640,1852.71
75726,-0.2993,0.4884,11.0828,1645,1852.71
75731,-1.6137,0.1437,11.0277,1659,1852.02
75736,-1.6328,1.2486,10.5896,1637,1852.02
75741,-1.421,2.2661,10.6422,1644,1852.02
75746,1.3012,2.7581,10.3346,1637,1852.02
75751,-1.3659,2.2685,10.7607,1631,1852.02
75756,-0.4705,1.1899,11.0624,1657,1852.02
75761,-1.1492,0.1472,11.2719,1639,1852.02
75766,-1.5694,0.9038,10.975,1642,1851.97
75771,-2.3882,1.4808,10.3082,1636,1851.97
75776,0.6823,2.5917,10.5919,1645,1851.97
75781,-0.7554,2.4672,10.2675,1627,1851.97
75786,-1.2198,1.8639,11.2563,1637,1851.97
75791,-0.3723,0.395,11.0911,1654,1851.97
75796,-1.6269,0.1221,10.8876,1656,1851.62
75801,-1.5646,1.3791,10.726,1646,1851.62
75806,-1.2977,2.1763,10.5177,1639,1851.62
75811,1.1684,2.9688,10.5668,1639,1851.62
75816,-1.4078,2.1177,10.556,1645,1851.62
75821,-0.346,1.2342,11.2264,1653,1851.62
75826,-1.245,0.0503,11.1271,1645,1851.62
75831,-1.5826,0.9589,11.0528,1652,1851.28
75836,-2.3966,1.5622,10.3214,1629,1851.28
75841,0.8284,2.6444,10.5824,1645,1851.28
75846,-0.893,2.5379,10.4339,1627,1851.28
75851,-1.2234,1.67,11.0995,1637,1851.28
75856,-0.4489,0.5267,11.3186,1637,1851.28
75861,-1.6017,0.0622,10.6757,1637,1851.28
75866,-1.5538,1.5646,10.8948,1637,1851.28
75871,-1.2139,2.059,10.3274,1629,1851.28
75876,1.1313,3.0837,10.6255,1645,1851.28
75881,-1.4329,2.1045,10.5704,1647,1851.28
75886,-0.2825,1.1217,11.2108,1639,1851.28
75891,-1.3396,0.0946,11.1785,1651,1851.28
75896,-1.6101,0.8631,10.8158,1645,1851.57
75901,-2.3272,1.7322,10.5046,1639,1851.57
75906,0.9876,2.484,10.319,1640,1851.57
75911,-0.9792,2.6025,10.6458,1630,1851.57
75916,-1.1265,1.5227,11.0061,1647,1851.57
75921,-0.4741,0.5004,11.4108,1631,1851.57
75926,-1.585,0.0898,10.726,1641,1852.19
75931,-1.6544,1.4772,10.7356,1644,1852.19
75936,-0.9864,2.2517,10.4734,1629,1852.19
75941,0.8894,3.0478,10.5165,1655,1852.19
75946,-1.3946,2.2422,10.817,1655,1852.19
75951,-0.2801,0.9086,10.9547,1641,1852.19
75956,-1.4006,0.176,11.3318,1655,1852.19
75961,-1.585,0.8308,10.7141,1636,1852.31
75966,-2.3355,1.7957,10.635,1639,1852.31
75971,1.1588,2.5498,10.2699,1627,1852.31
75976,-1.0894,2.5259,10.5477,1639,1852.31
75981,-1.0104,1.5455,11.133,1657,1852.31
75986,-0.5578,0.3603,11.2468,1629,1852.31
75991,-1.6005,0.334,10.8828,1639,1851.85
75996,-1.7741,1.2857,10.4698,1643,1851.85
76001,-0.7793,2.3918,10.7164,1635,1851.85
76006,0.6369,2.8407,10.3322,1657,1851.85
76011,-1.4162,2.1907,10.9858,1660,1851.85
76016,-0.3089,0.8619,11.0073,1639,1851.85
76021,-1.4305,0.1903,11.2372,1656,1851.85
76026,-1.5586,1.0271,10.8457,1637,1851.79
76031,-2.3068,1.6927,10.4315,1651,1851.79
76036,1.2366,2.6624,10.5477,1627,1851.79
76041,-1.227,2.3367,10.331,1642,1851.79
76046,-0.9313,1.646,11.3437,1661,1851.79
76051,-0.6476,0.2622,11.1342,1634,1851.79
76056,-1.6269,0.3903,10.9894,1634,1851.68
76061,-1.8244,1.3827,10.3837,1642,1851.68
76066,-0.595,2.375,10.6614,1636,1851.68
76071,0.4537,2.903,10.4567,1645,1851.68
76076,-1.4545,2.0099,10.8194,1635,1851.68
76081,-0.2933,0.9218,11.1797,1645,1851.68
76086,-1.4293,0.0395,11.0181,1653,1851.68
76091,-1.5155,1.2234,11.0564,1644,1851.57
76096,-2.229,1.6197,10.2819,1651,1851.57
76101,1.3635,2.8108,10.6638,1625,1851.57
76106,-1.2019,2.3451,10.4172,1643,1851.57
76111,-0.8176,1.5419,11.242,1659,1851.57
76116,-0.7171,0.2981,11.3353,1636,1851.57
76121,-1.6005,0.3508,10.7895,1635,1851.45
76126,-1.8507,1.5155,10.5979,1634,1851.45
76131,-0.5004,2.2613,10.3693,1641,1851.45
76136,0.3196,3.0215,10.6841,1637,1851.45
76141,-1.4593,1.8842,10.7164,1641,1851.45
76146,-0.1867,0.8954,11.303,1652,1851.45
76151,-1.4724,0.0503,10.9738,1627,1851.45
76156,-1.5383,1.2462,10.963,1651,1852.31
76161,-2.1452,1.7825,10.4124,1653,1852.31
76166,1.3922,2.7641,10.4375,1631,1852.31
76171,-1.239,2.496,10.5908,1645,1852.31
76176,-0.7985,1.3671,11.0564,1648,1852.31
76181,-0.8296,0.3364,11.5389,1639,1852.31
76186,-1.6616,0.3663,10.6973,1651,1852.48
76191,-1.9261,1.6568,10.6734,1627,1852.48
76196,-0.2861,2.2709,10.3477,1639,1852.48
76201,0.1185,2.9748,10.5704,1630,1852.48
76206,-1.482,2.0039,10.9223,1644,1852.48
76211,-0.1963,0.6823,11.054,1653,1852.48
76216,-1.5287,0.0802,11.1127,1635,1852.48
76221,-1.5311,1.1349,10.7105,1653,1851.97
76226,-2.0051,1.9788,10.5955,1658,1851.97
76231,1.5143,2.6731,10.2999,1638,1851.97
76236,-1.2641,2.5031,10.665,1641,1851.97
76241,-0.7434,1.336,11.0014,1643,1851.97
76246,-0.8906,0.3112,11.5065,1645,1851.97
76251,-1.6221,0.51,10.7943,1629,1851.11
76256,-2.0626,1.5191,10.5177,1643,1851.11
76261,-0.1065,2.3451,10.5716,1643,1851.11
76266,-0.1365,2.7761,10.4028,1627,1851.11
76271,-1.403,2.0782,11.1271,1653,1851.11
76276,-0.2071,0.5459,10.9068,1653,1851.11
76281,-1.5886,0.1772,11.157,1641,1851.11
76286,-1.567,1.1803,10.7153,1656,1850.2
76291,-1.9501,1.9549,10.5812,1640,1850.2
76296,1.5622,2.727,10.4854,1639,1850.2
76301,-1.3803,2.3188,10.568,1635,1850.2
76306,-0.668,1.5024,11.248,1651,1850.2
76311,-0.9194,0.1568,11.2731,1645,1850.2
76316,-1.6209,0.6548,10.9271,1639,1849.57
76321,-2.1488,1.415,10.2675,1648,1849.57
76326,0.0479,2.4708,10.6434,1643,1849.57
76331,-0.2466,2.66,10.3705,1627,1849.57
76336,-1.3647,2.0147,11.0468,1655,1849.57
76341,-0.2729,0.5686,11.1043,1646,1849.57
76346,-1.561,0.0646,11.0014,1647,1849.57
76351,-1.4928,1.3431,10.9164,1655,1849.17
76356,-1.8806,1.9166,10.313,1638,1849.17
76361,1.494,2.9269,10.6386,1641,1849.17
76366,-1.397,2.2015,10.3896,1629,1849.17
76371,-0.5459,1.506,11.2899,1655,1849.17
76376,-0.978,0.067,11.218,1645,1849.17
76381,-1.6185,0.6273,10.9391,1639,1849.34
76386,-2.1344,1.494,10.4543,1652,1849.34
76391,0.1544,2.3439,10.471,1643,1849.34
76396,-0.2981,2.8922,10.5931,1635,1849.34
76401,-1.3611,1.7789,10.8457,1657,1849.34
76406,-0.316,0.7326,11.3006,1637,1849.34
76411,-1.5083,0.0156,10.817,1661,1848.6
76416,-1.5455,1.4066,10.9774,1659,1848.6
76421,-1.7777,1.9022,10.3441,1643,1848.6
76426,1.4796,2.9149,10.5752,1647,1848.6
76431,-1.385,2.3308,10.5345,1627,1848.6
76436,-0.5339,1.312,11.066,1654,1848.6
76441,-1.0475,0.1856,11.4072,1639,1848.6
76446,-1.6101,0.5495,10.6997,1635,1850.02
76451,-2.1512,1.6771,10.6063,1651,1850.02
76456,0.2298,2.2709,10.3022,1631,1850.02
76461,-0.413,2.8276,10.6578,1634,1850.02
76466,-1.4174,1.804,10.8984,1646,1850.02
76471,-0.243,0.6871,11.2599,1635,1850.02
76476,-1.5526,0.0515,10.9116,1654,1850.54
76481,-1.5694,1.3216,10.7739,1657,1850.54
76486,-1.6771,2.0973,10.5369,1645,1850.54
76491,1.397,2.7485,10.3322,1649,1850.54
76496,-1.3264,2.4612,10.7571,1631,1850.54
76501,-0.6021,1.172,10.9451,1655,1850.54
76506,-1.1516,0.2454,11.5412,1637,1850.54
76511,-1.6125,0.656,10.7117,1635,1850.99
76516,-2.2302,1.6448,10.6135,1651,1850.99
76521,0.3591,2.4074,10.4208,1639,1850.99
76526,-0.5088,2.6635,10.4878,1628,1850.99
76531,-1.3671,1.8902,11.145,1643,1850.99
76536,-0.2574,0.5171,11.0145,1643,1850.99
76541,-1.6233,0.1556,11.0409,1656,1851.39
76546,-1.585,1.227,10.5919,1639,1851.39
76551,-1.5311,2.2063,10.6338,1646,1851.39
76556,1.3707,2.7593,10.3322,1655,1851.39
76561,-1.3479,2.3128,10.7176,1629,1851.39
76566,-0.5052,1.2007,11.0421,1660,1851.39
76571,-1.1073,0.1568,11.3258,1629,1851.39
76576,-1.6197,0.8344,10.9834,1637,1851.45
76581,-2.2996,1.4844,10.313,1644,1851.45
76586,0.5291,2.5833,10.6255,1637,1851.45
76591,-0.6656,2.4433,10.2879,1629,1851.45
76596,-1.2737,1.9046,11.2863,1634,1851.45
76601,-0.3208,0.4034,11.0445,1641,1851.45
76606,-1.6041,0.1377,10.9642,1657,1850.25
76611,-1.5119,1.3743,10.726,1628,1850.25
76616,-1.4305,2.1584,10.4926,1645,1850.25
76621,1.3108,2.9664,10.5967,1661,1850.25
76626,-1.4557,2.156,10.5644,1631,1850.25
76631,-0.3867,1.3527,11.2635,1657,1850.25
76636,-1.1756,0.085,11.1354,1629,1850.25
76641,-1.5981,0.8966,11.0002,1643,1850.31
76646,-2.3152,1.5287,10.2999,1639,1850.31
76651,0.7003,2.557,10.5524,1639,1850.31
76656,-0.8236,2.5845,10.4591,1626,1850.31
76661,-1.2079,1.7549,11.1091,1639,1850.31
76666,-0.4142,0.5423,11.3318,1646,1850.31
76671,-1.5622,0.0766,10.7871,1657,1850.08
76676,-1.5371,1.47,10.8876,1637,1850.08
76681,-1.2989,2.0387,10.2927,1643,1850.08
76686,1.2079,3.0897,10.6745,1643,1850.08
76691,-1.4425,2.1225,10.5381,1635,1850.08
76696,-0.3436,1.2773,11.2324,1659,1850.08
76701,-1.2354,0.1185,11.2683,1637,1850.08
76706,-1.6281,0.7614,10.8625,1641,1850.08
76711,-2.32,1.6951,10.5393,1637,1850.08
76716,0.8104,2.4768,10.3597,1645,1850.08
76721,-0.8882,2.6408,10.6279,1627,1850.08
76726,-1.2139,1.5598,10.9379,1639,1850.08
76731,-0.4585,0.6021,11.4072,1655,1850.08
76736,-1.5586,0.1209,10.7607,1655,1849.8
76741,-1.6436,1.3982,10.7967,1643,1849.8
76746,-1.2031,2.162,10.4746,1641,1849.8
76751,1.0798,2.9197,10.4555,1629,1849.8
76756,-1.3815,2.247,10.8098,1639,1849.8
76761,-0.3879,1.0774,11.0002,1655,1849.8
76766,-1.3934,0.2143,11.4168,1643,1849.8
76771,-1.6029,0.7877,10.7619,1645,1849.28
76776,-2.308,1.7466,10.6542,1636,1849.28
76781,0.905,2.405,10.258,1640,1849.28
76786,-0.9206,2.5953,10.5943,1629,1849.28
76791,-1.154,1.6245,11.1031,1642,1849.28
76796,-0.4286,0.4477,11.2384,1653,1849.28
76801,-1.5802,0.2358,10.8984,1656,1848.71
76806,-1.6759,1.306,10.5369,1641,1848.71
76811,-1.0403,2.3272,10.6674,1627,1848.71
76816,0.9601,2.7916,10.3358,1641,1848.71
76821,-1.3623,2.2829,10.9223,1643,1848.71
76826,-0.4142,0.9601,10.9487,1643,1848.71
76831,-1.3551,0.1915,11.309,1647,1848.71
76836,-1.5455,0.9553,10.9666,1651,1849.11
76841,-2.3966,1.5766,10.416,1637,1849.11
76846,0.9661,2.5809,10.55,1645,1849.11
76851,-0.9912,2.4385,10.3202,1625,1849.11
76856,-1.1408,1.7693,11.3198,1639,1849.11
76861,-0.4477,0.3388,11.0947,1640,1849.11
76866,-1.6556,0.2634,10.9978,1635,1850.08
76871,-1.6999,1.3348,10.5105,1645,1850.08
76876,-0.9816,2.3391,10.6267,1631,1850.08
76881,0.8859,2.9054,10.4722,1643,1850.08
76886,-1.3958,2.0985,10.7033,1645,1850.08
76891,-0.3388,1.0355,11.1474,1640,1850.08
76896,-1.2989,0.0611,11.1103,1647,1850.08
76901,-1.5287,1.1205,11.0133,1655,1851.22
76906,-2.3762,1.5479,10.2783,1639,1851.22
76911,1.1289,2.7306,10.6458,1641,1851.22
76916,-1.0894,2.4289,10.3142,1628,1851.22
76921,-1.0666,1.6424,11.2192,1645,1851.22
76926,-0.5614,0.3986,11.2384,1635,1851.22
76931,-1.658,0.182,10.7631,1645,1851.28
76936,-1.6424,1.4712,10.7081,1645,1851.28
76941,-0.8727,2.156,10.4232,1638,1851.28
76946,0.741,3.0801,10.6781,1647,1851.28
76951,-1.5119,2.0423,10.6506,1651,1851.28
76956,-0.2406,1.1037,11.2432,1639,1851.28
76961,-1.3946,0.1089,11.0349,1653,1851.28
76966,-1.555,1.0475,10.963,1643,1851.57
76971,-2.3451,1.6676,10.3489,1639,1851.57
76976,1.2007,2.6504,10.4447,1631,1851.57
76981,-1.1911,2.5103,10.568,1631,1851.57
76986,-0.9433,1.4808,11.0193,1655,1851.57
76991,-0.6345,0.4094,11.4778,1634,1851.57
76996,-1.6089,0.1975,10.6722,1643,1851.11
77001,-1.6951,1.549,10.7332,1643,1851.11
77006,-0.6943,2.2063,10.3777,1635,1851.11
77011,0.5327,3.0526,10.5967,1655,1851.11
77016,-1.4892,2.0913,10.8122,1657,1851.11
77021,-0.2191,0.8906,11.0744,1640,1851.11
77026,-1.476,0.2298,11.1929,1656,1851.11
77031,-1.5107,0.9278,10.7739,1635,1851.85
77036,-2.2182,1.8364,10.5896,1644,1851.85
77041,1.3384,2.5774,10.2915,1624,1851.85
77046,-1.2617,2.5546,10.6614,1639,1851.85
77051,-0.8655,1.4509,11.0516,1663,1851.85
77056,-0.6955,0.346,11.4335,1630,1851.85
77061,-1.5874,0.3603,10.8134,1635,1851.74
77066,-1.8399,1.4461,10.55,1646,1851.74
77071,-0.4848,2.3056,10.5824,1636,1851.74
77076,0.3424,2.8551,10.3585,1643,1851.74
77081,-1.4018,2.1847,11.0097,1645,1851.74
77086,-0.2478,0.7482,10.9475,1643,1851.74
77091,-1.5083,0.2442,11.2863,1657,1851.74
77096,-1.5467,1.0846,10.7571,1639,1851.57
77101,-2.1548,1.8232,10.562,1653,1851.57
77106,1.4066,2.6097,10.4136,1624,1851.57
77111,-1.2713,2.381,10.4842,1641,1851.57
77116,-0.8104,1.5191,11.1941,1659,1851.57
77121,-0.7506,0.2382,11.2168,1637,1851.57
77126,-1.6257,0.5231,10.993,1629,1851.39
77131,-1.9441,1.4186,10.3106,1637,1851.39
77136,-0.322,2.4469,10.7296,1637,1851.39
77141,0.1652,2.8264,10.3657,1643,1851.39
77146,-1.4222,2.0387,10.9942,1637,1851.39
77151,-0.2406,0.7087,11.0445,1643,1851.39
77156,-1.4437,0.1101,11.0385,1636,1851.39
77161,-1.494,1.2809,10.9738,1646,1851.22
77166,-2.1021,1.7657,10.3286,1653,1851.22
77171,1.4617,2.812,10.5704,1625,1851.22
77176,-1.3108,2.3092,10.3645,1645,1851.22
77181,-0.7398,1.5251,11.3078,1654,1851.22
77186,-0.8296,0.1975,11.2839,1640,1851.22
77191,-1.6161,0.5207,10.8912,1626,1851.39
77196,-1.9597,1.5215,10.4818,1635,1851.39
77201,-0.2263,2.3355,10.5034,1641,1851.39
77206,0.0299,2.9473,10.5955,1625,1851.39
77211,-1.4581,1.8603,10.7931,1641,1851.39
77216,-0.243,0.7829,11.218,1653,1851.39
77221,-1.47,0.0347,10.8409,1631,1851.39
77226,-1.5048,1.4102,11.066,1653,1851.57
77231,-2.0255,1.737,10.2819,1657,1851.57
77236,1.4748,2.8,10.5596,1627,1851.57
77241,-1.3132,2.3703,10.4986,1639,1851.57
77246,-0.68,1.3683,11.0744,1641,1851.57
77251,-0.9266,0.237,11.4251,1628,1851.57
77256,-1.6424,0.4417,10.6542,1635,1851.34
77261,-2.0063,1.6628,10.5644,1639,1851.34
77266,-0.0215,2.2877,10.3537,1643,1851.34
77271,-0.1317,2.8814,10.7141,1629,1851.34
77276,-1.4712,1.8675,10.8733,1647,1851.34
77281,-0.1688,0.7183,11.1725,1643,1851.34
77286,-1.5562,0.103,10.9511,1635,1851.34
77291,-1.4928,1.2941,10.7847,1653,1850.99
77296,-1.9178,1.9501,10.4651,1659,1850.99
77301,1.5215,2.6887,10.3214,1647,1850.99
77306,-1.385,2.4361,10.7883,1656,1850.99
77311,-0.5818,1.2318,10.9619,1670,1850.99
77316,-0.9469,0.401,11.479,1645,1850.99
77321,-1.5814,0.6488,10.6913,1639,1863.93
77326,-2.2793,1.7897,10.4136,1653,1863.93
77331,0.2083,2.2757,10.4244,1637,1863.93
77336,-0.7147,2.4756,10.5093,1623,1863.93
77341,-1.1899,1.834,11.2037,1645,1863.93
77346,-0.2167,0.4417,11.0899,1641,1863.93
77351,-1.5706,0.48,11.2061,1647,1870.85
77356,-1.7633,0.9996,10.5644,1637,1870.85
77361,-1.0774,2.1787,10.5668,1641,1870.85
77366,1.2582,2.8335,10.2496,1673,1870.85
77371,-1.482,2.3655,10.7895,1641,1870.85
77376,-0.4573,1.16,11.1402,1647,1870.85
77381,-1.1001,0.2789,11.1989,1644,1870.85
77386,-1.5323,0.729,10.7739,1645,1859.89
77391,-2.2158,1.7442,10.4806,1635,1859.89
77396,0.6692,2.569,10.8362,1653,1859.89
77401,-1.2546,2.1787,10.3094,1627,1859.89
77406,-0.8835,1.731,11.2324,1631,1859.89
77411,-0.4956,0.4872,10.993,1651,1859.89
77416,-1.5598,0.6608,11.0097,1647,1855.17
77421,-1.7897,1.312,10.7093,1637,1855.17
77426,-0.9768,2.0195,10.416,1629,1855.17
77431,1.0475,2.8407,10.4363,1641,1855.17
77436,-1.3659,2.0853,10.6626,1657,1855.17
77441,-0.5016,1.0977,11.3976,1627,1855.17
77446,-1.2713,0.2047,11.0468,1673,1855.17
77451,-1.5658,0.826,10.8733,1657,1853.22
77456,-2.0961,1.8004,10.3633,1637,1853.22
77461,0.82,2.6851,10.6913,1655,1853.22
77466,-1.3838,2.4026,10.4686,1627,1853.22
77471,-0.8224,1.5107,11.1127,1630,1853.22
77476,-0.5758,0.5471,11.2228,1631,1853.22
77481,-1.549,0.5746,10.744,1628,1852.31
77486,-1.8495,1.5299,10.9319,1637,1852.31
77491,-0.8475,1.9692,10.3525,1621,1852.31
77496,0.8284,2.8359,10.4878,1647,1852.31
77501,-1.3623,2.0518,10.6506,1662,1852.31
77506,-0.407,0.9708,11.303,1625,1852.31
77511,-1.3491,0.2119,11.1929,1657,1852.31
77516,-1.5574,0.6668,10.6171,1661,1852.25
77521,-1.9405,1.9249,10.5213,1641,1852.25
77526,0.9481,2.6396,10.5058,1647,1852.25
77531,-1.3216,2.6121,10.7129,1637,1852.25
77536,-0.8607,1.3803,10.9678,1640,1852.25
77541,-0.5602,0.5507,11.2911,1635,1852.25
77546,-1.5407,0.589,10.7679,1637,1852.94
77551,-1.9525,1.5155,10.7799,1637,1852.94
77556,-0.7111,2.083,10.4579,1623,1852.94
77561,0.577,2.6887,10.313,1647,1852.94
77566,-1.3515,2.1847,10.9403,1674,1852.94
77571,-0.3687,0.7314,11.0433,1627,1852.94
77576,-1.4569,0.401,11.3832,1671,1852.94
77581,-1.5682,0.6536,10.4962,1643,1853.45
77586,-1.8399,1.998,10.5489,1645,1853.45
77591,1.1408,2.6983,10.4639,1627,1853.45
77596,-1.397,2.5115,10.6829,1645,1853.45
77601,-0.7781,1.4377,11.1522,1647,1853.45
77606,-0.5483,0.4142,11.1917,1631,1853.45
77611,-1.5646,0.7087,10.8793,1623,1853.45
77616,-2.0435,1.4521,10.5369,1637,1853.45
77621,-0.5483,2.1225,10.6925,1625,1853.45
77626,0.2526,2.4457,10.1801,1643,1853.45
77631,-1.33,2.1141,10.999,1661,1853.45
77636,-0.407,0.65,11.0325,1629,1853.45
77641,-1.4748,0.419,11.2839,1655,1853.45
77646,-1.4964,0.8535,10.6805,1655,1852.94
77651,-1.7837,1.8447,10.3669,1657,1852.94
77656,1.3551,2.8287,10.6506,1635,1852.94
77661,-1.5287,2.3403,10.3908,1655,1852.94
77666,-0.6009,1.6065,11.3653,1647,1852.94
77671,-0.6297,0.2466,11.0385,1637,1852.94
77676,-1.5993,0.7901,10.9571,1627,1853.11
77681,-2.0291,1.5933,10.58,1628,1853.11
77686,-0.3519,2.0758,10.6626,1639,1853.11
77691,-0.0742,2.4373,10.3178,1629,1853.11
77696,-1.336,1.9118,10.8864,1651,1853.11
77701,-0.3998,0.7482,11.2336,1641,1853.11
77706,-1.4509,0.2969,11.0672,1627,1853.11
77711,-1.5287,1.008,10.8649,1656,1853.57
77716,-1.6879,1.8579,10.1921,1663,1853.57
77721,1.488,3.0311,10.7512,1639,1853.57
77726,-1.579,2.3403,10.495,1653,1853.57
77731,-0.5722,1.4904,11.2599,1635,1853.57
77736,-0.8452,0.2454,11.1582,1634,1853.57
77741,-1.573,0.6979,10.7488,1635,1853.68
77746,-2.1021,1.8304,10.7344,1627,1853.68
77751,-0.1856,2.047,10.4471,1643,1853.68
77756,-0.3436,2.5079,10.5536,1619,1853.68
77761,-1.2582,1.7765,10.7619,1653,1853.68
77766,-0.3807,0.7709,11.3234,1647,1853.68
77771,-1.4844,0.3484,10.9666,1635,1853.68
77776,-1.6676,0.984,10.8302,1671,1853.74
77781,-1.4832,1.9992,10.307,1659,1853.74
77786,1.4964,2.9317,10.5034,1639,1853.74
77791,-1.4569,2.49,10.7727,1645,1853.74
77796,-0.5136,1.2115,11.1259,1639,1853.74
77801,-0.8978,0.3053,11.3162,1642,1853.74
77806,-1.5251,0.5674,10.586,1636,1853.34
77811,-2.1572,1.8483,10.7835,1635,1853.34
77816,-0.0084,2.1165,10.5022,1644,1853.34
77821,-0.5986,2.4457,10.5105,1619,1853.34
77826,-1.2043,1.8112,10.9666,1659,1853.34
77831,-0.3627,0.68,11.0959,1645,1853.34
77836,-1.5909,0.4956,11.2384,1627,1853.34
77841,-1.737,0.9637,10.6207,1672,1853.4
77846,-1.2665,2.1584,10.5321,1641,1853.4
77851,1.4234,2.7318,10.2556,1655,1853.4
77856,-1.4293,2.5115,10.8673,1645,1853.4
77861,-0.5902,1.1145,11.0612,1645,1853.4
77866,-0.9565,0.3196,11.3078,1651,1853.4
77871,-1.5251,0.723,10.7153,1641,1853.57
77876,-2.1967,1.7466,10.5369,1653,1853.57
77881,0.17,2.3224,10.6865,1640,1853.57
77886,-0.8583,2.2673,10.3106,1619,1853.57
77891,-1.1337,1.8555,11.2037,1643,1853.57
77896,-0.3304,0.5339,11.0313,1635,1853.57
77901,-1.573,0.5459,11.2001,1646,1853.34
77906,-1.731,1.0858,10.5477,1652,1853.34
77911,-1.1791,2.0877,10.5129,1653,1853.34
77916,1.3479,2.8359,10.3801,1661,1853.34
77921,-1.4186,2.32,10.7021,1640,1853.34
77926,-0.5423,1.2019,11.2875,1646,1853.34
77931,-1.0259,0.1879,11.0648,1651,1853.34
77936,-1.5502,0.7817,10.8421,1641,1853.4
77941,-2.1835,1.6975,10.3394,1655,1853.4
77946,0.3807,2.5714,10.811,1641,1853.4
77951,-1.057,2.2482,10.3202,1621,1853.4
77956,-1.0487,1.7107,11.1618,1646,1853.4
77961,-0.4238,0.5818,11.1175,1642,1853.4
77966,-1.5981,0.4645,10.9882,1651,1853.4
77971,-1.7597,1.3372,10.8374,1639,1853.4
77976,-1.1133,1.8818,10.2472,1643,1853.4
77981,1.2258,2.9353,10.5536,1672,1853.4
77986,-1.4437,2.1392,10.5943,1639,1853.4
77991,-0.4429,1.2043,11.3581,1645,1853.4
77996,-1.1995,0.2346,11.1127,1635,1853.4
78001,-1.5574,0.8009,10.7464,1645,1853.63
78006,-2.1584,1.8411,10.495,1645,1853.63
78011,0.6129,2.5295,10.6051,1647,1853.63
78016,-1.2582,2.3679,10.5824,1625,1853.63
78021,-0.9313,1.5586,10.9846,1633,1853.63
78026,-0.4717,0.6512,11.2013,1651,1853.63
78031,-1.5981,0.5231,10.8194,1647,1853.97
78036,-1.7813,1.494,10.9343,1637,1853.97
78041,-0.9086,1.8866,10.2699,1635,1853.97
78046,1.0175,2.8778,10.5058,1636,1853.97
78051,-1.4305,2.1931,10.7631,1650,1853.97
78056,-0.3735,0.99,11.2061,1639,1853.97
78061,-1.3001,0.3723,11.3497,1647,1853.97
78066,-1.5622,0.5926,10.5441,1655,1853.97
78071,-2.0291,2.0171,10.6315,1639,1853.97
78076,0.8188,2.5283,10.5129,1656,1853.97
78081,-1.3982,2.4193,10.6291,1628,1853.97
78086,-0.8068,1.488,11.0097,1635,1853.97
78091,-0.4956,0.5746,11.1941,1638,1853.97
78096,-1.5502,0.668,10.902,1625,1854.03
78101,-1.8878,1.3431,10.6219,1640,1854.03
78106,-0.7302,2.083,10.5417,1621,1854.03
78111,0.7147,2.6659,10.1897,1645,1854.03
78116,-1.391,2.2314,10.9343,1661,1854.03
78121,-0.4046,0.729,11.1271,1629,1854.03
78126,-1.3467,0.4465,11.4012,1652,1854.03
78131,-1.573,0.6381,10.5153,1659,1854.77
78136,-1.9429,1.9668,10.5345,1637,1854.77
78141,1.0463,2.7234,10.6099,1651,1854.77
78146,-1.488,2.3631,10.5285,1636,1854.77
78151,-0.7458,1.5335,11.2252,1640,1854.77
78156,-0.5483,0.3974,11.072,1637,1854.77
78161,-1.5598,0.8056,11.0349,1635,1855.75
78166,-2.0255,1.3431,10.4746,1640,1855.75
78171,-0.5507,2.1763,10.6769,1625,1855.75
78176,0.346,2.5498,10.2208,1652,1855.75
78181,-1.3838,2.0602,10.9319,1672,1855.75
78186,-0.4142,0.7542,11.1713,1629,1855.75
78191,-1.3755,0.3687,11.1701,1659,1855.75
78196,-1.5886,0.9014,10.8194,1643,1855.4
78201,-1.7968,1.8328,10.2927,1651,1855.4
78206,1.2127,2.9018,10.7512,1631,1855.4
78211,-1.4868,2.3739,10.4471,1643,1855.4
78216,-0.6548,1.5407,11.3413,1647,1855.4
78221,-0.6524,0.3184,11.1007,1634,1855.4
78226,-1.6053,0.753,10.9295,1625,1855.12
78231,-2.0518,1.5538,10.6326,1638,1855.12
78236,-0.4142,2.0746,10.55,1627,1855.12
78241,0.0084,2.5977,10.4279,1639,1855.12
78246,-1.3623,1.8364,10.7476,1644,1855.12
78251,-0.3567,0.8679,11.3138,1635,1855.12
78256,-1.4401,0.243,11.0014,1645,1855.12
78261,-1.6269,1.0032,10.8852,1658,1855.29
78266,-1.5945,1.8387,10.2256,1661,1855.29
78271,1.4234,2.8958,10.6171,1639,1855.29
78276,-1.476,2.4493,10.6075,1656,1855.29
78281,-0.5866,1.3862,11.1079,1643,1855.29
78286,-0.8464,0.3735,11.2899,1641,1855.29
78291,-1.5682,0.6404,10.6626,1631,1855.75
78296,-2.1177,1.7957,10.799,1636,1855.75
78301,-0.17,1.9716,10.4136,1641,1855.75
78306,-0.3496,2.5474,10.5776,1618,1855.75
78311,-1.3503,1.7837,10.8601,1655,1855.75
78316,-0.3017,0.7434,11.2456,1645,1855.75
78321,-1.561,0.3735,11.1139,1627,1855.75
78326,-1.6448,0.978,10.7081,1663,1855.75
78331,-1.4078,2.0722,10.4327,1674,1855.75
78336,1.4796,2.8335,10.3932,1641,1855.75
78341,-1.5036,2.575,10.8517,1643,1855.75
78346,-0.486,1.1672,11.0145,1633,1855.75
78351,-0.929,0.3627,11.4179,1647,1855.75
78356,-1.5215,0.662,10.6518,1637,1855.63
78361,-2.1691,1.8483,10.7452,1642,1855.63
78366,0.0694,2.1943,10.5872,1645,1855.63
78371,-0.7494,2.2996,10.3453,1607,1855.63
78376,-1.1552,1.834,11.1498,1659,1855.63
78381,-0.3292,0.5291,10.9822,1641,1855.63
78386,-1.6005,0.5674,11.2408,1639,1855.63
78391,-1.7035,0.9756,10.5441,1671,1855.69
78396,-1.2498,2.1213,10.5524,1644,1855.69
78401,1.4557,2.8311,10.2963,1655,1855.69
78406,-1.4712,2.3822,10.8326,1636,1855.69
78411,-0.4896,1.2198,11.1785,1647,1855.69
78416,-1.0175,0.2957,11.1642,1651,1855.69
78421,-1.5155,0.7578,10.7679,1637,1856.09
78426,-2.2314,1.7693,10.4172,1655,1856.09
78431,0.3783,2.4744,10.799,1626,1856.09
78436,-1.0906,2.2098,10.3166,1622,1856.09
78441,-0.9948,1.7992,11.2755,1643,1856.09
78446,-0.4549,0.4848,10.9619,1636,1856.09
78451,-1.5921,0.5962,11.0492,1647,1855.75
78456,-1.7573,1.2043,10.6757,1637,1855.75
78461,-1.081,2.0387,10.3657,1639,1855.75
78466,1.221,2.9556,10.3968,1663,1855.75
78471,-1.4629,2.132,10.5919,1639,1855.75
78476,-0.4322,1.2917,11.3796,1653,1855.75
78481,-1.1983,0.1532,11.0995,1627,1855.75
78486,-1.5479,0.9996,10.9475,1637,1854.54
78491,-2.3583,1.573,10.3262,1639,1854.54
78496,0.8284,2.5331,10.6123,1635,1854.54
78501,-0.9804,2.4445,10.41,1628,1854.54
78506,-1.063,1.573,11.1055,1639,1854.54
78511,-0.5028,0.48,11.3377,1645,1854.54
78516,-1.5586,0.1401,10.665,1656,1850.02
78521,-1.5538,1.5993,10.8445,1636,1850.02
78526,-1.0786,2.1751,10.3537,1647,1850.02
78531,0.9816,3.0059,10.647,1659,1850.02
78536,-1.4449,2.0626,10.6422,1629,1850.02
78541,-0.2837,1.1289,11.2001,1659,1850.02
78546,-1.3635,0.0742,11.2156,1635,1850.02
78551,-1.652,0.8619,10.8242,1639,1850.25
78556,-2.2901,1.6843,10.4543,1631,1850.25
78561,0.9553,2.4612,10.2903,1623,1850.25
78566,-0.9361,2.7821,10.6111,1611,1850.25
78571,-1.166,1.6005,10.9523,1624,1850.25
78576,-0.5387,0.4561,11.5317,1630,1850.25
78581,-1.6316,0.0168,10.6662,1643,1835.26
78586,-1.494,1.4413,10.8685,1625,1835.26
78591,-1.1277,2.2482,10.501,1639,1835.26
78596,1.1875,2.9161,10.5058,1631,1835.26
78601,-1.336,2.302,10.7883,1619,1835.26
78606,-0.3891,0.9876,10.963,1643,1835.26
78611,-1.3683,0.2358,11.412,1629,1835.26
78616,-1.6556,0.7458,10.7176,1625,1805.92
78621,-2.1045,1.8172,10.5919,1625,1805.92
78626,0.1999,2.3691,10.2388,1631,1805.92
78631,-0.2107,2.8611,10.586,1636,1805.92
78636,-1.403,1.8507,11.0061,1633,1805.92
78641,-0.2658,0.4573,11.1761,1629,1805.92
78646,-1.7166,0.1317,11.0852,1645,1805.92
78651,-1.4521,1.2773,10.7679,1639,1800.67
78656,-2.1715,1.9944,10.4866,1627,1800.67
78661,1.336,2.6803,10.2711,1635,1800.67
78666,-1.2175,2.4828,10.6219,1619,1800.67
78671,-0.9373,1.2833,11.0864,1627,1800.67
78676,-0.7386,0.3352,11.4706,1638,1800.67
78681,-1.6879,0.2765,10.7763,1647,1800.18
78686,-1.4724,1.5191,10.6255,1627,1800.18
78691,-1.1085,2.3415,10.4998,1639,1800.18
78696,1.1289,2.9712,10.3789,1638,1800.18
78701,-1.3455,2.3152,10.8505,1620,1800.18
78706,-0.4202,0.8799,11.0468,1641,1800.18
78711,-1.3563,0.1784,11.4359,1635,1800.18
78716,-1.64,0.7147,10.7488,1625,1800.4
78721,-2.1249,1.8136,10.5165,1625,1800.4
78726,0.2741,2.4169,10.3825,1618,1800.4
78731,-0.2753,2.8659,10.4136,1620,1800.4
78736,-1.3264,2.0123,11.0911,1636,1800.4
78741,-0.2933,0.2705,11.0696,1618,1800.4
78746,-1.7214,0.0108,11.0612,1627,1800.4
78751,-1.4054,1.1181,10.7069,1626,1785.02
78756,-2.2422,2.0842,10.5896,1611,1785.02
78761,1.1911,2.6983,10.3346,1613,1785.02
78766,-1.0738,2.4553,10.5572,1611,1785.02
78771,-1.0139,1.3994,11.2192,1637,1785.02
78776,-0.6608,0.2658,11.2611,1631,1785.02
78781,-1.7514,0.2107,10.8888,1611,1785.02
78786,-1.3611,1.4952,10.6865,1623,1755.36
78791,-1.9573,2.2482,10.4842,1620,1755.36
78796,1.4617,2.8407,10.4423,1625,1755.36
78801,-0.9421,2.4983,10.6063,1609,1755.36
78806,-1.0511,1.2713,11.0684,1623,1755.36
78811,-0.5578,0.2801,11.3892,1624,1755.36
78816,-1.6712,0.0826,10.7129,1635,1750.65
78821,-1.3503,1.6664,10.9128,1637,1750.65
78826,-2.0734,2.1117,10.2615,1639,1750.65
78831,1.3408,2.9688,10.574,1611,1750.65
78836,-1.2653,2.3571,10.5345,1627,1750.65
78841,-0.7386,1.0594,11.1127,1627,1750.65
78846,-0.832,0.1915,11.4227,1613,1750.65
78851,-1.6233,0.1568,10.5872,1640,1749.83
78856,-1.306,1.7585,10.8529,1622,1749.83
78861,-1.6472,2.2494,10.24,1627,1749.83
78866,1.3922,3.0706,10.6745,1623,1749.83
78871,-1.3515,2.2075,10.5046,1611,1749.83
78876,-0.5112,1.0068,11.2911,1627,1749.83
78881,-1.0702,0.0587,11.2994,1617,1749.83
78886,-1.6688,0.4345,10.7224,1620,1749.99
78891,-1.4509,1.7849,10.7045,1627,1749.99
78896,-1.1145,2.3607,10.2795,1614,1749.99
78901,1.166,3.1831,10.7129,1624,1749.99
78906,-1.342,2.053,10.5489,1611,1749.99
78911,-0.3819,0.9876,11.3054,1636,1749.99
78916,-1.2486,-0.0718,11.1893,1623,1749.99
78921,-1.646,0.7781,10.8733,1620,1750.09
78926,-1.6867,1.7933,10.4866,1614,1750.09
78931,-0.4872,2.46,10.3872,1613,1750.09
78936,0.6416,3.0849,10.7272,1640,1750.09
78941,-1.3455,1.8675,10.7188,1630,1750.09
78946,-0.3292,0.7745,11.3485,1634,1750.09
78951,-1.4018,-0.1281,11.0109,1614,1750.09
78956,-1.5682,1.1037,11.06,1605,1749.99
78961,-2.0794,1.9333,10.1957,1613,1749.99
78966,-0.0742,2.6145,10.4722,1612,1749.99
78971,0.1664,2.7869,10.5177,1605,1749.99
78976,-1.2175,1.5933,11.0241,1627,1749.99
78981,-0.3172,0.3112,11.2779,1611,1749.99
78986,-1.5814,-0.0922,10.8613,1613,1749.99
78991,-1.5574,1.4485,11.0923,1608,1721.42
78996,-2.0973,1.9896,10.1825,1623,1721.42
79001,0.0646,2.7019,10.5548,1611,1721.42
79006,0.1161,2.727,10.3418,1613,1721.42
79011,-1.16,1.7526,11.0995,1625,1721.42
79016,-0.3136,0.2753,11.1666,1609,1721.42
79021,-1.6125,-0.0946,11.0504,1598,1721.42
79026,-1.5179,1.3144,11.048,1609,1702.9
79031,-2.0004,1.974,10.2556,1619,1702.9
79036,-0.103,2.6121,10.5369,1609,1702.9
79041,0.3148,2.7928,10.3142,1627,1702.9
79046,-1.2582,1.9369,11.1761,1619,1702.9
79051,-0.3256,0.3029,11.1151,1627,1702.9
79056,-1.6592,-0.0371,11.2659,1607,1702.9
79061,-1.5921,1.1025,10.8996,1609,1700.63
79066,-1.8124,2.0961,10.4423,1609,1700.63
79071,-0.2765,2.484,10.3825,1605,1700.63
79076,0.5734,2.8778,10.4124,1621,1700.63
79081,-1.2941,1.9381,11.0624,1610,1700.63
79086,-0.2933,0.4705,11.1223,1629,1700.63
79091,-1.567,0.0215,11.3342,1612,1700.63
79096,-1.6065,0.9816,10.7775,1606,1699.72
79101,-1.6616,2.1261,10.5776,1607,1699.72
79106,-0.5543,2.3631,10.2125,1605,1699.72
79111,0.8056,3.049,10.5776,1611,1699.72
79116,-1.2665,1.9046,10.8182,1599,1699.72
79121,-0.2598,0.6285,11.2899,1624,1699.72
79126,-1.4593,0.0024,11.3545,1610,1699.72
79131,-1.6436,0.9098,10.8266,1607,1699.96
79136,-1.5383,2.0542,10.5908,1611,1699.96
79141,-0.7973,2.3535,10.1873,1605,1699.96
79146,0.9912,3.14,10.6793,1619,1699.96
79151,-1.3216,1.8806,10.6291,1598,1699.96
79156,-0.2981,0.7769,11.3749,1623,1699.96
79161,-1.3443,-0.0802,11.2144,1609,1699.96
79166,-1.658,0.8918,10.9104,1607,1700.63
79171,-1.4473,1.9154,10.5129,1619,1700.63
79176,-0.9948,2.3906,10.2627,1609,1700.63
79181,1.1492,3.0694,10.6518,1627,1700.63
79186,-1.3503,1.8998,10.507,1599,1700.63
79191,-0.3436,0.8631,11.4335,1613,1700.63
79196,-1.2198,-0.1233,11.1701,1607,1700.63
79201,-1.6628,0.9002,11.0433,1613,1700.82
79206,-1.415,1.7358,10.4256,1613,1700.82
79211,-1.2198,2.4912,10.41,1619,1700.82
79216,1.2342,3.0047,10.4675,1617,1700.82
79221,-1.3084,2.0818,10.6003,1608,1700.82
79226,-0.419,0.7853,11.3689,1621,1700.82
79231,-1.1408,-0.0048,11.2444,1608,1700.82
79236,-1.6496,0.759,11.054,1613,1700.87
79241,-1.3862,1.7119,10.4148,1606,1700.87
79246,-1.3838,2.5642,10.4758,1621,1700.87
79251,1.3575,2.8551,10.3298,1607,1700.87
79256,-1.2953,2.223,10.7476,1619,1700.87
79261,-0.4992,0.7482,11.2563,1628,1700.87
79266,-1.0558,0.1041,11.4168,1604,1700.87
79271,-1.6747,0.5602,10.8972,1624,1700.58
79276,-1.3539,1.7466,10.5979,1608,1700.58
79281,-1.5586,2.4349,10.4088,1605,1700.58
79286,1.3084,2.873,10.3621,1603,1700.58
79291,-1.3012,2.2805,10.7045,1619,1700.58
79296,-0.5746,0.7434,11.1199,1624,1700.58
79301,-1.0175,0.2059,11.5101,1610,1700.58
79306,-1.6903,0.3831,10.7727,1627,1700.92
79311,-1.3204,1.9046,10.8146,1613,1700.92
79316,-1.7693,2.296,10.1706,1621,1700.92
79321,1.3312,2.9461,10.5285,1603,1700.92
79326,-1.306,2.2422,10.5441,1609,1700.92
79331,-0.6404,0.8224,11.1893,1613,1700.92
79336,-0.8499,0.182,11.4838,1629,1700.92
79341,-1.7119,0.2334,10.7081,1627,1701.07
79346,-1.2617,1.9513,10.9475,1631,1701.07
79351,-1.9668,2.1691,10.1275,1625,1701.07
79356,1.3348,3.0059,10.6434,1595,1701.07
79361,-1.2426,2.1213,10.3441,1607,1701.07
79366,-0.7254,1.087,11.3557,1613,1701.07
79371,-0.8056,0.1604,11.2815,1612,1701.07
79376,-1.7585,0.2514,10.8565,1620,1701.26
79381,-1.1971,1.8531,10.8924,1627,1701.26
79386,-2.1093,2.1117,10.1323,1622,1701.26
79391,1.2617,2.97,10.6183,1595,1701.26
79396,-1.1468,2.0997,10.2568,1599,1701.26
79401,-0.7973,1.2438,11.4503,1599,1701.26
79406,-0.6512,0.0778,11.1031,1608,1701.26
79411,-1.7669,0.3029,10.9475,1611,1701.26
79416,-1.2785,1.7238,10.8218,1625,1701.31
79421,-2.2398,2.1787,10.2604,1615,1701.31
79426,1.1349,2.7833,10.4866,1611,1701.31
79431,-1.0786,2.1261,10.3166,1594,1701.31
79436,-0.8583,1.2725,11.4407,1611,1701.31
79441,-0.559,0.0467,11.0516,1610,1701.31
79446,-1.7921,0.3448,11.0349,1605,1701.31
79451,-1.312,1.6089,10.7164,1613,1701.6
79456,-2.2769,2.235,10.4016,1608,1701.6
79461,1.0223,2.6911,10.2915,1613,1701.6
79466,-0.9649,2.296,10.4818,1595,1701.6
79471,-0.9661,1.2701,11.2025,1619,1701.6
79476,-0.4776,0.1712,11.2252,1621,1701.6
79481,-1.7226,0.2442,10.9822,1607,1701.6
79486,-1.3192,1.585,10.7308,1605,1701.89
79491,-2.3296,2.241,10.4124,1607,1701.89
79496,0.8823,2.5845,10.3214,1614,1701.89
79501,-0.8356,2.4409,10.5776,1598,1701.89
79506,-1.0487,1.2641,11.1055,1625,1701.89
79511,-0.4609,0.2466,11.3904,1621,1701.89
79516,-1.7418,0.1257,10.8864,1627,1701.89
79521,-1.3587,1.6089,10.9571,1624,1701.69
79526,-2.3703,2.1213,10.2472,1609,1701.69
79531,0.7494,2.6121,10.3549,1613,1701.69
79536,-0.7135,2.4385,10.5093,1599,1701.69
79541,-1.0534,1.3276,11.0516,1621,1701.69
79546,-0.4501,0.2741,11.4024,1613,1701.69
79551,-1.6903,0.0622,10.8637,1624,1701.69
79556,-1.3946,1.6376,11.0684,1620,1701.79
79561,-2.375,2.0183,10.1083,1607,1701.79
79566,0.6081,2.7102,10.5896,1607,1701.79
79571,-0.5567,2.3667,10.2855,1597,1701.79
79576,-1.0822,1.4856,11.1642,1613,1701.79
79581,-0.4142,0.2442,11.2767,1612,1701.79
79586,-1.6759,0.0778,10.981,1621,1701.79
79591,-1.4293,1.5155,11.0887,1617,1701.84
79596,-2.3343,1.9525,10.1885,1614,1701.84
79601,0.4776,2.6025,10.5285,1615,1701.84
79606,-0.3711,2.4277,10.2675,1599,1701.84
79611,-1.1037,1.6484,11.2575,1609,1701.84
79616,-0.3986,0.243,11.1067,1613,1701.84
79621,-1.6747,0.0994,11.1055,1618,1701.84
79626,-1.4269,1.3791,10.9451,1621,1701.55
79631,-2.2146,2.0482,10.3513,1625,1701.55
79636,0.3196,2.5103,10.4303,1619,1701.55
79641,-0.1389,2.6061,10.3094,1613,1701.55
79646,-1.154,1.6723,11.1941,1624,1701.55
79651,-0.3555,0.3148,11.1067,1611,1701.55
79656,-1.6688,0.1556,11.2276,1607,1701.55
79661,-1.482,1.2929,10.8362,1611,1701.6
79666,-2.1009,2.1237,10.4974,1621,1701.6
79671,0.1209,2.3822,10.2951,1619,1701.6
79676,0.0503,2.7892,10.5225,1621,1701.6
79681,-1.1708,1.5933,10.9654,1619,1701.6
79686,-0.2993,0.4537,11.2228,1606,1701.6
79691,-1.6113,0.1975,11.1175,1587,1701.6
79696,-1.6197,1.2534,10.7978,1591,1696.78
79701,-1.9201,2.0494,10.4627,1595,1696.78
79706,-0.1939,2.3691,10.3489,1592,1696.78
79711,0.5602,2.9006,10.6769,1607,1696.78
79716,-1.1528,1.488,10.799,1589,1696.78
79721,-0.3065,0.5076,11.3808,1613,1696.78
79726,-1.5107,0.012,11.1294,1597,1696.78
79731,-1.6281,1.3084,10.8996,1605,1661.41
79736,-1.4545,2.0638,10.4196,1604,1661.41
79741,-1.1875,2.4193,10.2197,1611,1661.41
79746,1.2438,2.9233,10.6338,1594,1661.41
79751,-1.2366,1.8711,10.665,1607,1661.41
79756,-0.4681,0.5962,11.485,1610,1661.41
79761,-1.063,-0.0156,11.1965,1611,1661.41
79766,-1.7633,0.8464,11.0038,1617,1652.57
79771,-1.2438,1.968,10.5213,1619,1652.57
79776,-2.0554,2.4253,10.2197,1610,1652.57
79781,1.2115,2.8084,10.4208,1599,1652.57
79786,-1.136,2.1739,10.5716,1589,1652.57
79791,-0.7697,0.9182,11.3425,1612,1652.57
79796,-0.6452,0.006,11.2264,1612,1652.57
79801,-1.7765,0.3843,11.0061,1613,1652.57
79806,-1.3156,1.7538,10.665,1613,1651.89
79811,-2.3822,2.32,10.2484,1597,1651.89
79816,0.5746,2.5343,10.2879,1605,1651.89
79821,-0.4022,2.5402,10.6315,1587,1651.89
79826,-1.0307,1.2294,11.0983,1615,1651.89
79831,-0.3448,0.2059,11.4,1611,1651.89
79836,-1.6831,0.0503,10.975,1590,1651.89
79841,-1.488,1.6328,10.969,1596,1651.71
79846,-1.9405,2.1835,10.2316,1595,1651.71
79851,-0.3627,2.4493,10.2472,1593,1651.71
79856,0.577,2.8826,10.4998,1591,1651.71
79861,-1.1516,1.6891,10.8816,1595,1651.71
79866,-0.2658,0.5483,11.4191,1604,1651.71
79871,-1.33,-0.0742,11.1139,1593,1651.71
79876,-1.6352,1.2163,11.0875,1605,1652.07
79881,-1.3958,1.8699,10.3011,1593,1652.07
79886,-1.3898,2.4804,10.2232,1607,1652.07
79891,1.2725,2.9042,10.4004,1595,1652.07
79896,-1.2725,2.0901,10.7583,1599,1652.07
79901,-0.4573,0.6764,11.4024,1605,1652.07
79906,-0.9852,0.0419,11.3138,1605,1652.07
79911,-1.7585,0.6716,10.9666,1603,1652.07
79916,-1.2713,1.8387,10.5764,1613,1652.8
79921,-2.1967,2.3547,10.1634,1598,1652.8
79926,1.1085,2.7234,10.343,1609,1652.8
79931,-1.1073,2.2613,10.6506,1589,1652.8
79936,-0.7949,0.9553,11.248,1607,1652.8
79941,-0.5854,0.1293,11.3784,1607,1652.8
79946,-1.7609,0.2263,10.8433,1617,1652.8
79951,-1.3503,1.7549,10.8553,1605,1652.66
79956,-2.387,2.2194,10.1227,1618,1652.66
79961,0.5004,2.557,10.3645,1605,1652.66
79966,-0.3795,2.575,10.5201,1605,1652.66
79971,-0.984,1.3563,11.1187,1609,1652.66
79976,-0.3543,0.3663,11.4012,1623,1652.66
79981,-1.6017,-0.0838,10.9654,1597,1652.66
79986,-1.4664,1.6245,11.0684,1596,1652.66
79991,-1.8076,2.0147,10.1107,1605,1652.66
79996,-0.413,2.5486,10.4208,1594,1652.66
80001,0.5926,2.8012,10.3334,1620,1652.66
80006,-1.16,1.8998,11.0816,1587,1652.66
80011,-0.2957,0.4405,11.3198,1611,1652.66
80016,-1.3551,-0.0263,11.2575,1593,1652.66
80021,-1.6209,1.063,10.9906,1597,1652.35
80026,-1.3838,1.8687,10.3573,1597,1652.35
80031,-1.4329,2.4995,10.1897,1595,1652.35
80036,1.2462,2.8012,10.3705,1592,1652.35
80041,-1.2462,2.2434,10.8314,1593,1652.35
80046,-0.4884,0.6404,11.2396,1598,1652.35
80051,-0.9409,0.1077,11.4431,1591,1652.35
80056,-1.6544,0.4717,10.8074,1596,1652.35
80061,-1.2354,1.9597,10.7739,1607,1652.62
80066,-2.2302,2.2122,10.0592,1594,1652.62
80071,0.9792,2.8479,10.4387,1605,1652.62
80076,-0.9996,2.2841,10.5908,1583,1652.62
80081,-0.832,1.0451,11.3006,1609,1652.62
80086,-0.5507,0.1281,11.4108,1595,1652.62
80091,-1.6855,0.1161,10.8421,1612,1652.62
80096,-1.3767,1.8519,10.9559,1599,1652.57
80101,-2.326,2.0865,10.0568,1611,1652.57
80106,0.2837,2.6444,10.5034,1599,1652.57
80111,-0.1975,2.5259,10.337,1615,1652.57
80116,-1.0427,1.5682,11.2839,1605,1652.57
80121,-0.3519,0.1784,11.2731,1609,1652.57
80126,-1.6053,-0.0204,11.2108,1605,1652.57
80131,-1.5371,1.4712,10.9654,1597,1652.62
80136,-1.749,2.0482,10.2759,1606,1652.62
80141,-0.5938,2.5391,10.3418,1595,1652.62
80146,0.7925,2.7869,10.2903,1613,1652.62
80151,-1.1684,1.9788,11.1019,1597,1652.62
80156,-0.3555,0.3436,11.1654,1621,1652.62
80161,-1.2893,0.0539,11.4778,1593,1652.62
80166,-1.6568,0.7973,10.7416,1615,1652.44
80171,-1.2821,2.0494,10.6542,1613,1652.44
80176,-1.6173,2.314,10.0413,1619,1652.44
80181,1.2713,2.9664,10.5345,1589,1652.44
80186,-1.2594,2.1787,10.653,1592,1652.44
80191,-0.559,0.7578,11.3964,1597,1652.44
80196,-0.8559,0.1173,11.3844,1597,1652.44
80201,-1.7382,0.3591,10.7631,1593,1652.44
80206,-1.1971,2.0087,10.8589,1594,1652.16
80211,-2.3703,2.0853,9.9311,1599,1652.16
80216,0.9577,2.8826,10.6135,1595,1652.16
80221,-0.9182,2.132,10.3537,1591,1652.16
80226,-0.8751,1.3096,11.4694,1606,1652.16
80231,-0.4537,0.0096,11.1833,1599,1652.16
80236,-1.7262,0.1628,11.0014,1607,1652.16
80241,-1.3719,1.6843,10.8493,1598,1652.16
80246,-2.2793,2.162,10.1622,1609,1652.16
80251,0.1879,2.5199,10.3896,1597,1652.16
80256,-0.0156,2.6085,10.3394,1612,1652.16
80261,-1.1001,1.6664,11.297,1597,1652.16
80266,-0.2873,0.267,11.1701,1617,1652.16
80271,-1.6281,0.091,11.3126,1599,1652.16
80276,-1.5407,1.2737,10.7751,1593,1652.48
80281,-1.6149,2.1632,10.4435,1607,1652.48
80286,-0.8092,2.3391,10.0952,1606,1652.48
80291,0.9661,3.0179,10.568,1609,1652.48
80296,-1.2055,1.9082,10.8793,1605,1652.48
80301,-0.2993,0.5519,11.3342,1621,1652.48
80306,-1.2366,0.0048,11.4036,1593,1652.48
80311,-1.6628,0.7829,10.7823,1619,1652.26
80316,-1.233,2.0183,10.6961,1621,1652.26
80321,-1.8507,2.2338,9.9311,1617,1652.26
80326,1.2845,3.049,10.7069,1589,1652.26
80331,-1.2941,1.974,10.4435,1591,1652.26
80336,-0.5567,0.9972,11.558,1607,1652.26
80341,-0.8021,0.012,11.169,1609,1652.26
80346,-1.7262,0.4824,10.9738,1597,1652.26
80351,-1.2725,1.7466,10.6662,1607,1652.26
80356,-2.4565,2.2027,10.1562,1591,1652.26
80361,0.8583,2.6456,10.5309,1595,1652.26
80366,-0.8068,2.2254,10.4471,1591,1652.26
80371,-0.8739,1.3276,11.4503,1596,1652.26
80376,-0.4453,0.079,11.1666,1605,1652.26
80381,-1.7166,0.2682,11.1139,1597,1652.26
80386,-1.403,1.494,10.7308,1596,1652.44
80391,-2.1751,2.2805,10.2891,1605,1652.44
80396,0.073,2.3727,10.2376,1597,1652.44
80401,0.0682,2.8479,10.5608,1597,1652.44
80406,-1.0714,1.561,11.0361,1579,1652.44
80411,-0.267,0.4214,11.3306,1615,1652.44
80416,-1.5143,-0.0024,11.1821,1595,1652.44
80421,-1.5598,1.2282,10.8637,1605,1652.71
80426,-1.5275,2.0662,10.4172,1605,1652.71
80431,-0.9266,2.3727,10.1071,1608,1652.71
80436,1.0283,2.9832,10.6482,1597,1652.71
80441,-1.2198,1.8962,10.6781,1607,1652.71
80446,-0.3436,0.674,11.5173,1613,1652.71
80451,-1.1325,0.0192,11.1809,1611,1652.71
80456,-1.6855,0.832,10.963,1613,1653.21
80461,-1.2749,1.8579,10.4244,1610,1653.21
80466,-1.9022,2.3667,10.1682,1611,1653.21
80471,1.2653,2.806,10.4926,1597,1653.21
80476,-1.2079,2.1045,10.5572,1591,1653.21
80481,-0.662,0.9278,11.5353,1599,1653.21
80486,-0.6967,0.0168,11.2863,1609,1653.21
80491,-1.7142,0.4393,11.0445,1619,1653.21
80496,-1.3551,1.7334,10.5548,1611,1653.07
80501,-2.3906,2.2637,10.3166,1599,1653.07
80506,0.7123,2.5462,10.2747,1599,1653.07
80511,-0.6536,2.4337,10.6494,1597,1653.07
80516,-0.9649,1.2234,11.2156,1621,1653.07
80521,-0.3998,0.1772,11.4024,1605,1653.07
80526,-1.6376,0.0742,11.0002,1594,1653.07
80531,-1.4413,1.6484,10.8577,1597,1653.35
80536,-2.083,2.2003,10.2735,1597,1653.35
80541,-0.1676,2.4373,10.2424,1595,1653.35
80546,0.2753,2.8228,10.5644,1599,1653.35
80551,-1.1085,1.5455,10.9319,1591,1653.35
80556,-0.2717,0.4657,11.4371,1611,1653.35
80561,-1.4246,-0.073,11.0875,1594,1653.35
80566,-1.6388,1.3132,11.0864,1606,1653.48
80571,-1.5191,1.895,10.2352,1603,1653.48
80576,-1.093,2.5043,10.3262,1605,1653.48
80581,1.136,2.8539,10.4603,1578,1653.48
80586,-1.1983,2.1009,10.8601,1599,1653.48
80591,-0.3903,0.6297,11.4084,1608,1653.48
80596,-1.0247,0.067,11.3449,1607,1653.48
80601,-1.7322,0.7027,10.9487,1619,1653.12
80606,-1.2258,1.8435,10.4974,1611,1653.12
80611,-2.0075,2.3703,10.1969,1608,1653.12
80616,1.1887,2.8024,10.4016,1607,1653.12
80621,-1.2067,2.2817,10.7284,1587,1653.12
80626,-0.7195,0.899,11.2899,1620,1653.12
80631,-0.6177,0.1137,11.4168,1610,1653.12
80636,-1.7573,0.3017,10.8218,1617,1653.12
80641,-1.2546,1.8375,10.8122,1609,1652.62
80646,-2.4229,2.1608,10.0892,1607,1652.62
80651,0.6333,2.6408,10.3908,1608,1652.62
80656,-0.6237,2.4708,10.5177,1592,1652.62
80661,-0.9445,1.2773,11.1749,1615,1652.62
80666,-0.3364,0.2442,11.4275,1613,1652.62
80671,-1.6556,0.0287,10.9128,1596,1652.62
80676,-1.4545,1.6664,11.0564,1609,1652.3
80681,-2.0626,2.0135,10.0006,1591,1652.3
80686,-0.2143,2.5391,10.4806,1593,1652.3
80691,0.3448,2.7665,10.2651,1596,1652.3
80696,-1.1061,1.8328,11.1426,1593,1652.3
80701,-0.237,0.4178,11.2743,1604,1652.3
80706,-1.4425,-0.0048,11.2779,1593,1652.3
80711,-1.6077,1.1624,10.9499,1599,1652.39
80716,-1.4413,1.9429,10.3597,1595,1652.39
80721,-1.2079,2.405,10.2041,1606,1652.39
80726,1.1528,2.9209,10.4519,1589,1652.39
80731,-1.2977,2.1512,10.9379,1605,1652.39
80736,-0.4525,0.6021,11.2791,1599,1652.39
80741,-1.0726,0.1113,11.4778,1605,1652.39
80746,-1.6376,0.5495,10.7643,1607,1652.39
80751,-1.233,1.9884,10.7069,1609,1652.66
80756,-2.132,2.2314,9.985,1597,1652.66
80761,1.1732,2.9365,10.5656,1609,1652.66
80766,-1.1504,2.15,10.5213,1590,1652.66
80771,-0.662,1.0104,11.4024,1611,1652.66
80776,-0.6536,0.0994,11.3868,1597,1652.66
80781,-1.6448,0.2837,10.799,1611,1652.66
80786,-1.2941,1.8555,10.9367,1606,1652.16
80791,-2.496,2.0602,10.0054,1611,1652.16
80796,0.5387,2.6671,10.5548,1605,1652.16
80801,-0.5315,2.381,10.2651,1609,1652.16
80806,-0.9661,1.4641,11.3856,1607,1652.16
80811,-0.3711,0.1448,11.1773,1618,1652.16
80816,-1.6053,0.1413,11.1306,1598,1652.16
80821,-1.4305,1.5479,10.8876,1593,1652.76
80826,-1.9513,2.1069,10.2137,1607,1652.76
80831,-0.3053,2.4648,10.2963,1593,1652.76
80836,0.4752,2.788,10.4244,1615,1652.76
80841,-1.1133,1.8555,11.1306,1591,1652.76
80846,-0.3196,0.3711,11.2384,1613,1652.76
80851,-1.415,0.0634,11.4359,1596,1652.76
80856,-1.6005,0.978,10.7571,1607,1652.71
80861,-1.3946,2.0411,10.6123,1598,1652.71
80866,-1.3515,2.3236,10.0102,1596,1652.71
80871,1.1815,2.9999,10.6374,1589,1652.71
80876,-1.2713,2.0446,10.6626,1593,1652.71
80881,-0.4776,0.7326,11.4682,1599,1652.71
80886,-0.9625,0.0814,11.333,1591,1652.71
80891,-1.6676,0.5375,10.7967,1599,1652.71
80896,-1.2534,1.9429,10.6781,1605,1652.8
80901,-2.2134,2.1524,10.0054,1595,1652.8
80906,1.063,2.897,10.6542,1607,1652.8
80911,-1.0953,2.083,10.4052,1588,1652.8
80916,-0.8188,1.2055,11.5448,1599,1652.8
80921,-0.5243,-0.0204,11.169,1605,1652.8
80926,-1.7095,0.3627,11.0911,1612,1652.8
80931,-1.3515,1.6939,10.6865,1599,1653.03
80936,-2.3499,2.229,10.1957,1613,1653.03
80941,0.4334,2.5043,10.3394,1605,1653.03
80946,-0.3316,2.5343,10.4902,1615,1653.03
80951,-1.0762,1.4485,11.2934,1607,1653.03
80956,-0.2789,0.2191,11.1785,1619,1653.03
80961,-1.6197,0.1245,11.1594,1597,1653.03
80966,-1.4856,1.4006,10.7679,1597,1652.94
80971,-1.8256,2.1799,10.3657,1605,1652.94
80976,-0.5267,2.3128,10.1203,1613,1652.94
80981,0.6967,2.9868,10.6374,1611,1652.94
80986,-1.1863,1.731,10.8924,1608,1652.94
80991,-0.2693,0.5375,11.4634,1619,1652.94
80996,-1.3048,-0.0024,11.2563,1590,1652.94
81001,-1.6592,1.0151,10.8936,1615,1653.21
81006,-1.3503,1.9465,10.4303,1611,1653.21
81011,-1.5467,2.3583,10.0688,1620,1653.21
81016,1.2306,2.9712,10.6805,1581,1653.21
81021,-1.3168,2.0087,10.5584,1592,1653.21
81026,-0.4609,0.8643,11.6059,1604,1653.21
81031,-0.8464,0.0036,11.1546,1591,1653.21
81036,-1.7801,0.6835,11.0385,1595,1653.21
81041,-1.2306,1.7669,10.4806,1596,1652.85
81046,-2.3092,2.3116,10.2604,1595,1652.85
81051,1.0606,2.6863,10.3657,1597,1652.85
81056,-0.996,2.2637,10.6075,1587,1652.85
81061,-0.832,1.1109,11.3377,1607,1652.85
81066,-0.4465,0.097,11.3054,1597,1652.85
81071,-1.7382,0.346,10.9595,1607,1652.85
81076,-1.3348,1.646,10.7883,1589,1652.76
81081,-2.3511,2.2494,10.2352,1609,1652.76
81086,0.3268,2.381,10.2268,1603,1652.76
81091,-0.2298,2.7019,10.6147,1613,1652.76
81096,-1.0654,1.3755,11.066,1595,1652.76
81101,-0.2933,0.3926,11.4874,1619,1652.76
81106,-1.5215,-0.0515,10.9966,1599,1652.76
81111,-1.5012,1.5119,11.0684,1595,1653.03
81116,-1.8016,1.9956,10.1969,1608,1653.03
81121,-0.5997,2.4696,10.3525,1609,1653.03
81126,0.7518,2.9221,10.4986,1611,1653.03
81131,-1.2139,1.8627,10.9188,1604,1653.03
81136,-0.3124,0.5938,11.4503,1619,1653.03
81141,-1.2893,-0.0479,11.2432,1592,1653.03
81146,-1.6281,1.1013,11.0624,1619,1652.26
81151,-1.3216,1.8004,10.3346,1619,1652.26
81156,-1.5718,2.4397,10.2687,1617,1652.26
81161,1.233,2.8323,10.392,1587,1652.26
81166,-1.3024,2.1919,10.8397,1589,1652.26
81171,-0.5231,0.723,11.2958,1597,1652.26
81176,-0.8835,0.1281,11.4646,1606,1652.26
81181,-1.6843,0.4776,10.8158,1592,1652.26
81186,-1.2785,1.8004,10.6614,1606,1652.85
81191,-2.2781,2.2075,10.1179,1595,1652.85
81196,0.911,2.7234,10.4291,1595,1652.85
81201,-0.9661,2.2841,10.6243,1591,1652.85
81206,-0.8188,1.0654,11.224,1597,1652.85
81211,-0.4896,0.2011,11.4479,1605,1652.85
81216,-1.6472,0.1257,10.8206,1597,1652.85
81221,-1.3886,1.8148,10.999,1597,1653.12
81226,-2.2924,2.0267,9.9683,1605,1653.12
81231,0.1975,2.569,10.5249,1595,1653.12
81236,-0.1018,2.5821,10.3633,1608,1653.12
81241,-1.0247,1.579,11.2061,1591,1653.12
81246,-0.3112,0.3256,11.3258,1613,1653.12
81251,-1.5215,0.006,11.1342,1597,1653.12
81256,-1.5155,1.4736,11.0049,1593,1653.48
81261,-1.7549,1.9513,10.2197,1607,1653.48
81266,-0.6823,2.5091,10.386,1605,1653.48
81271,0.838,2.7485,10.313,1604,1653.48
81276,-1.1612,2.0818,11.0756,1606,1653.48
81281,-0.3508,0.3974,11.2468,1617,1653.48
81286,-1.2617,0.1305,11.5197,1605,1653.48
81291,-1.6424,0.8009,10.7428,1614,1653.44
81296,-1.2821,2.0207,10.6015,1609,1653.44
81301,-1.6915,2.2913,10.0042,1612,1653.44
81306,1.1839,2.9042,10.5596,1591,1653.44
81311,-1.2222,2.1979,10.671,1591,1653.44
81316,-0.6249,0.7829,11.4,1593,1653.44
81321,-0.8164,0.1365,11.382,1611,1653.44
81326,-1.6963,0.3065,10.7045,1605,1653.44
81331,-1.1875,2.0051,10.8098,1609,1653.35
81336,-2.3547,2.0638,9.9395,1597,1653.35
81341,0.8308,2.8371,10.6434,1594,1653.35
81346,-0.844,2.1787,10.3789,1590,1653.35
81351,-0.9313,1.2989,11.4551,1636,1653.35
81356,-0.3795,0.0431,11.1737,1596,1653.35
81361,-1.6747,0.1903,11.0002,1591,1653.35
81366,-1.3922,1.6604,10.8936,1597,1653.17
81371,-2.2709,2.1141,10.1694,1597,1653.17
81376,0.0742,2.4876,10.3884,1594,1653.17
81381,0.0479,2.6193,10.3298,1605,1653.17
81386,-1.0762,1.7214,11.2815,1591,1653.17
81391,-0.267,0.2598,11.1725,1613,1653.17
81396,-1.5646,0.0994,11.321,1594,1653.17
81401,-1.5024,1.2186,10.726,1597,1653.07
81406,-1.5766,2.1739,10.4459,1599,1653.07
81411,-0.8475,2.3272,10.064,1609,1653.07
81416,0.984,3.0155,10.58,1595,1653.07
81421,-1.2641,1.986,10.7931,1608,1653.07
81426,-0.3089,0.5806,11.3784,1613,1653.07
81431,-1.1684,0.0599,11.3796,1609,1653.07
81436,-1.6855,0.7997,10.8182,1615,1653.17
81441,-1.2043,2.0255,10.6386,1615,1653.17
81446,-1.8603,2.2254,9.9766,1611,1653.17
81451,1.2821,3.0466,10.7164,1605,1653.17
81456,-1.2893,1.9704,10.5046,1582,1653.17
81461,-0.5674,1.0151,11.5867,1611,1653.17
81466,-0.759,-0.0263,11.1953,1613,1653.17
81471,-1.749,0.5303,10.9978,1618,1653.17
81476,-1.245,1.7214,10.6398,1609,1653.07
81481,-2.4469,2.2326,10.2005,1597,1653.07
81486,0.8356,2.6516,10.4794,1605,1653.07
81491,-0.8499,2.2374,10.41,1591,1653.07
81496,-0.8727,1.3348,11.412,1620,1653.07
81501,-0.4537,0.0682,11.1905,1606,1653.07
81506,-1.725,0.2658,11.1522,1591,1653.07
81511,-1.409,1.5,10.7476,1595,1653.07
81516,-2.1931,2.2781,10.343,1597,1653.07
81521,0.0299,2.2936,10.2604,1595,1653.07
81526,0.0898,2.8671,10.6039,1593,1653.07
81531,-1.0774,1.5431,11.0073,1591,1653.07
81536,-0.2729,0.4884,11.3677,1609,1653.07
81541,-1.4988,-0.0215,11.1306,1596,1653.07
81546,-1.5359,1.2845,10.8864,1611,1653.21
81551,-1.5251,2.0363,10.3789,1605,1653.21
81556,-0.9397,2.3978,10.1682,1607,1653.21
81561,0.9577,2.9748,10.5489,1593,1653.21
81566,-1.2558,1.9249,10.6889,1603,1653.21
81571,-0.3364,0.7003,11.485,1605,1653.21
81576,-1.1145,0.0132,11.1749,1611,1653.21
81581,-1.646,0.8859,10.9642,1610,1653.58
81586,-1.3276,1.7885,10.404,1614,1653.58
81591,-1.8495,2.4217,10.2005,1605,1653.58
81596,1.1995,2.7916,10.5285,1609,1653.58
81601,-1.2163,2.1847,10.6518,1588,1653.58
81606,-0.6393,0.8823,11.4395,1619,1653.58
81611,-0.7147,0.0922,11.2767,1609,1653.58
81616,-1.6819,0.4693,10.9654,1617,1653.58
81621,-1.3288,1.7406,10.6183,1609,1653.58
81626,-2.375,2.2553,10.2484,1618,1653.58
81631,0.7159,2.5379,10.2963,1603,1653.58
81636,-0.7003,2.4457,10.6494,1605,1653.58
81641,-0.9337,1.1947,11.1019,1613,1653.58
81646,-0.3819,0.2682,11.4168,1615,1653.58
81651,-1.6436,0.0551,10.9152,1593,1653.58
81656,-1.4712,1.6628,10.9834,1593,1653.8
81661,-2.1332,2.0734,10.1323,1597,1653.8
81666,-0.0455,2.4972,10.4064,1589,1653.8
81671,0.2215,2.7485,10.5082,1603,1653.8
81676,-1.1337,1.634,11.0552,1595,1653.8
81681,-0.2753,0.3998,11.4742,1605,1653.8
81686,-1.415,-0.0239,11.1366,1596,1653.8
81691,-1.5921,1.3671,11.0445,1605,1653.99
81696,-1.5778,1.9237,10.1514,1617,1653.99
81701,-1.0139,2.5283,10.3298,1607,1653.99
81706,1.0331,2.7677,10.3944,1588,1653.99
81711,-1.2294,2.1141,10.9523,1597,1653.99
81716,-0.3627,0.5052,11.3246,1599,1653.99
81721,-1.0546,0.1161,11.412,1608,1653.99
81726,-1.6723,0.6764,10.8517,1607,1653.99
81731,-1.2773,1.9369,10.5536,1611,1653.94
81736,-1.9273,2.3164,10.0868,1599,1653.94
81741,1.1744,2.8407,10.4267,1606,1653.94
81746,-1.16,2.2541,10.7093,1592,1653.94
81751,-0.7027,0.8452,11.2923,1612,1653.94
81756,-0.6249,0.1664,11.3952,1608,1653.94
81761,-1.6819,0.2765,10.7368,1615,1653.94
81766,-1.245,1.913,10.8613,1609,1653.67
81771,-2.405,2.071,10.0245,1611,1653.67
81776,0.644,2.7342,10.5285,1605,1653.67
81781,-0.6883,2.326,10.4184,1607,1653.67
81786,-0.9481,1.3108,11.3413,1613,1653.67
81791,-0.3591,0.1676,11.3342,1618,1653.67
81796,-1.6412,0.0922,10.9152,1597,1653.67
81801,-1.4066,1.6436,10.975,1595,1653.17
81806,-2.1189,2.0674,10.1287,1609,1653.17
81811,-0.1401,2.5019,10.4387,1597,1653.17
81816,0.2897,2.6815,10.3082,1610,1653.17
81821,-1.0846,1.804,11.2623,1591,1653.17
81826,-0.2406,0.3424,11.1618,1608,1653.17
81831,-1.4401,0.0958,11.3353,1595,1653.17
81836,-1.5886,1.1468,10.8769,1598,1653.3
81841,-1.4832,2.0638,10.4806,1599,1653.3
81846,-1.1073,2.32,10.1155,1596,1653.3
81851,1.1169,2.9509,10.4507,1591,1653.3
81856,-1.2905,2.1021,10.8254,1594,1653.3
81861,-0.3711,0.6476,11.3425,1593,1653.3
81866,-1.0774,0.0946,11.4132,1599,1653.3
81871,-1.6568,0.6033,10.756,1599,1653.3
81876,-1.1791,1.9812,10.7464,1609,1653.48
81881,-2.0758,2.2051,9.9635,1593,1653.48
81886,1.2115,2.9939,10.6793,1605,1653.48
81891,-1.2127,2.0111,10.4435,1589,1653.48
81896,-0.656,1.093,11.5592,1615,1653.48
81901,-0.6716,0.0215,11.2851,1608,1653.48
81906,-1.6568,0.4022,10.8745,1611,1653.48
81911,-1.2594,1.7837,10.7583,1599,1653.62
81916,-2.4864,2.1572,10.1263,1613,1653.62
81921,0.65,2.6336,10.5273,1605,1653.62
81926,-0.6476,2.3188,10.3669,1615,1653.62
81931,-0.9385,1.4545,11.4371,1609,1653.62
81936,-0.3831,0.1269,11.1294,1619,1653.62
81941,-1.6759,0.2131,11.1558,1604,1653.62
81946,-1.4724,1.4988,10.7476,1597,1653.76
81951,-2.0111,2.1979,10.3178,1605,1653.76
81956,-0.1532,2.3535,10.2256,1595,1653.76
81961,0.3651,2.8323,10.5082,1613,1653.76
81966,-1.1372,1.7131,11.0947,1591,1653.76
81971,-0.2634,0.4561,11.2839,1611,1653.76
81976,-1.4653,0.0634,11.2839,1591,1653.76
81981,-1.5455,1.1301,10.7931,1621,1653.76
81986,-1.4533,2.0303,10.5369,1597,1653.76
81991,-1.154,2.3296,10.0485,1599,1653.76
81996,1.1289,3.043,10.7284,1591,1653.76
82001,-1.2905,1.9465,10.6494,1593,1653.76
82006,-0.4274,0.7326,11.5891,1596,1653.76
82011,-0.9936,0.0251,11.1989,1597,1653.76
82016,-1.6759,0.747,10.9355,1597,1653.76
82021,-1.3132,1.8483,10.556,1607,1653.58
82026,-2.0842,2.2996,10.1394,1594,1653.58
82031,1.1241,2.7976,10.5321,1603,1653.58
82036,-1.1408,2.144,10.5034,1590,1653.58
82041,-0.7027,1.0558,11.4802,1605,1653.58
82046,-0.5902,0.0539,11.2192,1599,1653.58
82051,-1.6867,0.4549,11.0049,1612,1653.58
82056,-1.3659,1.6867,10.5872,1597,1653.44
82061,-2.4062,2.2541,10.2915,1611,1653.44
82066,0.5363,2.49,10.2735,1598,1653.44
82071,-0.5052,2.5127,10.5872,1612,1653.44
82076,-1.0068,1.3156,11.1474,1606,1653.44
82081,-0.3304,0.2382,11.3725,1619,1653.44
82086,-1.6137,0.0718,11.0337,1607,1653.44
82091,-1.4425,1.5071,10.8577,1595,1653.26
82096,-1.962,2.1332,10.2651,1605,1653.26
82101,-0.3627,2.3786,10.2592,1599,1653.26
82106,0.4334,2.8539,10.6279,1613,1653.26
82111,-1.1624,1.6532,10.8984,1597,1653.26
82116,-0.2646,0.4752,11.4742,1614,1653.26
82121,-1.3443,-0.0718,11.1318,1591,1653.26
82126,-1.6616,1.2462,11.0229,1619,1653.12
82131,-1.4425,1.8328,10.3022,1615,1653.12
82136,-1.3156,2.4553,10.2376,1620,1653.12
82141,1.1588,2.8551,10.4531,1591,1653.12
82146,-1.2522,2.0614,10.7595,1591,1653.12
82151,-0.4872,0.6596,11.3976,1598,1653.12
82156,-0.9361,0.0587,11.2911,1594,1653.12
82161,-1.7119,0.6704,10.9571,1595,1653.12
82166,-1.257,1.8136,10.5082,1596,1652.44
82171,-2.1452,2.3499,10.1873,1597,1652.44
82176,1.0834,2.7629,10.3908,1597,1652.44
82181,-1.1109,2.2553,10.7272,1581,1652.44
82186,-0.7913,0.99,11.2946,1597,1652.44
82191,-0.5136,0.0994,11.4347,1604,1652.44
82196,-1.7358,0.2729,10.823,1605,1652.44
82201,-1.3467,1.7825,10.8493,1604,1652.44
82206,-2.3846,2.1237,10.0724,1609,1652.44
82211,0.395,2.5522,10.3717,1604,1652.44
82216,-0.4046,2.5379,10.55,1613,1652.44
82221,-1.0139,1.3838,11.1223,1595,1652.44
82226,-0.2765,0.3053,11.4156,1621,1652.44
82231,-1.5993,0.0299,10.9535,1599,1652.44
82236,-1.4916,1.5874,11.054,1594,1652.39
82241,-1.9429,1.992,10.0808,1607,1652.39
82246,-0.4776,2.4983,10.4758,1603,1652.39
82251,0.6201,2.7641,10.3214,1609,1652.39
82256,-1.1432,1.8579,11.0816,1607,1652.39
82261,-0.2562,0.4573,11.2994,1618,1652.39
82266,-1.312,0.0347,11.3557,1593,1652.39
82271,-1.6305,1.0283,10.8972,1619,1652.53
82276,-1.3647,1.8723,10.4435,1621,1652.53
82281,-1.4389,2.405,10.1754,1619,1652.53
82286,1.2043,2.9197,10.4447,1588,1652.53
82291,-1.3324,2.1308,10.8529,1589,1652.53
82296,-0.4908,0.6955,11.2946,1597,1652.53
82301,-0.9637,0.1365,11.4658,1607,1652.53
82306,-1.658,0.4669,10.6686,1595,1652.53
82311,-1.2198,1.9333,10.7607,1603,1652.53
82316,-2.2793,2.1811,9.979,1595,1652.53
82321,1.0175,2.8443,10.6422,1596,1652.53
82326,-1.1073,2.156,10.5058,1593,1652.53
82331,-0.7566,1.1265,11.3413,1595,1652.53
82336,-0.5375,0.1101,11.321,1595,1652.53
82341,-1.6364,0.2215,10.8769,1599,1652.53
82346,-1.342,1.7813,10.9451,1595,1652.57
82351,-2.3882,2.0758,10.0257,1599,1652.57
82356,0.3555,2.5558,10.5189,1595,1652.57
82361,-0.2825,2.4612,10.2831,1609,1652.57
82366,-1.0235,1.5778,11.2958,1593,1652.57
82371,-0.3436,0.2191,11.1809,1612,1652.57
82376,-1.5718,0.1018,11.2456,1596,1652.57
82381,-1.4904,1.4042,10.8326,1607,1652.53
82386,-1.7921,2.1165,10.2999,1607,1652.53
82391,-0.5614,2.4181,10.2592,1608,1652.53
82396,0.7338,2.8479,10.4603,1597,1652.53
82401,-1.1744,1.9692,11.0349,1606,1652.53
82406,-0.34,0.4597,11.2755,1611,1652.53
82411,-1.3048,0.1269,11.4239,1613,1652.53
82416,-1.5754,0.8547,10.72,1613,1652.3
82421,-1.3096,2.0518,10.6865,1619,1652.3
82426,-1.5311,2.2829,9.9671,1612,1652.3
82431,1.2091,2.9832,10.7153,1593,1652.3
82436,-1.2234,2.0482,10.5788,1589,1652.3
82441,-0.5483,0.8368,11.4898,1609,1652.3
82446,-0.8739,0.0706,11.2516,1609,1652.3
82451,-1.6664,0.5231,10.8326,1617,1652.3
82456,-1.2198,1.9309,10.7428,1611,1651.94
82461,-2.3571,2.1308,10.064,1591,1651.94
82466,0.9098,2.7928,10.6051,1605,1651.94
82471,-0.9086,2.1536,10.3573,1589,1651.94
82476,-0.8715,1.2785,11.5305,1625,1651.94
82481,-0.4717,0.0371,11.1294,1604,1651.94
82486,-1.6939,0.3232,11.0804,1593,1651.94
82491,-1.3647,1.5778,10.6566,1587,1651.94
82496,-2.2793,2.2314,10.2795,1593,1651.94
82501,0.146,2.4038,10.2077,1596,1651.94
82506,-0.0778,2.6887,10.5237,1593,1651.94
82511,-1.0942,1.5502,11.145,1589,1651.94
82523,-0.2526,0.2969,11.2324,1611,1651.94
82526,-1.5299,1.3372,10.8362,1591,1652.07
82531,-1.64,2.1464,10.3992,1609,1652.07
82536,-0.7889,2.3068,10.0772,1610,1652.07
82541,0.9325,3.0287,10.6769,1599,1652.07
82546,-1.2127,1.8256,10.7607,1607,1652.07
82551,-0.3089,0.6608,11.4934,1614,1652.07
82556,-1.1684,0.0443,11.2504,1611,1652.07
82561,-1.6652,0.8966,10.9319,1620,1652.35
82566,-1.2845,1.9034,10.507,1621,1652.35
82571,-1.8172,2.2817,10.0868,1611,1652.35
82576,1.2653,2.909,10.6183,1593,1652.35
82581,-1.2498,2.053,10.5381,1589,1652.35
82586,-0.6261,0.9625,11.5808,1606,1652.35
82591,-0.7099,0.0072,11.1678,1609,1652.35
82596,-1.7478,0.5722,11.0648,1613,1652.35
82601,-1.3072,1.7226,10.5285,1612,1653.03
82606,-2.4445,2.3044,10.2244,1595,1653.03
82611,0.8475,2.6145,10.4016,1595,1653.03
82616,-0.8284,2.3798,10.6315,1597,1653.03
82621,-0.9242,1.2007,11.224,1619,1653.03
82626,-0.3783,0.1592,11.3102,1605,1653.03
82631,-1.7119,0.1987,10.9463,1593,1653.03
82636,-1.397,1.5706,10.8134,1593,1653.07
82641,-2.2087,2.2039,10.2137,1597,1653.07
82646,0.0084,2.4074,10.2843,1595,1653.07
82651,0.073,2.8084,10.5812,1593,1653.07
82656,-1.075,1.494,11.0061,1591,1653.07
82661,-0.2562,0.4465,11.4634,1613,1653.07
82666,-1.4664,-0.0766,11.0217,1591,1653.07
82671,-1.5706,1.3623,11.048,1607,1653.21
82676,-1.6293,1.9405,10.2316,1597,1653.21
82681,-0.9014,2.4433,10.3142,1596,1653.21
82686,0.996,2.8874,10.4399,1591,1653.21
82691,-1.2019,1.9788,10.9092,1607,1653.21
82696,-0.3304,0.6009,11.4551,1606,1653.21
82701,-1.1133,0.0096,11.2468,1611,1653.21
82706,-1.64,0.8284,10.9403,1617,1653.17
82711,-1.2869,1.7957,10.4148,1617,1653.17
82716,-1.8483,2.4469,10.2173,1608,1653.17
82721,1.1971,2.8371,10.3621,1609,1653.17
82726,-1.2534,2.2589,10.7643,1588,1653.17
82731,-0.6369,0.7709,11.2982,1609,1653.17
82736,-0.7482,0.1281,11.3952,1609,1653.17
82741,-1.6137,0.3855,10.7751,1619,1653.17
82746,-1.3012,1.8184,10.732,1609,1652.85
82751,-2.4253,2.1811,10.0497,1607,1652.85
82756,0.6943,2.7138,10.4375,1604,1652.85
82761,-0.7685,2.3691,10.556,1595,1652.85
82766,-0.8787,1.1672,11.2013,1614,1652.85
82771,-0.4429,0.2071,11.3892,1609,1652.85
82776,-1.561,0.0706,10.8876,1591,1652.85
82781,-1.4293,1.7705,11.0349,1597,1652.66
82786,-2.1512,2.0482,10.0006,1595,1652.66
82791,-0.0515,2.5654,10.4866,1595,1652.66
82796,0.1413,2.6707,10.3214,1595,1652.66
82801,-1.057,1.7238,11.2073,1591,1652.66
82806,-0.3148,0.34,11.242,1599,1652.66
82811,-1.4509,0.0215,11.2779,1595,1652.66
82816,-1.5299,1.2821,10.9714,1608,1652.85
82821,-1.5646,1.9333,10.3274,1599,1652.85
82826,-1.0175,2.46,10.2568,1605,1652.85
82831,1.0187,2.8575,10.3825,1591,1652.85
82836,-1.2222,2.1129,10.9822,1607,1652.85
82841,-0.3843,0.4836,11.2551,1605,1652.85
82846,-1.1061,0.1604,11.4994,1605,1652.85
82851,-1.6101,0.5806,10.8146,1613,1652.85
82856,-1.2282,2.0123,10.6973,1611,1652.94
82861,-1.9573,2.1943,9.9491,1605,1652.94
82866,1.142,2.9281,10.5896,1605,1652.94
82871,-1.2031,2.1237,10.5632,1589,1652.94
82876,-0.729,0.9792,11.4263,1609,1652.94
82881,-0.6644,0.1233,11.3186,1609,1652.94
82886,-1.6735,0.2849,10.8553,1621,1652.94
82891,-1.2701,1.8759,10.8302,1611,1652.8
82896,-2.3954,2.0734,10.0137,1621,1652.8
82901,0.6309,2.733,10.6111,1608,1652.8
82906,-0.644,2.2972,10.3142,1599,1652.8
82911,-0.9553,1.4006,11.4575,1611,1652.8
82916,-0.3555,0.0491,11.1893,1619,1652.8
82921,-1.646,0.182,11.054,1595,1652.8
82926,-1.4449,1.5407,10.8709,1587,1653.35
82931,-2.0901,2.1656,10.2999,1606,1653.35
82936,-0.1844,2.4409,10.319,1597,1653.35
82941,0.3484,2.7641,10.4184,1618,1653.35
82946,-1.1384,1.8016,11.151,1588,1653.35
82951,-0.3077,0.316,11.1965,1604,1653.35
82956,-1.4126,0.0658,11.3353,1591,1653.35
82961,-1.5838,1.0798,10.7667,1605,1653.94
82966,-1.4246,2.162,10.5728,1598,1653.94
82971,-1.1732,2.3068,10.0197,1603,1653.94
82976,1.1468,3.049,10.6865,1587,1653.94
82981,-1.2546,2.0315,10.4519,1599,1653.94
82986,-0.3699,0.7123,11.4718,1597,1653.94
82991,-1.0331,0.0455,11.2659,1604,1653.94
82996,-1.6568,0.6752,10.8541,1607,1653.94
83001,-1.1899,1.9154,10.6769,1607,1654.35
83006,-2.0877,2.2242,10.0185,1595,1654.35
83011,1.2127,2.9473,10.6769,1607,1654.35
83016,-1.2055,2.0387,10.4232,1591,1654.35
83021,-0.7027,1.1241,11.5412,1612,1654.35
83026,-0.6249,-0.0084,11.1103,1605,1654.35
83031,-1.7226,0.4178,11.0061,1613,1654.35
83036,-1.3132,1.6939,10.5943,1607,1654.76
83041,-2.4672,2.2529,10.2185,1615,1654.76
83046,0.6524,2.5295,10.3585,1614,1654.76
83051,-0.6105,2.4169,10.501,1604,1654.76
83056,-0.99,1.3503,11.2982,1595,1654.76
83061,-0.3496,0.1568,11.2695,1623,1654.76
83066,-1.6831,0.1808,11.1271,1609,1654.76
83071,-1.4485,1.4688,10.8038,1605,1654.67
83076,-2.0494,2.2206,10.307,1605,1654.67
83081,-0.2083,2.32,10.1921,1591,1654.67
83086,0.2765,2.9197,10.6386,1615,1654.67
83091,-1.1624,1.5933,10.8912,1589,1654.67
83096,-0.2179,0.5399,11.4168,1611,1654.67
83101,-1.415,-0.0766,11.1845,1593,1654.67
83106,-1.5694,1.227,10.9666,1599,1654.12
83111,-1.4928,1.913,10.3406,1595,1654.12
83116,-1.148,2.4457,10.173,1598,1654.12
83121,1.1253,2.988,10.5896,1589,1654.12
83126,-1.318,2.0051,10.7428,1595,1654.12
83131,-0.4058,0.7123,11.4886,1598,1654.12
83136,-1.0774,0.0419,11.224,1599,1654.12
83141,-1.658,0.808,11.0085,1597,1654.12
83146,-1.3192,1.7753,10.4686,1606,1654.21
83151,-2.0734,2.393,10.1993,1591,1654.21
83156,1.1456,2.7952,10.4184,1607,1654.21
83161,-1.1971,2.1967,10.6686,1589,1654.21
83166,-0.6728,0.9505,11.3485,1610,1654.21
83171,-0.6512,0.1041,11.3342,1605,1654.21
83176,-1.6628,0.4022,10.9116,1611,1654.21
83181,-1.3515,1.7777,10.6817,1596,1654.03
83186,-2.4253,2.2458,10.1993,1613,1654.03
83191,0.6201,2.5486,10.3489,1605,1654.03
83196,-0.5926,2.5091,10.6757,1599,1654.03
83201,-0.9625,1.1923,11.1294,1607,1654.03
83206,-0.3699,0.2705,11.4359,1615,1654.03
83211,-1.6005,0.0419,10.9247,1605,1654.03
83216,-1.4808,1.6735,10.9918,1597,1653.85
83221,-2.0542,2.0411,10.0784,1599,1653.85
83226,-0.2394,2.5151,10.4543,1591,1653.85
83231,0.3663,2.7701,10.4148,1615,1653.85
83236,-1.1289,1.7526,11.0911,1579,1653.85
83241,-0.3268,0.3711,11.3234,1614,1653.85
83246,-1.3827,-0.0132,11.1618,1592,1653.85
83251,-1.561,1.2438,11.0205,1615,1653.76
83256,-1.5155,1.8723,10.3262,1599,1653.76
83261,-1.1708,2.496,10.3298,1607,1653.76
83266,1.142,2.8383,10.343,1590,1653.76
83271,-1.2354,2.1691,10.9511,1591,1653.76
83276,-0.4657,0.5363,11.2468,1595,1653.76
83281,-0.9852,0.1437,11.4527,1595,1653.76
83286,-1.6592,0.5698,10.8673,1591,1653.76
83291,-1.2558,1.986,10.6602,1608,1653.35
83296,-2.0889,2.2757,10.0592,1595,1653.35
83301,1.0702,2.8563,10.5034,1605,1653.35
83306,-1.1145,2.2386,10.6362,1588,1653.35
83311,-0.8128,1.0044,11.3401,1607,1653.35
83316,-0.6021,0.1365,11.3749,1591,1653.35
83321,-1.6652,0.2179,10.7679,1610,1653.35
83326,-1.2761,1.8794,10.9068,1604,1653.12
83331,-2.4541,2.0686,9.9635,1612,1653.12
83336,0.4621,2.6863,10.495,1605,1653.12
83341,-0.4717,2.3798,10.3717,1614,1653.12
83346,-0.9685,1.4808,11.382,1591,1653.12
83358,-1.2402,0.4453,44.7811,1619,1653.12
83361,-1.4736,1.5479,10.9619,1599,1653.3
83366,-1.9752,2.1225,10.2388,1597,1653.3
83371,-0.3508,2.4289,10.392,1595,1653.3
83376,0.5064,2.7485,10.3262,1615,1653.3
83381,-1.142,1.8675,11.145,1587,1653.3
83386,-0.2885,0.4022,11.157,1613,1653.3
83391,-1.3743,0.0742,11.3677,1593,1653.3
83396,-1.6017,1.0211,10.7811,1617,1653.17
83401,-1.3755,2.071,10.6051,1599,1653.17
83406,-1.3731,2.3439,10.0592,1613,1653.17
83411,1.1995,3.0167,10.5848,1587,1653.17
83416,-1.3264,2.0913,10.6578,1597,1653.17
83421,-0.4812,0.6608,11.4527,1619,1653.17
83426,-0.9661,-0.067,11.4132,1609,1653.17
83431,-1.6173,0.6225,10.8302,1618,1653.17
83436,-1.2234,2.0722,10.7212,1625,1659.71
83441,-2.0949,2.235,9.8988,1613,1659.71
83446,1.1408,3.037,10.6051,1619,1659.71
83451,-1.3551,2.1452,10.3322,1591,1659.71
83456,-0.6237,1.1983,11.5401,1615,1659.71
83461,-0.6213,-0.0323,11.1989,1613,1659.71
83466,-1.6688,0.2658,10.975,1599,1659.71
83471,-1.2486,1.6125,10.7153,1611,1695.15
83476,-2.2278,2.2182,10.2735,1605,1695.15
83481,1.1013,2.8623,10.4256,1614,1695.15
83486,-1.2007,2.1943,10.3513,1603,1695.15
83491,-0.7638,1.3132,11.394,1615,1695.15
83496,-0.5351,0.1556,11.1271,1623,1695.15
83501,-1.6592,0.3615,11.0325,1625,1695.15
83506,-1.3084,1.5143,10.6662,1611,1702.61
83511,-2.3152,2.211,10.3992,1607,1702.61
83516,1.0523,2.6516,10.3477,1610,1702.61
83521,-1.1181,2.3188,10.4938,1599,1702.61
83526,-0.8811,1.2031,11.2156,1623,1702.61
83531,-0.4836,0.3148,11.2934,1618,1702.61
83536,-1.6532,0.2514,10.9212,1627,1702.61
83541,-1.3719,1.6065,10.8326,1621,1703.72
83546,-2.332,2.1596,10.2891,1606,1703.72
83551,0.8906,2.6492,10.4124,1605,1703.72
83556,-1.0068,2.4193,10.5584,1595,1703.72
83561,-0.9541,1.1995,11.133,1615,1703.72
83566,-0.4884,0.3328,11.4718,1611,1703.72
83571,-1.5981,0.1401,10.7739,1627,1703.72
83576,-1.3683,1.6807,11.0217,1623,1703.38
83581,-2.3786,2.0135,10.0916,1609,1703.38
83586,0.7721,2.7617,10.5129,1606,1703.38
83591,-0.8966,2.3056,10.325,1597,1703.38
83596,-0.9685,1.3791,11.2276,1609,1703.38
83601,-0.4549,0.2263,11.2539,1609,1703.38
83606,-1.6209,0.1389,10.9427,1621,1703.38
83611,-1.3455,1.6257,10.9654,1613,1703.63
83616,-2.4002,1.9776,10.1694,1625,1703.63
83621,0.6345,2.6887,10.5632,1615,1703.63
83626,-0.735,2.3391,10.2627,1597,1703.63
83631,-1.0379,1.5107,11.3629,1607,1703.63
83636,-0.431,0.182,11.1426,1611,1703.63
83641,-1.6316,0.1664,11.0875,1614,1703.63
83646,-1.3815,1.5143,10.8266,1609,1703.43
83651,-2.3463,2.0566,10.3633,1619,1703.43
83656,0.5148,2.5187,10.3561,1614,1703.43
83661,-0.5794,2.4505,10.3597,1610,1703.43
83666,-1.1325,1.5479,11.2216,1624,1703.43
83671,-0.2933,0.2418,11.169,1611,1703.43
83676,-1.6532,0.1652,11.1019,1609,1703.43
83681,-1.4389,1.3707,10.7847,1609,1703.29
83686,-2.2841,2.162,10.4315,1619,1703.29
83691,0.3711,2.4493,10.2161,1613,1703.29
83696,-0.4022,2.6276,10.5824,1614,1703.29
83701,-1.1791,1.4281,11.0193,1623,1703.29
83706,-0.2682,0.3831,11.3353,1619,1703.29
83711,-1.6089,0.0994,10.9882,1598,1703.29
83716,-1.4796,1.4222,10.8781,1609,1703.24
83721,-2.2206,2.0267,10.2891,1615,1703.24
83726,0.1508,2.484,10.3597,1611,1703.24
83731,-0.2023,2.6624,10.5129,1621,1703.24
83736,-1.1803,1.5024,10.9858,1614,1703.24
83741,-0.2634,0.4178,11.3186,1629,1703.24
83746,-1.5359,0.0431,10.9786,1623,1703.24
83751,-1.4401,1.3755,11.1175,1623,1703.96
83756,-2.1548,1.8603,10.3106,1622,1703.96
83761,0.152,2.5666,10.5058,1623,1703.96
83766,-0.2215,2.6576,10.2675,1631,1703.96
83771,-1.2809,1.7825,10.969,1629,1703.96
83776,-0.3089,0.492,11.1833,1623,1703.96
83781,-1.5287,0.0587,11.0169,1614,1703.96
83786,-1.4329,1.2797,11.06,1619,1736.66
83791,-2.3379,1.7825,10.2328,1635,1736.66
83796,0.5267,2.6348,10.5524,1622,1736.66
83801,-0.5986,2.3786,10.2065,1599,1736.66
83806,-1.1779,1.6783,11.2516,1619,1736.66
83811,-0.2442,0.3017,11.072,1620,1736.66
83816,-1.6568,0.2274,11.0875,1635,1736.66
83821,-1.3755,1.3647,10.8362,1629,1751.77
83826,-2.3547,2.0794,10.4698,1613,1751.77
83831,1.0283,2.6695,10.4232,1621,1751.77
83836,-1.0475,2.2541,10.3944,1603,1751.77
83841,-0.9685,1.3575,11.2779,1629,1751.77
83846,-0.4549,0.2682,11.1282,1628,1751.77
83851,-1.6544,0.2981,10.9774,1613,1751.77
83856,-1.3671,1.4796,10.7308,1628,1753.46
83861,-2.0123,2.2781,10.5105,1627,1753.46
83866,1.3791,2.7916,10.4088,1609,1753.46
83871,-1.312,2.2901,10.58,1611,1753.46
83876,-0.7039,1.0151,11.1594,1623,1753.46
83881,-0.7781,0.2466,11.4323,1629,1753.46
83886,-1.6556,0.3819,10.8266,1638,1754.03
83891,-1.4102,1.6747,10.6949,1639,1754.03
83896,-1.4952,2.4325,10.398,1620,1754.03
83901,1.336,2.9772,10.4495,1611,1754.03
83906,-1.3276,2.2278,10.7153,1627,1754.03
83911,-0.4513,0.8547,11.0492,1637,1754.03
83916,-1.1145,0.158,11.4431,1613,1754.03
83921,-1.6233,0.5734,10.7033,1623,1754.33
83926,-1.5718,1.8292,10.7033,1619,1754.33
83931,-0.8308,2.3798,10.2723,1627,1754.33
83936,0.8978,3.0921,10.6087,1626,1754.33
83941,-1.3228,1.998,10.6781,1611,1754.33
83946,-0.2981,0.7865,11.2288,1629,1754.33
83951,-1.3479,0.0251,11.2563,1615,1754.33
83956,-1.6293,0.9062,10.8565,1612,1753.98
83961,-1.9034,1.9333,10.495,1623,1753.98
83966,-0.1891,2.3954,10.3884,1613,1753.98
83971,0.2562,3.0011,10.6482,1627,1753.98
83976,-1.3204,1.7274,10.7033,1619,1753.98
83981,-0.2873,0.6249,11.3138,1637,1753.98
83986,-1.4736,0.0156,10.9116,1611,1753.98
83991,-1.5455,1.2546,11.0385,1617,1754.08
83996,-2.2553,1.8483,10.2819,1625,1754.08
84001,0.3747,2.6169,10.4974,1625,1754.08
84006,-0.3926,2.6288,10.5417,1613,1754.08
84011,-1.2306,1.5479,10.9559,1637,1754.08
84016,-0.2921,0.3795,11.2504,1622,1754.08
84021,-1.5407,0.0491,10.8062,1625,1754.08
84026,-1.4257,1.5239,11.0528,1628,1754.08
84031,-2.3954,1.8699,10.1849,1613,1754.08
84036,0.8835,2.8551,10.6674,1615,1754.08
84041,-0.899,2.2817,10.3106,1610,1754.08
84046,-1.0678,1.4653,11.3054,1630,1754.08
84051,-0.4764,0.1664,11.0828,1629,1754.08
84056,-1.6316,0.1664,10.914,1613,1754.08
84061,-1.3443,1.6388,10.8769,1619,1753.41
84066,-2.1572,2.1081,10.3382,1622,1753.41
84071,1.3384,2.9197,10.647,1629,1753.41
84076,-1.2091,2.1883,10.331,1607,1753.41
84081,-0.7925,1.239,11.3856,1607,1753.41
84086,-0.6524,0.1221,11.1402,1623,1753.41
84091,-1.6807,0.3843,10.9223,1631,1753.67
84096,-1.4018,1.5933,10.5644,1639,1753.67
84101,-1.6257,2.3822,10.489,1639,1753.67
84106,1.385,2.9245,10.507,1609,1753.67
84111,-1.3827,2.229,10.5704,1621,1753.67
84116,-0.589,0.9565,11.2073,1628,1753.67
84121,-0.9337,0.1448,11.3078,1617,1753.67
84126,-1.6652,0.6009,10.9487,1629,1753.26
84131,-1.5335,1.6089,10.4543,1618,1753.26
84136,-1.0558,2.5271,10.5704,1627,1753.26
84141,1.0654,2.9449,10.3753,1625,1753.26
84146,-1.3431,2.1931,10.8936,1618,1753.26
84151,-0.3831,0.7278,11.0193,1623,1753.26
84156,-1.239,0.0551,11.4012,1614,1753.26
84161,-1.5886,0.7805,10.7859,1615,1753.21
84166,-1.8016,1.8244,10.5105,1623,1753.21
84171,-0.419,2.4624,10.3944,1612,1753.21
84176,0.4776,2.976,10.5082,1612,1753.21
84181,-1.2749,1.9824,10.975,1609,1753.21
84186,-0.2131,0.5555,11.0516,1639,1753.21
84191,-1.5179,0.1018,11.2839,1625,1753.21
84196,-1.5742,0.9625,10.7907,1613,1752.85
84201,-1.6783,1.8974,10.6003,1619,1752.85
84206,0.2334,2.3918,10.3166,1621,1752.85
84211,-0.2394,2.8395,10.6219,1635,1752.85
84216,-1.257,1.6053,10.9092,1635,1752.85
84221,-0.2753,0.4513,11.2683,1621,1752.85
84226,-1.5838,0.1329,11.0349,1620,1752.85
84231,-1.4988,1.2522,10.8541,1621,1752.69
84236,-2.3798,2.0219,10.4818,1631,1752.69
84241,0.7302,2.5917,10.3537,1627,1752.69
84246,-0.7985,2.5726,10.6147,1608,1752.69
84251,-1.1049,1.3611,11.0061,1625,1752.69
84256,-0.3998,0.3735,11.3006,1628,1752.69
84261,-1.5694,0.1041,10.7284,1637,1752.69
84266,-1.421,1.5526,10.981,1627,1752.69
84271,-2.2577,1.9884,10.2891,1609,1752.69
84276,1.166,2.879,10.6135,1623,1752.69
84281,-1.1552,2.3284,10.5105,1609,1752.69
84286,-0.8404,1.2641,11.1821,1624,1752.69
84291,-0.6369,0.2682,11.2527,1623,1752.69
84296,-1.5981,0.158,10.6291,1617,1752.69
84301,-1.3587,1.7178,10.8972,1631,1752.29
84306,-1.8902,2.1548,10.2268,1629,1752.29
84311,1.342,3.0454,10.7464,1606,1752.29
84316,-1.3647,2.1703,10.4256,1611,1752.29
84321,-0.5914,1.1456,11.3557,1621,1752.29
84326,-0.8871,0.1448,11.2659,1626,1752.29
84331,-1.6113,0.4357,10.8206,1636,1752.23
84336,-1.4341,1.6676,10.659,1624,1752.23
84341,-1.3228,2.3703,10.3681,1621,1752.23
84346,1.2294,3.0813,10.653,1611,1752.23
84351,-1.3587,2.0518,10.4758,1626,1752.23
84356,-0.4369,1.0151,11.3138,1629,1752.23
84361,-1.081,-0.0443,11.1486,1613,1752.23
84366,-1.6245,0.8523,10.981,1627,1751.93
84371,-1.6831,1.6532,10.3298,1623,1751.93
84376,-0.7135,2.5379,10.5381,1623,1751.93
84381,0.7865,2.9006,10.4782,1635,1751.93
84386,-1.324,2.0027,10.835,1609,1751.93
84391,-0.3292,0.7087,11.2073,1635,1751.93
84396,-1.2917,-0.0383,11.2049,1615,1751.93
84401,-1.6053,1.081,11.054,1613,1751.93
84406,-2.0267,1.6963,10.252,1625,1751.93
84411,-0.1245,2.5965,10.6075,1612,1751.93
84416,0.1185,2.7557,10.3597,1625,1751.93
84421,-1.2965,1.9345,11.0935,1621,1751.93
84426,-0.2454,0.4142,11.0133,1637,1751.93
84431,-1.4952,0.0718,11.1606,1609,1751.93
84436,-1.5012,1.2055,10.8517,1619,1751.98
84441,-2.2649,1.8854,10.3465,1627,1751.98
84446,0.4154,2.5929,10.4327,1624,1751.98
84451,-0.4034,2.5402,10.3609,1613,1751.98
84456,-1.2701,1.737,11.2037,1637,1751.98
84461,-0.3065,0.2239,11.0277,1621,1751.98
84466,-1.6712,0.1891,11.1223,1629,1751.98
84471,-1.4581,1.3431,10.6614,1628,1752.34
84476,-2.3296,2.0889,10.5644,1612,1752.34
84481,0.9134,2.6384,10.3022,1613,1752.34
84486,-0.929,2.4433,10.5345,1608,1752.34
84491,-1.1181,1.385,11.1259,1625,1752.34
84496,-0.3998,0.2454,11.2061,1629,1752.34
84501,-1.6891,0.1951,10.89,1619,1752.34
84506,-1.342,1.4952,10.7715,1612,1752.34
84511,-2.0997,2.2254,10.4639,1615,1752.34
84516,1.306,2.8024,10.3645,1627,1752.34
84521,-1.2342,2.3894,10.635,1599,1752.34
84526,-0.7937,1.1133,11.0552,1620,1752.34
84531,-0.6596,0.2885,11.4144,1617,1752.34
84536,-1.6891,0.2059,10.7308,1641,1751.93
84541,-1.3707,1.6771,10.7787,1639,1751.93
84546,-1.6245,2.2829,10.3202,1635,1751.93
84551,1.3827,3.0119,10.5261,1597,1751.93
84556,-1.3815,2.3164,10.6518,1623,1751.93
84561,-0.5136,0.9457,11.0887,1629,1751.93
84566,-1.0247,0.1496,11.473,1607,1751.93
84571,-1.6077,0.4609,10.6542,1639,1752.49
84576,-1.4593,1.8399,10.8122,1615,1752.49
84581,-1.0355,2.2901,10.2592,1625,1752.49
84586,1.1157,3.14,10.6734,1623,1752.49
84591,-1.3563,2.0279,10.5979,1621,1752.49
84596,-0.3508,0.9242,11.236,1629,1752.49
84601,-1.2725,0.0024,11.2168,1615,1752.49
84606,-1.6233,0.8164,10.7715,1621,1752.29
84611,-1.7645,1.8699,10.5273,1623,1752.29
84616,-0.4298,2.4026,10.3585,1613,1752.29
84621,0.4896,3.043,10.6638,1621,1752.29
84626,-1.336,1.7178,10.6578,1611,1752.29
84631,-0.243,0.7937,11.3389,1635,1752.29
84636,-1.4174,-0.0239,10.9918,1625,1752.29
84641,-1.5694,1.1863,10.9978,1615,1752.18
84646,-2.1979,1.901,10.3118,1613,1752.18
84651,0.152,2.5247,10.5381,1613,1752.18
84656,-0.164,2.7533,10.4698,1635,1752.18
84661,-1.2067,1.6245,10.8649,1635,1752.18
84666,-0.3089,0.4824,11.2085,1626,1752.18
84671,-1.5083,-0.006,10.8804,1619,1752.18
84676,-1.4988,1.4593,11.0732,1621,1751.88
84681,-2.3559,1.8747,10.1981,1637,1751.88
84686,0.65,2.7354,10.6482,1624,1751.88
84691,-0.7614,2.3774,10.2987,1607,1751.88
84696,-1.0846,1.5778,11.1737,1622,1751.88
84701,-0.4597,0.261,11.1223,1623,1751.88
84706,-1.5826,0.1269,10.8804,1635,1751.88
84711,-1.3803,1.585,10.9547,1627,1751.93
84716,-2.2553,2.065,10.2783,1615,1751.93
84721,1.1289,2.8551,10.6111,1622,1751.93
84726,-1.1145,2.1967,10.2975,1611,1751.93
84731,-0.9457,1.3838,11.3593,1628,1751.93
84736,-0.5543,0.1939,11.1163,1628,1751.93
84741,-1.6556,0.2705,10.9188,1612,1751.93
84746,-1.4269,1.5742,10.7129,1627,1752.29
84751,-1.8687,2.3116,10.4399,1625,1752.29
84756,1.3443,2.8611,10.5381,1611,1752.29
84761,-1.3024,2.241,10.5105,1609,1752.29
84766,-0.6919,1.0582,11.2755,1619,1752.29
84771,-0.753,0.1233,11.2587,1625,1752.29
84776,-1.6245,0.5195,10.9487,1633,1752.64
84781,-1.4808,1.5586,10.5129,1641,1752.64
84786,-1.3228,2.5127,10.5536,1635,1752.64
84791,1.2653,2.8874,10.4279,1609,1752.64
84796,-1.342,2.2661,10.75,1628,1752.64
84801,-0.5124,0.8021,11.0887,1639,1752.64
84806,-1.0523,0.0946,11.3617,1608,1752.64
84811,-1.6281,0.6919,10.8541,1620,1752.64
84816,-1.6855,1.7394,10.5177,1624,1752.64
84821,-0.747,2.5283,10.5273,1627,1752.64
84826,0.8045,2.9329,10.4579,1635,1752.64
84831,-1.3479,2.1261,10.9475,1609,1752.64
84836,-0.3352,0.6009,11.0397,1628,1752.64
84841,-1.324,0.1221,11.3521,1613,1752.64
84846,-1.567,0.893,10.7428,1615,1752.8
84851,-1.98,1.9261,10.5596,1623,1752.8
84856,-0.1903,2.4265,10.3956,1612,1752.8
84861,0.1784,2.8647,10.5309,1625,1752.8
84866,-1.336,1.8531,10.9379,1615,1752.8
84871,-0.2298,0.5148,11.1091,1635,1752.8
84876,-1.5407,0.0934,11.2073,1607,1752.8
84881,-1.5634,1.0714,10.7835,1618,1752.75
84886,-2.2661,2.053,10.5034,1625,1752.75
84891,0.3998,2.4397,10.2855,1623,1752.75
84896,-0.4681,2.6803,10.6518,1624,1752.75
84901,-1.2725,1.5311,10.9367,1627,1752.75
84906,-0.2346,0.3915,11.2659,1621,1752.75
84911,-1.6005,0.1101,10.914,1625,1752.75
84916,-1.4234,1.397,10.8589,1625,1752.8
84921,-2.3619,2.0339,10.3825,1629,1752.8
84926,0.9601,2.7114,10.4675,1613,1752.8
84931,-0.9673,2.4241,10.5632,1593,1752.8
84936,-1.0618,1.3479,11.0576,1629,1752.8
84941,-0.4429,0.3112,11.3342,1629,1752.8
84946,-1.6305,0.103,10.659,1637,1752.8
84951,-1.3443,1.6604,10.9487,1619,1752.69
84956,-2.1296,2.1069,10.2568,1613,1752.69
84961,1.3001,3.0047,10.6626,1619,1752.69
84966,-1.3288,2.2122,10.4878,1608,1752.69
84971,-0.7219,1.1648,11.2216,1621,1752.69
84976,-0.729,0.2095,11.3234,1613,1752.69
84981,-1.6101,0.2562,10.6925,1624,1752.69
84986,-1.3252,1.6975,10.8589,1631,1752.54
84991,-1.6735,2.2374,10.234,1635,1752.54
84996,1.409,3.1173,10.7308,1609,1752.54
85001,-1.403,2.0818,10.4124,1614,1752.54
85006,-0.4705,1.1325,11.376,1625,1752.54
85011,-0.978,0.0503,11.2228,1625,1752.54
85016,-1.6209,0.6105,10.8397,1634,1752.39
85021,-1.482,1.6364,10.574,1611,1752.39
85026,-1.0618,2.4325,10.3765,1623,1752.39
85031,1.0942,3.0765,10.6051,1618,1752.39
85036,-1.3743,1.998,10.5477,1621,1752.39
85041,-0.3938,0.9242,11.3533,1636,1752.39
85046,-1.1911,-0.0335,11.1378,1612,1752.39
85051,-1.5933,0.9697,11.0864,1619,1752.39
85056,-1.8663,1.6005,10.313,1627,1752.39
85061,-0.4046,2.5247,10.6075,1613,1752.39
85066,0.4262,2.897,10.4291,1639,1752.39
85071,-1.3036,1.9285,10.9008,1607,1752.39
85076,-0.3124,0.6572,11.2408,1631,1752.39
85081,-1.4078,-0.0156,11.1306,1625,1752.39
85086,-1.5945,1.2198,11.0935,1629,1751.88
85091,-2.1703,1.7478,10.2101,1615,1751.88
85096,0.1592,2.6025,10.647,1615,1751.88
85101,-0.1592,2.6384,10.3585,1635,1751.88
85106,-1.2629,1.8196,11.169,1626,1751.88
85111,-0.328,0.3196,11.0947,1635,1751.88
85116,-1.549,0.1173,11.0947,1611,1751.88
85121,-1.4461,1.318,10.8386,1619,1752.29
85126,-2.3056,1.9537,10.3837,1631,1752.29
85131,0.6835,2.6181,10.4004,1623,1752.29
85136,-0.6907,2.4157,10.3501,1611,1752.29
85141,-1.1935,1.6041,11.2468,1620,1752.29
85146,-0.3053,0.2119,11.0421,1623,1752.29
85151,-1.64,0.2035,11.0433,1635,1752.29
85156,-1.4545,1.4389,10.7308,1629,1752.39
85161,-2.1871,2.1356,10.4447,1613,1752.39
85166,1.1133,2.6995,10.4004,1621,1752.39
85171,-1.1085,2.3798,10.4818,1609,1752.39
85176,-1.0247,1.2689,11.1725,1637,1752.39
85181,-0.5195,0.2825,11.2899,1634,1752.39
85186,-1.6556,0.2274,10.9212,1613,1752.39
85191,-1.3731,1.5598,10.6829,1621,1752.03
85196,-1.8399,2.2913,10.4675,1623,1752.03
85201,1.3779,2.806,10.3633,1610,1752.03
85206,-1.2558,2.3786,10.6757,1609,1752.03
85211,-0.7374,0.9577,11.1103,1621,1752.03
85216,-0.8009,0.2765,11.4754,1627,1752.03
85221,-1.652,0.3519,10.7009,1637,1752.39
85226,-1.4186,1.7442,10.7344,1639,1752.39
85231,-2.0399,2.0818,10.2125,1637,1752.39
85236,1.2857,3.0203,10.5465,1609,1752.39
85241,-1.2809,2.2422,10.4184,1626,1752.39
85246,-0.7278,1.1289,11.2384,1639,1752.39
85251,-0.7614,0.2095,11.3557,1613,1752.39
85256,-1.6544,0.2418,10.7057,1621,1752.54
85261,-1.3228,1.8076,10.8326,1621,1752.54
85266,-1.5646,2.2218,10.167,1641,1752.54
85271,1.3779,3.1077,10.7703,1629,1752.54
85276,-1.3958,2.0351,10.4627,1611,1752.54
85281,-0.4896,1.1121,11.376,1623,1752.54
85286,-1.0511,0.067,11.2707,1617,1752.54
85291,-1.6676,0.6081,10.8685,1615,1752.75
85296,-1.5275,1.6963,10.6195,1621,1752.75
85301,-0.9697,2.4217,10.3693,1611,1752.75
85306,0.996,3.1053,10.6051,1621,1752.75
85311,-1.3611,1.9237,10.5692,1607,1752.75
85316,-0.3364,0.9421,11.3078,1640,1752.75
85321,-1.2342,-0.0563,11.1175,1622,1752.75
85326,-1.64,1.0391,11.1019,1613,1752.8
85331,-1.9046,1.7526,10.2915,1619,1752.8
85336,-0.3077,2.5175,10.5608,1621,1752.8
85341,0.3124,2.8228,10.4232,1621,1752.8
85346,-1.2893,1.828,10.8685,1635,1752.8
85351,-0.3029,0.5806,11.1522,1621,1752.8
85356,-1.4676,0.0108,11.066,1623,1752.8
85361,-1.5359,1.2617,11.0768,1623,1752.34
85366,-2.2625,1.8352,10.2891,1635,1752.34
85371,0.2849,2.5941,10.6111,1611,1752.34
85376,-0.3723,2.5127,10.3034,1611,1752.34
85381,-1.2007,1.7741,11.151,1628,1752.34
85386,-0.3124,0.2765,11.0205,1627,1752.34
85391,-1.5742,0.1544,11.0875,1638,1752.34
85396,-1.4425,1.3587,10.8781,1617,1752.69
85401,-2.3583,2.0063,10.3848,1613,1752.69
85406,0.8092,2.6755,10.5405,1625,1752.69
85411,-0.8428,2.3104,10.3214,1608,1752.69
85416,-1.0882,1.5467,11.3066,1619,1752.69
85421,-0.3938,0.2167,11.0289,1619,1752.69
85426,-1.6316,0.2622,11.0708,1623,1752.69
85431,-1.4485,1.4533,10.6434,1631,1752.85
85436,-2.1763,2.2242,10.4998,1629,1752.85
85441,1.2139,2.7509,10.3932,1608,1752.85
85446,-1.1923,2.302,10.4555,1615,1752.85
85451,-0.8595,1.1827,11.2085,1622,1752.85
85456,-0.6057,0.2646,11.2216,1629,1752.85
85461,-1.5969,0.334,10.8613,1636,1753.26
85466,-1.4126,1.5754,10.6722,1620,1753.26
85471,-1.6987,2.4062,10.5165,1625,1753.26
85476,1.3515,2.8132,10.4579,1614,1753.26
85481,-1.342,2.3679,10.6997,1627,1753.26
85486,-0.6596,0.8799,11.0708,1639,1753.26
85491,-0.8763,0.2155,11.4287,1613,1753.26
85496,-1.5981,0.4405,10.7332,1624,1753.62
85501,-1.506,1.7035,10.6231,1625,1753.62
85506,-1.142,2.4612,10.3956,1622,1753.62
85511,1.1301,2.9796,10.4854,1639,1753.62
85516,-1.3276,2.2637,10.7847,1609,1753.62
85521,-0.4369,0.7638,11.048,1641,1753.62
85526,-1.1923,0.097,11.4275,1621,1753.62
85531,-1.6233,0.6404,10.7667,1614,1752.44
85536,-1.7011,1.8651,10.6506,1615,1752.44
85541,-0.5459,2.4086,10.3011,1613,1752.44
85546,0.6225,3.0718,10.6925,1631,1752.44
85551,-1.3312,1.9094,10.7847,1623,1752.44
85556,-0.2418,0.6572,11.1678,1638,1752.44
85561,-1.4138,0.0239,11.1917,1611,1752.44
85566,-1.579,0.9625,10.8661,1623,1752.75
85571,-2.0446,1.9716,10.4902,1631,1752.75
85576,-0.0275,2.4253,10.3453,1623,1752.75
85581,0.0,2.897,10.6889,1608,1752.75
85586,-1.3515,1.6508,10.8374,1615,1752.75
85591,-0.2023,0.5124,11.3078,1621,1752.75
85596,-1.561,0.0168,10.9702,1629,1752.75
85601,-1.5024,1.3072,10.9212,1627,1753.05
85606,-2.3367,1.9489,10.3214,1614,1753.05
85611,0.5459,2.6564,10.4998,1621,1753.05
85616,-0.6333,2.6049,10.556,1609,1753.05
85621,-1.2258,1.4653,10.993,1637,1753.05
85626,-0.3304,0.3256,11.2875,1631,1753.05
85631,-1.5862,0.0419,10.75,1610,1753.05
85636,-1.3791,1.6281,11.0349,1627,1752.75
85641,-2.3595,1.9549,10.2101,1615,1752.75
85646,1.0403,2.9221,10.665,1613,1752.75
85651,-1.1037,2.2649,10.3609,1609,1752.75
85656,-0.9469,1.3874,11.2599,1618,1752.75
85661,-0.5136,0.1951,11.1941,1626,1752.75
85666,-1.634,0.1437,10.7895,1636,1752.69
85671,-1.2965,1.6484,10.8828,1643,1752.69
85676,-2.0195,2.1703,10.2424,1637,1752.69
85681,1.4042,3.0634,10.6757,1609,1752.69
85686,-1.0283,2.2721,10.3968,1627,1752.69
85691,-0.6704,1.2426,11.3928,1637,1752.69
85696,-0.7638,0.0982,11.1857,1613,1752.69
85701,-1.64,0.425,10.8362,1619,1753.36
85706,-1.3743,1.6089,10.5764,1622,1753.36
85711,-1.4964,2.3691,10.3956,1623,1753.36
85716,1.3396,3.0131,10.556,1631,1753.36
85721,-1.3551,2.1296,10.5082,1609,1753.36
85726,-0.4597,1.0092,11.3353,1623,1753.36
85731,-1.0343,0.0599,11.2492,1619,1753.36
85736,-1.6221,0.7781,10.9942,1619,1753.62
85741,-1.6795,1.5718,10.3202,1619,1753.62
85746,-0.8128,2.5726,10.5656,1613,1753.62
85751,0.8655,2.8958,10.4148,1621,1753.62
85756,-1.3479,2.0698,10.8517,1612,1753.62
85761,-0.3412,0.8128,11.1211,1637,1753.62
85766,-1.3288,0.0467,11.23,1623,1753.62
85771,-1.5862,1.0127,10.9678,1613,1753.41
85776,-1.98,1.6903,10.2939,1624,1753.41
85781,-0.2227,2.5115,10.5512,1621,1753.41
85786,0.1963,2.7821,10.331,1625,1753.41
85791,-1.2605,1.9237,11.0361,1637,1753.41
85796,-0.2873,0.4884,11.0732,1619,1753.41
85801,-1.4892,0.1233,11.2611,1625,1753.41
85806,-1.5383,1.154,10.8469,1624,1753.36
85811,-2.2757,1.8914,10.4339,1625,1753.36
85816,0.3627,2.4995,10.4196,1618,1753.36
85821,-0.4405,2.5786,10.4351,1607,1753.36
85826,-1.2414,1.6807,11.1797,1629,1753.36
85831,-0.3268,0.2897,11.0696,1629,1753.36
85836,-1.6137,0.2155,11.1282,1635,1753.36
85841,-1.4844,1.3072,10.7212,1607,1753.41
85846,-2.2793,2.0949,10.5177,1613,1753.41
85851,0.8667,2.5714,10.3058,1625,1753.41
85856,-0.9146,2.4744,10.6051,1611,1753.41
85861,-1.0415,1.3132,11.1187,1611,1753.41
85866,-0.4226,0.3268,11.2288,1615,1753.41
85871,-1.5945,0.1664,10.8445,1623,1753.41
85876,-1.4317,1.5479,10.7847,1639,1753.87
85881,-2.0722,2.2075,10.3968,1635,1753.87
85886,1.2629,2.8072,10.4052,1605,1753.87
85891,-1.1708,2.4397,10.6123,1619,1753.87
85896,-0.8487,1.075,11.0516,1628,1753.87
85901,-0.6931,0.3077,11.4575,1624,1753.87
85906,-1.6185,0.2346,10.6901,1635,1753.98
85911,-1.3683,1.7322,10.8086,1619,1753.98
85916,-1.5814,2.247,10.2939,1627,1753.98
85921,1.3228,3.0203,10.5524,1619,1753.98
85926,-1.2905,2.2972,10.5824,1618,1753.98
85931,-0.5447,0.8906,11.1091,1631,1753.98
85936,-0.9828,0.1293,11.4323,1615,1753.98
85941,-1.6257,0.48,10.6662,1625,1753.82
85946,-1.5143,1.8375,10.7715,1628,1753.82
85951,-1.063,2.3068,10.2687,1612,1753.82
85956,1.0511,3.0861,10.671,1623,1753.82
85961,-1.3551,2.0075,10.574,1611,1753.82
85966,-0.3292,0.8859,11.2743,1637,1753.82
85971,-1.2282,0.0275,11.2803,1626,1753.82
85976,-1.6209,0.8464,10.8338,1615,1753.92
85981,-1.8052,1.895,10.5141,1613,1753.92
85986,-0.4441,2.3834,10.4112,1615,1753.92
85991,0.4286,2.9987,10.6638,1635,1753.92
85996,-1.3611,1.7418,10.7871,1628,1753.92
86001,-0.2179,0.7219,11.3318,1621,1753.92
86006,-1.4521,-0.0096,10.9834,1615,1753.92
86011,-1.5838,1.1911,11.0337,1621,1754.39
86016,-2.2027,1.8699,10.3034,1637,1754.39
86021,0.1915,2.5235,10.556,1625,1754.39
86026,-0.316,2.6995,10.4734,1609,1754.39
86031,-1.2558,1.6005,10.9678,1621,1754.39
86036,-0.2502,0.4166,11.2695,1623,1754.39
86041,-1.5455,0.0311,10.8996,1636,1754.39
86046,-1.47,1.4664,11.0947,1627,1754.33
86051,-2.4313,1.895,10.222,1611,1754.33
86056,0.7614,2.812,10.5931,1623,1754.33
86061,-0.8847,2.302,10.3465,1607,1754.33
86066,-1.0427,1.5359,11.2432,1625,1754.33
86071,-0.4274,0.1867,11.1187,1623,1754.33
86076,-1.6424,0.1113,10.8517,1613,1754.33
86081,-1.3396,1.5479,10.8888,1629,1754.08
86086,-2.2338,2.1021,10.3358,1636,1754.08
86091,1.2103,2.9209,10.653,1605,1754.08
86096,-1.2725,2.138,10.3166,1613,1754.08
86101,-0.7829,1.3072,11.3892,1621,1754.08
86106,-0.6141,0.1712,11.084,1629,1754.08
86111,-1.6197,0.3256,10.8649,1638,1753.87
86116,-1.3695,1.5251,10.6566,1625,1753.87
86121,-1.737,2.3427,10.4842,1619,1753.87
86126,1.3803,2.9544,10.5237,1597,1753.87
86131,-1.3671,2.1799,10.5225,1640,1753.87
86136,-0.5626,1.0403,11.297,1640,1753.87
86141,-0.8535,0.0886,11.2061,1613,1753.87
86146,-1.6221,0.5842,10.914,1624,1753.41
86151,-1.5203,1.5431,10.4327,1624,1753.41
86156,-1.154,2.5546,10.568,1621,1753.41
86161,1.1001,2.9173,10.4267,1636,1753.41
86166,-1.3288,2.2505,10.805,1608,1753.41
86171,-0.4274,0.753,11.0816,1635,1753.41
86176,-1.1672,0.0299,11.376,1627,1753.41
86181,-1.5874,0.8296,10.8996,1615,1753.51
86186,-1.8028,1.6807,10.3825,1623,1753.51
86191,-0.5028,2.5678,10.5848,1613,1753.51
86196,0.5567,2.9161,10.3669,1629,1753.51
86201,-1.324,2.0578,10.9942,1625,1753.51
86206,-0.2873,0.5507,11.0038,1639,1753.51
86211,-1.3946,0.0742,11.2839,1611,1753.51
86216,-1.5191,0.9912,10.805,1618,1753.92
86221,-2.0973,1.9333,10.4627,1630,1753.92
86226,0.0814,2.484,10.4076,1624,1753.92
86231,-0.1137,2.7952,10.4734,1611,1753.92
86236,-1.3264,1.7753,11.0277,1615,1753.92
86241,-0.2598,0.425,11.1079,1623,1753.92
86246,-1.5191,0.1568,11.0899,1640,1753.92
86251,-1.5155,1.1983,10.7667,1631,1754.75
86256,-2.3176,2.0111,10.5225,1618,1754.75
86261,0.6153,2.5414,10.3142,1618,1754.75
86266,-0.6548,2.5929,10.6626,1615,1754.75
86271,-1.239,1.4497,11.0073,1637,1754.75
86276,-0.3256,0.3663,11.3018,1635,1754.75
86281,-1.5981,0.1125,10.8182,1613,1754.75
86286,-1.4234,1.4748,10.8577,1627,1755.67
86291,-2.217,2.0494,10.392,1619,1755.67
86296,1.0942,2.7665,10.4267,1615,1755.67
86301,-1.136,2.4217,10.5872,1607,1755.67
86306,-0.9493,1.2079,11.1235,1621,1755.67
86311,-0.5231,0.3508,11.4215,1629,1755.67
86316,-1.6544,0.0802,10.6362,1638,1755.98
86321,-1.3695,1.6747,10.9116,1635,1755.98
86326,-1.8675,2.1895,10.2053,1629,1755.98
86331,1.3659,3.0263,10.6267,1611,1755.98
86336,-1.3264,2.2589,10.5608,1627,1755.98
86341,-0.6476,1.075,11.1761,1639,1755.98
86346,-0.8332,0.1963,11.4586,1609,1755.98
86351,-1.6628,0.334,10.7009,1619,1756.18
86356,-1.4569,1.7885,10.7727,1623,1756.18
86361,-1.2426,2.2673,10.1957,1627,1756.18
86366,1.2498,3.0885,10.7093,1637,1756.18
86371,-1.3994,1.992,10.5249,1613,1756.18
86376,-0.3795,1.0032,11.3282,1634,1756.18
86381,-1.1181,0.0467,11.2468,1621,1756.18
86386,-1.6616,0.7649,10.8733,1617,1756.65
86391,-1.719,1.7789,10.4914,1625,1756.65
86396,-0.5914,2.4062,10.3825,1612,1756.65
86401,0.6033,3.0035,10.659,1628,1756.65
86406,-1.3575,1.81,10.6925,1623,1756.65
86411,-0.267,0.8284,11.2731,1641,1756.65
86416,-1.336,-0.0132,11.0504,1611,1756.65
86421,-1.6089,1.1756,11.0959,1615,1756.8
86426,-2.1524,1.7825,10.3142,1627,1756.8
86431,0.1281,2.5414,10.5608,1623,1756.8
86436,-0.1484,2.6947,10.4196,1611,1756.8
86441,-1.2929,1.731,10.9738,1619,1756.8
86446,-0.2514,0.4573,11.1809,1620,1756.8
86451,-1.4976,0.079,10.92,1635,1756.8
86456,-1.506,1.4042,11.0468,1629,1756.29
86461,-2.3918,1.8735,10.2292,1617,1756.29
86466,0.7254,2.7545,10.6769,1613,1756.29
86471,-0.8164,2.3607,10.3142,1619,1756.29
86476,-1.0858,1.6005,11.2575,1636,1756.29
86481,-0.3567,0.2298,11.0732,1629,1756.29
86486,-1.5909,0.2059,10.9942,1613,1756.29
86491,-1.4018,1.5024,10.8481,1627,1756.03
86496,-2.2446,2.1141,10.3334,1625,1756.03
86501,1.1911,2.8323,10.6063,1609,1756.03
86506,-1.2163,2.1991,10.3178,1611,1756.03
86511,-0.8715,1.3324,11.3976,1621,1756.03
86516,-0.5854,0.1999,11.139,1626,1756.03
86521,-1.6472,0.3472,10.9702,1638,1755.93
86526,-1.3827,1.5107,10.5836,1639,1755.93
86531,-1.7238,2.3703,10.5046,1623,1755.93
86536,1.3898,2.8299,10.5093,1611,1755.93
86541,-1.3479,2.2314,10.5177,1627,1755.93
86546,-0.6117,1.0056,11.2815,1640,1755.93
86551,-0.8356,0.158,11.2803,1613,1755.93
86556,-1.6113,0.5902,10.9032,1619,1755.87
86561,-1.5359,1.5646,10.4854,1629,1755.87
86566,-1.1193,2.5163,10.55,1621,1755.87
86571,1.1408,2.8862,10.3944,1633,1755.87
86576,-1.3024,2.2434,10.8278,1609,1755.87
86581,-0.395,0.7446,11.054,1635,1755.87
86586,-1.1863,0.1245,11.4299,1623,1755.87
86591,-1.5945,0.8248,10.7967,1613,1755.93
86596,-1.828,1.7478,10.4519,1625,1755.93
86601,-0.5279,2.4828,10.4256,1607,1755.93
86606,0.5399,2.9485,10.4327,1627,1755.93
86611,-1.2965,1.9944,11.0038,1622,1755.93
86616,-0.2885,0.5291,11.0169,1633,1755.93
86621,-1.4413,0.1065,11.3042,1611,1755.93
86626,-1.5407,0.9924,10.8218,1613,1756.34
86631,-2.1488,1.9884,10.562,1627,1756.34
86636,0.152,2.4493,10.3262,1623,1756.34
86641,-0.1401,2.7952,10.5955,1611,1756.34
86646,-1.3264,1.6604,10.9762,1615,1756.34
86651,-0.2274,0.4082,11.1486,1621,1756.34
86656,-1.5886,0.158,11.0241,1633,1756.34
86661,-1.4521,1.2426,10.7595,1631,1756.39
86666,-2.3104,2.0758,10.5189,1613,1756.39
86671,0.6895,2.5414,10.3011,1621,1756.39
86676,-0.7302,2.5821,10.6111,1619,1756.39
86681,-1.2031,1.3623,11.0085,1637,1756.39
86686,-0.3077,0.3352,11.2707,1635,1756.39
86691,-1.5658,0.1006,10.7188,1613,1756.39
86696,-1.3671,1.5167,10.8757,1625,1756.18
86701,-2.1811,2.0925,10.3848,1626,1756.18
86706,1.1684,2.8563,10.495,1609,1756.18
86711,-1.1576,2.3487,10.6039,1609,1756.18
86716,-0.9194,1.1169,11.1318,1623,1756.18
86721,-0.5698,0.2861,11.3545,1629,1756.18
86726,-1.6161,0.1101,10.635,1631,1756.65
86731,-1.3324,1.7645,10.9547,1636,1756.65
86736,-1.7873,2.1883,10.2412,1619,1756.65
86741,1.336,3.0885,10.7224,1611,1756.65
86746,-1.3743,2.1931,10.4878,1624,1756.65
86751,-0.6021,1.0415,11.248,1639,1756.65
86756,-0.9002,0.1389,11.3353,1613,1756.65
86761,-1.6328,0.4178,10.7093,1623,1756.8
86766,-1.421,1.7837,10.7703,1624,1756.8
86771,-1.1744,2.308,10.2819,1631,1756.8
86776,1.1277,3.1699,10.6674,1637,1756.8
86781,-1.3731,1.9668,10.4794,1609,1756.8
86786,-0.3376,0.9744,11.2599,1630,1756.8
86791,-1.1947,0.0287,11.1546,1621,1756.8
86796,-1.6975,0.8368,10.9259,1619,1756.44
86801,-1.8555,1.7382,10.4351,1621,1756.44
86806,-0.4824,2.4325,10.4627,1612,1756.44
86811,0.4633,3.0047,10.6111,1627,1756.44
86816,-1.3731,1.8052,10.744,1625,1756.44
86821,-0.2406,0.7805,11.2875,1637,1756.44
86826,-1.4102,-0.0467,10.9714,1611,1756.44
86831,-1.5718,1.1791,11.0804,1619,1755.67
86836,-2.2194,1.7897,10.2173,1627,1755.67
86841,0.1951,2.5474,10.5812,1624,1755.67
86846,-0.2646,2.6887,10.4172,1609,1755.67
86851,-1.2222,1.7418,11.0456,1614,1755.67
86856,-0.316,0.401,11.218,1619,1755.67
86861,-1.5562,0.0862,10.9403,1631,1755.67
86866,-1.4389,1.4078,11.0492,1631,1754.59
86871,-2.3834,1.8747,10.2891,1622,1754.59
86876,0.7649,2.7222,10.6853,1615,1754.59
86881,-0.8823,2.3355,10.3154,1610,1754.59
86886,-1.063,1.6017,11.321,1635,1754.59
86891,-0.4573,0.1784,11.0468,1629,1754.59
86896,-1.5802,0.1987,10.9295,1613,1754.59
86901,-1.4078,1.4808,10.8014,1627,1753.98
86906,-2.1931,2.0973,10.3968,1624,1753.98
86911,1.1959,2.8264,10.5297,1619,1753.98
86916,-1.221,2.211,10.3884,1599,1753.98
86921,-0.8344,1.3108,11.3342,1621,1753.98
86926,-0.577,0.1903,11.1474,1613,1753.98
86931,-1.6161,0.3484,10.9427,1635,1753.46
86936,-1.4293,1.4593,10.5788,1641,1753.46
86941,-1.7514,2.3978,10.4734,1631,1753.46
86946,1.3946,2.8491,10.477,1607,1753.46
86951,-1.3695,2.3188,10.6291,1622,1753.46
86956,-0.6117,1.0116,11.1713,1637,1753.46
86961,-0.82,0.1939,11.3772,1613,1753.46
86966,-1.5909,0.5638,10.8517,1620,1753.57
86971,-1.5071,1.579,10.4567,1623,1753.57
86976,-1.1803,2.5079,10.556,1625,1753.57
86981,1.1696,2.897,10.3777,1634,1753.57
86986,-1.3396,2.2314,10.8625,1613,1753.57
86991,-0.4154,0.7266,11.0397,1623,1753.57
86996,-1.1289,0.1173,11.4323,1615,1753.57
87001,-1.5766,0.741,10.7967,1609,1753.41
87006,-1.7633,1.7861,10.5273,1623,1753.41
87011,-0.5794,2.4732,10.4303,1611,1753.41
87016,0.6548,2.9461,10.5393,1622,1753.41
87021,-1.3312,2.0183,10.9451,1613,1753.41
87026,-0.2622,0.5866,11.054,1639,1753.41
87031,-1.4341,0.1341,11.3294,1621,1753.41
87036,-1.5407,0.9601,10.756,1605,1753.31
87041,-2.0183,1.9776,10.5285,1613,1753.31
87046,-0.0192,2.4146,10.2903,1617,1753.31
87051,0.0311,2.8778,10.5848,1620,1753.31
87056,-1.3719,1.6891,10.9379,1635,1753.31
87061,-0.2215,0.4717,11.1869,1623,1753.31
87066,-1.573,0.091,11.0421,1621,1753.31
87071,-1.5143,1.1959,10.8242,1624,1753.31
87076,-2.3056,2.0255,10.4495,1626,1753.31
87081,0.5555,2.4972,10.3214,1615,1753.31
87086,-0.5854,2.6001,10.6805,1606,3639.89
87091,-1.2294,1.4664,10.9331,1630,3639.89
87096,-0.2693,0.3891,11.3425,1627,3639.89
87101,-1.6125,0.073,10.7847,1635,3639.89
87106,-1.4341,1.5359,10.9451,1611,3383.52
87111,-2.2781,2.0267,10.2568,1617,3383.52
87116,1.0199,2.7869,10.4663,1614,3383.52
87121,-1.1013,2.3715,10.4531,1609,3383.52
87126,-0.9589,1.2414,11.1271,1613,3383.52
87131,-0.5207,0.3065,11.3629,1613,3383.52
87136,-1.6316,0.0814,10.6638,1614,3383.52
87141,-1.3156,1.7142,10.9439,1633,1753.41
87146,-2.0183,2.065,10.1382,1631,1753.41
87151,1.3168,3.0562,10.7093,1610,1753.41
87156,-1.3324,2.1943,10.4016,1615,1753.41
87161,-0.6788,1.1444,11.315,1623,1753.41
87166,-0.7961,0.2011,11.3198,1623,1753.41
87171,-1.6029,0.3436,10.7775,1639,1753.41
87176,-1.3611,1.7514,10.7835,1615,1753.41
87181,-1.4569,2.3008,10.2711,1624,1753.41
87186,1.3216,3.1173,10.6698,1619,1753.41
87191,-1.4234,2.0626,10.4172,1618,1753.41
87196,-0.4489,1.0762,11.4024,1633,1753.41
87201,-1.0762,-0.0395,11.2192,1618,1753.41
87206,-1.6305,0.7434,10.9343,1625,1753.67
87211,-1.5969,1.6412,10.4555,1625,1753.67
87216,-0.7937,2.4876,10.5213,1615,1753.67
87221,0.8727,3.0119,10.5393,1639,1753.67
87226,-1.3408,1.9142,10.6985,1607,1753.67
87231,-0.3041,0.8428,11.2671,1635,1753.67
87236,-1.3204,-0.067,11.0959,1627,1753.67
87241,-1.6077,1.0953,11.1115,1613,1753.57
87246,-2.0315,1.7466,10.2508,1618,1753.57
87251,-0.1724,2.5606,10.6051,1614,1753.57
87256,0.1532,2.7857,10.3525,1635,1753.57
87261,-1.2474,1.8878,10.9499,1635,1753.57
87266,-0.2873,0.4968,11.0708,1629,1753.57
87271,-1.4832,0.0156,11.0792,1613,1753.57
87276,-1.5335,1.257,11.0564,1619,1753.72
87281,-2.3116,1.8603,10.2867,1625,1753.72
87286,0.4369,2.6205,10.5584,1613,1753.72
87291,-0.5088,2.4517,10.3154,1609,1753.72
87296,-1.1456,1.7226,11.224,1621,1753.72
87301,-0.328,0.2334,11.0073,1619,1753.72
87306,-1.6029,0.1772,11.1019,1635,1753.72
87311,-1.4676,1.3934,10.805,1635,1753.92
87316,-2.332,2.059,10.4519,1615,1753.92
87321,0.9038,2.6707,10.4471,1622,1753.92
87326,-0.9852,2.3427,10.4148,1610,1753.92
87331,-1.0331,1.4497,11.248,1625,1753.92
87336,-0.4298,0.237,11.1127,1629,1753.92
87341,-1.64,0.1867,10.9463,1611,1753.92
87346,-1.4162,1.4868,10.6542,1626,1754.13
87351,-2.0303,2.2996,10.507,1627,1754.13
87356,1.2534,2.7833,10.4315,1607,1754.13
87361,-1.2641,2.393,10.6051,1609,1754.13
87366,-0.8332,1.075,11.2025,1619,1754.13
87371,-0.7027,0.2682,11.3569,1629,1754.13
87376,-1.652,0.3136,10.7727,1639,1754.44
87381,-1.4569,1.6221,10.6386,1633,1754.44
87386,-1.5502,2.3762,10.4998,1621,1754.44
87391,1.3312,2.8635,10.4818,1609,1754.44
87396,-1.3084,2.3451,10.7344,1627,1754.44
87401,-0.559,0.8679,11.0552,1629,1754.44
87406,-0.9541,0.2526,11.4946,1587,1754.44
87411,-1.6819,0.6812,10.6698,1605,1751.57
87416,-1.5814,1.7681,10.586,1606,1751.57
87421,-1.0846,2.2565,10.3741,1613,1751.57
87426,1.2103,2.9365,10.6386,1619,1751.57
87431,-1.2594,2.0399,10.7847,1607,1751.57
87436,-0.3555,0.6393,11.1725,1621,1751.57
87441,-1.2474,0.1317,11.3365,1605,1751.57
87446,-1.7011,0.8152,10.6865,1611,1716.84
87451,-1.4952,2.0482,10.6734,1608,1716.84
87456,-1.1001,2.3559,10.1586,1617,1716.84
87461,1.2031,3.0957,10.7488,1615,1716.84
87466,-1.3874,1.9417,10.6422,1609,1716.84
87471,-0.3436,0.7075,11.3353,1625,1716.84
87476,-1.1971,-0.0455,11.2492,1607,1716.84
87481,-1.6927,0.7566,10.8302,1609,1705.61
87486,-1.385,1.968,10.6219,1608,1705.61
87491,-1.2198,2.4157,10.2244,1615,1705.61
87496,1.239,3.1077,10.6698,1605,1705.61
87501,-1.3707,1.968,10.5189,1615,1705.61
87506,-0.346,0.8775,11.4598,1625,1705.61
87511,-1.1133,-0.1065,11.1761,1604,1705.61
87516,-1.6783,0.7805,10.9223,1627,1704.45
87521,-1.3467,1.7514,10.4303,1610,1704.45
87526,-1.391,2.4457,10.3525,1614,1704.45
87531,1.3048,3.0095,10.5321,1591,1704.45
87536,-1.391,2.0973,10.5919,1599,1704.45
87541,-0.425,0.8164,11.3306,1625,1704.45
87546,-0.9948,0.0084,11.2288,1609,1704.45
87551,-1.6676,0.7733,10.9654,1631,1703.72
87556,-1.3324,1.6963,10.4603,1611,1703.72
87561,-1.4928,2.4816,10.3908,1613,1703.72
87566,1.3431,2.8838,10.483,1591,1703.72
87571,-1.3599,2.2134,10.647,1615,1703.72
87576,-0.4944,0.8009,11.2312,1613,1703.72
87581,-0.99,0.0862,11.3509,1623,1703.72
87586,-1.6652,0.571,10.8218,1623,1703.82
87591,-1.3192,1.7286,10.5572,1625,1703.82
87596,-1.6352,2.4373,10.3118,1629,1703.82
87601,1.3838,2.8958,10.4567,1597,1703.82
87606,-1.3408,2.2721,10.7176,1599,1703.82
87611,-0.4932,0.7733,11.157,1611,1703.82
87616,-0.9613,0.164,11.4479,1610,1703.82
87621,-1.6029,0.4238,10.7033,1623,1703.92
87626,-1.2941,1.8292,10.8002,1629,1703.92
87631,-1.7777,2.3176,10.2053,1621,1703.92
87636,1.3443,2.9724,10.5668,1596,1703.92
87641,-1.3515,2.235,10.5273,1605,1703.92
87646,-0.5315,0.8835,11.2216,1605,1703.92
87651,-0.9074,0.17,11.406,1611,1703.92
87656,-1.5814,0.3771,10.6734,1617,1703.92
87661,-1.2617,1.889,10.8661,1621,1703.67
87666,-1.9393,2.2218,10.0604,1622,1703.67
87671,1.3204,2.9724,10.6889,1597,1703.67
87676,-1.3791,2.0913,10.4028,1593,1703.67
87681,-0.6512,1.0463,11.4036,1607,1703.67
87686,-0.8152,0.1257,11.3042,1608,1703.67
87691,-1.6328,0.3867,10.8661,1611,1703.67
87696,-1.2977,1.7992,10.7919,1621,1703.48
87701,-2.065,2.2015,10.2101,1613,1703.48
87706,1.2474,2.897,10.7236,1611,1703.48
87711,-1.2629,2.0602,10.3166,1597,1703.48
87716,-0.7195,1.1959,11.5041,1605,1703.48
87721,-0.6907,0.0934,11.1103,1612,1703.48
87726,-1.6221,0.4453,10.9607,1605,1703.48
87731,-1.2965,1.6999,10.6446,1609,1703.38
87736,-2.1021,2.2565,10.3286,1607,1703.38
87741,1.1875,2.7426,10.4663,1615,1703.38
87746,-1.1444,2.1919,10.4339,1598,1703.38
87751,-0.8727,1.142,11.3425,1620,1703.38
87756,-0.5662,0.1448,11.1881,1621,1703.38
87761,-1.7059,0.3531,10.9858,1605,1703.38
87766,-1.3731,1.6412,10.6638,1605,1703.34
87771,-2.1859,2.2673,10.4303,1607,1703.34
87776,1.0271,2.6588,10.3418,1613,1703.34
87781,-1.0702,2.3212,10.6015,1597,1703.34
87786,-0.9242,1.1181,11.1833,1625,1703.34
87791,-0.5327,0.2131,11.3318,1623,1703.34
87796,-1.7047,0.2131,10.8493,1624,1703.34
87801,-1.3156,1.7286,10.8194,1619,1703.14
87806,-2.2685,2.1739,10.2927,1605,1703.14
87811,0.9409,2.7054,10.3908,1609,1703.14
87816,-0.9505,2.4098,10.5572,1599,1703.14
87821,-0.9888,1.1779,11.1127,1620,1703.14
87826,-0.4561,0.2741,11.3677,1618,1703.14
87831,-1.652,0.1305,10.6997,1625,1703.14
87836,-1.2953,1.7645,11.0337,1625,1703.14
87841,-2.332,2.0482,10.1359,1605,1703.14
87846,0.8296,2.8012,10.5524,1599,1703.14
87851,-0.8966,2.2721,10.3932,1593,1703.14
87856,-1.0642,1.3491,11.2156,1613,1703.14
87861,-0.413,0.2263,11.2671,1611,1703.14
87866,-1.6723,0.1209,10.823,1625,1703.14
87871,-1.2917,1.7107,11.0229,1620,1703.19
87876,-2.4229,1.992,10.1801,1615,1703.19
87881,0.7602,2.715,10.6183,1609,1703.19
87886,-0.7602,2.2338,10.2627,1597,1703.19
87891,-1.0092,1.5131,11.333,1609,1703.19
87896,-0.3699,0.1544,11.0648,1609,1703.19
87901,-1.6783,0.2418,10.9654,1620,1703.19
87906,-1.3467,1.5431,10.8876,1613,1703.43
87911,-2.3846,2.0877,10.2687,1620,1703.43
87916,0.6644,2.5833,10.4315,1606,1703.43
87921,-0.6859,2.3152,10.3142,1596,1703.43
87926,-1.087,1.5538,11.3138,1623,1703.43
87931,-0.2969,0.1748,11.0899,1611,1703.43
87936,-1.6819,0.2813,11.151,1614,1703.43
87941,-1.4018,1.3982,10.7787,1609,1703.63
87946,-2.3511,2.1799,10.4675,1623,1703.63
87951,0.5698,2.4337,10.3046,1615,1703.63
87956,-0.5363,2.4972,10.477,1607,1703.63
87961,-1.1121,1.4449,11.0696,1625,1703.63
87966,-0.3112,0.3136,11.2276,1612,1703.63
87971,-1.6628,0.158,11.0325,1598,1703.63
87976,-1.4593,1.4174,10.8625,1595,1703.34
87981,-2.2553,2.2063,10.4136,1619,1703.34
87986,0.3699,2.3607,10.3011,1625,1703.34
87991,-0.3915,2.6528,10.568,1621,1703.34
87996,-1.1384,1.4114,10.9547,1621,1703.34
88001,-0.3136,0.4621,11.4168,1625,1703.34
88006,-1.5862,0.073,10.8948,1604,1703.34
88011,-1.4916,1.4772,10.987,1608,1703.38
88016,-2.2015,2.0279,10.2568,1609,1703.38
88021,0.2286,2.4469,10.3621,1613,1703.38
88026,-0.1832,2.6731,10.4722,1623,1703.38
88031,-1.1265,1.5335,10.9283,1613,1703.38
88036,-0.2753,0.4597,11.3725,1620,1703.38
88041,-1.5694,-0.0132,10.8828,1611,1703.38
88046,-1.4988,1.5275,11.1606,1606,1703.72
88051,-2.15,1.9046,10.1263,1605,1703.72
88056,0.0958,2.5259,10.58,1605,1703.72
88061,0.0287,2.6276,10.3394,1619,1703.72
88066,-1.1732,1.6855,11.0875,1606,1703.72
88071,-0.3053,0.413,11.2037,1629,1703.72
88076,-1.5095,0.0156,11.0456,1619,1703.72
88081,-1.5012,1.4054,11.0756,1599,1704.06
88086,-2.0889,1.9273,10.2137,1597,1704.06
88091,-0.0778,2.5151,10.4938,1604,1704.06
88096,0.1903,2.6264,10.2867,1613,1704.06
88101,-1.1959,1.8244,11.1426,1599,1704.06
88106,-0.3053,0.3891,11.0971,1623,1704.06
88111,-1.5191,0.1377,11.2683,1615,1704.06
88116,-1.5359,1.2522,10.8972,1606,1704.16
88121,-1.9393,1.9896,10.4076,1613,1704.16
88126,-0.2155,2.3966,10.2951,1605,1704.16
88131,0.413,2.7976,10.4411,1600,1704.16
88136,-1.2701,1.7825,11.0768,1595,1704.16
88141,-0.2693,0.4286,11.0792,1623,1704.16
88146,-1.4928,0.091,11.3545,1610,1704.16
88151,-1.573,1.0882,10.7811,1605,1704.4
88156,-1.8052,2.0901,10.5357,1607,1704.4
88161,-0.3783,2.3212,10.2544,1606,1704.4
88166,0.5698,2.9497,10.5919,1625,1704.4
88171,-1.2893,1.6927,10.7284,1596,1704.4
88176,-0.2454,0.6189,11.3389,1623,1704.4
88181,-1.3755,0.0539,11.1761,1611,1704.4
88186,-1.5862,1.1576,10.9367,1592,1704.26
88191,-1.7382,1.9956,10.4339,1613,1704.26
88196,-0.5686,2.3667,10.258,1607,1704.26
88201,0.7087,2.9712,10.6326,1624,1704.26
88206,-1.3156,1.7382,10.6805,1593,1704.26
88211,-0.2466,0.6812,11.4215,1611,1704.26
88216,-1.342,-0.0215,11.0732,1596,1704.26
88221,-1.6628,1.1791,11.078,1613,1704.21
88226,-1.6783,1.8663,10.3238,1615,1704.21
88231,-0.7123,2.4732,10.4076,1613,1704.21
88236,0.8499,2.8611,10.4998,1623,1704.21
88241,-1.2881,1.8483,10.7583,1597,1704.21
88246,-0.2885,0.6812,11.3102,1625,1704.21
88251,-1.3156,0.0072,11.1905,1599,1704.21
88256,-1.6305,1.1025,11.0672,1619,1704.16
88261,-1.6137,1.7561,10.2999,1611,1704.16
88266,-0.8464,2.5211,10.4842,1613,1704.16
88271,0.9936,2.8228,10.331,1615,1704.16
88276,-1.2869,2.1021,10.9128,1609,1704.16
88281,-0.3196,0.5866,11.1749,1625,1704.16
88286,-1.2821,0.0718,11.4215,1605,1704.16
88291,-1.6089,0.8882,10.9068,1613,1704.16
88296,-1.5083,1.8459,10.556,1607,1704.16
88301,-1.0415,2.4481,10.3573,1614,1704.16
88306,1.0989,2.8742,10.3825,1607,1704.16
88311,-1.2737,2.1512,10.8589,1619,1704.16
88316,-0.3723,0.7015,11.1043,1627,1704.16
88321,-1.2522,0.1389,11.4275,1605,1704.16
88326,-1.6269,0.7314,10.7524,1627,1704.35
88331,-1.3731,1.9656,10.7021,1609,1704.35
88336,-1.1576,2.3463,10.2137,1611,1704.35
88341,1.1612,3.0478,10.6255,1599,1704.35
88346,-1.3707,2.0387,10.6219,1613,1704.35
88351,-0.3795,0.7961,11.2731,1625,1704.35
88356,-1.1875,0.1053,11.3868,1611,1704.35
88361,-1.6005,0.6967,10.7296,1626,1704.55
88366,-1.3671,1.889,10.7464,1610,1704.55
88371,-1.3276,2.2745,10.1574,1612,1704.55
88376,1.2857,3.0789,10.7212,1595,1704.55
88381,-1.3348,1.9058,10.5285,1613,1704.55
88386,-0.4226,0.9218,11.4299,1609,1704.55
88391,-1.0822,0.0467,11.2348,1623,1704.55
88396,-1.6173,0.7195,10.9391,1627,1704.11
88401,-1.3611,1.7633,10.5919,1628,1704.11
88406,-1.4641,2.4301,10.258,1627,1704.11
88411,1.3479,2.9317,10.6099,1596,1704.11
88416,-1.3443,2.0111,10.5189,1607,1704.11
88421,-0.5028,0.9325,11.4168,1611,1704.11
88426,-0.9804,0.0778,11.1678,1622,1704.11
88431,-1.6352,0.753,10.999,1627,1704.59
88436,-1.3803,1.67,10.4734,1627,1704.59
88441,-1.5502,2.4924,10.4531,1624,1704.59
88446,1.2941,2.7773,10.4028,1591,1704.59
88451,-1.342,2.2206,10.5967,1597,1704.59
88456,-0.5519,0.7889,11.2563,1609,1704.59
88461,-0.8811,0.1568,11.3689,1614,1704.59
88466,-1.6508,0.5686,10.9319,1613,1704.64
88471,-1.3515,1.7262,10.5584,1627,1704.64
88476,-1.7083,2.4529,10.3741,1621,1704.64
88481,1.3527,2.7701,10.404,1594,1704.64
88486,-1.2725,2.2649,10.7188,1598,1704.64
88491,-0.6369,0.7458,11.1175,1607,1704.64
88496,-0.8559,0.2693,11.4802,1611,1704.64
88501,-1.6352,0.3735,10.732,1613,1704.64
88506,-1.306,1.9345,10.8481,1619,1704.55
88511,-1.828,2.3224,10.2029,1620,1704.55
88516,1.2929,2.8922,10.5249,1599,1704.55
88521,-1.2809,2.2122,10.5381,1597,1704.55
88526,-0.6823,0.9158,11.2635,1605,1704.55
88531,-0.808,0.2765,11.467,1608,1704.55
88536,-1.6568,0.2837,10.6805,1607,1704.55
88541,-1.2426,1.9549,10.9116,1615,1704.64
88546,-1.9142,2.1524,10.0975,1607,1704.64
88551,1.2198,2.9784,10.7081,1617,1704.64
88556,-1.245,2.1069,10.3226,1599,1704.64
88561,-0.7123,1.0953,11.4634,1610,1704.64
88566,-0.6967,0.152,11.2743,1614,1704.64
88571,-1.6951,0.3508,10.8505,1605,1704.64
88576,-1.2474,1.8974,10.7739,1611,1704.69
88581,-2.1177,2.1799,10.1526,1606,1704.69
88586,1.2546,2.9185,10.6446,1615,1704.69
88591,-1.2222,2.0973,10.3154,1595,1704.69
88596,-0.8021,1.1779,11.4802,1619,1704.69
88601,-0.6021,0.0622,11.0995,1623,1704.69
88606,-1.7561,0.4034,10.9822,1597,1704.69
88611,-1.251,1.6891,10.6231,1607,1704.59
88616,-2.1823,2.2972,10.3705,1605,1704.59
88621,1.1935,2.788,10.4399,1613,1704.59
88626,-1.166,2.1811,10.4351,1599,1704.59
88631,-0.8655,1.1815,11.3006,1624,1704.59
88636,-0.5567,0.1508,11.1725,1617,1704.59
88641,-1.7346,0.3759,10.9547,1624,1704.59
88646,-1.2893,1.5742,10.6542,1617,1704.5
88651,-2.2757,2.302,10.4232,1607,1704.5
88656,1.087,2.6851,10.3753,1608,1704.5
88661,-1.1169,2.3044,10.6051,1599,1704.5
88666,-0.8679,1.0786,11.2049,1619,1704.5
88671,-0.4836,0.2071,11.3042,1617,1704.5
88676,-1.6915,0.2921,10.8481,1627,1704.5
88681,-1.3001,1.6903,10.8733,1621,1704.3
88686,-2.3978,2.2242,10.2891,1593,1704.3
88691,0.9697,2.6791,10.4519,1599,1704.3
88696,-1.0846,2.2853,10.5141,1593,1704.3
88701,-0.8871,1.1564,11.1247,1613,1704.3
88706,-0.4968,0.249,11.3772,1608,1704.3
88711,-1.6281,0.152,10.6973,1624,1704.3
88716,-1.2821,1.7849,11.0061,1621,1704.11
88721,-2.393,2.0602,10.1442,1611,1704.11
88726,0.8871,2.8,10.6398,1607,1704.11
88731,-1.0199,2.2087,10.3094,1597,1704.11
88736,-0.9301,1.3048,11.2803,1607,1704.11
88741,-0.5171,0.1532,11.2539,1605,1704.11
88746,-1.6281,0.1472,10.8781,1620,1704.11
88751,-1.3431,1.6951,11.0109,1613,1704.3
88756,-2.3978,2.0578,10.1861,1618,1704.3
88761,0.7817,2.7509,10.6303,1611,1704.3
88766,-0.838,2.2182,10.246,1599,1704.3
88771,-0.9852,1.4581,11.3473,1608,1704.3
88776,-0.4489,0.1448,11.0385,1609,1704.3
88781,-1.6556,0.2478,11.0133,1621,1704.3
88786,-1.3815,1.5395,10.8445,1611,1704.35
88791,-2.3535,2.1727,10.3669,1622,1704.35
88796,0.6716,2.5738,10.4651,1612,1704.35
88801,-0.68,2.3391,10.3573,1609,1704.35
88806,-1.0822,1.4545,11.333,1624,1704.35
88811,-0.4106,0.1688,11.1055,1607,1704.35
88816,-1.6592,0.255,11.1031,1610,1704.35
88821,-1.4413,1.4365,10.756,1623,1704.4
88826,-2.3008,2.2254,10.4567,1661,1704.4
88831,0.5794,2.411,10.2639,1670,1704.4
88836,-0.5136,2.5618,10.6039,1637,1704.4
88841,-1.1516,1.3719,11.0875,1613,1704.4
88846,-0.3663,0.2969,11.2851,1599,1704.4
88851,-1.6328,0.1472,10.9846,1589,1704.4
88856,-1.4712,1.4892,10.8469,1591,1704.3
88861,-2.2434,2.1392,10.3729,1597,1704.3
88866,0.3579,2.4469,10.3046,1593,1704.3
88871,-0.3508,2.6528,10.641,1607,1704.3
88876,-1.1983,1.3539,10.975,1608,1704.3
88881,-0.3065,0.3795,11.3294,1615,1704.3
88886,-1.5921,0.006,10.8326,1594,1704.3
88891,-1.4521,1.585,11.0169,1593,1704.21
88896,-2.2027,1.986,10.2125,1597,1704.21
88901,0.2286,2.5702,10.4794,1595,1704.21
88906,-0.2346,2.6049,10.4651,1615,1704.21
88911,-1.2007,1.5407,11.0038,1610,1704.21
88916,-0.2717,0.3496,11.2946,1623,1704.21
88921,-1.5694,-0.0371,10.8924,1613,1704.21
88926,-1.4796,1.5048,11.0911,1605,1703.92
88931,-2.1859,1.9022,10.1622,1603,1703.92
88936,0.0946,2.575,10.5548,1605,1703.92
88941,-0.0527,2.5702,10.3082,1627,1703.92
88946,-1.2115,1.7597,11.1259,1599,1703.92
88951,-0.243,0.3352,11.0648,1629,1703.92
88956,-1.5634,0.0611,11.0864,1615,1703.92
88961,-1.5227,1.3384,10.9176,1609,1703.63
88966,-2.1033,2.0291,10.3286,1617,1703.63
88971,-0.0658,2.5211,10.4495,1607,1703.63
88976,0.0982,2.6671,10.3238,1609,1703.63
88981,-1.2198,1.8076,11.1043,1599,1703.63
88986,-0.2598,0.3448,11.0732,1628,1703.63
88991,-1.567,0.1269,11.2527,1615,1703.63
88996,-1.5419,1.1851,10.8625,1605,1703.53
89001,-1.9034,2.1165,10.5105,1613,1703.53
89006,-0.2155,2.3427,10.2987,1621,1703.53
89011,0.3089,2.8359,10.5225,1645,1703.53
89016,-1.2737,1.7454,10.9128,1620,1703.53
89021,-0.2442,0.5423,11.169,1635,1703.53
89026,-1.5227,0.0982,11.2396,1611,1703.53
89031,-1.555,1.1049,10.8038,1609,1703.34
89036,-1.804,2.1189,10.5273,1610,1703.34
89041,-0.3807,2.3248,10.167,1593,1703.34
89046,0.4788,2.9796,10.6949,1621,1703.34
89051,-1.3048,1.6831,10.7129,1593,1703.34
89056,-0.2155,0.6871,11.3282,1607,1703.34
89061,-1.4413,0.0072,11.0852,1627,1703.34
89066,-1.5766,1.1959,11.0121,1623,1703.58
89071,-1.7406,1.9525,10.3382,1626,1703.58
89076,-0.5507,2.4146,10.3513,1624,1703.58
89081,0.668,2.9209,10.5022,1629,1703.58
89086,-1.2701,1.7238,10.7105,1608,1703.58
89091,-0.2274,0.7614,11.3557,1628,1703.58
89096,-1.3396,-0.0251,11.0756,1615,1703.58
89101,-1.6029,1.1923,11.1031,1629,1703.87
89106,-1.6999,1.7681,10.2328,1624,1703.87
89111,-0.7111,2.5019,10.4686,1627,1703.87
89116,0.8715,2.8527,10.3561,1625,1703.87
89121,-1.2869,1.9369,10.89,1619,1703.87
89126,-0.3077,0.6572,11.2683,1639,1703.87
89131,-1.3108,0.012,11.2061,1613,1703.87
89136,-1.6005,1.0427,10.9942,1621,1703.67
89141,-1.652,1.7597,10.3118,1623,1703.67
89146,-0.7913,2.5271,10.4758,1629,1703.67
89151,0.9625,2.8599,10.3166,1619,1703.67
89156,-1.2617,2.1153,10.9343,1628,1703.67
89161,-0.3639,0.5926,11.1462,1640,1703.67
89166,-1.33,0.1018,11.4072,1617,1703.67
89171,-1.579,0.8475,10.7978,1639,1703.0
89176,-1.5179,1.8747,10.5285,1623,1703.0
89181,-0.9601,2.3631,10.2208,1626,1703.0
89186,1.0726,2.9233,10.4902,1619,1703.0
89191,-1.324,2.1045,10.8421,1627,1703.0
89196,-0.3651,0.7027,11.1654,1635,1703.0
89201,-1.2426,0.1113,11.4335,1621,1703.0
89206,-1.5945,0.7434,10.7141,1639,1702.27
89211,-1.4018,1.9525,10.7236,1627,1702.27
89216,-1.1815,2.3331,10.149,1627,1702.27
89221,1.2079,3.0275,10.6841,1612,1702.27
89226,-1.3611,1.9872,10.5656,1623,1702.27
89231,-0.4034,0.8356,11.3222,1623,1702.27
89236,-1.1349,0.0862,11.3198,1631,1702.27
89241,-1.585,0.7374,10.8804,1637,1703.0
89246,-1.3731,1.8124,10.6099,1637,1703.0
89251,-1.3731,2.3774,10.1945,1629,1703.0
89256,1.2534,3.0143,10.6482,1607,1703.0
89261,-1.3372,1.9836,10.4555,1615,1703.0
89266,-0.4345,0.917,11.4407,1621,1703.0
89271,-1.0355,0.0515,11.1953,1625,1703.0
89276,-1.6556,0.7386,10.969,1630,1703.58
89281,-1.3671,1.7226,10.4603,1629,1703.58
89286,-1.5287,2.411,10.3693,1620,1703.58
89291,1.3527,2.7916,10.4938,1597,1703.58
89296,-1.2953,2.1272,10.6111,1597,1703.58
89301,-0.5411,0.8547,11.327,1609,1703.58
89306,-0.8942,0.1413,11.3042,1612,1703.58
89311,-1.6915,0.6381,10.9822,1611,1703.58
89316,-1.342,1.6927,10.5046,1623,1703.58
89321,-1.6879,2.4433,10.4435,1610,1703.58
89326,1.3072,2.7833,10.4399,1593,1703.58
89331,-1.3084,2.302,10.7057,1593,1703.58
89336,-0.5997,0.7865,11.1977,1607,1703.58
89341,-0.8212,0.237,11.4479,1599,1703.58
89346,-1.6807,0.4501,10.7919,1605,1703.58
89351,-1.2821,1.8028,10.726,1619,1703.05
89356,-1.8148,2.3451,10.2424,1609,1703.05
89361,1.2605,2.8551,10.4734,1613,1703.05
89366,-1.3096,2.2458,10.6578,1591,1703.05
89371,-0.6584,0.8787,11.2108,1607,1703.05
89376,-0.8164,0.2538,11.5149,1611,1703.05
89381,-1.6975,0.322,10.7081,1597,1703.05
89386,-1.2402,1.901,10.9212,1610,1702.76
89391,-2.0159,2.1632,10.0461,1606,1702.76
89396,1.2833,2.9987,10.6243,1613,1702.76
89401,-1.2749,2.1284,10.4016,1592,1702.76
89406,-0.6752,1.1145,11.3916,1615,1702.76
89411,-0.7362,0.1712,11.3174,1617,1702.76
89416,-1.6771,0.3256,10.7595,1599,1702.76
89421,-1.1552,1.8364,10.8553,1605,1702.71
89426,-2.1296,2.1608,10.1323,1599,1702.71
89431,1.2151,2.9664,10.6686,1605,1702.71
89436,-1.3024,2.0614,10.2759,1591,1702.71
89441,-0.7781,1.227,11.5173,1619,1702.71
89446,-0.6536,0.0946,11.1223,1617,1702.71
89451,-1.7286,0.3879,10.8984,1621,1702.71
89456,-1.2594,1.7166,10.7141,1623,1703.05
89461,-2.2242,2.2422,10.3202,1599,1703.05
89466,1.1648,2.7821,10.586,1599,1703.05
89471,-1.2151,2.1261,10.3382,1595,1703.05
89476,-0.8152,1.239,11.4575,1613,1703.05
89481,-0.5818,0.1556,11.1019,1608,1703.05
89486,-1.6807,0.395,10.9978,1621,1703.05
89491,-1.2965,1.6017,10.6482,1619,1703.24
89496,-2.2877,2.3044,10.4327,1599,1703.24
89501,1.1073,2.5845,10.41,1596,1703.24
89506,-1.1265,2.2913,10.5848,1593,1703.24
89511,-0.9158,1.1325,11.2228,1609,1703.24
89516,-0.5459,0.2286,11.309,1605,1703.24
89521,-1.6316,0.2813,10.8828,1608,1703.24
89526,-1.336,1.6759,10.805,1613,1703.34
89531,-2.3272,2.2051,10.3441,1613,1703.34
89536,0.905,2.6193,10.4196,1607,1703.34
89541,-0.9756,2.3403,10.6051,1595,1703.34
89546,-0.9493,1.148,11.163,1598,1703.34
89551,-0.5052,0.3352,11.4072,1609,1703.34
89556,-1.5479,0.0263,10.9116,1613,1703.34
89561,-1.4545,1.5538,11.0935,1609,1703.43
89566,-2.2075,1.9201,10.1119,1621,1703.43
89571,0.2143,2.5809,10.5836,1609,1703.43
89576,-0.1389,2.5738,10.337,1593,1703.43
89581,-1.1995,1.6029,11.1079,1623,1703.43
89586,-0.31,0.3472,11.2204,1599,1703.43
89591,-1.5395,0.0335,11.0828,1605,1703.43
89596,-1.5107,1.4593,11.072,1597,1703.34
89601,-2.1272,1.9441,10.1873,1620,1703.34
89606,0.0395,2.4876,10.5345,1608,1703.34
89611,0.0563,2.5989,10.3094,1608,1703.34
89616,-1.2151,1.7801,11.1941,1618,1703.34
89621,-0.2981,0.2957,11.0923,1619,1703.34
89626,-1.5586,0.0874,11.2384,1604,1703.34
89631,-1.5287,1.2474,10.8158,1598,1703.43
89636,-2.0111,2.0399,10.4459,1615,1703.43
89641,-0.158,2.4337,10.3346,1610,1703.43
89646,0.2227,2.7521,10.4651,1611,1703.43
89651,-1.257,1.737,11.0038,1611,1703.43
89656,-0.2777,0.419,11.169,1623,1703.43
89661,-1.5083,0.103,11.2719,1605,1703.43
89666,-1.5419,1.1432,10.7907,1588,1703.38
89671,-1.8986,2.1165,10.5477,1607,1703.38
89676,-0.2981,2.3403,10.2436,1597,1703.38
89681,0.4884,2.9113,10.6123,1619,1703.38
89686,-1.2761,1.6508,10.8026,1609,1703.38
89691,-0.2717,0.6093,11.3114,1620,1703.38
89696,-1.4365,0.0192,11.1462,1607,1703.38
89701,-1.5646,1.2139,10.9595,1599,1703.24
89706,-1.7753,2.0075,10.4315,1597,1703.24
89711,-0.504,2.3786,10.319,1599,1703.24
89716,0.6261,2.9317,10.5979,1613,1703.24
89721,-1.3001,1.6556,10.6781,1597,1703.24
89726,-0.2598,0.6452,11.3844,1626,1703.24
89731,-1.3779,-0.0431,11.1007,1609,1703.24
89736,-1.6101,1.2546,11.1342,1597,1703.09
89741,-1.737,1.8938,10.2831,1611,1703.09
89746,-0.6764,2.5187,10.4686,1595,1703.09
89751,0.844,2.8264,10.392,1606,1703.09
89756,-1.2641,1.8483,10.8242,1596,1703.09
89761,-0.3077,0.5997,11.2671,1623,1703.09
89766,-1.2953,0.0048,11.2228,1608,1703.09
89771,-1.6293,1.1313,11.0397,1599,1703.34
89776,-1.6376,1.8387,10.3561,1595,1703.34
89781,-0.8392,2.4995,10.5058,1597,1703.34
89786,1.0044,2.824,10.3334,1612,1703.34
89791,-1.1791,2.2266,10.5034,1593,1703.34
89796,-0.3436,0.6057,11.1366,1615,1703.34
89801,-1.2486,0.0934,11.4287,1603,1703.34
89806,-1.6005,0.9002,10.8685,1588,1703.34
89811,-1.5179,1.9369,10.55,1609,1703.34
89816,-0.9792,2.4134,10.307,1599,1703.34
89821,1.1145,2.8814,10.41,1623,1703.34
89826,-1.336,2.1057,10.8158,1592,1703.34
89831,-0.3603,0.6452,11.1247,1609,1703.34
89836,-1.239,0.1472,11.4658,1597,1703.34
89841,-1.6161,0.735,10.7464,1608,1703.38
89846,-1.4078,1.9692,10.7524,1613,1703.38
89851,-1.2043,2.3164,10.1574,1611,1703.38
89856,1.1803,3.0634,10.6422,1621,1703.38
89861,-1.3838,1.9716,10.6003,1595,1703.38
89866,-0.3675,0.826,11.3198,1621,1703.38
89871,-1.1444,0.0922,11.3174,1599,1703.38
89876,-1.6185,0.7111,10.8038,1613,1703.67
89881,-1.3396,1.8543,10.665,1609,1703.67
89886,-1.3515,2.3643,10.167,1614,1703.67
89891,1.2893,3.0454,10.7093,1619,1703.67
89896,-1.3743,1.9489,10.4842,1603,1703.67
89901,-0.4118,0.917,11.467,1626,1703.67
89906,-1.0762,0.0311,11.2156,1599,1703.67
89911,-1.634,0.7973,10.975,1608,1704.01
89916,-1.3515,1.7142,10.489,1606,1704.01
89921,-1.4617,2.4565,10.3549,1615,1704.01
89926,1.312,2.9257,10.5093,1607,1704.01
89931,-1.3647,2.0482,10.5477,1611,1704.01
89936,-0.4824,0.8751,11.3928,1623,1704.01
89941,-0.9565,0.0742,11.2611,1596,1704.01
89946,-1.6041,0.7554,11.0205,1627,1704.26
89951,-1.4042,1.6891,10.4423,1605,1704.26
89956,-1.5862,2.5019,10.4435,1613,1704.26
89961,1.3252,2.7916,10.3501,1593,1704.26
89966,-1.3204,2.217,10.7117,1611,1704.26
89971,-0.5614,0.7422,11.2037,1623,1704.26
89976,-0.9313,0.1879,11.4024,1604,1704.26
89981,-1.6101,0.5399,10.8793,1620,1704.01
89986,-1.3635,1.8016,10.6123,1597,1704.01
89991,-1.6879,2.4002,10.3094,1608,1704.01
89996,1.318,2.8754,10.41,1595,1704.01
90001,-1.3108,2.2709,10.7236,1611,1704.01
90006,-0.6201,0.7949,11.1678,1625,1704.01
90011,-0.905,0.2442,11.4754,1619,1704.01
90016,-1.6161,0.3639,10.7188,1627,1703.43
90021,-1.3096,1.9261,10.8924,1627,1703.43
90026,-1.8543,2.217,10.1622,1625,1703.43
90031,1.2869,2.9449,10.6506,1593,1703.43
90036,-1.3072,2.1656,10.5093,1607,1703.43
90041,-0.6644,0.9146,11.3126,1611,1703.43
90046,-0.7602,0.17,11.3377,1619,1703.43
90051,-1.6257,0.3256,10.7464,1625,1703.05
90056,-1.2761,1.9309,10.8781,1625,1703.05
90061,-2.0411,2.1536,10.1023,1621,1703.05
90066,1.2198,3.0107,10.7236,1593,1703.05
90071,-1.2845,2.0446,10.2903,1596,1703.05
90076,-0.7506,1.1337,11.4646,1609,1703.05
90081,-0.6752,0.091,11.1462,1611,1703.05
90086,-1.6795,0.3603,10.914,1629,1703.05
90091,-1.2558,1.7885,10.7129,1621,1703.05
90096,-2.1081,2.2338,10.3022,1621,1703.05
90101,1.1899,2.8575,10.5668,1594,1703.05
90106,-1.172,2.1284,10.3645,1595,1703.05
90111,-0.844,1.1708,11.4503,1605,1703.05
90116,-0.5926,0.0706,11.1247,1599,1703.05
90121,-1.7549,0.3962,10.993,1611,1703.05
90126,-1.2582,1.6448,10.6195,1621,1704.01
90131,-2.1895,2.3487,10.4291,1615,1704.01
90136,1.075,2.6875,10.4208,1607,1704.01
90141,-1.1301,2.2601,10.5345,1595,1704.01
90146,-0.9206,1.1325,11.2623,1607,1704.01
90151,-0.5267,0.1616,11.2408,1613,1704.01
90156,-1.7107,0.316,10.9355,1599,1704.01
90161,-1.3264,1.6472,10.6865,1615,1703.38
90166,-2.3152,2.296,10.3238,1607,1703.38
90171,0.9816,2.6911,10.3848,1617,1703.38
90176,-1.063,2.3343,10.6135,1593,1703.38
90181,-0.9529,1.0906,11.1127,1613,1703.38
90186,-0.4549,0.2083,11.3306,1613,1703.38
90191,-1.6388,0.1628,10.7392,1599,1703.38
90196,-1.3024,1.7645,10.9619,1607,1703.43
90201,-2.3798,2.1847,10.2137,1605,1703.43
90206,0.8535,2.7438,10.5129,1612,1703.43
90211,-0.9349,2.32,10.4734,1595,1703.43
90216,-0.9469,1.2198,11.1881,1624,1703.43
90221,-0.4621,0.2167,11.3078,1623,1703.43
90226,-1.6508,0.1472,10.7272,1623,1703.43
90231,-1.3467,1.7621,11.0313,1611,1703.92
90236,-2.393,2.0183,10.1394,1589,1703.92
90241,0.753,2.7354,10.6458,1608,1703.92
90246,-0.9074,2.2254,10.3058,1599,1703.92
90251,-0.9804,1.4257,11.333,1620,1703.92
90256,-0.413,0.146,11.1905,1607,1703.92
90261,-1.6532,0.1903,10.9295,1628,1703.92
90266,-1.3396,1.6305,10.9403,1620,1704.01
90271,-2.4074,2.1045,10.252,1605,1704.01
90276,0.7099,2.6624,10.5608,1597,1704.01
90281,-0.7458,2.2374,10.2651,1595,1704.01
90286,-1.0283,1.5131,11.3473,1615,1704.01
90291,-0.3783,0.1784,11.0277,1611,1704.01
90296,-1.6987,0.2717,11.0564,1622,1704.01
90301,-1.3982,1.4748,10.7667,1622,1703.96
90306,-2.326,2.2039,10.4543,1605,1703.96
90311,0.6333,2.4768,10.3777,1607,1703.96
90316,-0.5734,2.4672,10.4375,1603,1703.96
90321,-1.0678,1.4365,11.1438,1608,1703.96
90326,-0.3723,0.2514,11.2156,1609,1703.96
90331,-1.6293,0.1808,11.0852,1621,1703.96
90336,-1.4257,1.4269,10.7751,1617,1704.26
90341,-2.2494,2.2087,10.4327,1619,1704.26
90346,0.4525,2.3954,10.2723,1613,1704.26
90351,-0.3879,2.6576,10.6051,1595,1704.26
90356,-1.1444,1.3994,10.9559,1607,1704.26
90361,-0.3005,0.3663,11.376,1611,1704.26
90366,-1.5897,0.1006,10.9152,1619,1704.26
90371,-1.4748,1.4952,10.9307,1611,1704.16
90376,-2.2182,2.0794,10.3214,1625,1704.16
90381,0.31,2.4792,10.4244,1613,1704.16
90386,-0.2562,2.7162,10.5812,1605,1704.16
90391,-1.1756,1.4365,10.9535,1627,1704.16
90396,-0.2993,0.4142,11.4,1610,1704.16
90401,-1.5526,-0.0215,10.8577,1609,1704.16
90406,-1.4892,1.5598,11.0935,1609,1703.24
90411,-2.1584,1.9728,10.1347,1621,1703.24
90416,0.0922,2.6049,10.5704,1612,1703.24
90421,-0.0551,2.5977,10.3753,1613,1703.24
90426,-1.2091,1.6185,11.0756,1625,1703.24
90431,-0.3041,0.2813,11.2468,1621,1703.24
90436,-1.5167,0.0036,11.0445,1599,1703.24
90441,-1.4844,1.4174,11.0373,1608,1703.14
90446,-2.0889,1.9632,10.2328,1612,1703.14
90451,-0.0874,2.5343,10.5429,1611,1703.14
90456,0.1125,2.5941,10.3022,1624,1703.14
90461,-1.2079,1.7669,11.1366,1613,1703.14
90466,-0.5662,0.7697,11.2097,1631,2563.88
90471,-1.5239,0.079,11.2061,1607,2563.88
90476,-1.5263,1.2151,10.8685,1607,5073.57
90481,-1.9644,2.0758,10.4028,1612,5073.57
90486,-0.2406,2.3906,10.3489,1606,5073.57
90491,0.3448,2.7869,10.4375,1621,5073.57
90496,-1.2701,1.7837,10.999,1614,5073.57
90501,-0.267,0.4094,11.1318,1627,5073.57
90506,-1.5036,0.1089,11.327,1615,5073.57
90511,-1.5311,1.1408,10.8314,1609,1703.82
90516,-1.8567,2.1632,10.5524,1609,1703.82
90521,-0.3938,2.2841,10.1035,1609,1703.82
90526,0.5267,2.9341,10.586,1619,1703.82
90531,-1.3072,1.7059,10.7847,1607,1703.82
90536,-0.2167,0.6381,11.3222,1628,1703.82
90541,-1.4341,0.073,11.1965,1620,1703.82
90546,-1.634,1.1552,10.9583,1598,1705.81
90551,-1.7657,1.9776,10.4471,1612,1705.81
90556,-0.5435,2.3667,10.2029,1599,1705.81
90561,0.6608,2.9844,10.6446,1609,1705.81
90566,-1.3036,1.6951,10.6985,1593,1705.81
90571,-0.2382,0.7338,11.3796,1625,1705.81
90576,-1.3491,-0.0335,11.0971,1613,1705.81
90581,-1.6604,1.1863,11.0684,1607,1705.95
90586,-1.7166,1.8423,10.2831,1611,1705.95
90591,-0.6536,2.4576,10.4291,1597,1705.95
90596,0.7937,2.8958,10.4591,1599,1705.95
90601,-1.3168,1.8735,10.7859,1597,1705.95
90606,-0.2801,0.6883,11.3126,1623,1705.95
90611,-1.2977,-0.0144,11.1761,1609,1705.95
90616,-1.6233,1.1277,11.0935,1599,1706.0
90621,-1.6927,1.7705,10.2783,1611,1706.0
90626,-0.6991,2.5103,10.4758,1593,1706.0
90631,0.8894,2.7857,10.3082,1626,1706.0
90636,-1.2713,2.0207,10.9523,1595,1706.0
90641,-0.3053,0.5662,11.1498,1619,1706.0
90646,-1.3001,0.0838,11.3533,1607,1706.0
90651,-1.6005,1.0056,10.9212,1605,1706.24
90656,-1.5802,1.8387,10.3932,1608,1706.24
90661,-0.8643,2.4816,10.3034,1604,1706.24
90666,1.0056,2.9233,10.3657,1627,1706.24
90671,-1.306,2.0782,10.8745,1597,1706.24
90676,-0.3041,0.6009,11.1749,1611,1706.24
90681,-1.306,0.1065,11.4299,1606,1706.24
90686,-1.5874,0.8356,10.6973,1607,1706.39
90691,-1.5347,1.9644,10.6051,1613,1706.39
90696,-0.9565,2.3547,10.1933,1611,1706.39
90701,1.0439,3.0179,10.5572,1619,1706.39
90706,-1.2833,1.9824,10.6781,1593,1706.39
90711,-0.3364,0.7195,11.218,1618,1706.39
90716,-1.2689,0.0694,11.3808,1597,1706.39
90721,-1.5862,0.8224,10.7619,1614,1706.48
90726,-1.4856,1.9261,10.5896,1612,1706.48
90731,-1.0558,2.3463,10.1849,1614,1706.48
90736,1.136,3.073,10.6398,1617,1706.48
90741,-1.3312,1.9249,10.5225,1597,1706.48
90746,-0.3591,0.8428,11.4682,1623,1706.48
90751,-1.1744,0.0144,11.2324,1606,1706.48
90756,-1.6065,0.8739,10.9367,1612,1706.63
90761,-1.4641,1.7549,10.4483,1606,1706.63
90766,-1.221,2.4181,10.3166,1621,1706.63
90771,1.1684,2.9329,10.5548,1612,1706.63
90776,-1.3551,1.9776,10.5967,1611,1706.63
90781,-0.4477,0.8045,11.394,1625,1706.63
90786,-1.0774,0.0599,11.1905,1599,1706.63
90791,-1.6293,0.8871,11.0229,1609,1706.48
90796,-1.4676,1.731,10.3789,1605,1706.48
90801,-1.2689,2.4672,10.422,1611,1706.48
90806,1.2558,2.8024,10.3789,1607,1706.48
90811,-1.306,2.1057,10.7536,1612,1706.48
90816,-0.4609,0.735,11.2575,1625,1706.48
90821,-1.0151,0.1736,11.4335,1598,1706.48
90826,-1.6364,0.7027,10.9463,1627,1706.87
90831,-1.4389,1.7669,10.5512,1605,1706.87
90836,-1.3958,2.4553,10.3358,1613,1706.87
90841,1.2989,2.8084,10.3585,1603,1706.87
90846,-1.3072,2.235,10.7739,1611,1706.87
90851,-0.5483,0.6572,11.1223,1625,1706.87
90856,-1.008,0.2179,11.5652,1607,1706.87
90861,-1.6508,0.5064,10.7859,1623,1707.16
90866,-1.3324,1.8818,10.6518,1599,1707.16
90871,-1.506,2.314,10.1766,1609,1707.16
90876,1.3096,2.9748,10.5405,1599,1707.16
90881,-1.342,2.1979,10.5836,1610,1707.16
90886,-0.5447,0.838,11.2599,1621,1707.16
90891,-0.9661,0.1951,11.4694,1610,1707.16
90896,-1.6999,0.4597,10.7368,1625,1707.21
90901,-1.2653,1.9237,10.8362,1609,1707.21
90906,-1.6915,2.2302,10.0772,1607,1707.21
90911,1.3408,3.0107,10.7069,1596,1707.21
90916,-1.3743,2.0087,10.422,1609,1707.21
90921,-0.577,0.99,11.4371,1619,1707.21
90926,-0.9134,0.1185,11.2863,1619,1707.21
90931,-1.7154,0.5375,10.8876,1623,1706.97
90936,-1.2761,1.8411,10.6745,1621,1706.97
90941,-1.81,2.308,10.1993,1624,1706.97
90946,1.3635,2.9461,10.6602,1595,1706.97
90951,-1.3803,2.0039,10.4052,1611,1706.97
90956,-0.577,1.0199,11.4802,1609,1706.97
90961,-0.832,0.0646,11.2049,1613,1706.97
90966,-1.7166,0.5986,11.0085,1624,1706.73
90971,-1.2773,1.6628,10.5692,1629,1706.73
90976,-1.8447,2.4014,10.3597,1621,1706.73
90981,1.3683,2.9018,10.4806,1595,1706.73
90986,-1.3431,2.0961,10.5465,1599,1706.73
90991,-0.6644,0.9852,11.3449,1610,1706.73
90996,-0.7745,0.1712,11.2779,1613,1706.73
91001,-1.7334,0.5183,10.8948,1624,1706.87
91006,-1.3192,1.6867,10.5524,1624,1706.87
91011,-1.9573,2.4277,10.3956,1624,1706.87
91016,1.3623,2.818,10.3561,1592,1706.87
91021,-1.336,2.2589,10.6518,1596,1706.87
91026,-0.6776,0.8942,11.2108,1609,1706.87
91031,-0.7721,0.2263,11.4215,1620,1706.87
91036,-1.6436,0.3926,10.7296,1620,1707.75
91041,-1.3408,1.7645,10.7344,1623,1707.75
91046,-2.0207,2.2913,10.2568,1625,1707.75
91051,1.318,2.8922,10.4722,1594,1707.75
91056,-1.3276,2.223,10.5872,1597,1707.75
91061,-0.7027,0.9242,11.2372,1611,1707.75
91066,-0.8116,0.2394,11.4347,1608,1707.75
91071,-1.6293,0.2825,10.6662,1625,1707.75
91076,-1.3048,1.901,10.8793,1621,1707.89
91081,-2.0937,2.1775,10.07,1619,1707.89
91086,1.2366,2.9784,10.6338,1595,1707.89
91091,-1.2845,2.0889,10.3956,1597,1707.89
91096,-0.7099,1.0427,11.3988,1609,1707.89
91101,-0.7482,0.152,11.2671,1607,1707.89
91106,-1.6233,0.3053,10.7895,1607,1707.89
91111,-1.3012,1.8759,10.8074,1615,1707.55
91116,-2.1117,2.1799,10.1933,1619,1707.55
91121,1.2342,2.9185,10.6829,1609,1707.55
91126,-1.2019,2.0746,10.2568,1613,1707.55
91131,-0.7973,1.1827,11.4311,1609,1707.55
91136,-0.6788,0.1508,11.1749,1605,1707.55
91141,-1.6735,0.431,10.9762,1605,1707.55
91146,-1.312,1.6867,10.6925,1615,1706.97
91151,-2.15,2.2721,10.325,1607,1706.97
91156,1.1253,2.7749,10.4639,1617,1706.97
91161,-1.1744,2.1344,10.3597,1599,1706.97
91166,-0.9158,1.1313,11.4491,1612,1706.97
91171,-0.5567,0.164,11.2097,1617,1706.97
91176,-1.6951,0.3819,11.0145,1597,1706.97
91181,-1.3623,1.634,10.6841,1607,1706.44
91186,-2.2326,2.332,10.4507,1605,1706.44
91191,1.057,2.642,10.3453,1615,1706.44
91196,-1.057,2.2972,10.5967,1605,1706.44
91201,-0.9589,1.0451,11.1785,1621,1706.44
91206,-0.5148,0.2454,11.3222,1619,1706.44
91211,-1.6712,0.2574,10.8445,1603,1706.44
91216,-1.3575,1.719,10.7344,1603,1705.9
91221,-2.2541,2.2338,10.3346,1605,1705.9
91226,0.9529,2.6767,10.3813,1611,1705.9
91231,-0.984,2.3439,10.5393,1603,1705.9
91236,-1.0247,1.0714,11.1546,1623,1705.9
91241,-0.4537,0.2227,11.3749,1620,1705.9
91246,-1.646,0.152,10.7188,1622,1705.9
91251,-1.3515,1.8256,10.9535,1611,1705.51
91256,-2.3104,2.0877,10.1275,1605,1705.51
91261,0.8499,2.8347,10.5189,1608,1705.51
91266,-0.8583,2.2721,10.3848,1606,1705.51
91271,-1.0092,1.2821,11.1881,1619,1705.51
91276,-0.4022,0.1999,11.2108,1619,1705.51
91281,-1.6508,0.1173,10.7895,1625,1705.51
91286,-1.3132,1.7741,11.0133,1623,1705.08
91291,-2.3727,2.0291,10.1311,1607,1705.08
91296,0.7937,2.7701,10.653,1605,1705.08
91301,-0.8607,2.1751,10.2316,1598,1705.08
91306,-1.063,1.4437,11.3521,1619,1705.08
91311,-0.3735,0.097,11.0708,1613,1705.08
91316,-1.7011,0.2334,10.9822,1621,1705.08
91321,-1.3312,1.5969,10.8864,1619,1704.5
91326,-2.399,2.1739,10.307,1606,1704.5
91331,0.7518,2.6145,10.4746,1605,1704.5
91336,-0.7003,2.2817,10.2915,1596,1704.5
91341,-1.0726,1.4629,11.3222,1613,1704.5
91346,-0.3172,0.1197,11.1199,1613,1704.5
91351,-1.7214,0.2658,11.084,1621,1704.5
91356,-1.3623,1.4629,10.7392,1615,1704.84
91361,-2.381,2.2613,10.4806,1617,1704.84
91366,0.6261,2.4708,10.3046,1615,1704.84
91371,-0.6165,2.4936,10.4722,1605,1704.84
91376,-1.1205,1.3886,11.1223,1607,1704.84
91381,-0.3089,0.2634,11.1725,1609,1704.84
91386,-1.6604,0.2322,10.999,1613,1704.84
91391,-1.4557,1.4653,10.7536,1611,1705.18
91396,-2.2972,2.2242,10.4435,1611,1705.18
91401,0.5375,2.4313,10.2771,1611,1705.18
91406,-0.486,2.5474,10.562,1597,1705.18
91411,-1.0965,1.2941,10.9666,1627,1705.18
91416,-0.3256,0.3663,11.3665,1608,1705.18
91421,-1.5886,0.0934,10.8541,1609,1705.18
91426,-1.4676,1.5562,11.0085,1597,1704.69
91431,-2.3176,2.0925,10.2376,1618,1704.69
91436,0.4094,2.5462,10.4639,1613,1704.69
91441,-0.34,2.5989,10.4902,1609,1704.69
91446,-1.1169,1.4281,10.9786,1624,1704.69
91451,-0.3627,0.3543,11.3222,1611,1704.69
91456,-1.5778,0.0407,10.8673,1597,1704.69
91461,-1.5167,1.5981,11.1259,1611,1704.74
91466,-2.2577,1.9776,10.1131,1615,1704.74
91471,0.2334,2.6169,10.5536,1611,1704.74
91476,-0.1915,2.5199,10.2939,1619,1704.74
91481,-1.1241,1.5957,11.072,1621,1704.74
91486,-0.3759,0.3089,11.1905,1619,1704.74
91491,-1.585,0.0563,11.0217,1599,1704.74
91496,-1.5287,1.409,11.0014,1605,1705.18
91501,-2.1572,1.98,10.2663,1609,1705.18
91506,0.1161,2.5283,10.4818,1609,1705.18
91511,-0.0144,2.5869,10.2735,1625,1705.18
91516,-1.2043,1.7226,11.1881,1614,1705.18
91521,-0.316,0.2825,11.0696,1627,1705.18
91526,-1.5227,0.1113,11.2468,1608,1705.18
91531,-1.5155,1.2857,10.8924,1607,1705.37
91536,-2.0267,2.0877,10.4854,1607,1705.37
91541,-0.0024,2.4421,10.3178,1598,1705.37
91546,0.1317,2.7689,10.4531,1621,1705.37
91551,-1.227,1.6484,11.0504,1609,1705.37
91556,-0.2658,0.4202,11.1306,1625,1705.37
91561,-1.5467,0.0503,11.2312,1611,1705.37
91566,-1.5455,1.2426,10.8397,1605,1704.64
91571,-1.9716,2.0937,10.4866,1606,1704.64
91576,-0.2251,2.3834,10.2951,1599,1704.64
91581,0.3579,2.8898,10.6099,1613,1704.64
91586,-1.2785,1.5921,10.817,1599,1704.64
91591,-0.249,0.5267,11.3126,1625,1704.64
91596,-1.4844,0.0395,11.0995,1614,1704.64
91601,-1.5658,1.2558,10.975,1605,1705.18
91606,-1.913,1.992,10.3597,1611,1705.18
91611,-0.3627,2.4086,10.3358,1599,1705.18
91616,0.4645,2.909,10.5692,1607,1705.18
91621,-1.2749,1.6328,10.7344,1599,1705.18
91626,-0.2682,0.6177,11.3737,1623,1705.18
91631,-1.3731,-0.0383,11.072,1612,1705.18
91636,-1.5754,1.2941,11.1414,1607,1705.22
91641,-1.8399,1.8735,10.2029,1623,1705.22
91646,-0.4693,2.5414,10.4854,1609,1705.22
91651,0.644,2.8264,10.4232,1597,1705.22
91656,-1.2246,1.8328,10.9152,1598,1705.22
91661,-0.2478,0.571,11.2216,1623,1705.22
91666,-1.3779,0.0251,11.151,1609,1705.22
91671,-1.5682,1.2318,11.0193,1599,1705.51
91676,-1.7597,1.9046,10.2651,1613,1705.51
91681,-0.5902,2.5426,10.4962,1599,1705.51
91686,0.741,2.806,10.331,1627,1705.51
91691,-1.2546,1.9752,11.0109,1599,1705.51
91696,-0.2741,0.516,11.06,1615,1705.51
91701,-1.3719,0.0778,11.3701,1607,1705.51
91706,-1.6448,1.0104,10.8673,1606,1706.0
91711,-1.658,1.9453,10.5082,1619,1706.0
91716,-0.7075,2.4193,10.3106,1597,1706.0
91721,0.8871,2.9173,10.4196,1623,1706.0
91726,-1.3228,1.9872,10.8984,1595,1706.0
91731,-0.2849,0.6057,11.1606,1611,1706.0
91736,-1.33,0.0838,11.3844,1607,1706.0
91741,-1.6029,0.9026,10.7571,1613,1705.81
91746,-1.5215,1.9908,10.6159,1607,1705.81
91751,-0.8595,2.3487,10.1921,1613,1705.81
91756,0.9876,3.0466,10.6315,1613,1705.81
91761,-1.3228,1.8878,10.6781,1597,1705.81
91766,-0.2945,0.7506,11.2899,1620,1705.81
91771,-1.2953,0.0383,11.2815,1607,1705.81
91776,-1.6089,0.8727,10.8505,1611,1705.76
91781,-1.4928,1.8914,10.5596,1611,1705.76
91786,-0.9732,2.3834,10.2292,1615,1705.76
91791,1.0367,3.0418,10.6698,1619,1705.76
91796,-1.33,1.883,10.5991,1605,1705.76
91801,-0.31,0.8464,11.4156,1625,1705.76
91806,-1.1899,-0.0204,11.1713,1605,1705.76
91811,-1.5993,0.9505,10.9906,1607,1705.95
91816,-1.5071,1.6723,10.4028,1608,1705.95
91821,-1.1001,2.4481,10.3537,1619,1705.95
91826,1.142,2.9377,10.5321,1609,1705.95
91831,-1.336,1.986,10.6769,1614,1705.95
91836,-0.3388,0.8152,11.3377,1627,1705.95
91841,-1.148,0.0479,11.1977,1597,1705.95
91846,-1.6065,0.9098,11.0492,1625,1706.0
91851,-1.4832,1.6412,10.3729,1604,1706.0
91856,-1.2222,2.5426,10.489,1611,1706.0
91861,1.1983,2.873,10.3753,1599,1706.0
91866,-1.3024,2.1691,10.8254,1608,1706.0
91871,-0.4166,0.6859,11.2336,1624,1706.0
91876,-1.1061,0.1353,11.3952,1606,1706.0
91881,-1.6041,0.7266,10.902,1623,1705.76
91886,-1.4234,1.7741,10.568,1607,1705.76
91891,-1.3036,2.4972,10.2831,1609,1705.76
91896,1.2127,2.9161,10.4232,1598,1705.76
91901,-1.336,2.2039,10.8517,1611,1705.76
91906,-0.4992,0.6919,11.1534,1623,1705.76
91911,-1.0894,0.2239,11.4862,1609,1705.76
91916,-1.6125,0.5794,10.7045,1631,1706.24
91921,-1.3934,1.8771,10.7428,1613,1706.24
91926,-1.4473,2.3427,10.1335,1611,1706.24
91931,0.6823,2.7569,10.5752,1583,1706.24
91936,-1.306,2.4265,10.6027,1263,1706.24
91941,0.2825,3.8056,10.5548,1277,1706.24
91946,-1.9082,1.16,11.0672,1287,1706.24
91951,-2.0195,-0.4585,11.2946,1275,1706.24
91956,-1.2127,-0.8164,10.9642,1275,1706.24
91961,-0.7159,0.2179,10.4734,1279,1391.34
91966,-0.9912,1.8771,11.0696,1277,1391.34
91971,-0.8559,2.8886,10.58,1288,1391.34
91976,-0.3891,2.387,10.835,1287,1391.34
91981,-0.893,1.494,10.6542,1287,1391.34
91986,-1.0295,1.3072,11.0229,1289,1391.34
91991,-0.5674,1.1516,10.9738,1293,1391.34
91996,-0.7673,1.3731,10.6482,1289,1391.34
92001,-0.9266,1.4844,10.7069,1291,1391.34
92006,-0.9038,1.4916,10.7117,1293,1391.34
92011,-0.9637,1.4593,11.0528,1293,1391.34
92016,-0.9134,1.4557,10.5943,1291,1391.34
92021,-0.9673,1.5754,10.9798,1295,1391.34
92026,-0.7913,1.4018,10.7141,1298,1391.34
92031,-0.99,1.5694,10.8793,1295,1391.34
92036,-0.9613,1.5395,10.58,1299,1391.34
92041,-0.984,1.5263,10.7847,1295,1391.34
92046,-0.9182,1.3611,10.8158,1301,1391.34
92051,-0.9266,1.4485,10.8002,1299,1391.34
92056,-0.9876,1.3156,10.8218,1303,1391.34
92061,-0.8104,1.549,10.7835,1299,1391.34
92066,-0.9134,1.6652,10.9379,1299,1391.34
92071,-0.8739,1.5682,10.58,1301,1391.34
92076,-1.0666,1.5479,10.8038,1301,1391.34
92081,-0.844,1.4928,10.6722,1301,1391.34
92086,-0.9541,1.5311,10.993,1300,1391.34
92091,-0.7709,1.3144,10.7356,1299,1391.34
92096,-0.9649,1.409,10.9403,1301,1391.34
92101,-0.814,1.5431,10.671,1299,1391.34
92106,-0.9481,1.7142,10.8469,1304,1391.34
92111,-0.9457,1.5562,10.6985,1301,1391.34
92116,-0.9732,1.488,10.7883,1300,1391.34
92121,-0.929,1.4114,10.8206,1301,1391.34
92126,-0.8428,1.4222,10.8134,1301,1391.34
92131,-0.9804,1.4413,10.8278,1301,1391.34
92136,-0.8416,1.4892,10.7105,1311,1391.34
92141,-0.9876,1.5969,10.8038,1299,1391.34
92146,-0.8547,1.5826,10.6805,1301,1391.34
92151,-1.0307,1.4988,10.8409,1302,1391.34
92156,-0.808,1.415,10.7607,1300,1391.34
92161,-0.9948,1.4497,10.9331,1301,1391.34
92166,-0.8296,1.4772,10.726,1303,1391.34
92171,-1.0295,1.5479,10.8589,1301,1391.34
92176,-0.8595,1.4593,10.647,1303,1391.34
92181,-1.0367,1.5933,10.8565,1293,1391.34
92186,-0.8607,1.4617,10.6745,1301,1391.34
92191,-0.9936,1.4964,10.8613,1301,1391.34
92196,-0.8404,1.409,10.7643,1302,1391.34
92201,-0.9601,1.5443,10.835,1303,1391.34
92206,-0.9457,1.4772,10.6638,1303,1391.34
92211,-0.9433,1.5526,10.7955,1301,1391.34
92216,-0.9517,1.5095,10.756,1303,1391.34
92221,-0.911,1.5,10.8026,1301,1391.34
92226,-0.9242,1.4581,10.7907,1301,1391.34
92231,-0.8643,1.5502,10.8302,1302,1391.34
92236,-0.9457,1.5155,10.8206,1303,1391.34
92241,-0.8763,1.5395,10.799,1295,1391.34
92246,-0.9876,1.4928,10.8038,1302,1391.34
92251,-0.8871,1.5024,10.738,1301,1391.34
92256,-0.9936,1.4449,10.8314,1301,1391.34
92261,-0.8607,1.4868,10.726,1297,1391.34
92266,-0.9852,1.5239,10.8409,1301,1391.34
92271,-0.8344,1.5083,10.7224,1301,1391.34
92276,-0.99,1.5431,10.8086,1301,1391.34
92281,-0.8416,1.4868,10.7787,1301,1391.34
92286,-1.0104,1.4305,10.8673,1300,1391.34
92291,-0.8152,1.4724,10.7548,1304,1391.34
92296,-0.9708,1.5455,10.8505,1305,1391.34
92301,-0.808,1.5311,10.7428,1299,1391.34
92306,-0.9637,1.5431,10.8242,1301,1391.34
92311,-0.8452,1.5215,10.7847,1301,1391.34
92316,-0.9385,1.494,10.8326,1301,1391.34
92321,-0.905,1.4425,10.7021,1301,1391.34
92326,-0.9505,1.4748,10.823,1303,1391.34
92331,-0.8511,1.4916,10.6853,1303,1391.34
92336,-0.9577,1.5251,10.8757,1302,1391.34
92341,-0.8535,1.5443,10.8218,1301,1391.34
92346,-0.9493,1.5371,10.7883,1303,1391.34
92351,-0.8751,1.4892,10.8062,1301,1391.34
92356,-0.9697,1.4641,10.7955,1302,1391.34
92361,-0.8906,1.4724,10.7536,1301,1391.34
92366,-0.996,1.5359,10.7691,1303,1391.34
92371,-0.8978,1.5239,10.744,1301,1391.34
92376,-0.9553,1.5479,10.8984,1301,1391.34
92381,-0.905,1.5155,10.7715,1304,1391.34
92386,-0.9421,1.5191,10.823,1303,1391.34
92391,-0.9146,1.4473,10.7212,1303,1391.34
92396,-0.996,1.4664,10.7978,1303,1391.34
92401,-0.8739,1.4653,10.7176,1299,1391.34
92406,-0.9421,1.5227,10.8014,1303,1391.34
92411,-0.9062,1.5131,10.8026,1304,1391.34
92416,-0.9577,1.5359,10.8386,1303,1391.34
92421,-0.8799,1.5227,10.7428,1305,1391.34
92426,-0.9816,1.5143,10.8134,1301,1391.34
92431,-0.9206,1.4796,10.7512,1293,1391.34
92436,-0.9385,1.476,10.811,1305,1391.34
92441,-0.893,1.4784,10.799,1303,1391.34
92446,-0.9194,1.5419,10.8266,1302,1391.34
92451,-0.8799,1.5239,10.7811,1301,1391.34
92456,-0.9266,1.5299,10.8254,1307,1391.34
92461,-0.8763,1.4473,10.7727,1299,1391.34
92466,-0.9732,1.4796,10.7571,1301,1391.34
92471,-0.8787,1.5167,10.7548,1305,1391.34
92476,-0.9649,1.5155,10.8182,1303,1391.34
92481,-0.8835,1.5071,10.7823,1303,1391.34
92486,-0.9493,1.4916,10.8206,1301,1391.34
92491,-0.9002,1.5419,10.7619,1301,1391.34
92496,-0.9541,1.5203,10.756,1303,1391.34
92501,-0.8787,1.4784,10.7607,1306,1391.34
92506,-0.9529,1.488,10.8266,1305,1391.34
92511,-0.8595,1.4724,10.7607,1302,1391.34
92516,-0.9697,1.549,10.7931,1302,1391.34
92521,-0.8547,1.5167,10.8062,1293,1391.34
92526,-0.9661,1.5119,10.7811,1301,1391.34
92531,-0.8715,1.4988,10.756,1301,1391.34
92536,-0.9888,1.4617,10.7931,1301,1391.34
92541,-0.9074,1.5347,10.7943,1301,1391.34
92546,-0.9625,1.5107,10.8002,1301,1391.34
92551,-0.8942,1.5263,10.8242,1301,1391.34
92556,-0.9601,1.5251,10.7978,1301,1391.34
92561,-0.8847,1.5287,10.7835,1302,1391.34
92566,-0.9266,1.4856,10.7727,1301,1391.34
92571,-0.9122,1.4784,10.744,1299,1391.34
92576,-0.9433,1.5239,10.799,1301,1391.34
92581,-0.8811,1.5455,10.7895,1301,1391.34
92586,-0.9601,1.5048,10.7871,1301,1391.34
92591,-0.8954,1.5215,10.8421,1301,1391.34
92596,-0.9541,1.5191,10.7871,1301,1391.34
92601,-0.8978,1.5,10.7727,1301,1391.34
92606,-0.9517,1.4892,10.744,1301,1391.34
92611,-0.9062,1.5275,10.75,1301,1391.34
92616,-0.9122,1.4928,10.7883,1301,1391.34
92621,-0.9194,1.5299,10.8194,1303,1391.34
92626,-0.9062,1.5718,10.7488,1303,1391.34
92631,-0.9337,1.5479,10.7536,1301,1391.34
92636,-0.8978,1.4724,10.7548,1305,1391.34
92641,-0.9206,1.5119,10.7871,1303,1391.34
92646,-0.8739,1.5071,10.7296,1300,1391.34
92651,-0.9457,1.5275,10.8146,1303,1391.34
92656,-0.9014,1.4976,10.8242,1301,1391.34
92661,-0.9553,1.5598,10.7883,1301,1391.34
92666,-0.9373,1.5443,10.8481,1300,1391.34
92671,-0.9206,1.4772,10.7631,1301,1391.34
92676,-0.8871,1.4425,10.7715,1302,1391.34
92681,-0.9685,1.5024,10.7859,1299,1391.34
92686,-0.8775,1.5203,10.7715,1299,1391.34
92691,-0.929,1.494,10.8062,1303,1391.34
92696,-0.8679,1.5562,10.8146,1301,1391.34
92701,-0.9206,1.5622,10.7739,1303,1391.34
92706,-0.911,1.4772,10.75,1293,1391.34
92711,-0.9673,1.4772,10.7212,1301,1391.34
92716,-0.893,1.4712,10.7871,1301,1391.34
92721,-0.905,1.5131,10.7715,1299,1391.34
92726,-0.8942,1.5263,10.7907,1315,1391.34
92731,-0.9529,1.5335,10.7655,1299,1391.34
92736,-0.9433,1.5443,10.823,1302,1391.34
92741,-0.9278,1.4856,10.7811,1303,1391.34
92746,-0.9577,1.4892,10.7895,1299,1391.34
92751,-0.9002,1.4605,10.805,1301,1391.34
92756,-0.9457,1.4856,10.8074,1303,1391.34
92761,-0.8978,1.4916,10.8158,1303,1391.34
92766,-0.9074,1.5263,10.8386,1302,1391.34
92771,-0.8763,1.5622,10.7428,1301,1391.34
92776,-0.9134,1.5107,10.8002,1305,1391.34
92781,-0.8966,1.4485,10.8038,1299,1391.34
92786,-0.8894,1.4808,10.7416,1303,1391.34
92791,-0.899,1.4688,10.7655,1300,1391.34
92796,-0.9158,1.5119,10.7607,1301,1391.34
92801,-0.9385,1.5658,10.8194,1301,1391.34
92806,-0.9301,1.5095,10.7919,1300,1391.34
92811,-0.9242,1.5119,10.7691,1302,1391.34
92816,-0.9038,1.4808,10.7619,1301,1391.34
92821,-0.9086,1.4844,10.7607,1300,1391.34
92826,-0.8775,1.476,10.7631,1303,1391.34
92831,-0.9254,1.5287,10.8146,1303,1391.34
92836,-0.9146,1.5335,10.7919,1302,1391.34
92841,-0.9637,1.5323,10.7931,1301,1391.34
92846,-0.9062,1.4593,10.7667,1301,1391.34
92851,-0.9445,1.4832,10.7571,1299,1391.34
92856,-0.8715,1.4449,10.8062,1303,1391.34
92861,-0.9385,1.4724,10.7955,1311,1391.34
92866,-0.8847,1.5071,10.8266,1299,1391.34
92871,-0.9206,1.5071,10.7739,1301,1391.34
92876,-0.8787,1.5299,10.7883,1303,1391.34
92881,-0.8942,1.5299,10.7536,1301,1391.34
92886,-0.8954,1.4784,10.7595,1303,1391.34
92891,-0.9206,1.4521,10.7093,1301,1391.34
92896,-0.9074,1.4796,10.8134,1301,1391.34
92901,-0.9373,1.4832,10.7356,1301,1391.34
92906,-0.9074,1.5299,10.7978,1299,1391.34
92911,-0.9098,1.5155,10.8014,1301,1391.34
92916,-0.8966,1.4988,10.8122,1301,1391.34
92921,-0.917,1.4904,10.7883,1303,1391.34
92926,-0.9254,1.506,10.7859,1301,1391.34
92931,-0.893,1.4509,10.7739,1293,1391.34
92936,-0.911,1.4964,10.7691,1301,1391.34
92941,-0.9254,1.506,10.7859,1300,1391.34
92946,-0.9146,1.5574,10.7751,1300,1391.34
92951,-0.929,1.5191,10.817,1301,1391.34
92956,-0.9182,1.5251,10.7643,1300,1391.34
92961,-0.9098,1.4964,10.8122,1299,1391.34
92966,-0.929,1.5,10.7703,1299,1391.34
92971,-0.9266,1.4688,10.7919,1303,1391.34
92976,-0.9242,1.4868,10.7727,1299,1391.34
92981,-0.9278,1.5239,10.7751,1300,1391.34
92986,-0.9505,1.506,10.7978,1301,1391.34
92991,-0.929,1.494,10.7727,1301,1391.34
92996,-0.8835,1.5071,10.7188,1301,1391.34
93001,-0.9206,1.4796,10.7967,1299,1391.34
93006,-0.9074,1.5095,10.7859,1300,1391.34
93011,-0.911,1.5335,10.7703,1300,1391.34
93016,-0.9038,1.5239,10.8278,1301,1391.34
93021,-0.9421,1.5179,10.7751,1298,1391.34
93026,-0.9661,1.4928,10.8218,1292,1391.34
93031,-0.8942,1.4772,10.7404,1302,1391.34
93036,-0.9254,1.5012,10.7715,1301,1391.34
93041,-0.9014,1.4832,10.7883,1300,1391.34
93046,-0.9493,1.4916,10.8362,1301,1391.34
93051,-0.8894,1.5419,10.823,1301,1391.34
93056,-0.929,1.5383,10.8457,1293,1391.34
93061,-0.899,1.4976,10.7847,1303,1391.34
93066,-0.8775,1.4832,10.7775,1301,1391.34
93071,-0.8942,1.4868,10.7811,1303,1391.34
93076,-0.9661,1.4724,10.7619,1303,1391.34
93081,-0.9134,1.5083,10.8182,1311,1391.34
93086,-0.8954,1.5191,10.8014,1301,1391.34
93091,-0.9349,1.5455,10.8505,1303,1391.34
93096,-0.9421,1.5167,10.7835,1303,1391.34
93101,-0.9469,1.4641,10.8206,1298,1391.34
93106,-0.9038,1.4629,10.7787,1301,1391.34
93111,-0.9445,1.4664,10.7799,1300,1391.34
93116,-0.9062,1.4988,10.7919,1299,1391.34
93121,-0.9433,1.494,10.7763,1301,1391.34
93126,-0.9266,1.5251,10.8206,1301,1391.34
93131,-0.9337,1.506,10.8014,1302,1391.34
93136,-0.9409,1.5239,10.7978,1301,1391.34
93141,-0.923,1.4664,10.7931,1301,1391.34
93146,-0.9325,1.4964,10.7895,1301,1391.34
93151,-0.9146,1.4892,10.7667,1299,1391.34
93156,-0.9146,1.5095,10.811,1303,1391.34
93161,-0.9002,1.5215,10.8038,1299,1391.34
93166,-0.9373,1.5143,10.7907,1300,1391.34
93171,-0.8906,1.4988,10.7715,1301,1391.34
93176,-0.9301,1.5119,10.7883,1293,1391.34
93181,-0.9266,1.4916,10.756,1304,1391.34
93186,-0.9505,1.5095,10.7955,1301,1391.34
93191,-0.911,1.5143,10.805,1301,1391.34
93196,-0.9074,1.5107,10.8098,1299,1391.34
93201,-0.9026,1.5526,10.8074,1302,1391.34
93206,-0.9206,1.5239,10.7715,1301,1391.34
93211,-0.9218,1.5311,10.8362,1299,1391.34
93216,-0.8583,1.4712,10.8086,1299,1391.34
93221,-0.8942,1.5048,10.7871,1301,1391.34
93226,-0.8775,1.4748,10.7919,1302,1391.34
93231,-0.9433,1.5311,10.7978,1303,1391.34
93236,-0.9014,1.5467,10.7883,1303,1391.34
93241,-0.9541,1.5131,10.8098,1301,1391.34
93246,-0.917,1.5203,10.7835,1299,1391.34
93251,-0.929,1.5119,10.7787,1303,1391.34
93256,-0.911,1.4988,10.8314,1301,1391.34
93261,-0.9445,1.4892,10.7847,1301,1391.34
93266,-0.9134,1.5048,10.7859,1302,1391.34
93271,-0.9481,1.5479,10.7883,1303,1391.34
93276,-0.9038,1.5407,10.7907,1308,1391.34
93281,-0.9038,1.4617,10.829,1299,1391.34
93286,-0.9158,1.5155,10.7703,1295,1391.34
93291,-0.9194,1.482,10.8122,1303,1391.34
93296,-0.9445,1.4856,10.7775,1301,1391.34
93301,-0.8859,1.5048,10.811,1302,1391.34
93306,-0.905,1.5275,10.7967,1301,1391.34
93311,-0.911,1.5371,10.7763,1301,1391.34
93316,-0.9038,1.5167,10.744,1303,1391.34
93321,-0.9337,1.5179,10.7907,1299,1391.34
93326,-0.9397,1.4353,10.7117,1303,1391.34
93331,-0.9301,1.4712,10.799,1299,1391.34
93336,-0.8859,1.4916,10.7847,1303,1391.34
93341,-0.9385,1.5311,10.7763,1301,1391.34
93346,-0.911,1.5227,10.7236,1300,1391.34
93351,-0.9349,1.5083,10.7224,1301,1391.34
93356,-0.917,1.488,10.799,1301,1391.34
93361,-0.9182,1.4736,10.7679,1295,1391.34
93366,-0.917,1.4497,10.8278,1301,1391.34
93371,-0.9074,1.5012,10.7859,1303,1391.34
93376,-0.9373,1.4988,10.8266,1307,1391.34
93381,-0.8847,1.5311,10.8206,1301,1391.34
93386,-0.929,1.5071,10.7787,1301,1391.34
93391,-0.911,1.5024,10.8134,1304,1391.34
93396,-0.9373,1.4784,10.7763,1303,1391.34
93401,-0.9373,1.4784,10.7619,1301,1391.34
93406,-0.9002,1.4964,10.7643,1303,1391.34
93411,-0.9182,1.5095,10.8074,1301,1391.34
93416,-0.9086,1.5131,10.7871,1303,1391.34
93421,-0.9373,1.5036,10.7727,1303,1391.34
93426,-0.9218,1.482,10.7428,1301,1391.34
93431,-0.9206,1.4868,10.7607,1301,1391.34
93436,-0.911,1.4676,10.805,1301,1391.34
93441,-0.9385,1.4916,10.8553,1303,1391.34
93446,-0.9074,1.4868,10.8146,1303,1391.34
93451,-0.9481,1.5311,10.7679,1295,1391.34
93456,-0.9266,1.4904,10.8194,1304,1391.34
93461,-0.9146,1.5179,10.738,1288,1391.34
93466,-0.917,1.476,10.8062,1303,1391.34
93471,-0.899,1.4904,10.7847,1302,1391.34
93476,-0.9517,1.4856,10.811,1301,1391.34
93481,-0.9002,1.5024,10.7871,1302,1391.34
93486,-0.9397,1.5143,10.799,1304,1391.34
93491,-0.929,1.5263,10.8386,1301,1391.34
93496,-0.9278,1.4748,10.7404,1293,1391.34
93501,-0.9254,1.4581,10.7895,1299,1391.34
93506,-0.9325,1.488,10.7571,1299,1391.34
93511,-0.9062,1.4844,10.7895,1300,1391.34
93516,-0.8655,1.5036,10.799,1300,1391.34
93521,-0.893,1.5179,10.8278,1303,1391.34
93526,-0.911,1.5119,10.8218,1294,1391.34
93531,-0.9361,1.5095,10.8266,1301,1391.34
93536,-0.9194,1.5,10.8038,1303,1391.34
93541,-0.9481,1.4688,10.738,1303,1391.34
93546,-0.8811,1.5048,10.7919,1301,1391.34
93551,-0.9098,1.4928,10.7871,1303,1391.34
93556,-0.9206,1.5335,10.8386,1303,1391.34
93561,-0.9086,1.5155,10.8062,1301,1391.34
93566,-0.9517,1.5155,10.7739,1301,1391.34
93571,-0.911,1.506,10.7931,1301,1391.34
93576,-0.9313,1.4784,10.7955,1301,1391.34
93581,-0.9014,1.4796,10.7691,1301,1391.34
93586,-0.9517,1.4928,10.7045,1301,1391.34
93591,-0.9134,1.5431,10.8038,1301,1391.34
93596,-0.9122,1.5071,10.8134,1295,1391.34
93601,-0.9062,1.5311,10.8326,1301,1391.34
93606,-0.9278,1.5012,10.756,1301,1391.34
93611,-0.9313,1.5048,10.7895,1302,1391.34
93616,-0.905,1.4784,10.7595,1303,1391.34
93621,-0.9637,1.5383,10.75,1303,1391.34
93626,-0.8775,1.5012,10.7978,1301,1391.34
93631,-0.9242,1.494,10.8218,1302,1391.34
93636,-0.9062,1.5371,10.7787,1303,1391.34
93641,-0.9074,1.5036,10.7775,1301,1391.34
93646,-0.9062,1.4976,10.7751,1294,1391.34
93651,-0.9254,1.5095,10.7919,1300,1391.34
93656,-0.8954,1.488,10.7919,1303,1391.34
93661,-0.9385,1.5191,10.8242,1301,1391.34
93666,-0.9337,1.5155,10.8086,1303,1391.34
93671,-0.9301,1.5251,10.8074,1301,1391.34
93676,-0.9613,1.4988,10.7464,1301,1391.34
93681,-0.9026,1.4976,10.799,1295,1391.34
93686,-0.9337,1.4808,10.7691,1301,1391.34
93691,-0.9337,1.5167,10.7967,1302,1391.34
93696,-0.9146,1.4916,10.7296,1303,1391.34
93701,-0.9206,1.5191,10.7524,1301,1391.34
93706,-0.8847,1.5036,10.7871,1301,1391.34
93711,-0.9337,1.5143,10.7595,1300,1391.34
93716,-0.8978,1.4856,10.8254,1303,1391.34
93721,-0.9266,1.4892,10.8218,1301,1391.34
93726,-0.911,1.4772,10.8074,1303,1391.34
93731,-0.9517,1.4988,10.7907,1303,1391.34
93736,-0.917,1.5203,10.8038,1301,1391.34
93741,-0.893,1.5323,10.8146,1299,1391.34
93746,-0.9218,1.5143,10.7703,1304,1391.34
93751,-0.8847,1.5036,10.7955,1303,1391.34
93756,-0.9254,1.4892,10.7571,1305,1391.34
93761,-0.8966,1.4796,10.7967,1303,1391.34
93766,-0.9278,1.5443,10.7667,1299,1391.34
93771,-0.9206,1.5479,10.823,1301,1391.34
93776,-0.8966,1.4988,10.7548,1303,1391.34
93781,-0.8954,1.5143,10.7895,1300,1391.34
93786,-0.8535,1.4473,10.8002,1303,1391.34
93791,-0.9266,1.4952,10.8421,1301,1391.34
93796,-0.8978,1.5191,10.805,1301,1391.34
93801,-0.923,1.4676,10.7727,1289,1391.34
93806,-0.9158,1.5287,10.8158,1295,1391.34
93811,-0.9182,1.5275,10.7727,1301,1391.34
93816,-0.9014,1.5179,10.8122,1301,1391.34
93821,-0.9409,1.506,10.8122,1300,1391.34
93826,-0.9337,1.5107,10.8074,1300,1391.34
93831,-0.8727,1.4892,10.7931,1301,1391.34
93836,-0.9206,1.4928,10.8062,1303,1391.34
93841,-0.8835,1.5107,10.8397,1303,1391.34
93846,-0.923,1.4796,10.8517,1301,1391.34
93851,-0.929,1.5191,10.8014,1301,1391.34
93856,-0.9038,1.4928,10.7571,1301,1391.34
93861,-0.917,1.4976,10.7847,1302,1391.34
93866,-0.8918,1.5024,10.8074,1303,1391.34
93871,-0.9337,1.5155,10.7619,1302,1391.34
93876,-0.9026,1.4976,10.7799,1302,1391.34
93881,-0.9098,1.5455,10.7811,1300,1391.34
93886,-0.8739,1.4964,10.8038,1311,1391.34
93891,-0.9122,1.5071,10.7607,1301,1391.34
93896,-0.9194,1.5239,10.8122,1301,1391.34
93901,-0.9182,1.4856,10.7763,1301,1391.34
93906,-0.8954,1.4988,10.7931,1299,1391.34
93911,-0.905,1.4952,10.8014,1303,1391.34
93916,-0.9373,1.5407,10.7607,1303,1391.34
93921,-0.929,1.5263,10.805,1303,1391.34
93926,-0.8978,1.5443,10.8038,1303,1391.34
93931,-0.911,1.4916,10.7727,1299,1391.34
93936,-0.9457,1.4653,10.7619,1301,1391.34
93941,-0.9445,1.5287,10.7883,1299,1391.34
93946,-0.9457,1.5203,10.8158,1301,1391.34
93951,-0.9433,1.5107,10.7763,1300,1391.34
93956,-0.8906,1.5323,10.7679,1303,1391.34
93961,-0.9385,1.5179,10.8074,1301,0.0
93966,-0.8978,1.5167,10.8254,1305,0.0
93971,-0.9361,1.476,10.7871,1301,0.0
93976,-0.917,1.5,10.7416,1303,0.0
93981,-0.9062,1.476,10.7631,1301,0.0
93986,-0.9254,1.5251,10.7571,1300,0.0
93991,-0.9385,1.5455,10.835,1301,0.0
93996,-0.9649,1.5395,10.7571,1303,0.0
94001,-0.929,1.4928,10.8086,1303,0.0
94006,-0.9313,1.4569,10.7763,1299,0.0
94011,-0.9074,1.5012,10.7811,1299,0.0
94016,-0.8978,1.4748,10.7488,1303,0.0
94021,-0.9062,1.5287,10.7823,1301,0.0
94026,-0.8871,1.5287,10.7679,1301,0.0
94031,-0.9361,1.5275,10.8397,1301,0.0
94036,-0.8894,1.4976,10.8338,1304,0.0
94041,-0.9062,1.4772,10.7871,1300,0.0
94046,-0.917,1.4976,10.7763,1301,0.0
94051,-0.9098,1.4976,10.8062,1301,0.0
94056,-0.8942,1.5095,10.8074,1303,0.0
94061,-0.8775,1.5371,10.7943,1301,0.0
94066,-0.917,1.5526,10.8026,1303,0.0
94071,-0.8871,1.5479,10.829,1301,0.0
94076,-0.905,1.4952,10.7811,1302,0.0
94081,-0.8906,1.4988,10.7943,1300,0.0
94086,-0.9481,1.4976,10.7428,1301,0.0
94091,-0.9182,1.5095,10.7883,1304,0.0
94096,-0.9074,1.5024,10.823,1301,0.0
94101,-0.9505,1.5215,10.8457,1303,0.0
94106,-0.9373,1.5143,10.8038,1303,0.0
94111,-0.9505,1.5179,10.7284,1303,0.0
94116,-0.8918,1.4305,10.7643,1299,0.0
94121,-0.9517,1.4653,10.7835,1303,0.0
94126,-0.9194,1.506,10.8002,1301,0.0
94131,-0.9146,1.4856,10.8302,1302,0.0
94136,-0.9301,1.5335,10.8386,1301,0.0
94141,-0.911,1.5311,10.7679,1302,0.0
94146,-0.9445,1.5155,10.8158,1303,0.0
94151,-0.9134,1.4509,10.7667,1303,0.0
94156,-0.9361,1.4724,10.744,1300,0.0
94161,-0.8823,1.4832,10.8637,1302,0.0
94166,-0.9397,1.4736,10.8146,1305,0.0
94171,-0.9337,1.5646,10.7811,1302,0.0
94176,-0.9158,1.5239,10.7703,1304,0.0
94181,-0.9278,1.4904,10.8122,1301,0.0
94186,-0.9182,1.4796,10.7883,1303,0.0
94191,-0.9397,1.4856,10.756,1301,0.0
94196,-0.8894,1.4784,10.7727,1303,0.0
94201,-0.9026,1.4964,10.7703,1301,0.0
94206,-0.9397,1.5419,10.8002,1303,0.0
94211,-0.9002,1.5143,10.7619,1302,0.0
94216,-0.9266,1.5299,10.8457,1303,0.0
94221,-0.8942,1.4581,10.744,1301,0.0
94226,-0.9278,1.4712,10.7775,1304,0.0
94231,-0.9086,1.5024,10.7619,1301,0.0
94236,-0.8918,1.5071,10.805,1303,0.0
94241,-0.8918,1.4868,10.7751,1305,0.0
94246,-0.9182,1.47,10.7775,1295,0.0
94251,-0.9242,1.5431,10.8242,1302,0.0
94256,-0.8966,1.4892,10.7548,1305,0.0
94261,-0.911,1.5143,10.7811,1302,0.0
94266,-0.9038,1.4712,10.7524,1303,0.0
94271,-0.9194,1.5071,10.7595,1300,0.0
94276,-0.8966,1.5179,10.8098,1303,0.0
94281,-0.911,1.5455,10.8134,1303,0.0
94286,-0.9242,1.4952,10.8182,1301,0.0
94291,-0.8871,1.4844,10.7955,1309,0.0
94296,-0.9349,1.5155,10.7943,1303,0.0
94301,-0.9098,1.4808,10.7392,1303,0.0
94306,-0.9313,1.4976,10.7787,1301,0.0
94311,-0.905,1.5479,10.8086,1303,0.0
94316,-0.8871,1.506,10.744,1302,0.0
94321,-0.9206,1.5538,10.835,1303,0.0
94326,-0.911,1.5012,10.8182,1299,0.0
94331,-0.8978,1.5323,10.7775,1303,0.0
94336,-0.9421,1.4641,10.7859,1303,0.0
94341,-0.9433,1.4724,10.7883,1303,0.0
94346,-0.8859,1.4784,10.8086,1301,0.0
94351,-0.9313,1.4976,10.7859,1301,0.0
94356,-0.9098,1.5167,10.8553,1301,0.0
94361,-0.9074,1.5359,10.7931,1301,0.0
94366,-0.8739,1.4353,10.7847,1300,0.0
94371,-0.9086,1.476,10.7296,1301,0.0
94376,-0.9397,1.482,10.811,1303,0.0
94381,-0.9194,1.5215,10.829,1303,0.0
94386,-0.9577,1.5143,10.7847,1302,0.0
94391,-0.9026,1.5431,10.8242,1300,0.0
94396,-0.9505,1.5036,10.7799,1301,0.0
94401,-0.9337,1.5119,10.8206,1304,0.0
94406,-0.9254,1.4114,10.7452,1301,0.0
94411,-0.8859,1.4988,10.7655,1303,0.0
94416,-0.8823,1.5167,10.8062,1302,0.0
94421,-0.9278,1.5335,10.811,1292,0.0
94426,-0.929,1.5107,10.8386,1303,0.0
94431,-0.9433,1.5514,10.7703,1303,0.0
94436,-0.905,1.488,10.7739,1303,0.0
94441,-0.9313,1.4724,10.8014,1300,0.0
94446,-0.9062,1.4904,10.7763,1303,0.0
94451,-0.9254,1.5347,10.7619,1303,0.0
94456,-0.9242,1.476,10.7895,1303,0.0
94461,-0.8894,1.5131,10.8086,1301,0.0
94466,-0.9266,1.5371,10.7907,1302,0.0
94471,-0.911,1.5012,10.8026,1302,0.0
94476,-0.9409,1.4904,10.7978,1304,0.0
94481,-0.9469,1.5131,10.7943,1300,0.0
94486,-0.929,1.4784,10.7763,1302,0.0
94491,-0.9529,1.4904,10.7907,1305,0.0
94496,-0.9218,1.549,10.7931,1304,0.0
94501,-0.9373,1.5143,10.7703,1303,0.0
94506,-0.893,1.4772,10.8314,1303,0.0
94511,-0.8978,1.4593,10.7978,1301,0.0
94516,-0.9206,1.4581,10.7835,1303,0.0
94521,-0.9457,1.506,10.7524,1301,0.0
94526,-0.9266,1.5155,10.7811,1302,0.0
94531,-0.8906,1.5191,10.7619,1302,0.0
94536,-0.9158,1.5,10.7679,1303,0.0
94541,-0.9206,1.47,10.8062,1301,0.0
94546,-0.911,1.4832,10.7847,1299,0.0
94551,-0.9098,1.5227,10.7823,1305,0.0
94556,-0.8607,1.4641,10.7955,1303,0.0
94561,-0.9146,1.5215,10.8146,1299,0.0
94566,-0.9002,1.5215,10.8014,1304,0.0
94571,-0.9469,1.5359,10.8146,1293,0.0
94576,-0.905,1.5083,10.7871,1303,0.0
94581,-0.9134,1.4964,10.7967,1303,0.0
94586,-0.905,1.4964,10.7595,1303,0.0
94591,-0.8978,1.4509,10.7081,1302,0.0
94596,-0.9218,1.494,10.7871,1305,0.0
94601,-0.9325,1.5143,10.829,1299,0.0
94606,-0.9098,1.5419,10.8326,1301,0.0
94611,-0.9158,1.5263,10.8194,1303,0.0
94616,-0.917,1.5287,10.7799,1303,0.0
94621,-0.8954,1.5203,10.7823,1293,0.0
94626,-0.9313,1.4509,10.7153,1301,0.0
94631,-0.9278,1.5048,10.7859,1303,0.0
94636,-0.9074,1.5048,10.7583,1303,0.0
94641,-0.9349,1.5754,10.8206,1301,0.0
94646,-0.8655,1.5239,10.7727,1301,0.0
94651,-0.9146,1.5,10.7607,1299,0.0
94656,-0.9373,1.5347,10.7883,1305,0.0
94661,-0.9445,1.4557,10.7895,1301,0.0
94666,-0.8906,1.5131,10.835,1304,0.0
94671,-0.8847,1.5347,10.7919,1303,0.0
94676,-0.929,1.5275,10.7847,1303,0.0
94681,-0.9158,1.5467,10.8074,1303,0.0
94686,-0.9194,1.5107,10.7715,1303,0.0
94691,-0.9026,1.4928,10.8134,1305,0.0
94696,-0.8954,1.494,10.7739,1303,0.0
94701,-0.8966,1.5275,10.7607,1299,0.0
94706,-0.9242,1.482,10.7679,1299,0.0
94711,-0.9038,1.5215,10.7978,1301,0.0
94716,-0.899,1.5251,10.7955,1305,0.0
94721,-0.9697,1.5191,10.7943,1299,0.0
94726,-0.8966,1.5048,10.8002,1303,0.0
94731,-0.9158,1.5012,10.7667,1303,0.0
94736,-0.9146,1.5407,10.7895,1303,0.0
94741,-0.9074,1.5167,10.7775,1301,0.0
94746,-0.899,1.5526,10.8014,1303,0.0
94751,-0.8823,1.5479,10.7679,1299,0.0
94756,-0.9086,1.5359,10.7919,1303,0.0
94761,-0.8978,1.476,10.8098,1303,0.0
94766,-0.9349,1.4952,10.7332,1302,0.0
94771,-0.8715,1.5036,10.7476,1301,0.0
94776,-0.9385,1.494,10.7619,1307,0.0
94781,-0.9481,1.5359,10.7476,1301,0.0
94786,-0.9002,1.476,10.7691,1304,0.0
94791,-0.9313,1.4904,10.8242,1301,0.0
94796,-0.9098,1.5024,10.8098,1304,0.0
94801,-0.917,1.5036,10.7428,1301,0.0
94806,-0.8942,1.4569,10.7464,1301,0.0
94811,-0.9301,1.4904,10.8014,1304,0.0
94816,-0.917,1.5119,10.7799,1303,0.0
94821,-0.9074,1.506,10.7919,1303,0.0
94826,-0.9182,1.549,10.7751,1303,0.0
94831,-0.911,1.5131,10.8613,1303,0.0
94836,-0.9146,1.5,10.7847,1303,0.0
94841,-0.9266,1.4772,10.7907,1303,0.0
94846,-0.8787,1.4952,10.7548,1301,0.0
94851,-0.9182,1.5167,10.7667,1303,0.0
94856,-0.9086,1.5155,10.8038,1303,0.0
94861,-0.9445,1.5514,10.8206,1302,0.0
94866,-0.9218,1.4892,10.7943,1303,0.0
94871,-0.9385,1.4988,10.7643,1301,0.0
94876,-0.9074,1.5131,10.7727,1305,0.0
94881,-0.9385,1.4988,10.7823,1301,0.0
94886,-0.9266,1.5395,10.7919,1299,0.0
94891,-0.9266,1.5622,10.7631,1301,0.0
94896,-0.9098,1.5479,10.8134,1302,0.0
94901,-0.8954,1.4928,10.7512,1301,0.0
94906,-0.9278,1.5119,10.7452,1301,0.0
94911,-0.9194,1.5263,10.7847,1301,0.0
94916,-0.9182,1.5443,10.7356,1301,0.0
94921,-0.9182,1.5,10.8158,1303,0.0
94926,-0.9373,1.4676,10.756,1301,0.0
94931,-0.905,1.4988,10.7727,1299,0.0
94936,-0.8799,1.4892,10.8134,1303,0.0
94941,-0.9541,1.5191,10.811,1303,0.0
94946,-0.9194,1.4617,10.7667,1303,0.0
94951,-0.9014,1.4605,10.7512,1301,0.0
94956,-0.905,1.4796,10.8374,1303,0.0
94961,-0.9158,1.5251,10.7787,1301,0.0
94966,-0.9349,1.555,10.8326,1302,0.0
94971,-0.9278,1.5419,10.8038,1299,0.0
94976,-0.9541,1.4964,10.7679,1301,0.0
94981,-0.8835,1.4784,10.7332,1299,0.0
94986,-0.9517,1.4401,10.7811,1305,0.0
94991,-0.9242,1.5083,10.817,1303,0.0
94996,-0.8715,1.5155,10.8122,1303,0.0
95001,-0.9098,1.5479,10.8218,1301,0.0
95006,-0.8739,1.5431,10.8086,1304,0.0
95011,-0.9146,1.5155,10.805,1301,0.0
95016,-0.8918,1.506,10.8242,1303,0.0
95021,-0.9385,1.4856,10.7428,1301,0.0
95026,-0.923,1.4808,10.7978,1301,0.0
95031,-0.9002,1.4641,10.7536,1301,0.0
95036,-0.9026,1.5,10.8038,1304,0.0
95041,-0.9158,1.5275,10.75,1301,0.0
95046,-0.9218,1.5071,10.7811,1305,0.0
95051,-0.8894,1.4808,10.7859,1305,0.0
95056,-0.9134,1.4425,10.7727,1298,0.0
95061,-0.9445,1.4928,10.8098,1303,0.0
95066,-0.9445,1.4664,10.7739,1303,0.0
95071,-0.8559,1.5227,10.8517,1290,0.0
95076,-0.923,1.5071,10.8469,1303,0.0
95081,-0.9254,1.555,10.726,1300,0.0
95086,-0.8882,1.4976,10.7751,1303,0.0
95091,-0.9553,1.4928,10.7691,1301,0.0
95096,-0.9218,1.4772,10.7799,1304,0.0
95101,-0.911,1.5335,10.7524,1303,0.0
95106,-0.9038,1.5131,10.7655,1303,0.0
95111,-0.9301,1.4856,10.7715,1301,0.0
95116,-0.9098,1.5239,10.7859,1299,0.0
95121,-0.899,1.4724,10.7811,1303,0.0
95126,-0.9146,1.488,10.7512,1299,0.0
95131,-0.9182,1.4664,10.7931,1301,0.0
95136,-0.9182,1.4772,10.7583,1304,0.0
95141,-0.8823,1.5203,10.7943,1304,0.0
95146,-0.8799,1.4844,10.8158,1301,0.0
95151,-0.9098,1.5251,10.799,1299,0.0
95156,-0.8942,1.4904,10.8086,1304,0.0
95161,-0.9337,1.4952,10.7811,1298,0.0
95166,-0.9254,1.4952,10.8433,1301,0.0
95171,-0.9182,1.5071,10.8014,1304,0.0
95176,-0.9469,1.5359,10.7943,1301,0.0
95181,-0.9385,1.5263,10.7943,1297,0.0
95186,-0.9397,1.5131,10.8062,1301,0.0
95191,-0.9409,1.5203,10.7895,1301,0.0
95196,-0.9301,1.482,10.7775,1302,0.0
95201,-0.899,1.4832,10.7799,1303,0.0
95206,-0.9014,1.4676,10.7548,1305,0.0
95211,-0.9361,1.4748,10.8074,1303,0.0
95216,-0.9194,1.4952,10.7883,1304,0.0
95221,-0.9493,1.555,10.7715,1302,0.0
95226,-0.9158,1.5155,10.8218,1304,0.0
95231,-0.9409,1.5024,10.8098,1299,0.0
95236,-0.905,1.4796,10.7715,1305,0.0
95241,-0.9301,1.5036,10.811,1299,0.0
95246,-0.8894,1.5095,10.8314,1304,0.0
95251,-0.9349,1.4964,10.7548,1303,0.0
95256,-0.9206,1.5239,10.7715,1304,0.0
95261,-0.9086,1.5119,10.799,1302,0.0
95266,-0.8978,1.4952,10.7943,1305,0.0
95271,-0.8871,1.4784,10.7978,1302,0.0
95276,-0.923,1.4856,10.8146,1303,0.0
95281,-0.9002,1.5131,10.738,1302,0.0
95286,-0.9014,1.5107,10.7512,1301,0.0
95291,-0.923,1.5526,10.7919,1303,0.0
95296,-0.9182,1.4844,10.7703,1304,0.0
95301,-0.9445,1.5107,10.799,1304,0.0
95306,-0.9086,1.4605,10.823,1301,0.0
95311,-0.917,1.4952,10.7823,1300,0.0
95316,-0.9194,1.5263,10.756,1303,0.0
95321,-0.9337,1.5012,10.7583,1301,0.0
95326,-0.8715,1.5323,10.8026,1302,0.0
95331,-0.8811,1.5071,10.7835,1303,0.0
95336,-0.9278,1.4724,10.8445,1305,0.0
95341,-0.9014,1.4868,10.7907,1301,0.0
95346,-0.9182,1.494,10.7751,1305,0.0
95351,-0.8918,1.5024,10.7907,1303,0.0
95356,-0.8954,1.4772,10.7787,1305,0.0
95361,-0.9218,1.5083,10.805,1303,0.0
95366,-0.9385,1.5239,10.732,1299,0.0
95371,-0.917,1.5443,10.823,1303,0.0
95376,-0.8871,1.5048,10.8242,1304,0.0
95381,-0.9493,1.4856,10.7799,1300,0.0
95386,-0.8859,1.494,10.7835,1303,0.0
95391,-0.9433,1.4868,10.7811,1302,0.0
95396,-0.9325,1.5179,10.8026,1304,0.0
95401,-0.8882,1.5263,10.7727,1303,0.0
95406,-0.8894,1.5227,10.7943,1303,0.0
95411,-0.9146,1.4916,10.7476,1301,0.0
95416,-0.9349,1.4808,10.75,1304,0.0
95421,-0.9158,1.4976,10.7512,1301,0.0
95426,-0.9325,1.4581,10.7811,1303,0.0
95431,-0.9242,1.5383,10.8098,1301,0.0
95436,-0.9349,1.5155,10.8362,1303,0.0
95441,-0.9218,1.5455,10.8338,1303,0.0
95446,-0.9062,1.5203,10.7799,1303,0.0
95451,-0.9134,1.4808,10.7739,1303,0.0
95456,-0.9122,1.4904,10.7943,1303,0.0
95461,-0.9601,1.4892,10.7775,1301,0.0
95466,-0.9194,1.549,10.8194,1301,0.0
95471,-0.9062,1.5359,10.7883,1303,0.0
95476,-0.9086,1.494,10.7715,1301,0.0
95481,-0.9014,1.4856,10.7775,1302,0.0
95486,-0.8978,1.5012,10.7883,1302,0.0
95491,-0.8583,1.4772,10.817,1300,0.0
95496,-0.9457,1.47,10.7727,1303,0.0
95501,-0.9278,1.5419,10.7775,1303,0.0
95506,-0.9278,1.5036,10.823,1301,0.0
95511,-0.9002,1.5095,10.8314,1303,0.0
95516,-0.8799,1.4688,10.823,1303,0.0
95521,-0.9457,1.476,10.7847,1300,0.0
95526,-0.8811,1.4736,10.7296,1303,0.0
95531,-0.9026,1.5024,10.7248,1301,0.0
95536,-0.9242,1.5012,10.7919,1303,0.0
95541,-0.9158,1.5215,10.8242,1303,0.0
95546,-0.9182,1.5119,10.8278,1301,0.0
95551,-0.9218,1.4868,10.7919,1301,0.0
95556,-0.8978,1.5227,10.7691,1301,0.0
95561,-0.9134,1.4557,10.8086,1302,0.0
95566,-0.9708,1.5131,10.7464,1303,0.0
95571,-0.8966,1.5048,10.8134,1303,0.0
95576,-0.9146,1.5251,10.7727,1303,0.0
95581,-0.9301,1.5299,10.7919,1303,0.0
95586,-0.9266,1.5311,10.7978,1303,0.0
95591,-0.9577,1.5071,10.7871,1303,0.0
95596,-0.9098,1.4533,10.7895,1303,0.0
95601,-0.923,1.4653,10.7631,1303,0.0
95606,-0.8871,1.4988,10.7847,1302,0.0
95611,-0.9182,1.5048,10.8314,1302,0.0
95616,-0.9218,1.5407,10.7883,1304,0.0
95621,-0.917,1.4988,10.7883,1301,0.0
95626,-0.9086,1.488,10.7727,1302,0.0
95631,-0.8882,1.476,10.8134,1303,0.0
95636,-0.8811,1.476,10.7823,1306,0.0
95641,-0.9074,1.5215,10.7799,1305,0.0
95646,-0.9098,1.4664,10.7955,1303,0.0
